{"type": "FeatureCollection", "features": [{"type": "Feature", "properties": {"name": "La Durance"}, "geometry": {"type": "Polygon", "coordinates": [[[6.247179, 44.4621974], [6.2468754, 44.4621219], [6.2466495, 44.4620685], [6.2464197, 44.4622312], [6.2460827, 44.4622729], [6.2460296, 44.4623142], [6.245616, 44.4624487], [6.2448874, 44.4622854], [6.2446567, 44.4622278], [6.2445995, 44.4620779], [6.2444062, 44.462003], [6.2443152, 44.4619691], [6.2442874, 44.4619588], [6.2443162, 44.4618419], [6.2445234, 44.461716], [6.2444268, 44.4615416], [6.244069, 44.4616286], [6.2439083, 44.4616669], [6.2437778, 44.4616129], [6.2436406, 44.4615328], [6.2436042, 44.461474], [6.2436677, 44.4610244], [6.2436674, 44.4609927], [6.2433232, 44.4609477], [6.2430468, 44.4609274], [6.2428821, 44.4609109], [6.2427179, 44.460941], [6.2425309, 44.46099], [6.2423133, 44.4610875], [6.2423696, 44.4611991], [6.2423244, 44.4613038], [6.2422379, 44.4614305], [6.2421132, 44.4614972], [6.2420978, 44.461582], [6.2421114, 44.4616346], [6.2421756, 44.4616974], [6.2422195, 44.461727], [6.2423003, 44.4617703], [6.2424074, 44.4618394], [6.2424076, 44.4619118], [6.2417224, 44.4620717], [6.2416154, 44.4619866], [6.2415095, 44.4618425], [6.2413798, 44.4618803], [6.2411938, 44.4619584], [6.2410984, 44.4621409], [6.2409447, 44.4622198], [6.2406254, 44.4623054], [6.240434, 44.4623857], [6.2402663, 44.4624975], [6.2400427, 44.4625504], [6.2398939, 44.4626096], [6.2396757, 44.4626318], [6.2394201, 44.4626719], [6.2391582, 44.4627075], [6.2388901, 44.4627431], [6.2386782, 44.4627564], [6.2384847, 44.462779], [6.2383187, 44.4628075], [6.238248, 44.4628172], [6.2381084, 44.4628325], [6.2377205, 44.4628754], [6.2368225, 44.4628853], [6.2366791, 44.4629444], [6.2366127, 44.4629637], [6.2365599, 44.4629731], [6.2364709, 44.4629795], [6.2364162, 44.4629791], [6.2363687, 44.4629727], [6.2363245, 44.4629642], [6.236247, 44.462943], [6.2361651, 44.4630792], [6.2360892, 44.4632257], [6.2361961, 44.4632556], [6.2362456, 44.4632749], [6.2363061, 44.4633078], [6.2363459, 44.463331], [6.2364006, 44.4633745], [6.2364344, 44.4634092], [6.2364648, 44.4634505], [6.2364678, 44.4634554], [6.2365041, 44.4635144], [6.2365086, 44.4635175], [6.2365306, 44.4635489], [6.2365098, 44.4636552], [6.2364658, 44.4637715], [6.2364249, 44.4638237], [6.2363904, 44.4638437], [6.2363587, 44.4638509], [6.2363221, 44.4638448], [6.2363116, 44.463843], [6.2362884, 44.4638429], [6.2360942, 44.4639189], [6.2360456, 44.4639272], [6.2360036, 44.4639277], [6.23597, 44.463925], [6.2359266, 44.4639149], [6.2358204, 44.4641055], [6.2358441, 44.4641132], [6.2358721, 44.4641406], [6.2358315, 44.4641478], [6.235797, 44.4641465], [6.2357527, 44.4642319], [6.2357004, 44.4643293], [6.2357206, 44.4643384], [6.2357496, 44.4643652], [6.235719, 44.4643757], [6.2356759, 44.4643725], [6.235572, 44.4645543], [6.2356025, 44.464569], [6.2356233, 44.4645945], [6.2355865, 44.4646014], [6.2355494, 44.4645996], [6.2354573, 44.4647863], [6.2354909, 44.4648024], [6.2355373, 44.4648268], [6.2355893, 44.4648691], [6.2356003, 44.4648678], [6.2356123, 44.4648933], [6.235599, 44.4648948], [6.2356845, 44.4650359], [6.2358525, 44.4651038], [6.2362245, 44.465197], [6.2368414, 44.4653424], [6.2374411, 44.4655438], [6.2393244, 44.4660207], [6.2400622, 44.4662401], [6.2408825, 44.4663223], [6.2412732, 44.4663433], [6.2416654, 44.4663001], [6.2422456, 44.4662272], [6.2433741, 44.4660666], [6.2443006, 44.4660009], [6.2452104, 44.4659616], [6.2459797, 44.465932], [6.2463336, 44.4659129], [6.2469625, 44.4659845], [6.2476158, 44.4660852], [6.2481994, 44.4662311], [6.2488925, 44.4663302], [6.2495952, 44.4664313], [6.2500417, 44.4665543], [6.250575, 44.4667215], [6.2511027, 44.4669159], [6.2515104, 44.4670154], [6.2518828, 44.4671118], [6.2523175, 44.4671841], [6.2532484, 44.4672719], [6.2538812, 44.4673172], [6.254058, 44.4673117], [6.2542462, 44.4671801], [6.2543689, 44.467116], [6.2545189, 44.4670927], [6.2547367, 44.4670711], [6.2548623, 44.4671069], [6.2550062, 44.4671478], [6.2551201, 44.467252], [6.2552759, 44.4673823], [6.2553986, 44.4674655], [6.2562784, 44.4675645], [6.2566388, 44.4676318], [6.2570306, 44.4677151], [6.2585146, 44.4680933], [6.2588408, 44.4681757], [6.2591171, 44.4681907], [6.2592715, 44.468164], [6.2593661, 44.4681392], [6.2595398, 44.4680649], [6.25979, 44.4678404], [6.2600644, 44.4675823], [6.2603604, 44.4672748], [6.2607056, 44.4670018], [6.2609649, 44.4668911], [6.2612577, 44.4668295], [6.2615275, 44.4668377], [6.2621695, 44.4668738], [6.2629067, 44.4669292], [6.2644414, 44.4670191], [6.2656218, 44.4671836], [6.2677634, 44.4677016], [6.2682198, 44.4678799], [6.268478, 44.4679713], [6.2699358, 44.4684308], [6.2700309, 44.4682932], [6.270073, 44.4682613], [6.2701041, 44.4682486], [6.2701376, 44.468244], [6.2701737, 44.4682493], [6.2701967, 44.4682572], [6.2702191, 44.4682732], [6.2702342, 44.4682905], [6.2702411, 44.4683094], [6.2702279, 44.4683296], [6.2701807, 44.4683522], [6.2700224, 44.4686012], [6.2708892, 44.4688505], [6.2710427, 44.4685674], [6.2710527, 44.4685563], [6.2710712, 44.4685491], [6.271093, 44.468549], [6.2711035, 44.4685534], [6.2712715, 44.4687113], [6.2713261, 44.4686866], [6.2713756, 44.4686624], [6.2711586, 44.468377], [6.2711491, 44.4683629], [6.2711438, 44.4683476], [6.2711437, 44.4683348], [6.2711459, 44.468325], [6.2711504, 44.4683178], [6.271157, 44.4683122], [6.2711692, 44.4683102], [6.2711843, 44.4683091], [6.2712009, 44.468312], [6.271213, 44.4683146], [6.2712277, 44.4683196], [6.2713723, 44.4684036], [6.271411, 44.4683764], [6.2714582, 44.468343], [6.2712816, 44.4682003], [6.2712734, 44.4681916], [6.2712661, 44.4681802], [6.2712621, 44.4681697], [6.2712598, 44.4681607], [6.2712592, 44.4681524], [6.2712611, 44.4681458], [6.2712685, 44.4681407], [6.2712786, 44.468139], [6.2712878, 44.4681407], [6.2713071, 44.4681455], [6.2713172, 44.4681491], [6.2713478, 44.4681599], [6.2714294, 44.4680255], [6.2714263, 44.468004], [6.2714151, 44.4679862], [6.2712143, 44.4678788], [6.2712369, 44.4678445], [6.2716471, 44.4680203], [6.2717616, 44.4679247], [6.2711516, 44.4674311], [6.2711752, 44.4674139], [6.2714961, 44.4675727], [6.2715938, 44.4674837], [6.2713576, 44.4672801], [6.2713083, 44.4672377], [6.271271, 44.4672069], [6.2712297, 44.4671729], [6.2712149, 44.4671459], [6.271208, 44.4671215], [6.2712016, 44.4670918], [6.2711734, 44.467095], [6.2710832, 44.4670603], [6.2710532, 44.4670093], [6.2708129, 44.4669488], [6.2706727, 44.466778], [6.27059, 44.4666656], [6.2705349, 44.4665657], [6.2704223, 44.4665207], [6.2703032, 44.4663696], [6.2701234, 44.4662895], [6.2700112, 44.4662227], [6.2698491, 44.466196], [6.2697868, 44.4660982], [6.2696871, 44.4660537], [6.269658, 44.466025], [6.2696003, 44.4660193], [6.2695, 44.4660454], [6.2694156, 44.4660151], [6.2692818, 44.4659914], [6.2691197, 44.4659736], [6.2689826, 44.4659469], [6.268914, 44.4658579], [6.2688579, 44.46576], [6.2688018, 44.4656933], [6.2686709, 44.4657155], [6.268515, 44.4656799], [6.268409, 44.4656177], [6.2681846, 44.4654886], [6.2680163, 44.4654263], [6.2678293, 44.4653774], [6.2676672, 44.4654041], [6.2674926, 44.4653996], [6.2673617, 44.4653196], [6.2672432, 44.4652528], [6.2670874, 44.4651994], [6.2669128, 44.4651994], [6.2667445, 44.4652083], [6.2665575, 44.4651505], [6.2663642, 44.4651015], [6.2662707, 44.4650348], [6.2661834, 44.4649725], [6.2660587, 44.4649058], [6.2659278, 44.4648524], [6.2656909, 44.4647768], [6.2654416, 44.4647234], [6.2652545, 44.4646967], [6.2650114, 44.4647234], [6.2639413, 44.4648195], [6.2638198, 44.4648006], [6.2638009, 44.4647296], [6.2638983, 44.464678], [6.2641814, 44.4646282], [6.2641432, 44.4645364], [6.2639615, 44.4645739], [6.2636437, 44.4645941], [6.2633109, 44.4646643], [6.2631536, 44.4647056], [6.2629892, 44.4646846], [6.2627671, 44.4646877], [6.2625218, 44.4646704], [6.2622896, 44.4646622], [6.2620365, 44.4646665], [6.2618251, 44.4646509], [6.2616086, 44.4646205], [6.2614953, 44.4646299], [6.2612784, 44.4645707], [6.2610344, 44.4644721], [6.2608314, 44.4644033], [6.2605924, 44.464352], [6.260466, 44.4643187], [6.2603562, 44.4643929], [6.260246, 44.4644925], [6.2600122, 44.4645618], [6.2598869, 44.4645587], [6.2597575, 44.4645539], [6.2595973, 44.4645509], [6.2594302, 44.4645142], [6.2592884, 44.4644475], [6.2592198, 44.4643763], [6.2591762, 44.4642428], [6.2591762, 44.4641183], [6.2591513, 44.4640115], [6.258958, 44.4639358], [6.2587273, 44.4638869], [6.2585715, 44.4638113], [6.2583844, 44.4637], [6.2582847, 44.4636333], [6.258185, 44.4635977], [6.2580914, 44.4635621], [6.2579106, 44.463531], [6.2578109, 44.4634776], [6.257574, 44.4633886], [6.2574119, 44.4633485], [6.2572374, 44.4632818], [6.257069, 44.4632284], [6.2569069, 44.4631617], [6.2567823, 44.4630816], [6.2565828, 44.4630104], [6.2564207, 44.4629436], [6.2561838, 44.4628413], [6.2559967, 44.4627301], [6.2558721, 44.4626544], [6.2558097, 44.4625832], [6.2557536, 44.4624987], [6.2556601, 44.4624275], [6.2554918, 44.4623964], [6.2553048, 44.4623519], [6.2551925, 44.4623074], [6.254912, 44.4622184], [6.2546667, 44.4621216], [6.2544325, 44.4620447], [6.2542948, 44.4620315], [6.2541016, 44.4619826], [6.2539582, 44.4619114], [6.2538085, 44.4618313], [6.2535592, 44.4617201], [6.2534345, 44.4616355], [6.2532225, 44.4615821], [6.2530483, 44.4615372], [6.2529027, 44.4614665], [6.2526072, 44.4614046], [6.2523998, 44.4614491], [6.2522625, 44.4614842], [6.2520879, 44.4614976], [6.2518635, 44.4614709], [6.2516951, 44.4614086], [6.2515144, 44.461373], [6.2513523, 44.4613463], [6.2512214, 44.4612707], [6.2510967, 44.461195], [6.2510032, 44.4612128], [6.2509283, 44.4612306], [6.2507787, 44.4611817], [6.2507413, 44.4611238], [6.2506416, 44.4611105], [6.2504545, 44.4611238], [6.25028, 44.4611149], [6.2502052, 44.4610215], [6.2501117, 44.460928], [6.2499496, 44.460888], [6.2498062, 44.4609325], [6.2497438, 44.4610393], [6.2494719, 44.4609242], [6.2492654, 44.4609439], [6.249061, 44.4610672], [6.2489424, 44.4612637], [6.2487504, 44.461352], [6.2485719, 44.4614397], [6.2484119, 44.4615627], [6.2482079, 44.4616016], [6.2480898, 44.4617303], [6.2479138, 44.4618179], [6.2478009, 44.4619107], [6.2474412, 44.4623546], [6.247179, 44.4621974]]]}}, {"type": "Feature", "properties": {"name": "Lac de Montpezat"}, "geometry": {"type": "Polygon", "coordinates": [[[6.0843376, 43.7355464], [6.084062, 43.7351489], [6.0839969, 43.7351615], [6.0838538, 43.7350452], [6.0836271, 43.7350133], [6.0834087, 43.7348177], [6.0832748, 43.7344898], [6.0831342, 43.7337834], [6.0827107, 43.7338535], [6.0825132, 43.7339231], [6.0823631, 43.7341103], [6.0823541, 43.7343024], [6.0822448, 43.7344504], [6.0821521, 43.7346524], [6.0817155, 43.7350721], [6.0815052, 43.7352037], [6.0812631, 43.7353934], [6.0812219, 43.7355154], [6.0814881, 43.7355929], [6.0816322, 43.7356918], [6.0817431, 43.735782], [6.0817558, 43.7359147], [6.0817384, 43.7360176], [6.081672, 43.7363307], [6.0818033, 43.7366164], [6.0820223, 43.736882], [6.0821005, 43.7369772], [6.0820258, 43.7371857], [6.0821314, 43.7373348], [6.0820672, 43.7374202], [6.0820189, 43.737672], [6.0819276, 43.737944], [6.0818201, 43.7382763], [6.0817686, 43.7384585], [6.0816703, 43.7386276], [6.0815433, 43.7388266], [6.0814202, 43.7389568], [6.0812082, 43.7391515], [6.0810201, 43.7392821], [6.0808692, 43.7393478], [6.0806924, 43.7393593], [6.0805477, 43.7394277], [6.0802629, 43.7393923], [6.0801145, 43.7389772], [6.0799563, 43.738974], [6.0797369, 43.7389092], [6.0795301, 43.7388796], [6.079176, 43.7388977], [6.0790884, 43.7388327], [6.079062, 43.7386089], [6.0789446, 43.7386594], [6.0788664, 43.738693], [6.0789144, 43.7389066], [6.078937, 43.7389929], [6.0790567, 43.739054], [6.0791348, 43.7390685], [6.079174, 43.739098], [6.0791733, 43.7391808], [6.0791394, 43.7392461], [6.0790312, 43.7392645], [6.0781931, 43.7394088], [6.0779568, 43.7394827], [6.0778843, 43.7395186], [6.0779028, 43.7395901], [6.0783082, 43.7398558], [6.0784336, 43.7400534], [6.0783545, 43.7402282], [6.0780326, 43.7407721], [6.0778908, 43.7411172], [6.0778623, 43.7414156], [6.0779167, 43.741587], [6.0779781, 43.7417802], [6.0778817, 43.7419061], [6.0777966, 43.7420331], [6.0778181, 43.7422879], [6.0778738, 43.7424449], [6.0785079, 43.7431284], [6.0787732, 43.7436091], [6.078693, 43.7436895], [6.0785588, 43.7438242], [6.0785778, 43.7440071], [6.078641, 43.7441671], [6.0789963, 43.7441637], [6.0791484, 43.744223], [6.0792449, 43.7443253], [6.0794455, 43.7443447], [6.0800505, 43.7447199], [6.0802192, 43.7448135], [6.0803165, 43.7449276], [6.0804241, 43.7450051], [6.080661, 43.7452005], [6.0806988, 43.7452576], [6.0806226, 43.7453384], [6.0806108, 43.7453938], [6.0806937, 43.745358], [6.0808932, 43.7454265], [6.081061, 43.7454907], [6.0811948, 43.7455537], [6.081522, 43.7457994], [6.0817199, 43.7457779], [6.0819285, 43.7456656], [6.0819377, 43.7455807], [6.0820574, 43.7455154], [6.0822868, 43.7454739], [6.0824548, 43.7454808], [6.0825422, 43.7455027], [6.0825641, 43.7455057], [6.082592, 43.7455096], [6.0826697, 43.7455203], [6.0829406, 43.745642], [6.0830769, 43.74572], [6.0831125, 43.7457912], [6.0831604, 43.7458723], [6.0831345, 43.745978], [6.0832112, 43.74626], [6.0833998, 43.7463256], [6.083623, 43.7462522], [6.0837894, 43.7460388], [6.0839819, 43.7457399], [6.0840967, 43.7455275], [6.084127, 43.7454639], [6.0841924, 43.7454165], [6.0843639, 43.7453749], [6.0846253, 43.7453501], [6.085298, 43.7452335], [6.0856373, 43.7451908], [6.0858381, 43.7452041], [6.0859743, 43.7452597], [6.0860602, 43.7452936], [6.0862139, 43.745277], [6.0862961, 43.7451709], [6.086302, 43.74493], [6.0863026, 43.7449057], [6.0862809, 43.7448155], [6.0862951, 43.7447324], [6.0863726, 43.7447007], [6.0864758, 43.7446692], [6.0868272, 43.7446681], [6.0870268, 43.7446731], [6.0872513, 43.7446843], [6.0873346, 43.744675], [6.087473, 43.7446814], [6.0875468, 43.7447428], [6.0875365, 43.7447703], [6.0875539, 43.7448249], [6.0879011, 43.7454334], [6.0880955, 43.7458166], [6.0881082, 43.7458416], [6.0881233, 43.7458713], [6.0882568, 43.746294], [6.0884607, 43.7464228], [6.0885568, 43.7464335], [6.0887103, 43.7464503], [6.088875, 43.7464554], [6.088862, 43.7464277], [6.088702, 43.7463434], [6.0885096, 43.7462235], [6.0885687, 43.7460776], [6.0887246, 43.7459154], [6.0888494, 43.7457479], [6.0888764, 43.7456192], [6.0888899, 43.7455507], [6.0890087, 43.7455269], [6.0891806, 43.7456202], [6.0892451, 43.7455972], [6.0894398, 43.7455064], [6.0896531, 43.7455023], [6.0900258, 43.7454161], [6.0899444, 43.7453054], [6.0895716, 43.7451606], [6.0893155, 43.7449903], [6.0891715, 43.7448204], [6.089146, 43.7445245], [6.0891712, 43.7444701], [6.0889949, 43.7439506], [6.0883589, 43.7440113], [6.0878982, 43.7440681], [6.0875881, 43.7439912], [6.0870407, 43.7438913], [6.0866963, 43.7438672], [6.0862223, 43.7437679], [6.0860774, 43.7436873], [6.0859429, 43.7435044], [6.0860548, 43.7430329], [6.0858969, 43.7426076], [6.0858965, 43.742351], [6.086061, 43.7419745], [6.0863015, 43.7416956], [6.0865481, 43.7415504], [6.0866059, 43.7413744], [6.0872909, 43.7404777], [6.0876212, 43.7401889], [6.0876319, 43.7398941], [6.0876918, 43.7397674], [6.0888736, 43.7393521], [6.0889622, 43.7393817], [6.0891818, 43.7392931], [6.0891628, 43.7392443], [6.0893607, 43.7391453], [6.0895373, 43.7389737], [6.0895908, 43.7388068], [6.0890026, 43.7389863], [6.0887164, 43.7389577], [6.0883924, 43.7388303], [6.0874058, 43.7387573], [6.0871155, 43.7386409], [6.0871941, 43.7384385], [6.0870337, 43.7380958], [6.0866735, 43.737992], [6.0860237, 43.7381169], [6.0854984, 43.7378929], [6.084935, 43.7372857], [6.084473, 43.7364893], [6.0843985, 43.7363603], [6.084432, 43.7362459], [6.0843041, 43.73618], [6.0841538, 43.7358946], [6.0842315, 43.7356277], [6.0843376, 43.7355464]]]}}, {"type": "Feature", "properties": {"name": "Lac de Chaudanne"}, "geometry": {"type": "Polygon", "coordinates": [[[6.5505503, 43.8552963], [6.5504115, 43.8552379], [6.55029, 43.8551753], [6.5501397, 43.8550753], [6.5500182, 43.8549752], [6.5498736, 43.8548042], [6.54981, 43.8547458], [6.5497464, 43.8547082], [6.5496423, 43.8546749], [6.5496042, 43.8545658], [6.5492997, 43.8543745], [6.5492767, 43.8542872], [6.5493616, 43.8542625], [6.5494694, 43.8542442], [6.5496357, 43.8542598], [6.5498073, 43.854296], [6.5499021, 43.8542368], [6.5497778, 43.8540658], [6.5496935, 43.8539939], [6.5495562, 43.8539418], [6.549426, 43.8538792], [6.5492997, 43.8537698], [6.5491936, 43.8536471], [6.5491084, 43.8535463], [6.5490324, 43.8534427], [6.5490145, 43.8533697], [6.5489676, 43.8532918], [6.5489485, 43.8532093], [6.5489613, 43.8530826], [6.5489258, 43.8529475], [6.5488856, 43.8527945], [6.5487109, 43.8527515], [6.5486487, 43.8526495], [6.5486, 43.8525534], [6.5485899, 43.8524618], [6.5486474, 43.8523836], [6.5485521, 43.852215], [6.5484403, 43.8520959], [6.5483639, 43.8520247], [6.5482573, 43.8518877], [6.5481945, 43.8517266], [6.5481088, 43.8515407], [6.547951, 43.8513241], [6.5474162, 43.8506874], [6.547285, 43.8505343], [6.5472187, 43.8504049], [6.5471813, 43.8502975], [6.5471043, 43.8502057], [6.5469323, 43.8500696], [6.5467366, 43.8500135], [6.5466035, 43.8499455], [6.5465668, 43.849845], [6.5465259, 43.8496604], [6.5464722, 43.849545], [6.5464731, 43.8494266], [6.5464297, 43.8493075], [6.5463001, 43.8492342], [6.5461632, 43.8491343], [6.5460277, 43.8490608], [6.5458237, 43.8490564], [6.5457606, 43.849041], [6.545635, 43.8489343], [6.5454326, 43.8487325], [6.5453114, 43.8486436], [6.5451793, 43.8486686], [6.5450674, 43.8486159], [6.5449455, 43.8485053], [6.5449189, 43.8484691], [6.5448328, 43.8484555], [6.5447681, 43.8484092], [6.5447293, 43.8484015], [6.5446229, 43.8483584], [6.544564, 43.8483169], [6.5445521, 43.8482893], [6.5444643, 43.8483243], [6.5443573, 43.8483543], [6.544318, 43.8483621], [6.5442848, 43.8483652], [6.5441863, 43.8483722], [6.5441858, 43.8483851], [6.5441687, 43.8483838], [6.5441605, 43.8484195], [6.5441051, 43.8484152], [6.544112, 43.8483823], [6.5440734, 43.8483798], [6.5440593, 43.8483786], [6.5440547, 43.8484065], [6.543994, 43.8483997], [6.5440065, 43.8483598], [6.5439097, 43.8483355], [6.5438431, 43.8483148], [6.5437532, 43.8482704], [6.5436855, 43.8482292], [6.5436178, 43.848179], [6.5435863, 43.8481486], [6.5435385, 43.8481377], [6.5434869, 43.8481625], [6.5434898, 43.8481725], [6.5433515, 43.8482317], [6.5433198, 43.8482341], [6.543291, 43.8482578], [6.5432663, 43.8482782], [6.5433059, 43.848323], [6.54332, 43.8483546], [6.5433672, 43.8483847], [6.543363, 43.848422], [6.5433116, 43.8484474], [6.5432929, 43.8484458], [6.5432673, 43.8484772], [6.5432403, 43.8484791], [6.5432189, 43.8484717], [6.5431834, 43.8484341], [6.543134, 43.8484492], [6.5430692, 43.848469], [6.5430887, 43.8485061], [6.5430789, 43.8485291], [6.5430492, 43.8485383], [6.5430479, 43.848497], [6.5430068, 43.8484351], [6.5429799, 43.8484472], [6.5429957, 43.8485031], [6.5429534, 43.8485213], [6.542937, 43.8485603], [6.5429552, 43.8486187], [6.5430203, 43.848655], [6.5431417, 43.8486763], [6.5432561, 43.8487227], [6.5433549, 43.8487098], [6.5434419, 43.8487312], [6.5435012, 43.8487697], [6.5435533, 43.8488183], [6.5436089, 43.8488637], [6.54362, 43.8489278], [6.5435274, 43.8490159], [6.5435237, 43.8491574], [6.5435015, 43.8492508], [6.5433275, 43.8492748], [6.5433127, 43.8493042], [6.5433349, 43.8493709], [6.5434201, 43.8494643], [6.5434904, 43.8495204], [6.543657, 43.8495418], [6.5437051, 43.8495684], [6.5437676, 43.8495848], [6.543868, 43.8496112], [6.5440024, 43.8496201], [6.5440688, 43.8496245], [6.5441336, 43.8496545], [6.5442076, 43.8496712], [6.5443556, 43.8497346], [6.5444482, 43.8497279], [6.5445037, 43.849738], [6.5445546, 43.849778], [6.5448831, 43.8498848], [6.5449479, 43.8499215], [6.5449664, 43.8499582], [6.5450219, 43.8500149], [6.5449942, 43.8500616], [6.5448831, 43.8500349], [6.5447443, 43.8500516], [6.5447813, 43.850095], [6.5447952, 43.8501584], [6.5447397, 43.8501851], [6.5447582, 43.8503486], [6.5447813, 43.8504554], [6.5448091, 43.8504954], [6.5447443, 43.8505555], [6.5447165, 43.8506022], [6.544823, 43.8506889], [6.5448646, 43.8507857], [6.5448739, 43.8509225], [6.5449155, 43.8509725], [6.5449895, 43.8510159], [6.5451376, 43.8510593], [6.5451977, 43.8511127], [6.5452255, 43.8511828], [6.5452301, 43.8512528], [6.545207, 43.8512929], [6.5452533, 43.8514263], [6.5452533, 43.8515398], [6.545318, 43.8516165], [6.5453319, 43.85172], [6.5453921, 43.8517333], [6.5455078, 43.8517934], [6.5456142, 43.8519435], [6.5459196, 43.8523105], [6.5459704, 43.852394], [6.5459843, 43.852454], [6.5459751, 43.8525208], [6.5459103, 43.8525808], [6.5459473, 43.8526209], [6.5460722, 43.8526209], [6.546137, 43.8526609], [6.5461139, 43.8527243], [6.5461231, 43.8527843], [6.5461463, 43.8528377], [6.5461139, 43.8529378], [6.5461648, 43.8529912], [6.5461833, 43.8530446], [6.5461925, 43.8531047], [6.5461833, 43.8531614], [6.5462018, 43.8532548], [6.5462666, 43.8533315], [6.5463637, 43.8533416], [6.5464563, 43.8533682], [6.5465164, 43.8533716], [6.5465673, 43.853425], [6.5465766, 43.8535117], [6.5465997, 43.8535651], [6.5466506, 43.8536218], [6.5467061, 43.8536592], [6.5467567, 43.8537321], [6.5467929, 43.8538103], [6.5468869, 43.8538781], [6.5468941, 43.8539667], [6.5469375, 43.8540241], [6.5470098, 43.8540606], [6.5470532, 43.8541336], [6.5471255, 43.8541961], [6.5472267, 43.854243], [6.5472122, 43.8543108], [6.5472411, 43.8543838], [6.5473423, 43.8543994], [6.5473279, 43.8544829], [6.5474074, 43.854535], [6.5474146, 43.8546288], [6.547458, 43.8546862], [6.547552, 43.8547279], [6.5475809, 43.85478], [6.5475954, 43.8548686], [6.5477255, 43.8549781], [6.5478267, 43.8550511], [6.5478773, 43.8551397], [6.5479352, 43.8551866], [6.5480436, 43.8552179], [6.5481376, 43.8553013], [6.5482244, 43.8554212], [6.5481593, 43.855489], [6.5481665, 43.8555516], [6.5481954, 43.8556402], [6.5482752, 43.8557906], [6.5483446, 43.8558865], [6.5484313, 43.8559824], [6.5484429, 43.8560825], [6.5483851, 43.8561576], [6.5483272, 43.8562535], [6.5485007, 43.8562619], [6.5485991, 43.8563411], [6.5486164, 43.8564245], [6.5486164, 43.8565079], [6.5486742, 43.8566289], [6.5486858, 43.856729], [6.5487147, 43.856804], [6.5488246, 43.8569875], [6.5488131, 43.857146], [6.5487494, 43.8574004], [6.5487494, 43.8575005], [6.5488304, 43.8575881], [6.5489287, 43.8576631], [6.549056, 43.8577173], [6.549241, 43.8577549], [6.5494955, 43.8578425], [6.5496517, 43.85793], [6.5497731, 43.8580176], [6.549912, 43.8580843], [6.5499756, 43.858126], [6.5501611, 43.8581614], [6.5502585, 43.8582406], [6.5504792, 43.8582657], [6.5505876, 43.8582917], [6.5507322, 43.8583699], [6.5507322, 43.8584625], [6.5506767, 43.8585025], [6.5506628, 43.8585893], [6.5506906, 43.8587327], [6.5507739, 43.8588362], [6.5510839, 43.8589729], [6.551181, 43.859023], [6.5512319, 43.8590864], [6.5512967, 43.8591231], [6.5513939, 43.8592699], [6.551417, 43.85936], [6.551417, 43.8594133], [6.5514725, 43.85947], [6.5514864, 43.8595601], [6.5517594, 43.8598003], [6.5518658, 43.859847], [6.5520787, 43.8599004], [6.5521666, 43.8599304], [6.552236, 43.8599838], [6.5522961, 43.8600672], [6.5523332, 43.8601406], [6.552509, 43.8603108], [6.5527264, 43.8604442], [6.5530179, 43.8606544], [6.5531047, 43.8606711], [6.553122, 43.8607169], [6.5531683, 43.8607837], [6.5532435, 43.8608337], [6.553336, 43.8608129], [6.553364, 43.8608971], [6.5534492, 43.8609291], [6.5535565, 43.8609398], [6.5536231, 43.8609612], [6.5536639, 43.8610279], [6.5537083, 43.8611827], [6.5538899, 43.8614671], [6.5539188, 43.8616547], [6.5538725, 43.8617381], [6.5538725, 43.8618424], [6.5539072, 43.8619633], [6.5539188, 43.8620592], [6.5538841, 43.8623136], [6.5539419, 43.8625763], [6.5539882, 43.8627056], [6.5539998, 43.862814], [6.5540229, 43.8628932], [6.5540229, 43.8630142], [6.5540518, 43.8631184], [6.5541155, 43.8632352], [6.5541328, 43.8633102], [6.5541097, 43.8633686], [6.5541039, 43.8636939], [6.554208, 43.8639858], [6.554208, 43.8640817], [6.5542369, 43.8642402], [6.5541733, 43.8643903], [6.554046, 43.8645946], [6.5540056, 43.8646988], [6.5539246, 43.8647781], [6.5537858, 43.8647948], [6.5537106, 43.8648198], [6.5536065, 43.8649532], [6.5535891, 43.8650199], [6.5534445, 43.8651367], [6.5533925, 43.8652284], [6.5533289, 43.8653076], [6.5532826, 43.8653827], [6.5532479, 43.8654786], [6.5532537, 43.865562], [6.5532421, 43.8656454], [6.5531727, 43.8657163], [6.5530455, 43.865808], [6.553005, 43.8658581], [6.5529703, 43.8659623], [6.5529529, 43.8660749], [6.5528662, 43.8662792], [6.5528026, 43.866371], [6.5527216, 43.8664502], [6.5525539, 43.8665377], [6.5524093, 43.8665794], [6.5522415, 43.8666003], [6.5520507, 43.8666128], [6.5517673, 43.866617], [6.5516747, 43.8666337], [6.5515938, 43.8666753], [6.5515533, 43.8667337], [6.5515301, 43.866838], [6.5514434, 43.866913], [6.5513971, 43.8670048], [6.5513219, 43.8670715], [6.5513046, 43.8671299], [6.5513682, 43.8671882], [6.5513161, 43.8672549], [6.5508592, 43.8673884], [6.5502057, 43.8674551], [6.5499743, 43.8674426], [6.549795, 43.8674468], [6.5497314, 43.8674718], [6.5494827, 43.8676219], [6.5493786, 43.8677428], [6.5490952, 43.8679096], [6.5487077, 43.8680972], [6.548621, 43.8681848], [6.5485863, 43.8682682], [6.54854, 43.8683474], [6.5484706, 43.8684183], [6.5481293, 43.8686184], [6.5481004, 43.8687602], [6.5480368, 43.8688311], [6.5480599, 43.868952], [6.5479847, 43.8690979], [6.5479732, 43.8692147], [6.5479443, 43.8693356], [6.5479038, 43.8694065], [6.5478922, 43.8694982], [6.5478517, 43.8695774], [6.5477823, 43.8696191], [6.5477823, 43.8697025], [6.5476782, 43.8698526], [6.5475799, 43.8700319], [6.5475278, 43.8700986], [6.5473254, 43.8702154], [6.5470883, 43.8703154], [6.5469842, 43.8703697], [6.5468627, 43.8705406], [6.5466834, 43.8705948], [6.5465562, 43.870624], [6.5462034, 43.8707324], [6.5460356, 43.8708033], [6.5458737, 43.87082], [6.5457869, 43.8708825], [6.5456771, 43.8708992], [6.5455903, 43.8708908], [6.5454804, 43.870945], [6.5454226, 43.8710284], [6.5453416, 43.871116], [6.5451739, 43.8711577], [6.5450119, 43.8711785], [6.5448558, 43.8712202], [6.5445377, 43.8713328], [6.5443699, 43.8713495], [6.5442948, 43.8713662], [6.5441907, 43.8714204], [6.543913, 43.871608], [6.5437974, 43.8716497], [6.5437627, 43.8717289], [6.5437916, 43.8717956], [6.5437337, 43.8718707], [6.5435776, 43.8720374], [6.5435834, 43.872125], [6.5436238, 43.8722709], [6.5436238, 43.8723335], [6.5435429, 43.8724419], [6.5434214, 43.8726462], [6.5433694, 43.8728838], [6.5432884, 43.8730673], [6.5433578, 43.8730881], [6.5433578, 43.8731715], [6.5433173, 43.8732174], [6.5434677, 43.8732424], [6.5434793, 43.8734425], [6.543433, 43.8735676], [6.543352, 43.8736843], [6.5432537, 43.8737802], [6.5431959, 43.8738719], [6.543138, 43.8740262], [6.5431149, 43.8741179], [6.5430339, 43.8742347], [6.5428951, 43.8743764], [6.5427563, 43.8744806], [6.5423746, 43.8746933], [6.5421548, 43.8748517], [6.5420449, 43.8749101], [6.5417731, 43.875006], [6.5414867, 43.8751115], [6.5413007, 43.8752197], [6.5410047, 43.8753864], [6.5409877, 43.8754217], [6.5410914, 43.8754129], [6.5412476, 43.8753749], [6.5414871, 43.8753], [6.5416772, 43.875274], [6.5421685, 43.8750938], [6.5423418, 43.8750121], [6.5426399, 43.8748647], [6.5429043, 43.8747332], [6.5430266, 43.8746886], [6.5431948, 43.8745939], [6.5432938, 43.8745053], [6.5433842, 43.8744445], [6.5434185, 43.8743899], [6.5434162, 43.8743195], [6.5434607, 43.8742958], [6.5434889, 43.8741752], [6.5434975, 43.8740805], [6.5435324, 43.8740109], [6.5436416, 43.8739577], [6.5437391, 43.8739469], [6.5438165, 43.8739129], [6.5438573, 43.87382], [6.5439373, 43.8737453], [6.5439572, 43.8736113], [6.543949, 43.8735071], [6.5439073, 43.8732712], [6.5439119, 43.8731709], [6.5439624, 43.8729399], [6.5440041, 43.8728398], [6.5441558, 43.8726254], [6.5442049, 43.8725101], [6.544248, 43.8724113], [6.5443713, 43.8721076], [6.5444169, 43.8719872], [6.5445389, 43.8718383], [6.5447001, 43.8717155], [6.5449777, 43.8716196], [6.5454925, 43.8715696], [6.5457827, 43.8715076], [6.5460259, 43.8714436], [6.5460879, 43.8714015], [6.5462632, 43.8713422], [6.5463848, 43.8713026], [6.5465293, 43.8712592], [6.5466606, 43.8712009], [6.5467927, 43.8711744], [6.5468692, 43.8711612], [6.547011, 43.8711845], [6.5473309, 43.871093], [6.5475213, 43.8710135], [6.5476566, 43.8709636], [6.5477982, 43.870921], [6.5478663, 43.8708443], [6.5480137, 43.8706834], [6.5480856, 43.8705601], [6.5481416, 43.8704797], [6.5482306, 43.8704062], [6.5482857, 43.8703091], [6.5483439, 43.8701493], [6.5484339, 43.8700408], [6.5484816, 43.8699285], [6.5484931, 43.8698314], [6.5485235, 43.869714], [6.5486507, 43.8695918], [6.5487504, 43.8694227], [6.5488035, 43.8693291], [6.5489113, 43.8692467], [6.549029, 43.8691862], [6.5491154, 43.8691134], [6.5492134, 43.8690345], [6.5494934, 43.8689173], [6.5495764, 43.8688474], [6.5497411, 43.8687582], [6.5498238, 43.86872], [6.5499325, 43.8686055], [6.5499941, 43.8684673], [6.5500353, 43.8683772], [6.550235, 43.8681991], [6.5504384, 43.8681041], [6.5505759, 43.8680519], [6.5509196, 43.8678854], [6.5510881, 43.8678163], [6.5511951, 43.8677586], [6.551269, 43.8677102], [6.5513594, 43.8676781], [6.5515387, 43.8676528], [6.5516194, 43.8676666], [6.5516842, 43.8677466], [6.5517616, 43.8678303], [6.5518326, 43.8680121], [6.5519063, 43.8681201], [6.5520601, 43.868248], [6.5523309, 43.8683735], [6.5524256, 43.8684112], [6.5525019, 43.8683968], [6.5526023, 43.8683592], [6.5526828, 43.868356], [6.5527783, 43.8684257], [6.5528553, 43.8684712], [6.5530143, 43.8685651], [6.5531009, 43.8686143], [6.5532846, 43.868613], [6.5533774, 43.8685255], [6.5534614, 43.8684478], [6.5535155, 43.8683356], [6.5536443, 43.8682316], [6.5537597, 43.8682656], [6.5538539, 43.8683278], [6.554008, 43.8683202], [6.5540788, 43.8682524], [6.5540574, 43.8681133], [6.5540025, 43.8679775], [6.5540553, 43.8677603], [6.5541076, 43.8676721], [6.5542159, 43.8676103], [6.5543518, 43.8675515], [6.5545426, 43.867459], [6.5547426, 43.8673913], [6.5547794, 43.8672223], [6.5547988, 43.8671591], [6.5548917, 43.8671392], [6.5549521, 43.8670828], [6.5550605, 43.8669778], [6.5551687, 43.8668739], [6.5552532, 43.8667168], [6.5552958, 43.8666287], [6.5553509, 43.8665302], [6.5553815, 43.8664034], [6.5554745, 43.8662773], [6.5555306, 43.8661797], [6.5555458, 43.86608], [6.5554805, 43.8659799], [6.5554881, 43.8657296], [6.5556058, 43.8655589], [6.5557351, 43.865561], [6.5558762, 43.865588], [6.555963, 43.8655825], [6.5559626, 43.8654975], [6.5559022, 43.8653369], [6.5558596, 43.8651618], [6.555778, 43.8650314], [6.5557905, 43.8649297], [6.5559027, 43.8648715], [6.5560665, 43.8648359], [6.5563404, 43.8648334], [6.5566925, 43.8648449], [6.5568484, 43.8648367], [6.5569833, 43.864825], [6.5571492, 43.8647423], [6.5573584, 43.8646811], [6.5576854, 43.8646543], [6.5578149, 43.8646443], [6.5579769, 43.8646443], [6.5581295, 43.8646243], [6.5582313, 43.8645609], [6.5582869, 43.8644842], [6.5583516, 43.8644241], [6.5584442, 43.8643808], [6.5585275, 43.8643107], [6.55862, 43.864294], [6.5587542, 43.8643241], [6.558819, 43.8643708], [6.5588791, 43.8644575], [6.5589115, 43.8643541], [6.5589902, 43.8643141], [6.5591937, 43.8642573], [6.5593418, 43.8642407], [6.5593973, 43.864214], [6.5593834, 43.8641639], [6.5593271, 43.8641039], [6.5593921, 43.8640257], [6.5594355, 43.8639475], [6.5594716, 43.8638485], [6.5595223, 43.8638016], [6.5595873, 43.863838], [6.5596379, 43.8639006], [6.5597464, 43.8639162], [6.5597753, 43.8638172], [6.5596885, 43.8637911], [6.5595223, 43.8637129], [6.5594066, 43.8636817], [6.5593198, 43.8635409], [6.5592258, 43.8635357], [6.5589367, 43.8634784], [6.5586908, 43.8635201], [6.5585607, 43.8635201], [6.5583149, 43.8635461], [6.5581848, 43.8634836], [6.5580257, 43.8634471], [6.5577618, 43.8634409], [6.5576086, 43.8634041], [6.5574539, 43.8633569], [6.5573271, 43.8633219], [6.5571941, 43.8633141], [6.5570872, 43.8633022], [6.5570473, 43.8632735], [6.5570253, 43.8632033], [6.5570247, 43.8631188], [6.5570764, 43.8628538], [6.5571215, 43.8627182], [6.5571478, 43.8626295], [6.5571775, 43.8624116], [6.5571703, 43.8622223], [6.5571218, 43.8619772], [6.5570456, 43.8618122], [6.5570133, 43.8616013], [6.557072, 43.8614819], [6.5571085, 43.8613605], [6.5571458, 43.8612551], [6.5572092, 43.8611209], [6.5571876, 43.8610396], [6.5571359, 43.8610085], [6.5570299, 43.860977], [6.5569083, 43.8609339], [6.5568491, 43.8608635], [6.5567689, 43.8606718], [6.5567038, 43.8605394], [6.5565306, 43.8604268], [6.5562562, 43.8602593], [6.5560268, 43.8600537], [6.5558241, 43.8599556], [6.5557165, 43.8598552], [6.5556279, 43.8597511], [6.5555639, 43.8594947], [6.5554455, 43.8592218], [6.5553777, 43.8590033], [6.5553155, 43.8588864], [6.5552695, 43.8587301], [6.5552701, 43.8585485], [6.5553254, 43.8584183], [6.5553945, 43.8583105], [6.5554189, 43.8581983], [6.5553708, 43.8581358], [6.5552819, 43.858103], [6.5549834, 43.8580248], [6.5547819, 43.8580051], [6.5546506, 43.8580268], [6.5545019, 43.8579996], [6.5542183, 43.8578793], [6.5540829, 43.8577644], [6.5538328, 43.8574946], [6.553615, 43.8573641], [6.5534642, 43.8572919], [6.5533832, 43.8572227], [6.5528198, 43.8569353], [6.5525488, 43.8568014], [6.5522004, 43.8565507], [6.5520695, 43.8565132], [6.5519552, 43.856466], [6.5518661, 43.8563938], [6.5518319, 43.8563322], [6.5518019, 43.8562402], [6.5517118, 43.8561097], [6.5516783, 43.8559867], [6.5516346, 43.8559332], [6.5515227, 43.8558655], [6.5512873, 43.855778], [6.5512069, 43.8557044], [6.551105, 43.8556518], [6.550925, 43.8555076], [6.5507968, 43.8554006], [6.5507064, 43.8553461], [6.5505503, 43.8552963]]]}}, {"type": "Feature", "properties": {"name": "Lac de Serre-Ponçon"}, "geometry": {"type": "MultiPolygon", "coordinates": [[[[6.2744692, 44.4703554], [6.2742934, 44.4702522], [6.2741899, 44.4702852], [6.2740381, 44.4703406], [6.2709591, 44.4716728], [6.2707166, 44.4717982], [6.2705645, 44.4719004], [6.2704455, 44.4720231], [6.27017, 44.4723865], [6.269304, 44.473587], [6.2690836, 44.4738776], [6.2690659, 44.4739407], [6.2691232, 44.4739475], [6.2691963, 44.473945], [6.2693565, 44.4739469], [6.269437, 44.4739841], [6.2696853, 44.474094], [6.2699991, 44.474169], [6.2701882, 44.4742142], [6.2702695, 44.4742929], [6.2703078, 44.4743784], [6.2703288, 44.4744254], [6.2704972, 44.4745096], [6.2708091, 44.4744625], [6.2710989, 44.4744701], [6.2712079, 44.4745921], [6.2713089, 44.4745972], [6.2714292, 44.4746433], [6.2714376, 44.4746465], [6.2714953, 44.4747529], [6.2715968, 44.474767], [6.2716415, 44.4748648], [6.2717076, 44.474898], [6.2717932, 44.4748774], [6.2718816, 44.4748829], [6.2720909, 44.4748037], [6.2721776, 44.4748003], [6.2722155, 44.4748121], [6.2722301, 44.4748167], [6.2722637, 44.474941], [6.2723276, 44.4749571], [6.2727405, 44.4747439], [6.2728879, 44.4747026], [6.2730648, 44.4747144], [6.2733888, 44.4748562], [6.2737645, 44.4748243], [6.2738299, 44.4748674], [6.2738642, 44.4749298], [6.2739171, 44.4750261], [6.2741069, 44.4752178], [6.2741215, 44.4752525], [6.274098, 44.4752811], [6.2741693, 44.4754042], [6.2742375, 44.4754734], [6.2743918, 44.475531], [6.2744348, 44.4757729], [6.2745006, 44.4758241], [6.2746437, 44.4758821], [6.2747588, 44.4759147], [6.2748718, 44.4759104], [6.2749618, 44.4759429], [6.2750588, 44.4760743], [6.2752311, 44.4762034], [6.2753466, 44.476306], [6.2754368, 44.4764306], [6.2756544, 44.4764944], [6.2756609, 44.4765843], [6.275706, 44.4766902], [6.2758679, 44.4768557], [6.2758984, 44.4769269], [6.2758908, 44.4769902], [6.275805, 44.4770296], [6.2757246, 44.4771402], [6.2757652, 44.4773642], [6.2756007, 44.4776943], [6.2753821, 44.4778099], [6.2749534, 44.4779694], [6.2746546, 44.4780252], [6.2745224, 44.4781111], [6.2743365, 44.4783338], [6.2740646, 44.4783977], [6.2738576, 44.4784948], [6.2736209, 44.47871], [6.2736273, 44.4787999], [6.2735941, 44.4788559], [6.2735203, 44.4788851], [6.2734258, 44.4789699], [6.2733389, 44.4789905], [6.2731367, 44.4791505], [6.2730263, 44.4791998], [6.2728744, 44.4793583], [6.2728307, 44.4794497], [6.2728408, 44.4796026], [6.2729134, 44.4797266], [6.2728973, 44.4798622], [6.2729245, 44.4798965], [6.2729294, 44.4799595], [6.2729692, 44.4799943], [6.2729498, 44.4802472], [6.2729776, 44.4802914], [6.2729866, 44.4804263], [6.2729277, 44.4804731], [6.2728283, 44.480495], [6.2727332, 44.4805699], [6.2726872, 44.4806442], [6.2726478, 44.4807895], [6.2726663, 44.4808701], [6.2727086, 44.480949], [6.2727009, 44.4810123], [6.272637, 44.4811683], [6.2725412, 44.4812522], [6.2723592, 44.4813486], [6.272362, 44.4813755], [6.2724369, 44.4813643], [6.2724646, 44.4814085], [6.2724512, 44.4814429], [6.2724219, 44.4815179], [6.2726771, 44.4813824], [6.2727993, 44.4813418], [6.2728305, 44.4812508], [6.2729601, 44.4811199], [6.2730548, 44.4808648], [6.2733105, 44.4807383], [6.2733751, 44.4806757], [6.2735226, 44.4805329], [6.2735463, 44.480334], [6.2736443, 44.4801139], [6.2736576, 44.4799514], [6.2736916, 44.4798873], [6.2736715, 44.4797798], [6.2737305, 44.479733], [6.273724, 44.4796431], [6.2737727, 44.4796146], [6.2738868, 44.4796283], [6.2739796, 44.4796877], [6.2740937, 44.4797024], [6.2743665, 44.4798276], [6.2744585, 44.479896], [6.2745976, 44.4800802], [6.2747005, 44.4802925], [6.2747216, 44.480418], [6.2746909, 44.480518], [6.2744035, 44.4807266], [6.2742812, 44.4807662], [6.2741125, 44.480701], [6.2739636, 44.4807153], [6.2737832, 44.4808387], [6.2736576, 44.4809747], [6.2736198, 44.4810156], [6.2736491, 44.4810869], [6.2737409, 44.4811283], [6.2739308, 44.4811488], [6.2740595, 44.4811981], [6.2741665, 44.4812841], [6.2742303, 44.4812993], [6.2742117, 44.4813909], [6.2739132, 44.4816259], [6.2737628, 44.4818115], [6.2736165, 44.4818708], [6.273328, 44.4820613], [6.2730818, 44.4821335], [6.2729943, 44.4821451], [6.2728775, 44.4821044], [6.2727793, 44.4821263], [6.2726145, 44.482105], [6.2724186, 44.4820036], [6.2721725, 44.4819046], [6.2719736, 44.4819484], [6.2717996, 44.4819635], [6.2717278, 44.4820287], [6.2717594, 44.4821178], [6.2718443, 44.4822586], [6.2718613, 44.4823121], [6.2719142, 44.4823556], [6.272031, 44.4823963], [6.2720734, 44.4824761], [6.2722018, 44.4824984], [6.2722934, 44.4825579], [6.2723441, 44.4825654], [6.272337, 44.4826377], [6.2723701, 44.4827529], [6.2724268, 44.4828413], [6.2725609, 44.4829626], [6.2726329, 44.4829235], [6.2726665, 44.4828504], [6.2727139, 44.482822], [6.2728041, 44.4828364], [6.272862, 44.4827716], [6.2729232, 44.4827419], [6.273034, 44.4827206], [6.2732867, 44.4827383], [6.2736133, 44.4827268], [6.2737257, 44.4827136], [6.2739157, 44.482734], [6.2742389, 44.4826857], [6.2743609, 44.482619], [6.2744836, 44.4825874], [6.2745966, 44.4825832], [6.2746861, 44.4826066], [6.2749572, 44.4828761], [6.274986, 44.4829383], [6.2750668, 44.483008], [6.2750843, 44.4831135], [6.2751113, 44.4832761], [6.275176, 44.4834805], [6.275292, 44.4837023], [6.2754608, 44.4839657], [6.2756125, 44.4841495], [6.2756643, 44.484175], [6.2757768, 44.4841618], [6.275838, 44.484132], [6.275928, 44.4841654], [6.2759777, 44.484154], [6.2760236, 44.4840986], [6.2760467, 44.4838907], [6.2760944, 44.4838442], [6.2762789, 44.4837928], [6.2763401, 44.483763], [6.2763734, 44.483708], [6.2763806, 44.4836357], [6.2763464, 44.4835015], [6.2764322, 44.4834629], [6.2765936, 44.48325], [6.2767258, 44.4831641], [6.2767896, 44.4831802], [6.2768217, 44.4832775], [6.2767896, 44.4835487], [6.276824, 44.4836648], [6.2769035, 44.4837337], [6.2770586, 44.4837822], [6.2771973, 44.4837862], [6.2773457, 44.4837629], [6.2774649, 44.4836692], [6.2775784, 44.4836739], [6.2776893, 44.4836337], [6.2777964, 44.4835485], [6.2779056, 44.4835002], [6.277974, 44.4833982], [6.2781171, 44.4832849], [6.2784411, 44.4832284], [6.2785939, 44.483259], [6.2786075, 44.4832766], [6.2785794, 44.4834216], [6.2785892, 44.4835475], [6.2784255, 44.4839136], [6.2784304, 44.4839766], [6.2784978, 44.4840547], [6.2786409, 44.4841127], [6.2786791, 44.4841205], [6.278837, 44.4840429], [6.2788997, 44.4840401], [6.278951, 44.4840566], [6.2789952, 44.4841454], [6.279082, 44.4841239], [6.2792027, 44.4840563], [6.2793686, 44.4840955], [6.2796027, 44.4842039], [6.2796961, 44.4842732], [6.2798227, 44.4842865], [6.2800453, 44.4844133], [6.2800753, 44.4844754], [6.2800567, 44.4845661], [6.280098, 44.4846279], [6.2802406, 44.4846768], [6.2804638, 44.4846414], [6.2805402, 44.4846571], [6.2806733, 44.4847604], [6.28073, 44.4848479], [6.2807944, 44.484873], [6.280815, 44.4849895], [6.2809611, 44.4851005], [6.281065, 44.4851334], [6.2811102, 44.4852393], [6.2811876, 44.485273], [6.2813651, 44.4852939], [6.2815212, 44.4853595], [6.2815363, 44.4854041], [6.2814962, 44.4855585], [6.281553, 44.4856469], [6.2816316, 44.4856797], [6.2817101, 44.4857314], [6.2819563, 44.4858304], [6.2820092, 44.4858739], [6.2822122, 44.4859021], [6.2822799, 44.4859631], [6.2822894, 44.4862782], [6.2823787, 44.4864728], [6.2824004, 44.4866073], [6.2824848, 44.4867391], [6.2826339, 44.4868779], [6.2827476, 44.4870808], [6.2828294, 44.4871676], [6.2829746, 44.4872615], [6.2830027, 44.4874859], [6.2830875, 44.4874284], [6.2832262, 44.4874324], [6.2832977, 44.4873852], [6.2834006, 44.4872281], [6.2833625, 44.4870499], [6.2833812, 44.4869593], [6.2834818, 44.4867842], [6.2835339, 44.4866204], [6.2836245, 44.4864907], [6.2836486, 44.486472], [6.2838647, 44.4865088], [6.2839637, 44.4864788], [6.2840233, 44.4864221], [6.2840266, 44.4863057], [6.2841375, 44.4862655], [6.2841714, 44.4862194], [6.2841431, 44.4861662], [6.2839566, 44.4860105], [6.2840091, 44.4858738], [6.2840031, 44.4857929], [6.2839633, 44.485758], [6.2839848, 44.4856943], [6.2839368, 44.4855615], [6.2839277, 44.4854266], [6.283913, 44.485391], [6.2838343, 44.4853573], [6.2838307, 44.4852953], [6.2837352, 44.48519], [6.2836775, 44.4850845], [6.2836946, 44.4849668], [6.2837393, 44.4848925], [6.2837083, 44.4848133], [6.2840021, 44.4848658], [6.2841591, 44.4849683], [6.2842475, 44.4849738], [6.2844725, 44.4849473], [6.284678, 44.4848231], [6.2847774, 44.4848012], [6.2848991, 44.4847526], [6.2849216, 44.4847059], [6.2850488, 44.4847292], [6.2851203, 44.4846811], [6.2852846, 44.4846933], [6.2854594, 44.4846692], [6.2855303, 44.4846121], [6.2858789, 44.4845459], [6.2859378, 44.4844991], [6.2859805, 44.4843888], [6.2860389, 44.484333], [6.2862203, 44.4842275], [6.2863553, 44.4841686], [6.2865032, 44.4841362], [6.2866256, 44.4840776], [6.2866769, 44.4840941], [6.2866578, 44.4841758], [6.2867509, 44.4842622], [6.2868422, 44.4842946], [6.2868835, 44.4843564], [6.2870784, 44.4844398], [6.287204, 44.4844352], [6.287188, 44.4845708], [6.2872391, 44.4847576], [6.2872653, 44.4847748], [6.2873357, 44.4847097], [6.287392, 44.484617], [6.2874653, 44.4845788], [6.2876186, 44.4846183], [6.2877055, 44.4845968], [6.2877699, 44.4846219], [6.2878295, 44.4845652], [6.287918, 44.4845716], [6.2879507, 44.4845075], [6.2879994, 44.4844781], [6.288137, 44.4844641], [6.2883029, 44.4845033], [6.2884728, 44.4844163], [6.2885994, 44.4844296], [6.2887076, 44.4843633], [6.2888337, 44.4843676], [6.289047, 44.4845307], [6.2890651, 44.4846022], [6.2889773, 44.484803], [6.289044, 44.4848461], [6.2891073, 44.4848523], [6.2891345, 44.4848876], [6.2891984, 44.4849037], [6.28924, 44.4849475], [6.2892611, 44.4850721], [6.2892199, 44.4852085], [6.2889323, 44.4857594], [6.2889847, 44.4857939], [6.2892091, 44.4857584], [6.2893374, 44.4857987], [6.2894067, 44.4858867], [6.2893721, 44.4859418], [6.2893786, 44.4860317], [6.2892595, 44.4861263], [6.2892365, 44.486163], [6.2892555, 44.4862526], [6.2893772, 44.4863742], [6.2894098, 44.4864804], [6.2893191, 44.4866101], [6.2892343, 44.4866667], [6.289177, 44.4867414], [6.2891594, 44.4868501], [6.2892402, 44.4869188], [6.2893002, 44.48689], [6.2893384, 44.486897], [6.289387, 44.4870397], [6.2895353, 44.4871875], [6.2895986, 44.4871938], [6.2896127, 44.4872204], [6.2896745, 44.4872005], [6.2897263, 44.487226], [6.2897885, 44.4872142], [6.290093, 44.486888], [6.2901427, 44.4868775], [6.2902212, 44.4869283], [6.2903202, 44.4868983], [6.2903808, 44.4868596], [6.290472, 44.4867397], [6.2905568, 44.4866822], [6.2906201, 44.4866894], [6.2907779, 44.4867829], [6.2907997, 44.4867462], [6.2909216, 44.4866786], [6.2910132, 44.4865668], [6.291086, 44.4865196], [6.2912095, 44.4864789], [6.2913356, 44.4864833], [6.2914638, 44.4865236], [6.2915833, 44.4866092], [6.2915865, 44.4866632], [6.2916532, 44.4867063], [6.2918142, 44.4866825], [6.2919288, 44.4867052], [6.2920357, 44.4867912], [6.2920668, 44.4868714], [6.2921523, 44.4868474], [6.2923256, 44.4867988], [6.2924015, 44.4868047], [6.2925298, 44.4868459], [6.2927699, 44.4870351], [6.2928201, 44.4870327], [6.2928845, 44.4870578], [6.2929593, 44.4870457], [6.2930619, 44.4870787], [6.293105, 44.4871485], [6.2931099, 44.4872115], [6.2932156, 44.4872975], [6.2933566, 44.4873203], [6.2935438, 44.4873129], [6.2936476, 44.487345], [6.293723, 44.4873427], [6.2938135, 44.4873842], [6.2939762, 44.4873694], [6.294305, 44.4872226], [6.2944978, 44.48727], [6.2945468, 44.4872676], [6.2946255, 44.4873013], [6.2946914, 44.4873525], [6.294912, 44.4874441], [6.2950882, 44.4876173], [6.2953164, 44.4876456], [6.2953878, 44.4877687], [6.2954265, 44.4877855], [6.2954205, 44.4878758], [6.2953255, 44.4879517], [6.2953773, 44.4879762], [6.2954345, 44.4880736], [6.2955382, 44.4881237], [6.2956195, 44.4882014], [6.295637, 44.488264], [6.2955817, 44.4883738], [6.2955074, 44.4883949], [6.2954352, 44.4884511], [6.2953496, 44.4884726], [6.2952838, 44.4886187], [6.2954864, 44.4886388], [6.2955907, 44.4886798], [6.2956075, 44.4887514], [6.2955692, 44.4889147], [6.2955119, 44.4889894], [6.2955014, 44.4890258], [6.2957109, 44.489315], [6.2956873, 44.4893428], [6.2955764, 44.489383], [6.2954628, 44.4893783], [6.2953848, 44.4893356], [6.2952641, 44.4894032], [6.29542, 44.4896589], [6.2953737, 44.4897053], [6.2953817, 44.4898222], [6.2952844, 44.4898792], [6.2952526, 44.4901333], [6.2951164, 44.4903446], [6.2951557, 44.4903705], [6.2952933, 44.4903565], [6.295496, 44.4902054], [6.2955703, 44.4901842], [6.295698, 44.4902155], [6.295739, 44.4902503], [6.2958421, 44.4902914], [6.2959098, 44.4903525], [6.2959402, 44.4904416], [6.29602, 44.4904924], [6.2960144, 44.4905917], [6.2959953, 44.4906734], [6.2959602, 44.4907195], [6.2959788, 44.4908], [6.2959486, 44.490909], [6.2960381, 44.4909334], [6.2960425, 44.4909864], [6.2960812, 44.4910033], [6.2960898, 44.4911291], [6.2961837, 44.4912065], [6.2963224, 44.4912105], [6.296401, 44.4912622], [6.2963813, 44.4913349], [6.2964948, 44.4913396], [6.29651, 44.4913842], [6.2964893, 44.4914389], [6.2965035, 44.4914655], [6.2965914, 44.4914619], [6.2966547, 44.491469], [6.2966136, 44.4916054], [6.296506, 44.4916816], [6.2964245, 44.4917742], [6.2962798, 44.4918605], [6.2962181, 44.4918812], [6.2962094, 44.4919266], [6.2961033, 44.4920288], [6.296023, 44.4921403], [6.2959492, 44.4921695], [6.2958371, 44.492363], [6.2957763, 44.492572], [6.2957195, 44.4926557], [6.2956582, 44.4926845], [6.2955174, 44.4926446], [6.2955108, 44.4927259], [6.2953938, 44.4928564], [6.2953331, 44.4928943], [6.2952349, 44.4929161], [6.2951899, 44.4930076], [6.2949616, 44.4931505], [6.2949637, 44.4931864], [6.2950446, 44.4932561], [6.2950734, 44.4933183], [6.2950319, 44.4934277], [6.2950607, 44.4934899], [6.2950421, 44.4935805], [6.2950732, 44.4936598], [6.2950289, 44.4937431], [6.2949446, 44.4938087], [6.2947857, 44.4938684], [6.2947048, 44.4939708], [6.2946681, 44.4941611], [6.2947335, 44.4942033], [6.2947631, 44.4942565], [6.2947054, 44.4945195], [6.2946205, 44.4947482], [6.2945053, 44.4948868], [6.2947697, 44.4947158], [6.2948511, 44.4946224], [6.2949496, 44.4944122], [6.2950229, 44.4943731], [6.2950562, 44.494318], [6.2950596, 44.4941828], [6.2950814, 44.4941461], [6.2953174, 44.4940922], [6.2954371, 44.4940075], [6.2955616, 44.4939849], [6.2956211, 44.4939462], [6.2957331, 44.4939248], [6.2957627, 44.4938059], [6.2958724, 44.4937666], [6.2958528, 44.493668], [6.2958835, 44.493568], [6.2959392, 44.4934663], [6.2960507, 44.493436], [6.2961732, 44.4933773], [6.2963517, 44.4934162], [6.2965772, 44.4933986], [6.2966362, 44.4933518], [6.2967482, 44.4933295], [6.2968286, 44.493219], [6.2969142, 44.4931975], [6.2969477, 44.4931244], [6.2970066, 44.4930767], [6.2972196, 44.4930604], [6.2974317, 44.4929749], [6.2975381, 44.492932], [6.2977237, 44.4928985], [6.2977525, 44.4929435], [6.2978082, 44.4930302], [6.2978181, 44.4931561], [6.2979201, 44.4931791], [6.2980647, 44.4932783], [6.2981443, 44.4933328], [6.2982202, 44.4935107], [6.2981895, 44.4936108], [6.2981196, 44.4936849], [6.2981073, 44.4938835], [6.2980625, 44.4939578], [6.297979, 44.4940144], [6.2979494, 44.4941324], [6.2978664, 44.4941989], [6.2978483, 44.4942985], [6.2977378, 44.4943469], [6.2976438, 44.4944407], [6.2976744, 44.4945119], [6.2978536, 44.4944488], [6.2979025, 44.4944405], [6.2978978, 44.4944711], [6.2979262, 44.4944821], [6.2979749, 44.4945344], [6.2980087, 44.4945563], [6.2980682, 44.4945572], [6.2980615, 44.4945156], [6.2980872, 44.4944878], [6.2981474, 44.4944409], [6.2981895, 44.4943217], [6.2982249, 44.4943026], [6.2982832, 44.4942826], [6.298456, 44.4943578], [6.2985416, 44.4942774], [6.2986274, 44.4942496], [6.2986517, 44.4942091], [6.2987092, 44.4942013], [6.2988103, 44.4942184], [6.2988608, 44.4941602], [6.2988802, 44.4940967], [6.2989268, 44.4940789], [6.2989855, 44.4940784], [6.2990344, 44.4940985], [6.2991299, 44.4941079], [6.2991814, 44.4939624], [6.2992094, 44.4939516], [6.2992181, 44.4939272], [6.2992363, 44.4939225], [6.299249, 44.493888], [6.2992255, 44.4938775], [6.2992606, 44.4938238], [6.2993049, 44.4937414], [6.2994127, 44.4936471], [6.2995099, 44.493437], [6.2996318, 44.4933694], [6.2997742, 44.4934363], [6.2998938, 44.4935219], [6.2999626, 44.493601], [6.3000924, 44.4936683], [6.3001667, 44.4936471], [6.3001979, 44.4935561], [6.300234, 44.493528], [6.3002602, 44.4935311], [6.3003181, 44.4935381], [6.3003481, 44.4935417], [6.3003711, 44.4935049], [6.3004836, 44.4934917], [6.3006933, 44.4934394], [6.3007969, 44.4934895], [6.3009002, 44.4935125], [6.3009656, 44.4937268], [6.3009737, 44.4938437], [6.3009124, 44.4940437], [6.3009129, 44.4940859], [6.300915, 44.4942599], [6.3008717, 44.4943603], [6.3008763, 44.4944234], [6.3008782, 44.4944502], [6.3009165, 44.4944581], [6.3010272, 44.4944359], [6.3010999, 44.4943877], [6.301226, 44.4943921], [6.3012904, 44.4944172], [6.3013734, 44.4945219], [6.3014645, 44.4945732], [6.3015196, 44.4946337], [6.3014432, 44.4947901], [6.3014784, 44.4949413], [6.3015407, 44.4949304], [6.3016724, 44.4948355], [6.3018056, 44.4947675], [6.3018319, 44.4947445], [6.3019242, 44.494664], [6.3020329, 44.4946067], [6.3021095, 44.4945415], [6.3021876, 44.494475], [6.3022433, 44.4943733], [6.3023734, 44.4942523], [6.3024472, 44.4942221], [6.3026152, 44.4944685], [6.3026574, 44.4946017], [6.3027279, 44.4948246], [6.3027946, 44.4948668], [6.302944, 44.4948614], [6.303067, 44.4948117], [6.303333, 44.4948389], [6.3035279, 44.4949214], [6.30362, 44.4949907], [6.3036014, 44.4950814], [6.3035108, 44.4952102], [6.3036225, 44.4953772], [6.303807, 44.4954969], [6.3038261, 44.4955864], [6.3037276, 44.4957966], [6.3036064, 44.4958552], [6.303598, 44.4959275], [6.3036402, 44.4959803], [6.3037422, 44.4960034], [6.3038453, 44.4962156], [6.3038135, 44.4962977], [6.3040533, 44.4963076], [6.3041849, 44.4963838], [6.3041247, 44.4964307], [6.3040836, 44.4965671], [6.3039619, 44.4966167], [6.3039148, 44.4966721], [6.3039087, 44.4967624], [6.3039503, 44.4968062], [6.3040131, 44.4968043], [6.3040731, 44.4967746], [6.3041774, 44.4968156], [6.304256, 44.4968673], [6.3043586, 44.4968994], [6.3043881, 44.4969526], [6.30437, 44.4970522], [6.3042827, 44.4970648], [6.3042258, 44.4971476], [6.3041645, 44.4973476], [6.3042479, 44.4974613], [6.3044275, 44.4975181], [6.3044817, 44.4975616], [6.30482, 44.4977289], [6.3048435, 44.4978724], [6.3048357, 44.4979537], [6.3048684, 44.4980608], [6.3049241, 44.4981304], [6.305073, 44.4982872], [6.3051462, 44.4984201], [6.3051001, 44.4986648], [6.3051182, 44.4987363], [6.3051841, 44.4987875], [6.3052189, 44.4991018], [6.30518, 44.4992561], [6.3051886, 44.4995532], [6.3051632, 44.4997432], [6.3050938, 44.4998264], [6.3049404, 44.499958], [6.3048425, 44.5000069], [6.3047305, 44.5000283], [6.3047082, 44.5000569], [6.304748, 44.5000908], [6.3048386, 44.5001331], [6.3050019, 44.5001265], [6.3051129, 44.5000871], [6.3052259, 44.5000828], [6.3053165, 44.5001242], [6.3053722, 44.5001946], [6.305435, 44.5001919], [6.3054711, 44.5002097], [6.3055006, 44.5002197], [6.3055911, 44.500223], [6.3056427, 44.5002116], [6.3056649, 44.5001685], [6.3057534, 44.5000829], [6.305752, 44.5000977], [6.3057326, 44.500124], [6.3057272, 44.5001422], [6.3056856, 44.5002125], [6.305634, 44.5003737], [6.3055851, 44.5004231], [6.3055451, 44.500503], [6.3055634, 44.5006016], [6.3054736, 44.5011097], [6.3054523, 44.5011554], [6.3053801, 44.5012116], [6.3053835, 44.5012476], [6.3054751, 44.501307], [6.305628, 44.5013216], [6.3057098, 44.5014393], [6.3057902, 44.5014957], [6.3058452, 44.5015512], [6.3059364, 44.5015732], [6.3059941, 44.5015761], [6.3060544, 44.5015512], [6.3061322, 44.5015368], [6.3062234, 44.5015474], [6.3063025, 44.5015579], [6.3063589, 44.5016267], [6.3063267, 44.5017234], [6.3063133, 44.5017846], [6.3062878, 44.5018324], [6.3062476, 44.5018534], [6.3062368, 44.5018888], [6.3062046, 44.5019309], [6.306147, 44.5019453], [6.3060873, 44.5019778], [6.3060511, 44.502005], [6.3060156, 44.5020251], [6.3059592, 44.5020299], [6.3058547, 44.5020101], [6.3058301, 44.5020595], [6.305751, 44.5021709], [6.3056957, 44.5022807], [6.3056315, 44.502625], [6.3055834, 44.5026634], [6.3055763, 44.5027357], [6.3055402, 44.5027638], [6.3051562, 44.5028501], [6.305135, 44.5028958], [6.305155, 44.5030024], [6.3050959, 44.5030681], [6.3051244, 44.5031033], [6.305227, 44.5031354], [6.3053849, 44.5030577], [6.3054723, 44.5030451], [6.3055357, 44.5030522], [6.3055908, 44.5031127], [6.3056678, 44.5031375], [6.305907, 44.5031375], [6.3060303, 44.5031149], [6.3062604, 44.5031521], [6.3063515, 44.5032026], [6.3063936, 44.5032554], [6.3064436, 44.5034422], [6.306321, 44.5038432], [6.3063301, 44.5041493], [6.3063497, 44.5042469], [6.3064752, 44.5044134], [6.3067718, 44.5045108], [6.3068755, 44.5045618], [6.3069163, 44.5046137], [6.3069108, 44.504713], [6.306854, 44.5047967], [6.3068479, 44.504887], [6.3068052, 44.5049964], [6.3068259, 44.5051129], [6.3066702, 44.5052266], [6.3068268, 44.5054724], [6.3068404, 44.5056612], [6.3066906, 44.5058558], [6.30665, 44.5060012], [6.3065898, 44.506048], [6.3064686, 44.5062778], [6.306362, 44.506372], [6.3061822, 44.5065044], [6.3061199, 44.5065153], [6.3059524, 44.5064501], [6.3058272, 44.5064628], [6.305712, 44.5064311], [6.3056623, 44.5064425], [6.3056775, 44.5064862], [6.3057453, 44.5065473], [6.3057408, 44.5066645], [6.3057571, 44.5067271], [6.3056509, 44.5070006], [6.3056028, 44.507039], [6.3055033, 44.5072312], [6.305399, 44.5076232], [6.3052026, 44.5079177], [6.305081, 44.5080863], [6.3049926, 44.5081862], [6.3047815, 44.5084097], [6.3046367, 44.508496], [6.3044619, 44.5085202], [6.3041447, 44.5084783], [6.304048, 44.5085263], [6.3039305, 44.5084766], [6.3038546, 44.5084708], [6.3038098, 44.5085442], [6.3037268, 44.5086098], [6.3036142, 44.5086231], [6.3037228, 44.508736], [6.3037265, 44.508799], [6.3037948, 44.508869], [6.3039395, 44.5089539], [6.3039466, 44.5090528], [6.3038704, 44.5092353], [6.3037326, 44.5094205], [6.3036114, 44.5094791], [6.3034497, 44.5095119], [6.3033349, 44.5096595], [6.3031459, 44.5098291], [6.3030098, 44.5098702], [6.3027895, 44.5101299], [6.302461, 44.5103038], [6.3023899, 44.5103599], [6.3021753, 44.5103501], [6.3019706, 44.5102941], [6.3018826, 44.5102976], [6.3016887, 44.5102323], [6.3014756, 44.5102495], [6.301467, 44.5102948], [6.3014822, 44.5103394], [6.3016716, 44.5105211], [6.3018004, 44.5105704], [6.3018381, 44.5105693], [6.3018425, 44.5106232], [6.3017954, 44.5106787], [6.3017726, 44.5106983], [6.3016589, 44.5106927], [6.3013077, 44.5107149], [6.301171, 44.5107469], [6.3010055, 44.5108879], [6.3009612, 44.5109703], [6.3009131, 44.5110078], [6.3006246, 44.5110273], [6.3006552, 44.5110984], [6.3008507, 44.5111908], [6.3008779, 44.5112251], [6.3011701, 44.5112686], [6.3012488, 44.5113023], [6.301264, 44.5113469], [6.3013148, 44.5113535], [6.3013852, 44.5114595], [6.3013666, 44.5115207], [6.3013349, 44.5116322], [6.3011895, 44.5117095], [6.3010709, 44.5118131], [6.3008353, 44.5118751], [6.3005321, 44.5120302], [6.3004714, 44.5120689], [6.3004261, 44.5121333], [6.300342, 44.5121809], [6.3002621, 44.5123013], [6.3001556, 44.5123955], [6.2999973, 44.5126616], [6.2998465, 44.5128382], [6.2998294, 44.5129558], [6.2996655, 44.5131238], [6.2996369, 44.5132598], [6.2995314, 44.513372], [6.2994342, 44.5134118], [6.2992523, 44.5135083], [6.2992057, 44.5135727], [6.2991342, 44.5136208], [6.2988818, 44.5136112], [6.2986249, 44.5137198], [6.2983611, 44.5137295], [6.2984926, 44.513977], [6.2983855, 44.5140622], [6.2982483, 44.5140843], [6.2980713, 44.5142446], [6.2980755, 44.5143165], [6.298171, 44.5144209], [6.2981021, 44.514513], [6.2980519, 44.5145155], [6.2979934, 44.5145713], [6.2979834, 44.5147031], [6.2979735, 44.5148331], [6.2980062, 44.5149403], [6.2978121, 44.5150461], [6.2977345, 44.5151836], [6.2976204, 44.5151699], [6.297538, 44.5150741], [6.2974003, 44.5150882], [6.2974084, 44.515205], [6.2972815, 44.515362], [6.2972924, 44.5153759], [6.2973645, 44.5154676], [6.2974037, 44.5154926], [6.297432, 44.5155458], [6.2975244, 44.5155962], [6.2974516, 44.5156443], [6.2974828, 44.5157245], [6.2974757, 44.5157968], [6.2975154, 44.5158307], [6.2973947, 44.5158983], [6.2973269, 44.5160094], [6.2973224, 44.5161257], [6.2973375, 44.5161703], [6.2973168, 44.516225], [6.2972687, 44.5162634], [6.2972058, 44.5162653], [6.29715, 44.5163661], [6.2970895, 44.5163868], [6.2970005, 44.5163723], [6.2969021, 44.5164113], [6.2967905, 44.5164426], [6.2966507, 44.5164206], [6.2964913, 44.5164713], [6.2964028, 44.5164659], [6.2960902, 44.516504], [6.2959253, 44.5164828], [6.2957679, 44.5165695], [6.2955411, 44.5165682], [6.2954577, 44.5164545], [6.2953671, 44.516413], [6.2950885, 44.5163871], [6.2949634, 44.5164008], [6.294811, 44.5163792], [6.2946493, 44.5162408], [6.2945718, 44.516207], [6.2943163, 44.5161444], [6.2941368, 44.5159173], [6.2939675, 44.5158422], [6.2940415, 44.5160102], [6.2940858, 44.5160823], [6.2941987, 44.5162659], [6.2942249, 44.5162832], [6.2942757, 44.5162898], [6.2943942, 44.5163574], [6.2944874, 44.5164447], [6.2944924, 44.5165076], [6.294613, 44.5166113], [6.2947287, 44.5166519], [6.2949434, 44.5166618], [6.294985, 44.5167056], [6.2950353, 44.5167041], [6.2950635, 44.5167573], [6.2951302, 44.5167994], [6.2951852, 44.5168789], [6.295324, 44.5168828], [6.2953551, 44.5169621], [6.2954868, 44.5170393], [6.2955724, 44.5170178], [6.2956271, 44.5170702], [6.2957712, 44.5171452], [6.2958072, 44.5171351], [6.2958789, 44.5170699], [6.2961842, 44.517122], [6.2962847, 44.5171181], [6.2963957, 44.5170779], [6.2966392, 44.5171499], [6.2967572, 44.5172094], [6.2968174, 44.5172227], [6.2968976, 44.5172404], [6.29697, 44.5173815], [6.2968504, 44.517467], [6.2967275, 44.5174986], [6.2966181, 44.517565], [6.2964496, 44.5178502], [6.296432, 44.5179589], [6.2964762, 44.5180476], [6.2964188, 44.5181214], [6.2963024, 44.5180898], [6.2962288, 44.5181019], [6.2961555, 44.5181401], [6.2957709, 44.5182174], [6.2955286, 44.5183607], [6.2953883, 44.5183297], [6.2953707, 44.5184384], [6.2953924, 44.5185729], [6.2953711, 44.5186186], [6.2953792, 44.5187355], [6.2951872, 44.5190484], [6.2951385, 44.5190778], [6.2950123, 44.5190726], [6.294989, 44.5190832], [6.2951002, 44.5192412], [6.2951041, 44.5192861], [6.2948569, 44.5193665], [6.2947624, 44.5194513], [6.2946657, 44.5194992], [6.2946065, 44.5195649], [6.2945425, 44.51972], [6.2946103, 44.5197811], [6.2946232, 44.5199306], [6.2945835, 44.519975], [6.2945951, 44.5200389], [6.2945959, 44.5200864], [6.2947414, 44.5201183], [6.29478, 44.520185], [6.2948274, 44.5202385], [6.2948617, 44.5203124], [6.2948644, 44.5203573], [6.2944686, 44.5206323], [6.2943571, 44.5206635], [6.2943957, 44.5208507], [6.2943038, 44.5209805], [6.2940956, 44.5210597], [6.2936868, 44.5211557], [6.2936326, 44.5212834], [6.2935611, 44.5213315], [6.2934449, 44.5216503], [6.2933519, 44.5217621], [6.2932548, 44.521802], [6.2931589, 44.5218859], [6.2930742, 44.5220966], [6.2930451, 44.5222236], [6.29277, 44.5226021], [6.2928108, 44.522655], [6.2928566, 44.5227707], [6.2928396, 44.5228884], [6.2927952, 44.5229708], [6.2927253, 44.5230449], [6.2925056, 44.5231434], [6.2924459, 44.5231993], [6.2924501, 44.5232532], [6.2925115, 44.5232243], [6.2927208, 44.5231622], [6.2927815, 44.5231244], [6.2930035, 44.5228916], [6.2930714, 44.5226093], [6.2932946, 44.5223765], [6.2934123, 44.5220838], [6.2935948, 44.5219963], [6.2936535, 44.5219225], [6.2937873, 44.5218636], [6.2938798, 44.5217428], [6.2939089, 44.5216158], [6.2939881, 44.5215053], [6.2941831, 44.5214165], [6.2943455, 44.5213928], [6.294428, 44.5213182], [6.2945275, 44.5212963], [6.2945914, 44.5213125], [6.2946754, 44.5214352], [6.294613, 44.5216172], [6.2946813, 44.5217137], [6.2947255, 44.5217761], [6.2947319, 44.5218651], [6.2947929, 44.5220254], [6.2948885, 44.5221298], [6.2948965, 44.5222467], [6.2950509, 44.5224754], [6.2949618, 44.5226313], [6.2949552, 44.5227126], [6.2951691, 44.5229035], [6.2951269, 44.5230219], [6.2950247, 44.5231691], [6.2950191, 44.5232684], [6.295088, 44.5233474], [6.2951053, 44.523428], [6.2952369, 44.5235042], [6.2953259, 44.5235187], [6.2954576, 44.523595], [6.2955472, 44.5236193], [6.2956006, 44.5236709], [6.2955809, 44.5237435], [6.2954829, 44.5239636], [6.2954108, 44.5240018], [6.2952731, 44.5240158], [6.2952129, 44.5240636], [6.2951238, 44.5240482], [6.295101, 44.5240669], [6.295162, 44.5242273], [6.2951407, 44.524273], [6.2951967, 44.5243695], [6.2952635, 44.5244126], [6.2952705, 44.5245115], [6.2953244, 44.524572], [6.2952807, 44.5246643], [6.2952736, 44.5247366], [6.2953052, 44.5248249], [6.2952746, 44.5249258], [6.2953039, 44.5249961], [6.2952842, 44.5250688], [6.2953137, 44.525122], [6.2952305, 44.5252064], [6.2952846, 44.525249], [6.2952736, 44.5252763], [6.2952103, 44.5252701], [6.2951534, 44.5253529], [6.2950916, 44.5253737], [6.2949036, 44.5253892], [6.2945627, 44.5253742], [6.2944639, 44.525387], [6.2942413, 44.5254576], [6.2944107, 44.5255328], [6.2944862, 44.5255305], [6.2945762, 44.525563], [6.2947286, 44.5255845], [6.2951077, 44.5255772], [6.2953114, 44.5255656], [6.2955313, 44.5255263], [6.2956793, 44.5254881], [6.2956898, 44.5254594], [6.2956724, 44.5253978], [6.2956949, 44.5253511], [6.2956904, 44.5249287], [6.2957231, 44.5248647], [6.2957161, 44.5247658], [6.2957619, 44.5247094], [6.2957332, 44.5244769], [6.2957734, 44.5243226], [6.2958538, 44.5242111], [6.2960052, 44.5240435], [6.2961364, 44.5239396], [6.2961913, 44.5236496], [6.2961259, 44.5234362], [6.2961712, 44.5233709], [6.2960031, 44.5232966], [6.2958884, 44.523273], [6.2958217, 44.5232309], [6.2957886, 44.5229436], [6.295702, 44.5227759], [6.2957436, 44.5226485], [6.2958217, 44.5225191], [6.2959443, 44.5224614], [6.2960174, 44.5224403], [6.2960776, 44.5223934], [6.2960366, 44.5223743], [6.2959339, 44.5223265], [6.2957689, 44.5223053], [6.2957116, 44.5222079], [6.2954999, 44.5220539], [6.295412, 44.5218862], [6.2954432, 44.5217952], [6.2956411, 44.5217334], [6.2956236, 44.5216709], [6.2956472, 44.5216431], [6.2955948, 44.5216095], [6.295526, 44.5215305], [6.2955583, 44.5214575], [6.2957125, 44.5213168], [6.2958011, 44.521152], [6.2957799, 44.5210265], [6.2957734, 44.5209366], [6.2958564, 44.5208701], [6.2958746, 44.5207705], [6.2959878, 44.5207373], [6.2960314, 44.5206748], [6.2959796, 44.5206502], [6.2960267, 44.5205938], [6.2959464, 44.520534], [6.295975, 44.520398], [6.2960438, 44.520305], [6.2959478, 44.5201916], [6.295962, 44.520047], [6.2959971, 44.5200009], [6.2960579, 44.5199631], [6.296137, 44.5198517], [6.2962496, 44.5198384], [6.2964294, 44.5198772], [6.2963324, 44.5195747], [6.2963401, 44.5195114], [6.2964236, 44.5194539], [6.2964767, 44.5194793], [6.2965521, 44.5194762], [6.2966668, 44.5194998], [6.2967137, 44.5194614], [6.2967755, 44.5194416], [6.2967554, 44.5193341], [6.2968025, 44.5192786], [6.2970651, 44.5192689], [6.2971495, 44.5192033], [6.2971992, 44.5191919], [6.297233, 44.5191459], [6.2973074, 44.5191256], [6.297409, 44.5191397], [6.2975336, 44.5191171], [6.2975543, 44.5190624], [6.2975003, 44.5190009], [6.2975074, 44.5189286], [6.2976125, 44.5188084], [6.2976999, 44.5187958], [6.2977241, 44.5186059], [6.2978645, 44.5184657], [6.2978997, 44.5184451], [6.2979132, 44.5184372], [6.297976, 44.5184344], [6.2979696, 44.5183454], [6.2980526, 44.5182789], [6.2982159, 44.5182732], [6.2982456, 44.5181551], [6.2983929, 44.5179593], [6.2985546, 44.5177443], [6.2985798, 44.5177109], [6.298701, 44.5176523], [6.2988623, 44.5176105], [6.2988977, 44.5175914], [6.2989306, 44.5175084], [6.2989901, 44.5174706], [6.2990781, 44.5174671], [6.2991234, 44.5174027], [6.2991968, 44.5173644], [6.2992138, 44.5172468], [6.2994259, 44.5170404], [6.2993959, 44.5169792], [6.2993932, 44.5169342], [6.2994637, 44.5168681], [6.2995386, 44.5168569], [6.2995752, 44.5168368], [6.2995889, 44.5166833], [6.2996371, 44.5166458], [6.2996426, 44.5165465], [6.2997105, 44.5164363], [6.2998191, 44.5163781], [6.2999312, 44.5163559], [6.3001011, 44.5162688], [6.3000951, 44.5161879], [6.3001794, 44.5161223], [6.3001756, 44.5160773], [6.3002243, 44.5160489], [6.3003771, 44.5160785], [6.3004295, 44.516113], [6.3004585, 44.5161572], [6.3005109, 44.5161908], [6.3005968, 44.5161521], [6.3005481, 44.5160094], [6.300456, 44.515941], [6.3004269, 44.5158968], [6.3003222, 44.5158288], [6.300279, 44.515758], [6.3002616, 44.5156963], [6.3003097, 44.515658], [6.3002945, 44.5156134], [6.3003283, 44.5155673], [6.3003252, 44.5155133], [6.3003815, 44.5154216], [6.3004182, 44.5154024], [6.3004373, 44.5153208], [6.3004716, 44.5152828], [6.3005717, 44.5152708], [6.3005947, 44.5152341], [6.3006313, 44.5152141], [6.300705, 44.5152028], [6.3007575, 44.5152184], [6.3008558, 44.5151974], [6.301094, 44.5151795], [6.3009466, 44.5150496], [6.3010291, 44.5149751], [6.3010854, 44.5148824], [6.3011397, 44.5147546], [6.30139, 44.514557], [6.3016353, 44.5144668], [6.3018097, 44.5144337], [6.3019178, 44.5143664], [6.3019954, 44.514229], [6.3020671, 44.5141629], [6.3020939, 44.5140179], [6.3021546, 44.51398], [6.3021933, 44.513996], [6.302213, 44.5140945], [6.3022779, 44.5141286], [6.302285, 44.5142275], [6.302145, 44.5143759], [6.3021259, 44.5144584], [6.3022663, 44.5144894], [6.302405, 44.5144933], [6.302565, 44.5144507], [6.3028596, 44.5143418], [6.3030258, 44.5141918], [6.3030941, 44.5140897], [6.3031122, 44.5139901], [6.3030577, 44.5137674], [6.3030627, 44.5136591], [6.3031048, 44.5135398], [6.3031978, 44.5134289], [6.3033897, 44.5132871], [6.3035973, 44.513198], [6.3038563, 44.5131263], [6.3040971, 44.5131533], [6.3043544, 44.5132249], [6.3043997, 44.5131604], [6.3043202, 44.5129196], [6.3043398, 44.5128469], [6.3045358, 44.5127134], [6.3046886, 44.5126094], [6.3048858, 44.5125575], [6.3051179, 44.5126299], [6.305196, 44.5126726], [6.3051955, 44.5127121], [6.3052543, 44.5128228], [6.3053001, 44.5129028], [6.3053443, 44.5129907], [6.305395, 44.5131694], [6.305462, 44.5132385], [6.3055358, 44.5133805], [6.3055876, 44.5134051], [6.3056385, 44.5134125], [6.3057602, 44.5133629], [6.3058412, 44.5133182], [6.3060749, 44.5131895], [6.3063276, 44.5130099], [6.3065412, 44.5128305], [6.3065829, 44.5127031], [6.3066293, 44.5126566], [6.3066337, 44.5125394], [6.306678, 44.5124569], [6.30676, 44.5123725], [6.3069419, 44.512276], [6.3069993, 44.5122013], [6.307049, 44.5121908], [6.3071404, 44.5120529], [6.307285, 44.5115972], [6.3073107, 44.5112631], [6.3072909, 44.5109626], [6.307276, 44.5108514], [6.3072587, 44.5107463], [6.3071846, 44.5105491], [6.3072499, 44.510533], [6.3073054, 44.5106707], [6.3073676, 44.5108453], [6.3074128, 44.5110073], [6.3074353, 44.5114116], [6.3074193, 44.5115472], [6.3074619, 44.5115782], [6.3075646, 44.5115869], [6.3077181, 44.5115746], [6.3079523, 44.5115403], [6.3080573, 44.5115101], [6.3081439, 44.5114741], [6.3082044, 44.5114349], [6.3083122, 44.5113424], [6.3084934, 44.5112474], [6.3085665, 44.5112263], [6.3086156, 44.5112347], [6.3086555, 44.5112416], [6.3089414, 44.5111772], [6.3094411, 44.5109604], [6.3095144, 44.5109221], [6.3099341, 44.5107987], [6.3100352, 44.5108047], [6.3102016, 44.510852], [6.3102802, 44.5109037], [6.3104058, 44.510899], [6.3104572, 44.5109155], [6.310543, 44.5110471], [6.3107689, 44.5112278], [6.2744692, 44.4703554]]], [[[6.3107689, 44.5112278], [6.3108279, 44.5112508], [6.3108543, 44.5112278], [6.3108634, 44.5111438], [6.3108924, 44.5110159], [6.3109526, 44.5109691], [6.3109707, 44.5108694], [6.3110171, 44.510823], [6.3110391, 44.5107683], [6.3111472, 44.510701], [6.3113055, 44.5106697], [6.3113452, 44.5106506], [6.3113548, 44.5106128], [6.3113281, 44.5105866], [6.3110069, 44.5104989], [6.3109387, 44.5104298], [6.310848, 44.5103875], [6.3107661, 44.5103007], [6.31064, 44.5102964], [6.3105433, 44.5101732], [6.3104489, 44.5100868], [6.3104326, 44.5100242], [6.3105031, 44.509959], [6.3105256, 44.5099133], [6.3106814, 44.5097996], [6.3109735, 44.5096719], [6.3110243, 44.5096785], [6.3111418, 44.509729], [6.3112149, 44.5097079], [6.3112728, 44.5098143], [6.311335, 44.5098025], [6.3116536, 44.5098452], [6.3117327, 44.5097347], [6.3116733, 44.5096013], [6.3116366, 44.5096204], [6.3116049, 44.5097025], [6.311529, 44.5096967], [6.3114635, 44.5096536], [6.3114727, 44.5096173], [6.311533, 44.5095704], [6.3114903, 44.5095086], [6.3115188, 44.5093726], [6.3114107, 44.5092686], [6.3113207, 44.5092362], [6.3111754, 44.5091423], [6.3110603, 44.5091107], [6.3109422, 44.5090511], [6.3108467, 44.5089468], [6.3107823, 44.5087514], [6.3107585, 44.5085809], [6.3107983, 44.5084446], [6.3108476, 44.5084251], [6.3108449, 44.5083801], [6.3109591, 44.5082226], [6.3110088, 44.5082121], [6.3111033, 44.5081273], [6.3111902, 44.5081057], [6.3112235, 44.5080507], [6.3113334, 44.5079924], [6.3114973, 44.5078244], [6.3115536, 44.5077326], [6.3116395, 44.507694], [6.3117083, 44.5076009], [6.3119159, 44.5075127], [6.3119618, 44.5074573], [6.3121371, 44.5074412], [6.3122557, 44.5075088], [6.3127187, 44.5076544], [6.3128404, 44.507776], [6.3129295, 44.5077913], [6.313103, 44.5079375], [6.3132729, 44.5080216], [6.3133276, 44.508074], [6.3133904, 44.5080712], [6.3134328, 44.508151], [6.3134826, 44.5081405], [6.3135262, 44.5080482], [6.3135901, 44.5080643], [6.3136435, 44.5080797], [6.3136684, 44.5082316], [6.313685, 44.5083642], [6.3137273, 44.5084867], [6.313766, 44.5085701], [6.3138298, 44.5086825], [6.3140349, 44.508873], [6.3142939, 44.5090583], [6.3143089, 44.5090691], [6.3143571, 44.5091528], [6.3143395, 44.5092521], [6.3140434, 44.5094797], [6.3139986, 44.5095531], [6.3140193, 44.5096696], [6.313946, 44.5097079], [6.3138771, 44.5098009], [6.3138274, 44.5099826], [6.3137535, 44.5100119], [6.3138125, 44.5101362], [6.3137698, 44.5102456], [6.3141119, 44.5100894], [6.3141889, 44.5101132], [6.3142889, 44.5101012], [6.3145957, 44.5101803], [6.3146826, 44.5103299], [6.3148069, 44.5104965], [6.3147878, 44.5105782], [6.3148074, 44.5106767], [6.3147844, 44.5107134], [6.3148025, 44.510785], [6.3147472, 44.5108947], [6.3147739, 44.510921], [6.3148357, 44.5109002], [6.3148707, 44.5108541], [6.3150051, 44.5108041], [6.315015, 44.5107587], [6.3151122, 44.5107198], [6.3151909, 44.5105814], [6.3152396, 44.5105529], [6.3154111, 44.5104928], [6.3155498, 44.5104967], [6.3156525, 44.5105287], [6.3158605, 44.5106198], [6.3159359, 44.5107887], [6.3160145, 44.5108395], [6.3160778, 44.5108466], [6.3161482, 44.5109517], [6.3161794, 44.5110319], [6.3162684, 44.5110463], [6.3164435, 44.5112204], [6.3165079, 44.5114157], [6.3165281, 44.5115233], [6.3165003, 44.5116502], [6.3165626, 44.5118764], [6.3166743, 44.5119589], [6.3166881, 44.5121268], [6.3167091, 44.5122151], [6.3167631, 44.5122649], [6.3168786, 44.5123152], [6.3170113, 44.5123971], [6.3170811, 44.5124276], [6.3171705, 44.5125987], [6.3172503, 44.5126503], [6.3173844, 44.5128068], [6.3173914, 44.5129089], [6.3173296, 44.5131252], [6.3172951, 44.5132002], [6.3171594, 44.5131983], [6.3169431, 44.513197], [6.3168315, 44.5132091], [6.3168106, 44.5132569], [6.3168632, 44.5132583], [6.3169545, 44.5132728], [6.317085, 44.513297], [6.3171511, 44.5133831], [6.3171126, 44.5137357], [6.3172265, 44.5138592], [6.3172672, 44.5139139], [6.3172741, 44.5139682], [6.3173119, 44.5139598], [6.3173385, 44.5139819], [6.3173652, 44.513933], [6.3174173, 44.5138721], [6.3174388, 44.5138183], [6.3174109, 44.5137388], [6.3174362, 44.513665], [6.3175031, 44.5136301], [6.3177449, 44.5136022], [6.3180037, 44.5136073], [6.3181364, 44.5136317], [6.3185272, 44.5136344], [6.318774, 44.5135658], [6.318971, 44.5134918], [6.3194755, 44.5133931], [6.3195543, 44.513392], [6.3196064, 44.5134021], [6.3196593, 44.5134446], [6.3197445, 44.5136331], [6.3197946, 44.5137625], [6.3197459, 44.5139367], [6.3196761, 44.5140298], [6.3196028, 44.5141955], [6.3196073, 44.5142573], [6.3196646, 44.5142467], [6.3197802, 44.514206], [6.3200348, 44.5140951], [6.3202693, 44.5140534], [6.3203211, 44.5140779], [6.3204047, 44.5141926], [6.3204363, 44.5142808], [6.3204942, 44.5144776], [6.3203689, 44.514565], [6.3203335, 44.5146092], [6.3203082, 44.5147337], [6.3202293, 44.5148594], [6.3201818, 44.5149159], [6.3202062, 44.5149417], [6.3202339, 44.5149525], [6.3202762, 44.5149603], [6.3202865, 44.5149604], [6.3203214, 44.5149609], [6.3203716, 44.5149585], [6.3204416, 44.5148843], [6.3205175, 44.5148911], [6.3205497, 44.5148171], [6.3206, 44.5148156], [6.3205984, 44.5147886], [6.320706, 44.5147124], [6.3207557, 44.5147019], [6.320883, 44.5147242], [6.3209655, 44.5146496], [6.3210633, 44.5146007], [6.3212016, 44.5145957], [6.321249, 44.5145672], [6.3213668, 44.5144975], [6.321452, 44.5145618], [6.3214706, 44.5149224], [6.3215858, 44.514995], [6.3218597, 44.5151017], [6.3219424, 44.5152211], [6.321949, 44.5153787], [6.3220149, 44.5154338], [6.3221799, 44.5155825], [6.322363, 44.5155485], [6.3224871, 44.5155156], [6.322552, 44.5155461], [6.3225416, 44.5156405], [6.3226777, 44.5156771], [6.3226629, 44.5157809], [6.3227474, 44.5158585], [6.3227649, 44.5159981], [6.3228322, 44.5161163], [6.3228505, 44.5162111], [6.3228063, 44.5163107], [6.3227319, 44.5165615], [6.3226902, 44.5166571], [6.3226374, 44.516741], [6.3223621, 44.5168213], [6.3224273, 44.5169659], [6.3223219, 44.5171195], [6.3223481, 44.5174534], [6.3223754, 44.5174886], [6.3224502, 44.5174764], [6.3226545, 44.5175235], [6.3227108, 44.5176028], [6.3227867, 44.5176087], [6.3229603, 44.5177557], [6.323098, 44.5177417], [6.3231504, 44.5177752], [6.3233449, 44.5178495], [6.3234752, 44.5178161], [6.3235918, 44.5177862], [6.3236208, 44.5178304], [6.3237245, 44.5178805], [6.3238125, 44.5178778], [6.3238911, 44.5179286], [6.3239665, 44.5179263], [6.3239617, 44.517942], [6.3240042, 44.5182667], [6.3239495, 44.5183855], [6.3239335, 44.5185211], [6.3238828, 44.5186857], [6.3237283, 44.5188575], [6.3236487, 44.5189459], [6.3235893, 44.5189847], [6.3234406, 44.5190261], [6.3234657, 44.5191956], [6.3233964, 44.5192797], [6.3232264, 44.5193668], [6.3230963, 44.5194888], [6.3230094, 44.5195094], [6.3229188, 44.519468], [6.3228871, 44.5193789], [6.3227997, 44.5193914], [6.3226785, 44.5192788], [6.3226439, 44.5193044], [6.3225713, 44.5193631], [6.3224845, 44.5193847], [6.3223878, 44.5194335], [6.3222376, 44.519448], [6.322148, 44.5194236], [6.3219092, 44.5192614], [6.3218799, 44.5191902], [6.3217914, 44.5191848], [6.3217487, 44.519123], [6.3217099, 44.5191062], [6.321607, 44.5191177], [6.3213471, 44.5191468], [6.3212576, 44.5191234], [6.3211073, 44.5191378], [6.3208844, 44.5191815], [6.3207577, 44.5191682], [6.3206797, 44.5191264], [6.3206321, 44.5190017], [6.320553, 44.5189419], [6.3205082, 44.5188441], [6.3204268, 44.5187655], [6.3203666, 44.5189844], [6.3203223, 44.5190669], [6.3203273, 44.5191298], [6.3202184, 44.5192209], [6.3200437, 44.5192122], [6.3199377, 44.5193145], [6.3198212, 44.5192829], [6.3197558, 44.5192407], [6.3196945, 44.5192696], [6.3196306, 44.5192544], [6.3194575, 44.5192875], [6.3193316, 44.5192733], [6.3193356, 44.5193551], [6.3194694, 44.5194673], [6.3194607, 44.5195127], [6.3193578, 44.5196689], [6.3193759, 44.5197405], [6.3193588, 44.5198581], [6.3194157, 44.5199465], [6.3194685, 44.5199891], [6.3194609, 44.5200524], [6.319107, 44.5202009], [6.3189009, 44.5203161], [6.3188014, 44.520338], [6.3185621, 44.5205083], [6.3185063, 44.5206091], [6.3185128, 44.520699], [6.3185012, 44.5207536], [6.3185074, 44.5207983], [6.3184924, 44.5208778], [6.3184982, 44.5209607], [6.3185366, 44.5209511], [6.3186054, 44.5209017], [6.3186712, 44.5207892], [6.3187095, 44.5206381], [6.318891, 44.5205326], [6.3192248, 44.5204487], [6.3197893, 44.5202389], [6.3198362, 44.5202015], [6.3198924, 44.5201088], [6.3198806, 44.5199289], [6.3199024, 44.5198922], [6.3201488, 44.5198208], [6.3202516, 44.5198348], [6.3203482, 44.519786], [6.3205504, 44.519797], [6.3207169, 44.5198452], [6.3210562, 44.5198322], [6.3212426, 44.5197897], [6.3213311, 44.519796], [6.3213212, 44.5198414], [6.3211694, 44.52], [6.3211283, 44.5201364], [6.3210463, 44.52022], [6.3209911, 44.5203307], [6.3207714, 44.5204283], [6.3207237, 44.5204748], [6.3207151, 44.5205201], [6.3208625, 44.5204787], [6.32105, 44.5204541], [6.3211259, 44.5204609], [6.3211615, 44.5204229], [6.3212118, 44.5204213], [6.3212702, 44.5203655], [6.3214943, 44.5203209], [6.3217139, 44.5202233], [6.3217362, 44.5203659], [6.3218182, 44.5204535], [6.3218268, 44.5205794], [6.3219284, 44.5205935], [6.3220394, 44.5205532], [6.3221093, 44.520479], [6.3222607, 44.5204826], [6.3223819, 44.5204239], [6.3224338, 44.5204494], [6.3225463, 44.5204361], [6.3226484, 44.5204592], [6.3227233, 44.5206182], [6.322827, 44.5206691], [6.3228576, 44.5207394], [6.3229506, 44.5207997], [6.3230352, 44.5209314], [6.3230438, 44.5210572], [6.3230695, 44.5210655], [6.3231787, 44.5210162], [6.3231679, 44.5208544], [6.3232012, 44.5207993], [6.3232826, 44.5207059], [6.3234504, 44.5205828], [6.323575, 44.520561], [6.3236887, 44.5205657], [6.3237368, 44.5205273], [6.3239235, 44.5205117], [6.3241627, 44.5204448], [6.3242196, 44.5204289], [6.3242432, 44.52023], [6.3243236, 44.5201195], [6.3246105, 44.520073], [6.3248197, 44.5200108], [6.3249289, 44.5199625], [6.3249809, 44.519969], [6.3250868, 44.5200559], [6.3251226, 44.5201242], [6.3252341, 44.5201899], [6.325328, 44.5202316], [6.3254205, 44.5202777], [6.3255653, 44.520281], [6.3257686, 44.5202898], [6.3258487, 44.5202558], [6.3259199, 44.5202597], [6.3260319, 44.5202374], [6.3261642, 44.5201514], [6.3262275, 44.5199873], [6.3263226, 44.5199114], [6.3263789, 44.5198196], [6.3264074, 44.5196836], [6.3264652, 44.5196179], [6.3266134, 44.5195675], [6.3266773, 44.5195836], [6.3267139, 44.5195644], [6.3267794, 44.5196066], [6.3267969, 44.5196692], [6.3268061, 44.519804], [6.3266951, 44.5200146], [6.3265292, 44.5201476], [6.3264388, 44.5203035], [6.3262875, 44.5204711], [6.3261891, 44.520511], [6.3260357, 44.5204715], [6.325951, 44.5204914], [6.325822, 44.5205391], [6.3257317, 44.5205051], [6.3255976, 44.5205051], [6.3255021, 44.5205282], [6.3254343, 44.5205644], [6.3253465, 44.5206325], [6.3252695, 44.5207105], [6.3251871, 44.5207539], [6.325162, 44.5209258], [6.3251708, 44.520978], [6.3252257, 44.5213023], [6.3253126, 44.521452], [6.3254459, 44.5215552], [6.3255103, 44.5215803], [6.3255386, 44.5216326], [6.3256174, 44.5216663], [6.3256926, 44.5218523], [6.3257468, 44.5218957], [6.3257379, 44.5219591], [6.3257991, 44.5221005], [6.3258133, 44.5222983], [6.3257743, 44.5224706], [6.325823, 44.5224421], [6.3258749, 44.5224667], [6.3259039, 44.5225109], [6.3259228, 44.5227408], [6.325911, 44.522805], [6.3258886, 44.5229685], [6.325883, 44.5230096], [6.3258711, 44.5233029], [6.3258842, 44.52344], [6.3259296, 44.5235384], [6.3260563, 44.523611], [6.3261261, 44.5236295], [6.3261854, 44.5236314], [6.3266257, 44.523646], [6.3269328, 44.5237071], [6.3271251, 44.5237634], [6.3272036, 44.5238142], [6.3272764, 44.5239382], [6.3273064, 44.5240184], [6.3273053, 44.5241707], [6.3273446, 44.5241965], [6.3273616, 44.5242501], [6.3272286, 44.5245163], [6.3271357, 44.5246272], [6.3269335, 44.5249586], [6.3269548, 44.5250841], [6.3269997, 44.5251878], [6.3269776, 44.5252365], [6.3268575, 44.5254843], [6.3268803, 44.5256359], [6.3268595, 44.5256906], [6.3267526, 44.525843], [6.3265359, 44.5260683], [6.3264643, 44.5261648], [6.3264834, 44.5262543], [6.3264413, 44.5263727], [6.326296, 44.5264501], [6.3262506, 44.5265145], [6.3263376, 44.5264939], [6.3265009, 44.5264871], [6.3265413, 44.526531], [6.3265002, 44.5266674], [6.3263685, 44.5269335], [6.326374, 44.5270054], [6.3264165, 44.5270853], [6.3265351, 44.5271529], [6.3265946, 44.5272853], [6.3265869, 44.5273486], [6.3265147, 44.5274058], [6.3264016, 44.5275804], [6.3264574, 44.5276508], [6.3264797, 44.5277943], [6.3266049, 44.5279518], [6.3265392, 44.5280979], [6.3264578, 44.5281914], [6.3261108, 44.5282667], [6.3259337, 44.5284261], [6.3259084, 44.5286161], [6.3260297, 44.5287287], [6.326021, 44.528774], [6.3259712, 44.5287845], [6.3259068, 44.5287603], [6.3255745, 44.5287], [6.3254166, 44.5287778], [6.3253959, 44.5288325], [6.3254691, 44.5289834], [6.3255439, 44.5291425], [6.3257663, 44.5290898], [6.326069, 44.5290969], [6.3262319, 44.5290821], [6.3264023, 44.5290031], [6.3265325, 44.528882], [6.3265379, 44.5287827], [6.3265199, 44.5287112], [6.3266034, 44.5286537], [6.3269127, 44.5285237], [6.3271418, 44.5284275], [6.3271985, 44.5283438], [6.3273292, 44.5282318], [6.3274096, 44.5281203], [6.3274276, 44.5280207], [6.3274232, 44.5279667], [6.3273637, 44.5278343], [6.3273731, 44.5277799], [6.3275692, 44.5275379], [6.3275909, 44.527393], [6.3276207, 44.527194], [6.3275886, 44.5270968], [6.3276306, 44.5269775], [6.3276885, 44.5269126], [6.3277613, 44.5268645], [6.3278847, 44.5268427], [6.3280797, 44.526754], [6.3283465, 44.5266009], [6.3286301, 44.5265184], [6.3288312, 44.5265105], [6.3290606, 44.5265568], [6.3295163, 44.5265944], [6.3298742, 44.526662], [6.3299878, 44.5266667], [6.3300539, 44.5267187], [6.3301822, 44.526759], [6.3302521, 44.5268551], [6.3302849, 44.5269622], [6.3302778, 44.5270345], [6.3303401, 44.5271939], [6.3303312, 44.5272573], [6.3302132, 44.5273699], [6.3301121, 44.527536], [6.3299946, 44.5276576], [6.3299509, 44.527749], [6.3299399, 44.5279476], [6.3298475, 44.5280675], [6.329776, 44.5281156], [6.3296263, 44.528139], [6.3295398, 44.5281687], [6.3293508, 44.5283384], [6.3293278, 44.5283751], [6.3292935, 44.5284122], [6.3293453, 44.5286079], [6.3292404, 44.5287291], [6.3292331, 44.5289907], [6.3292113, 44.5290274], [6.3291391, 44.5290836], [6.3289534, 44.529118], [6.328855, 44.529157], [6.3287238, 44.529261], [6.3286675, 44.5293537], [6.3286555, 44.5295334], [6.3287171, 44.5297027], [6.3287587, 44.5297465], [6.3288499, 44.5297969], [6.3288981, 44.5299306], [6.3290261, 44.5301352], [6.3290836, 44.5301076], [6.3290968, 44.530076], [6.329117, 44.5300123], [6.3290761, 44.5299595], [6.3290711, 44.5298966], [6.3291128, 44.5297692], [6.3291615, 44.5297407], [6.3291761, 44.5296051], [6.3291313, 44.5295073], [6.3291418, 44.529471], [6.3295969, 44.5293284], [6.3297987, 44.5291412], [6.3298729, 44.529138], [6.3303923, 44.5292524], [6.3304155, 44.5292171], [6.3303253, 44.5291217], [6.3301679, 44.5290372], [6.3301009, 44.5289681], [6.3300396, 44.5288258], [6.3300484, 44.5287624], [6.3301163, 44.5286522], [6.3302595, 44.5285389], [6.3303802, 44.5284713], [6.3305588, 44.5283388], [6.3306807, 44.5282712], [6.330831, 44.5280855], [6.3310135, 44.527998], [6.3311311, 44.5278774], [6.3313599, 44.5277425], [6.3314971, 44.5275482], [6.3315694, 44.527492], [6.3315321, 44.5273309], [6.331594, 44.527311], [6.331629, 44.5272649], [6.3316481, 44.5271824], [6.3316169, 44.5271031], [6.3317329, 44.5269546], [6.3317475, 44.526819], [6.3317907, 44.5267185], [6.331722, 44.5264503], [6.3317068, 44.5262354], [6.3317751, 44.5261333], [6.3318718, 44.5260854], [6.3320471, 44.5260693], [6.3323635, 44.5260939], [6.332475, 44.5260635], [6.332612, 44.5260585], [6.3327777, 44.5260697], [6.3328044, 44.5260959], [6.332777, 44.5262499], [6.3328868, 44.5263809], [6.3329213, 44.526497], [6.3328627, 44.526742], [6.3328932, 44.5270024], [6.3329883, 44.5270977], [6.3329943, 44.5271786], [6.3329124, 44.5272631], [6.3329059, 44.5273444], [6.3330046, 44.5275027], [6.3330216, 44.5275563], [6.3330117, 44.5276016], [6.3329177, 44.5276945], [6.3329041, 44.5278481], [6.3329461, 44.5279189], [6.3329154, 44.528019], [6.3330598, 44.528266], [6.333181, 44.5283786], [6.333217, 44.5285397], [6.3332568, 44.5285736], [6.3333005, 44.5284822], [6.3333154, 44.5283286], [6.3332417, 44.5281695], [6.3332624, 44.5281148], [6.3333334, 44.5280577], [6.3333182, 44.5280131], [6.3333488, 44.5279131], [6.3334598, 44.5278737], [6.333427, 44.5277666], [6.3334849, 44.5275305], [6.3335335, 44.5275011], [6.3336347, 44.5275071], [6.3337056, 44.52745], [6.3335757, 44.5273827], [6.3335571, 44.5273022], [6.3336898, 44.5272252], [6.3338297, 44.5272471], [6.3338221, 44.5271401], [6.3337298, 44.5270708], [6.3336248, 44.5270208], [6.3336062, 44.5269403], [6.3336987, 44.5268204], [6.3338172, 44.5267168], [6.3338609, 44.5266254], [6.33392, 44.5265596], [6.3340932, 44.5265264], [6.3341594, 44.5263893], [6.3342206, 44.5263595], [6.3342161, 44.5263056], [6.3342735, 44.5262318], [6.334479, 44.5261075], [6.3345703, 44.5259687], [6.3346539, 44.5259121], [6.3347167, 44.5259093], [6.3348102, 44.5259786], [6.3349113, 44.5259836], [6.334961, 44.5259722], [6.3349948, 44.5259261], [6.3350079, 44.5257635], [6.335238, 44.5256295], [6.3355068, 44.5255115], [6.3356084, 44.5255255], [6.3357559, 44.5256553], [6.3358204, 44.5256804], [6.3358876, 44.5257315], [6.3359718, 44.5258551], [6.3359783, 44.5259441], [6.3360302, 44.5259696], [6.3361574, 44.5259919], [6.3362444, 44.5259712], [6.336253, 44.5259259], [6.3362318, 44.5258004], [6.3362914, 44.5257437], [6.336547, 44.5258071], [6.3366848, 44.525793], [6.3367203, 44.525755], [6.3367033, 44.5257024], [6.3366098, 44.5256331], [6.3365805, 44.5255628], [6.3364558, 44.5254143], [6.3364094, 44.5252896], [6.3363417, 44.5252105], [6.3363384, 44.5251755], [6.3364334, 44.5250996], [6.3364789, 44.5250172], [6.3369334, 44.5246944], [6.3370444, 44.5246541], [6.3371444, 44.5246411], [6.3372165, 44.5246029], [6.3373104, 44.5245091], [6.3373864, 44.5245158], [6.337423, 44.5244966], [6.3375159, 44.5243848], [6.3375329, 44.5242672], [6.3375821, 44.5242476], [6.3377301, 44.5242152], [6.3378191, 44.5242297], [6.3378754, 44.524309], [6.3380333, 44.5244016], [6.3380737, 44.5244454], [6.338241, 44.5244845], [6.3383256, 44.5246162], [6.3384053, 44.5246859], [6.338449, 44.5247647], [6.3385381, 44.5247801], [6.3386124, 44.5247589], [6.3387255, 44.5247546], [6.3387718, 44.5247081], [6.3388849, 44.5247038], [6.3388692, 44.5246502], [6.3386348, 44.524542], [6.3386151, 44.5244434], [6.3385326, 44.5243477], [6.3384912, 44.5242859], [6.3383988, 44.5242355], [6.3383294, 44.5241475], [6.3383469, 44.5240389], [6.338394, 44.5239834], [6.3383256, 44.5239143], [6.3381945, 44.5238471], [6.3381524, 44.5236051], [6.3380459, 44.5235281], [6.3379689, 44.5235034], [6.3380115, 44.523394], [6.3380433, 44.5231227], [6.3380067, 44.5229716], [6.338021, 44.5228089], [6.3380662, 44.5227436], [6.3380749, 44.5226983], [6.3379794, 44.5226573], [6.3378947, 44.5224623], [6.3379237, 44.5223352], [6.337904, 44.5222367], [6.337714, 44.5220887], [6.3377047, 44.5220815], [6.3376599, 44.5219846], [6.3374795, 44.5219369], [6.3373485, 44.5218517], [6.3373511, 44.5217254], [6.3373961, 44.521634], [6.3374681, 44.5215949], [6.3377599, 44.5212689], [6.33795, 44.5211181], [6.3381073, 44.5210313], [6.3382183, 44.5208207], [6.3383468, 44.5206717], [6.3383844, 44.5206697], [6.3384887, 44.5207296], [6.3385822, 44.5209692], [6.3386778, 44.5210735], [6.3390159, 44.5212327], [6.3391667, 44.5212272], [6.3392662, 44.5212053], [6.3392995, 44.5211502], [6.3392667, 44.5210431], [6.339212, 44.5209916], [6.3392323, 44.5209089], [6.3392224, 44.520784], [6.3393574, 44.5205538], [6.3395634, 44.5204385], [6.3396803, 44.5201367], [6.3397667, 44.5201062], [6.3398939, 44.5201284], [6.3402736, 44.5200769], [6.3403973, 44.520055], [6.3408233, 44.520218], [6.341078, 44.5203956], [6.34117, 44.5204727], [6.3411087, 44.5205444], [6.3410745, 44.5206261], [6.340974, 44.5208012], [6.3409143, 44.5208571], [6.340886, 44.5209751], [6.3408505, 44.5210122], [6.3408477, 44.5211565], [6.3409772, 44.5211967], [6.34101, 44.5211326], [6.3411209, 44.5210923], [6.3412257, 44.52099], [6.3413639, 44.520985], [6.3414317, 44.5210451], [6.3415077, 44.5210518], [6.3416519, 44.5209564], [6.3417957, 44.5210232], [6.3418967, 44.5210283], [6.342019, 44.5209876], [6.3420638, 44.5210854], [6.3420846, 44.5212019], [6.3420152, 44.5212851], [6.3420004, 44.5214387], [6.3419169, 44.5216665], [6.3419413, 44.521846], [6.3419425, 44.5220351], [6.3418966, 44.5220906], [6.3418775, 44.5221723], [6.3417758, 44.5223474], [6.3417966, 44.522464], [6.3416808, 44.5225936], [6.3416425, 44.5227759], [6.3415666, 44.5229404], [6.3415207, 44.5229958], [6.341553, 44.5230939], [6.3415442, 44.5232283], [6.3415261, 44.5232838], [6.3414833, 44.5233426], [6.3414758, 44.5233921], [6.3414946, 44.5234409], [6.3415443, 44.5234604], [6.3416111, 44.523454], [6.3416561, 44.5234305], [6.3418943, 44.5233062], [6.3420003, 44.5232038], [6.3420338, 44.5231307], [6.3421796, 44.5230623], [6.3422976, 44.5229497], [6.342444, 44.5228903], [6.3424505, 44.5228091], [6.3425473, 44.5227422], [6.3425965, 44.5227226], [6.3426751, 44.5226031], [6.3427719, 44.5225362], [6.3429303, 44.5224674], [6.3429483, 44.5223678], [6.3431533, 44.5222345], [6.3433504, 44.5221817], [6.3434886, 44.5221766], [6.3435858, 44.5221376], [6.3436761, 44.522152], [6.3438568, 44.5222267], [6.3438945, 44.5222247], [6.343917, 44.5221789], [6.3438842, 44.5220727], [6.3439234, 44.5219265], [6.3439705, 44.521871], [6.3440944, 44.5218573], [6.3441852, 44.5218816], [6.3443021, 44.5219402], [6.3444348, 44.5218632], [6.3444567, 44.5218085], [6.3444928, 44.5217803], [6.3449026, 44.5217021], [6.3451188, 44.5215676], [6.3451156, 44.5215146], [6.3451761, 44.5214938], [6.3452259, 44.5214833], [6.3452921, 44.5215164], [6.3454057, 44.521522], [6.3454576, 44.5215466], [6.3455707, 44.5215422], [6.3457055, 44.5215012], [6.3458247, 44.5215787], [6.3459586, 44.5216908], [6.3460339, 44.5216877], [6.3461279, 44.521765], [6.3462459, 44.5220128], [6.3462273, 44.5221035], [6.3462426, 44.5221481], [6.3463929, 44.5221336], [6.3465146, 44.5220839], [6.3465989, 44.5220183], [6.3466316, 44.5219543], [6.3466912, 44.5218975], [6.3468688, 44.5219182], [6.3470178, 44.5219038], [6.3470835, 44.5219288], [6.3472097, 44.5219331], [6.3473244, 44.5219558], [6.3473856, 44.5219269], [6.3474867, 44.5219319], [6.3475565, 44.5218568], [6.3475953, 44.5218736], [6.3476368, 44.5219355], [6.3478057, 44.5220015], [6.3478478, 44.5220534], [6.3479112, 44.5220605], [6.348023, 44.5220562], [6.3480882, 44.5220722], [6.3481285, 44.5221152], [6.3481226, 44.5222054], [6.3482138, 44.5222567], [6.3482303, 44.5223013], [6.3483193, 44.5223157], [6.348411, 44.5223751], [6.3485465, 44.522325], [6.3486285, 44.5222414], [6.3486782, 44.52223], [6.348729, 44.5222375], [6.3487956, 44.5222985], [6.348911, 44.5223122], [6.3489563, 44.522418], [6.3489978, 44.5224798], [6.3490497, 44.5225053], [6.3493623, 44.522467], [6.3495282, 44.5225052], [6.3496419, 44.5225107], [6.3497901, 44.5224603], [6.3499294, 44.5224732], [6.3500281, 44.5224602], [6.3500965, 44.5225303], [6.3501729, 44.5225451], [6.3502025, 44.5225982], [6.3501976, 44.5227065], [6.3501752, 44.5227522], [6.350137, 44.5229156], [6.3501588, 44.5230501], [6.3501905, 44.5231383], [6.3501992, 44.5232642], [6.3501239, 44.5234386], [6.3501829, 44.523562], [6.3501173, 44.5237091], [6.350149, 44.5237973], [6.3502441, 44.5237223], [6.350373, 44.5235824], [6.3503806, 44.5235191], [6.3504512, 44.5234349], [6.3505909, 44.5231153], [6.3507838, 44.5229905], [6.3508576, 44.5229613], [6.3514203, 44.5229135], [6.3515197, 44.5228916], [6.3516219, 44.5229155], [6.3515333, 44.5232696], [6.3516591, 44.5234361], [6.3516946, 44.5235882], [6.3517509, 44.5236667], [6.3517596, 44.5237925], [6.3518028, 44.5238633], [6.3518596, 44.5237805], [6.3520169, 44.5236928], [6.3520504, 44.5236197], [6.3520464, 44.5235748], [6.3521705, 44.5233728], [6.3523791, 44.5233016], [6.3524916, 44.5232882], [6.3526577, 44.5233273], [6.3526765, 44.5233664], [6.3527769, 44.5235751], [6.3528802, 44.523617], [6.3529944, 44.5236307], [6.3530381, 44.5237095], [6.3531266, 44.5237159], [6.353362, 44.5236709], [6.353478, 44.5236935], [6.3535848, 44.5238197], [6.3536898, 44.5238286], [6.3538025, 44.523835], [6.3539445, 44.5238928], [6.3542259, 44.5239455], [6.354285, 44.5240699], [6.3542402, 44.5241433], [6.3542686, 44.5241965], [6.3541516, 44.5243262], [6.3542189, 44.5243782], [6.3543063, 44.5243657], [6.3543844, 44.5244084], [6.3543914, 44.5244433], [6.3544041, 44.524506], [6.3542911, 44.5246815], [6.3543069, 44.5247351], [6.3542768, 44.5248441], [6.3542879, 44.524988], [6.3542528, 44.5250341], [6.3540241, 44.525169], [6.353989, 44.5252151], [6.3540043, 44.5252597], [6.3541459, 44.5252905], [6.3542802, 44.5252405], [6.3543813, 44.5252455], [6.3544792, 44.5251975], [6.3545949, 44.5250669], [6.3546244, 44.5249489], [6.3547188, 44.524864], [6.3548811, 44.5248402], [6.3549953, 44.5248538], [6.3552171, 44.5247921], [6.3552799, 44.5247893], [6.3554095, 44.5248295], [6.3555057, 44.5249437], [6.3555123, 44.5250327], [6.3554724, 44.525188], [6.3555127, 44.5252309], [6.3557007, 44.5252153], [6.3557897, 44.5252297], [6.355934, 44.5251352], [6.3561929, 44.5250625], [6.3562575, 44.5250686], [6.3563099, 44.5251031], [6.3563286, 44.5251836], [6.3562072, 44.5254306], [6.3562002, 44.5255029], [6.3563254, 44.52549], [6.3566689, 44.5253778], [6.3569529, 44.5253042], [6.3570475, 44.5253915], [6.3571, 44.5255962], [6.3572027, 44.5256282], [6.3573508, 44.5255778], [6.3575257, 44.5255535], [6.3577939, 44.5256156], [6.3579907, 44.5257259], [6.3580054, 44.5257615], [6.3579918, 44.5259151], [6.3579257, 44.5260522], [6.3579093, 44.5261789], [6.3577772, 44.5264361], [6.3578137, 44.5265041], [6.3580154, 44.5266072], [6.3582978, 44.5265067], [6.3584792, 44.5264012], [6.3586897, 44.5263398], [6.3587913, 44.5263539], [6.3589006, 44.5264758], [6.3590169, 44.5265254], [6.359106, 44.5265407], [6.3592552, 44.5265082], [6.3594988, 44.5263909], [6.3598327, 44.5263068], [6.3600086, 44.5263006], [6.3602179, 44.5264095], [6.3603243, 44.5265045], [6.3605385, 44.5265061], [6.3608206, 44.5265678], [6.3610604, 44.5265767], [6.3611893, 44.5266259], [6.3612778, 44.5266322], [6.3613805, 44.5266642], [6.3615264, 44.526767], [6.3615833, 44.5268545], [6.3615075, 44.5270199], [6.3614141, 44.5271219], [6.3613282, 44.5271614], [6.3612528, 44.5271637], [6.3610316, 44.5272353], [6.3608853, 44.5272947], [6.3608344, 44.5272873], [6.3107689, 44.5112278]]], [[[6.3608344, 44.5272873], [6.3607727, 44.5273081], [6.3607339, 44.5272912], [6.3607098, 44.52731], [6.3607376, 44.5273542], [6.3608392, 44.5273682], [6.361034, 44.5276137], [6.3609628, 44.5276879], [6.360904, 44.527906], [6.3605708, 44.5279999], [6.3605068, 44.5279839], [6.3604652, 44.5279401], [6.3602041, 44.5279769], [6.3598724, 44.5280969], [6.3597304, 44.5282283], [6.3597354, 44.5282912], [6.3598955, 44.5284206], [6.3601983, 44.5285988], [6.3603507, 44.5286202], [6.3605315, 44.528694], [6.3606119, 44.5287547], [6.3607256, 44.5287593], [6.3609005, 44.5287351], [6.3610649, 44.5287472], [6.3611807, 44.5287878], [6.3613511, 44.5287096], [6.3614271, 44.5287154], [6.3615632, 44.5286743], [6.3615975, 44.5286372], [6.3616139, 44.5285106], [6.3618652, 44.5285011], [6.3620624, 44.5284492], [6.3622061, 44.5283448], [6.362293, 44.5283241], [6.3623519, 44.5282763], [6.3624776, 44.5282716], [6.3627611, 44.5281891], [6.3633246, 44.5281332], [6.3633529, 44.5281855], [6.3632078, 44.5284341], [6.3631235, 44.5285283], [6.363033, 44.5286295], [6.3628773, 44.5287433], [6.3628461, 44.5290236], [6.3628818, 44.5291576], [6.362967, 44.5292983], [6.3631195, 44.5293198], [6.3631516, 44.5292467], [6.3631353, 44.5291841], [6.3631801, 44.5291107], [6.3631619, 44.5290392], [6.3632106, 44.5290106], [6.3632423, 44.5289286], [6.3634417, 44.5288937], [6.363487, 44.5288292], [6.3635483, 44.5288003], [6.3637002, 44.5288128], [6.3638765, 44.5286434], [6.3640028, 44.5286486], [6.3641098, 44.5285633], [6.3641977, 44.5285598], [6.3642766, 44.5285934], [6.3643983, 44.5285437], [6.3644716, 44.5285046], [6.3645158, 44.5284221], [6.3646004, 44.5283835], [6.3646087, 44.5283112], [6.3647299, 44.5282525], [6.3648446, 44.5282751], [6.364943, 44.5282352], [6.365031, 44.5282325], [6.3651069, 44.5282383], [6.3651735, 44.5282993], [6.3652997, 44.5283036], [6.3654861, 44.528261], [6.3655314, 44.5281956], [6.3655921, 44.5281577], [6.3656592, 44.5282268], [6.3657723, 44.5282234], [6.3658849, 44.5282101], [6.366004, 44.5281154], [6.3662412, 44.5280802], [6.3662799, 44.5280962], [6.3663847, 44.5281642], [6.3664675, 44.528432], [6.3665238, 44.5285104], [6.3665762, 44.5285449], [6.3666893, 44.5285405], [6.3667161, 44.5285667], [6.3667195, 44.5286027], [6.3666724, 44.5286582], [6.3666806, 44.5287751], [6.3666265, 44.5289029], [6.3665797, 44.5289412], [6.366601, 44.5290658], [6.3665207, 44.5291773], [6.3665252, 44.5292312], [6.3666799, 44.5294599], [6.3667056, 44.5294672], [6.3667208, 44.5295118], [6.3667454, 44.529502], [6.3668979, 44.5295235], [6.367017, 44.5296001], [6.3671417, 44.5299377], [6.367061, 44.5302105], [6.3671791, 44.5304583], [6.3671726, 44.5305396], [6.3670754, 44.5307687], [6.3670285, 44.5308062], [6.3669608, 44.5309173], [6.3669423, 44.531008], [6.3669843, 44.5310779], [6.36708, 44.5311831], [6.3671036, 44.5313256], [6.3672238, 44.5316094], [6.3672518, 44.5318248], [6.3671824, 44.531908], [6.3671754, 44.5319803], [6.3672115, 44.5322381], [6.3672521, 44.5325276], [6.3673041, 44.5327233], [6.3672746, 44.5328414], [6.3673043, 44.5328945], [6.3674376, 44.5329977], [6.3675195, 44.5331024], [6.3675563, 44.5332545], [6.367648, 44.5333138], [6.3676781, 44.533376], [6.3676154, 44.5335491], [6.3673864, 44.5337021], [6.3673226, 44.5338572], [6.3672648, 44.5339229], [6.3673129, 44.5340737], [6.3673227, 44.5342176], [6.3674638, 44.5344286], [6.3675584, 44.534515], [6.3676239, 44.534558], [6.3676862, 44.5345462], [6.3677191, 44.5346533], [6.3677995, 44.534713], [6.3678313, 44.5348022], [6.3678848, 44.5348546], [6.3682877, 44.5350198], [6.3683641, 44.5350346], [6.3683887, 44.5350248], [6.3680722, 44.5348291], [6.3680164, 44.5347596], [6.3680956, 44.5346301], [6.3681328, 44.53462], [6.3680989, 44.5344949], [6.3681321, 44.5344398], [6.3681194, 44.534269], [6.368101, 44.5341713], [6.3680593, 44.5341275], [6.3681226, 44.5339634], [6.368228, 44.5338512], [6.3683384, 44.5338018], [6.368438, 44.5337808], [6.3686159, 44.5336384], [6.3686542, 44.5336462], [6.3687651, 44.5336059], [6.3687842, 44.5335242], [6.3688535, 44.533441], [6.3689988, 44.5333964], [6.3689978, 44.5333456], [6.3688994, 44.5331963], [6.3689163, 44.5330787], [6.368884, 44.5329806], [6.3688926, 44.5329352], [6.368826, 44.5328742], [6.3687675, 44.5327598], [6.3686564, 44.5326289], [6.3687286, 44.5325717], [6.3687111, 44.5325101], [6.3688636, 44.5323423], [6.3689722, 44.5322841], [6.3689692, 44.5318967], [6.3690097, 44.5317513], [6.3690926, 44.5316848], [6.3691232, 44.5315847], [6.3691588, 44.5315476], [6.3691902, 44.5312944], [6.3692842, 44.5312005], [6.3692524, 44.5311122], [6.3692749, 44.5310665], [6.3693458, 44.5310094], [6.3693376, 44.5308925], [6.3695495, 44.5306869], [6.3696228, 44.5306477], [6.3696434, 44.5305895], [6.3696648, 44.5305293], [6.3697909, 44.5303632], [6.3699346, 44.5302588], [6.3700291, 44.530174], [6.3700952, 44.5300368], [6.3701907, 44.5299699], [6.3701966, 44.5298796], [6.3702574, 44.5298417], [6.3704658, 44.5295993], [6.3705512, 44.5295516], [6.3707112, 44.5295098], [6.3707871, 44.5295156], [6.3708659, 44.5295492], [6.3710309, 44.5295694], [6.3710478, 44.529641], [6.3710884, 44.5296667], [6.3712861, 44.5296238], [6.3713693, 44.5295687], [6.3715745, 44.5294329], [6.3715881, 44.5292613], [6.3716585, 44.5291952], [6.3718241, 44.5292253], [6.3719022, 44.5292679], [6.3720438, 44.5292987], [6.3722711, 44.529308], [6.3723498, 44.5293597], [6.3724498, 44.5293467], [6.3726535, 44.5293837], [6.3727557, 44.5294076], [6.3727848, 44.5294509], [6.3730907, 44.5295118], [6.3733428, 44.5296825], [6.3735893, 44.5297822], [6.3737255, 44.5301015], [6.3739392, 44.5302824], [6.3740267, 44.530441], [6.3741185, 44.5305013], [6.3742399, 44.5306138], [6.3743038, 44.530629], [6.3743858, 44.5307166], [6.3744634, 44.5307493], [6.3746925, 44.5307676], [6.3751444, 44.5309312], [6.3752051, 44.5310826], [6.3752882, 44.5311872], [6.3752571, 44.5312783], [6.3752934, 44.5314214], [6.375288, 44.5315206], [6.3752459, 44.5316391], [6.3751448, 44.5318233], [6.3751875, 44.5318841], [6.3751805, 44.5319564], [6.3754943, 44.5322964], [6.3759263, 44.532695], [6.3759776, 44.5327106], [6.3761349, 44.5326237], [6.3762476, 44.5326113], [6.376389, 44.5326592], [6.3764826, 44.5327284], [6.3766693, 44.5327128], [6.3767043, 44.5326658], [6.3767541, 44.5326553], [6.3768846, 44.5327315], [6.3769223, 44.5327303], [6.3769824, 44.5326825], [6.3770448, 44.5326716], [6.3770983, 44.532724], [6.3771611, 44.5327212], [6.3772387, 44.5327549], [6.3773251, 44.5327243], [6.3773858, 44.5326864], [6.377512, 44.5326906], [6.3775917, 44.5325701], [6.3776282, 44.532569], [6.3776688, 44.5325948], [6.3778741, 44.5326588], [6.377925, 44.5326663], [6.3783038, 44.5328502], [6.378587, 44.533119], [6.3788042, 44.5335071], [6.3788678, 44.5336853], [6.3787907, 44.5338499], [6.3784597, 44.5341501], [6.3783604, 44.5343433], [6.3782649, 44.5344093], [6.378113, 44.5343968], [6.3779905, 44.5344556], [6.3779458, 44.5345299], [6.3779968, 44.5347077], [6.3779722, 44.5347174], [6.3778831, 44.534703], [6.3778481, 44.5347492], [6.3782095, 44.5350417], [6.3786304, 44.5352965], [6.3790202, 44.535453], [6.3794803, 44.5355624], [6.3798635, 44.5356299], [6.380205, 44.5356528], [6.3804051, 44.5356278], [6.3804902, 44.5355972], [6.3805219, 44.5355999], [6.3805952, 44.5356481], [6.3806586, 44.5356542], [6.3812717, 44.5356048], [6.3815793, 44.5355035], [6.3821174, 44.5354653], [6.3822541, 44.5354332], [6.3828465, 44.5354385], [6.382923, 44.5354542], [6.3830559, 44.5355483], [6.3831541, 44.5355264], [6.3835432, 44.5355027], [6.3837055, 44.5354788], [6.3838022, 44.5354308], [6.3838251, 44.5353932], [6.38383, 44.5352849], [6.3839004, 44.5352197], [6.3840114, 44.5351793], [6.3842227, 44.5351539], [6.3845255, 44.5351608], [6.3846174, 44.5352022], [6.3849742, 44.5352705], [6.3851355, 44.5352286], [6.385224, 44.535234], [6.3853342, 44.5352027], [6.3855867, 44.5352112], [6.3856032, 44.5352557], [6.3858076, 44.5353026], [6.3859656, 44.535396], [6.3860421, 44.5354107], [6.3870606, 44.5354002], [6.3889903, 44.5354374], [6.3899695, 44.535401], [6.3905547, 44.5353073], [6.3909851, 44.5351742], [6.391255, 44.535074], [6.3918859, 44.5347357], [6.3922316, 44.5344709], [6.3924903, 44.5342269], [6.3925515, 44.534198], [6.3926144, 44.5341961], [6.3927302, 44.5342366], [6.3928232, 44.534296], [6.3928516, 44.5343491], [6.3928315, 44.5344128], [6.3921305, 44.5351588], [6.3917286, 44.5355343], [6.3917085, 44.535598], [6.3918282, 44.5356835], [6.3918917, 44.5356906], [6.3929791, 44.5357581], [6.3940005, 44.5357744], [6.394088, 44.535951], [6.3940952, 44.5360499], [6.393955, 44.5363795], [6.3941721, 44.5363482], [6.3941286, 44.5366021], [6.3941731, 44.5369477], [6.3941699, 44.537083], [6.3942267, 44.5371396], [6.3942919, 44.5372045], [6.3946045, 44.537166], [6.3946623, 44.5371012], [6.3946734, 44.5369849], [6.394677, 44.5369475], [6.3946474, 44.5368944], [6.3946801, 44.5368303], [6.3951265, 44.5367328], [6.3952872, 44.5366819], [6.3953947, 44.5366056], [6.3954509, 44.5365137], [6.3955429, 44.5362217], [6.3955882, 44.5361572], [6.3955855, 44.5361122], [6.3956219, 44.5360645], [6.3956721, 44.5360039], [6.3956847, 44.535919], [6.3957874, 44.5357627], [6.3958572, 44.5356876], [6.3961424, 44.5356319], [6.3962756, 44.5355639], [6.3964396, 44.5355669], [6.3965064, 44.5356099], [6.3971058, 44.5355428], [6.3974462, 44.5355476], [6.3975675, 44.5354898], [6.3976329, 44.5353428], [6.3977568, 44.535329], [6.3979264, 44.535404], [6.3980657, 44.5354168], [6.3988213, 44.5357675], [6.3989603, 44.5359425], [6.3989665, 44.5360234], [6.3989124, 44.5361512], [6.3989288, 44.5362138], [6.3989693, 44.5362387], [6.3991223, 44.5362691], [6.3992334, 44.5362598], [6.3994971, 44.5362378], [6.3998285, 44.5362798], [6.4001871, 44.5365454], [6.4002746, 44.5365328], [6.4004046, 44.5365999], [6.4004806, 44.5366066], [6.4006108, 44.5366558], [6.4006792, 44.5367248], [6.4008098, 44.536801], [6.4008552, 44.5369077], [6.4008619, 44.5369976], [6.4009144, 44.5370321], [6.4010275, 44.5370277], [6.4012187, 44.5368767], [6.401357, 44.5368715], [6.4014362, 44.5369313], [6.4014533, 44.5369848], [6.4014266, 44.5371478], [6.4014311, 44.5372018], [6.401471, 44.5372366], [6.4018398, 44.5372946], [6.4019518, 44.5372722], [6.4019748, 44.5372355], [6.4020125, 44.5372343], [6.4020901, 44.537267], [6.4021586, 44.537337], [6.4023356, 44.5373487], [6.4023996, 44.5373638], [6.4024619, 44.5373529], [6.4025783, 44.5374025], [6.4026799, 44.5374164], [6.4029184, 44.5375695], [6.4030287, 44.537539], [6.4031139, 44.5374905], [6.4031937, 44.5375592], [6.4032702, 44.5375748], [6.4033812, 44.5375345], [6.4034735, 44.5374145], [6.4035106, 44.5374034], [6.4035751, 44.5374285], [6.4037364, 44.5375758], [6.4038348, 44.5375358], [6.4039145, 44.5376045], [6.4040049, 44.5376198], [6.4040403, 44.5376007], [6.4040998, 44.5375439], [6.4041753, 44.5375415], [6.4043665, 44.5375789], [6.404419, 44.5376133], [6.4044868, 44.5376734], [6.4045618, 44.5376621], [6.4046263, 44.5376871], [6.4047656, 44.5376999], [6.4051839, 44.5379096], [6.4051925, 44.5379463], [6.4052026, 44.5379892], [6.4052835, 44.5380768], [6.405205, 44.5381964], [6.4051678, 44.5382065], [6.4051208, 44.5382629], [6.4052007, 44.5383136], [6.4052995, 44.5383007], [6.405422, 44.5382428], [6.4055262, 44.5381126], [6.4056605, 44.5380625], [6.4057507, 44.5380957], [6.4058639, 44.5380913], [6.4060414, 44.5381111], [6.4063113, 44.5380117], [6.4064863, 44.5379874], [6.4067695, 44.538067], [6.4069596, 44.5380863], [6.4071231, 44.5382696], [6.4071894, 44.5383027], [6.407137, 44.5384584], [6.4071633, 44.5384756], [6.4073245, 44.5384328], [6.407427, 44.5382945], [6.4075232, 44.5382185], [6.4077482, 44.5382107], [6.4079905, 44.5382374], [6.4080932, 44.5382694], [6.4081681, 44.5382581], [6.4082468, 44.5383088], [6.4084923, 44.5383895], [6.4086416, 44.5385462], [6.408721, 44.5385888], [6.4087916, 44.5386938], [6.4091035, 44.5386644], [6.4091768, 44.5386261], [6.4093658, 44.5386274], [6.4097586, 44.5384964], [6.4099859, 44.5385055], [6.4101611, 44.5386524], [6.4102747, 44.538657], [6.4103822, 44.5385807], [6.4104566, 44.5385604], [6.4106118, 44.5386268], [6.410738, 44.538631], [6.4107872, 44.5386105], [6.4108324, 44.5385461], [6.4109194, 44.5385254], [6.4110986, 44.5385721], [6.411326, 44.5385822], [6.411526, 44.5385562], [6.4116746, 44.5385146], [6.4118991, 44.5384978], [6.4120144, 44.5385293], [6.4120676, 44.5385547], [6.4123064, 44.5385455], [6.4124846, 44.5385752], [6.4125571, 44.538545], [6.4125916, 44.5384899], [6.4127352, 44.5383854], [6.4128221, 44.5383647], [6.4129056, 44.5383071], [6.4130925, 44.5382734], [6.4131864, 44.5381795], [6.4133316, 44.538102], [6.413495, 44.5380961], [6.413578, 44.5380304], [6.4136681, 44.5380628], [6.4137807, 44.5380494], [6.4139206, 44.5380712], [6.414007, 44.5380415], [6.4140198, 44.5378789], [6.4140941, 44.5378577], [6.4141417, 44.5378112], [6.414253, 44.5377978], [6.4143509, 44.5377488], [6.4144012, 44.5377473], [6.4144624, 44.5377183], [6.414612, 44.5377128], [6.4147727, 44.5376619], [6.4148329, 44.5378033], [6.4148717, 44.5378201], [6.4149219, 44.5378176], [6.4149947, 44.5377703], [6.4151472, 44.5377918], [6.415218, 44.5377346], [6.4152742, 44.5376427], [6.4153229, 44.5376142], [6.4155344, 44.5375698], [6.4155812, 44.5375323], [6.4156561, 44.537521], [6.4157173, 44.5374912], [6.415831, 44.5374958], [6.4159008, 44.5374215], [6.416103, 44.5374324], [6.4161648, 44.5374115], [6.4162483, 44.5373549], [6.416375, 44.5373681], [6.4164197, 44.5372937], [6.4165449, 44.5372808], [6.4165908, 44.5372064], [6.4166387, 44.5371869], [6.4167147, 44.5371936], [6.4167989, 44.537127], [6.4169371, 44.5371218], [6.4169851, 44.5371023], [6.4170485, 44.5371084], [6.4172354, 44.5370747], [6.417337, 44.5370887], [6.4174563, 44.5371652], [6.417494, 44.537164], [6.4176278, 44.5371049], [6.4177409, 44.5371014], [6.41783, 44.5371158], [6.4179613, 44.5371829], [6.4179565, 44.5372912], [6.4176673, 44.5376533], [6.4176391, 44.5377714], [6.4176906, 44.5379761], [6.4175996, 44.538097], [6.4175154, 44.5381627], [6.4174245, 44.5382835], [6.4174925, 44.5385328], [6.4173232, 44.5386291], [6.4172069, 44.5387687], [6.4171469, 44.5387976], [6.4171617, 44.5388332], [6.4172251, 44.5388201], [6.4172634, 44.5388481], [6.4173388, 44.5388448], [6.417396, 44.538771], [6.4174829, 44.5387494], [6.4175971, 44.5387629], [6.4178047, 44.5386745], [6.4178948, 44.5385185], [6.4180438, 44.538504], [6.4181836, 44.5383366], [6.4183152, 44.5382415], [6.4184486, 44.5380112], [6.4186677, 44.5379044], [6.4189003, 44.5378143], [6.4189479, 44.5377678], [6.4190227, 44.5377555], [6.4191878, 44.5377765], [6.4193718, 44.5377159], [6.4194895, 44.5377654], [6.4195649, 44.5377631], [6.4198386, 44.5377257], [6.4199019, 44.5377319], [6.4200758, 44.5376895], [6.4201349, 44.5378139], [6.4203583, 44.5377781], [6.4204, 44.5378219], [6.4204907, 44.5378632], [6.4206793, 44.5378565], [6.4208836, 44.5379024], [6.4209773, 44.5379716], [6.4210096, 44.5380688], [6.4212031, 44.538143], [6.4212715, 44.538212], [6.4213101, 44.5383911], [6.4213545, 44.5384798], [6.4212444, 44.5386995], [6.421031, 44.5388791], [6.4208821, 44.5390828], [6.4208973, 44.5391265], [6.4209493, 44.5391519], [6.4211488, 44.5391178], [6.4213138, 44.5391388], [6.4213842, 44.5390727], [6.4216209, 44.5390284], [6.4218674, 44.5387937], [6.4220629, 44.5387146], [6.4220318, 44.5386165], [6.4221096, 44.538487], [6.4223046, 44.538399], [6.4223554, 44.5384064], [6.4225929, 44.5385414], [6.4226995, 44.5386363], [6.4227773, 44.5386519], [6.4228765, 44.5386479], [6.4230204, 44.5387147], [6.4231192, 44.5390351], [6.4231752, 44.5391054], [6.4233717, 44.5390435], [6.4234718, 44.5390314], [6.4235689, 44.5389914], [6.4236285, 44.5389355], [6.4237879, 44.5388846], [6.4241677, 44.5389151], [6.4243547, 44.5388814], [6.4244443, 44.5389048], [6.4249819, 44.5388574], [6.4251836, 44.5388593], [6.4253248, 44.538881], [6.4254224, 44.5388501], [6.4255241, 44.5388649], [6.4255722, 44.5388265], [6.4256476, 44.5388242], [6.4257214, 44.5387939], [6.4258225, 44.5387998], [6.4259641, 44.5388486], [6.4260084, 44.5389364], [6.4261014, 44.5390146], [6.426112, 44.5391485], [6.4261902, 44.5391912], [6.4263553, 44.5392122], [6.4264777, 44.5391534], [6.4265464, 44.5390612], [6.4264854, 44.5389279], [6.4265428, 44.538836], [6.4266268, 44.5387874], [6.4266447, 44.5386878], [6.4267688, 44.538656], [6.4269207, 44.5386684], [6.4270189, 44.5386473], [6.42722, 44.5386393], [6.4272567, 44.5386201], [6.4273835, 44.5386333], [6.427541, 44.5387176], [6.4277951, 44.538753], [6.4278248, 44.5388061], [6.4278746, 44.5387955], [6.4279019, 44.5388298], [6.4279261, 44.5390003], [6.4281328, 44.539065], [6.4281601, 44.5390993], [6.428304, 44.5391661], [6.4285352, 44.5392391], [6.4286146, 44.5392808], [6.4287677, 44.5393111], [6.4289504, 44.5393947], [6.4292815, 44.5394538], [6.4294129, 44.5395209], [6.4293704, 44.5396312], [6.4293793, 44.5397571], [6.4294095, 44.5398183], [6.4294997, 44.5398516], [6.4298031, 44.5398674], [6.4300413, 44.5398491], [6.4301013, 44.5398202], [6.4301231, 44.5397646], [6.4302106, 44.5397529], [6.4303128, 44.5397758], [6.4306653, 44.5397721], [6.430808, 44.5398388], [6.4308714, 44.539845], [6.4309393, 44.5399059], [6.4309907, 44.5399215], [6.4311792, 44.5399147], [6.4312574, 44.5399564], [6.4314601, 44.5399762], [6.4315822, 44.5400977], [6.4317764, 44.5401628], [6.4321409, 44.5401488], [6.4323574, 44.5401862], [6.4323857, 44.5402385], [6.4325514, 44.5402685], [6.4326177, 44.5403025], [6.432695, 44.5404974], [6.4327853, 44.5405306], [6.4328537, 44.5405997], [6.4328528, 44.5407709], [6.4328814, 44.5408061], [6.4329413, 44.5408923], [6.4330581, 44.540997], [6.4331351, 44.5410216], [6.4333718, 44.5409764], [6.4334101, 44.5409843], [6.4334511, 44.541037], [6.433848, 44.5411211], [6.4339136, 44.5411632], [6.4339449, 44.5412433], [6.4340824, 44.5413913], [6.4342005, 44.5414679], [6.4343313, 44.541526], [6.4344947, 44.54152], [6.4344969, 44.541556], [6.4346259, 44.5416051], [6.4346818, 44.5416755], [6.4348086, 44.5416886], [6.4350986, 44.541858], [6.4354533, 44.5418893], [6.4355708, 44.5419569], [6.4358033, 44.5420298], [6.4358432, 44.5420637], [6.4359186, 44.5420614], [6.4360232, 44.5421023], [6.4360642, 44.542155], [6.4360075, 44.5422379], [6.4360851, 44.5422715], [6.4361148, 44.5423238], [6.4362301, 44.5423562], [6.4364569, 44.5423564], [6.4370987, 44.5425271], [6.4371531, 44.5425735], [6.4371614, 44.5426904], [6.4373108, 44.542847], [6.4373658, 44.5430877], [6.4374424, 44.5431033], [6.4375354, 44.5431626], [6.4376743, 44.5431664], [6.4377828, 44.543108], [6.4379096, 44.5431212], [6.4383218, 44.5430615], [6.4384818, 44.5430196], [6.4385178, 44.5429905], [6.4386179, 44.5429784], [6.4386882, 44.5429122], [6.4387888, 44.5429091], [6.4388317, 44.5428077], [6.4389711, 44.5428205], [6.4390586, 44.5428088], [6.4390974, 44.5428256], [6.4391849, 44.5428129], [6.4395193, 44.542887], [6.4397188, 44.5428918], [6.4397932, 44.5428715], [6.4398456, 44.542905], [6.4400337, 44.5428892], [6.4402028, 44.5429551], [6.440265, 44.5429433], [6.440337, 44.542905], [6.440734, 44.542989], [6.4407865, 44.5430234], [6.4408882, 44.5430374], [6.4409425, 44.5430807], [6.4410184, 44.5430865], [6.4411137, 44.5431817], [6.4411913, 44.5432153], [6.4413553, 44.5432183], [6.441458, 44.5432503], [6.4415969, 44.5432541], [6.4417002, 44.543295], [6.441763, 44.543293], [6.4418401, 44.5433167], [6.4420316, 44.5433369], [6.4421429, 44.5433235], [6.4423287, 44.5432718], [6.4424058, 44.5432955], [6.4425561, 44.5432809], [6.442924, 44.5433217], [6.4430109, 44.5433], [6.4430639, 44.5433434], [6.4430187, 44.5434079], [6.4430094, 44.5434623], [6.4431889, 44.5434918], [6.4432996, 44.5434695], [6.443529, 44.5433262], [6.4437695, 44.543344], [6.4439379, 44.5434189], [6.4439424, 44.5434728], [6.4439994, 44.5435602], [6.4443478, 44.5436737], [6.4445486, 44.5438459], [6.4447869, 44.5438285], [6.4450981, 44.5439513], [6.4453375, 44.5439519], [6.4456334, 44.544031], [6.4459098, 44.5440386], [6.4459624, 44.544054], [6.4459652, 44.544099], [6.4462408, 44.5442598], [6.4463438, 44.5442746], [6.4465775, 44.5442024], [6.4466781, 44.5441984], [6.4468825, 44.5442452], [6.4469481, 44.5442873], [6.4470035, 44.5443486], [6.4470811, 44.5443813], [6.4472205, 44.5443941], [6.4473708, 44.5443795], [6.4478125, 44.54439], [6.4480227, 44.5443465], [6.4481136, 44.5443698], [6.4482186, 44.5444386], [6.4483197, 44.5444436], [6.4483877, 44.5445036], [6.4488486, 44.5446036], [6.4490606, 44.5445871], [6.4492469, 44.5445434], [6.449648, 44.5445291], [6.449776, 44.5445422], [6.4499684, 44.5445975], [6.4502488, 44.54465], [6.4503414, 44.5447011], [6.4505715, 44.5447552], [6.4508387, 44.5449613], [6.4509677, 44.5450105], [6.4510482, 44.545071], [6.4511253, 44.5450947], [6.4511482, 44.545058], [6.4512603, 44.5450355], [6.451339, 44.5450872], [6.4513458, 44.545177], [6.4514527, 44.5450917], [6.4515025, 44.5450811], [6.4515354, 44.5451873], [6.451529, 44.5452686], [6.4516329, 44.5453186], [6.45189, 44.5453817], [6.4521475, 44.545471], [6.4524686, 44.5455492], [6.4526426, 44.5456213], [6.452806, 44.5456891], [6.4530859, 44.5457327], [6.4532899, 44.5457524], [6.4536091, 44.5458208], [6.4537422, 44.5459158], [6.4538397, 44.546047], [6.4539951, 44.5460953], [6.4540252, 44.5461745], [6.4541017, 44.5461902], [6.4542356, 44.546113], [6.4543498, 44.5461265], [6.4546224, 44.5460702], [6.4550826, 44.5459416], [6.4552145, 44.5459048], [6.4553523, 44.5458906], [6.4554111, 44.5458437], [6.4555232, 44.5458213], [6.4556683, 44.5458778], [6.4557568, 44.5459122], [6.4559442, 44.5458865], [6.4560283, 44.5458388], [6.4562855, 44.5457388], [6.4565078, 44.5456859], [6.4567397, 44.5457489], [6.4568316, 44.5458082], [6.4569727, 44.5458299], [6.4570383, 44.5458155], [6.4571207, 44.5457973], [6.4571768, 44.5457055], [6.4572615, 44.5456479], [6.4574009, 44.5456606], [6.457498, 44.5456215], [6.4575608, 44.5456187], [6.4576718, 44.5455791], [6.4577609, 44.5455935], [6.4578975, 44.5455612], [6.4583037, 44.5456089], [6.4583997, 44.5455518], [6.4584636, 44.5455669], [6.4585054, 44.5456107], [6.4586156, 44.5455793], [6.4587293, 44.5455838], [6.4590493, 44.5456441], [6.4600111, 44.545878], [6.4602534, 44.5459235], [6.4605698, 44.5459469], [6.4607439, 44.5460938], [6.4609546, 44.5462214], [6.4611105, 44.5462778], [6.4611647, 44.5463392], [6.4612971, 44.5464242], [6.4614707, 44.5465621], [6.4615266, 44.5466315], [6.4617624, 44.5467584], [6.4619866, 44.5468329], [6.4623696, 44.5469601], [6.4629596, 44.5471092], [6.4629962, 44.54709], [6.4630378, 44.5471518], [6.4632372, 44.5472789], [6.463549, 44.5474115], [6.4636769, 44.5474426], [6.4637311, 44.547504], [6.463886, 44.5475433], [6.4640164, 44.5474301], [6.4641255, 44.5473808], [6.464169, 44.5472893], [6.4642335, 44.5473134], [6.4643472, 44.5473179], [6.4644895, 44.5472969], [6.4645095, 44.5472939], [6.4645587, 44.5472744], [6.4646107, 44.5472998], [6.4646199, 44.5472454], [6.4646804, 44.5472246], [6.4648334, 44.5463908], [6.4648752, 44.5462723], [6.4648992, 44.5462526], [6.4649266, 44.5462878], [6.4648542, 44.5466685], [6.4648402, 44.5468312], [6.4648619, 44.5469386], [6.4649491, 44.5471062], [6.465045, 44.5472113], [6.4651478, 44.5472432], [6.4653244, 44.5472458], [6.4659917, 44.5472384], [6.4662448, 44.5472556], [6.4663731, 44.5472517], [6.466504, 44.5472127], [6.4666169, 44.5471791], [6.4668694, 44.5471874], [6.4670168, 44.5471458], [6.4671959, 44.5470041], [6.4672942, 44.5469641], [6.4673629, 44.5468718], [6.4674818, 44.546777], [6.4676502, 44.5463383], [6.4677054, 44.5460482], [6.467758, 44.5459204], [6.4678267, 44.5458273], [6.4678228, 44.5457652], [6.46799, 44.5454707], [6.4681117, 44.5454209], [6.468111, 44.5455741], [6.4680068, 44.5457036], [6.4680035, 44.5457187], [6.4679225, 44.5460946], [6.4679429, 44.5462012], [6.468, 44.5462895], [6.4681049, 44.5463574], [6.4681844, 44.5463999], [6.4685911, 44.5464565], [6.4687335, 44.5461816], [6.4689819, 44.5461044], [6.4699545, 44.5462983], [6.4703048, 44.546259], [6.4709571, 44.5464022], [6.471382, 44.5463799], [6.4717681, 44.5464371], [6.4719512, 44.5464118], [6.4717842, 44.546302], [6.4719874, 44.5463218], [6.4725791, 44.5463277], [6.4726985, 44.5463788], [6.4729882, 44.5463318], [6.4733461, 44.5464052], [6.4741331, 44.5467675], [6.4741717, 44.5468784], [6.4741562, 44.5469582], [6.47414, 44.5472471], [6.4741673, 44.5474444], [6.4742935, 44.5476108], [6.4745173, 44.5477461], [6.478046, 44.5484685], [6.478952, 44.5486327], [6.4791286, 44.5486353], [6.47933, 44.5486836], [6.4798366, 44.5487748], [6.4806978, 44.5489647], [6.481289, 44.5490891], [6.4815119, 44.5486031], [6.4771691, 44.5476997], [6.4763144, 44.5474737], [6.4761856, 44.5473571], [6.4761856, 44.547185], [6.3608344, 44.5272873]]], [[[6.4761856, 44.547185], [6.4765504, 44.5472386], [6.476537, 44.5469748], [6.4765906, 44.5467282], [6.4765397, 44.5466326], [6.4766094, 44.5465122], [6.4763787, 44.5464453], [6.4766255, 44.5461299], [6.4764565, 44.5459196], [6.4768884, 44.5448587], [6.476891, 44.5447095], [6.4767516, 44.5444763], [6.4768535, 44.5443349], [6.4770412, 44.5442508], [6.4774436, 44.5443502], [6.4773416, 44.5442813], [6.477229, 44.5442202], [6.4771861, 44.5440443], [6.4775459, 44.5440751], [6.4770783, 44.5437051], [6.4764746, 44.5433763], [6.476241, 44.5432863], [6.4752375, 44.5429908], [6.4748566, 44.5427802], [6.4740014, 44.5421097], [6.4735031, 44.5416694], [6.4722038, 44.54062], [6.47186, 44.5403983], [6.4714958, 44.5402323], [6.468047, 44.5388945], [6.4675045, 44.538698], [6.4669824, 44.5386279], [6.4638155, 44.5383687], [6.463338, 44.5383684], [6.4620136, 44.5385082], [6.461524, 44.5385361], [6.459861, 44.5385171], [6.4595805, 44.5384827], [6.4594001, 44.5384171], [6.4593001, 44.5384302], [6.4592607, 44.5384044], [6.4591968, 44.5383893], [6.4590928, 44.5383574], [6.4590443, 44.5383679], [6.4589956, 44.5383965], [6.4589208, 44.5384087], [6.4589081, 44.5385713], [6.4588731, 44.5386175], [6.4588113, 44.5386374], [6.458817, 44.5387093], [6.4587804, 44.5387294], [6.4587274, 44.538686], [6.4587485, 44.5386403], [6.4587, 44.5386508], [6.4586452, 44.5385994], [6.4585572, 44.5386021], [6.4584807, 44.5385874], [6.4581014, 44.5385651], [6.4580717, 44.5385128], [6.4575051, 44.5384972], [6.457643, 44.5386722], [6.4576613, 44.5387438], [6.4577624, 44.5387496], [6.4577897, 44.5387839], [6.4578686, 44.5388175], [6.457873, 44.5388894], [6.4577776, 44.5389555], [6.4578461, 44.5390254], [6.4581192, 44.538979], [6.4582837, 44.538991], [6.458238, 44.5390465], [6.4581631, 44.5390587], [6.4580243, 44.539055], [6.4578772, 44.5391227], [6.4578031, 44.5391259], [6.457631, 44.5391953], [6.4575888, 44.5391245], [6.4569955, 44.5392909], [6.4566207, 44.5394855], [6.4564874, 44.5395717], [6.456217, 44.5396631], [6.4560456, 44.5397234], [6.4560597, 44.5399122], [6.4562125, 44.5406175], [6.4561901, 44.5406632], [6.4561409, 44.5406828], [6.4561021, 44.5406669], [6.4560748, 44.5406317], [6.4559158, 44.5398455], [6.4557905, 44.5398113], [6.4554745, 44.5398262], [6.4552711, 44.5398099], [6.4551035, 44.5397993], [6.4549882, 44.5398102], [6.4541444, 44.5399925], [6.4539542, 44.5400386], [6.4537778, 44.5400343], [6.4536569, 44.5400263], [6.4535635, 44.5400391], [6.4533298, 44.5400688], [6.4532609, 44.5401344], [6.4530835, 44.5401386], [6.4529905, 44.5401662], [6.4529191, 44.5401995], [6.4527277, 44.5401752], [6.4525271, 44.5400879], [6.4522549, 44.5401172], [6.4521221, 44.5401537], [6.4519362, 44.5401934], [6.4515695, 44.540193], [6.4513331, 44.5401942], [6.4511944, 44.5401639], [6.4510079, 44.5401609], [6.4509227, 44.5401705], [6.4508123, 44.5402099], [6.4507259, 44.5402393], [6.4506496, 44.5402737], [6.4505299, 44.5403353], [6.4503236, 44.5403511], [6.4500549, 44.5403042], [6.4498898, 44.5402157], [6.4497557, 44.5401482], [6.4496939, 44.5401682], [6.4495928, 44.5401632], [6.4493632, 44.5401181], [6.4492621, 44.5401123], [6.4491123, 44.5401359], [6.4490253, 44.5403197], [6.4489242, 44.5403139], [6.4487853, 44.5403101], [6.4487099, 44.5403134], [6.4485527, 44.5404003], [6.4484401, 44.5404137], [6.4483796, 44.5404336], [6.4483048, 44.5404459], [6.448231, 44.5404752], [6.4481676, 44.5404691], [6.447893, 44.5403263], [6.4476988, 44.5402612], [6.4476114, 44.5402738], [6.4474525, 44.5403337], [6.4474159, 44.5403529], [6.4472908, 44.5403667], [6.447164, 44.5403536], [6.4469748, 44.5403514], [6.4468788, 44.5404084], [6.4468274, 44.5403929], [6.4468109, 44.5403484], [6.4467578, 44.540305], [6.4466104, 44.5403465], [6.446587, 44.5403752], [6.4465126, 44.5403955], [6.4464853, 44.5403604], [6.4464356, 44.5403718], [6.4463585, 44.5403472], [6.4461065, 44.5403479], [6.4459655, 44.5403081], [6.4458456, 44.5402226], [6.4456656, 44.5401841], [6.4453894, 44.5400143], [6.4453472, 44.5399616], [6.4453286, 44.5398639], [6.4452246, 44.5398311], [6.4451754, 44.5398516], [6.4451308, 44.5399251], [6.4450559, 44.5399364], [6.4449416, 44.5399229], [6.4449012, 44.5398791], [6.4448247, 44.5398644], [6.4446618, 44.5398794], [6.4445503, 44.5399108], [6.4444356, 44.5398882], [6.4443475, 44.539891], [6.444195, 44.5398696], [6.4441482, 44.539908], [6.4440693, 44.5398744], [6.4438922, 44.5398628], [6.4438393, 44.5398203], [6.4437518, 44.5398321], [6.4435747, 44.5398214], [6.4435102, 44.5397964], [6.4434332, 44.5397726], [6.4433698, 44.5397656], [6.443296, 44.5397958], [6.4432005, 44.5398619], [6.4431359, 44.5398558], [6.4430588, 44.5398312], [6.4429588, 44.5398442], [6.4429371, 44.5398809], [6.4426715, 44.539864], [6.4425161, 44.5398157], [6.442463, 44.5397723], [6.4422295, 44.5396822], [6.4421503, 44.5396225], [6.4420189, 44.5395554], [6.4416608, 44.5395676], [6.4414827, 44.539458], [6.4411994, 44.5393277], [6.4407992, 44.539395], [6.4391985, 44.539184], [6.4375444, 44.538966], [6.4372038, 44.5388011], [6.4370103, 44.5385537], [6.4368485, 44.5385867], [6.4367354, 44.5385911], [6.4364514, 44.5386648], [6.4363067, 44.5387504], [6.4359366, 44.5387691], [6.4358258, 44.5387149], [6.435723, 44.538683], [6.4355266, 44.5385819], [6.4354741, 44.5385475], [6.4353257, 44.5384268], [6.4352716, 44.5383663], [6.4352414, 44.5383042], [6.4351764, 44.5382711], [6.4351281, 44.5381194], [6.4351037, 44.537967], [6.4351372, 44.5377317], [6.4351322, 44.5376687], [6.4350227, 44.5375469], [6.4349599, 44.5375498], [6.4348274, 44.5374638], [6.434811, 44.5374021], [6.434871, 44.5373723], [6.4348238, 44.5372395], [6.4347932, 44.5371339], [6.4345846, 44.5368794], [6.4344919, 44.5368371], [6.4344001, 44.5367778], [6.4338661, 44.5363655], [6.4331008, 44.5358802], [6.4329537, 44.5357605], [6.4328825, 44.5356455], [6.4327375, 44.5355609], [6.4327347, 44.5355159], [6.4326526, 44.5354292], [6.4326437, 44.5353034], [6.4326999, 44.5352115], [6.4326171, 44.535115], [6.432459, 44.5350217], [6.4324214, 44.5350237], [6.4323853, 44.5350519], [6.4323333, 44.5350265], [6.4322702, 44.5348581], [6.4321757, 44.5347538], [6.4320444, 44.5346867], [6.4319879, 44.5346074], [6.4315908, 44.5343341], [6.4314945, 44.5342209], [6.4314287, 44.5341959], [6.4312815, 44.5340752], [6.431194, 44.5338986], [6.431202, 44.5338443], [6.4312456, 44.5337528], [6.4312509, 44.5336536], [6.4312775, 44.5334905], [6.4312571, 44.533383], [6.4311624, 44.5332968], [6.4310049, 44.5332125], [6.4309834, 44.533087], [6.4309692, 44.5330604], [6.4309066, 44.532901], [6.4309004, 44.5328201], [6.4307717, 44.5326088], [6.430782, 44.5325724], [6.4306536, 44.5325323], [6.4304564, 44.532251], [6.4304039, 44.5322165], [6.4303156, 44.532049], [6.4301898, 44.5318646], [6.4300978, 44.5318233], [6.4300031, 44.531737], [6.4299445, 44.5316217], [6.4299418, 44.5315767], [6.4299516, 44.5315314], [6.4298962, 44.53147], [6.4298535, 44.5314092], [6.4297582, 44.5313139], [6.4296544, 44.5312631], [6.4294883, 44.5312241], [6.429094, 44.5309958], [6.4286736, 44.5309394], [6.4285698, 44.5308895], [6.4283494, 44.530808], [6.4281942, 44.5307417], [6.4280503, 44.530675], [6.4276988, 44.5305075], [6.4275566, 44.5304677], [6.427467, 44.5304444], [6.4273271, 44.5304226], [6.4272198, 44.5303367], [6.4272297, 44.5302914], [6.4271716, 44.5301851], [6.4271322, 44.5301592], [6.4270945, 44.5301613], [6.4270414, 44.5301359], [6.4268241, 44.5299192], [6.4267884, 44.5297671], [6.4268309, 44.5296577], [6.4267907, 44.5294517], [6.4266647, 44.5292853], [6.4264697, 44.529185], [6.4263662, 44.5291612], [6.4262423, 44.529175], [6.4259972, 44.5292655], [6.4258972, 44.5292785], [6.4257207, 44.5292759], [6.4256054, 44.5292443], [6.4254313, 44.5291155], [6.4252211, 44.5288075], [6.4251008, 44.528713], [6.4249358, 44.5286929], [6.4247818, 44.5288329], [6.4245476, 44.528896], [6.4242219, 44.5289259], [6.4241077, 44.5289124], [6.4238234, 44.5288149], [6.4236888, 44.5286938], [6.4235439, 44.5286091], [6.423285, 44.528682], [6.4226889, 44.528614], [6.4222926, 44.5288723], [6.4221685, 44.5289032], [6.4218789, 44.5289049], [6.421792, 44.5289265], [6.4217332, 44.5289734], [6.4216337, 44.5289954], [6.4213201, 44.529016], [6.4212813, 44.5290001], [6.4212598, 44.5288746], [6.4212919, 44.5288015], [6.4212836, 44.5286846], [6.421313, 44.5285666], [6.4212977, 44.528522], [6.4212846, 44.5285134], [6.4211474, 44.5285366], [6.4209519, 44.5286156], [6.4206961, 44.5289047], [6.4205731, 44.5289535], [6.4203977, 44.5289698], [6.4202263, 44.5290301], [6.4199978, 44.529002], [6.4199235, 44.5290232], [6.4198344, 44.529008], [6.4197853, 44.5290284], [6.4197208, 44.5290034], [6.41947, 44.529022], [6.4194106, 44.5290599], [6.4193111, 44.5290819], [6.4191341, 44.5290702], [6.4190696, 44.5290461], [6.4189718, 44.5290942], [6.4188308, 44.5290544], [6.4187325, 44.5290944], [6.4185583, 44.5291097], [6.4181751, 44.5290432], [6.4180494, 44.529048], [6.417856, 44.5289738], [6.4177292, 44.5289606], [6.4176875, 44.5289168], [6.4175597, 44.5288856], [6.4174246, 44.5287556], [6.4173495, 44.5285966], [6.4172577, 44.5285373], [6.4169761, 44.5284847], [6.4168734, 44.5284519], [6.4168306, 44.528391], [6.4167262, 44.5283312], [6.4167065, 44.5282336], [6.4164203, 44.5282713], [6.4162445, 44.5284668], [6.4159572, 44.5284865], [6.4158535, 44.5286249], [6.4156711, 44.5287126], [6.4154631, 44.5287929], [6.415262, 44.5288], [6.4151839, 44.5287583], [6.4152018, 44.5286586], [6.4152354, 44.5286116], [6.4152272, 44.5284956], [6.4151439, 44.5283901], [6.41511, 44.5282659], [6.4150837, 44.5282487], [6.4148768, 44.5283461], [6.4148332, 44.5284375], [6.4148987, 44.5284806], [6.4148896, 44.5285169], [6.4148541, 44.528554], [6.4146471, 44.5286515], [6.4146145, 44.5287164], [6.4145303, 44.5287821], [6.4144041, 44.5287779], [6.4140497, 44.5289168], [6.4139114, 44.528922], [6.4138377, 44.5289522], [6.4136366, 44.5289594], [6.413471, 44.5289293], [6.4130832, 44.528953], [6.4129094, 44.5289954], [6.412857, 44.5289618], [6.4127177, 44.528949], [6.4125613, 44.5288827], [6.4124761, 44.5289124], [6.4123379, 44.5289175], [6.4122406, 44.5289755], [6.4121641, 44.5289599], [6.4118282, 44.529009], [6.4115397, 44.5290287], [6.4114506, 44.5290135], [6.4114364, 44.5289869], [6.4113725, 44.5286383], [6.4114059, 44.5285652], [6.4113636, 44.5285125], [6.4113575, 44.5284315], [6.4114115, 44.5283037], [6.4114687, 44.5282299], [6.411442, 44.5282037], [6.4112895, 44.5281823], [6.4110798, 44.5282347], [6.4108969, 44.5283142], [6.4108368, 44.5283611], [6.4107739, 44.5283631], [6.4106338, 44.5285035], [6.4104022, 44.5286116], [6.4101297, 44.5288552], [6.4099672, 44.5290413], [6.4098688, 44.5290813], [6.4096388, 44.5290271], [6.4094377, 44.5290342], [6.4091146, 44.5289199], [6.4090491, 44.5288778], [6.4090108, 44.5288699], [6.4088643, 44.5287582], [6.4087948, 44.5286712], [6.4086886, 44.5286033], [6.4084449, 44.5285306], [6.4083, 44.5284459], [6.4081088, 44.5284085], [6.4079628, 44.5283058], [6.407836, 44.5282926], [6.4076173, 44.5282372], [6.4074474, 44.5281352], [6.407256, 44.5281159], [6.4070698, 44.5281406], [6.4068361, 44.5282126], [6.406736, 44.5282247], [6.4063235, 44.5282762], [6.406264, 44.5283141], [6.4060937, 44.5285816], [6.4060349, 44.5286294], [6.4059137, 44.5286881], [6.4051035, 44.5288077], [6.405092, 44.5288261], [6.4051342, 44.5288788], [6.4051278, 44.5289601], [6.4050698, 44.529043], [6.4049497, 44.5291197], [6.4045579, 44.5290984], [6.4041857, 44.5290036], [6.4035114, 44.5288938], [6.4033395, 44.5288658], [6.4032707, 44.52883], [6.4032392, 44.5287868], [6.4032221, 44.5287333], [6.4032023, 44.5286348], [6.4032603, 44.5285519], [6.4031941, 44.5285188], [6.4031357, 44.5285747], [6.4030221, 44.5285701], [6.4029034, 44.5285025], [6.4027771, 44.5284974], [6.4024198, 44.528421], [6.4021902, 44.5283939], [6.4020744, 44.528355], [6.4019716, 44.5283204], [6.4017694, 44.5283095], [6.4014716, 44.5281953], [6.4013119, 44.5280749], [6.4011455, 44.5280837], [6.4007996, 44.5283307], [6.4006828, 44.5284532], [6.4005841, 44.5284655], [6.4005447, 44.5284393], [6.4005691, 44.5283898], [6.4009094, 44.5281273], [6.4010975, 44.5279918], [6.4010718, 44.5279744], [6.4015107, 44.5276475], [6.4015063, 44.5276062], [6.4015041, 44.5275533], [6.4014791, 44.5274515], [6.4014249, 44.5274006], [6.4013232, 44.5273628], [6.4010274, 44.5272836], [6.4007827, 44.5271938], [6.4005902, 44.5271556], [6.4003749, 44.527137], [6.4003334, 44.5270752], [6.4000572, 44.5272567], [6.3996914, 44.5276032], [6.3995718, 44.5276889], [6.3995095, 44.5276998], [6.3994336, 44.527694], [6.3993149, 44.5276265], [6.3992723, 44.5275467], [6.3993159, 44.5274553], [6.3999655, 44.526864], [6.3999615, 44.526819], [6.399984, 44.5267733], [6.3999669, 44.5267198], [6.3998319, 44.5265897], [6.3998177, 44.5265631], [6.3998974, 44.5264435], [6.4002178, 44.5261795], [6.4003279, 44.525959], [6.4003386, 44.5257604], [6.4004205, 44.5256768], [6.4004641, 44.5255844], [6.4004683, 44.5254672], [6.4004159, 44.5254336], [6.4001467, 44.5250202], [6.3999811, 44.5249902], [6.3998812, 44.5250032], [6.3997832, 44.5250897], [6.3996158, 44.5251564], [6.3995202, 44.5252414], [6.399465, 44.5253512], [6.3994698, 44.5257655], [6.3993837, 44.5257781], [6.3989406, 44.5259296], [6.3988812, 44.5259675], [6.3988462, 44.5260136], [6.3987949, 44.5259981], [6.398767, 44.5259539], [6.3987735, 44.5258726], [6.3987416, 44.5257835], [6.398613, 44.5255721], [6.398519, 44.5254948], [6.3984539, 44.5254608], [6.3983911, 44.5254636], [6.3982296, 44.5256677], [6.398205, 44.5256775], [6.3981863, 44.5255969], [6.3982272, 44.5254605], [6.3981871, 44.5252545], [6.3981023, 44.5251229], [6.3978999, 44.5249408], [6.3978408, 44.5248174], [6.3977496, 44.524767], [6.3977702, 44.5247114], [6.3978435, 44.5246731], [6.3979695, 44.5245061], [6.3979059, 44.5243972], [6.3979316, 44.52426], [6.3979318, 44.5240902], [6.3978253, 44.5238219], [6.3976681, 44.523471], [6.397553, 44.5232791], [6.3974594, 44.5231943], [6.3973519, 44.523097], [6.3972458, 44.5230291], [6.3970525, 44.5229557], [6.3970158, 44.5229749], [6.3969568, 44.5230398], [6.396746, 44.5230751], [6.3963323, 44.5231077], [6.3959599, 44.5231759], [6.39566, 44.5231959], [6.3955737, 44.5232265], [6.3952726, 44.5232466], [6.3951186, 44.5231982], [6.3948905, 44.5230079], [6.3947611, 44.5229497], [6.3946271, 44.5228376], [6.3944758, 44.5228341], [6.3943058, 44.522751], [6.3938937, 44.5226223], [6.3937996, 44.5225441], [6.3937296, 44.522448], [6.393712, 44.5221962], [6.3937336, 44.5219703], [6.3936914, 44.5219175], [6.3933997, 44.5218833], [6.3932631, 44.5217271], [6.3929222, 44.5217123], [6.3927783, 44.5216456], [6.3924159, 44.5213351], [6.3921792, 44.5211901], [6.3920097, 44.521116], [6.3919025, 44.5210292], [6.3916819, 44.5209206], [6.3915228, 44.5208093], [6.3913407, 44.5207347], [6.3911948, 44.5206328], [6.3910718, 44.5204924], [6.3908871, 44.5203738], [6.3907837, 44.5203508], [6.3906061, 44.5203302], [6.3903454, 44.5202048], [6.3901925, 44.5201744], [6.3900756, 44.5201158], [6.389977, 44.5199837], [6.3898596, 44.5199161], [6.3897454, 44.5199025], [6.3895963, 44.519935], [6.389451, 44.5200124], [6.3893588, 44.5201333], [6.3892981, 44.5201712], [6.3891946, 44.5202924], [6.388956, 44.5204719], [6.3888904, 44.5206181], [6.3887829, 44.5206943], [6.3887065, 44.5206796], [6.3885955, 44.520719], [6.3884808, 44.5206964], [6.3883551, 44.5207012], [6.3882514, 44.5206512], [6.3880569, 44.5207482], [6.3874738, 44.5207066], [6.3874128, 44.5207184], [6.3873898, 44.5207552], [6.3871114, 44.5208998], [6.3870178, 44.5208315], [6.3869021, 44.5207909], [6.3868484, 44.5207565], [6.3863737, 44.5208017], [6.3862978, 44.520795], [6.3861989, 44.520826], [6.3859983, 44.520842], [6.38584, 44.5209109], [6.3854734, 44.5208888], [6.3854215, 44.5208633], [6.3852314, 44.520843], [6.3851183, 44.5208474], [6.384974, 44.5207717], [6.3846664, 44.5206838], [6.3845096, 44.5206093], [6.3842187, 44.5204218], [6.384181, 44.520423], [6.3840877, 44.5203366], [6.3840308, 44.5202483], [6.3838199, 44.5201124], [6.3837908, 44.5200682], [6.3836619, 44.520019], [6.3834163, 44.519767], [6.3830951, 44.5196615], [6.3830323, 44.5196635], [6.3829409, 44.5196311], [6.3827345, 44.5195492], [6.3825049, 44.5195211], [6.3823897, 44.5194215], [6.3820593, 44.5192054], [6.3819285, 44.5190583], [6.3818541, 44.5189625], [6.3816655, 44.518642], [6.3815949, 44.5185286], [6.3814763, 44.5183802], [6.3813569, 44.5182488], [6.3812684, 44.5182434], [6.3810214, 44.5181348], [6.3809067, 44.5181122], [6.3808072, 44.5181341], [6.3807377, 44.5180462], [6.3802391, 44.5181101], [6.3798807, 44.518204], [6.3798229, 44.5182688], [6.3798256, 44.5183138], [6.3798278, 44.5183422], [6.3798312, 44.5183857], [6.3799205, 44.5185459], [6.3798653, 44.5185525], [6.3797317, 44.5184077], [6.3796798, 44.5183822], [6.3796154, 44.5183581], [6.3795509, 44.5183563], [6.3795443, 44.5184323], [6.379522, 44.51846], [6.3794472, 44.5184723], [6.3792959, 44.5184688], [6.3787239, 44.518571], [6.3785825, 44.5185222], [6.3785715, 44.5185495], [6.3785349, 44.5185687], [6.3784841, 44.5185621], [6.3782209, 44.5187513], [6.3774142, 44.5189076], [6.3772563, 44.5189854], [6.3769614, 44.5190863], [6.3766282, 44.5191794], [6.3765036, 44.5192021], [6.3763447, 44.519262], [6.3758855, 44.519522], [6.3756499, 44.5195842], [6.3752643, 44.5196437], [6.3750982, 44.5196047], [6.3748715, 44.5196044], [6.3744328, 44.5196386], [6.3741918, 44.5196108], [6.3738052, 44.5196523], [6.3734648, 44.5196465], [6.3733627, 44.5196235], [6.3730878, 44.5196608], [6.3730619, 44.5197342], [6.3730473, 44.5198605], [6.3730064, 44.520032], [6.3729827, 44.5200362], [6.3730294, 44.5197166], [6.3730022, 44.5196823], [6.3727848, 44.5196804], [6.3726006, 44.5197054], [6.372323, 44.5196977], [6.3722898, 44.5197527], [6.3722996, 44.5201324], [6.3722505, 44.5201308], [6.3721859, 44.5197208], [6.3720875, 44.5195715], [6.3720618, 44.5195304], [6.3716707, 44.5195509], [6.3716073, 44.5195438], [6.3715018, 44.5194849], [6.3713111, 44.5194556], [6.3710516, 44.5193482], [6.3708112, 44.5193303], [6.3706944, 44.5192717], [6.3703506, 44.5192299], [6.3699485, 44.5190557], [6.3696518, 44.5189585], [6.3692623, 44.5187838], [6.369107, 44.5187354], [6.3690159, 44.518685], [6.3689223, 44.5186158], [6.368794, 44.5185756], [6.3686214, 44.5184475], [6.3685312, 44.5184142], [6.3684027, 44.518392], [6.368388, 44.5183564], [6.368295, 44.5182971], [6.3682737, 44.5181716], [6.3681732, 44.5179863], [6.3681562, 44.5179328], [6.3681168, 44.517907], [6.3681097, 44.517809], [6.3679517, 44.5175444], [6.3676533, 44.5174201], [6.3674004, 44.5174026], [6.3673638, 44.5174218], [6.3672394, 44.5174265], [6.3671159, 44.5174672], [6.3667739, 44.5174344], [6.3665996, 44.5174676], [6.3665472, 44.5174341], [6.3664576, 44.5174098], [6.3663707, 44.5174314], [6.3662413, 44.5173731], [6.3660374, 44.5173532], [6.3659512, 44.5173658], [6.3657168, 44.5172567], [6.3655021, 44.517247], [6.3651066, 44.5173519], [6.3649728, 44.51741], [6.3647371, 44.5174701], [6.3645151, 44.5175267], [6.3642031, 44.5175741], [6.3640781, 44.5175689], [6.3638442, 44.5176589], [6.363604, 44.5178122], [6.3633095, 44.5179221], [6.3630097, 44.5179421], [6.3623262, 44.5180746], [6.3620395, 44.5181032], [6.3616363, 44.5181002], [6.3614554, 44.5180435], [6.3612861, 44.5179505], [6.3611977, 44.517945], [6.3609841, 44.5179534], [6.3607146, 44.5178904], [6.3606321, 44.5177947], [6.3605731, 44.5176712], [6.3604814, 44.517611], [6.3604382, 44.5175411], [6.3603732, 44.517507], [6.3601831, 44.5174867], [6.3599246, 44.5173973], [6.3595569, 44.5171859], [6.359494, 44.5171878], [6.3594131, 44.5171191], [6.3593329, 44.5170413], [6.3592061, 44.5168569], [6.3591712, 44.5167138], [6.3591431, 44.5166876], [6.3589498, 44.5166133], [6.3588089, 44.5164032], [6.3587263, 44.5163066], [6.3586504, 44.5163008], [6.3586138, 44.5163199], [6.3585952, 44.5164106], [6.3586149, 44.5165091], [6.3585663, 44.5165376], [6.3584865, 44.5166581], [6.3584358, 44.5168218], [6.3583162, 44.5169074], [6.3581162, 44.5169324], [6.3580272, 44.516918], [6.3579518, 44.5169203], [6.3577022, 44.5167675], [6.3576731, 44.5167234], [6.357441, 44.5164619], [6.3573934, 44.5163192], [6.3574562, 44.5161461], [6.3574458, 44.5159932], [6.3573381, 44.5157271], [6.3572545, 44.5156134], [6.3572201, 44.5154793], [6.3571311, 44.5154649], [6.357114, 44.5154114], [6.3571462, 44.5153383], [6.357132, 44.5153117], [6.3569545, 44.515291], [6.3566791, 44.5153192], [6.3566312, 44.5153386], [6.3565847, 44.515404], [6.3564033, 44.5155096], [6.3562647, 44.5156769], [6.3560183, 44.5157483], [6.3559866, 44.5156601], [6.3559794, 44.51539], [6.3559385, 44.5153372], [6.3557183, 44.5152556], [6.3555664, 44.5152431], [6.3554216, 44.5151583], [6.3550218, 44.51502], [6.3549557, 44.5149679], [6.3547803, 44.5149832], [6.3547159, 44.514959], [6.3546355, 44.5148984], [6.3544973, 44.5149035], [6.3543182, 44.5148567], [6.3542658, 44.5148222], [6.3541117, 44.5146026], [6.3538762, 44.5146656], [6.3537876, 44.5146593], [6.3536855, 44.5146362], [6.3535145, 44.5145342], [6.3533813, 44.5142418], [6.3534255, 44.5141594], [6.3534178, 44.5140515], [6.3534827, 44.5139144], [6.3534303, 44.5138799], [6.3532649, 44.5138507], [6.353243, 44.5137162], [6.3531009, 44.5136764], [6.3530266, 44.5135818], [6.3529633, 44.5135013], [6.3527994, 44.5134982], [6.3525005, 44.5135541], [6.3523384, 44.5135599], [6.3522482, 44.5135455], [6.3521695, 44.5134939], [6.3520428, 44.5134806], [6.3518598, 44.5133889], [6.3517975, 44.5133998], [6.3516763, 44.5134584], [6.3515824, 44.5135514], [6.3514869, 44.5136182], [6.3513858, 44.5136132], [6.3511787, 44.5135393], [6.3511383, 44.5134955], [6.3507618, 44.5133474], [6.3506668, 44.5132521], [6.3504166, 44.5130903], [6.3501878, 44.5130531], [6.3500577, 44.5130039], [6.3498338, 44.5128593], [6.3497507, 44.5127537], [6.3496752, 44.5125857], [6.3495437, 44.5124915], [6.349501, 44.5124297], [6.3495179, 44.5121418], [6.3495693, 44.5119681], [6.3493945, 44.5119924], [6.3493044, 44.51196], [6.3492738, 44.5118888], [6.3491929, 44.5118201], [6.3491546, 44.5118122], [6.349059, 44.5117079], [6.3489891, 44.5116118], [6.3489443, 44.5115141], [6.3489039, 44.5114703], [6.3488406, 44.5114641], [6.3485953, 44.5115535], [6.3482965, 44.5117806], [6.3481884, 44.5118479], [6.3481261, 44.5118588], [6.3478962, 44.5118045], [6.3477525, 44.5117377], [6.3476443, 44.5116337], [6.3474882, 44.5115493], [6.3472434, 44.5114774], [6.3471724, 44.5113624], [6.3470386, 44.5112503], [6.3469097, 44.5110298], [6.3468419, 44.5109697], [6.3466086, 44.5108786], [6.3464038, 44.5108235], [6.3462323, 44.5107125], [6.3460057, 44.5103517], [6.3459281, 44.5101478], [6.3459007, 44.5097702], [6.3458603, 44.5097263], [6.3457834, 44.5097025], [6.3457396, 44.5096228], [6.3454786, 44.5094883], [6.3453584, 44.5093938], [6.3452874, 44.5092797], [6.3451229, 44.5090964], [6.3448902, 44.5090151], [6.3447215, 44.508931], [6.3445369, 44.5088114], [6.3443544, 44.5087277], [6.344196, 44.5086262], [6.3441387, 44.5085288], [6.3440617, 44.508505], [6.343936, 44.5085088], [6.3438033, 44.5084147], [6.3435346, 44.5083435], [6.3433893, 44.5082497], [6.3433461, 44.5081798], [6.3431364, 44.508061], [6.3431309, 44.507989], [6.3430659, 44.5079559], [6.3430233, 44.5078941], [6.3430135, 44.5077502], [6.3429393, 44.5075822], [6.3429524, 44.5074196], [6.3428966, 44.5073492], [6.3429518, 44.5072394], [6.3430195, 44.5071292], [6.3430928, 44.5070901], [6.3431807, 44.5069162], [6.3432751, 44.5068314], [6.3433952, 44.5067547], [6.3434041, 44.5066914], [6.3433232, 44.5066227], [6.3432467, 44.506607], [6.3430719, 44.5066321], [6.3429552, 44.5065734], [6.3427902, 44.5065523], [6.3426737, 44.5065198], [6.342563, 44.5065421], [6.3422308, 44.5064828], [6.3419779, 44.5064643], [6.3417978, 44.5063995], [6.3417661, 44.5063103], [6.3417017, 44.5062853], [6.341553, 44.5063267], [6.3414329, 44.5064033], [6.3414099, 44.5064401], [6.3412722, 44.5064542], [6.3410893, 44.5065327], [6.3410315, 44.5065984], [6.3410129, 44.5066891], [6.3409135, 44.5068813], [6.3408643, 44.5069017], [6.3407879, 44.506886], [6.3406895, 44.5069259], [6.3404928, 44.5068157], [6.3403525, 44.5067848], [6.3401056, 44.5066769], [6.3399538, 44.5066644], [6.3397687, 44.5065366], [6.3396923, 44.5065209], [6.339618, 44.5065421], [6.3394103, 44.5064592], [6.3391975, 44.5064575], [6.3390941, 44.5064345], [6.3390898, 44.5061914], [6.3391571, 44.5060722], [6.3391861, 44.5059452], [6.3391009, 44.5056333], [6.3389194, 44.5053964], [6.3387649, 44.5053389], [6.3386033, 44.5051826], [6.3384341, 44.5052796], [6.3383351, 44.5053096], [6.3380926, 44.5054449], [6.3380172, 44.5054472], [6.337807, 44.5054914], [6.3377556, 44.5054749], [6.3376711, 44.5053432], [6.3374967, 44.5052052], [6.3374524, 44.5051165], [6.3372783, 44.5049614], [6.3372215, 44.504873], [6.3371151, 44.5046068], [6.3371232, 44.5045525], [6.3370758, 44.5044107], [6.3370566, 44.5041499], [6.3369966, 44.5040076], [6.336906, 44.5039662], [6.3368749, 44.503886], [6.3367961, 44.503976], [6.3367733, 44.5039881], [6.3367335, 44.5039544], [6.3367269, 44.5038357], [6.3366671, 44.5037548], [6.3365611, 44.5036949], [6.3363496, 44.5036464], [6.3360697, 44.503625], [6.3358705, 44.5036397], [6.3357867, 44.5036518], [6.3356111, 44.5036351], [6.3355624, 44.5036636], [6.3355056, 44.5037473], [6.3353953, 44.504138], [6.3353898, 44.5042373], [6.3352909, 44.5044394], [6.3352941, 44.5044934], [6.3352297, 44.5046395], [6.3352197, 44.5047184], [6.3352057, 44.5048295], [6.335138, 44.5049405], [6.3351492, 44.5049793], [6.3352045, 44.5051719], [6.3350701, 44.5054111], [6.3350002, 44.5054853], [6.3349712, 44.5056123], [6.3348953, 44.5056065], [6.334791, 44.5055466], [6.3345599, 44.5054923], [6.3344049, 44.5054258], [6.3342858, 44.5053492], [6.3341094, 44.5053465], [6.333979, 44.5052702], [6.3339013, 44.5052554], [6.3338227, 44.5052037], [6.3337217, 44.5051987], [6.3335141, 44.5051167], [6.333507, 44.5050178], [6.3335579, 44.5048351], [6.3333952, 44.5046797], [6.3332789, 44.50463], [6.3331391, 44.5046081], [6.3330517, 44.5046198], [6.3329282, 44.5046604], [6.3327703, 44.5047382], [6.3327206, 44.5047487], [6.3326541, 44.5046885], [6.3323334, 44.5046099], [6.3321313, 44.5045989], [6.3320031, 44.5045587], [6.3319528, 44.5043899], [6.3318043, 44.5042421], [6.3316881, 44.5040213], [6.3317323, 44.5039388], [6.331771, 44.5037836], [6.331877, 44.5036813], [6.3319623, 44.5036327], [6.332018, 44.5035319], [6.3320214, 44.5033967], [6.331863, 44.5031231], [6.3318357, 44.5029175], [6.3318893, 44.5027799], [6.3318702, 44.5026912], [6.3318189, 44.5026748], [6.3316965, 44.5027334], [6.3314818, 44.502894], [6.3314371, 44.5029674], [6.3313311, 44.5030706], [6.3310974, 44.5031426], [6.3310317, 44.5031175], [6.330911, 44.503014], [6.3309029, 44.5028971], [6.3308712, 44.5028079], [6.3309144, 44.5027075], [6.3309106, 44.5026446], [6.3308107, 44.5024863], [6.3306622, 44.5023385], [6.3305481, 44.5023248], [6.3304607, 44.5023374], [6.3302455, 44.5024889], [6.3299707, 44.5025261], [6.3297883, 44.5026136], [6.3296928, 44.5026804], [6.3295813, 44.5027108], [6.32953, 44.5026953], [6.3294431, 44.5027159], [6.3293798, 44.5027097], [6.329276, 44.5026588], [6.329234, 44.5026069], [6.3291832, 44.5025994], [6.3291515, 44.5025103], [6.3293171, 44.50218], [6.3292964, 44.5020644], [6.3291856, 44.5019155], [6.329166, 44.5018169], [6.3289901, 44.501652], [6.3288914, 44.5014937], [6.3287264, 44.5014725], [6.3286522, 44.5014937], [6.3285139, 44.5014979], [6.3284396, 44.501519], [6.3282446, 44.5014357], [6.3280858, 44.5013252], [6.3279967, 44.5013098], [6.3277876, 44.5012008], [6.3277965, 44.5011375], [6.3279265, 44.5008443], [6.3279484, 44.5004472], [6.3278916, 44.5003597], [6.3278715, 44.5002522], [6.3278957, 44.4998731], [6.3279044, 44.4998277], [6.3279622, 44.499762], [6.3279465, 44.4997093], [6.3281357, 44.499509], [6.3282028, 44.4992718], [6.3281009, 44.4991895], [6.3278675, 44.4991531], [6.3275108, 44.499201], [6.3273123, 44.499289], [6.3273033, 44.4993269], [6.4761856, 44.547185]]], [[[6.3273033, 44.4993269], [6.3272154, 44.4993305], [6.3271541, 44.4993593], [6.3270115, 44.4994817], [6.3267828, 44.4996165], [6.3266718, 44.4996559], [6.3265724, 44.4996778], [6.3263567, 44.4996501], [6.3262023, 44.4995926], [6.3259712, 44.4995374], [6.3258838, 44.4995499], [6.3257063, 44.4995292], [6.325459, 44.4995835], [6.3252613, 44.4994552], [6.3251308, 44.4993969], [6.3249452, 44.4992602], [6.3248546, 44.4992179], [6.3247782, 44.499203], [6.3247044, 44.4990611], [6.3246669, 44.4988739], [6.3246067, 44.4987496], [6.3246412, 44.4986945], [6.3247608, 44.4986089], [6.3249783, 44.4983041], [6.325075, 44.4982627], [6.325235, 44.4981954], [6.3253416, 44.4981021], [6.3255026, 44.4980784], [6.3256168, 44.4979028], [6.3257511, 44.4978528], [6.3257731, 44.4977981], [6.3259178, 44.4977117], [6.326028, 44.4976805], [6.3260827, 44.4975617], [6.3260785, 44.4974897], [6.326143, 44.497429], [6.3263373, 44.4972459], [6.3264357, 44.4970357], [6.3265181, 44.4969602], [6.3265377, 44.4968875], [6.3265723, 44.4968485], [6.3266782, 44.4967292], [6.3267656, 44.4965464], [6.3268606, 44.4964705], [6.3270075, 44.4964043], [6.3270556, 44.4963826], [6.3271016, 44.4963092], [6.3270705, 44.496229], [6.326905, 44.4961989], [6.3268394, 44.4961747], [6.3267886, 44.4961673], [6.3266046, 44.4962278], [6.3265162, 44.4962223], [6.3262934, 44.496266], [6.3261427, 44.4962714], [6.3260197, 44.4963211], [6.3259318, 44.4963247], [6.3258969, 44.4963527], [6.3258784, 44.4964434], [6.3258318, 44.4965079], [6.3256363, 44.4965876], [6.3254222, 44.4967572], [6.3248625, 44.4970209], [6.3247089, 44.4969995], [6.3245539, 44.4971041], [6.3244555, 44.4971431], [6.3243977, 44.4972089], [6.3241922, 44.4973331], [6.3240585, 44.4973921], [6.3239449, 44.4973874], [6.3237968, 44.4974378], [6.3237078, 44.4974225], [6.3234757, 44.4975214], [6.3233927, 44.4975869], [6.3233184, 44.4976081], [6.3230279, 44.4975916], [6.3227952, 44.4975103], [6.3227002, 44.4974141], [6.3226583, 44.4973442], [6.3223901, 44.4973], [6.3222984, 44.4972397], [6.3220943, 44.4971936], [6.3219496, 44.4969376], [6.3218077, 44.4968797], [6.3217404, 44.4968276], [6.3216509, 44.4968042], [6.3215575, 44.4967358], [6.3213484, 44.4966259], [6.3213332, 44.4965813], [6.3212644, 44.4965032], [6.3210199, 44.4964132], [6.3209259, 44.496335], [6.3208961, 44.4960845], [6.3209273, 44.4959935], [6.3210309, 44.4958723], [6.3209223, 44.4957593], [6.3209176, 44.4956784], [6.320888, 44.4956252], [6.3208393, 44.4956537], [6.3207263, 44.495658], [6.3205915, 44.495699], [6.320301, 44.4956826], [6.3201049, 44.4957524], [6.320017, 44.495756], [6.3199634, 44.4957215], [6.319721, 44.4956676], [6.3196812, 44.4956327], [6.3196528, 44.4955985], [6.3196339, 44.4953197], [6.3195902, 44.4952399], [6.3194865, 44.4951899], [6.3194083, 44.4951661], [6.3192036, 44.4952813], [6.3190408, 44.4952961], [6.3189349, 44.4952281], [6.3187684, 44.49518], [6.3186407, 44.4949775], [6.3184556, 44.4948488], [6.3184387, 44.4947962], [6.3183858, 44.4947527], [6.3182602, 44.4947574], [6.3179058, 44.494896], [6.3178304, 44.4948992], [6.3177381, 44.4948479], [6.3176672, 44.4947338], [6.3176443, 44.4945813], [6.317475, 44.4945062], [6.3174319, 44.4944363], [6.3174266, 44.4941752], [6.3172712, 44.4939285], [6.3172908, 44.4938558], [6.3172341, 44.4937683], [6.3168808, 44.4935825], [6.3168253, 44.493495], [6.3168389, 44.4933414], [6.3167724, 44.4932803], [6.3167453, 44.4932317], [6.3167287, 44.4932006], [6.3168052, 44.4930451], [6.3168549, 44.4930346], [6.3168499, 44.4929717], [6.3169894, 44.4927954], [6.3169844, 44.4927325], [6.3170276, 44.4926321], [6.3169993, 44.4925788], [6.316936, 44.4925717], [6.3168622, 44.4926019], [6.3166366, 44.4926186], [6.3163582, 44.4925927], [6.3162205, 44.4926068], [6.3161562, 44.4925826], [6.3159612, 44.4926704], [6.3158727, 44.492665], [6.3158104, 44.4926759], [6.3156696, 44.492636], [6.3155752, 44.4927208], [6.3155139, 44.4927497], [6.315431, 44.4928161], [6.3153894, 44.4929435], [6.3153904, 44.4931327], [6.3152522, 44.4933081], [6.315215, 44.4933191], [6.3150101, 44.4932811], [6.3149185, 44.4932217], [6.3148874, 44.4931415], [6.3149044, 44.4930239], [6.3147079, 44.4927433], [6.3146273, 44.4926556], [6.314576, 44.4924688], [6.3145192, 44.4923804], [6.3145389, 44.4923078], [6.3145203, 44.4922272], [6.3144675, 44.4921847], [6.3144117, 44.4921143], [6.3143905, 44.4919888], [6.3143202, 44.4918837], [6.3143639, 44.4917922], [6.3143612, 44.4917473], [6.3142412, 44.4916527], [6.3141369, 44.4915927], [6.3139711, 44.4913833], [6.3139672, 44.4913383], [6.3140153, 44.4913], [6.31426, 44.4912016], [6.3141852, 44.4910417], [6.3142132, 44.4908967], [6.3140107, 44.4907063], [6.3139371, 44.4905464], [6.3139463, 44.49051], [6.3140688, 44.4904523], [6.3141015, 44.4903873], [6.3141638, 44.4903765], [6.3141855, 44.4903398], [6.3141551, 44.4902506], [6.3140295, 44.4900841], [6.314035, 44.4899848], [6.3140919, 44.489902], [6.314152, 44.4898542], [6.3141105, 44.4898113], [6.3139283, 44.4897096], [6.3137525, 44.4895446], [6.3137503, 44.4895086], [6.31377, 44.4894359], [6.3137363, 44.4893117], [6.3137695, 44.4892558], [6.3138292, 44.4891999], [6.3138101, 44.4891104], [6.313821, 44.489083], [6.3139237, 44.4889448], [6.31401, 44.4889142], [6.3140548, 44.4888408], [6.3138724, 44.4887571], [6.3137316, 44.4887172], [6.3136508, 44.4886484], [6.3136437, 44.4885495], [6.3137957, 44.4883729], [6.313638, 44.4882794], [6.3136265, 44.4881266], [6.3134694, 44.4880241], [6.3134383, 44.4879448], [6.3134559, 44.4878362], [6.3133347, 44.4877236], [6.31329, 44.4876258], [6.3133081, 44.4875262], [6.3134135, 44.487414], [6.3134431, 44.487296], [6.3133825, 44.4871635], [6.3133754, 44.4870646], [6.3132968, 44.4870129], [6.3132461, 44.4870064], [6.313232, 44.4869798], [6.3131537, 44.4869551], [6.3130873, 44.4868949], [6.3129837, 44.4866737], [6.312975, 44.4865478], [6.312856, 44.4864712], [6.3126862, 44.4862159], [6.3127187, 44.4861248], [6.3129163, 44.4859107], [6.3128689, 44.485768], [6.3129602, 44.4856301], [6.3129684, 44.4855758], [6.3128762, 44.4855065], [6.3127933, 44.4854018], [6.312746, 44.4853797], [6.3126497, 44.4853349], [6.3125492, 44.4853388], [6.3123953, 44.4852903], [6.3123014, 44.485212], [6.3122792, 44.4850694], [6.3122235, 44.484999], [6.3122536, 44.48489], [6.3122465, 44.4847911], [6.3121233, 44.4846425], [6.3120451, 44.4846188], [6.3119692, 44.484612], [6.3118661, 44.484571], [6.3118755, 44.4845166], [6.3119294, 44.484406], [6.3118897, 44.484372], [6.3118865, 44.4843181], [6.3117533, 44.4842149], [6.3116141, 44.4842019], [6.3116081, 44.484121], [6.3115655, 44.4840592], [6.3114739, 44.4839998], [6.3113232, 44.483834], [6.3113288, 44.4837348], [6.3113955, 44.4836066], [6.3112574, 44.4836117], [6.3111804, 44.483587], [6.3111045, 44.4835811], [6.3110522, 44.4835467], [6.3110226, 44.4834935], [6.311032, 44.4834391], [6.3109916, 44.4834142], [6.3109764, 44.4833696], [6.3108966, 44.483318], [6.3108639, 44.4832117], [6.3108367, 44.4831765], [6.3106969, 44.4831546], [6.3104298, 44.4832996], [6.3103934, 44.4833006], [6.3103125, 44.483231], [6.3102286, 44.4831083], [6.3099557, 44.4829831], [6.3098476, 44.4828791], [6.3097995, 44.4827454], [6.3096501, 44.4825796], [6.3096447, 44.4825086], [6.3095536, 44.4824573], [6.3095345, 44.4823678], [6.3094445, 44.4823353], [6.3093386, 44.4822673], [6.3092376, 44.4822614], [6.3090432, 44.4821879], [6.308848, 44.4820775], [6.3086366, 44.4821217], [6.3085411, 44.4820165], [6.3082366, 44.4819743], [6.3081688, 44.4819132], [6.3081777, 44.4818499], [6.3079687, 44.4817408], [6.3078671, 44.4817259], [6.3078502, 44.4816723], [6.3076963, 44.4816247], [6.307616, 44.481564], [6.3074196, 44.4814546], [6.3072662, 44.481415], [6.3071718, 44.4813278], [6.3071789, 44.4812555], [6.3072221, 44.4811551], [6.3072048, 44.4810745], [6.3075193, 44.4809011], [6.3075144, 44.4808381], [6.3075717, 44.4807643], [6.3075544, 44.4806838], [6.3077784, 44.4804689], [6.307763, 44.4804423], [6.3076453, 44.4803657], [6.3076409, 44.4803118], [6.3077599, 44.4802172], [6.3078729, 44.4802129], [6.3078795, 44.4801316], [6.307979, 44.4801106], [6.3079768, 44.4800746], [6.3080352, 44.4800179], [6.308007, 44.4799656], [6.3079311, 44.4799589], [6.3079162, 44.4799413], [6.3079081, 44.4798244], [6.30793, 44.4797697], [6.3078694, 44.4796373], [6.3079897, 44.4795427], [6.3080306, 44.4794243], [6.3081154, 44.4793668], [6.3081198, 44.4792495], [6.3083098, 44.4790988], [6.3082923, 44.4790362], [6.3082521, 44.4789933], [6.3082385, 44.4788045], [6.3082861, 44.4787571], [6.308446, 44.4787154], [6.3085629, 44.4785857], [6.3085449, 44.4785142], [6.3085865, 44.4783868], [6.3086438, 44.4783121], [6.3087286, 44.4782555], [6.3087079, 44.478139], [6.3087401, 44.4780659], [6.3087882, 44.4780275], [6.3088618, 44.4780163], [6.3089827, 44.4779307], [6.3090814, 44.4779187], [6.3091169, 44.4778807], [6.3090084, 44.4777677], [6.3089108, 44.4776274], [6.3089069, 44.4775825], [6.3089893, 44.477507], [6.3088852, 44.4772768], [6.3090012, 44.4771292], [6.3090885, 44.4771166], [6.3091087, 44.4770529], [6.3090655, 44.4769822], [6.3091514, 44.4769435], [6.3092141, 44.4769408], [6.3092359, 44.4769041], [6.3091525, 44.4767903], [6.3091137, 44.4767735], [6.3090851, 44.4767489], [6.3089931, 44.4766699], [6.3089916, 44.4766429], [6.3090271, 44.4766058], [6.3089539, 44.4764728], [6.3089518, 44.4764369], [6.3086965, 44.4762031], [6.308679, 44.4761414], [6.3087081, 44.4760135], [6.3087879, 44.475894], [6.3089528, 44.475744], [6.309038, 44.4756955], [6.3091641, 44.4756998], [6.3092635, 44.4756788], [6.3094775, 44.4756796], [6.3095463, 44.4755874], [6.3095817, 44.4755683], [6.3097384, 44.4756438], [6.3098624, 44.4756121], [6.3100251, 44.4755973], [6.309976, 44.4754457], [6.3100252, 44.4754262], [6.3100568, 44.4753441], [6.3101306, 44.475314], [6.3101272, 44.475278], [6.310291, 44.4752812], [6.310313, 44.4752265], [6.3102912, 44.475092], [6.310335, 44.4750006], [6.3104315, 44.4749517], [6.3105205, 44.4749671], [6.3105691, 44.4749377], [6.3106052, 44.4749096], [6.3106013, 44.4748647], [6.3107193, 44.4747521], [6.3106997, 44.4746545], [6.3106184, 44.4745758], [6.3106393, 44.4745031], [6.3106001, 44.474307], [6.3106296, 44.4741881], [6.3107503, 44.4739502], [6.3107587, 44.4738778], [6.310805, 44.4738305], [6.3108667, 44.4738106], [6.3110054, 44.4736434], [6.3111148, 44.473577], [6.3111721, 44.4735023], [6.3113795, 44.4734141], [6.3114619, 44.4733386], [6.3115488, 44.473318], [6.3118387, 44.4733255], [6.311999, 44.4734631], [6.3120639, 44.4734971], [6.3121267, 44.4734953], [6.3122212, 44.4734104], [6.3123577, 44.4733784], [6.3123964, 44.4733952], [6.312545, 44.4733538], [6.3125547, 44.4733265], [6.312528, 44.4733003], [6.3125767, 44.4732718], [6.312568, 44.4731459], [6.3124195, 44.4730161], [6.3123907, 44.4729539], [6.3124765, 44.4727441], [6.3124716, 44.4726812], [6.3125257, 44.4725525], [6.3125242, 44.4725264], [6.3125846, 44.4725057], [6.312605, 44.472424], [6.3126749, 44.4723498], [6.3128954, 44.4722693], [6.3129174, 44.4722146], [6.3129642, 44.4721771], [6.3130254, 44.4721474], [6.3132132, 44.4721318], [6.3132449, 44.4720498], [6.3132274, 44.4719872], [6.3132619, 44.4719321], [6.3134574, 44.4718533], [6.3134393, 44.4717817], [6.3132233, 44.4715729], [6.3132413, 44.4714733], [6.313307, 44.4713271], [6.313302, 44.4712642], [6.3134216, 44.4711786], [6.3134611, 44.4710152], [6.3137203, 44.4709516], [6.3137811, 44.4707425], [6.3137342, 44.4706088], [6.3138674, 44.4705417], [6.3138936, 44.4703878], [6.3142454, 44.4700141], [6.3144152, 44.469927], [6.3144775, 44.4699161], [6.3146467, 44.46982], [6.3147488, 44.4698431], [6.3148748, 44.4698474], [6.3149392, 44.4697013], [6.3150512, 44.469679], [6.3150862, 44.4696329], [6.3151341, 44.4696125], [6.3152128, 44.4696462], [6.3153133, 44.4696423], [6.3153776, 44.4696674], [6.315668, 44.4696839], [6.315673, 44.4695756], [6.3155841, 44.46939], [6.3156082, 44.4692], [6.3159686, 44.4689522], [6.3160379, 44.468869], [6.3161345, 44.4688202], [6.3161907, 44.4687284], [6.3163082, 44.4686068], [6.3165386, 44.4684819], [6.3165637, 44.4684802], [6.3165663, 44.4685252], [6.3166543, 44.4685225], [6.3167351, 44.4685913], [6.3168486, 44.468596], [6.3170113, 44.46841], [6.3171926, 44.4683045], [6.3173142, 44.4682549], [6.3174584, 44.4681596], [6.3177325, 44.4681144], [6.3181081, 44.4679111], [6.3182434, 44.4678791], [6.3182816, 44.467887], [6.3183083, 44.4679132], [6.3183224, 44.468111], [6.318354, 44.4681993], [6.3184736, 44.4682849], [6.3185243, 44.4682923], [6.3185429, 44.4682017], [6.3185997, 44.4681189], [6.3187433, 44.4680146], [6.3187995, 44.4679219], [6.3189536, 44.4677812], [6.3191605, 44.4676839], [6.3196169, 44.4673792], [6.3198751, 44.4671263], [6.3202337, 44.4668704], [6.3205013, 44.4667344], [6.3207218, 44.4666548], [6.3208971, 44.4666396], [6.3211016, 44.4666947], [6.3211186, 44.4667685], [6.3211388, 44.4668558], [6.3210825, 44.4669476], [6.3211239, 44.4670094], [6.3211032, 44.4670641], [6.321268, 44.4670852], [6.321274, 44.4671662], [6.3214017, 44.4671974], [6.3214715, 44.4672936], [6.321549, 44.4673273], [6.3216363, 44.4673147], [6.3217062, 44.4672405], [6.3217804, 44.4672194], [6.321816, 44.4671823], [6.3218056, 44.4670474], [6.3218613, 44.4669466], [6.3218793, 44.466847], [6.3220067, 44.4666801], [6.3222147, 44.4666008], [6.3224406, 44.466421], [6.3225018, 44.4663921], [6.3225913, 44.4664156], [6.3226887, 44.4663166], [6.3228866, 44.466435], [6.3230856, 44.4666262], [6.3234437, 44.4666922], [6.3238003, 44.466712], [6.3239306, 44.4666824], [6.3241429, 44.4666562], [6.3244511, 44.4667622], [6.3244872, 44.4669053], [6.3244511, 44.4669334], [6.3243769, 44.4671249], [6.3243589, 44.4672254], [6.3243769, 44.467296], [6.3244384, 44.4672942], [6.3244816, 44.467365], [6.3245448, 44.4673712], [6.3246547, 44.4673129], [6.3249406, 44.4672754], [6.3250891, 44.467234], [6.325367, 44.4672518], [6.3253832, 44.4673134], [6.3251151, 44.4676116], [6.3250534, 44.4678027], [6.3250615, 44.4679196], [6.3250053, 44.4680123], [6.3250097, 44.4680653], [6.3250354, 44.4680736], [6.3250571, 44.4680369], [6.3251549, 44.467988], [6.3253416, 44.4677832], [6.3255386, 44.4677313], [6.3257756, 44.4676953], [6.3259399, 44.4677075], [6.3259851, 44.4678143], [6.3260364, 44.4678307], [6.3260903, 44.4678913], [6.32611, 44.4679898], [6.3260757, 44.4680269], [6.3259277, 44.4680773], [6.3256799, 44.4681226], [6.3252635, 44.468273], [6.3251225, 44.4684214], [6.3250511, 44.4684695], [6.3249756, 44.468661], [6.3247888, 44.4688658], [6.3247676, 44.4689124], [6.3247807, 44.4689201], [6.3250825, 44.468747], [6.3251984, 44.4685993], [6.3254658, 44.4684813], [6.3255559, 44.4684957], [6.3255908, 44.4684677], [6.3257169, 44.468472], [6.3260543, 44.468433], [6.326206, 44.4684455], [6.3263436, 44.4684314], [6.3264096, 44.4684835], [6.3264378, 44.4685358], [6.3265176, 44.4685875], [6.3265634, 44.4687023], [6.3266136, 44.4687008], [6.3266552, 44.4685734], [6.3267605, 44.4684612], [6.3269646, 44.4685082], [6.3270514, 44.4684866], [6.3270465, 44.4684237], [6.3270695, 44.468387], [6.3270405, 44.4683428], [6.3270362, 44.4682709], [6.3271218, 44.4682503], [6.3272185, 44.4681834], [6.3273287, 44.4681521], [6.3272813, 44.4680103], [6.3272745, 44.4677808], [6.327477, 44.4676683], [6.3277631, 44.4675323], [6.3280019, 44.467455], [6.3281583, 44.4673765], [6.3282536, 44.4673628], [6.3285484, 44.4672669], [6.328636, 44.4673165], [6.3290068, 44.4671635], [6.3291559, 44.4671311], [6.3293223, 44.4671792], [6.3295112, 44.4671816], [6.3295625, 44.4671981], [6.3295559, 44.4672793], [6.3296001, 44.4673672], [6.3295716, 44.4675032], [6.3294652, 44.4675974], [6.3293893, 44.4677619], [6.3294401, 44.4677694], [6.329624, 44.4677089], [6.3297878, 44.4678832], [6.3299541, 44.4679305], [6.329952, 44.4678945], [6.3298877, 44.4676991], [6.3300213, 44.4674689], [6.3300684, 44.4674134], [6.3302031, 44.4673724], [6.3302086, 44.4672731], [6.3302425, 44.467209], [6.3302883, 44.4671536], [6.3305062, 44.4670281], [6.3305419, 44.4669741], [6.3305974, 44.4668902], [6.3308043, 44.4664505], [6.3308895, 44.466402], [6.3310745, 44.4663595], [6.3312617, 44.4663349], [6.331313, 44.4663505], [6.3314854, 44.4666507], [6.3314805, 44.466759], [6.3314363, 44.4668414], [6.331544, 44.4668701], [6.3316152, 44.4668891], [6.3315972, 44.4669888], [6.3316409, 44.4670677], [6.3317511, 44.4670373], [6.3318193, 44.4671064], [6.3319638, 44.4670605], [6.3321392, 44.4670049], [6.3322004, 44.466976], [6.3323592, 44.4669162], [6.3325415, 44.466999], [6.3325818, 44.4670428], [6.3329273, 44.4671198], [6.3329747, 44.4670913], [6.3330152, 44.4671171], [6.3331008, 44.4670956], [6.3332292, 44.4671179], [6.333377, 44.4670854], [6.3335151, 44.4670804], [6.3334246, 44.467039], [6.3332232, 44.4670378], [6.3331298, 44.4669686], [6.3329148, 44.4669499], [6.3328465, 44.4668798], [6.3327178, 44.4668306], [6.3326877, 44.4667684], [6.3327216, 44.4667043], [6.3326529, 44.4666262], [6.3325469, 44.4665573], [6.3324187, 44.4665171], [6.3323402, 44.4664663], [6.3323856, 44.4660414], [6.332367, 44.4659609], [6.3323992, 44.4658879], [6.3324936, 44.465803], [6.3325548, 44.4657741], [6.3326171, 44.4657632], [6.3326989, 44.4656788], [6.3326656, 44.4655626], [6.3329008, 44.4655186], [6.3331056, 44.4655556], [6.3339034, 44.4656441], [6.3340698, 44.4656923], [6.3345917, 44.465772], [6.3347484, 44.4658474], [6.3349011, 44.4658779], [6.3351025, 44.4658791], [6.3352062, 44.46593], [6.3353824, 44.4659318], [6.3354944, 44.4659104], [6.3356079, 44.4659151], [6.3356701, 44.4659033], [6.3360019, 44.4658715], [6.3362654, 44.4659248], [6.3364362, 44.4660365], [6.3365582, 44.4661247], [6.3366587, 44.4662081], [6.3366441, 44.4663124], [6.3367551, 44.4663489], [6.3367598, 44.4664714], [6.3365929, 44.4665097], [6.3366508, 44.4666152], [6.3367031, 44.4666496], [6.3367653, 44.4666378], [6.3368297, 44.4666629], [6.336893, 44.4666691], [6.3369859, 44.4667294], [6.337215, 44.4667747], [6.3372582, 44.4668454], [6.3373953, 44.4668224], [6.3374842, 44.4668368], [6.3376184, 44.466958], [6.3376392, 44.4670745], [6.3375352, 44.467232], [6.3373897, 44.4674523], [6.3373602, 44.4675713], [6.3373001, 44.4676181], [6.3374262, 44.4676224], [6.3375582, 44.4675364], [6.3377062, 44.467486], [6.338126, 44.4672012], [6.3384769, 44.4670077], [6.3385342, 44.4669338], [6.3387422, 44.4668546], [6.3389551, 44.4668373], [6.3389943, 44.4668631], [6.3391319, 44.4668491], [6.3392716, 44.4668709], [6.339349, 44.4669037], [6.3395287, 44.4669424], [6.3395816, 44.4669859], [6.3395986, 44.4670394], [6.3396483, 44.467028], [6.339788, 44.4670499], [6.3398278, 44.4670848], [6.3397569, 44.467141], [6.3397669, 44.4671751], [6.3397726, 44.4671945], [6.3398273, 44.4672469], [6.3399265, 44.467243], [6.3399675, 44.4672778], [6.3400259, 44.4673923], [6.3399817, 44.4674756], [6.3400914, 44.4676066], [6.3400574, 44.4676707], [6.3399724, 44.4677003], [6.3399003, 44.4677574], [6.3397737, 44.4679153], [6.3398517, 44.4679571], [6.3398954, 44.4680369], [6.3399723, 44.4680607], [6.3400111, 44.4682487], [6.3400543, 44.4683195], [6.3400067, 44.468366], [6.3399903, 44.4684926], [6.3400029, 44.4686634], [6.3398833, 44.4687481], [6.339795, 44.4689139], [6.3397867, 44.4689862], [6.3398418, 44.4690467], [6.3398173, 44.4690574], [6.3397283, 44.4690421], [6.3396831, 44.4691074], [6.3395481, 44.4691655], [6.3395361, 44.4693461], [6.3395673, 44.4694263], [6.3396437, 44.469442], [6.3396508, 44.4693697], [6.3397266, 44.4693755], [6.3397829, 44.4692837], [6.339855, 44.4692265], [6.3399406, 44.4692059], [6.3400667, 44.4692102], [6.3402244, 44.4691324], [6.34028, 44.4690307], [6.3402622, 44.4689421], [6.3403336, 44.468894], [6.3404957, 44.4688701], [6.3406119, 44.4689198], [6.340557, 44.4688412], [6.340552, 44.4687783], [6.3406403, 44.4686126], [6.3407135, 44.4684031], [6.3406857, 44.4683589], [6.3406938, 44.4683046], [6.3406104, 44.4681909], [6.3406922, 44.4681064], [6.3406754, 44.4680349], [6.3407604, 44.4680052], [6.3407818, 44.4679415], [6.3408898, 44.4678743], [6.3409455, 44.4677735], [6.3409149, 44.4677023], [6.340986, 44.4676281], [6.3410739, 44.4676245], [6.3411213, 44.4675961], [6.341094, 44.4675608], [6.3411131, 44.4674792], [6.3410437, 44.4673912], [6.3410476, 44.4672649], [6.3409209, 44.4670805], [6.3408958, 44.4669551], [6.3408834, 44.4668933], [6.3408651, 44.4668761], [6.3408555, 44.4668671], [6.3407911, 44.466842], [6.3408609, 44.4667678], [6.3411054, 44.4666685], [6.3412932, 44.4666529], [6.3415765, 44.4665704], [6.3419056, 44.4666037], [6.3420432, 44.4665896], [6.3421572, 44.4666033], [6.3421965, 44.4666291], [6.3422135, 44.4666827], [6.3422407, 44.4667179], [6.3423385, 44.466669], [6.3425295, 44.4667073], [6.3425726, 44.4667772], [6.3425541, 44.4668678], [6.3426075, 44.4669203], [6.3426582, 44.4669269], [6.3427561, 44.4668788], [6.3427898, 44.4668328], [6.3428264, 44.4668127], [6.3429399, 44.4666471], [6.3430748, 44.4665881], [6.3432357, 44.4665642], [6.3434763, 44.4665912], [6.3435425, 44.4666252], [6.3436085, 44.4666764], [6.3436303, 44.4668109], [6.3436724, 44.4668637], [6.3437744, 44.4668867], [6.3440707, 44.4668128], [6.3442208, 44.4666272], [6.3442411, 44.4665455], [6.3443224, 44.466452], [6.3444757, 44.4663203], [6.3445144, 44.4663371], [6.3445314, 44.4663907], [6.3446722, 44.4664306], [6.3447601, 44.466427], [6.3448119, 44.4664524], [6.3448872, 44.4664493], [6.3449615, 44.466429], [6.3450886, 44.4664513], [6.3453593, 44.4663692], [6.3454386, 44.4664118], [6.3454533, 44.4664474], [6.3454789, 44.4664547], [6.3456656, 44.4664211], [6.3457076, 44.4664919], [6.3457601, 44.4665075], [6.3460094, 44.46649], [6.3460706, 44.4664602], [6.3461219, 44.4664767], [6.3461245, 44.4665216], [6.3461651, 44.4665474], [6.3461666, 44.4665744], [6.3460351, 44.4668397], [6.3458632, 44.4670801], [6.3458457, 44.4671887], [6.345867, 44.4674854], [6.3459385, 44.4676085], [6.3459064, 44.4676824], [6.3459762, 44.4677785], [6.3461492, 44.4677453], [6.3462332, 44.467868], [6.3462703, 44.4678579], [6.3463375, 44.467909], [6.3464068, 44.4678258], [6.3464358, 44.4676988], [6.3465077, 44.4676597], [6.3465838, 44.4675959], [6.3466983, 44.4674998], [6.3468575, 44.4672778], [6.3469891, 44.4671828], [6.3472456, 44.467075], [6.347357, 44.4670437], [6.3475317, 44.4670195], [6.34766, 44.4670597], [6.3476872, 44.467095], [6.3476726, 44.4672306], [6.3477254, 44.4672731], [6.3478003, 44.4672618], [6.3479198, 44.4671762], [6.3480293, 44.4671359], [6.3481196, 44.4671512], [6.3482057, 44.4671387], [6.3482713, 44.4671637], [6.3484039, 44.4670867], [6.3484491, 44.4670214], [6.3484454, 44.4669593], [6.348531, 44.4669378], [6.3485715, 44.4669636], [6.3486544, 44.4668971], [6.3487177, 44.4669042], [6.3487532, 44.466867], [6.3491089, 44.4667544], [6.3491931, 44.4666888], [6.3491766, 44.4666442], [6.3492613, 44.4665867], [6.3493513, 44.4664488], [6.3493878, 44.4664288], [6.3494446, 44.466346], [6.3497218, 44.4661826], [6.3499483, 44.4661838], [6.3499888, 44.4662087], [6.3499925, 44.4662717], [6.3499233, 44.4663558], [6.3499304, 44.4664546], [6.3498305, 44.4666379], [6.3498539, 44.4667994], [6.3499342, 44.4668591], [6.3499862, 44.4670557], [6.3500129, 44.4670819], [6.3500756, 44.4670791], [6.3501439, 44.4671491], [6.3503867, 44.467212], [6.3503817, 44.4671491], [6.3504123, 44.4670491], [6.3503272, 44.4669084], [6.3503366, 44.4668541], [6.350307, 44.4668009], [6.3503169, 44.4667556], [6.3505684, 44.4665839], [6.3507185, 44.4665694], [6.3508161, 44.4665385], [6.3510159, 44.4665135], [6.3512866, 44.4664314], [6.3515153, 44.4664686], [6.3515563, 44.4665025], [6.351505, 44.4666762], [6.3514276, 44.4668137], [6.3514182, 44.466868], [6.3514593, 44.4669028], [6.3514494, 44.4669482], [6.3514641, 44.4669838], [6.3517593, 44.4668919], [6.3518566, 44.466834], [6.3519073, 44.4668414], [6.351928, 44.4667867], [6.351964, 44.4667577], [6.3520339, 44.4668547], [6.3522505, 44.4669004], [6.3523636, 44.4668969], [6.352357, 44.466807], [6.3523766, 44.4667344], [6.3525251, 44.4666929], [6.3525207, 44.466639], [6.3524366, 44.4665154], [6.3524465, 44.46647], [6.3523357, 44.4663211], [6.3522712, 44.466315], [6.3521921, 44.4662543], [6.3520108, 44.4661887], [6.3519307, 44.4661109], [6.3518438, 44.4659613], [6.3517789, 44.4659272], [6.3517363, 44.4658663], [6.3517435, 44.465776], [6.3517134, 44.4657139], [6.3516042, 44.4655919], [6.3516342, 44.4654829], [6.3515507, 44.4653683], [6.3514218, 44.4653371], [6.3513935, 44.4652839], [6.3513832, 44.4651319], [6.3514153, 44.465058], [6.3514873, 44.4650197], [6.352127, 44.4649877], [6.352336, 44.4649255], [6.3525107, 44.4649012], [6.3526804, 44.4648141], [6.3527311, 44.4648206], [6.3527928, 44.4648007], [6.3529412, 44.4647773], [6.3533102, 44.4648264], [6.3535017, 44.4648738], [6.3537114, 44.4649926], [6.3537818, 44.4650977], [6.3538848, 44.4651387], [6.3540366, 44.4651512], [6.3542997, 44.4651324], [6.3544028, 44.4651743], [6.3545884, 44.4651218], [6.3547303, 44.4651797], [6.354882, 44.4651922], [6.3549066, 44.4651824], [6.3549246, 44.4650827], [6.3549933, 44.4649905], [6.355114, 44.4649049], [6.3554332, 44.4648123], [6.3555113, 44.464836], [6.3555823, 44.464951], [6.3556456, 44.4649572], [6.3556924, 44.4649197], [6.3557711, 44.4647822], [6.3559501, 44.4646398], [6.3561869, 44.4646226], [6.3564695, 44.4645311], [6.3566317, 44.4645073], [6.3567698, 44.4645022], [6.3569477, 44.4645319], [6.3570356, 44.4645283], [6.3580636, 44.4643195], [6.3582428, 44.4643492], [6.358347, 44.4644082], [6.3585583, 44.4647243], [6.3586106, 44.4647587], [6.3587089, 44.4647188], [6.3587662, 44.464645], [6.358775, 44.4645816], [6.358919, 44.4644862], [6.3591139, 44.4643983], [6.3592017, 44.4643947], [6.359372, 44.4643165], [6.3594473, 44.4643133], [6.3595308, 44.4644279], [6.3596203, 44.4644513], [6.3596777, 44.4645487], [6.3596968, 44.4646382], [6.3597764, 44.464707], [6.3598463, 44.464803], [6.3599408, 44.4648903], [6.3600313, 44.4649317], [6.36008, 44.4649031], [6.3600728, 44.4648042], [6.3601198, 44.4647488], [6.3600853, 44.4646327], [6.3600902, 44.4645244], [6.3602387, 44.4644829], [6.3604515, 44.4644656], [6.3606938, 44.4645204], [6.3608956, 44.4643593], [6.3610736, 44.4641998], [6.3610702, 44.4641638], [6.3612012, 44.4640607], [6.3612461, 44.4639684], [6.3613791, 44.4639003], [6.3615068, 44.4637613], [6.3617135, 44.4636631], [6.3618554, 44.4635317], [6.3619346, 44.4634031], [6.3620169, 44.4631574], [6.3621451, 44.4630084], [6.3625216, 44.462823], [6.3627683, 44.4627605], [6.3629926, 44.4627248], [6.3633081, 44.4627404], [6.3636382, 44.4627916], [6.3638014, 44.4627848], [6.3641179, 44.4628184], [6.3643394, 44.4627567], [6.3644022, 44.4627539], [6.3644415, 44.4627797], [6.3646332, 44.462809], [6.364791, 44.4629024], [6.3652603, 44.4629655], [6.3657383, 44.4631555], [6.3658029, 44.4631616], [6.3660855, 44.4632593], [6.3664397, 44.4632917], [6.3666509, 44.4632474], [6.3667214, 44.4633534], [6.3668229, 44.4633674], [6.366949, 44.4633717], [6.3670358, 44.463351], [6.3671192, 44.4632935], [6.3671366, 44.4631848], [6.3673783, 44.4632297], [6.367474, 44.4631457], [6.3676476, 44.4632927], [6.3677053, 44.4632269], [6.3677222, 44.4631093], [6.3678362, 44.4631229], [6.3678456, 44.4630686], [6.3678684, 44.4630499], [6.3679722, 44.4630818], [6.3680698, 44.4630518], [6.3682287, 44.462974], [6.3685275, 44.4627738], [6.3687236, 44.4626858], [6.3688305, 44.4626006], [6.3690394, 44.4625383], [6.3691458, 44.462445], [6.3693536, 44.4623647], [6.3693897, 44.4623366], [6.3694082, 44.4622459], [6.3694294, 44.4622002], [6.3696695, 44.4620289], [6.3698403, 44.4619597], [6.3700661, 44.4617807], [6.3702267, 44.4617298], [6.3703527, 44.4617341], [6.3711379, 44.4616515], [6.3713868, 44.461606], [6.3716339, 44.4615516], [6.3717322, 44.4615126], [6.3719673, 44.4614675], [6.3720285, 44.4614386], [6.3721279, 44.4614167], [6.3722861, 44.4613479], [6.372382, 44.46129], [6.3724376, 44.4611892], [6.3725102, 44.461141], [6.3727879, 44.4609874], [6.3729199, 44.4609014], [6.3730503, 44.4607884], [6.373352, 44.4606151], [6.3734241, 44.4605589], [6.3737503, 44.460375], [6.373814, 44.4602199], [6.3739133, 44.4601979], [6.3740312, 44.4600862], [6.3740497, 44.4599955], [6.374202, 44.460017], [6.3744137, 44.4599817], [6.3745888, 44.4597952], [6.3747258, 44.4597721], [6.3747967, 44.4597158], [6.3749408, 44.4597916], [6.3750177, 44.4598154], [6.3749679, 44.4596556], [6.3749487, 44.4595661], [6.3749837, 44.45952], [6.3752163, 44.4596012], [6.3752893, 44.45958], [6.3754535, 44.4595921], [6.3755999, 44.4595146], [6.3757607, 44.4594908], [6.3760249, 44.4594899], [6.3761902, 44.45952], [6.3763152, 44.4595062], [6.3766491, 44.4594311], [6.3770535, 44.4592719], [6.3775008, 44.4590302], [6.3778346, 44.4587839], [6.377977, 44.4586615], [6.3779983, 44.4585978], [6.3784171, 44.4581326], [6.3787417, 44.4579226], [6.3789621, 44.457842], [6.3793216, 44.4577751], [6.3796769, 44.4576354], [6.3798252, 44.4576119], [6.3799731, 44.4575614], [6.3800746, 44.4575763], [6.3801842, 44.457536], [6.3803741, 44.4573671], [6.380883, 44.4571046], [6.3808786, 44.4570516], [6.3809205, 44.4569322], [6.3809686, 44.4568947], [6.3812053, 44.4568767], [6.3812987, 44.4569459], [6.38135, 44.4569614], [6.3816387, 44.4569508], [6.3818422, 44.4569887], [6.3821817, 44.4569854], [6.3823008, 44.457062], [6.3824132, 44.4570486], [6.3824965, 44.4569911], [6.3827813, 44.4569355], [6.3831186, 44.4568963], [6.383417, 44.4568583], [6.38353, 44.4568539], [6.3838601, 44.4569051], [6.3839731, 44.4569007], [6.3841969, 44.4568569], [6.3843796, 44.4567783], [6.3847861, 44.456655], [6.3853517, 44.4563096], [6.385547, 44.4562306], [6.3856533, 44.4561364], [6.385836, 44.4560578], [6.3858836, 44.4560113], [6.3859391, 44.4559095], [6.386058, 44.4558158], [6.3861317, 44.4557856], [6.3862009, 44.4557024], [6.3862726, 44.4553028], [6.3863413, 44.4552106], [6.3864143, 44.4550011], [6.3863673, 44.4548674], [6.3863877, 44.4546415], [6.3863341, 44.4544188], [6.3863755, 44.4542905], [6.3864001, 44.4542807], [6.3863819, 44.4542092], [6.3865348, 44.4540513], [6.3273033, 44.4993269]]], [[[6.3865348, 44.4540513], [6.3864865, 44.4539177], [6.386439, 44.453775], [6.3864585, 44.4537023], [6.386517, 44.4536284], [6.386529, 44.453619], [6.3867063, 44.4536397], [6.3868111, 44.4537077], [6.3869742, 44.4537018], [6.3873192, 44.4537695], [6.3875163, 44.4538887], [6.3875806, 44.4539129], [6.3876565, 44.4539195], [6.3878765, 44.4540011], [6.3880878, 44.4541469], [6.3881625, 44.4541346], [6.388342, 44.4541913], [6.3884806, 44.4541951], [6.3886585, 44.4542248], [6.388873, 44.4542344], [6.3890596, 44.4542008], [6.3892855, 44.454192], [6.3893711, 44.4541714], [6.3894372, 44.4542045], [6.3899135, 44.4541961], [6.390294, 44.4542268], [6.3904238, 44.4542939], [6.3905117, 44.4542912], [6.3907152, 44.4543282], [6.3908119, 44.4542622], [6.390946, 44.4542121], [6.3909973, 44.4542285], [6.3911674, 44.4541494], [6.391377, 44.454079], [6.3915422, 44.4539379], [6.3916044, 44.4539269], [6.3916485, 44.4538436], [6.3916709, 44.4537978], [6.3918897, 44.4536911], [6.3920085, 44.4535964], [6.3920462, 44.4535953], [6.3921159, 44.4535201], [6.3921474, 44.4534381], [6.3923115, 44.4532789], [6.3926104, 44.4530607], [6.3927559, 44.4529922], [6.3929681, 44.4527956], [6.39321, 44.452489], [6.3937487, 44.4519312], [6.3938686, 44.4518425], [6.3940797, 44.4516371], [6.3942428, 44.4515755], [6.3944577, 44.4514802], [6.3945445, 44.4514586], [6.3940454, 44.4511712], [6.3937734, 44.4513967], [6.3936693, 44.451527], [6.3930117, 44.4519923], [6.3922739, 44.4525692], [6.3919706, 44.4527335], [6.391443, 44.4529146], [6.3909581, 44.4529872], [6.3907208, 44.4529959], [6.3904698, 44.453005], [6.3901168, 44.4529915], [6.3900272, 44.4529672], [6.3898928, 44.4529218], [6.3898022, 44.4529366], [6.3896526, 44.4529635], [6.3894192, 44.4529898], [6.3892779, 44.4529953], [6.3890713, 44.4529104], [6.3888642, 44.4528247], [6.3886502, 44.4527331], [6.3885056, 44.4526185], [6.3883414, 44.4526064], [6.3879718, 44.4525484], [6.3877346, 44.4525566], [6.3874524, 44.452486], [6.3873509, 44.452472], [6.3873017, 44.4524915], [6.3871615, 44.4524607], [6.3868762, 44.4525073], [6.3866434, 44.4525883], [6.3865641, 44.4525836], [6.386454, 44.452577], [6.3863306, 44.4526178], [6.3862368, 44.4527108], [6.3860432, 44.4528176], [6.3858994, 44.4530842], [6.3854693, 44.4535678], [6.3853109, 44.4536547], [6.3851131, 44.4538599], [6.3849548, 44.4539467], [6.3850031, 44.4540804], [6.385014, 44.4542422], [6.3849579, 44.4543341], [6.3849362, 44.45456], [6.3848288, 44.4546363], [6.3846821, 44.4546867], [6.3844951, 44.4548826], [6.38417, 44.4550836], [6.3840538, 44.4552232], [6.3837292, 44.4554332], [6.3836795, 44.4554438], [6.3834124, 44.4555619], [6.3831886, 44.4556066], [6.383063, 44.4556105], [6.3829912, 44.4556496], [6.3827046, 44.4556962], [6.3825235, 44.4558018], [6.3823992, 44.4558065], [6.3823255, 44.4558358], [6.3821569, 44.455941], [6.38208, 44.4559172], [6.3819517, 44.4559271], [6.3818672, 44.4559337], [6.3817003, 44.4560668], [6.3816556, 44.4561402], [6.3815727, 44.4562058], [6.3814723, 44.4562098], [6.3813075, 44.4561887], [6.3812016, 44.4561208], [6.3808463, 44.4560704], [6.380634, 44.4560968], [6.3804136, 44.4561765], [6.3799058, 44.456457], [6.3796859, 44.4565457], [6.3796031, 44.4566123], [6.3795278, 44.4566146], [6.3793678, 44.4566744], [6.3791338, 44.4567375], [6.3789014, 44.4568266], [6.3786001, 44.4568376], [6.378419, 44.4569441], [6.3781457, 44.4569804], [6.3780017, 44.4570758], [6.3778631, 44.457072], [6.3773398, 44.4571367], [6.3771596, 44.457089], [6.3770031, 44.4571848], [6.3768569, 44.4572443], [6.3767805, 44.4572295], [6.3766942, 44.4572592], [6.3766425, 44.4572346], [6.3764346, 44.457314], [6.3762976, 44.4573371], [6.3761635, 44.4573872], [6.3760243, 44.4573743], [6.3759511, 44.4574126], [6.3757869, 44.4574005], [6.3754514, 44.4574495], [6.3753531, 44.4574886], [6.3753314, 44.4575253], [6.3752085, 44.457575], [6.3750902, 44.4576786], [6.3748943, 44.4577486], [6.3747995, 44.4578245], [6.3747111, 44.4578191], [6.3745621, 44.4578516], [6.3744109, 44.4578481], [6.3742391, 44.4578993], [6.3741352, 44.4578665], [6.3739624, 44.4579006], [6.3738695, 44.4578404], [6.3737942, 44.4578436], [6.3737217, 44.4578728], [6.3736453, 44.457858], [6.3735967, 44.4578866], [6.3734183, 44.4578479], [6.3733184, 44.4578608], [6.3732453, 44.4579], [6.373183, 44.4579109], [6.3730035, 44.4578543], [6.3729157, 44.4578579], [6.3728339, 44.4579415], [6.372746, 44.457945], [6.3726762, 44.4580193], [6.3725397, 44.4580514], [6.3724759, 44.4580362], [6.3723127, 44.4580421], [6.3721786, 44.4580922], [6.3720656, 44.4580965], [6.3717475, 44.4582252], [6.3715707, 44.4582135], [6.3714932, 44.4581807], [6.3713562, 44.4582029], [6.3712945, 44.4582237], [6.3712399, 44.4583425], [6.3711767, 44.4583364], [6.3710681, 44.4583937], [6.3706239, 44.4585182], [6.3705355, 44.4585128], [6.370339, 44.4584025], [6.3702549, 44.4582799], [6.3702178, 44.45829], [6.3701841, 44.4583361], [6.3700994, 44.4583936], [6.3698278, 44.4584578], [6.3696575, 44.458536], [6.3695435, 44.4585224], [6.369466, 44.4584887], [6.3693716, 44.4584024], [6.3693089, 44.4583182], [6.369176, 44.4581399], [6.3691592, 44.4580683], [6.3690777, 44.4579897], [6.368908, 44.4579066], [6.3687301, 44.4578769], [6.3685719, 44.4578879], [6.3684545, 44.4578961], [6.3683901, 44.4578711], [6.3681921, 44.457905], [6.3680032, 44.4578968], [6.3678641, 44.4578907], [6.3677408, 44.4579315], [6.3676889, 44.457906], [6.3675557, 44.4578029], [6.3673637, 44.4577466], [6.3673232, 44.4577217], [6.3671994, 44.4577345], [6.3670016, 44.4576863], [6.3669428, 44.457672], [6.3667802, 44.4576869], [6.3664638, 44.4578245], [6.3662177, 44.4578969], [6.3660893, 44.4581178], [6.3657863, 44.4587415], [6.3656707, 44.458979], [6.3652833, 44.4589748], [6.3651334, 44.4587667], [6.3650357, 44.4584694], [6.3649864, 44.458078], [6.3649391, 44.4579632], [6.3647971, 44.4579133], [6.3647191, 44.4578706], [6.3645657, 44.4576608], [6.3642482, 44.4579697], [6.3642111, 44.4579798], [6.3641598, 44.4579634], [6.3640764, 44.4580209], [6.3637822, 44.4579596], [6.3636419, 44.4579287], [6.3634008, 44.4578928], [6.3633206, 44.4580034], [6.3632469, 44.4580336], [6.3632202, 44.4580074], [6.3633003, 44.4578959], [6.3633713, 44.4576505], [6.3633564, 44.4576329], [6.3633056, 44.4576254], [6.3632894, 44.4575638], [6.363221, 44.4574938], [6.3631289, 44.4574254], [6.363053, 44.4574187], [6.3629537, 44.4574406], [6.3628773, 44.457425], [6.3628434, 44.45749], [6.3628063, 44.4575001], [6.3627512, 44.4574207], [6.3626367, 44.4573981], [6.3622005, 44.4574681], [6.3619228, 44.4574514], [6.3617117, 44.4574767], [6.3614907, 44.4575484], [6.3612485, 44.4576837], [6.3612152, 44.4577388], [6.3611038, 44.4577692], [6.3610366, 44.4577181], [6.3610121, 44.4575386], [6.3609232, 44.4575242], [6.3608484, 44.4575355], [6.3608369, 44.4575539], [6.3608909, 44.4576153], [6.360837, 44.4577251], [6.3608293, 44.4578064], [6.3608845, 44.4578678], [6.3608895, 44.4579307], [6.3608273, 44.4579416], [6.3606952, 44.4580276], [6.3605412, 44.4579972], [6.3602292, 44.4580175], [6.3601636, 44.4579934], [6.3601528, 44.4580027], [6.3601697, 44.4580743], [6.3603253, 44.4581317], [6.3603928, 44.4582099], [6.3602538, 44.4583682], [6.3599123, 44.4585065], [6.3596634, 44.458552], [6.3595242, 44.4585391], [6.3593675, 44.4584637], [6.3593316, 44.4584738], [6.3593485, 44.4585453], [6.3593158, 44.4586094], [6.3593556, 44.4586442], [6.3594151, 44.4587767], [6.3594075, 44.45884], [6.3591697, 44.4590292], [6.359, 44.4591164], [6.3588886, 44.4591477], [6.3588854, 44.4594542], [6.3588643, 44.4594999], [6.3587905, 44.4595291], [6.3583481, 44.4594905], [6.3582088, 44.4594784], [6.3579763, 44.4593972], [6.3579354, 44.4593444], [6.3578823, 44.4593199], [6.3575692, 44.4593222], [6.3574534, 44.4592996], [6.3573432, 44.45933], [6.3572679, 44.4593332], [6.3569671, 44.459182], [6.35685, 44.4592855], [6.3567872, 44.4592875], [6.3566654, 44.4593551], [6.3565262, 44.4593423], [6.3563975, 44.459293], [6.3562474, 44.4593075], [6.3560253, 44.4593602], [6.3558944, 44.4594642], [6.3556613, 44.459374], [6.3556106, 44.4593665], [6.3555248, 44.4594061], [6.3554491, 44.4595706], [6.3553804, 44.4595642], [6.3553099, 44.4595577], [6.3551985, 44.459589], [6.3549524, 44.4594902], [6.3548172, 44.4595223], [6.354733, 44.4595879], [6.3545677, 44.4595578], [6.3544543, 44.4594901], [6.3543838, 44.459448], [6.3542856, 44.4594691], [6.3541949, 44.4594457], [6.354034, 44.4594695], [6.3538381, 44.4593691], [6.3537246, 44.4593636], [6.3536514, 44.4594028], [6.3535253, 44.4593985], [6.3533835, 44.4593406], [6.3532013, 44.4594282], [6.3530582, 44.4593704], [6.3528688, 44.459359], [6.3527275, 44.4593101], [6.3526155, 44.4591613], [6.3526244, 44.4590979], [6.3525817, 44.4590362], [6.3524404, 44.4589873], [6.3521191, 44.4590629], [6.3520152, 44.45903], [6.3519525, 44.4590328], [6.3519177, 44.4590609], [6.3518968, 44.4591336], [6.3518505, 44.4591801], [6.3517135, 44.4592031], [6.3516355, 44.4591614], [6.3515471, 44.459155], [6.3514057, 44.4592954], [6.3513021, 44.4592454], [6.3511673, 44.4591152], [6.3510881, 44.4590735], [6.3510182, 44.4589765], [6.3509878, 44.4588882], [6.3509958, 44.458833], [6.3510319, 44.4588049], [6.3510269, 44.458742], [6.3509312, 44.4586332], [6.3509042, 44.4586025], [6.3508398, 44.4584071], [6.3507469, 44.4583477], [6.3507563, 44.4582934], [6.3506688, 44.4581339], [6.3507022, 44.4580608], [6.350629, 44.4579288], [6.3506181, 44.4577669], [6.3506498, 44.4576849], [6.3507093, 44.4576281], [6.3508309, 44.4575784], [6.3508539, 44.4575417], [6.3508892, 44.4575226], [6.3509363, 44.4574671], [6.3509198, 44.4574226], [6.3509548, 44.4573764], [6.3510798, 44.4573627], [6.3511158, 44.4573346], [6.3511464, 44.4572346], [6.3511425, 44.4571896], [6.3511643, 44.457134], [6.3512374, 44.4571138], [6.3512451, 44.4570324], [6.3511937, 44.4568448], [6.3512489, 44.456735], [6.3512177, 44.4566548], [6.3512407, 44.4566181], [6.3512003, 44.456404], [6.351245, 44.4563297], [6.3512243, 44.4562141], [6.3512543, 44.456105], [6.3513682, 44.4559475], [6.3513114, 44.4558591], [6.3512951, 44.4557965], [6.3513158, 44.4557418], [6.3512825, 44.4556266], [6.3512165, 44.4555746], [6.3511291, 44.4554159], [6.3510778, 44.4553995], [6.3509698, 44.4552956], [6.3509627, 44.4551967], [6.3508813, 44.4551189], [6.3509599, 44.4549805], [6.3509632, 44.4548452], [6.3509326, 44.454775], [6.3508934, 44.4547492], [6.350889, 44.4548664], [6.350705, 44.4551162], [6.3507482, 44.455187], [6.3507073, 44.4553234], [6.3507705, 44.4553295], [6.3508111, 44.4553553], [6.3508433, 44.4554535], [6.350823, 44.4555352], [6.3509256, 44.4557384], [6.3508739, 44.4558841], [6.350745, 44.4560241], [6.3507364, 44.4560694], [6.3506769, 44.4561262], [6.3506502, 44.4562712], [6.3505449, 44.4563825], [6.3504958, 44.4564029], [6.3502397, 44.4563485], [6.3501568, 44.456415], [6.3501875, 44.4564862], [6.3502819, 44.4565725], [6.3504402, 44.4566749], [6.350457, 44.4567465], [6.3502824, 44.4569419], [6.3501979, 44.4569805], [6.3500598, 44.4569856], [6.3497886, 44.4570587], [6.3496467, 44.4571901], [6.3495845, 44.457201], [6.3493269, 44.4571205], [6.3492915, 44.4571396], [6.3492264, 44.4571244], [6.349178, 44.4571349], [6.3490803, 44.4571839], [6.3490858, 44.4572558], [6.3491659, 44.4573335], [6.3492271, 44.4574758], [6.349165, 44.4576579], [6.3489678, 44.4577279], [6.3490121, 44.4578166], [6.3490787, 44.4578588], [6.3490754, 44.457994], [6.3489292, 44.4580534], [6.3488003, 44.4580222], [6.3487256, 44.4580344], [6.3487316, 44.4581153], [6.3488653, 44.4582274], [6.3488866, 44.458352], [6.3488207, 44.4584721], [6.3487208, 44.4584841], [6.3485265, 44.4585819], [6.3485337, 44.4586808], [6.348603, 44.4587679], [6.3485855, 44.4588766], [6.3485304, 44.4589864], [6.3485506, 44.4590939], [6.3484393, 44.4592964], [6.348221, 44.459412], [6.3482155, 44.4595113], [6.3481418, 44.4595415], [6.348084, 44.4596063], [6.3480877, 44.4596693], [6.3480409, 44.4597067], [6.3479787, 44.4597185], [6.3478958, 44.4597841], [6.3478875, 44.4598565], [6.3478166, 44.4599136], [6.3478091, 44.4599769], [6.3477107, 44.4600159], [6.3476786, 44.4600899], [6.3475902, 44.4600835], [6.3475154, 44.4600957], [6.3474799, 44.4601328], [6.3474171, 44.4601347], [6.3473238, 44.4602376], [6.3470592, 44.4604006], [6.3470401, 44.4604823], [6.3469522, 44.4604849], [6.3468791, 44.4605241], [6.3467684, 44.4605455], [6.3466423, 44.4605412], [6.346526, 44.4606808], [6.3463241, 44.4606698], [6.3462498, 44.460691], [6.3461738, 44.4606836], [6.3460513, 44.4607159], [6.3457227, 44.4605214], [6.345667, 44.460451], [6.3456167, 44.4604525], [6.3455585, 44.4605092], [6.3454602, 44.4605492], [6.3455776, 44.4605988], [6.3455377, 44.4607532], [6.3454793, 44.460809], [6.3454951, 44.4608626], [6.3454378, 44.4609364], [6.3452932, 44.4610228], [6.3452371, 44.4611155], [6.3451513, 44.4611541], [6.3450372, 44.4611405], [6.3449271, 44.4611717], [6.3447851, 44.4611319], [6.344539, 44.4612033], [6.3443949, 44.4612987], [6.3443372, 44.4613644], [6.3439453, 44.4613331], [6.3437324, 44.4613504], [6.3436582, 44.4613706], [6.3433924, 44.4613445], [6.3431053, 44.461382], [6.3430655, 44.4613472], [6.3430284, 44.4613582], [6.3430263, 44.4613222], [6.3430629, 44.4613031], [6.3430589, 44.4612582], [6.3431556, 44.4611913], [6.3431998, 44.4611088], [6.34334, 44.4609685], [6.3433208, 44.460879], [6.3432293, 44.4608196], [6.3431414, 44.4608223], [6.34307, 44.4608704], [6.3429274, 44.4608216], [6.3428914, 44.4608497], [6.3428718, 44.4609224], [6.3428341, 44.4609235], [6.3427522, 44.4608368], [6.3426093, 44.4607609], [6.3425002, 44.460639], [6.3425274, 44.460503], [6.3423233, 44.4604561], [6.3422332, 44.4603896], [6.3421379, 44.4603193], [6.3420756, 44.4603302], [6.3419915, 44.4603967], [6.3419425, 44.4603982], [6.3419075, 44.4604443], [6.3417362, 44.4605045], [6.3415904, 44.4604017], [6.3414615, 44.4603705], [6.3413624, 44.4603744], [6.3412444, 44.4603158], [6.3411861, 44.4602271], [6.3411463, 44.4601665], [6.3411272, 44.460077], [6.3409885, 44.4600731], [6.3406868, 44.4602462], [6.3405989, 44.4602489], [6.3405476, 44.4602333], [6.3404809, 44.4601903], [6.3404712, 44.4600464], [6.3404189, 44.4600128], [6.3403462, 44.4600601], [6.3402588, 44.4600727], [6.3401764, 44.4601472], [6.3400619, 44.4601246], [6.3400056, 44.4600452], [6.3399308, 44.4600574], [6.3398725, 44.4601132], [6.3398299, 44.4602235], [6.3398331, 44.4602775], [6.3397741, 44.4602948], [6.3396241, 44.4603388], [6.3395477, 44.4603231], [6.3394779, 44.460227], [6.3393999, 44.4601852], [6.3393709, 44.460141], [6.3392553, 44.4601004], [6.3390767, 44.4602508], [6.3390168, 44.4602797], [6.3389093, 44.4601847], [6.3388329, 44.460169], [6.3387707, 44.4601808], [6.3386195, 44.4603485], [6.33838, 44.4603395], [6.3383057, 44.4603598], [6.3382026, 44.4603188], [6.3381273, 44.4603211], [6.3380475, 44.4602703], [6.3379596, 44.460273], [6.3379134, 44.4603203], [6.3377436, 44.4604075], [6.3375509, 44.4603601], [6.337457, 44.460454], [6.337361, 44.460511], [6.3372601, 44.4605059], [6.3372054, 44.4604544], [6.3371421, 44.4604473], [6.3370194, 44.460479], [6.3369687, 44.4604715], [6.3368492, 44.4605571], [6.3367859, 44.46055], [6.3366384, 44.4606094], [6.3365233, 44.4605778], [6.3364736, 44.4605883], [6.3363318, 44.4605313], [6.3362548, 44.4606958], [6.3361838, 44.460752], [6.3358881, 44.4608349], [6.3357243, 44.4608317], [6.3356381, 44.4608623], [6.3355437, 44.4609471], [6.3354667, 44.4609224], [6.3352419, 44.460949], [6.3351109, 44.461053], [6.334916, 44.4611409], [6.3348135, 44.4611089], [6.3347119, 44.4610939], [6.334492, 44.4611835], [6.3344199, 44.4612397], [6.3342841, 44.4612627], [6.3342671, 44.4612092], [6.334289, 44.4611545], [6.334278, 44.4610106], [6.334409, 44.4607364], [6.3345374, 44.4605874], [6.3345177, 44.4604889], [6.3345358, 44.4603893], [6.3344201, 44.4603486], [6.3343187, 44.4603346], [6.3342728, 44.4602188], [6.3339556, 44.4601942], [6.3338389, 44.4601355], [6.3338122, 44.4601093], [6.3338062, 44.4600284], [6.3337424, 44.4600132], [6.3336856, 44.4599248], [6.3336354, 44.4599273], [6.3334636, 44.4599784], [6.3333751, 44.4599721], [6.3331913, 44.4598623], [6.3331465, 44.4597646], [6.3331672, 44.4597099], [6.333284, 44.4595793], [6.3333675, 44.4595227], [6.3334668, 44.4593296], [6.3334652, 44.4593026], [6.3334145, 44.4592951], [6.3333624, 44.4593252], [6.3333305, 44.4593436], [6.3332677, 44.4593455], [6.3332071, 44.4593843], [6.3330347, 44.4594265], [6.3329069, 44.4594132], [6.3328349, 44.4594514], [6.3327754, 44.4595082], [6.3326864, 44.4594929], [6.3326019, 44.4595323], [6.332437, 44.4597004], [6.3324223, 44.459836], [6.3323758, 44.4599005], [6.3324048, 44.4599447], [6.3323829, 44.4599994], [6.3323868, 44.4600443], [6.3324936, 44.4603195], [6.3324575, 44.4605188], [6.3324636, 44.4605997], [6.3325067, 44.4606705], [6.3324379, 44.4607627], [6.3323512, 44.4609554], [6.3322578, 44.4610573], [6.3322238, 44.4611214], [6.3321017, 44.4611621], [6.3319892, 44.4611754], [6.3318103, 44.4611276], [6.3316908, 44.4610421], [6.3314921, 44.4610859], [6.3314206, 44.4611331], [6.3312917, 44.4612731], [6.3312928, 44.4614622], [6.3312704, 44.461508], [6.3312442, 44.4614907], [6.3312143, 44.4614106], [6.3311748, 44.4614027], [6.3311722, 44.4613587], [6.331061, 44.4611998], [6.331043, 44.4611292], [6.3309802, 44.4611311], [6.3309506, 44.4610779], [6.3308601, 44.4610365], [6.3308355, 44.4610463], [6.3307586, 44.4611928], [6.3307508, 44.4612741], [6.3306718, 44.4613855], [6.330466, 44.4615007], [6.3302874, 44.4616512], [6.3301162, 44.4617122], [6.3299639, 44.4616907], [6.3298716, 44.4616394], [6.329774, 44.4616703], [6.3296479, 44.461666], [6.3295621, 44.4617047], [6.3294607, 44.4616906], [6.3293385, 44.4617312], [6.3292255, 44.4617355], [6.3291661, 44.461431], [6.3291285, 44.461433], [6.3290809, 44.4614795], [6.3289456, 44.4615115], [6.3287688, 44.4613286], [6.3286417, 44.4613063], [6.328592, 44.4613168], [6.3285439, 44.4613552], [6.3284298, 44.4613406], [6.3283841, 44.461397], [6.3282742, 44.4614543], [6.3281602, 44.4614407], [6.3280543, 44.4615439], [6.3280041, 44.4615454], [6.3279468, 44.4616201], [6.3275293, 44.4617516], [6.3274632, 44.4617185], [6.3273547, 44.4617767], [6.3272717, 44.4618423], [6.3270839, 44.4618579], [6.3269568, 44.4618356], [6.326768, 44.4618341], [6.3266511, 44.4617926], [6.3265289, 44.4618332], [6.3264317, 44.4618911], [6.3262627, 44.461798], [6.3261272, 44.461848], [6.3260503, 44.4618242], [6.3259046, 44.4618917], [6.3257801, 44.4619144], [6.3254919, 44.4621051], [6.3254657, 44.4620878], [6.3254483, 44.4620262], [6.3253255, 44.4618857], [6.3252748, 44.4618792], [6.3251913, 44.4619357], [6.3250183, 44.4619878], [6.3247694, 44.4618431], [6.3246986, 44.461729], [6.324561, 44.461743], [6.3244841, 44.4617183], [6.3243394, 44.4618047], [6.3242456, 44.4618985], [6.3241151, 44.4618403], [6.3239809, 44.4618903], [6.3238467, 44.4617691], [6.3236851, 44.4618019], [6.3236202, 44.4617678], [6.3235825, 44.4617698], [6.3234023, 44.4618933], [6.3232812, 44.4619519], [6.3232282, 44.4619265], [6.3231732, 44.4618471], [6.3230024, 44.4617459], [6.3229647, 44.461747], [6.3228789, 44.4617857], [6.3226781, 44.4619647], [6.3225526, 44.4619694], [6.3224325, 44.4620451], [6.3223697, 44.4620479], [6.3223299, 44.462013], [6.3222536, 44.4619982], [6.3221798, 44.4620275], [6.322086, 44.4621213], [6.3220007, 44.4621689], [6.3218124, 44.4621764], [6.3216672, 44.4622529], [6.3214436, 44.4622794], [6.3213468, 44.4623463], [6.3212607, 44.4623579], [6.3211422, 44.4624615], [6.320979, 44.4624673], [6.3208933, 44.4625069], [6.3208054, 44.4625095], [6.3206111, 44.4626073], [6.3205527, 44.4626631], [6.3203824, 44.4627412], [6.3203589, 44.4627689], [6.3201852, 44.4628111], [6.3201154, 44.4628862], [6.3199676, 44.4629186], [6.3198829, 44.4629752], [6.3197573, 44.4629799], [6.319467, 44.4631346], [6.319313, 44.4632753], [6.3192256, 44.4632878], [6.3190313, 44.4633847], [6.3188704, 44.4634084], [6.3187132, 44.4634952], [6.3186007, 44.4635085], [6.3184921, 44.4635414], [6.31833, 44.4635905], [6.3182028, 44.4635673], [6.3180805, 44.4636259], [6.3180172, 44.4636197], [6.3179272, 44.4635864], [6.3177781, 44.4636188], [6.3175631, 44.4636001], [6.317454, 44.4636493], [6.317288, 44.4637994], [6.3172039, 44.4638469], [6.317091, 44.4638512], [6.3169238, 44.4639833], [6.316765, 44.464043], [6.3165522, 44.4640603], [6.3163923, 44.464102], [6.3163164, 44.4640953], [6.3162367, 44.4640445], [6.3160866, 44.464059], [6.3159087, 44.4640292], [6.3158794, 44.463958], [6.3158695, 44.4638321], [6.3157241, 44.463541], [6.3157758, 44.4633944], [6.3158786, 44.4632381], [6.3158923, 44.4629133], [6.3160317, 44.4627371], [6.3160448, 44.4625745], [6.3159979, 44.4624407], [6.3158747, 44.4622922], [6.3158612, 44.4621043], [6.3157814, 44.4620526], [6.3157197, 44.4620734], [6.3156083, 44.462275], [6.3155667, 44.4625735], [6.315511, 44.4626752], [6.3153914, 44.4627599], [6.3153456, 44.4628163], [6.3153116, 44.4628804], [6.3153336, 44.4629968], [6.3152096, 44.4630276], [6.3150665, 44.4631409], [6.3149082, 44.4632096], [6.3149137, 44.4632816], [6.3149535, 44.4633164], [6.3149721, 44.4633969], [6.3148928, 44.4635255], [6.3148993, 44.4636154], [6.3149281, 44.4636776], [6.3148593, 44.4637697], [6.3148047, 44.4638894], [6.3147238, 44.4639909], [6.3145938, 44.4644553], [6.3144669, 44.464693], [6.3144272, 44.4647675], [6.3143534, 44.464968], [6.314295, 44.4650238], [6.3140313, 44.4650335], [6.313921, 44.4650828], [6.3137366, 44.4649631], [6.3135742, 44.4647896], [6.3134983, 44.4647828], [6.3133994, 44.4648137], [6.3132958, 44.4647628], [6.3131222, 44.4648059], [6.3129678, 44.4647483], [6.3128543, 44.4647436], [6.3126817, 44.4648038], [6.3125742, 44.4648791], [6.3125431, 44.464971], [6.3124185, 44.4649928], [6.3122527, 44.4649545], [6.3122357, 44.464901], [6.3121301, 44.464815], [6.3119663, 44.4648118], [6.3118794, 44.4648324], [6.311789, 44.464791], [6.3116378, 44.4647874], [6.3112962, 44.4645832], [6.3112886, 44.4644762], [6.3113585, 44.4644012], [6.3116303, 44.4643371], [6.3118809, 44.4641485], [6.3119366, 44.4640468], [6.3119967, 44.464], [6.3120715, 44.4639878], [6.3120556, 44.4639531], [6.3120912, 44.4639151], [6.3120235, 44.463855], [6.3120203, 44.463801], [6.312069, 44.4637725], [6.3121349, 44.4636525], [6.3122212, 44.4636229], [6.3124446, 44.4633981], [6.3124658, 44.4633525], [6.3125134, 44.463306], [6.3124605, 44.4632625], [6.3123973, 44.4632563], [6.312313, 44.4633219], [6.3120287, 44.4633863], [6.3118666, 44.4634101], [6.3118153, 44.4633945], [6.3117274, 44.4633972], [6.3116827, 44.4633003], [6.3115932, 44.463276], [6.311554, 44.463251], [6.3115454, 44.4631251], [6.3115159, 44.463072], [6.3114379, 44.4630293], [6.3113958, 44.4631486], [6.3113024, 44.4632505], [6.3112848, 44.4633591], [6.3113285, 44.4634389], [6.3113235, 44.4635472], [6.3112458, 44.4637027], [6.3112236, 44.4637304], [6.3111608, 44.4637332], [6.311057, 44.4637011], [6.3108574, 44.463708], [6.3106356, 44.4637886], [6.3104839, 44.463776], [6.3103858, 44.463797], [6.3100578, 44.4637816], [6.3100032, 44.4637301], [6.3100212, 44.4636304], [6.3100759, 44.4635117], [6.310016, 44.4631981], [6.3099473, 44.46312], [6.3098257, 44.4629984], [6.3096703, 44.4629229], [6.3095508, 44.4626661], [6.3095061, 44.4627395], [6.3094057, 44.4627434], [6.3093041, 44.4628997], [6.3093493, 44.4630064], [6.3093313, 44.4631061], [6.3092737, 44.4631979], [6.3093179, 44.4632867], [6.3092415, 44.4634421], [6.3091596, 44.4635266], [6.3091667, 44.4636255], [6.3091322, 44.4636806], [6.3090722, 44.4637094], [6.3090944, 44.4638529], [6.3091358, 44.4639147], [6.3091206, 44.4640413], [6.3090876, 44.4641234], [6.3089906, 44.4641633], [6.308943, 44.4642097], [6.3090248, 44.4642965], [6.308967, 44.4643622], [6.3089707, 44.4644251], [6.3089495, 44.4644708], [6.3090154, 44.464522], [6.3090203, 44.4645849], [6.3091309, 44.4647339], [6.3091408, 44.4648597], [6.3092127, 44.4649918], [6.3092034, 44.465047], [6.3093229, 44.4651327], [6.3093887, 44.465355], [6.3093778, 44.4653824], [6.3092802, 44.4654132], [6.3091517, 44.4655622], [6.3090633, 44.4655558], [6.3089914, 44.4654237], [6.3088583, 44.4653205], [6.3087683, 44.4652872], [6.3087241, 44.4651993], [6.3086116, 44.4652117], [6.308497, 44.4653602], [6.3084769, 44.46541], [6.3082937, 44.4658627], [6.3082882, 44.465962], [6.3082521, 44.4659901], [6.3081135, 44.4658159], [6.3081109, 44.4657709], [6.3080264, 44.4656383], [6.3079676, 44.4653436], [6.3079998, 44.4652706], [6.3079687, 44.4651904], [6.3079279, 44.4651376], [6.3078646, 44.4651314], [6.3078275, 44.4651415], [6.3077887, 44.4651247], [6.3077696, 44.4652063], [6.3076631, 44.4653005], [6.3075881, 44.465501], [6.3075313, 44.4655847], [6.3075187, 44.4657562], [6.3074875, 44.4658473], [6.3075071, 44.4659458], [6.3074584, 44.4661455], [6.3074752, 44.4662171], [6.3073632, 44.4664096], [6.3072, 44.4664154], [6.3069839, 44.4663787], [6.3067092, 44.4665869], [6.3066482, 44.4665978], [6.3066208, 44.4665806], [6.306568, 44.4663668], [6.3065643, 44.4663039], [6.306607, 44.4661945], [6.3065055, 44.4661795], [6.3064438, 44.4662003], [6.3062991, 44.4662866], [6.3062308, 44.4663877], [6.3062133, 44.4664964], [6.3061672, 44.4665698], [6.3060723, 44.4666457], [6.3060595, 44.4666725], [6.3060285, 44.4667371], [6.3059946, 44.4667739], [6.3058653, 44.4669141], [6.3058293, 44.4669768], [6.3057648, 44.4670892], [6.305668, 44.4671552], [6.3055087, 44.4672068], [6.3053334, 44.467222], [6.3052434, 44.4671886], [6.3050928, 44.467194], [6.3049362, 44.4671194], [6.3048953, 44.4670666], [6.304843, 44.4670321], [6.304839, 44.4668619], [6.304837, 44.46678], [6.3050681, 44.4664929], [6.3050917, 44.466294], [6.3050519, 44.4662591], [6.3049761, 44.4662533], [6.3048777, 44.4662923], [6.304827, 44.4662857], [6.3048173, 44.466313], [6.3047555, 44.4663329], [6.3048346, 44.4663936], [6.3048008, 44.4664396], [6.3046043, 44.4665005], [6.304529, 44.4665037], [6.3043569, 44.4665728], [6.3041408, 44.4665351], [6.3039745, 44.4664879], [6.3039384, 44.466516], [6.3038499, 44.4665096], [6.3037882, 44.4665304], [6.3037942, 44.4666113], [6.3037269, 44.4667304], [6.3036681, 44.4667781], [6.3036707, 44.4668222], [6.3036968, 44.4668395], [6.3037596, 44.4668376], [6.303882, 44.4667789], [6.3040128, 44.4668642], [6.3039423, 44.4671006], [6.3039073, 44.4671476], [6.3039237, 44.4671912], [6.3038537, 44.4672843], [6.3038144, 44.4674297], [6.3036723, 44.467561], [6.3035491, 44.4675836], [6.3034572, 44.4677125], [6.3032906, 44.4678535], [6.3029515, 44.4680376], [6.3028877, 44.4680215], [6.3026928, 44.4679381], [6.302532, 44.4679628], [6.3024681, 44.4679467], [6.3023219, 44.4678348], [6.3022482, 44.4678649], [6.3022246, 44.4678927], [6.3022834, 44.4680162], [6.3023517, 44.4680862], [6.3023538, 44.4681222], [6.3022216, 44.4682072], [6.302213, 44.4682534], [6.3020797, 44.4683717], [6.3020228, 44.4684222], [6.3018875, 44.4684542], [6.3018274, 44.468501], [6.3017515, 44.4684952], [6.3015922, 44.4685459], [6.3015997, 44.4686529], [6.301526, 44.4686831], [6.3015281, 44.468719], [6.3014932, 44.4687471], [6.3014843, 44.4688105], [6.3013216, 44.4689964], [6.3013068, 44.469132], [6.3013362, 44.4692032], [6.3013034, 44.4692673], [6.3012461, 44.4693411], [6.3012257, 44.4694237], [6.3010969, 44.4695447], [6.3009981, 44.4695755], [6.3008188, 44.469717], [6.3006857, 44.4697849], [6.3004351, 44.4698032], [6.3003746, 44.4698231], [6.300323, 44.4699958], [6.300222, 44.4701619], [6.2998473, 44.4703822], [6.2995765, 44.4704641], [6.2993489, 44.4706169], [6.2992735, 44.4706192], [6.2991077, 44.47058], [6.2990198, 44.4705835], [6.2989853, 44.4706386], [6.2988979, 44.4706511], [6.2988521, 44.4707066], [6.2985125, 44.4708807], [6.2984431, 44.4709648], [6.2983934, 44.4709753], [6.2983699, 44.471003], [6.2981017, 44.47113], [6.2980031, 44.4711428], [6.2978947, 44.4712272], [6.2977966, 44.471249], [6.2977752, 44.4713127], [6.2976818, 44.4714155], [6.2975972, 44.4714541], [6.2974847, 44.4714674], [6.2974645, 44.4715311], [6.2973918, 44.4715783], [6.2972652, 44.471565], [6.2971925, 44.4716131], [6.2971063, 44.4716247], [6.2969905, 44.471602], [6.29681, 44.4715281], [6.2966267, 44.4714264], [6.2965509, 44.4712493], [6.296497, 44.4711879], [6.2962363, 44.4710533], [6.2962576, 44.4708365], [6.2964198, 44.4706415], [6.2964266, 44.4705422], [6.3865348, 44.4540513]]], [[[6.2964266, 44.4705422], [6.2964373, 44.4705256], [6.2964486, 44.470445], [6.2964568, 44.4703498], [6.2964283, 44.4702634], [6.2964121, 44.4701642], [6.2964007, 44.4700114], [6.2965308, 44.4698904], [6.2965489, 44.4697907], [6.2966221, 44.4697516], [6.2965905, 44.4696624], [6.2966513, 44.4694534], [6.2968617, 44.4692209], [6.2969512, 44.4690732], [6.2970567, 44.4689619], [6.2971927, 44.4689209], [6.2972019, 44.4688846], [6.2971605, 44.4688228], [6.2971697, 44.4687865], [6.2971928, 44.4687497], [6.2972424, 44.4687383], [6.2972224, 44.4686317], [6.2973278, 44.4685195], [6.2972455, 44.4684238], [6.2971686, 44.4682279], [6.2971731, 44.4681106], [6.2972184, 44.4680462], [6.297236, 44.4679375], [6.2973822, 44.4678782], [6.2972345, 44.4677394], [6.2972335, 44.4675502], [6.2973013, 44.46744], [6.2971944, 44.467354], [6.2972409, 44.4672887], [6.2972365, 44.4672357], [6.2971329, 44.4671847], [6.2970773, 44.4671152], [6.2970572, 44.4670077], [6.297127, 44.4669326], [6.2970862, 44.4668807], [6.2969798, 44.4668037], [6.2967812, 44.4668285], [6.2967402, 44.4667937], [6.2967446, 44.4668476], [6.2968341, 44.466872], [6.2969143, 44.4669317], [6.2968873, 44.4670947], [6.2969119, 44.4672562], [6.2969417, 44.4673364], [6.2969215, 44.4674], [6.2969366, 44.4674437], [6.2968432, 44.4675465], [6.2968044, 44.4677009], [6.2967095, 44.4677767], [6.2967667, 44.4678732], [6.2967196, 44.4679296], [6.2967387, 44.4680182], [6.2966562, 44.4680936], [6.2966589, 44.4681386], [6.2965688, 44.4682765], [6.2966091, 44.4683203], [6.2965559, 44.468466], [6.296598, 44.4685188], [6.2965663, 44.4686009], [6.2965197, 44.4686653], [6.2964227, 44.4687052], [6.29637, 44.4688599], [6.2962635, 44.4689541], [6.2961921, 44.4690022], [6.2961123, 44.4689505], [6.2960365, 44.4689447], [6.2960017, 44.4689728], [6.2959705, 44.4690638], [6.2958491, 44.4691404], [6.2959445, 44.4692448], [6.295831, 44.4694112], [6.2958401, 44.4695461], [6.2957587, 44.4696386], [6.2955381, 44.4697191], [6.2955305, 44.4697824], [6.2954593, 44.4698566], [6.2954779, 44.4699372], [6.2954592, 44.470199], [6.2952778, 44.4703044], [6.2951528, 44.4703181], [6.2949589, 44.4704239], [6.2948831, 44.4704181], [6.2947423, 44.4703781], [6.2947242, 44.4704778], [6.2946641, 44.4705246], [6.2946433, 44.4705793], [6.2943757, 44.4707152], [6.2942753, 44.4707191], [6.2942109, 44.470694], [6.2941344, 44.4708495], [6.2942396, 44.4709274], [6.2942018, 44.4710997], [6.2941078, 44.4711927], [6.293926, 44.47129], [6.2939542, 44.4713423], [6.2938608, 44.4714451], [6.2938445, 44.4715537], [6.2937134, 44.4716576], [6.2936221, 44.4717955], [6.2935564, 44.4719425], [6.2936065, 44.4721113], [6.2935988, 44.4721746], [6.2934557, 44.4722879], [6.2933869, 44.472381], [6.2930538, 44.4724738], [6.29246, 44.4724321], [6.292235, 44.4724577], [6.2919959, 44.4724577], [6.2919572, 44.4724408], [6.2916974, 44.4724954], [6.291609, 44.47249], [6.2915242, 44.4725465], [6.2913517, 44.4725886], [6.2910608, 44.4725631], [6.2910694, 44.472689], [6.2909237, 44.4727573], [6.2906244, 44.4728041], [6.2900999, 44.4728504], [6.2897326, 44.4728091], [6.2895393, 44.4727536], [6.2894127, 44.4727402], [6.2891791, 44.47264], [6.2885913, 44.4726791], [6.2883473, 44.4726162], [6.2881255, 44.4725887], [6.2879544, 44.4725675], [6.2878664, 44.4725701], [6.2877257, 44.4725302], [6.2876067, 44.4724535], [6.2873209, 44.4723197], [6.2872652, 44.4722502], [6.2871742, 44.4721998], [6.286904, 44.4721186], [6.2868376, 44.4720584], [6.2867738, 44.4718711], [6.286567, 44.471798], [6.286487, 44.4717202], [6.286458, 44.471676], [6.2864674, 44.4716217], [6.2863971, 44.4715157], [6.2862835, 44.4715109], [6.2861355, 44.4715613], [6.2858681, 44.471508], [6.2854849, 44.4716032], [6.2853686, 44.4716195], [6.2852955, 44.4715917], [6.2852552, 44.4715479], [6.2852633, 44.4714936], [6.2853317, 44.4713924], [6.285316, 44.4713389], [6.2853853, 44.4712548], [6.2852648, 44.4711512], [6.2852001, 44.4709468], [6.2850872, 44.4707799], [6.284947, 44.4707489], [6.284822, 44.4707625], [6.2846621, 44.4708042], [6.2845189, 44.4709175], [6.2843923, 44.4709042], [6.2843105, 44.4708165], [6.2840644, 44.4707175], [6.283975, 44.4706941], [6.2839127, 44.4707049], [6.2837474, 44.4706747], [6.283654, 44.4706063], [6.283551, 44.4705653], [6.2835243, 44.470539], [6.2835571, 44.470475], [6.283471, 44.4703154], [6.2834907, 44.4702427], [6.2834733, 44.4701801], [6.2836174, 44.4700849], [6.28367, 44.4699933], [6.2836963, 44.4699474], [6.2836827, 44.4699297], [6.2836329, 44.4699402], [6.2836063, 44.4699149], [6.2835294, 44.4698902], [6.283419, 44.4699394], [6.2832291, 44.4699189], [6.2830227, 44.470026], [6.2829582, 44.4701721], [6.2828985, 44.4702279], [6.2828783, 44.4702916], [6.2827843, 44.4703854], [6.2825799, 44.4705275], [6.2824522, 44.4706674], [6.2824548, 44.4707123], [6.28252, 44.4709257], [6.2826388, 44.4710083], [6.282748, 44.4711253], [6.282826, 44.4711671], [6.2828953, 44.4712551], [6.2828614, 44.4713012], [6.2828243, 44.4713113], [6.2827336, 44.4712879], [6.2824804, 44.4712612], [6.2820672, 44.4712753], [6.2817467, 44.4713677], [6.2815905, 44.4714733], [6.2813208, 44.4714011], [6.281031, 44.4713935], [6.2806482, 44.4714977], [6.2799769, 44.4715943], [6.2798649, 44.4716156], [6.2796213, 44.4717328], [6.2795148, 44.471827], [6.2794508, 44.471982], [6.279345, 44.4720479], [6.2792953, 44.4720587], [6.2791854, 44.4721487], [6.2791013, 44.4721565], [6.2790729, 44.4721483], [6.2789594, 44.4721435], [6.2787983, 44.4720141], [6.2787099, 44.4720086], [6.2785697, 44.4719776], [6.2784377, 44.4718924], [6.2782868, 44.4716995], [6.278179, 44.4714243], [6.2779344, 44.4711541], [6.277697, 44.4710098], [6.2774542, 44.4709458], [6.2773745, 44.4708951], [6.2772889, 44.4709165], [6.2771736, 44.4709019], [6.2770936, 44.4708241], [6.2769565, 44.4708471], [6.2767912, 44.4708169], [6.2767394, 44.4707914], [6.2766973, 44.4707395], [6.2766007, 44.4707874], [6.2765259, 44.4707996], [6.2760287, 44.4707089], [6.2758985, 44.4706326], [6.2757957, 44.4706185], [6.2757178, 44.4705767], [6.2755981, 44.4706614], [6.2755108, 44.4706739], [6.2753458, 44.4706475], [6.2752631, 44.4706887], [6.2752923, 44.470714], [6.2751642, 44.4707665], [6.2750477, 44.4708143], [6.2749213, 44.4708019], [6.2747785, 44.4707907], [6.2747587, 44.4705577], [6.2747565, 44.4705422], [6.2747477, 44.4705307], [6.2747262, 44.4705106], [6.2744692, 44.4703554], [6.2964266, 44.4705422]]]]}}, {"type": "Feature", "properties": {"name": "Lac de Castillon"}, "geometry": {"type": "MultiPolygon", "coordinates": [[[[6.5310626, 43.8817031], [6.5309443, 43.8818133], [6.5309196, 43.8818915], [6.5308604, 43.8819377], [6.5308062, 43.8820194], [6.5306928, 43.8820834], [6.5304709, 43.882254], [6.5303624, 43.8823535], [6.5303279, 43.8824281], [6.530318, 43.8824957], [6.5304167, 43.8825454], [6.5304216, 43.8825952], [6.5303624, 43.8826307], [6.5303378, 43.8827089], [6.5303821, 43.8827516], [6.530466, 43.8827907], [6.5305054, 43.8829826], [6.5304906, 43.8830643], [6.5305449, 43.8831496], [6.5305547, 43.8832598], [6.5305547, 43.8834623], [6.5305991, 43.8841305], [6.5305794, 43.8842229], [6.5305399, 43.8843117], [6.5304808, 43.884365], [6.5304512, 43.8844503], [6.5305547, 43.8846103], [6.5305498, 43.8846991], [6.5304808, 43.8848413], [6.5304512, 43.8849585], [6.5304512, 43.8850296], [6.5303674, 43.8850474], [6.5302885, 43.8850758], [6.5302687, 43.8851647], [6.5302244, 43.8852393], [6.5301652, 43.8852855], [6.5301603, 43.8853459], [6.5301751, 43.8854099], [6.5301504, 43.8854632], [6.5301356, 43.8855449], [6.5300518, 43.8855911], [6.5299482, 43.8856195], [6.5298786, 43.8856937], [6.5298904, 43.8857623], [6.5298201, 43.8857881], [6.5297668, 43.8858465], [6.5297327, 43.8858976], [6.5297313, 43.8859607], [6.5298052, 43.8859785], [6.5298743, 43.8860318], [6.5299384, 43.886014], [6.5300025, 43.8859856], [6.5301603, 43.8859891], [6.5302145, 43.8860105], [6.5302687, 43.886078], [6.5303723, 43.8860993], [6.5304857, 43.8860353], [6.5306188, 43.8860105], [6.5306829, 43.8860531], [6.5307815, 43.8860887], [6.5308457, 43.8860673], [6.5309985, 43.886046], [6.5311218, 43.8860105], [6.5314965, 43.8858541], [6.5315508, 43.8859074], [6.5316001, 43.8859749], [6.531679, 43.8860247], [6.5318121, 43.886046], [6.5319945, 43.8860318], [6.5321129, 43.8860353], [6.5322016, 43.8860815], [6.5322904, 43.8860531], [6.532389, 43.8859963], [6.5325665, 43.8859998], [6.5328673, 43.8859856], [6.5331385, 43.8860176], [6.5333062, 43.8859963], [6.5334097, 43.8859607], [6.5334541, 43.886014], [6.5334639, 43.8860638], [6.5335724, 43.8860993], [6.5336217, 43.8861526], [6.5336316, 43.8862308], [6.5335921, 43.8862983], [6.5334886, 43.8863765], [6.5334541, 43.8864511], [6.5334541, 43.8865044], [6.5334048, 43.8866288], [6.5333308, 43.8866715], [6.5333111, 43.8867425], [6.5332766, 43.8868065], [6.5331829, 43.8868492], [6.5330596, 43.8868847], [6.5329166, 43.8869842], [6.5327933, 43.8870055], [6.532675, 43.8870162], [6.5325221, 43.8870659], [6.5323792, 43.887137], [6.5323663, 43.8871795], [6.5324546, 43.88744], [6.5324731, 43.8875466], [6.5324299, 43.8877154], [6.5324854, 43.8877954], [6.5325162, 43.887902], [6.5325101, 43.8880042], [6.5326025, 43.8880752], [6.5327135, 43.8881108], [6.5328799, 43.888133], [6.532997, 43.8881863], [6.5330525, 43.8882618], [6.5331079, 43.8883595], [6.5330401, 43.8884528], [6.5329723, 43.8885239], [6.5329292, 43.8886927], [6.53296, 43.8887771], [6.5329354, 43.8888348], [6.5328306, 43.8887993], [6.532732, 43.8888482], [6.5325902, 43.8889503], [6.5324916, 43.8889903], [6.5323868, 43.8890081], [6.5323067, 43.8890436], [6.5322574, 43.8891014], [6.5321403, 43.8891058], [6.5320601, 43.889128], [6.5318937, 43.8892524], [6.5318382, 43.889319], [6.5316841, 43.8893101], [6.5316225, 43.889359], [6.5315732, 43.8894167], [6.5314253, 43.889399], [6.5313636, 43.8894345], [6.5313205, 43.8895367], [6.5312958, 43.8896477], [6.5312404, 43.8897277], [6.5308952, 43.8898743], [6.5308028, 43.8899054], [6.5306363, 43.889932], [6.5301617, 43.8901896], [6.5300693, 43.8902474], [6.5299892, 43.890314], [6.5299707, 43.8903984], [6.5299892, 43.8904872], [6.5298782, 43.890505], [6.5298042, 43.8905539], [6.5298042, 43.8906249], [6.5296705, 43.8906932], [6.5294609, 43.890671], [6.5291404, 43.8905688], [6.5289863, 43.8905377], [6.528561, 43.89048], [6.5283638, 43.8904355], [6.5282282, 43.8903822], [6.5280988, 43.8902978], [6.5280371, 43.8901735], [6.52792, 43.8900491], [6.5277967, 43.8899647], [6.5275502, 43.8898892], [6.5274393, 43.8898048], [6.5273653, 43.8897115], [6.5272667, 43.8896138], [6.5271804, 43.889556], [6.5269708, 43.8895649], [6.5269523, 43.8894939], [6.5268414, 43.8894672], [6.5268106, 43.8893739], [6.5267304, 43.8893428], [6.5266873, 43.889405], [6.5266565, 43.8895161], [6.5266503, 43.8895916], [6.5267058, 43.8896804], [6.5268291, 43.8897559], [6.5269462, 43.8899603], [6.5270448, 43.8900935], [6.5270694, 43.890169], [6.5272543, 43.8902268], [6.5273221, 43.8902845], [6.5273715, 43.8904888], [6.5274331, 43.8905866], [6.5275255, 43.8906665], [6.5276735, 43.8907331], [6.5277967, 43.8908131], [6.5280186, 43.8909819], [6.5281049, 43.8910707], [6.5281111, 43.8911818], [6.5280618, 43.8912528], [6.5280495, 43.8913239], [6.5281666, 43.8913506], [6.5282405, 43.8913461], [6.5283885, 43.8913683], [6.5284563, 43.8914261], [6.5285487, 43.8916037], [6.5287583, 43.891928], [6.528863, 43.8920613], [6.5289555, 43.8921101], [6.5291158, 43.8921323], [6.5292205, 43.8921723], [6.5292637, 43.8922922], [6.5293068, 43.8923677], [6.5293993, 43.8924432], [6.5294794, 43.8925543], [6.5297136, 43.892843], [6.5298061, 43.8930162], [6.5298431, 43.893145], [6.5299109, 43.8939223], [6.5299641, 43.8950031], [6.5299725, 43.8951749], [6.529917, 43.8955524], [6.5298492, 43.8956101], [6.5295226, 43.895619], [6.5294732, 43.8955346], [6.5294424, 43.895428], [6.5293623, 43.8953969], [6.529313, 43.895468], [6.529202, 43.8955302], [6.5290048, 43.8955479], [6.5289062, 43.8955835], [6.5288014, 43.8956679], [6.5285364, 43.89581], [6.5282097, 43.8958589], [6.5281049, 43.8959877], [6.528031, 43.8960543], [6.5279323, 43.8960987], [6.5277899, 43.8960936], [6.527651, 43.8960751], [6.5276405, 43.896141], [6.5277819, 43.8961935], [6.5278229, 43.8962829], [6.5280293, 43.8963143], [6.5281912, 43.8965295], [6.528259, 43.8966539], [6.5283638, 43.896756], [6.5284624, 43.8968227], [6.5286042, 43.8968715], [6.5287952, 43.8968893], [6.5289555, 43.8968759], [6.5290233, 43.8968893], [6.5290664, 43.896947], [6.5290664, 43.8970092], [6.5295287, 43.8971646], [6.5296397, 43.8972401], [6.5297938, 43.8973956], [6.529917, 43.8974134], [6.5300033, 43.89744], [6.5300465, 43.8975155], [6.5301143, 43.8975732], [6.5302499, 43.8975955], [6.5303793, 43.8976665], [6.5305026, 43.8977509], [6.5310696, 43.8979996], [6.5313223, 43.8982084], [6.5316675, 43.8985592], [6.5319757, 43.8989545], [6.5317969, 43.8990877], [6.5317661, 43.8991588], [6.5317846, 43.8992521], [6.5317414, 43.8994564], [6.5318092, 43.8995452], [6.5318955, 43.8996029], [6.5319757, 43.8996917], [6.5320311, 43.8998117], [6.5321236, 43.8998916], [6.5321791, 43.8999804], [6.5321791, 43.9000604], [6.5321606, 43.9001669], [6.5321236, 43.9002647], [6.5320065, 43.9004956], [6.5318524, 43.9006821], [6.5317353, 43.9009441], [6.5316983, 43.9011218], [6.5316921, 43.9012817], [6.5316552, 43.9014149], [6.531612, 43.9015304], [6.5315011, 43.9016858], [6.5314024, 43.9017968], [6.5312792, 43.9019079], [6.5311251, 43.9020011], [6.5310018, 43.9020633], [6.5308169, 43.9021477], [6.5307306, 43.9021743], [6.5306445, 43.9022172], [6.5305529, 43.9022513], [6.5302942, 43.9023195], [6.5299944, 43.9023786], [6.5299723, 43.9024355], [6.5299786, 43.9024969], [6.5300101, 43.9025355], [6.5300669, 43.9025492], [6.5301297, 43.9025522], [6.5303531, 43.9026577], [6.5307152, 43.9027853], [6.5308385, 43.9027853], [6.5309849, 43.9027631], [6.5311236, 43.9027243], [6.5312854, 43.9027132], [6.5314395, 43.9027687], [6.5314857, 43.902863], [6.5314472, 43.9029741], [6.5312623, 43.9031795], [6.5312546, 43.9032905], [6.5313701, 43.9033404], [6.5315088, 43.9033293], [6.5316475, 43.9033793], [6.531609, 43.9035514], [6.5317476, 43.9035514], [6.5318478, 43.9035625], [6.5319557, 43.9036458], [6.5320635, 43.903779], [6.532025, 43.9039067], [6.5317939, 43.9040565], [6.531817, 43.9041842], [6.5319325, 43.9042175], [6.532025, 43.9042231], [6.5322561, 43.9044118], [6.5323101, 43.9045284], [6.5324025, 43.9046117], [6.5324719, 43.9047282], [6.5325643, 43.9048503], [6.5326799, 43.9049669], [6.5327261, 43.9050946], [6.5327646, 43.9053555], [6.5327646, 43.9057385], [6.5328109, 43.9058273], [6.5329033, 43.9059161], [6.5328648, 43.9059938], [6.5327107, 43.9059439], [6.5327646, 43.9060549], [6.5329341, 43.9060993], [6.5329572, 43.9062103], [6.5329495, 43.9063602], [6.533042, 43.9064879], [6.5331807, 43.9065933], [6.5333039, 43.9066655], [6.5334657, 43.906832], [6.5335505, 43.9069875], [6.5334426, 43.9072095], [6.5334657, 43.9073316], [6.5335582, 43.9074593], [6.5336738, 43.9075703], [6.5338818, 43.9077146], [6.5339357, 43.9077923], [6.5339126, 43.9078922], [6.5337662, 43.9081975], [6.5310626, 43.8817031]]], [[[6.5337662, 43.9081975], [6.5337046, 43.9085472], [6.5337123, 43.9086804], [6.5336815, 43.908797], [6.5336044, 43.9088914], [6.5334811, 43.9089691], [6.5332115, 43.9089802], [6.5329804, 43.9090135], [6.5326182, 43.9090967], [6.5324719, 43.9091689], [6.5323871, 43.9092466], [6.5321175, 43.9094631], [6.5320404, 43.9095574], [6.531948, 43.9096851], [6.531817, 43.9099349], [6.5317785, 43.9100625], [6.5316398, 43.9103012], [6.5315319, 43.9105454], [6.5315396, 43.9107952], [6.5314472, 43.9110339], [6.5314395, 43.9111116], [6.5313239, 43.911156], [6.5312777, 43.9112337], [6.5311621, 43.9113169], [6.5310465, 43.9113614], [6.5308847, 43.9114058], [6.5306767, 43.9114835], [6.5303916, 43.91165], [6.5302915, 43.9117332], [6.5301759, 43.9117055], [6.5297907, 43.9117221], [6.5298369, 43.9118054], [6.5299679, 43.9118886], [6.5300064, 43.9119996], [6.5301066, 43.9120829], [6.5302067, 43.9120885], [6.5303069, 43.9121384], [6.5304687, 43.9121995], [6.5308, 43.9121884], [6.5310619, 43.9121939], [6.5312237, 43.9122383], [6.5312546, 43.9122994], [6.5312623, 43.9124048], [6.5313239, 43.9125047], [6.5314163, 43.9125935], [6.5314626, 43.9127878], [6.531424, 43.9129932], [6.5314318, 43.9131652], [6.5314626, 43.913254], [6.5315165, 43.9133484], [6.5314857, 43.9134871], [6.5314934, 43.9136259], [6.5315242, 43.9137868], [6.5316244, 43.9139866], [6.5316244, 43.9141143], [6.5316552, 43.9143863], [6.5315935, 43.9144862], [6.5314934, 43.9146027], [6.5314549, 43.9147304], [6.5313239, 43.914908], [6.5312083, 43.9150134], [6.5311698, 43.9150745], [6.5311775, 43.9151577], [6.5312237, 43.9152188], [6.53127, 43.9154297], [6.5311698, 43.9155684], [6.5311467, 43.9156628], [6.5311621, 43.9157682], [6.5309541, 43.916018], [6.530931, 43.916129], [6.531008, 43.91624], [6.5310003, 43.9163177], [6.5309772, 43.9164176], [6.5309156, 43.9165064], [6.5308, 43.9166229], [6.5308154, 43.9167284], [6.5308462, 43.9168227], [6.5307923, 43.9169559], [6.5306921, 43.9170503], [6.5306459, 43.9171724], [6.5306228, 43.9173], [6.5305689, 43.9173888], [6.5304456, 43.9175165], [6.5304687, 43.9176108], [6.5305534, 43.9177773], [6.5303608, 43.9181713], [6.5303377, 43.9183489], [6.5303069, 43.9184655], [6.5302067, 43.918582], [6.5302067, 43.9187263], [6.5301605, 43.9188595], [6.5300526, 43.9189427], [6.5299217, 43.9190038], [6.5298138, 43.919137], [6.5299063, 43.9191869], [6.5299679, 43.919359], [6.5299371, 43.9194922], [6.5297368, 43.919642], [6.5296289, 43.9197807], [6.5295673, 43.9198806], [6.5295133, 43.9200027], [6.5295133, 43.9201082], [6.5294748, 43.9202414], [6.5293592, 43.9203524], [6.5292437, 43.920419], [6.5291204, 43.9204301], [6.5290511, 43.9205022], [6.5289894, 43.9206132], [6.5289663, 43.9207353], [6.5289894, 43.9208629], [6.5290357, 43.9209739], [6.5291281, 43.9213069], [6.529105, 43.9215178], [6.5291358, 43.9216066], [6.5291253, 43.9217147], [6.5291204, 43.9218618], [6.5291743, 43.9220172], [6.5292283, 43.9221227], [6.5293361, 43.9222447], [6.5295442, 43.9224279], [6.5295827, 43.9225833], [6.5296212, 43.9226887], [6.5297214, 43.9227719], [6.5297599, 43.922894], [6.5297368, 43.9230216], [6.5297984, 43.9231604], [6.5298369, 43.9233213], [6.5298446, 43.9234933], [6.5297907, 43.9236709], [6.5297753, 43.9238207], [6.5298292, 43.9239317], [6.5299525, 43.9240649], [6.5300835, 43.924298], [6.5301528, 43.9244478], [6.5301913, 43.9246809], [6.5301682, 43.9247974], [6.5301143, 43.9249084], [6.5299756, 43.9250471], [6.5299987, 43.925147], [6.5300758, 43.9252191], [6.5302144, 43.925258], [6.5303531, 43.9253135], [6.5304687, 43.9254078], [6.530592, 43.9255188], [6.5306767, 43.9256353], [6.5306998, 43.9257352], [6.5306921, 43.9259239], [6.530588, 43.9260554], [6.5306065, 43.9262241], [6.5305572, 43.9263528], [6.5303723, 43.9265925], [6.5303723, 43.9266458], [6.5303353, 43.9267523], [6.530249, 43.9269255], [6.5302552, 43.9270098], [6.5301997, 43.9271119], [6.5300456, 43.9272318], [6.5300456, 43.9273028], [6.530021, 43.927365], [6.5298052, 43.9274848], [6.5296881, 43.9275913], [6.5295772, 43.9276446], [6.5294539, 43.9277201], [6.5294354, 43.9278133], [6.5294354, 43.9278932], [6.5294601, 43.9279997], [6.5293676, 43.9280797], [6.5294354, 43.9281152], [6.5294293, 43.9281995], [6.5293183, 43.9282572], [6.5294478, 43.9283771], [6.5295032, 43.9286123], [6.5296142, 43.9287677], [6.5296758, 43.9288742], [6.529682, 43.9290074], [6.5297005, 43.9291184], [6.5297075, 43.9294058], [6.5296335, 43.92957], [6.5296458, 43.9296987], [6.5297136, 43.9297964], [6.5297938, 43.9298852], [6.5298677, 43.9300139], [6.5299109, 43.9301382], [6.5298801, 43.9302669], [6.5297938, 43.9303601], [6.5296274, 43.9304977], [6.5337662, 43.9081975]]], [[[6.5296274, 43.9304977], [6.5292329, 43.9307552], [6.5292514, 43.9308395], [6.5290788, 43.9310304], [6.529011, 43.9311192], [6.5289555, 43.9312879], [6.5289863, 43.9314122], [6.5292021, 43.9316518], [6.5292329, 43.9317362], [6.5292206, 43.9318116], [6.5292206, 43.9319004], [6.5291897, 43.9320025], [6.5291219, 43.932078], [6.5289494, 43.9322422], [6.5289001, 43.9323354], [6.5288692, 43.9324198], [6.5289617, 43.9330634], [6.528974, 43.9332232], [6.5290172, 43.9334185], [6.5290541, 43.9335383], [6.5290603, 43.9336582], [6.5290418, 43.934466], [6.529239, 43.934719], [6.5294116, 43.9350696], [6.5294856, 43.9353138], [6.5295472, 43.9353848], [6.5296771, 43.9355708], [6.529655, 43.9356504], [6.5294625, 43.9360799], [6.5293442, 43.9362432], [6.529142, 43.9364137], [6.5288314, 43.9367048], [6.5287032, 43.9367687], [6.5286095, 43.9367723], [6.5285059, 43.9367403], [6.5284714, 43.9368859], [6.5283974, 43.937035], [6.5283974, 43.9371416], [6.5283728, 43.9372161], [6.5283679, 43.9373333], [6.5281756, 43.9374008], [6.5280671, 43.9375037], [6.5279438, 43.9375428], [6.527855, 43.9376032], [6.5278205, 43.9377629], [6.5277466, 43.937802], [6.5277268, 43.9378766], [6.5277367, 43.9379547], [6.5276973, 43.9380399], [6.5276298, 43.9381121], [6.5275148, 43.9382352], [6.5273718, 43.9382884], [6.5272239, 43.9383133], [6.5271056, 43.9383026], [6.5270217, 43.9382813], [6.5267357, 43.9382813], [6.5264793, 43.9382316], [6.5264004, 43.9382316], [6.526149, 43.9382849], [6.5259862, 43.9383062], [6.525858, 43.9382884], [6.5256953, 43.9382884], [6.5255573, 43.9382991], [6.5254537, 43.9384092], [6.52536, 43.9384731], [6.5252368, 43.9385086], [6.5250938, 43.9384766], [6.5249951, 43.9384766], [6.5248817, 43.9385157], [6.5247831, 43.9385689], [6.5245957, 43.9386293], [6.5245021, 43.9386755], [6.5244232, 43.9387358], [6.5242111, 43.9388246], [6.5240287, 43.9389524], [6.5238216, 43.9390802], [6.5236687, 43.9391619], [6.5233581, 43.9393075], [6.5232693, 43.9393643], [6.5231461, 43.939659], [6.523077, 43.9397406], [6.5229932, 43.9398046], [6.5228453, 43.9398933], [6.5225987, 43.9400105], [6.5224853, 43.9400531], [6.522155, 43.9402235], [6.5220169, 43.9403158], [6.5219035, 43.9404153], [6.5216915, 43.940575], [6.521652, 43.9407206], [6.5215139, 43.9409301], [6.5214597, 43.9410508], [6.5213907, 43.941168], [6.5213118, 43.9412674], [6.5212082, 43.9413348], [6.5210652, 43.9413703], [6.5208927, 43.9413703], [6.5207644, 43.9413526], [6.5200593, 43.9414804], [6.5199262, 43.9415585], [6.5194726, 43.9417467], [6.5193148, 43.9417325], [6.5192359, 43.9417112], [6.5191077, 43.9417396], [6.5188414, 43.9418461], [6.5185456, 43.9419384], [6.5183927, 43.9419952], [6.5180426, 43.9421514], [6.5179982, 43.9422225], [6.5179292, 43.9422757], [6.5178799, 43.942329], [6.5178552, 43.9423822], [6.5177911, 43.9424319], [6.5177221, 43.9425562], [6.5175101, 43.9427444], [6.5173045, 43.9427679], [6.5172537, 43.9428676], [6.5173473, 43.9428935], [6.5173967, 43.9429609], [6.5174213, 43.9430639], [6.5174065, 43.9431633], [6.5173671, 43.9432379], [6.5172685, 43.9433373], [6.5171008, 43.9434615], [6.5170318, 43.943529], [6.5169825, 43.9436142], [6.5168789, 43.9440864], [6.5167754, 43.9441397], [6.5165535, 43.9442284], [6.5166225, 43.9443136], [6.5166508, 43.9443218], [6.5166521, 43.9443811], [6.5166521, 43.9444485], [6.5166766, 43.9445218], [6.5166481, 43.9445883], [6.516613, 43.9447333], [6.5166058, 43.9447974], [6.5165967, 43.9448475], [6.5165383, 43.9449543], [6.5164544, 43.9450412], [6.5163182, 43.9451725], [6.5161488, 43.9453139], [6.5160705, 43.9454456], [6.5160701, 43.9455336], [6.5160915, 43.9458185], [6.5160754, 43.9459638], [6.5160209, 43.9461455], [6.5160062, 43.9462485], [6.515947, 43.9463124], [6.5156906, 43.9464509], [6.5156117, 43.9465219], [6.5153701, 43.94671], [6.5150348, 43.9471289], [6.5148375, 43.9473206], [6.5146982, 43.9474303], [6.5146797, 43.9474449], [6.5146125, 43.947482], [6.5143681, 43.9475837], [6.5141935, 43.9475831], [6.5140732, 43.9475571], [6.5139648, 43.9475571], [6.5137079, 43.9476069], [6.5137189, 43.9476849], [6.5140425, 43.9477213], [6.5142002, 43.947758], [6.514245, 43.9478344], [6.5141935, 43.9479384], [6.5139143, 43.9483156], [6.5134413, 43.9488872], [6.513357, 43.9490605], [6.5132668, 43.9491948], [6.5131584, 43.9493118], [6.5130802, 43.9494288], [6.5129899, 43.9495328], [6.5128576, 43.9496411], [6.5128034, 43.9497321], [6.5126048, 43.9499574], [6.5124182, 43.950187], [6.5122798, 43.950278], [6.5119428, 43.9507026], [6.5119188, 43.9509322], [6.5118827, 43.9510188], [6.5117563, 43.9512528], [6.5117623, 43.9513438], [6.5117864, 43.9514434], [6.5117503, 43.9515517], [6.5115818, 43.9518247], [6.5114674, 43.952037], [6.5113711, 43.9521843], [6.5095751, 43.9546092], [6.50994, 43.9547108], [6.5099998, 43.9548077], [6.5099637, 43.954955], [6.5098493, 43.955033], [6.5097831, 43.955098], [6.5097591, 43.9551933], [6.5097771, 43.9554359], [6.5099852, 43.9558346], [6.510129, 43.9558733], [6.5102845, 43.9554678], [6.5107191, 43.9556571], [6.5114111, 43.9566997], [6.5117598, 43.9568889], [6.512264, 43.9565761], [6.5128326, 43.9563792], [6.5131545, 43.9563637], [6.5139748, 43.9555527], [6.5138434, 43.9551889], [6.5132564, 43.9548963], [6.5131893, 43.9548987], [6.5131231, 43.9548554], [6.513087, 43.9547861], [6.513105, 43.9547038], [6.5131652, 43.9546258], [6.5131652, 43.9545738], [6.513105, 43.9543225], [6.5130448, 43.9542272], [6.5129305, 43.9540886], [6.5130448, 43.9534994], [6.5132133, 43.9533434], [6.5138695, 43.9528131], [6.5140124, 43.9527211], [6.5145916, 43.9521741], [6.5148097, 43.9519358], [6.5148925, 43.9518221], [6.5149602, 43.9516759], [6.5150279, 43.9513184], [6.515073, 43.9511343], [6.5151407, 43.9510206], [6.5153137, 43.9508148], [6.5155093, 43.9507119], [6.5156372, 43.9506686], [6.5160058, 43.9505819], [6.5164797, 43.9504844], [6.5168784, 43.9502949], [6.517089, 43.9501053], [6.5172019, 43.9499754], [6.5172696, 43.9498779], [6.5173674, 43.9497696], [6.5174651, 43.94971], [6.5176532, 43.9496721], [6.5177811, 43.9496992], [6.5179767, 43.9498671], [6.5185935, 43.9505332], [6.5187364, 43.9508419], [6.5188267, 43.9509285], [6.5189082, 43.9509318], [6.5190315, 43.9508763], [6.5190841, 43.9508895], [6.5296274, 43.9304977]]], [[[6.5190841, 43.9508895], [6.5192891, 43.9511606], [6.5193713, 43.951192], [6.5193556, 43.9511278], [6.5190702, 43.9507013], [6.5190094, 43.9506], [6.5188493, 43.9503011], [6.5187694, 43.9500904], [6.5187133, 43.9498084], [6.5187053, 43.9496827], [6.5186907, 43.9494713], [6.5185951, 43.9490979], [6.5185968, 43.9489674], [6.5185919, 43.9488655], [6.5186128, 43.948788], [6.5186825, 43.9487409], [6.5188486, 43.9486544], [6.5189505, 43.9485953], [6.5190329, 43.9485062], [6.5192111, 43.9483956], [6.5195122, 43.9482063], [6.5196908, 43.9480438], [6.5199281, 43.9478098], [6.5200365, 43.9476957], [6.5201223, 43.9475396], [6.520166, 43.9474747], [6.5202479, 43.9474077], [6.5204482, 43.9472751], [6.5205844, 43.9472156], [6.5207438, 43.9470863], [6.520852, 43.9470323], [6.5209215, 43.9469888], [6.5210139, 43.946961], [6.5210701, 43.9469133], [6.521171, 43.9468578], [6.5212694, 43.9467799], [6.5214171, 43.9466636], [6.5214901, 43.9466359], [6.5215225, 43.9465876], [6.5216105, 43.9465262], [6.5218998, 43.9463268], [6.5219793, 43.9462773], [6.5220666, 43.9462584], [6.5221326, 43.9462225], [6.5222451, 43.9461684], [6.5223562, 43.9461112], [6.5227187, 43.9459923], [6.5231379, 43.9458378], [6.5232644, 43.9457719], [6.5233451, 43.9457533], [6.5234003, 43.9457067], [6.5235852, 43.9455742], [6.5236521, 43.9455342], [6.5237864, 43.9454601], [6.5238673, 43.9454075], [6.5239586, 43.9453243], [6.5240527, 43.9452542], [6.5241365, 43.945194], [6.5242669, 43.9451594], [6.5243048, 43.945077], [6.524527, 43.9449319], [6.5246393, 43.9448728], [6.5246844, 43.9448119], [6.5248054, 43.9447371], [6.5249218, 43.9446566], [6.5249988, 43.9445933], [6.5250753, 43.9445198], [6.5252183, 43.9443692], [6.5253469, 43.9442618], [6.5253925, 43.9442141], [6.525421, 43.9441347], [6.5254756, 43.9440742], [6.5254825, 43.944025], [6.5255058, 43.9439535], [6.5255732, 43.9439136], [6.5255955, 43.9438375], [6.5257155, 43.9436736], [6.5257794, 43.9436038], [6.5258881, 43.9434783], [6.526023, 43.9432818], [6.5260629, 43.9432222], [6.5260825, 43.9431595], [6.5260843, 43.9430725], [6.5261334, 43.9430423], [6.5261903, 43.9430207], [6.5261879, 43.9429076], [6.5262033, 43.9428197], [6.526246, 43.9427436], [6.5262544, 43.9426344], [6.5262115, 43.9425621], [6.5261489, 43.9424859], [6.5261181, 43.9423728], [6.5261774, 43.9423026], [6.5262325, 43.9422496], [6.5262336, 43.9421296], [6.5261379, 43.9420075], [6.5260805, 43.9419101], [6.5260325, 43.9418111], [6.5260596, 43.941755], [6.5260857, 43.941664], [6.5260202, 43.9415655], [6.5260504, 43.9414786], [6.5260641, 43.9413739], [6.5261244, 43.9412736], [6.5262349, 43.9412353], [6.5262544, 43.9411111], [6.5261745, 43.9409075], [6.5261791, 43.9407152], [6.5262175, 43.9406231], [6.5261978, 43.9405064], [6.5261732, 43.9404257], [6.5261483, 43.9403437], [6.5261043, 43.9402041], [6.5260371, 43.9401256], [6.5259783, 43.9400243], [6.5259445, 43.9399056], [6.5259191, 43.9397717], [6.5259352, 43.9396694], [6.5260267, 43.939578], [6.5261892, 43.9395306], [6.5263264, 43.9395215], [6.5264838, 43.9395218], [6.5266623, 43.9395841], [6.5270001, 43.9396325], [6.5270312, 43.9396352], [6.5272732, 43.9396564], [6.5278941, 43.939588], [6.5280095, 43.9395724], [6.5280891, 43.9395671], [6.5282198, 43.9396263], [6.5282985, 43.9396728], [6.5283807, 43.9396757], [6.5284607, 43.9396477], [6.5285087, 43.9395888], [6.5285166, 43.9395143], [6.5285049, 43.9394014], [6.5285309, 43.9393174], [6.5287061, 43.9391621], [6.528798, 43.9391247], [6.5288515, 43.939082], [6.5288674, 43.938988], [6.5288386, 43.9389521], [6.528781, 43.9388982], [6.528676, 43.938819], [6.5286478, 43.9387327], [6.5285713, 43.9385259], [6.5285745, 43.9383969], [6.5286244, 43.9382329], [6.5286522, 43.9381414], [6.5286708, 43.93808], [6.5287753, 43.9380241], [6.528867, 43.9379602], [6.5289303, 43.9378957], [6.5290267, 43.9377241], [6.5290944, 43.9376468], [6.5291909, 43.9375902], [6.5292217, 43.9375171], [6.5293079, 43.9374681], [6.5294592, 43.9373037], [6.529503, 43.9372265], [6.529599, 43.9372198], [6.5297375, 43.9371824], [6.5298786, 43.937063], [6.5299632, 43.9369673], [6.5300497, 43.9369506], [6.5301034, 43.9368999], [6.5302275, 43.9368273], [6.5302179, 43.9367589], [6.530208, 43.9367198], [6.5302968, 43.9366843], [6.5303559, 43.9366453], [6.5305393, 43.9366714], [6.530632, 43.9366495], [6.5307979, 43.9365831], [6.53083, 43.9365115], [6.5308781, 43.9363987], [6.5309356, 43.9362526], [6.5310272, 43.9361164], [6.5312197, 43.9359133], [6.5313125, 43.9358452], [6.5314643, 43.9357664], [6.5316193, 43.93572], [6.5317894, 43.9357239], [6.5318116, 43.9357693], [6.5318771, 43.9358248], [6.5319634, 43.9361216], [6.5320928, 43.9362814], [6.532124, 43.9363331], [6.5323197, 43.9364502], [6.5328556, 43.9367685], [6.5332087, 43.9369915], [6.5336227, 43.9371949], [6.5336865, 43.9371918], [6.533755, 43.9371692], [6.5338425, 43.9371571], [6.5339083, 43.937071], [6.5340391, 43.936964], [6.534121, 43.9369366], [6.5342144, 43.9369256], [6.5342881, 43.9369362], [6.5343487, 43.9369553], [6.5343941, 43.9369661], [6.5344721, 43.9369787], [6.5345514, 43.9370366], [6.5345771, 43.9371256], [6.5345277, 43.937201], [6.5344461, 43.9372591], [6.5343481, 43.9372978], [6.5342716, 43.9373392], [6.5342909, 43.937388], [6.5343366, 43.9374138], [6.5344455, 43.9374362], [6.5346154, 43.9374617], [6.5347018, 43.9374938], [6.5348005, 43.9375406], [6.5349155, 43.937557], [6.535001, 43.937605], [6.5352271, 43.9376458], [6.5354396, 43.9377327], [6.5355444, 43.9378304], [6.5358649, 43.938181], [6.5359389, 43.9382786], [6.5360128, 43.9383275], [6.5362126, 43.9384315], [6.5368727, 43.9387749], [6.53683, 43.9385659], [6.5368014, 43.9384256], [6.5368815, 43.9383768], [6.5369185, 43.9382969], [6.536937, 43.9382259], [6.5369863, 43.9381504], [6.5370788, 43.9380883], [6.5371238, 43.9379333], [6.5371484, 43.9378126], [6.5371977, 43.9377105], [6.53721, 43.9375685], [6.5371915, 43.9374664], [6.5371299, 43.9373688], [6.5368388, 43.9372356], [6.5368018, 43.9371069], [6.5367648, 43.9370226], [6.5366539, 43.9370093], [6.5365429, 43.9370758], [6.5364073, 43.9371202], [6.5363533, 43.9370623], [6.5362944, 43.9370284], [6.5362608, 43.9370091], [6.536267, 43.936907], [6.5361869, 43.9368404], [6.536019, 43.9368095], [6.5358588, 43.9367829], [6.5357663, 43.9367208], [6.535606, 43.9367075], [6.5354643, 43.9367385], [6.5353533, 43.936703], [6.535267, 43.9366586], [6.5351869, 43.9366853], [6.5350945, 43.9366542], [6.5349404, 43.9365255], [6.5347801, 43.9364411], [6.5345891, 43.9363879], [6.534361, 43.9363834], [6.5342377, 43.9364234], [6.5340467, 43.9364456], [6.5339111, 43.936379], [6.5338309, 43.9363257], [6.5334981, 43.9363036], [6.5333193, 43.936268], [6.5331591, 43.9362592], [6.5329619, 43.9362237], [6.532629, 43.9361127], [6.5324873, 43.9360372], [6.5324422, 43.9358476], [6.5322777, 43.9357132], [6.5321914, 43.9356067], [6.5319941, 43.9354471], [6.5317723, 43.9353848], [6.5316995, 43.9353613], [6.5314148, 43.9352694], [6.5312792, 43.9352028], [6.5312665, 43.935114], [6.531223, 43.9349497], [6.5311801, 43.9347422], [6.5310386, 43.9346424], [6.5309524, 43.9345755], [6.5309367, 43.9344903], [6.5308993, 43.9343511], [6.5309067, 43.9342417], [6.5309187, 43.9341656], [6.5309671, 43.9341032], [6.5309525, 43.9339399], [6.5309064, 43.9338383], [6.5309263, 43.9337541], [6.5309249, 43.9336303], [6.5309174, 43.9334504], [6.5309209, 43.9333394], [6.5309447, 43.9331735], [6.5309409, 43.9330278], [6.5309497, 43.932807], [6.5309907, 43.932609], [6.5310305, 43.9324571], [6.5310708, 43.9322461], [6.5311393, 43.9320501], [6.5312598, 43.9318717], [6.5313162, 43.931674], [6.5313162, 43.9313234], [6.5314025, 43.9311503], [6.5314764, 43.9310482], [6.5315381, 43.9309061], [6.5190841, 43.9508895]]], [[[6.5315381, 43.9309061], [6.53176, 43.9305111], [6.5317969, 43.9303912], [6.5318278, 43.9302403], [6.5318401, 43.9301027], [6.5318832, 43.9299518], [6.5319017, 43.9298275], [6.5319695, 43.9296588], [6.5319695, 43.9295567], [6.5319387, 43.9294502], [6.5317838, 43.929216], [6.5317221, 43.9290962], [6.5317036, 43.9289364], [6.5317283, 43.9288032], [6.5317838, 43.9286789], [6.5318666, 43.9285776], [6.5319455, 43.9284911], [6.5320878, 43.9283941], [6.5322871, 43.928301], [6.5325051, 43.9282198], [6.5325811, 43.9281322], [6.5326316, 43.9280371], [6.5326379, 43.9279444], [6.5325649, 43.927801], [6.5325731, 43.9276808], [6.5325665, 43.9276091], [6.5325974, 43.9275514], [6.5325912, 43.9273206], [6.5325296, 43.9272273], [6.5325049, 43.9271208], [6.5325419, 43.9270453], [6.5325604, 43.9269787], [6.5326775, 43.9268811], [6.5327638, 43.9267923], [6.5328439, 43.9266902], [6.5328932, 43.9265925], [6.5329733, 43.9265126], [6.5329795, 43.9263928], [6.5330473, 43.9262463], [6.5330596, 43.9261309], [6.5330103, 43.9259311], [6.5329383, 43.9257099], [6.532778, 43.9254391], [6.532741, 43.9253415], [6.5327225, 43.9252571], [6.5327287, 43.9251372], [6.5328809, 43.92502], [6.5329745, 43.9249246], [6.5329629, 43.9247777], [6.5329905, 43.9246865], [6.5329449, 43.9245829], [6.5328273, 43.9244625], [6.5328088, 43.9243959], [6.532852, 43.9243248], [6.5329321, 43.9242272], [6.5329629, 43.9241428], [6.5329321, 43.9240629], [6.5328273, 43.9239963], [6.5327225, 43.923872], [6.5327323, 43.9237265], [6.5327865, 43.9235946], [6.5329066, 43.9234648], [6.5331133, 43.9231715], [6.5332059, 43.9230808], [6.5333679, 43.9229557], [6.5335281, 43.9227781], [6.5336877, 43.9225764], [6.5337692, 43.9223993], [6.5337613, 43.9222779], [6.5337838, 43.9221085], [6.5338153, 43.9219052], [6.5338467, 43.9218154], [6.5339213, 43.92176], [6.5339917, 43.9217045], [6.534018, 43.9216104], [6.5339911, 43.921533], [6.5337878, 43.9212642], [6.5337732, 43.9211183], [6.5337955, 43.9209472], [6.5338548, 43.9207803], [6.5339682, 43.9206413], [6.5340694, 43.920499], [6.5342299, 43.9202443], [6.5343018, 43.9201213], [6.5344679, 43.919955], [6.5345948, 43.9197878], [6.5346743, 43.9197036], [6.5347485, 43.9196137], [6.5348943, 43.9194929], [6.5350175, 43.9193921], [6.5350855, 43.919334], [6.5351783, 43.9192808], [6.5351806, 43.9192117], [6.5352468, 43.9191256], [6.5353451, 43.9189565], [6.5354021, 43.9188541], [6.535465, 43.9186756], [6.5355523, 43.9186235], [6.5357114, 43.918583], [6.5359155, 43.9185496], [6.5361792, 43.9184298], [6.5364345, 43.9183417], [6.5365242, 43.9183069], [6.5365131, 43.9182623], [6.5362674, 43.9181327], [6.5361358, 43.9180813], [6.5359241, 43.9180362], [6.5355203, 43.9179643], [6.5353736, 43.9179256], [6.5352637, 43.9177856], [6.53519, 43.9175974], [6.5350994, 43.9174792], [6.5350035, 43.9171802], [6.5350126, 43.9170579], [6.5351185, 43.9169327], [6.5352616, 43.9168491], [6.5354986, 43.9166389], [6.5355804, 43.9165686], [6.5357029, 43.916426], [6.5358107, 43.9162937], [6.5360428, 43.9160578], [6.5361193, 43.9159633], [6.5361509, 43.9158091], [6.5362278, 43.9156795], [6.5362626, 43.9154668], [6.5363285, 43.9153778], [6.536378, 43.9152357], [6.5363996, 43.9150722], [6.5363661, 43.9148679], [6.5363378, 43.9147434], [6.5363712, 43.9146302], [6.5364446, 43.9144955], [6.5364423, 43.914376], [6.5365254, 43.9141973], [6.5365584, 43.9140867], [6.5366363, 43.9139656], [6.5367813, 43.9138355], [6.5368801, 43.913714], [6.5369861, 43.9134296], [6.5370797, 43.9133119], [6.5372606, 43.9131601], [6.5375761, 43.912998], [6.5377276, 43.9129143], [6.5378383, 43.9127725], [6.5378938, 43.9126704], [6.5379308, 43.9125727], [6.5380109, 43.9125061], [6.5381095, 43.9124439], [6.5382266, 43.9123951], [6.5383067, 43.9123196], [6.5383992, 43.9122574], [6.5384239, 43.9121908], [6.53843, 43.9121242], [6.5385339, 43.9120319], [6.5386149, 43.9119599], [6.538843, 43.9118267], [6.5389108, 43.9117379], [6.5389046, 43.9116624], [6.5390094, 43.9115869], [6.5391142, 43.9115558], [6.5392991, 43.911356], [6.53941, 43.9112672], [6.5395148, 43.9112006], [6.5396258, 43.9111163], [6.539749, 43.9110985], [6.5398415, 43.9111473], [6.5399771, 43.9112051], [6.5401312, 43.9112539], [6.5403777, 43.9113694], [6.5404763, 43.9114715], [6.5405318, 43.9115647], [6.5405934, 43.9116313], [6.5406674, 43.9116713], [6.5407167, 43.9117157], [6.54084, 43.9117157], [6.5409633, 43.9117468], [6.541142, 43.9117734], [6.5412776, 43.9118134], [6.5416104, 43.9118755], [6.541783, 43.9119244], [6.5419186, 43.9119777], [6.5420665, 43.9120132], [6.5422083, 43.9120665], [6.5425781, 43.9121775], [6.5426412, 43.9122089], [6.5429936, 43.9124874], [6.5430752, 43.9125515], [6.5431627, 43.9125897], [6.54332, 43.9126358], [6.543353, 43.9126434], [6.5433811, 43.9126499], [6.5434245, 43.9126528], [6.54354, 43.9126042], [6.5436519, 43.9125704], [6.5437456, 43.9125466], [6.5440709, 43.9123973], [6.544182, 43.9123354], [6.5443441, 43.9122808], [6.5444025, 43.9122485], [6.5445505, 43.9122619], [6.5447921, 43.9122794], [6.5450252, 43.9122757], [6.5451759, 43.9122412], [6.5453042, 43.9122135], [6.5453662, 43.9122001], [6.545645, 43.9121524], [6.5458437, 43.9121277], [6.5460017, 43.9121311], [6.5461468, 43.9121642], [6.5462516, 43.9122086], [6.5463256, 43.9122619], [6.5463872, 43.9123373], [6.5464858, 43.9124173], [6.5466496, 43.9124898], [6.5470133, 43.9125609], [6.5471365, 43.9125564], [6.54742, 43.9125253], [6.5478762, 43.9124587], [6.5479466, 43.9124217], [6.5479836, 43.9123462], [6.5479774, 43.9122574], [6.5480329, 43.9121908], [6.5481254, 43.9121198], [6.5483534, 43.9119999], [6.548489, 43.9119599], [6.5486123, 43.9119688], [6.5487602, 43.911991], [6.5490524, 43.9119429], [6.5492259, 43.9118946], [6.5493285, 43.9118974], [6.5493995, 43.9119486], [6.5494508, 43.9120026], [6.5496756, 43.9120679], [6.5498097, 43.9120651], [6.5498965, 43.9121077], [6.5500188, 43.9121248], [6.5502358, 43.9121816], [6.5505119, 43.912193], [6.5506026, 43.9122413], [6.5506145, 43.9122924], [6.550579, 43.9123436], [6.5505632, 43.9124004], [6.5506302, 43.9124288], [6.5507446, 43.9124317], [6.5508827, 43.9124203], [6.5509774, 43.9124374], [6.5510444, 43.9124857], [6.551265, 43.9125003], [6.5513442, 43.9125056], [6.5514073, 43.912463], [6.5513521, 43.9124118], [6.5512969, 43.9123777], [6.5512456, 43.9123237], [6.5511864, 43.9122896], [6.5509944, 43.9122267], [6.5508465, 43.9122178], [6.5507663, 43.9121912], [6.55068, 43.9121424], [6.5506554, 43.9120802], [6.5505691, 43.9119692], [6.5505876, 43.9119159], [6.5506369, 43.9118759], [6.5506369, 43.9118182], [6.5505691, 43.9117472], [6.5504951, 43.9117205], [6.550378, 43.9116939], [6.5503164, 43.9116051], [6.5502239, 43.9115296], [6.5501253, 43.9114674], [6.5499162, 43.9113742], [6.5498531, 43.9113287], [6.5498176, 43.9112577], [6.5497703, 43.9112037], [6.549723, 43.9111696], [6.5496993, 43.9111127], [6.5496441, 43.9110531], [6.5495691, 43.9110843], [6.5495139, 43.9110985], [6.5493088, 43.9111071], [6.5492456, 43.9110587], [6.5491786, 43.911036], [6.5490684, 43.9110141], [6.5489636, 43.9110496], [6.5488711, 43.9110274], [6.5487015, 43.9109365], [6.5484952, 43.9108942], [6.5482794, 43.9107344], [6.5481932, 43.9106811], [6.548076, 43.9106456], [6.5479466, 43.9106234], [6.5476631, 43.9106323], [6.5475521, 43.9106012], [6.5474412, 43.9105301], [6.5473672, 43.910499], [6.5472008, 43.910468], [6.5468988, 43.910388], [6.5465228, 43.9103481], [6.5462886, 43.9103436], [6.5461345, 43.9103747], [6.545851, 43.9104102], [6.5456846, 43.9104236], [6.5456291, 43.9103747], [6.5454504, 43.9102992], [6.5454504, 43.9102371], [6.5454997, 43.9101305], [6.5455182, 43.9100506], [6.5454935, 43.9099751], [6.5454134, 43.9098552], [6.5452105, 43.9096391], [6.5451411, 43.9095503], [6.5450718, 43.9094948], [6.5449408, 43.9094615], [6.5445941, 43.909456], [6.5443784, 43.9094226], [6.544232, 43.9094115], [6.5440933, 43.9094448], [6.5438776, 43.9094504], [6.5436541, 43.9094782], [6.5434615, 43.9094837], [6.5431071, 43.9094671], [6.542953, 43.9094115], [6.5427758, 43.9093227], [6.5426449, 43.909245], [6.5424908, 43.9091285], [6.542406, 43.9090341], [6.5421055, 43.9088676], [6.5420131, 43.9086622], [6.5419129, 43.9086123], [6.5417511, 43.9085734], [6.5416664, 43.9085179], [6.5415277, 43.9083902], [6.5415123, 43.9083125], [6.5416279, 43.9080905], [6.5416664, 43.907985], [6.5416664, 43.9078296], [6.5417049, 43.9077408], [6.5417974, 43.9076464], [6.541936, 43.9075576], [6.5420054, 43.9074633], [6.5420131, 43.9073689], [6.541936, 43.9072468], [6.5417742, 43.9072024], [6.5415508, 43.907219], [6.5413813, 43.9072412], [6.5412349, 43.9072801], [6.5410731, 43.9073023], [6.5409807, 43.9072579], [6.5409345, 43.9071358], [6.5409345, 43.9070414], [6.5408959, 43.9069359], [6.5409499, 43.9068083], [6.5409422, 43.9066972], [6.5409499, 43.9065862], [6.5410963, 43.9065252], [6.5412735, 43.9064863], [6.5414121, 43.9064363], [6.5416356, 43.9061699], [6.5415585, 43.9059923], [6.5415123, 43.9059479], [6.541443, 43.9058091], [6.5413505, 43.9057203], [6.5412272, 43.9056481], [6.5410035, 43.9055543], [6.5409493, 43.905501], [6.5409148, 43.9053163], [6.5409049, 43.9051778], [6.5408704, 43.9051031], [6.540826, 43.9050641], [6.5408112, 43.904993], [6.5408654, 43.9049291], [6.5408901, 43.904858], [6.5408556, 43.904691], [6.5407964, 43.9045702], [6.5408457, 43.9045454], [6.540895, 43.9044708], [6.5409493, 43.9044246], [6.5409295, 43.9043393], [6.5407668, 43.9043002], [6.540752, 43.9042541], [6.5406781, 43.9042327], [6.5405942, 43.9042327], [6.5405351, 43.9041937], [6.5405006, 43.9041368], [6.5405006, 43.9040729], [6.5404808, 43.9040125], [6.5404069, 43.9039592], [6.5403793, 43.9038206], [6.5404069, 43.9037609], [6.5404187, 43.9036757], [6.5403753, 43.9036785], [6.5403083, 43.9036444], [6.5403438, 43.9035734], [6.5404108, 43.9035194], [6.5404384, 43.9034654], [6.5404858, 43.9034142], [6.5405449, 43.9034369], [6.5405725, 43.9033886], [6.5405252, 43.9033033], [6.5404779, 43.9032721], [6.5404305, 43.9032266], [6.5404266, 43.903147], [6.5403477, 43.9031271], [6.5402412, 43.9031328], [6.5401189, 43.9031044], [6.5400913, 43.9030532], [6.5400795, 43.9029424], [6.5401307, 43.9028912], [6.5402688, 43.902806], [6.5403083, 43.9027434], [6.5403753, 43.9026639], [6.5404897, 43.9026098], [6.5405804, 43.9025814], [6.5406396, 43.9025473], [6.5407027, 43.9024905], [6.5407264, 43.9024336], [6.5407737, 43.9023796], [6.5409473, 43.9023199], [6.5411366, 43.9022716], [6.5411919, 43.9022347], [6.5413181, 43.9021977], [6.5413733, 43.902138], [6.5413733, 43.9020641], [6.5412353, 43.9020357], [6.5412313, 43.9019988], [6.5411998, 43.9019789], [6.5410932, 43.9019902], [6.5410262, 43.902013], [6.5409355, 43.9020101], [6.540829, 43.9019732], [6.5406593, 43.9019419], [6.5406278, 43.9018879], [6.5404937, 43.9018908], [6.5403438, 43.90176], [6.5402944, 43.9017671], [6.5402353, 43.9017991], [6.5400775, 43.9018524], [6.5400035, 43.901895], [6.5399591, 43.901959], [6.5398655, 43.9019945], [6.5397866, 43.9019874], [6.5397126, 43.9019305], [6.5396879, 43.9018595], [6.5396633, 43.9017103], [6.5396436, 43.9016605], [6.5396781, 43.9014864], [6.5397027, 43.9014367], [6.5396732, 43.901387], [6.5395992, 43.9013585], [6.53954, 43.901323], [6.5394513, 43.9012946], [6.539328, 43.9012804], [6.5393329, 43.9012342], [6.5393872, 43.9011596], [6.5395943, 43.9009926], [6.5396357, 43.9009183], [6.5396704, 43.9008819], [6.5397745, 43.9008114], [6.5397903, 43.900775], [6.5397935, 43.9007], [6.5397808, 43.9006272], [6.5397808, 43.9005499], [6.5397651, 43.9004862], [6.5396515, 43.9003225], [6.5396167, 43.9001724], [6.5395674, 43.9001182], [6.5394738, 43.9000755], [6.5393702, 43.8999689], [6.5390842, 43.8997344], [6.5388919, 43.8996101], [6.5387982, 43.8995994], [6.5386996, 43.899539], [6.5386093, 43.8994604], [6.5385682, 43.8994127], [6.538543, 43.8993558], [6.5385398, 43.8993013], [6.5384957, 43.8992399], [6.5383631, 43.8992399], [6.5383221, 43.8992148], [6.5382842, 43.8991739], [6.5381233, 43.8990989], [6.5380917, 43.8990761], [6.5381012, 43.899042], [6.538158, 43.8989761], [6.5382148, 43.898876], [6.5383158, 43.898801], [6.5383568, 43.8987578], [6.5383505, 43.8986941], [6.5383168, 43.898631], [6.5382182, 43.8985466], [6.5381318, 43.8984479], [6.5381287, 43.8984047], [6.5381539, 43.8983274], [6.5381823, 43.8982774], [6.5381949, 43.8981955], [6.5381918, 43.89815], [6.5381697, 43.8981046], [6.5381129, 43.8980363], [6.538015, 43.897984], [6.5379993, 43.8979158], [6.5380294, 43.8978785], [6.5378938, 43.8978607], [6.5377767, 43.8977941], [6.5378322, 43.8977186], [6.5378815, 43.8976298], [6.5378692, 43.8975809], [6.5377398, 43.8974832], [6.5377213, 43.8973988], [6.5377213, 43.8973011], [6.537672, 43.8972567], [6.5375672, 43.8970701], [6.5374932, 43.8970035], [6.5374501, 43.8969369], [6.5374747, 43.8968481], [6.5375549, 43.8967459], [6.5377398, 43.8964439], [6.5377398, 43.8963773], [6.537635, 43.8963773], [6.5375364, 43.8963906], [6.5374747, 43.896324], [6.537333, 43.8962751], [6.5372898, 43.8961108], [6.5372405, 43.8959731], [6.5371542, 43.8958932], [6.536957, 43.8956444], [6.5368584, 43.8955645], [6.5367967, 43.8954979], [6.5367967, 43.8954224], [6.5368275, 43.8953158], [6.5368769, 43.8952314], [6.5368769, 43.8951514], [6.5368091, 43.8950626], [6.536846, 43.894996], [6.5315381, 43.9309061]]], [[[6.536846, 43.894996], [6.5369508, 43.8949826], [6.5371357, 43.8949826], [6.5373699, 43.8950093], [6.5374686, 43.8950582], [6.5376966, 43.8951115], [6.5377521, 43.8951692], [6.5378569, 43.8951958], [6.5381835, 43.8952003], [6.5382883, 43.8952491], [6.5383376, 43.8953158], [6.5384178, 43.8953424], [6.5385472, 43.8953158], [6.5387136, 43.8953291], [6.5388307, 43.8953602], [6.5389663, 43.8953824], [6.5391019, 43.8953602], [6.5392005, 43.8953691], [6.5393361, 43.8954312], [6.5394283, 43.8954213], [6.5395149, 43.8953868], [6.5394841, 43.8953158], [6.5393482, 43.8952294], [6.5392067, 43.895187], [6.5390526, 43.8951115], [6.5389355, 43.8950315], [6.5388615, 43.8949693], [6.5387629, 43.8948672], [6.5386828, 43.894805], [6.5385965, 43.8947206], [6.5384979, 43.8946096], [6.5382082, 43.8943964], [6.5381096, 43.8943386], [6.5380048, 43.8942898], [6.5379062, 43.894192], [6.5377706, 43.8940899], [6.5374871, 43.8939389], [6.5369631, 43.8937612], [6.5367597, 43.8936679], [6.536544, 43.8936502], [6.5361619, 43.893437], [6.53594, 43.8933259], [6.5356503, 43.8931305], [6.5353853, 43.8929972], [6.535299, 43.892904], [6.5352497, 43.8927574], [6.5351503, 43.8925194], [6.5351464, 43.8924427], [6.5351227, 43.8923546], [6.5350911, 43.8923091], [6.5349984, 43.8922657], [6.5348653, 43.8922337], [6.5347568, 43.892184], [6.5347618, 43.8921236], [6.5347864, 43.8920348], [6.5347322, 43.8920063], [6.5346237, 43.8921023], [6.5345053, 43.8920774], [6.5345004, 43.8919708], [6.5345448, 43.8918855], [6.5346237, 43.8918216], [6.5347568, 43.8917611], [6.5349195, 43.8916652], [6.5349787, 43.891619], [6.5348752, 43.8916048], [6.5343821, 43.891651], [6.5342407, 43.8915891], [6.5342851, 43.8914967], [6.5344379, 43.8914612], [6.5343985, 43.8914363], [6.5342999, 43.8914079], [6.5343511, 43.8913537], [6.5345175, 43.8913537], [6.5349304, 43.8912604], [6.5351092, 43.8912027], [6.5353496, 43.8910961], [6.5355222, 43.8910339], [6.5358242, 43.8908829], [6.5359536, 43.8907896], [6.5362956, 43.8905707], [6.5363902, 43.8904939], [6.5366703, 43.8903489], [6.5369622, 43.8902779], [6.537049, 43.8902295], [6.5371476, 43.8901528], [6.5372344, 43.8901101], [6.537337, 43.8900874], [6.5375658, 43.8900021], [6.5375658, 43.8899254], [6.5375973, 43.8898458], [6.5376131, 43.8897747], [6.5375776, 43.8894534], [6.5375855, 43.8893568], [6.537621, 43.88928], [6.5376525, 43.8891521], [6.5376999, 43.8890782], [6.5377117, 43.8889929], [6.5375026, 43.8887115], [6.5374514, 43.8886233], [6.5374671, 43.8885466], [6.5374948, 43.8885011], [6.5375539, 43.8884414], [6.5376289, 43.8884101], [6.5376604, 43.8883532], [6.5377117, 43.8883049], [6.5378024, 43.8882481], [6.5379175, 43.8881915], [6.5379837, 43.8880744], [6.5379235, 43.8880267], [6.5376527, 43.8880788], [6.5375023, 43.8879356], [6.5373157, 43.8878793], [6.5372495, 43.8878272], [6.5371051, 43.8878012], [6.5367862, 43.8876581], [6.5366297, 43.8876277], [6.5365093, 43.8875843], [6.536383, 43.8874933], [6.5363709, 43.8874152], [6.5365093, 43.8873371], [6.5365635, 43.8872721], [6.5365755, 43.8871853], [6.5366297, 43.8871246], [6.5367079, 43.8870596], [6.536744, 43.8869902], [6.5367561, 43.8868947], [6.536738, 43.886808], [6.5367621, 43.8867039], [6.5367922, 43.8866258], [6.5367922, 43.8865434], [6.5368343, 43.886435], [6.5369366, 43.8863483], [6.5369426, 43.8862442], [6.5369065, 43.88601], [6.5369426, 43.8859102], [6.5371232, 43.885728], [6.5372676, 43.8855372], [6.5373879, 43.8854461], [6.5374662, 43.8853377], [6.5375444, 43.8852553], [6.5376949, 43.8851382], [6.5377851, 43.8850731], [6.5381823, 43.8848259], [6.5383328, 43.8847435], [6.5384471, 43.8846481], [6.5385735, 43.8845613], [6.5387119, 43.8844876], [6.5388864, 43.8844138], [6.5391512, 43.8843488], [6.5392595, 43.8843011], [6.5393168, 43.8842554], [6.5393738, 43.88421], [6.539428, 43.8841146], [6.539434, 43.8838717], [6.5394882, 43.8837849], [6.5397169, 43.8836114], [6.5398071, 43.8835507], [6.5399034, 43.8834987], [6.5399696, 43.8834379], [6.5400418, 43.8833425], [6.5400471, 43.88322], [6.5399756, 43.883121], [6.5399275, 43.8830213], [6.5397409, 43.8829085], [6.5395724, 43.8828608], [6.5395183, 43.882774], [6.53944, 43.8827046], [6.5393438, 43.8826786], [6.5392715, 43.8826266], [6.5391933, 43.8825398], [6.5391632, 43.8824834], [6.539103, 43.8824617], [6.539079, 43.8823967], [6.539182, 43.8823386], [6.539416, 43.8822535], [6.5396567, 43.8821798], [6.5398372, 43.8821581], [6.5400117, 43.8821538], [6.5401983, 43.8820974], [6.5403006, 43.882054], [6.5405136, 43.8819004], [6.5406091, 43.8816444], [6.5407696, 43.8814841], [6.5408754, 43.8814814], [6.5409802, 43.8814663], [6.5411453, 43.8814048], [6.541317, 43.8813164], [6.5415931, 43.881188], [6.5417551, 43.881023], [6.5418781, 43.8808937], [6.541947, 43.8807954], [6.5419198, 43.8807359], [6.5418219, 43.8806948], [6.5416306, 43.8806877], [6.541438, 43.8806617], [6.5412514, 43.8806226], [6.5410466, 43.8805787], [6.5409153, 43.8805316], [6.5406867, 43.8803615], [6.5404471, 43.8801163], [6.5403334, 43.8800774], [6.5400982, 43.8799197], [6.5400404, 43.8797953], [6.5401136, 43.8796854], [6.5403164, 43.8795492], [6.5403916, 43.879511], [6.5405476, 43.8794773], [6.5406861, 43.8794094], [6.5408105, 43.8793665], [6.5408881, 43.8792947], [6.5410296, 43.8792065], [6.5411064, 43.8791308], [6.5413419, 43.8789317], [6.5418161, 43.8785935], [6.5419082, 43.8785185], [6.5419054, 43.8784433], [6.5417279, 43.8784234], [6.5414398, 43.878486], [6.5409677, 43.8786033], [6.5406887, 43.8786623], [6.540478, 43.8787382], [6.5403125, 43.878787], [6.5401883, 43.8788086], [6.5400944, 43.878825], [6.5399289, 43.878825], [6.5398311, 43.8787816], [6.5397107, 43.8787762], [6.5395753, 43.8787599], [6.5393121, 43.8786732], [6.5392143, 43.8786081], [6.5391767, 43.8785159], [6.5392067, 43.8784346], [6.539139, 43.8783804], [6.5390112, 43.8783533], [6.5387101, 43.8782484], [6.538554, 43.878194], [6.538355, 43.878345], [6.538291, 43.878304], [6.5380974, 43.8784422], [6.5379702, 43.8785002], [6.537843, 43.8785414], [6.5377075, 43.878571], [6.5375644, 43.8785791], [6.5374241, 43.8785737], [6.5373004, 43.8785585], [6.5371518, 43.8785168], [6.537043, 43.8784722], [6.5370178, 43.8784552], [6.5369265, 43.8784036], [6.5368633, 43.8783536], [6.5367844, 43.8782784], [6.5367179, 43.8782011], [6.5366859, 43.8781409], [6.536659, 43.8780741], [6.5366372, 43.8779759], [6.5366139, 43.8778177], [6.5365731, 43.8778276], [6.536394, 43.8778082], [6.53629, 43.8777443], [6.5361937, 43.8776999], [6.5360945, 43.8775801], [6.5356585, 43.8773616], [6.5354986, 43.8772599], [6.5353858, 43.8771718], [6.5352354, 43.877104], [6.5350567, 43.8770498], [6.5347464, 43.8770295], [6.5344831, 43.8770295], [6.5342198, 43.8770023], [6.5339378, 43.876921], [6.5335616, 43.8767583], [6.5332701, 43.8766973], [6.5330539, 43.8766431], [6.5328282, 43.8765821], [6.5326966, 43.8765347], [6.5325461, 43.8764059], [6.5324521, 43.8761619], [6.5324051, 43.8760602], [6.5323505, 43.8759802], [6.5322828, 43.875926], [6.5322001, 43.8758989], [6.5320948, 43.8760453], [6.5319895, 43.8761375], [6.5318465, 43.8761863], [6.5316886, 43.8761917], [6.531508, 43.8761375], [6.5308235, 43.8758772], [6.5307182, 43.875823], [6.5305527, 43.875682], [6.5303571, 43.8756223], [6.5302217, 43.875541], [6.5301841, 43.8754271], [6.5300863, 43.8753566], [6.5298606, 43.8753404], [6.5297102, 43.8753892], [6.5295597, 43.8754597], [6.5293491, 43.8754814], [6.5290783, 43.8754109], [6.5288075, 43.8753295], [6.5280778, 43.8750693], [6.5277318, 43.8749988], [6.5274083, 43.8749608], [6.5270849, 43.8749716], [6.526799, 43.8749716], [6.5260844, 43.8748252], [6.5253999, 43.8746355], [6.5246928, 43.8744294], [6.5241436, 43.8742504], [6.5238804, 43.8741745], [6.5233914, 43.874104], [6.5217816, 43.8739305], [6.5216011, 43.8738926], [6.5213905, 43.8738763], [6.5211573, 43.8738817], [6.5208789, 43.8739305], [6.5206533, 43.874001], [6.5201568, 43.8740661], [6.519901, 43.8740823], [6.5197054, 43.8740823], [6.5192767, 43.8740607], [6.5190961, 43.8740335], [6.5189382, 43.8740227], [6.5188559, 43.874026], [6.5186128, 43.8742155], [6.5185972, 43.8743163], [6.5187296, 43.8745159], [6.5186875, 43.8745853], [6.5184949, 43.874672], [6.5185878, 43.8746797], [6.5186649, 43.8746686], [6.5186995, 43.8746935], [6.5187034, 43.8747296], [6.5187804, 43.8747546], [6.5188806, 43.8747463], [6.5190192, 43.8747574], [6.5191232, 43.874738], [6.5191887, 43.8747019], [6.5192888, 43.8746824], [6.5193812, 43.8747019], [6.5194583, 43.8747435], [6.5194968, 43.8748018], [6.519516, 43.8748657], [6.5195777, 43.8749129], [6.5196855, 43.874899], [6.5197702, 43.8749184], [6.5199628, 43.8750628], [6.5200129, 43.87511], [6.5201207, 43.8751128], [6.5202054, 43.8750878], [6.5202555, 43.8751155], [6.5202632, 43.8751683], [6.5203441, 43.8752433], [6.5203891, 43.8753409], [6.5204261, 43.8753071], [6.5204384, 43.8752556], [6.5204063, 43.8751188], [6.520476, 43.8750827], [6.5205684, 43.8751049], [6.5206608, 43.8751132], [6.5207456, 43.8750854], [6.5208419, 43.875041], [6.5209035, 43.8750382], [6.5209844, 43.8751604], [6.5211615, 43.875277], [6.5213888, 43.8753908], [6.5214465, 43.875438], [6.5214619, 43.875488], [6.5215043, 43.8755324], [6.521643, 43.8756074], [6.5216815, 43.8756102], [6.5216391, 43.875538], [6.5216776, 43.8754242], [6.5216738, 43.8753076], [6.5217007, 43.8752659], [6.5217533, 43.8752222], [6.521771, 43.8751412], [6.5216744, 43.8750303], [6.5216507, 43.8749802], [6.5216622, 43.8749219], [6.5217624, 43.8748469], [6.5218278, 43.8748136], [6.5219742, 43.8747609], [6.5220589, 43.8747386], [6.5224325, 43.8747137], [6.5227637, 43.8746359], [6.5229525, 43.8746054], [6.5232105, 43.8746054], [6.5234608, 43.8746415], [6.5235494, 43.8746609], [6.5236111, 43.8746942], [6.5236842, 43.8747525], [6.5240578, 43.8750968], [6.5241849, 43.8752328], [6.5242311, 43.8753022], [6.5242427, 43.875355], [6.5241657, 43.8753744], [6.5241117, 43.875355], [6.5240309, 43.8753078], [6.5240232, 43.8752717], [6.5239808, 43.8753522], [6.5238768, 43.8753939], [6.5238267, 43.8754438], [6.5237921, 43.875466], [6.5238036, 43.8755105], [6.5238306, 43.8755382], [6.5237536, 43.8756576], [6.5237459, 43.8756909], [6.523769, 43.8757825], [6.5239055, 43.8757335], [6.5239808, 43.8757409], [6.5240113, 43.8756977], [6.5241099, 43.875687], [6.5241715, 43.8757261], [6.5242134, 43.8757172], [6.5242898, 43.8757172], [6.5244057, 43.8757688], [6.5244673, 43.8757794], [6.5246497, 43.8757332], [6.5246916, 43.8757013], [6.5247656, 43.8756906], [6.5250818, 43.8757345], [6.5253052, 43.8758011], [6.5255479, 43.8759371], [6.5256133, 43.876001], [6.5256557, 43.8760676], [6.5257636, 43.8761342], [6.5257944, 43.8762203], [6.525829, 43.8762592], [6.5258637, 43.8763813], [6.5258136, 43.8763813], [6.5257135, 43.8763647], [6.5256326, 43.8763702], [6.525571, 43.8763841], [6.5255055, 43.8764119], [6.5252744, 43.8764146], [6.5249509, 43.8763647], [6.5248854, 43.8763647], [6.5247968, 43.8763758], [6.524766, 43.8764008], [6.5247468, 43.8764535], [6.524716, 43.8764952], [6.5246312, 43.8765313], [6.5244695, 43.8765729], [6.5242538, 43.8765618], [6.5241768, 43.8765784], [6.5241459, 43.8766034], [6.5241459, 43.876634], [6.5240882, 43.8766701], [6.524042, 43.8766728], [6.5238186, 43.8768422], [6.5237415, 43.8769199], [6.5237184, 43.8769838], [6.5238147, 43.8769921], [6.5238455, 43.8769755], [6.5239187, 43.8769921], [6.5239534, 43.8770226], [6.5240188, 43.8769949], [6.5241228, 43.876981], [6.5241922, 43.8769977], [6.524273, 43.8770504], [6.5243, 43.8770976], [6.5243, 43.8771476], [6.5242807, 43.8771975], [6.5242422, 43.8772281], [6.5241652, 43.877242], [6.5240574, 43.8772503], [6.5240034, 43.877267], [6.5240728, 43.8773669], [6.5241151, 43.8774058], [6.5241922, 43.8774224], [6.5242692, 43.8774224], [6.5243308, 43.877453], [6.5244541, 43.8774169], [6.5245234, 43.8774141], [6.5245272, 43.8775113], [6.5246004, 43.8775501], [6.524716, 43.8775585], [6.5247468, 43.8775945], [6.5248854, 43.8776334], [6.5249856, 43.8777111], [6.5250279, 43.8777195], [6.5250703, 43.8777833], [6.5250741, 43.8778416], [6.5250973, 43.8778666], [6.5252552, 43.8778527], [6.5253245, 43.8778833], [6.5254092, 43.8778777], [6.5255209, 43.8778972], [6.5256673, 43.8779582], [6.5261333, 43.8783275], [6.5263028, 43.8784829], [6.5263605, 43.8785773], [6.5263875, 43.8786412], [6.5263836, 43.8786939], [6.5263182, 43.8787078], [6.5262912, 43.8787605], [6.5262565, 43.8788022], [6.5261795, 43.8788105], [6.5259754, 43.878805], [6.525856, 43.8787772], [6.5257828, 43.8788105], [6.5256519, 43.8788411], [6.5256249, 43.8788716], [6.5256172, 43.8789243], [6.5256326, 43.8789826], [6.5259253, 43.879077], [6.5260909, 43.8791381], [6.5261757, 43.8791797], [6.5262065, 43.8792325], [6.5261641, 43.8792852], [6.5261063, 43.8793213], [6.5260794, 43.8793713], [6.5260948, 43.8794879], [6.526141, 43.8795545], [6.5262565, 43.8796517], [6.5262642, 43.8797155], [6.5261795, 43.8797322], [6.5260717, 43.879735], [6.5260023, 43.8797516], [6.5259138, 43.8797933], [6.5258329, 43.8798016], [6.5257597, 43.8797822], [6.525675, 43.8797822], [6.5256018, 43.8797988], [6.5255209, 43.8797988], [6.5254708, 43.879821], [6.5254131, 43.8798877], [6.5253669, 43.8799126], [6.5253707, 43.879982], [6.5254092, 43.8800792], [6.5254824, 43.8801625], [6.525494, 43.880218], [6.5254131, 43.8804151], [6.5253669, 43.8804568], [6.5253476, 43.8805317], [6.5252783, 43.8806761], [6.5252166, 43.8807205], [6.5251435, 43.8807122], [6.5251011, 43.8807288], [6.5250741, 43.8810175], [6.5250308, 43.8810662], [6.5249625, 43.8810897], [6.5249432, 43.8811397], [6.5249817, 43.8811841], [6.5250549, 43.8812174], [6.5251127, 43.8812812], [6.5251358, 43.8814006], [6.5251358, 43.8814645], [6.5250934, 43.8815339], [6.5251165, 43.8815866], [6.5251627, 43.8816144], [6.5252205, 43.8816782], [6.5252513, 43.8817365], [6.52539, 43.8819031], [6.5254131, 43.8819503], [6.5255094, 43.8820197], [6.5256312, 43.8820756], [6.5256943, 43.882124], [6.5257456, 43.8821837], [6.5257969, 43.8822519], [6.525793, 43.8823941], [6.5256588, 43.8824794], [6.5256194, 43.8825334], [6.525505, 43.8826158], [6.5253985, 43.8826414], [6.5252959, 43.8826784], [6.5252328, 43.8827438], [6.525217, 43.8827893], [6.5251302, 43.8828006], [6.5251105, 43.8828575], [6.52515, 43.8829314], [6.5251263, 43.8829968], [6.5249725, 43.883085], [6.5249015, 43.883048], [6.5247989, 43.8831049], [6.5246924, 43.883139], [6.5245662, 43.8831475], [6.5242742, 43.8832101], [6.5241835, 43.8831873], [6.5241046, 43.8831305], [6.5240336, 43.8831106], [6.5239034, 43.8831077], [6.5238245, 43.8830679], [6.5237062, 43.8830508], [6.5235129, 43.8830452], [6.5234301, 43.8830224], [6.5231776, 43.8831418], [6.523079, 43.8832271], [6.523004, 43.8832612], [6.5228186, 43.8833209], [6.5227043, 43.8832897], [6.5226411, 43.8832499], [6.5225031, 43.8832328], [6.5223966, 43.8832101], [6.5222506, 43.8831646], [6.5221244, 43.8831617], [6.5219705, 43.8831276], [6.5218364, 43.8831162], [6.5215524, 43.8831646], [6.521513, 43.8832328], [6.521793, 43.8832954], [6.521864, 43.8833693], [6.5219548, 43.8834176], [6.5221086, 43.8834716], [6.5222348, 43.8835626], [6.5224991, 43.8836991], [6.522653, 43.8837417], [6.5227555, 43.8837531], [6.5229056, 43.8837598], [6.5230552, 43.8837695], [6.5232203, 43.8837485], [6.5233202, 43.8836838], [6.5234331, 43.8836829], [6.5235447, 43.8836223], [6.52365, 43.8836253], [6.5238324, 43.8836934], [6.5239173, 43.8837438], [6.5241101, 43.8837606], [6.5242812, 43.8837829], [6.5245804, 43.8837411], [6.5248339, 43.8836769], [6.5249904, 43.8836889], [6.5252815, 43.8837167], [6.5257684, 43.8836257], [6.5258572, 43.8835935], [6.5259165, 43.8835549], [6.5259283, 43.883482], [6.5259592, 43.8834344], [6.5260276, 43.8834074], [6.5261031, 43.8833686], [6.5261546, 43.8833647], [6.5262086, 43.8833618], [6.5262646, 43.8833794], [6.5263571, 43.8833385], [6.5264151, 43.8832416], [6.5264796, 43.8831964], [6.5266254, 43.8831197], [6.5267361, 43.8830427], [6.5268027, 43.8830139], [6.5268702, 43.8830419], [6.5270428, 43.8829382], [6.526962, 43.8828318], [6.5270073, 43.8827342], [6.5271653, 43.8826082], [6.5272301, 43.8825296], [6.5273619, 43.8824515], [6.5274703, 43.8823442], [6.5275289, 43.882275], [6.5276067, 43.8822438], [6.5277378, 43.8821979], [6.5278254, 43.8821749], [6.5279228, 43.882158], [6.5279897, 43.8821495], [6.5280955, 43.882129], [6.5281943, 43.8821092], [6.5282724, 43.8821216], [6.5284179, 43.8821971], [6.5285779, 43.8822232], [6.5286651, 43.8821455], [6.5287058, 43.8821033], [6.5287636, 43.8821074], [6.5288569, 43.8821106], [6.5289229, 43.8820751], [6.5289619, 43.8820294], [6.5289607, 43.8819519], [6.5290309, 43.8819227], [6.5291238, 43.8818115], [6.5292114, 43.881721], [6.5293746, 43.8816619], [6.5295647, 43.8816353], [6.5297129, 43.8816575], [6.5299137, 43.8815432], [6.5300222, 43.8815077], [6.5301504, 43.8814899], [6.5303033, 43.8814899], [6.5304216, 43.8815005], [6.5306484, 43.8815752], [6.5307766, 43.8815894], [6.5309098, 43.8816143], [6.5310084, 43.8816569], [6.5310626, 43.8817031], [6.536846, 43.894996]]]]}}, {"type": "Feature", "properties": {"name": "Lac d'Esparron"}, "geometry": {"type": "MultiPolygon", "coordinates": [[[[5.9585781, 43.7371567], [5.9584407, 43.7371137], [5.9584414, 43.737182], [5.9584211, 43.7372287], [5.9584197, 43.7372937], [5.9584138, 43.7373671], [5.95839, 43.7374821], [5.9584816, 43.7376768], [5.9585103, 43.7378603], [5.9585036, 43.7379275], [5.9584724, 43.7380045], [5.9584364, 43.7380774], [5.958416, 43.7381109], [5.9584047, 43.738145], [5.9583928, 43.7381789], [5.9583871, 43.7381959], [5.9583874, 43.7382102], [5.9583792, 43.7382379], [5.9583777, 43.7382667], [5.9583723, 43.7383375], [5.9583919, 43.7384226], [5.9583899, 43.738501], [5.9584088, 43.7386091], [5.9583411, 43.7387039], [5.9582625, 43.7387659], [5.958161, 43.7388367], [5.9581063, 43.738894], [5.9580445, 43.7388945], [5.9579761, 43.7388747], [5.9579061, 43.7388886], [5.957809, 43.7389244], [5.9577373, 43.7389331], [5.9576734, 43.73891], [5.9577373, 43.7388293], [5.9579167, 43.7386881], [5.9579766, 43.7386132], [5.9580284, 43.7385267], [5.9579787, 43.7384551], [5.9579249, 43.7383459], [5.9579121, 43.7381886], [5.9579377, 43.7380499], [5.957884, 43.7379518], [5.957802, 43.7378185], [5.9576509, 43.7376132], [5.9576037, 43.7373605], [5.9575103, 43.7372311], [5.957318, 43.737034], [5.9572104, 43.736997], [5.9570388, 43.7369581], [5.956921, 43.7369896], [5.9568792, 43.7370678], [5.9568451, 43.7371397], [5.9569026, 43.7372536], [5.9569649, 43.7373549], [5.9569883, 43.7374393], [5.9569801, 43.7375393], [5.9569752, 43.7376179], [5.9569534, 43.7376542], [5.9569572, 43.7377019], [5.9569367, 43.737777], [5.9568558, 43.7379279], [5.9567652, 43.7379955], [5.9566947, 43.7380529], [5.9566407, 43.7381041], [5.956489, 43.7382284], [5.9563449, 43.738238], [5.9562359, 43.7382476], [5.9561775, 43.7382147], [5.9561403, 43.7381652], [5.9562102, 43.7380677], [5.9563306, 43.7380012], [5.9563474, 43.7379024], [5.9563241, 43.7377096], [5.9563006, 43.7376332], [5.9561515, 43.73755], [5.9559543, 43.7374514], [5.9558041, 43.7373234], [5.955717, 43.7372188], [5.9556115, 43.7371582], [5.9554711, 43.7371382], [5.9552688, 43.7371966], [5.9549429, 43.7373613], [5.9545578, 43.737555], [5.9544269, 43.7376329], [5.9543506, 43.7376145], [5.9542844, 43.7375856], [5.9542528, 43.737585], [5.9541827, 43.7376012], [5.9541141, 43.7375583], [5.954195, 43.737467], [5.954212, 43.7373891], [5.9542274, 43.7373418], [5.9541696, 43.7373162], [5.9538792, 43.737408], [5.9535819, 43.7374809], [5.95336, 43.7375449], [5.953112, 43.7376028], [5.9529618, 43.7376718], [5.9528319, 43.7377477], [5.9526952, 43.7378286], [5.9525342, 43.737819], [5.9524079, 43.7378376], [5.9523397, 43.7378529], [5.9522619, 43.7379089], [5.9522308, 43.7378622], [5.9522108, 43.7378032], [5.9521877, 43.737777], [5.9520953, 43.7377603], [5.9513734, 43.7377692], [5.9510581, 43.7377862], [5.950843, 43.7378848], [5.9507476, 43.7380491], [5.9506476, 43.738096], [5.9505058, 43.7380093], [5.9503042, 43.7379759], [5.9498425, 43.7379302], [5.9496146, 43.7378992], [5.9493981, 43.7378959], [5.9492537, 43.7379547], [5.9491485, 43.7380328], [5.9489943, 43.7381058], [5.9487689, 43.7380119], [5.9486252, 43.7378819], [5.9480587, 43.7378704], [5.947833, 43.7378815], [5.9476119, 43.7379684], [5.9474516, 43.7379188], [5.9472449, 43.7379857], [5.9470251, 43.7379606], [5.9468422, 43.7379771], [5.9466452, 43.7379699], [5.946439, 43.7380548], [5.9462475, 43.7380375], [5.946064, 43.7380433], [5.9458247, 43.738101], [5.9456731, 43.7381586], [5.9456123, 43.7381736], [5.9455104, 43.7382232], [5.9454376, 43.7383458], [5.9454046, 43.738489], [5.9454137, 43.7386852], [5.9452993, 43.7388743], [5.9450746, 43.7388907], [5.944925, 43.7389858], [5.9448393, 43.7391131], [5.9446936, 43.7393048], [5.9445507, 43.7395033], [5.9444436, 43.7396383], [5.9443317, 43.7399061], [5.9442456, 43.7401558], [5.9442077, 43.7403497], [5.944244, 43.7405386], [5.9443176, 43.7406423], [5.9444543, 43.7407258], [5.9447115, 43.7407131], [5.9450008, 43.7407038], [5.9452053, 43.7407222], [5.9453808, 43.7407342], [5.9456167, 43.7407146], [5.9460014, 43.7406977], [5.9456898, 43.7408247], [5.9455112, 43.7409367], [5.9453273, 43.7410292], [5.9451414, 43.7411329], [5.9450012, 43.7412127], [5.9448539, 43.7412328], [5.9447316, 43.7412729], [5.9444861, 43.7413406], [5.9444444, 43.7414471], [5.9444011, 43.7415848], [5.9443098, 43.7416274], [5.9440997, 43.7415753], [5.943956, 43.7416566], [5.9438225, 43.7417517], [5.9437081, 43.7419272], [5.9436188, 43.7420794], [5.9435579, 43.7422014], [5.943501, 43.7423328], [5.9434089, 43.7424508], [5.9432317, 43.7425207], [5.9431268, 43.7426561], [5.9430219, 43.7428336], [5.9427905, 43.7431107], [5.9425085, 43.7434787], [5.9424052, 43.7436498], [5.9422706, 43.7438497], [5.9420299, 43.744189], [5.9418467, 43.7445368], [5.9418633, 43.7446167], [5.9416737, 43.744737], [5.9415921, 43.7448572], [5.9415377, 43.7449949], [5.9414363, 43.7450783], [5.9413887, 43.7451117], [5.9412376, 43.745214], [5.9411531, 43.7452413], [5.941106, 43.745264], [5.9410775, 43.7452851], [5.9410621, 43.7453018], [5.9410573, 43.745326], [5.941061, 43.7453476], [5.9410691, 43.7453592], [5.9410908, 43.7453633], [5.9411754, 43.745361], [5.9413236, 43.7453581], [5.9414304, 43.7453358], [5.9415193, 43.7452947], [5.941598, 43.7452264], [5.941668, 43.7451987], [5.941698, 43.7452205], [5.9417392, 43.7452518], [5.9417916, 43.7452801], [5.9418683, 43.7452974], [5.9419533, 43.7453231], [5.9420363, 43.7453399], [5.9421474, 43.7453626], [5.9422782, 43.7453744], [5.942338, 43.7454004], [5.9423863, 43.745409], [5.9424805, 43.7454151], [5.9425562, 43.7454471], [5.9426844, 43.745505], [5.9427666, 43.74554], [5.9428993, 43.7456069], [5.9431504, 43.7457222], [5.9433371, 43.7457307], [5.9433638, 43.7457322], [5.9433663, 43.7458009], [5.9432653, 43.7458748], [5.9431267, 43.7458978], [5.9429529, 43.7459085], [5.9427832, 43.7458982], [5.942542, 43.7458558], [5.9422519, 43.745846], [5.9419089, 43.745967], [5.9417848, 43.7460031], [5.9416625, 43.7460701], [5.9415259, 43.7461054], [5.9413423, 43.7461399], [5.9410956, 43.7462179], [5.9409039, 43.7463115], [5.9407339, 43.746474], [5.9407319, 43.7466455], [5.9403864, 43.7467834], [5.9403644, 43.746807], [5.9403755, 43.7468964], [5.9404335, 43.7470416], [5.9404462, 43.7471174], [5.9404429, 43.7471673], [5.9404626, 43.747218], [5.9405207, 43.7472873], [5.9405946, 43.7473633], [5.9407103, 43.7474077], [5.9407303, 43.7474283], [5.9407179, 43.7474438], [5.9406871, 43.7474616], [5.9406189, 43.747509], [5.9405263, 43.7476088], [5.9404173, 43.7477436], [5.9403819, 43.7478427], [5.9403825, 43.7478806], [5.9404106, 43.7479313], [5.9404611, 43.7479869], [5.9405265, 43.7480204], [5.9405828, 43.7480386], [5.9406572, 43.7480471], [5.9407087, 43.7480603], [5.9407544, 43.748082], [5.9407607, 43.7481314], [5.9407215, 43.7481743], [5.9406326, 43.7482821], [5.9406414, 43.7483208], [5.9406654, 43.7483402], [5.9407431, 43.7483682], [5.940921, 43.7484048], [5.9410486, 43.7484336], [5.9412082, 43.7484913], [5.9413884, 43.7486057], [5.9415619, 43.748722], [5.9417404, 43.7488786], [5.9420016, 43.7490684], [5.9421287, 43.7491198], [5.9422033, 43.7492051], [5.9422195, 43.7493706], [5.9421978, 43.7494903], [5.9421392, 43.7495817], [5.9421172, 43.7496223], [5.9421666, 43.7496691], [5.9422041, 43.749706], [5.9423096, 43.7497049], [5.9424933, 43.7496621], [5.9427442, 43.7496855], [5.9430673, 43.7496325], [5.9432109, 43.749621], [5.9432845, 43.7496901], [5.9433685, 43.7497656], [5.9435397, 43.7497465], [5.943699, 43.7496584], [5.9437627, 43.7497223], [5.9437989, 43.7498102], [5.9438123, 43.7499193], [5.9439158, 43.7500136], [5.9440241, 43.7500608], [5.9442421, 43.7501229], [5.944527, 43.7501162], [5.944698, 43.7499812], [5.9447687, 43.7499271], [5.9448104, 43.7498564], [5.9448624, 43.7497863], [5.9449463, 43.7496594], [5.9449759, 43.7496413], [5.9450062, 43.7496503], [5.945019, 43.7496645], [5.9450297, 43.7497921], [5.9450351, 43.7498223], [5.9450784, 43.749832], [5.9451628, 43.7498308], [5.9452781, 43.7498674], [5.945374, 43.749941], [5.9455477, 43.7499615], [5.9460209, 43.7500951], [5.9460642, 43.7501411], [5.9461233, 43.7502038], [5.9462558, 43.7502944], [5.9464563, 43.7504399], [5.946738, 43.7505125], [5.9468726, 43.7504739], [5.9470228, 43.7503844], [5.9473272, 43.7506208], [5.9478797, 43.7507984], [5.9483184, 43.7509876], [5.9483924, 43.7509838], [5.948502, 43.7509266], [5.948633, 43.7506276], [5.9486591, 43.7505852], [5.948727, 43.7505427], [5.9489238, 43.7506296], [5.9493946, 43.7506238], [5.9498813, 43.7506411], [5.9500967, 43.7506872], [5.9502643, 43.7507449], [5.9504557, 43.7507218], [5.9506871, 43.7506411], [5.9511659, 43.7505316], [5.9514611, 43.750497], [5.9517164, 43.7504509], [5.9524904, 43.7503472], [5.9529531, 43.7503011], [5.9530752, 43.750339], [5.9531929, 43.7504093], [5.9532761, 43.7504699], [5.9532952, 43.7505134], [5.9533469, 43.7505711], [5.9533281, 43.7506757], [5.953306, 43.7507436], [5.9532337, 43.7508752], [5.9531891, 43.7509478], [5.9531512, 43.7509978], [5.953111, 43.7510255], [5.9530682, 43.7510592], [5.9530148, 43.7510705], [5.9529947, 43.7510112], [5.9530347, 43.7509086], [5.9530901, 43.7507249], [5.9531145, 43.7505999], [5.9530028, 43.7505202], [5.952677, 43.7505], [5.9522764, 43.7505936], [5.9522277, 43.7506424], [5.9522125, 43.7507182], [5.9521661, 43.7507701], [5.9520585, 43.7507382], [5.9518712, 43.7506851], [5.9517953, 43.7506961], [5.9517193, 43.7507071], [5.9514973, 43.7507731], [5.9513203, 43.7508637], [5.9511817, 43.7509275], [5.9509779, 43.7510965], [5.9507347, 43.7512292], [5.9505074, 43.7512897], [5.9502784, 43.7513292], [5.9501412, 43.7513533], [5.9500103, 43.7513795], [5.9498546, 43.7513679], [5.9496818, 43.7513673], [5.9495063, 43.751327], [5.9494185, 43.7513328], [5.9492892, 43.7513528], [5.9492354, 43.7515007], [5.9491362, 43.7515092], [5.9490435, 43.7515172], [5.9489252, 43.7515903], [5.9488926, 43.7516018], [5.9487841, 43.7516402], [5.948619, 43.7517307], [5.9484407, 43.751768], [5.9478706, 43.7517938], [5.947711, 43.7517362], [5.9475434, 43.751644], [5.9474119, 43.751595], [5.94722, 43.7514115], [5.9470807, 43.751327], [5.9468333, 43.7513673], [5.9466099, 43.7514365], [5.9464743, 43.7513443], [5.9463307, 43.7513731], [5.9461914, 43.751382], [5.9460733, 43.7514072], [5.9459803, 43.7513716], [5.9458916, 43.751285], [5.9457642, 43.7512405], [5.9454254, 43.7511749], [5.9453152, 43.7510676], [5.9452348, 43.7510137], [5.9451498, 43.7510215], [5.9450194, 43.7510737], [5.944906, 43.7511614], [5.944779, 43.7512308], [5.9446269, 43.7512904], [5.9444675, 43.7513357], [5.9441941, 43.7513832], [5.9440726, 43.7514192], [5.943993, 43.7513758], [5.9439156, 43.7513589], [5.9438492, 43.7513789], [5.9437272, 43.7512954], [5.9436255, 43.7513309], [5.9434237, 43.7513253], [5.9432931, 43.7512995], [5.9430981, 43.7511935], [5.943002, 43.7511483], [5.9429232, 43.7510881], [5.9427981, 43.7510517], [5.9427111, 43.7510517], [5.942723, 43.7511262], [5.942727, 43.7511514], [5.9427616, 43.751244], [5.9428209, 43.7513286], [5.9428871, 43.7514033], [5.9428612, 43.7514772], [5.9429109, 43.751539], [5.942938, 43.7515835], [5.9429475, 43.7516391], [5.9429756, 43.7517267], [5.9430002, 43.7517905], [5.9430444, 43.7518728], [5.943072, 43.7520195], [5.9431015, 43.7521265], [5.9431106, 43.7522926], [5.9432468, 43.752499], [5.943359, 43.7526795], [5.9436372, 43.752912], [5.9438485, 43.7530534], [5.9440094, 43.7531795], [5.9441039, 43.753273], [5.944261, 43.7533783], [5.9443779, 43.7535178], [5.9446699, 43.7537265], [5.9448209, 43.7538897], [5.944996, 43.7539624], [5.9451316, 43.7540347], [5.9452209, 43.7541275], [5.9452499, 43.7542356], [5.9452566, 43.7543132], [5.9452203, 43.7544028], [5.945067, 43.7545549], [5.9450067, 43.7546831], [5.9447287, 43.7548387], [5.9446349, 43.7550018], [5.9446833, 43.7550977], [5.9448342, 43.7552396], [5.9451536, 43.7556289], [5.945027, 43.7555575], [5.9448626, 43.7554062], [5.9446683, 43.7552455], [5.9445567, 43.7550761], [5.9444724, 43.7549512], [5.9444716, 43.7547972], [5.9445937, 43.7546434], [5.9447004, 43.75461], [5.9448108, 43.7545824], [5.9448069, 43.754474], [5.9448569, 43.7543659], [5.9448472, 43.754288], [5.9447738, 43.7542053], [5.944544, 43.7541247], [5.9443055, 43.7539845], [5.9439759, 43.7538143], [5.9438649, 43.7537763], [5.9437834, 43.7537182], [5.9435895, 43.7536456], [5.9434244, 43.7535525], [5.9430942, 43.7534142], [5.9427201, 43.7531749], [5.9425757, 43.7531173], [5.942508, 43.7531151], [5.942427, 43.7530702], [5.9423738, 43.7528818], [5.9422638, 43.7527591], [5.942188, 43.7527003], [5.942074, 43.7526292], [5.9419697, 43.7525881], [5.94168, 43.7525805], [5.9416515, 43.752481], [5.9418449, 43.7523404], [5.9418821, 43.7522329], [5.9418571, 43.7521457], [5.9418369, 43.7520729], [5.9418567, 43.7520161], [5.9417865, 43.7519146], [5.9417029, 43.7518097], [5.9415798, 43.7516331], [5.9414948, 43.7515852], [5.9413498, 43.7515015], [5.941369, 43.751464], [5.941326, 43.7514724], [5.9412878, 43.7514934], [5.941245, 43.7514641], [5.9412343, 43.7513227], [5.9412375, 43.7512653], [5.9410943, 43.7511782], [5.9409618, 43.7511157], [5.9408342, 43.7510635], [5.9407275, 43.751006], [5.9406267, 43.7509422], [5.9405425, 43.7508891], [5.9404258, 43.7507894], [5.9403619, 43.7506633], [5.9403814, 43.7505755], [5.94034, 43.7505327], [5.9401297, 43.7505361], [5.939935, 43.7505168], [5.9397909, 43.75048], [5.939549, 43.7504009], [5.9394701, 43.7504334], [5.9394889, 43.7505334], [5.9394524, 43.7505866], [5.9393147, 43.7506599], [5.9393596, 43.7507557], [5.9393187, 43.7508737], [5.9392269, 43.7509662], [5.9391603, 43.7510596], [5.9390245, 43.7511428], [5.9388494, 43.7513216], [5.9384872, 43.7516977], [5.9385184, 43.7518214], [5.9383399, 43.75188], [5.9383034, 43.7520392], [5.9380176, 43.7520653], [5.9378722, 43.7521556], [5.937621, 43.7521906], [5.9375749, 43.7522966], [5.9374664, 43.7523104], [5.9373171, 43.7523638], [5.9371809, 43.75231], [5.937064, 43.752396], [5.9369536, 43.7523929], [5.9368272, 43.7524428], [5.9365783, 43.752467], [5.9365497, 43.7525172], [5.9365375, 43.752585], [5.9364797, 43.7528028], [5.9365046, 43.7528695], [5.9365003, 43.7529245], [5.9365393, 43.753015], [5.9364993, 43.7530857], [5.9364304, 43.7530954], [5.9361759, 43.7529119], [5.9360221, 43.752857], [5.9358571, 43.752743], [5.9356929, 43.7526115], [5.9355562, 43.7525484], [5.9354976, 43.7525014], [5.9354406, 43.7524803], [5.9353546, 43.7525106], [5.9352242, 43.7525601], [5.9350864, 43.7525685], [5.9349896, 43.7525265], [5.9349182, 43.7524626], [5.934853, 43.7524501], [5.9347757, 43.7524701], [5.9346185, 43.7524692], [5.9345521, 43.752543], [5.9344803, 43.7525913], [5.9343891, 43.7526828], [5.934376, 43.7527491], [5.9343959, 43.752804], [5.9343464, 43.7528604], [5.9341043, 43.752783], [5.9339616, 43.7528233], [5.9338126, 43.7529317], [5.9337432, 43.7529159], [5.9336628, 43.75277], [5.933621, 43.7526613], [5.9335434, 43.7524661], [5.9334139, 43.7523359], [5.933316, 43.7522661], [5.9331322, 43.7521967], [5.9329687, 43.7522046], [5.9327902, 43.7521702], [5.9326184, 43.7521816], [5.932437, 43.7521778], [5.9322337, 43.7522332], [5.9321173, 43.7522483], [5.9320462, 43.7522138], [5.9319504, 43.752141], [5.9319985, 43.7519716], [5.931943, 43.7518717], [5.9318648, 43.7517857], [5.9317586, 43.751721], [5.9316339, 43.7516368], [5.931343, 43.7515039], [5.9312226, 43.7513774], [5.931095, 43.7513921], [5.9309826, 43.7514253], [5.9308907, 43.7514253], [5.9307437, 43.7514538], [5.9306668, 43.7513739], [5.9306088, 43.7512861], [5.9304693, 43.7511904], [5.9302933, 43.7511141], [5.9300054, 43.7511668], [5.9299346, 43.7510738], [5.9298541, 43.7509606], [5.9297724, 43.7509347], [5.9295988, 43.7509532], [5.9292209, 43.7510343], [5.9290013, 43.7510712], [5.9286592, 43.7511487], [5.9284189, 43.7512206], [5.928307, 43.7512536], [5.9282216, 43.7512864], [5.928162, 43.7513192], [5.928086, 43.7513607], [5.9279872, 43.7512686], [5.9280155, 43.7512513], [5.9280426, 43.7512308], [5.9280394, 43.7512161], [5.9280095, 43.7512195], [5.9279611, 43.7512455], [5.9279079, 43.7511996], [5.927862, 43.751158], [5.9280115, 43.7510627], [5.9280474, 43.7510193], [5.928057, 43.7509928], [5.9280558, 43.7509636], [5.9280449, 43.7509391], [5.9280191, 43.750928], [5.9280029, 43.7509298], [5.9279959, 43.7509407], [5.9280107, 43.7509545], [5.9280173, 43.750978], [5.9280107, 43.750998], [5.927989, 43.7510262], [5.9279447, 43.7510665], [5.9278368, 43.7511324], [5.9276885, 43.751064], [5.9276404, 43.7510151], [5.9273851, 43.7507742], [5.9271519, 43.7505746], [5.9268668, 43.7503567], [5.9266279, 43.7501898], [5.9263797, 43.7500308], [5.9260734, 43.7498565], [5.9259892, 43.7497754], [5.9262796, 43.7496616], [5.9264839, 43.7495417], [5.9267083, 43.7494399], [5.9267966, 43.749408], [5.9273647, 43.7490668], [5.9275052, 43.7489423], [5.9276908, 43.7488831], [5.9278116, 43.7487256], [5.9280661, 43.7485438], [5.9281159, 43.74864], [5.9282787, 43.7487751], [5.9284444, 43.7488597], [5.9286597, 43.7488207], [5.928919, 43.748727], [5.9291085, 43.7486406], [5.9293784, 43.7484272], [5.9295752, 43.7483175], [5.9296129, 43.7484916], [5.9296729, 43.7485772], [5.9297017, 43.7487703], [5.9297503, 43.7488356], [5.9299795, 43.7489057], [5.93023, 43.7490264], [5.9303764, 43.7490916], [5.9305148, 43.7490584], [5.9306245, 43.7490296], [5.9307841, 43.7489432], [5.9310733, 43.7489144], [5.9312529, 43.7489576], [5.9314523, 43.749044], [5.9318904, 43.749249], [5.9320034, 43.7493535], [5.9321568, 43.7494213], [5.9324318, 43.7490129], [5.9325838, 43.7487137], [5.9324725, 43.7484075], [5.9325793, 43.748086], [5.9328492, 43.7479237], [5.9329659, 43.747794], [5.932978, 43.7477015], [5.9330547, 43.7476662], [5.9331027, 43.747788], [5.9330521, 43.748014], [5.9330197, 43.7481931], [5.9331048, 43.7483167], [5.9333119, 43.7484383], [5.9334411, 43.7485148], [5.93351, 43.7487252], [5.9334937, 43.7490127], [5.933551, 43.7495474], [5.9336492, 43.7497271], [5.9338897, 43.749853], [5.9342153, 43.7498785], [5.934416, 43.7498543], [5.9345601, 43.7498193], [5.9350628, 43.749727], [5.9352942, 43.7496291], [5.9355176, 43.7495253], [5.9358048, 43.7493697], [5.9362645, 43.7489599], [5.9364285, 43.7487053], [5.9366063, 43.7484925], [5.9366954, 43.7482929], [5.9367593, 43.7481557], [5.9368443, 43.7479608], [5.936858, 43.747881], [5.9368426, 43.747784], [5.9367599, 43.7476422], [5.9368341, 43.7475195], [5.9370162, 43.7474355], [5.9370304, 43.7473756], [5.9370545, 43.7472193], [5.9370878, 43.7471221], [5.9370789, 43.746953], [5.9370186, 43.7467875], [5.9369252, 43.7466778], [5.9368424, 43.7465936], [5.9367704, 43.7465075], [5.9365866, 43.746445], [5.936385, 43.746386], [5.9362305, 43.746366], [5.9360671, 43.7463507], [5.9361102, 43.7462464], [5.936141, 43.7461448], [5.936084, 43.7459604], [5.936012, 43.7458203], [5.9359367, 43.745756], [5.9356165, 43.7456813], [5.9353755, 43.7456387], [5.9352893, 43.7455747], [5.9352241, 43.7454733], [5.9351202, 43.7454304], [5.9348333, 43.7453787], [5.9346342, 43.7453142], [5.9345145, 43.7452454], [5.9343845, 43.7451594], [5.9342493, 43.74512], [5.9341975, 43.7450263], [5.9341084, 43.7448962], [5.9339893, 43.7447717], [5.933918, 43.7446676], [5.9338899, 43.7445222], [5.9336566, 43.7443968], [5.9335725, 43.7440896], [5.9333548, 43.7437723], [5.9332353, 43.743594], [5.9331833, 43.743458], [5.9330403, 43.743362], [5.9330109, 43.7430742], [5.9329263, 43.7429618], [5.9329919, 43.7427781], [5.9330107, 43.7426092], [5.9330329, 43.742463], [5.9330963, 43.7423395], [5.9331743, 43.742255], [5.9332535, 43.7421401], [5.9332673, 43.7422416], [5.9332011, 43.7423596], [5.9332084, 43.742503], [5.9331384, 43.742654], [5.933165, 43.7428899], [5.9332803, 43.7431323], [5.9336043, 43.7434082], [5.9340909, 43.7438156], [5.9342985, 43.7439441], [5.9346025, 43.744249], [5.9347329, 43.7443693], [5.9349268, 43.744486], [5.9353181, 43.7444934], [5.9355176, 43.744551], [5.9356773, 43.7446045], [5.9358447, 43.7446605], [5.935986, 43.7446965], [5.9361971, 43.7446873], [5.9363739, 43.7446826], [5.9366452, 43.7446488], [5.9368143, 43.7446502], [5.9369601, 43.744667], [5.9370872, 43.7445794], [5.9371158, 43.74447], [5.9371276, 43.7443885], [5.9370755, 43.7441334], [5.9371226, 43.7439176], [5.9370649, 43.743556], [5.9370327, 43.7434207], [5.9369324, 43.7432799], [5.9369293, 43.7431336], [5.9369279, 43.7430376], [5.9371213, 43.7429774], [5.9371845, 43.7429203], [5.9372183, 43.7427849], [5.9372681, 43.742642], [5.9372385, 43.7424955], [5.9372115, 43.7423832], [5.9371247, 43.7423213], [5.9370086, 43.7422097], [5.9372953, 43.7419949], [5.937374, 43.7417962], [5.9373876, 43.7415822], [5.9372897, 43.7414998], [5.937467, 43.7413571], [5.9374609, 43.7411958], [5.9374554, 43.7409648], [5.9374242, 43.7407998], [5.9375546, 43.7406614], [5.937529, 43.7405859], [5.9374148, 43.7401428], [5.9373327, 43.7396643], [5.937233, 43.7395], [5.9371692, 43.7393146], [5.9372124, 43.7390351], [5.9372185, 43.7388091], [5.9371707, 43.7386341], [5.9371455, 43.7384549], [5.9372876, 43.7381669], [5.9373876, 43.7380288], [5.9374265, 43.7377896], [5.9373714, 43.7376332], [5.9373442, 43.7375315], [5.9373353, 43.7374013], [5.9371856, 43.7373264], [5.9370175, 43.7373181], [5.9367342, 43.7372942], [5.9366726, 43.7372212], [5.9366884, 43.7371305], [5.9368256, 43.7368619], [5.9367358, 43.7366957], [5.9365878, 43.7365813], [5.9365073, 43.7364484], [5.9363915, 43.736369], [5.936301, 43.7362069], [5.9361756, 43.7360096], [5.9362969, 43.7359883], [5.9365501, 43.7359743], [5.9367449, 43.7359813], [5.9369591, 43.7360165], [5.9370653, 43.7361978], [5.9372707, 43.7362768], [5.9373876, 43.7363542], [5.9375531, 43.7363753], [5.9377868, 43.736319], [5.9380196, 43.7361288], [5.9383428, 43.7358819], [5.9385588, 43.7357153], [5.9389074, 43.7353144], [5.9390446, 43.7350892], [5.939157, 43.7348847], [5.939056, 43.7345403], [5.9388438, 43.7342255], [5.938761, 43.734101], [5.9386187, 43.7338895], [5.9385893, 43.7337386], [5.938399, 43.7333874], [5.9381949, 43.733174], [5.9380447, 43.7330189], [5.9378966, 43.7328532], [5.9379258, 43.7327663], [5.9380011, 43.7327179], [5.9381701, 43.7326191], [5.9383562, 43.7326421], [5.9385432, 43.7326758], [5.9386601, 43.732749], [5.9392082, 43.7330043], [5.9396027, 43.7331881], [5.9397644, 43.7332738], [5.9398634, 43.7333262], [5.9401785, 43.7334293], [5.9402729, 43.7334422], [5.940286, 43.7334441], [5.9405338, 43.7334808], [5.940857, 43.7334414], [5.9410829, 43.7334189], [5.9412854, 43.7333626], [5.941547, 43.733276], [5.9416672, 43.7332505], [5.9416813, 43.7332462], [5.9417821, 43.7332182], [5.9418115, 43.7332083], [5.9418508, 43.7331615], [5.9419631, 43.7330868], [5.9421502, 43.7330079], [5.9423551, 43.7328854], [5.9423761, 43.7328728], [5.9425709, 43.7327715], [5.9431785, 43.7325914], [5.9433889, 43.7325126], [5.9434056, 43.7325054], [5.9435992, 43.7324225], [5.9438096, 43.732355], [5.9440043, 43.7323437], [5.9444094, 43.7324788], [5.9446353, 43.7325182], [5.9448768, 43.7325351], [5.9450404, 43.7325295], [5.9452654, 43.7325217], [5.945517, 43.7324871], [5.9457878, 43.7323714], [5.94595, 43.7322398], [5.9461167, 43.7320639], [5.9461746, 43.7319334], [5.9461703, 43.7317916], [5.9461081, 43.7314094], [5.9461755, 43.7309472], [5.9462655, 43.730682], [5.9464354, 43.7304248], [5.9465111, 43.7303115], [5.9467593, 43.7304726], [5.9469225, 43.7309656], [5.9470534, 43.7311214], [5.9471235, 43.7312396], [5.947178, 43.7313634], [5.9472197, 43.7314802], [5.9473105, 43.731735], [5.9473261, 43.7318307], [5.9473515, 43.7319404], [5.947397, 43.7320852], [5.9474741, 43.7322641], [5.9476377, 43.7325062], [5.9476922, 43.7326075], [5.9478324, 43.7327032], [5.9480506, 43.7327707], [5.9484791, 43.7329283], [5.9489309, 43.7330466], [5.949149, 43.7330747], [5.9493516, 43.7330522], [5.9495931, 43.732934], [5.9498424, 43.7327876], [5.9498891, 43.7327088], [5.9499514, 43.7325737], [5.949967, 43.7324161], [5.9499514, 43.7323148], [5.9498268, 43.7320615], [5.9498658, 43.7319207], [5.9499047, 43.731825], [5.9499826, 43.731735], [5.9500683, 43.7316561], [5.950154, 43.7315548], [5.950203, 43.7314004], [5.9501648, 43.731311], [5.9501501, 43.7312388], [5.9501729, 43.7311855], [5.9500515, 43.7309779], [5.9500281, 43.7308917], [5.9501228, 43.7308669], [5.9501886, 43.7308918], [5.95045, 43.7309908], [5.9507579, 43.7310846], [5.9508725, 43.7311284], [5.9508912, 43.7311776], [5.9508146, 43.731297], [5.9507367, 43.7314321], [5.950704, 43.7315593], [5.9506386, 43.7316888], [5.9506027, 43.7318194], [5.9506326, 43.7319197], [5.9506848, 43.7319954], [5.9507847, 43.7320729], [5.9508941, 43.7321144], [5.9510244, 43.732141], [5.9511431, 43.7321538], [5.9512758, 43.7321571], [5.951494, 43.7321403], [5.9515095, 43.7322472], [5.9515407, 43.7323429], [5.9515095, 43.7324105], [5.9513927, 43.732478], [5.9512992, 43.7325512], [5.9511668, 43.7325962], [5.9510577, 43.732675], [5.9510032, 43.7327595], [5.9509954, 43.7328383], [5.9510032, 43.7329002], [5.9508551, 43.733238], [5.9508297, 43.7333998], [5.9508315, 43.7335456], [5.9509328, 43.7336377], [5.9510886, 43.7337362], [5.9512737, 43.7337432], [5.9516729, 43.7336799], [5.9519261, 43.7336518], [5.9522085, 43.7336025], [5.9526857, 43.7334829], [5.9528512, 43.7334266], [5.9529069, 43.7335121], [5.9529445, 43.7335774], [5.9530849, 43.7335673], [5.9532992, 43.7335392], [5.9537374, 43.7334055], [5.954234, 43.7333492], [5.9544292, 43.733304], [5.9546379, 43.7332923], [5.9547863, 43.7333477], [5.9549503, 43.733324], [5.9551916, 43.7333692], [5.9554205, 43.7333848], [5.9556129, 43.733331], [5.9558508, 43.7332919], [5.9560016, 43.7332949], [5.9561743, 43.7333342], [5.9562074, 43.7333728], [5.9562906, 43.7334178], [5.9565782, 43.7335356], [5.9567835, 43.7335545], [5.9570278, 43.7335036], [5.9572131, 43.7335396], [5.9573078, 43.733557], [5.9573651, 43.7336018], [5.957481, 43.7336546], [5.957629, 43.7337654], [5.9578648, 43.73385], [5.958044, 43.7338162], [5.9582076, 43.733743], [5.95834, 43.7337261], [5.9584958, 43.733895], [5.9585971, 43.7339626], [5.9587451, 43.7340245], [5.9590173, 43.7341486], [5.9585781, 43.7371567]]], [[[5.9590173, 43.7341486], [5.9591526, 43.7339172], [5.9592494, 43.7339084], [5.9593775, 43.7339932], [5.959513, 43.7340667], [5.9597208, 43.7342334], [5.9599392, 43.7344269], [5.9601375, 43.7345453], [5.9604045, 43.7346043], [5.9605362, 43.734586], [5.9606391, 43.7345395], [5.9607611, 43.7344104], [5.9609109, 43.7341877], [5.9608005, 43.7341177], [5.9606984, 43.7340443], [5.9606793, 43.7339212], [5.9608252, 43.7338612], [5.9610121, 43.7338331], [5.9611757, 43.7337656], [5.9612339, 43.7338271], [5.9613822, 43.7339089], [5.9615257, 43.7340316], [5.9615789, 43.7341632], [5.9615337, 43.7343083], [5.9615361, 43.7344776], [5.9615323, 43.7346002], [5.9615778, 43.7347022], [5.9617522, 43.73479], [5.9619626, 43.7348238], [5.9621106, 43.7348126], [5.9621729, 43.7348914], [5.9621807, 43.7349927], [5.9622508, 43.7350659], [5.9623209, 43.7351221], [5.9624378, 43.7351109], [5.9625702, 43.735049], [5.9627338, 43.7350433], [5.9628273, 43.7350996], [5.9628663, 43.7352009], [5.9628896, 43.7353192], [5.9628974, 43.7354374], [5.9628507, 43.7355556], [5.9627572, 43.7356569], [5.9627183, 43.7357244], [5.9627884, 43.7357864], [5.9629052, 43.7358089], [5.9630922, 43.7357695], [5.963287, 43.7356681], [5.9633882, 43.7356062], [5.9635207, 43.7354993], [5.9636843, 43.7354148], [5.96377, 43.7353923], [5.9641595, 43.7351447], [5.9642997, 43.7350321], [5.9643776, 43.7348914], [5.9644689, 43.7346612], [5.9645327, 43.7345505], [5.9649349, 43.7342046], [5.9649859, 43.7340524], [5.9649732, 43.7339279], [5.9648838, 43.7338218], [5.9647753, 43.7337573], [5.9646221, 43.7337019], [5.9645136, 43.7336235], [5.9644497, 43.7335543], [5.9643285, 43.7335266], [5.9642838, 43.7335728], [5.964188, 43.7335266], [5.9641242, 43.7334667], [5.9641114, 43.7333975], [5.9643795, 43.7332684], [5.9644497, 43.7331992], [5.9645646, 43.7331807], [5.9646668, 43.7331531], [5.9646859, 43.7330793], [5.9646476, 43.7329916], [5.9645455, 43.7328579], [5.964437, 43.7327702], [5.9643731, 43.7326734], [5.9643348, 43.7325489], [5.9642136, 43.7324474], [5.9640412, 43.7324151], [5.9638689, 43.7324059], [5.9638114, 43.7323321], [5.9639199, 43.7322168], [5.9639774, 43.7321061], [5.9640221, 43.7319769], [5.9639965, 43.7317924], [5.9639327, 43.7316771], [5.9638114, 43.7315895], [5.9636008, 43.731548], [5.9631476, 43.7315019], [5.9627199, 43.7315618], [5.9626242, 43.7314926], [5.9626689, 43.7313543], [5.9627965, 43.7312113], [5.9632561, 43.7310406], [5.9634029, 43.7309622], [5.9634859, 43.7308515], [5.9635689, 43.7307085], [5.9635433, 43.7304456], [5.9635561, 43.7303441], [5.9636008, 43.7302058], [5.9636117, 43.7299445], [5.9637887, 43.7295782], [5.9638691, 43.7293427], [5.9639322, 43.7291004], [5.9639805, 43.7286682], [5.9639684, 43.7284947], [5.9639872, 43.7284085], [5.9639939, 43.7283513], [5.9639872, 43.7282573], [5.9639136, 43.7281716], [5.9637604, 43.7278626], [5.9637157, 43.7277288], [5.9636646, 43.7276135], [5.963659, 43.7275742], [5.9636473, 43.7275008], [5.9635889, 43.7273835], [5.9635621, 43.7271414], [5.9636741, 43.726976], [5.9636199, 43.7268709], [5.9635753, 43.7267648], [5.9634987, 43.7266541], [5.9634745, 43.7265103], [5.9633974, 43.7263922], [5.9633636, 43.7261872], [5.9634698, 43.726075], [5.9634955, 43.7259425], [5.9635317, 43.7258075], [5.9634803, 43.7257282], [5.963422, 43.7256725], [5.9633624, 43.7256261], [5.9633344, 43.7255696], [5.9630285, 43.7253848], [5.9630635, 43.7252962], [5.9630682, 43.7252363], [5.9631219, 43.7251899], [5.9631651, 43.7251266], [5.9632795, 43.7250743], [5.9633846, 43.7250591], [5.9634371, 43.7250271], [5.9634687, 43.7249115], [5.9635189, 43.7247984], [5.9635165, 43.7246744], [5.9634768, 43.7246204], [5.9634593, 43.7245647], [5.9634255, 43.7245015], [5.9634535, 43.7244508], [5.9633449, 43.7243471], [5.9633437, 43.7242871], [5.9633262, 43.7241387], [5.9633823, 43.7239286], [5.9633904, 43.7237759], [5.9634558, 43.7236527], [5.9635119, 43.7235818], [5.9636006, 43.723413], [5.9635889, 43.723338], [5.9637804, 43.7231886], [5.96391, 43.7231717], [5.9639567, 43.7232257], [5.9639298, 43.7233354], [5.9639181, 43.7234468], [5.9639088, 43.7235421], [5.963889, 43.7235607], [5.9638913, 43.7235818], [5.963931, 43.7236417], [5.9639742, 43.7237354], [5.9640279, 43.7237387], [5.9640384, 43.7238358], [5.9641283, 43.723953], [5.9641703, 43.7240669], [5.9642777, 43.7241361], [5.9643793, 43.7241817], [5.9645031, 43.7241859], [5.9645953, 43.7241294], [5.9646362, 43.7240458], [5.9646665, 43.7239421], [5.9648054, 43.7235818], [5.9647938, 43.7234156], [5.9650474, 43.7232419], [5.9652213, 43.7230995], [5.9652993, 43.7229912], [5.9659393, 43.7230286], [5.965975, 43.7231522], [5.9659232, 43.7232191], [5.9658935, 43.7233503], [5.9661132, 43.7234393], [5.9660548, 43.7237167], [5.9659748, 43.7238447], [5.9660425, 43.724106], [5.9658688, 43.7244384], [5.9657666, 43.724802], [5.9656698, 43.725089], [5.9656236, 43.7254033], [5.9655835, 43.7256573], [5.9656442, 43.7260169], [5.9656394, 43.7264603], [5.9656347, 43.7266967], [5.9657691, 43.7269118], [5.9658165, 43.7271454], [5.965942, 43.7273599], [5.9661871, 43.7276126], [5.9663697, 43.7276653], [5.9665, 43.7276608], [5.9666376, 43.7277066], [5.9667594, 43.7277179], [5.9668057, 43.7277192], [5.966844, 43.7277583], [5.9669145, 43.7277585], [5.967101, 43.7277196], [5.9674917, 43.7276022], [5.9677784, 43.7274581], [5.9680901, 43.727341], [5.9682647, 43.7272959], [5.9683592, 43.7273157], [5.9682698, 43.7274079], [5.9680337, 43.7275694], [5.9676942, 43.7279009], [5.9675146, 43.7280883], [5.9672753, 43.7282324], [5.9668364, 43.7284126], [5.966607, 43.7284559], [5.9663477, 43.7284631], [5.9661881, 43.7284991], [5.9660585, 43.7285856], [5.9658277, 43.728683], [5.9657889, 43.7289489], [5.965869, 43.7291838], [5.9658191, 43.7293279], [5.9657251, 43.729574], [5.9656547, 43.7299243], [5.9656041, 43.7301815], [5.9656328, 43.7302592], [5.9657763, 43.7303281], [5.9659393, 43.7303028], [5.9661997, 43.7302917], [5.9665725, 43.7302437], [5.9667359, 43.7302327], [5.9668176, 43.7302437], [5.9668738, 43.7302806], [5.966644, 43.7304393], [5.9663779, 43.7306011], [5.9662109, 43.7307749], [5.9661141, 43.7309535], [5.96606, 43.7311958], [5.9661238, 43.7314373], [5.9663622, 43.7316948], [5.9665138, 43.7319197], [5.9666633, 43.7322261], [5.9668468, 43.7325786], [5.966897, 43.7328579], [5.9669462, 43.7330965], [5.9670493, 43.7334753], [5.9670965, 43.7336282], [5.9671055, 43.7337709], [5.9671174, 43.7340003], [5.9672415, 43.7341762], [5.9673203, 43.7343994], [5.9674393, 43.7345313], [5.967543, 43.7347043], [5.96767, 43.7349179], [5.9678782, 43.7349176], [5.9680697, 43.7349003], [5.968317, 43.7348542], [5.9685564, 43.7347677], [5.9687439, 43.7347664], [5.9688854, 43.7348346], [5.9690714, 43.7349396], [5.9692662, 43.7350791], [5.9694065, 43.7351114], [5.9699282, 43.7352592], [5.9698942, 43.7352904], [5.9698458, 43.735322], [5.9697657, 43.7353562], [5.9696805, 43.7353935], [5.9696117, 43.7354442], [5.9695733, 43.7354967], [5.9695968, 43.7355387], [5.9696638, 43.7355836], [5.969833, 43.7356526], [5.9700245, 43.7357305], [5.9701138, 43.735772], [5.9701814, 43.735851], [5.9702962, 43.7358858], [5.9704443, 43.7359568], [5.9705971, 43.7360181], [5.9706548, 43.736013], [5.970767, 43.7360298], [5.970821, 43.7360558], [5.9708617, 43.7361168], [5.9709164, 43.7362677], [5.9709855, 43.7363896], [5.9710953, 43.7364799], [5.9711553, 43.7365475], [5.9712691, 43.7366018], [5.9713221, 43.7365989], [5.971399, 43.7364724], [5.9715868, 43.7363909], [5.9716083, 43.7364752], [5.9718915, 43.7364223], [5.9720511, 43.7364165], [5.9722157, 43.7364874], [5.9724346, 43.7366022], [5.972542, 43.7367371], [5.9726241, 43.7367895], [5.972743, 43.7369588], [5.972806, 43.7371122], [5.9728487, 43.7371987], [5.9728699, 43.7372971], [5.9728545, 43.7374449], [5.972763, 43.7375983], [5.9726553, 43.7377468], [5.972633, 43.7378368], [5.9725572, 43.7379023], [5.9725687, 43.7380072], [5.9726443, 43.7380618], [5.9727515, 43.7382004], [5.9728757, 43.7381963], [5.9729734, 43.7381751], [5.9730897, 43.7381049], [5.973229, 43.738067], [5.9732997, 43.738052], [5.9734458, 43.7381273], [5.9735751, 43.7381831], [5.9737267, 43.7382232], [5.9739339, 43.7382494], [5.9741389, 43.7381957], [5.9741479, 43.7382244], [5.974142, 43.7382645], [5.9740359, 43.7382993], [5.9738707, 43.7383298], [5.9737585, 43.7383293], [5.9736263, 43.738299], [5.9735429, 43.7382565], [5.9733681, 43.7382684], [5.9732263, 43.7383118], [5.9731037, 43.7383671], [5.9729862, 43.7384003], [5.9728228, 43.7384261], [5.9725369, 43.7384557], [5.9724238, 43.7384242], [5.9723188, 43.7384057], [5.9721709, 43.7381887], [5.9720912, 43.7380067], [5.9720928, 43.7378922], [5.972119, 43.7377626], [5.9722356, 43.7376587], [5.9723112, 43.7375444], [5.9723212, 43.7374472], [5.972334, 43.7373568], [5.9722943, 43.7372902], [5.9722756, 43.7372366], [5.9722182, 43.7371864], [5.9720618, 43.7370497], [5.972018, 43.7370114], [5.9719862, 43.7369783], [5.9719105, 43.7368996], [5.9717505, 43.7368913], [5.9715644, 43.7369945], [5.9714701, 43.7370468], [5.9713704, 43.7370682], [5.9713019, 43.7370829], [5.9711765, 43.7370642], [5.9709938, 43.7369707], [5.9709022, 43.7368831], [5.9708373, 43.7368808], [5.9708178, 43.7368801], [5.9707782, 43.7368743], [5.9706712, 43.7368368], [5.9705617, 43.7367088], [5.9705131, 43.7366397], [5.9705007, 43.7365653], [5.9703921, 43.7364264], [5.9703104, 43.7363932], [5.9702096, 43.7363622], [5.9701753, 43.7363627], [5.970108, 43.7363881], [5.9700526, 43.7364256], [5.969981, 43.7364437], [5.9699411, 43.7364371], [5.9698538, 43.7363923], [5.9697866, 43.736351], [5.9697507, 43.7363254], [5.9696835, 43.7362823], [5.9695635, 43.7362283], [5.9695245, 43.7362108], [5.9694558, 43.7361817], [5.9692908, 43.7360942], [5.9691859, 43.7360632], [5.9691553, 43.7360625], [5.9688596, 43.7359491], [5.9688666, 43.7359304], [5.9687861, 43.7359051], [5.9686865, 43.7357766], [5.9686101, 43.735773], [5.9686993, 43.7360319], [5.9687153, 43.7360853], [5.9687151, 43.7362314], [5.9687362, 43.7363254], [5.9687828, 43.7363976], [5.9687742, 43.736486], [5.9686714, 43.7365374], [5.9686152, 43.736593], [5.9686138, 43.7366011], [5.9685826, 43.7367863], [5.9685794, 43.7368199], [5.968574, 43.7368537], [5.9684992, 43.7368734], [5.9684364, 43.7369116], [5.9684321, 43.7369368], [5.9684418, 43.7369702], [5.9684488, 43.7369945], [5.9684627, 43.7370293], [5.9684713, 43.7370509], [5.9684724, 43.7370604], [5.968476, 43.7370899], [5.9684798, 43.7371221], [5.9684603, 43.7371486], [5.9683898, 43.7371442], [5.968363, 43.7371389], [5.9683362, 43.7371336], [5.9682546, 43.7371226], [5.9682107, 43.7370385], [5.9681493, 43.7370119], [5.9681513, 43.7369619], [5.9681541, 43.736894], [5.9681864, 43.7367032], [5.9681282, 43.7366219], [5.9680863, 43.7364379], [5.9680929, 43.7363898], [5.9680685, 43.7362866], [5.9679957, 43.7361932], [5.9679513, 43.7361446], [5.9679237, 43.7361296], [5.9678594, 43.736156], [5.9678177, 43.7361948], [5.9677861, 43.7361709], [5.9677415, 43.7361467], [5.9676598, 43.7361062], [5.9676194, 43.736091], [5.9675852, 43.7360782], [5.967499, 43.7360183], [5.9674087, 43.7360329], [5.9673048, 43.7361295], [5.9672272, 43.736163], [5.9671624, 43.7362294], [5.9670086, 43.7363303], [5.9669446, 43.7363746], [5.9669597, 43.7364312], [5.967007, 43.7364848], [5.9670818, 43.7365388], [5.9671464, 43.7366116], [5.9671915, 43.7366642], [5.9672075, 43.7367467], [5.9672574, 43.7367806], [5.9672495, 43.7368281], [5.9672514, 43.7369147], [5.9672558, 43.7369773], [5.9672502, 43.7370155], [5.9672442, 43.7370557], [5.9671706, 43.7371454], [5.967116, 43.7372231], [5.9671221, 43.7372942], [5.9671083, 43.7373602], [5.9670945, 43.7374142], [5.9671585, 43.7375169], [5.967204, 43.7376024], [5.9672064, 43.73767], [5.9672624, 43.7377029], [5.9672616, 43.7377343], [5.9672675, 43.7377791], [5.9672732, 43.7378271], [5.9672878, 43.7378826], [5.9672927, 43.7379262], [5.9672958, 43.737959], [5.9672951, 43.7379837], [5.9672846, 43.7380032], [5.9672839, 43.7380298], [5.9672832, 43.7380707], [5.9672634, 43.7381217], [5.9672309, 43.7381769], [5.9672347, 43.738267], [5.967189, 43.7383445], [5.9670741, 43.738318], [5.9670339, 43.7382311], [5.9670703, 43.7381716], [5.9670791, 43.7381284], [5.9670359, 43.7380629], [5.9670138, 43.7380046], [5.9669067, 43.7378885], [5.9668136, 43.7377677], [5.9667985, 43.7376922], [5.9667918, 43.7376072], [5.9667179, 43.7375715], [5.9666514, 43.7375104], [5.9665825, 43.7374633], [5.9664982, 43.7373853], [5.9664887, 43.7373648], [5.9664791, 43.7373443], [5.9664606, 43.7372312], [5.9663705, 43.737194], [5.9664655, 43.737125], [5.9664279, 43.7370936], [5.9663784, 43.7370441], [5.9663362, 43.7370106], [5.9662524, 43.7369857], [5.9661388, 43.7370272], [5.9660269, 43.7370612], [5.9658822, 43.7371801], [5.9657875, 43.7373098], [5.9656721, 43.7374124], [5.9655457, 43.7374929], [5.9655958, 43.7375817], [5.9654442, 43.7376134], [5.9653604, 43.7376509], [5.9653006, 43.7377201], [5.9651812, 43.7381805], [5.9650727, 43.7383238], [5.9650772, 43.7383973], [5.9649941, 43.7384773], [5.9648572, 43.7384371], [5.9647983, 43.7383356], [5.9647633, 43.7382676], [5.9646679, 43.7381911], [5.9645881, 43.7381311], [5.9638208, 43.738347], [5.9637457, 43.7383253], [5.9633787, 43.7383599], [5.963216, 43.7383568], [5.9627224, 43.7384124], [5.9625386, 43.7384415], [5.9624806, 43.7385234], [5.9625203, 43.7386322], [5.9624714, 43.7387493], [5.9626177, 43.7389467], [5.9628234, 43.7391448], [5.9629729, 43.7393249], [5.9630544, 43.7394694], [5.9629405, 43.7395057], [5.9628682, 43.73945], [5.9627663, 43.7394074], [5.9627028, 43.7393371], [5.9626614, 43.7393347], [5.9626052, 43.7393024], [5.9624831, 43.7392873], [5.9621925, 43.7392053], [5.9621201, 43.7391481], [5.961936, 43.739059], [5.9618597, 43.7390104], [5.9618765, 43.7389602], [5.9618367, 43.7389471], [5.9617639, 43.7389827], [5.9614585, 43.7390547], [5.961365, 43.7390863], [5.9612566, 43.7391384], [5.9611596, 43.7392027], [5.9610286, 43.7391136], [5.960918, 43.7391156], [5.9606796, 43.7391604], [5.9607893, 43.7389947], [5.9608143, 43.7389263], [5.9611583, 43.7387426], [5.961248, 43.7386633], [5.9612504, 43.738614], [5.9612543, 43.7385494], [5.9612761, 43.7384909], [5.9612421, 43.7384576], [5.961177, 43.7384307], [5.960995, 43.738449], [5.9608419, 43.7384877], [5.9607342, 43.7384574], [5.9607391, 43.7384074], [5.9604388, 43.7383616], [5.9604175, 43.738289], [5.9603896, 43.7382825], [5.9602781, 43.7382786], [5.9603177, 43.738095], [5.9601446, 43.7379368], [5.9601051, 43.7379365], [5.9599679, 43.7378455], [5.9599196, 43.7378486], [5.9598819, 43.7378728], [5.9598478, 43.7378462], [5.9597542, 43.7377671], [5.9596427, 43.7377525], [5.9596018, 43.7377183], [5.959564, 43.7376807], [5.9595194, 43.737705], [5.9593878, 43.7375982], [5.959284, 43.7375278], [5.9592222, 43.7374788], [5.9591701, 43.7374592], [5.959131, 43.7374167], [5.9590717, 43.7373526], [5.9589571, 43.7372867], [5.9588283, 43.737272], [5.958798, 43.7372811], [5.9587135, 43.7372474], [5.9586504, 43.7371859], [5.9586526, 43.7371337], [5.9585781, 43.7371567], [5.9590173, 43.7341486]]]]}}, {"type": "Feature", "properties": {"name": "Lac d'Allos"}, "geometry": {"type": "Polygon", "coordinates": [[[6.7051428, 44.2357447], [6.7051979, 44.2358523], [6.7052482, 44.2359999], [6.7052962, 44.2360674], [6.7054318, 44.2361673], [6.7055191, 44.2362313], [6.7056172, 44.2363054], [6.7057207, 44.2364237], [6.7057729, 44.236488], [6.7058076, 44.2365158], [6.7058121, 44.2366113], [6.7058243, 44.2367128], [6.7058942, 44.2368325], [6.7060262, 44.2369679], [6.7060679, 44.2370047], [6.7062456, 44.2371618], [6.7063462, 44.2371941], [6.7064011, 44.2372117], [6.7068249, 44.237322], [6.706954, 44.2373645], [6.7070329, 44.2374166], [6.7071075, 44.2374726], [6.707219, 44.2375262], [6.7073289, 44.2375618], [6.707496, 44.2375996], [6.7077731, 44.2376219], [6.7079403, 44.2376263], [6.7081983, 44.2376424], [6.7083218, 44.2376504], [6.7084821, 44.2376764], [6.7085961, 44.2377416], [6.7086665, 44.2378053], [6.7087769, 44.2378837], [6.7088649, 44.2379262], [6.708978, 44.2379525], [6.7091051, 44.2379498], [6.7092063, 44.2379402], [6.7093175, 44.2379548], [6.7094257, 44.2379418], [6.7095908, 44.2379271], [6.7096417, 44.2379483], [6.7096558, 44.2380155], [6.709653, 44.2380862], [6.7096322, 44.2381325], [6.7096421, 44.2381888], [6.7096862, 44.2382553], [6.7097037, 44.238286], [6.7097251, 44.2382886], [6.709763, 44.2382775], [6.7098803, 44.2381953], [6.7099371, 44.2381533], [6.7099908, 44.2380942], [6.7100459, 44.2380412], [6.7101395, 44.2380052], [6.710208, 44.238021], [6.7102336, 44.2379982], [6.7102554, 44.237965], [6.7103345, 44.2379337], [6.7105307, 44.2378747], [6.7106103, 44.237836], [6.7107147, 44.2378176], [6.7108665, 44.2378185], [6.7109749, 44.2378169], [6.7110252, 44.2378218], [6.7110951, 44.2378083], [6.7111506, 44.2377866], [6.7112256, 44.2377575], [6.7114261, 44.2377416], [6.7114737, 44.2377329], [6.711512, 44.2377058], [6.711585, 44.2376952], [6.7116377, 44.2376917], [6.7116567, 44.2376705], [6.7117009, 44.2376409], [6.7117143, 44.2376043], [6.711618, 44.2374478], [6.7114858, 44.2372411], [6.7114625, 44.2372104], [6.7114317, 44.2371974], [6.7113922, 44.2371821], [6.7113429, 44.2371789], [6.7112934, 44.2371372], [6.7112474, 44.2371121], [6.7112202, 44.2370854], [6.7111764, 44.2370668], [6.711129, 44.2370621], [6.7110929, 44.2370695], [6.7110559, 44.2370631], [6.7110377, 44.2370249], [6.7110431, 44.2369916], [6.7110277, 44.2369789], [6.7109698, 44.2369679], [6.710912, 44.2369292], [6.7108716, 44.2368822], [6.7108532, 44.2368499], [6.7108589, 44.2368115], [6.7108494, 44.2367639], [6.7108419, 44.2367195], [6.7108402, 44.2366739], [6.7108932, 44.2366453], [6.7109373, 44.2366285], [6.7109368, 44.236505], [6.7109864, 44.2364792], [6.7110257, 44.236441], [6.7110623, 44.2364102], [6.7110549, 44.2363601], [6.71106, 44.2363055], [6.7110957, 44.2362681], [6.7111366, 44.2362318], [6.7112022, 44.2361952], [6.7112148, 44.2361481], [6.7112472, 44.2361159], [6.7113472, 44.2360335], [6.7114145, 44.2359638], [6.7114617, 44.235929], [6.7115076, 44.235908], [6.7115661, 44.2358879], [6.7116117, 44.2358568], [6.7116586, 44.2358449], [6.7117316, 44.2358242], [6.7117736, 44.235787], [6.7118156, 44.2357533], [6.7119442, 44.235625], [6.7121399, 44.2354431], [6.7121835, 44.2353935], [6.7122832, 44.2352593], [6.7123085, 44.2351654], [6.7123119, 44.2350996], [6.7122932, 44.2350453], [6.7122742, 44.2349453], [6.7122538, 44.2348398], [6.712247, 44.2347662], [6.7122117, 44.2346555], [6.712102, 44.234491], [6.7119904, 44.234354], [6.7119359, 44.2342909], [6.7117835, 44.2340926], [6.7117185, 44.2340106], [6.7116944, 44.2339366], [6.7116814, 44.2338736], [6.7116813, 44.233798], [6.7116987, 44.2337022], [6.7117035, 44.2336238], [6.7117125, 44.2335712], [6.7117223, 44.2335184], [6.7117321, 44.2333964], [6.7117262, 44.233286], [6.7117435, 44.2332046], [6.7118206, 44.2329908], [6.7118641, 44.2329009], [6.711863, 44.2328587], [6.7118619, 44.2328193], [6.7118378, 44.2327665], [6.7117889, 44.2327166], [6.7117341, 44.2326665], [6.7116923, 44.2326299], [6.7116451, 44.2326161], [6.7116066, 44.2325957], [6.7116008, 44.2325555], [6.7116389, 44.2325158], [6.7116585, 44.2325055], [6.7116279, 44.2324767], [6.7115719, 44.2324707], [6.7115477, 44.2324411], [6.7115538, 44.2323865], [6.7115624, 44.2322825], [6.7115888, 44.2322137], [6.7115905, 44.2321432], [6.7115893, 44.2321], [6.7115886, 44.2320627], [6.7115577, 44.23202], [6.7115539, 44.2319804], [6.7115705, 44.2319369], [6.7115882, 44.2319019], [6.7115831, 44.2318704], [6.7115766, 44.2318248], [6.7115704, 44.2317696], [6.7115603, 44.2316536], [6.7115858, 44.2315934], [6.7116094, 44.2315582], [6.7115989, 44.2315047], [6.7115911, 44.2314496], [6.7115943, 44.2314001], [6.7115654, 44.2313493], [6.7115355, 44.2312938], [6.7115319, 44.2312458], [6.7115315, 44.2311996], [6.7115197, 44.2311592], [6.7115126, 44.2311307], [6.7114832, 44.231108], [6.7114509, 44.2310345], [6.7114531, 44.2309986], [6.7114847, 44.2309583], [6.7114851, 44.2309226], [6.7114872, 44.2308872], [6.7114916, 44.2308371], [6.7115249, 44.2308046], [6.7115575, 44.2307743], [6.7115806, 44.2307595], [6.7115741, 44.2307276], [6.7115713, 44.2306975], [6.7115788, 44.2306718], [6.7116006, 44.2305952], [6.711621, 44.2305553], [6.7116529, 44.2305187], [6.7117328, 44.2304655], [6.7118073, 44.2304313], [6.711854, 44.2304], [6.7118966, 44.2303784], [6.711942, 44.2303584], [6.7119779, 44.2303438], [6.712006, 44.2303162], [6.712022, 44.2302816], [6.7119866, 44.2302246], [6.711973, 44.2301757], [6.7119315, 44.2301455], [6.7118918, 44.2301311], [6.7118569, 44.2301125], [6.7118476, 44.2300778], [6.7118579, 44.2300031], [6.7118673, 44.2299504], [6.7118628, 44.2298993], [6.7118743, 44.2298563], [6.7118636, 44.229772], [6.7118494, 44.22971], [6.7118402, 44.2296665], [6.7118345, 44.2296445], [6.7117881, 44.2296374], [6.7117477, 44.229628], [6.7116746, 44.2295906], [6.7115988, 44.2295732], [6.7115711, 44.2295618], [6.7115523, 44.2295233], [6.711471, 44.2295029], [6.711073, 44.2293421], [6.7110004, 44.2292457], [6.7109495, 44.2291683], [6.7108425, 44.2290519], [6.7105984, 44.2289806], [6.7105809, 44.2289534], [6.7105472, 44.2289327], [6.7104755, 44.2289186], [6.7104382, 44.2289178], [6.7103859, 44.2288699], [6.7103389, 44.2288388], [6.7103125, 44.2288122], [6.7102171, 44.2287661], [6.7101801, 44.228753], [6.7101133, 44.2287507], [6.7100459, 44.2287559], [6.709933, 44.2287592], [6.7098606, 44.228737], [6.7098199, 44.228715], [6.7097948, 44.2286793], [6.7097782, 44.2286691], [6.7097425, 44.2286698], [6.7097208, 44.2286773], [6.7096567, 44.2286699], [6.7096052, 44.2286807], [6.7095933, 44.2287745], [6.7095677, 44.2287951], [6.7095345, 44.2288578], [6.7095504, 44.2288967], [6.7095852, 44.2289407], [6.7096153, 44.2290033], [6.7096521, 44.2290132], [6.7097142, 44.2290145], [6.709757, 44.2290262], [6.7097527, 44.2290797], [6.7097387, 44.2291357], [6.7097228, 44.2291694], [6.7096698, 44.2291795], [6.709612, 44.2291801], [6.7094297, 44.2291949], [6.7093275, 44.2292139], [6.7092393, 44.229227], [6.7091307, 44.2292377], [6.7090192, 44.2292526], [6.708917, 44.2292689], [6.7088329, 44.2292875], [6.7087668, 44.2293163], [6.7086698, 44.2293684], [6.7085851, 44.2294122], [6.7085246, 44.2294487], [6.7084704, 44.229447], [6.7084149, 44.2294422], [6.7083517, 44.2294448], [6.7082827, 44.2294631], [6.7081321, 44.2294816], [6.7080582, 44.2294817], [6.7079888, 44.2294826], [6.7079315, 44.2294929], [6.7077713, 44.2295258], [6.7077118, 44.2295582], [6.7076588, 44.2295643], [6.707575, 44.2295646], [6.7075318, 44.2295509], [6.7075141, 44.2295371], [6.707491, 44.2295308], [6.7074537, 44.2295618], [6.707434, 44.2295881], [6.7074187, 44.2296116], [6.7073845, 44.2296315], [6.7073429, 44.2296323], [6.7073025, 44.2296116], [6.7072692, 44.2296181], [6.707231, 44.2296173], [6.7071988, 44.2296118], [6.7071229, 44.229643], [6.7070988, 44.2296604], [6.707058, 44.2296852], [6.7070061, 44.2296889], [6.7069415, 44.2296814], [6.7069064, 44.2296714], [6.7068601, 44.2296703], [6.7068339, 44.2296531], [6.7067541, 44.2296283], [6.7066513, 44.2296107], [6.7065891, 44.2296003], [6.7065485, 44.2296164], [6.7065227, 44.2296163], [6.7064714, 44.2296224], [6.7062727, 44.2296626], [6.7062565, 44.2297014], [6.7062214, 44.2297369], [6.706188, 44.2297433], [6.7061507, 44.229746], [6.7060342, 44.2297892], [6.7059366, 44.2298065], [6.705875, 44.2298313], [6.7058406, 44.2298704], [6.7057502, 44.2300203], [6.7057023, 44.2300985], [6.7056957, 44.230163], [6.7056885, 44.2302405], [6.7056783, 44.2302946], [6.705626, 44.2304342], [6.7055863, 44.230487], [6.7055683, 44.2305397], [6.7055771, 44.2305818], [6.7055745, 44.2306262], [6.7055651, 44.2306798], [6.7055071, 44.2308524], [6.705498, 44.2309138], [6.7055297, 44.2309547], [6.7055517, 44.2310178], [6.7055402, 44.2310785], [6.7054815, 44.2311916], [6.7054496, 44.231253], [6.7054101, 44.2312962], [6.7053673, 44.2313388], [6.7052257, 44.2314582], [6.7051575, 44.2315046], [6.7051074, 44.2315398], [6.7050669, 44.2316133], [6.7050408, 44.2316509], [6.7049445, 44.231669], [6.7048881, 44.2316641], [6.7048146, 44.2316678], [6.704667, 44.2317043], [6.7045442, 44.231767], [6.7044332, 44.2317977], [6.7043562, 44.2318167], [6.7041991, 44.231902], [6.7041233, 44.2319623], [6.704056, 44.2320243], [6.7040212, 44.2320506], [6.7039726, 44.2320623], [6.7039579, 44.2320789], [6.7039672, 44.2321094], [6.7039761, 44.2321293], [6.7039221, 44.2321773], [6.7039077, 44.2322056], [6.7038923, 44.2322596], [6.7036104, 44.2325262], [6.7035399, 44.2326065], [6.7034805, 44.2326811], [6.7034419, 44.2327513], [6.7034397, 44.2328202], [6.7033588, 44.2329278], [6.7033624, 44.2329866], [6.7033187, 44.2330628], [6.7032824, 44.2331292], [6.7032638, 44.2332023], [6.7032551, 44.233318], [6.7032853, 44.2334097], [6.703353, 44.233517], [6.7033737, 44.2335677], [6.7034789, 44.2336635], [6.7035837, 44.2337956], [6.7036281, 44.2338631], [6.7036688, 44.2339276], [6.7036928, 44.2339637], [6.7037551, 44.2339976], [6.7038018, 44.2340702], [6.7038279, 44.2341036], [6.7038871, 44.2341398], [6.7039502, 44.234223], [6.7040104, 44.2342674], [6.7040683, 44.2343271], [6.7041276, 44.2343489], [6.7042052, 44.2343755], [6.7042966, 44.2344093], [6.7043551, 44.2344458], [6.7044134, 44.2344672], [6.7044705, 44.2345309], [6.7045628, 44.2345789], [6.7046145, 44.2346057], [6.7046775, 44.2346372], [6.7047215, 44.2346664], [6.7047648, 44.2347281], [6.704784, 44.2347766], [6.7048241, 44.2348162], [6.7048515, 44.2348739], [6.7048571, 44.2349526], [6.7048552, 44.235], [6.7048672, 44.235043], [6.7048989, 44.2351056], [6.7049172, 44.2351649], [6.7049228, 44.2352149], [6.7049099, 44.235269], [6.7049192, 44.2353657], [6.7049267, 44.2354115], [6.7049171, 44.2354627], [6.7049258, 44.2355255], [6.704953, 44.2355644], [6.7050041, 44.2356365], [6.7050398, 44.2356833], [6.7050826, 44.2357128], [6.7051261, 44.235732], [6.7051428, 44.2357447]]]}}, {"type": "Feature", "properties": {"name": "Retenue de la Laye"}, "geometry": {"type": "MultiPolygon", "coordinates": [[[[5.7498956, 43.9443841], [5.7485034, 43.9433778], [5.7483044, 43.9434949], [5.748257, 43.9435257], [5.7481852, 43.9435386], [5.7480819, 43.943562], [5.747839, 43.9436761], [5.7475455, 43.943878], [5.7473343, 43.9441326], [5.7471731, 43.9443599], [5.7470221, 43.9445719], [5.746902, 43.9446843], [5.7468175, 43.9447733], [5.7467492, 43.9448552], [5.7466744, 43.9449582], [5.7466062, 43.9450588], [5.7465444, 43.9451454], [5.7465021, 43.945204], [5.7464404, 43.9453421], [5.7463623, 43.9454731], [5.7462941, 43.9455714], [5.7462193, 43.9456721], [5.7461348, 43.9457798], [5.7460698, 43.9458687], [5.746021, 43.9459623], [5.7459885, 43.946056], [5.7459267, 43.9462058], [5.7458259, 43.9467441], [5.7457934, 43.9468728], [5.7457512, 43.9469852], [5.7457024, 43.9470952], [5.7456114, 43.9472754], [5.7455204, 43.9473901], [5.7454098, 43.9475188], [5.7453091, 43.9476522], [5.7452505, 43.9477388], [5.7451693, 43.9478606], [5.7451173, 43.9479565], [5.7450815, 43.9480431], [5.7450945, 43.948111], [5.7451433, 43.9481765], [5.745179, 43.948214], [5.7451953, 43.9482514], [5.7453546, 43.9485299], [5.7454131, 43.9486306], [5.7454618, 43.9487008], [5.7454846, 43.948771], [5.7454846, 43.948874], [5.7454488, 43.948998], [5.7454066, 43.9491081], [5.7453676, 43.9492017], [5.7453188, 43.9493164], [5.745257, 43.9494544], [5.7452148, 43.9495691], [5.745179, 43.9496745], [5.7451303, 43.9497774], [5.7450717, 43.949864], [5.7449937, 43.9500232], [5.7449124, 43.9501121], [5.7448409, 43.950166], [5.7447727, 43.9502525], [5.7446751, 43.9503368], [5.7445939, 43.9503953], [5.7445451, 43.9504468], [5.7445093, 43.9505685], [5.7445288, 43.9506387], [5.7445647, 43.9507283], [5.7445618, 43.9507577], [5.7445808, 43.9507924], [5.7445857, 43.950842], [5.744552, 43.9508872], [5.7445061, 43.9509243], [5.7444961, 43.9509355], [5.7444855, 43.9509427], [5.7443358, 43.9510729], [5.7442623, 43.9511563], [5.7442171, 43.9511916], [5.74416, 43.9511963], [5.7441239, 43.9511828], [5.7440872, 43.9511197], [5.7440561, 43.9510953], [5.7440618, 43.9510465], [5.7439629, 43.9510709], [5.7438394, 43.9511883], [5.7437714, 43.9512191], [5.7436869, 43.9512706], [5.7434528, 43.9514719], [5.7433033, 43.9516147], [5.7431992, 43.9517153], [5.7431667, 43.9517551], [5.7431765, 43.9517925], [5.7432091, 43.9518582], [5.7430602, 43.9519956], [5.7430293, 43.9520687], [5.7431088, 43.952075], [5.7431182, 43.952119], [5.7431114, 43.9521249], [5.7430334, 43.9522021], [5.7429587, 43.9522864], [5.7429066, 43.9523613], [5.7428546, 43.9524385], [5.7428026, 43.9525672], [5.7427701, 43.952621], [5.7427311, 43.9526866], [5.7426953, 43.9527661], [5.7426498, 43.9528949], [5.7426173, 43.9529744], [5.7424028, 43.9532038], [5.7422467, 43.9533629], [5.7421492, 43.9534472], [5.7420939, 43.9535057], [5.7420159, 43.9536297], [5.7419444, 43.9537374], [5.7418924, 43.9538193], [5.7418716, 43.953844], [5.7418463, 43.953861], [5.7416829, 43.9539977], [5.7415328, 43.9541439], [5.7415108, 43.9542042], [5.7414534, 43.9542678], [5.7410517, 43.9545792], [5.7409722, 43.9546491], [5.740853, 43.9547826], [5.7406941, 43.9549351], [5.7406409, 43.955079], [5.7406085, 43.9551011], [5.7405272, 43.955176], [5.7404492, 43.9552462], [5.7403679, 43.9553234], [5.7402671, 43.955396], [5.7400363, 43.9555855], [5.7398152, 43.9557728], [5.7397697, 43.9558102], [5.739695, 43.9558523], [5.7396592, 43.9558898], [5.7396429, 43.9559413], [5.7396202, 43.9560091], [5.7395942, 43.9560746], [5.7395844, 43.9561495], [5.7395909, 43.9562361], [5.7395422, 43.9563087], [5.7394771, 43.9563508], [5.7393991, 43.9563976], [5.7392886, 43.9564631], [5.7392008, 43.9565052], [5.739061, 43.9565801], [5.7389505, 43.9566527], [5.738866, 43.9567346], [5.7387945, 43.9568165], [5.7387717, 43.9568797], [5.7387619, 43.9569546], [5.7387587, 43.9570154], [5.7387847, 43.9571277], [5.7388406, 43.9573568], [5.7389575, 43.9574305], [5.7390685, 43.9576074], [5.7391358, 43.9576634], [5.7392707, 43.9576847], [5.7393391, 43.9576536], [5.7392651, 43.9575532], [5.7392254, 43.9575301], [5.7391817, 43.9574952], [5.7391227, 43.9573854], [5.7391156, 43.957306], [5.7391629, 43.9572764], [5.7393771, 43.9572345], [5.7395137, 43.9571863], [5.7395888, 43.9571302], [5.7397345, 43.9569259], [5.7398144, 43.9567464], [5.7398627, 43.9565612], [5.7398968, 43.9564621], [5.740099, 43.9561881], [5.7401687, 43.9561803], [5.7402546, 43.9562112], [5.7403726, 43.9561726], [5.740504, 43.9560896], [5.7408168, 43.9559215], [5.7411123, 43.9556534], [5.7412749, 43.9555598], [5.7413529, 43.9555013], [5.7414114, 43.9554545], [5.741704, 43.9553234], [5.7418113, 43.9552579], [5.7419186, 43.9551643], [5.7420677, 43.9550314], [5.7422344, 43.9548834], [5.7423298, 43.9547995], [5.7426053, 43.9546241], [5.7428348, 43.9545046], [5.7428924, 43.954443], [5.74299, 43.9543753], [5.7430696, 43.9543427], [5.7431184, 43.9543323], [5.7431257, 43.9542972], [5.7433029, 43.9541865], [5.7433752, 43.9541045], [5.7434674, 43.9540538], [5.7434873, 43.9540095], [5.7435922, 43.9539171], [5.7436572, 43.9538195], [5.7438035, 43.9534737], [5.7438261, 43.9533435], [5.7439334, 43.9531524], [5.743973, 43.9530913], [5.7441171, 43.9529591], [5.7441962, 43.952831], [5.7443124, 43.9526857], [5.7444238, 43.9525742], [5.7445019, 43.952469], [5.7446156, 43.9522831], [5.7446664, 43.9521529], [5.7449201, 43.9518384], [5.7449586, 43.951775], [5.7449925, 43.9516741], [5.7450716, 43.9515732], [5.7451416, 43.9515325], [5.7451597, 43.9515065], [5.7451642, 43.9514609], [5.7452298, 43.9514219], [5.7453586, 43.9513666], [5.7454219, 43.9513259], [5.7455694, 43.9511599], [5.745575, 43.9511152], [5.7456485, 43.9510481], [5.7457106, 43.950863], [5.7457558, 43.9508142], [5.7458152, 43.9507063], [5.7458858, 43.9506026], [5.7459112, 43.9504806], [5.7459705, 43.9503646], [5.7460214, 43.9503077], [5.7460327, 43.9502304], [5.7460892, 43.9501409], [5.7461033, 43.9500311], [5.7461401, 43.9499762], [5.7462474, 43.9498704], [5.7463209, 43.9497524], [5.7463435, 43.9496995], [5.7463604, 43.9495978], [5.746448, 43.9495185], [5.7465102, 43.9494188], [5.7465554, 43.9494107], [5.7467164, 43.9492337], [5.746852, 43.9491524], [5.7469707, 43.9489795], [5.7471289, 43.9488005], [5.7475555, 43.9483835], [5.7478668, 43.9481555], [5.7479228, 43.9481293], [5.7480301, 43.9480377], [5.7481157, 43.9479967], [5.7482588, 43.9479496], [5.7484718, 43.9480126], [5.7485015, 43.9480075], [5.7485193, 43.9479898], [5.7485115, 43.9479595], [5.7484736, 43.9479046], [5.7483868, 43.9478625], [5.7483194, 43.9478041], [5.7483766, 43.9473342], [5.7487802, 43.9466443], [5.748888, 43.946362], [5.7489628, 43.9461268], [5.7489633, 43.9456996], [5.7489382, 43.945585], [5.7489616, 43.9455269], [5.7489534, 43.9453995], [5.7490334, 43.9452374], [5.749229, 43.9450808], [5.749441, 43.9448264], [5.7493763, 43.9447999], [5.7494559, 43.9446933], [5.7498956, 43.9443841]]], [[[5.7494559, 43.9446933], [5.7494937, 43.9446998], [5.7495284, 43.9446674], [5.7495595, 43.9446082], [5.7496596, 43.9445286], [5.7497171, 43.944488], [5.7497971, 43.9444239], [5.7498445, 43.9444056], [5.7498956, 43.9443841], [5.7494559, 43.9446933]]]]}}]}