{"type": "FeatureCollection", "features": [{"type": "Feature", "properties": {"name": "Réservoir de Sampolo"}, "geometry": {"type": "Polygon", "coordinates": [[[9.2842941, 42.0953241], [9.2844723, 42.0946845], [9.2842338, 42.0945322], [9.2840008, 42.0945322], [9.2833019, 42.0942606], [9.2829247, 42.0943717], [9.2826696, 42.0942976], [9.2824366, 42.0943223], [9.2825309, 42.0942359], [9.2825253, 42.0941001], [9.2824532, 42.0937461], [9.2820057, 42.0934104], [9.2814881, 42.0930175], [9.2815768, 42.092396], [9.2815214, 42.092219], [9.2816079, 42.0918535], [9.280778, 42.093232], [9.280496, 42.0933975], [9.2797311, 42.0935506], [9.2793142, 42.0938116], [9.2790764, 42.0938291], [9.2786846, 42.0936376], [9.2785683, 42.0934773], [9.2784822, 42.0934702], [9.2785113, 42.0932573], [9.2784598, 42.0930893], [9.2783857, 42.093179], [9.278316, 42.0934765], [9.2782463, 42.0938563], [9.278191, 42.0940388], [9.2783065, 42.0941662], [9.2782662, 42.0943148], [9.2780513, 42.0944836], [9.2778576, 42.0947286], [9.2775751, 42.0950383], [9.2772561, 42.0955414], [9.2772087, 42.0958958], [9.27702, 42.0961158], [9.2769855, 42.0962777], [9.2762128, 42.0978347], [9.2752676, 42.098216], [9.2751807, 42.0981846], [9.275111, 42.0980473], [9.2751596, 42.0977046], [9.2750446, 42.0976633], [9.2749493, 42.0977139], [9.2749339, 42.0980174], [9.2749044, 42.0981707], [9.2746596, 42.0983091], [9.2740752, 42.0982742], [9.2738016, 42.0985052], [9.2738174, 42.0986756], [9.2739888, 42.0988285], [9.2739222, 42.0989814], [9.2741782, 42.0990446], [9.2743949, 42.0991035], [9.2747145, 42.0988446], [9.2750829, 42.0990985], [9.2746054, 42.0992295], [9.2741733, 42.0993481], [9.2732613, 42.0997129], [9.2717061, 42.1002867], [9.2715177, 42.1005155], [9.2704027, 42.1011246], [9.2696045, 42.1014193], [9.268539, 42.1016308], [9.2683795, 42.1015604], [9.2665767, 42.1022932], [9.2666827, 42.102475], [9.2673298, 42.1023469], [9.2685424, 42.1018685], [9.2698758, 42.1016671], [9.2713757, 42.1010379], [9.2714909, 42.1011116], [9.2713928, 42.1014143], [9.2714595, 42.1016209], [9.2714124, 42.101781], [9.2714869, 42.1020603], [9.271636, 42.1015947], [9.2715772, 42.1014521], [9.2718542, 42.1008051], [9.2730701, 42.1003686], [9.2743184, 42.1000262], [9.2746126, 42.1000378], [9.2747224, 42.0999243], [9.2757696, 42.0997148], [9.2762795, 42.09961], [9.2768757, 42.0993015], [9.277213, 42.0990629], [9.2773503, 42.0988504], [9.2774248, 42.0987224], [9.2775189, 42.0987195], [9.2777229, 42.0982596], [9.2778249, 42.0981956], [9.2779582, 42.0978493], [9.2781543, 42.0977765], [9.2787858, 42.0970926], [9.2789349, 42.0969907], [9.2797625, 42.096138], [9.2800292, 42.0959808], [9.2804371, 42.0955792], [9.2808411, 42.0954773], [9.2813431, 42.095195], [9.2824413, 42.095195], [9.2827473, 42.0951368], [9.2829591, 42.0950262], [9.2831081, 42.0950379], [9.2830846, 42.0950902], [9.2832258, 42.0950902], [9.2833435, 42.0950291], [9.2835121, 42.0950524], [9.2838847, 42.0951921], [9.2839632, 42.0952678], [9.2842941, 42.0953241]]]}}, {"type": "Feature", "properties": {"name": "Réservoir de Bacciana"}, "geometry": {"type": "Polygon", "coordinates": [[[9.4429767, 42.11665], [9.4432259, 42.1171669], [9.4439344, 42.1174643], [9.4445534, 42.1174297], [9.4447831, 42.1175077], [9.4449233, 42.1175019], [9.4451413, 42.1174326], [9.4458343, 42.1174672], [9.4458304, 42.1175799], [9.445916, 42.1176289], [9.4463287, 42.1176665], [9.4465856, 42.1176174], [9.4469127, 42.1177358], [9.4474966, 42.1176376], [9.4479521, 42.1176289], [9.4488592, 42.1172709], [9.4490928, 42.1173373], [9.4495678, 42.117112], [9.4502413, 42.1166038], [9.4507045, 42.116084], [9.4510121, 42.1155179], [9.4511289, 42.1147988], [9.4510744, 42.1141953], [9.4507863, 42.1135166], [9.450471, 42.1130978], [9.4503014, 42.1129463], [9.4502408, 42.1129504], [9.4500977, 42.1127687], [9.4497001, 42.1124423], [9.4493159, 42.1122418], [9.4491317, 42.112191], [9.4488748, 42.1124018], [9.4487697, 42.1123903], [9.4485088, 42.1121477], [9.4481234, 42.1121101], [9.4479988, 42.1122314], [9.447773, 42.1119513], [9.4478236, 42.1118329], [9.4469321, 42.1117549], [9.4465467, 42.1120582], [9.4460834, 42.1121563], [9.4459783, 42.1121563], [9.4456785, 42.1119831], [9.4452931, 42.1120351], [9.4450595, 42.1121275], [9.444826, 42.1121708], [9.4449895, 42.1124134], [9.4449077, 42.1125405], [9.4446274, 42.1125751], [9.4443588, 42.1127975], [9.4439773, 42.1128524], [9.4437943, 42.1127946], [9.4437955, 42.1129757], [9.4435529, 42.1137534], [9.4431675, 42.1139642], [9.4425718, 42.1143685], [9.4423032, 42.1146804], [9.4422565, 42.1148941], [9.442167, 42.1149692], [9.442276, 42.1152956], [9.4421125, 42.115541], [9.4420696, 42.115671], [9.4416725, 42.1158067], [9.4417815, 42.1159944], [9.4425212, 42.1164103], [9.4426964, 42.1165662], [9.4429767, 42.11665]]]}}, {"type": "Feature", "properties": {"name": "Réservoir de Teppe Rosse"}, "geometry": {"type": "Polygon", "coordinates": [[[9.4461716, 42.1062698], [9.4473668, 42.1062178], [9.4480831, 42.106446], [9.4486943, 42.10655], [9.4492277, 42.106576], [9.4496871, 42.1066655], [9.4500647, 42.106833], [9.4506993, 42.1071305], [9.4512482, 42.1070525], [9.451583, 42.1071969], [9.4520969, 42.1071709], [9.4529573, 42.1073327], [9.4535062, 42.1071305], [9.4542381, 42.1072749], [9.4546819, 42.1072518], [9.4549655, 42.1073262], [9.4548884, 42.1074202], [9.4547453, 42.1079553], [9.455428, 42.1081064], [9.4560171, 42.1081187], [9.456408, 42.108233], [9.4567438, 42.1082289], [9.4571788, 42.1082003], [9.4575807, 42.1081513], [9.4579812, 42.1082483], [9.4585375, 42.1079667], [9.4589359, 42.1079245], [9.459218, 42.1078473], [9.4591368, 42.1070821], [9.4594555, 42.1068675], [9.4595088, 42.1071222], [9.4594738, 42.1073563], [9.459511, 42.1074921], [9.4594903, 42.1076284], [9.4594719, 42.1077531], [9.4595627, 42.107894], [9.4595325, 42.108037], [9.4593535, 42.1081697], [9.4590873, 42.1086724], [9.458807, 42.1088573], [9.4584099, 42.1090508], [9.4575381, 42.1093577], [9.457059, 42.109406], [9.4563427, 42.1097382], [9.4559495, 42.1100443], [9.4553443, 42.1104104], [9.455494, 42.1105439], [9.4558522, 42.1105873], [9.4560235, 42.1111967], [9.456187, 42.1111938], [9.4563622, 42.1108645], [9.4564284, 42.1104833], [9.4568488, 42.11018], [9.4579506, 42.1099952], [9.4584255, 42.1100443], [9.4587331, 42.1098595], [9.459718, 42.1093454], [9.4599283, 42.1093396], [9.4606057, 42.109019], [9.4615205, 42.1089526], [9.4618359, 42.109097], [9.4621123, 42.1090883], [9.4625045, 42.1083267], [9.4630165, 42.1079224], [9.4633909, 42.1076487], [9.4639029, 42.1072566], [9.4640516, 42.106938], [9.4642443, 42.1067133], [9.4633524, 42.1064764], [9.463424, 42.1063539], [9.4639355, 42.1061014], [9.4647618, 42.1059127], [9.4649671, 42.1057538], [9.4650838, 42.1056016], [9.4651254, 42.1055698], [9.4651913, 42.1055554], [9.4653719, 42.1055951], [9.4656034, 42.1054032], [9.4657474, 42.1052328], [9.4659654, 42.1049497], [9.4661095, 42.1047273], [9.4661951, 42.1046147], [9.4661912, 42.1044876], [9.4661834, 42.1043027], [9.4660861, 42.104115], [9.4660187, 42.1039201], [9.4658736, 42.1035705], [9.4657493, 42.103416], [9.465641, 42.1032109], [9.4655578, 42.1027048], [9.4654609, 42.1026339], [9.4651276, 42.1023439], [9.4643018, 42.1019545], [9.4634224, 42.10159], [9.4631144, 42.1014866], [9.4629976, 42.1016166], [9.4625694, 42.1017427], [9.4621761, 42.1018378], [9.4618263, 42.1018562], [9.4617674, 42.101943], [9.4620073, 42.101976], [9.4622141, 42.1019823], [9.4622015, 42.1022901], [9.461525, 42.1027672], [9.4609265, 42.1029799], [9.4604185, 42.1032007], [9.4600856, 42.103237], [9.4598753, 42.1033323], [9.4600583, 42.1033265], [9.4604865, 42.1033208], [9.4607396, 42.1032226], [9.4612029, 42.1033497], [9.4609723, 42.1034668], [9.4603541, 42.103774], [9.4597819, 42.1038956], [9.4593108, 42.1038985], [9.4588943, 42.1040487], [9.4581156, 42.1040198], [9.457629, 42.1038985], [9.457555, 42.103988], [9.4573915, 42.1040227], [9.4572023, 42.1041776], [9.4568682, 42.1042311], [9.4564027, 42.1041508], [9.4559683, 42.1041195], [9.4558125, 42.10406], [9.4556093, 42.1036473], [9.4555146, 42.1036581], [9.4555306, 42.103806], [9.4554332, 42.1039613], [9.4549144, 42.1039487], [9.4547153, 42.1038947], [9.4544201, 42.103865], [9.4541125, 42.1039349], [9.4537303, 42.1039486], [9.4532376, 42.1038725], [9.4525602, 42.1043635], [9.452167, 42.1044213], [9.4517893, 42.1044068], [9.451155, 42.1045711], [9.4508083, 42.1048372], [9.4496175, 42.1048285], [9.4486749, 42.1050423], [9.4471332, 42.1056517], [9.4460665, 42.1060387], [9.4461716, 42.1062698]]]}}, {"type": "Feature", "properties": {"name": "Lac de Codole"}, "geometry": {"type": "Polygon", "coordinates": [[[8.9511137, 42.5870751], [8.9508901, 42.5869258], [8.9507421, 42.586613], [8.9505467, 42.5864067], [8.9503643, 42.5861526], [8.950208, 42.585956], [8.9500973, 42.5857258], [8.9500908, 42.5854908], [8.950208, 42.5851887], [8.9499269, 42.5851139], [8.9497976, 42.5850064], [8.949726, 42.5848865], [8.9496609, 42.5847858], [8.9495501, 42.5846228], [8.9494818, 42.5845138], [8.9493937, 42.5843777], [8.9491839, 42.584364], [8.9490428, 42.5842623], [8.9489444, 42.5838938], [8.9487685, 42.5836732], [8.9483191, 42.5834718], [8.9480195, 42.5833087], [8.9476287, 42.5831649], [8.9470881, 42.5828387], [8.946688, 42.5827153], [8.9465568, 42.5826096], [8.9463572, 42.5825673], [8.9461702, 42.5823849], [8.9457584, 42.5823435], [8.9456718, 42.5822653], [8.9454601, 42.5822381], [8.9449849, 42.5821739], [8.9450121, 42.582246], [8.944574, 42.5822578], [8.9435637, 42.5820052], [8.9431284, 42.5818117], [8.9426481, 42.5816998], [8.9423736, 42.5816998], [8.9421327, 42.5817579], [8.9420158, 42.581497], [8.9418751, 42.5814854], [8.9418282, 42.581632], [8.9415348, 42.5816535], [8.9413335, 42.5818134], [8.9410459, 42.5818447], [8.9410356, 42.5820148], [8.9412453, 42.5822151], [8.9408362, 42.5824085], [8.9406587, 42.582617], [8.940406, 42.5826201], [8.9400366, 42.5826073], [8.9396158, 42.5828354], [8.9392894, 42.5830864], [8.9386335, 42.5832656], [8.9383216, 42.5832891], [8.9382507, 42.5833442], [8.9382543, 42.5834516], [8.9377542, 42.5835823], [8.9377613, 42.5836499], [8.9372876, 42.5837393], [8.9372789, 42.5838758], [8.9372542, 42.5839958], [8.9373546, 42.5843467], [8.937512, 42.5843581], [8.9378994, 42.5842843], [8.9391804, 42.5846069], [8.9393628, 42.5846899], [8.9396793, 42.5845872], [8.9399368, 42.5846464], [8.9402256, 42.5846462], [8.9411292, 42.5847896], [8.9415839, 42.5849012], [8.941957, 42.5850472], [8.9423418, 42.5852274], [8.9424467, 42.5855193], [8.9425517, 42.5856738], [8.9427815, 42.5860753], [8.9429853, 42.5863676], [8.9429364, 42.5868928], [8.9427849, 42.5871332], [8.9425866, 42.5872963], [8.9421436, 42.5873649], [8.9415839, 42.5874765], [8.9412718, 42.5880942], [8.9410219, 42.5883502], [8.9409453, 42.5886881], [8.9403884, 42.5890274], [8.9402173, 42.5892033], [8.9402387, 42.5896931], [8.9397881, 42.5898194], [8.9393482, 42.5900643], [8.9385436, 42.5900959], [8.9382003, 42.5902381], [8.9380261, 42.5904413], [8.938852, 42.5913462], [8.9392402, 42.5918305], [8.9391769, 42.5919877], [8.9393114, 42.5923632], [8.9395155, 42.5923834], [8.939601, 42.5923925], [8.9398333, 42.592401], [8.9400864, 42.5922497], [8.9403632, 42.5920139], [8.9407903, 42.5918392], [8.9412292, 42.5917024], [8.9416286, 42.591615], [8.9418026, 42.5914666], [8.9420359, 42.5913821], [8.9422494, 42.5913414], [8.9423048, 42.5912832], [8.942455, 42.5912249], [8.9427753, 42.5910066], [8.9430442, 42.5910153], [8.9434199, 42.5909804], [8.9437085, 42.5909367], [8.9439142, 42.5909134], [8.9439577, 42.590797], [8.9441317, 42.590765], [8.9443215, 42.5907126], [8.9443847, 42.590599], [8.9442701, 42.5905233], [8.9443136, 42.590468], [8.9447525, 42.5903428], [8.9451281, 42.5903953], [8.9456699, 42.5905525], [8.9457173, 42.5901187], [8.9460139, 42.5901245], [8.9463382, 42.5901594], [8.9465795, 42.5902934], [8.9464924, 42.5906835], [8.946441, 42.590829], [8.946694, 42.5908523], [8.9468483, 42.5908552], [8.9469629, 42.5907795], [8.9472447, 42.5905145], [8.9475558, 42.5907278], [8.9477275, 42.5905461], [8.9479957, 42.5908542], [8.9483469, 42.5909426], [8.9487819, 42.5909688], [8.9488797, 42.5909498], [8.9489915, 42.590928], [8.9490706, 42.5906835], [8.9495084, 42.5904671], [8.9498559, 42.5907719], [8.9498515, 42.5908595], [8.9509977, 42.5890601], [8.9513251, 42.588524], [8.9519444, 42.5875101], [8.9515847, 42.5873216], [8.9513635, 42.5872496], [8.9511137, 42.5870751]]]}}, {"type": "Feature", "properties": {"name": "Lac de Calacuccia"}, "geometry": {"type": "Polygon", "coordinates": [[[9.0225241, 42.3258183], [9.0223735, 42.3256259], [9.0218711, 42.3252706], [9.0207653, 42.3250048], [9.0186443, 42.3246425], [9.0174871, 42.3241067], [9.0173503, 42.3241862], [9.0171054, 42.3240208], [9.0169998, 42.3237929], [9.016945, 42.3238007], [9.0169482, 42.3239134], [9.0169407, 42.3240801], [9.0168806, 42.3244677], [9.0167745, 42.3249851], [9.016674, 42.3251117], [9.0164698, 42.3249745], [9.0158952, 42.3248316], [9.0156321, 42.3247085], [9.014984, 42.3242402], [9.013602, 42.3233533], [9.013362, 42.3231616], [9.0132627, 42.3230276], [9.0130428, 42.3230967], [9.0129785, 42.323176], [9.0124704, 42.3235564], [9.01175, 42.3235], [9.0110238, 42.3231733], [9.0105, 42.32275], [9.0103112, 42.3228143], [9.0101793, 42.322703], [9.00975, 42.323], [9.00925, 42.3225], [9.0090033, 42.322306], [9.008793, 42.3219432], [9.0087989, 42.3216423], [9.0087379, 42.3216225], [9.0085582, 42.3217313], [9.0084125, 42.3222183], [9.0081621, 42.3225107], [9.0080928, 42.3230877], [9.007956, 42.32309], [9.00709, 42.3227775], [9.0053324, 42.3230595], [9.0049716, 42.323008], [9.00442, 42.3231471], [9.0033376, 42.323035], [9.003, 42.323], [9.0026113, 42.3231356], [9.0020202, 42.3232508], [9.0017695, 42.3231025], [9.0011629, 42.3233183], [9.0012285, 42.3235903], [9.0012016, 42.3238378], [9.0010188, 42.3239527], [9.0008222, 42.3240152], [9.0005925, 42.3238888], [9.0004336, 42.3235824], [9.0000677, 42.3234681], [8.9996399, 42.323651], [8.9992017, 42.3235024], [8.9992327, 42.323369], [8.9989749, 42.3232433], [8.9986348, 42.3234109], [8.9984276, 42.3233968], [8.9977636, 42.3230804], [8.997006, 42.3231899], [8.9968809, 42.3232338], [8.9968674, 42.323305], [8.9968682, 42.3233739], [8.9967518, 42.3234095], [8.9962274, 42.323576], [8.9951256, 42.3237003], [8.9950629, 42.3238101], [8.9951781, 42.3240122], [8.9947086, 42.3240613], [8.9945908, 42.3239911], [8.9945546, 42.3239614], [8.9944822, 42.3239564], [8.9944272, 42.3239267], [8.9943128, 42.3238638], [8.9942595, 42.3238027], [8.9942501, 42.323771], [8.994226, 42.3237125], [8.9941724, 42.3236848], [8.9941016, 42.3236808], [8.9940584, 42.3237294], [8.9940007, 42.3237909], [8.9939538, 42.3237928], [8.9939082, 42.3237889], [8.9938639, 42.3238256], [8.9938089, 42.3238236], [8.9938022, 42.3237988], [8.9937821, 42.3237671], [8.9937352, 42.3237423], [8.9936346, 42.3237442], [8.9935447, 42.3237363], [8.993416, 42.3236897], [8.9932872, 42.3236808], [8.9931893, 42.3237413], [8.9931504, 42.3237909], [8.9930686, 42.3238057], [8.9930351, 42.3238335], [8.9929949, 42.3238484], [8.9929694, 42.3238166], [8.9928447, 42.3238067], [8.9927937, 42.3237809], [8.992736, 42.3237641], [8.9925992, 42.323771], [8.9925094, 42.3237968], [8.9924973, 42.3238384], [8.9925349, 42.32389], [8.9925992, 42.3239198], [8.9925764, 42.3239763], [8.9925335, 42.3240149], [8.992449, 42.3240496], [8.9924088, 42.3240724], [8.9922881, 42.3240546], [8.9922385, 42.3241022], [8.9921942, 42.3240953], [8.9921245, 42.324129], [8.9920923, 42.3241815], [8.9921728, 42.3242579], [8.9921916, 42.3242955], [8.9922599, 42.3243669], [8.9922747, 42.3244373], [8.9922036, 42.3245107], [8.9921299, 42.3245514], [8.9921205, 42.3245732], [8.9920413, 42.324597], [8.991977, 42.3245801], [8.9919555, 42.3245533], [8.9919099, 42.3245424], [8.9917812, 42.3244869], [8.9915317, 42.3241855], [8.9914097, 42.3240189], [8.9913855, 42.3239297], [8.9914177, 42.3238821], [8.9914982, 42.3238662], [8.9916296, 42.323775], [8.9917101, 42.3237195], [8.991643, 42.3237046], [8.9915586, 42.3237125], [8.9914928, 42.3237343], [8.9914151, 42.3237413], [8.9913091, 42.3237353], [8.9912742, 42.3237482], [8.9912139, 42.3237581], [8.9909537, 42.323886], [8.990888, 42.3238751], [8.9908665, 42.3238424], [8.990884, 42.3237621], [8.9909309, 42.323654], [8.9909282, 42.3236044], [8.9909001, 42.3235945], [8.9908397, 42.3236401], [8.9907525, 42.3237909], [8.9906533, 42.3238751], [8.9905728, 42.323886], [8.9903194, 42.3238434], [8.9903153, 42.3238107], [8.9902429, 42.3237234], [8.9901772, 42.3236927], [8.9901343, 42.3236203], [8.9901316, 42.3235836], [8.9900954, 42.3235628], [8.9900552, 42.3235449], [8.9899935, 42.3236203], [8.9899439, 42.3236451], [8.9898956, 42.3236501], [8.9898285, 42.3235787], [8.9897963, 42.3235519], [8.989732, 42.3235559], [8.9896569, 42.323541], [8.9895724, 42.3233456], [8.9896016, 42.3226866], [8.9896263, 42.3222845], [8.989556, 42.32213], [8.9894635, 42.3223768], [8.9893507, 42.322767], [8.9891934, 42.3232048], [8.9892559, 42.3240135], [8.9895167, 42.324229], [8.9896756, 42.324248], [8.9899738, 42.3242382], [8.9905756, 42.3244459], [8.9909734, 42.3246079], [8.9915359, 42.3250319], [8.9917946, 42.3251745], [8.9925864, 42.3247305], [8.9933698, 42.3244071], [8.9936709, 42.3244592], [8.9936214, 42.3246848], [8.9936587, 42.3247923], [8.9937203, 42.3247884], [8.9939725, 42.3245881], [8.9940101, 42.3245593], [8.9940262, 42.3245345], [8.9940731, 42.3245434], [8.9941254, 42.3245345], [8.994159, 42.3245593], [8.9942729, 42.3245861], [8.9944419, 42.3245801], [8.9945975, 42.3245831], [8.9947879, 42.3245504], [8.9948778, 42.3245335], [8.9949596, 42.3245434], [8.9950535, 42.3245097], [8.9951017, 42.3244899], [8.9952385, 42.3244939], [8.9952694, 42.3245216], [8.995252, 42.3245623], [8.9952815, 42.324595], [8.9953901, 42.324597], [8.9954974, 42.3245881], [8.9956167, 42.3245355], [8.9957415, 42.3245295], [8.9959051, 42.3244948], [8.9960754, 42.3244968], [8.9962149, 42.3245028], [8.9962806, 42.3244532], [8.9963517, 42.3243659], [8.996404, 42.3242787], [8.9964107, 42.3242351], [8.9964442, 42.3242004], [8.9964992, 42.3242083], [8.9965796, 42.3242053], [8.9966936, 42.3241805], [8.9968009, 42.3240784], [8.9968519, 42.3239753], [8.9968948, 42.3238969], [8.9969082, 42.3238642], [8.9969914, 42.3238513], [8.9970195, 42.3239416], [8.9970732, 42.3239247], [8.9971362, 42.3239396], [8.9972743, 42.3240467], [8.997324, 42.3241131], [8.9973414, 42.3241488], [8.9974098, 42.3241785], [8.9974406, 42.3242192], [8.9974433, 42.3242648], [8.9974192, 42.3242876], [8.9974406, 42.3243213], [8.9975077, 42.3243421], [8.9976498, 42.3244463], [8.9977115, 42.324471], [8.9977504, 42.3244948], [8.997784, 42.3244948], [8.9978282, 42.3245405], [8.9978068, 42.3245881], [8.9977853, 42.3246277], [8.9978269, 42.3247973], [8.9979006, 42.3249847], [8.9979476, 42.325064], [8.997969, 42.3250828], [8.9980026, 42.3250551], [8.9980401, 42.3250561], [8.9980549, 42.3250739], [8.9980508, 42.3251671], [8.9981005, 42.3252474], [8.9981541, 42.3252772], [8.9983083, 42.3254725], [8.9984679, 42.3255746], [8.9985068, 42.3256252], [8.9985806, 42.3256381], [8.9987884, 42.3257719], [8.998885, 42.3258612], [8.9989293, 42.3259593], [8.9989199, 42.3260357], [8.9988837, 42.3260753], [8.9988649, 42.326116], [8.9987858, 42.3261636], [8.9987992, 42.32623], [8.9988461, 42.3262826], [8.9989534, 42.3263539], [8.9990956, 42.3264144], [8.9992055, 42.326469], [8.9993678, 42.3264967], [8.9995931, 42.3265473], [8.9999342, 42.3266489], [9.0002815, 42.326686], [9.0008538, 42.3270909], [9.0011072, 42.327314], [9.0018722, 42.3273963], [9.0023506, 42.3270421], [9.0023423, 42.3268409], [9.0021527, 42.3266915], [9.002391, 42.3265275], [9.0026972, 42.3264732], [9.0027374, 42.3262812], [9.0023516, 42.3258305], [9.00275, 42.3257951], [9.0029617, 42.3258495], [9.003219, 42.3257154], [9.00312, 42.3254569], [9.0035324, 42.3253154], [9.004, 42.3255], [9.0042185, 42.3255959], [9.0048222, 42.3255276], [9.0047694, 42.3256471], [9.0044593, 42.3258227], [9.0044956, 42.3261983], [9.0046181, 42.3263845], [9.0049212, 42.3264056], [9.0049338, 42.3266592], [9.0051191, 42.327047], [9.0060528, 42.3277378], [9.0060428, 42.3279567], [9.0058481, 42.3283713], [9.0062309, 42.3287598], [9.0062374, 42.3288908], [9.0064347, 42.3288951], [9.0065744, 42.3288136], [9.006771, 42.3284918], [9.0075, 42.32825], [9.0080739, 42.3282471], [9.0089745, 42.3285543], [9.0122169, 42.3299768], [9.0123001, 42.3300185], [9.0124798, 42.3300383], [9.0126702, 42.3300066], [9.0127829, 42.3300383], [9.0132737, 42.3300422], [9.0135151, 42.3300224], [9.0136465, 42.3299788], [9.0137512, 42.32993], [9.0139201, 42.3299907], [9.0139899, 42.3300343], [9.0143627, 42.3300383], [9.0144727, 42.3300165], [9.0145585, 42.3300085], [9.0146121, 42.3300363], [9.014816, 42.330068], [9.0150681, 42.3301354], [9.0153283, 42.3302326], [9.0156072, 42.3303754], [9.0159157, 42.3304408], [9.0160418, 42.3305043], [9.0161973, 42.3305598], [9.0162805, 42.3305994], [9.0163502, 42.3307125], [9.0163851, 42.330877], [9.0164736, 42.3310813], [9.0165621, 42.3312359], [9.016715, 42.3313886], [9.0168276, 42.3315135], [9.0168598, 42.3315611], [9.0170717, 42.3317079], [9.017128, 42.3317574], [9.017238, 42.3319061], [9.017517, 42.3321818], [9.0179193, 42.3324832], [9.017981, 42.3325724], [9.0180454, 42.33262], [9.0182881, 42.3327766], [9.0183257, 42.3327925], [9.0183686, 42.3328857], [9.0183994, 42.3330036], [9.0183806, 42.3330909], [9.0183364, 42.3331276], [9.0182385, 42.333194], [9.0181553, 42.3332495], [9.0181325, 42.3332792], [9.0181312, 42.3333377], [9.0181862, 42.3333804], [9.018213, 42.3333982], [9.0182653, 42.3334081], [9.0183149, 42.333418], [9.0183552, 42.3334517], [9.018378, 42.3334884], [9.0184464, 42.3335251], [9.0184879, 42.3335479], [9.0185148, 42.3335638], [9.0185563, 42.3335677], [9.0185992, 42.333542], [9.0186033, 42.3335083], [9.0186194, 42.3334567], [9.018736, 42.3333645], [9.0189909, 42.3332257], [9.0193623, 42.3329908], [9.0193628, 42.3328319], [9.0193364, 42.332566], [9.0192094, 42.3323166], [9.0188397, 42.3319473], [9.01868, 42.3317363], [9.0185, 42.3315], [9.018514, 42.3309413], [9.0186086, 42.3307026], [9.0187527, 42.3305337], [9.0189707, 42.3303873], [9.0191156, 42.3303873], [9.0193275, 42.3302782], [9.0194773, 42.3300872], [9.0196413, 42.3300998], [9.0202467, 42.3301521], [9.020696, 42.3301998], [9.0208244, 42.3302717], [9.0224322, 42.3295853], [9.0223638, 42.3294836], [9.0223608, 42.3294776], [9.0223682, 42.3294727], [9.0223779, 42.3294732], [9.0223928, 42.3294823], [9.0224185, 42.3295097], [9.0224673, 42.3295699], [9.0225463, 42.3295353], [9.0224949, 42.329469], [9.0224759, 42.3294425], [9.0224798, 42.3294255], [9.0224997, 42.329415], [9.0225225, 42.329407], [9.0225473, 42.3294141], [9.0225666, 42.3294323], [9.0226177, 42.3295034], [9.0226442, 42.3294928], [9.0226954, 42.3294697], [9.0226338, 42.3293799], [9.0226322, 42.3293649], [9.0226391, 42.3293551], [9.022646, 42.3293522], [9.022732, 42.3294551], [9.0236984, 42.3290417], [9.0233745, 42.3284926], [9.0235475, 42.3283007], [9.0230591, 42.3274296], [9.0228116, 42.3265176], [9.0225241, 42.3258183]]]}}, {"type": "Feature", "properties": {"name": "Lac de l'Alesani"}, "geometry": {"type": "Polygon", "coordinates": [[[9.4849567, 42.2979084], [9.4847336, 42.297921], [9.4844842, 42.2978367], [9.4843461, 42.2978317], [9.4842482, 42.2978774], [9.4841255, 42.2979002], [9.4838918, 42.297839], [9.4836661, 42.2976869], [9.4835508, 42.2976373], [9.4832284, 42.2976427], [9.482259, 42.2979044], [9.4820548, 42.2979174], [9.4816188, 42.2978818], [9.4801854, 42.2973644], [9.4794175, 42.2970952], [9.4792642, 42.2971395], [9.4787887, 42.2970064], [9.4785284, 42.2969738], [9.4782544, 42.2970397], [9.4780528, 42.2971444], [9.4779045, 42.2973131], [9.4777197, 42.29734], [9.477594, 42.2974838], [9.4775462, 42.2976392], [9.4773133, 42.2978062], [9.4767161, 42.2976563], [9.4752853, 42.296683], [9.4748225, 42.2968272], [9.4746451, 42.2967616], [9.4743413, 42.2967935], [9.4740103, 42.2965544], [9.4736741, 42.2964716], [9.4732832, 42.2961533], [9.4733194, 42.296734], [9.4731093, 42.2968548], [9.4728525, 42.2968514], [9.4727405, 42.2966857], [9.4724558, 42.2966857], [9.472, 42.297], [9.4716622, 42.298053], [9.471, 42.299], [9.47075, 42.29925], [9.4706585, 42.2994997], [9.470019, 42.2994341], [9.4697856, 42.2991752], [9.4692785, 42.2989019], [9.4685485, 42.2990681], [9.4683291, 42.2992235], [9.468147, 42.2991613], [9.4680768, 42.2993087], [9.4673553, 42.2995691], [9.4671434, 42.2994583], [9.4668026, 42.2994445], [9.4665832, 42.2994445], [9.4664852, 42.2995239], [9.4659046, 42.2988881], [9.4652112, 42.2986084], [9.464646, 42.2985429], [9.4657569, 42.2991061], [9.4658783, 42.2992891], [9.4665353, 42.2998481], [9.4667826, 42.3000405], [9.4668341, 42.3001599], [9.466896, 42.3002317], [9.466745, 42.3003015], [9.4667793, 42.3003905], [9.4665318, 42.3005355], [9.4663324, 42.300509], [9.4658175, 42.3007141], [9.4655666, 42.3008655], [9.4655, 42.301], [9.4652361, 42.3013501], [9.4651977, 42.3019253], [9.4654156, 42.302388], [9.4653906, 42.3026666], [9.464609, 42.3032535], [9.4646783, 42.3033413], [9.4648343, 42.3034837], [9.4653271, 42.3032038], [9.4660302, 42.3028459], [9.4661883, 42.3026149], [9.4662292, 42.3023964], [9.4661323, 42.3018423], [9.4660763, 42.301497], [9.4660156, 42.3013106], [9.4660866, 42.3011879], [9.4662083, 42.3010435], [9.4666242, 42.3008701], [9.4666704, 42.3008018], [9.4668718, 42.3007651], [9.4669543, 42.3006992], [9.4670863, 42.3006772], [9.467184, 42.300583], [9.4674923, 42.3004917], [9.4675353, 42.3004136], [9.4677531, 42.3003916], [9.4678786, 42.3004526], [9.4681063, 42.3003892], [9.4680799, 42.3001938], [9.4685669, 42.2999536], [9.4689084, 42.3000669], [9.4691626, 42.3003696], [9.4694993, 42.3005991], [9.4697403, 42.3007676], [9.4701166, 42.3008384], [9.4701529, 42.3009409], [9.4700803, 42.3012192], [9.47011, 42.301334], [9.4702255, 42.301207], [9.4704142, 42.3011353], [9.470681, 42.3010801], [9.4708989, 42.3009653], [9.4710375, 42.3009531], [9.4711662, 42.3009922], [9.4715491, 42.3009458], [9.4717868, 42.3008359], [9.4717307, 42.3006797], [9.4722654, 42.3002427], [9.4722687, 42.3000083], [9.4724107, 42.2998301], [9.4729703, 42.2994219], [9.4730577, 42.2995078], [9.47316, 42.2994687], [9.4732887, 42.2995054], [9.4738334, 42.2994468], [9.4740512, 42.299581], [9.4740644, 42.2997593], [9.4742328, 42.2998594], [9.4743516, 42.2999228], [9.4743318, 42.2997886], [9.4744704, 42.2996592], [9.4748599, 42.2997446], [9.4751537, 42.2999399], [9.4754178, 42.2999741], [9.475684, 42.2999194], [9.4760747, 42.2999936], [9.4764477, 42.2998545], [9.4767844, 42.299852], [9.4770385, 42.2999766], [9.4773323, 42.2997348], [9.4779067, 42.2995908], [9.4780561, 42.2994585], [9.4783985, 42.2994175], [9.4784406, 42.2995195], [9.4786708, 42.299728], [9.4787814, 42.2998862], [9.4789729, 42.3000962], [9.4791155, 42.3001294], [9.4791148, 42.299791], [9.4792095, 42.2994292], [9.4792501, 42.2993125], [9.4792567, 42.2991904], [9.4793419, 42.2991213], [9.4794449, 42.2991587], [9.479629, 42.2991593], [9.47975, 42.29925], [9.4799277, 42.2995701], [9.4801121, 42.2996806], [9.4803409, 42.2996875], [9.4807797, 42.2995822], [9.4810551, 42.2996254], [9.4812978, 42.2997272], [9.4818969, 42.299873], [9.4824134, 42.299967], [9.4825917, 42.2999747], [9.4829115, 42.2996173], [9.4830114, 42.299583], [9.4832127, 42.299536], [9.4833496, 42.2994585], [9.4834884, 42.2992973], [9.4837045, 42.2991405], [9.4840506, 42.2992028], [9.4843214, 42.2992891], [9.4850879, 42.29929], [9.4849887, 42.2986153], [9.4849589, 42.2980424], [9.4849567, 42.2979084]]]}}, {"type": "Feature", "properties": {"name": "Réservoir de Peri"}, "geometry": {"type": "Polygon", "coordinates": [[[9.519201, 42.2670395], [9.5187864, 42.2671287], [9.5184852, 42.2673501], [9.5181615, 42.2673574], [9.517893, 42.2670735], [9.5169722, 42.2669486], [9.5160511, 42.2668865], [9.5155219, 42.2672863], [9.5149849, 42.2673384], [9.5147208, 42.2675599], [9.5143257, 42.2676563], [9.513999, 42.2678791], [9.5135211, 42.2678477], [9.51325, 42.2675], [9.5127359, 42.2672761], [9.5125, 42.268], [9.5123528, 42.2682569], [9.511851, 42.2682178], [9.5111996, 42.2679768], [9.5112348, 42.2683156], [9.5102136, 42.2682113], [9.5097447, 42.2680651], [9.5094419, 42.2683868], [9.5094917, 42.2685892], [9.5090616, 42.269], [9.5093509, 42.2693904], [9.5094037, 42.2697161], [9.5096502, 42.269905], [9.5093466, 42.2705645], [9.5091766, 42.2708983], [9.5094609, 42.2711722], [9.5100403, 42.2708547], [9.5106236, 42.2703205], [9.511312, 42.2703589], [9.5114348, 42.2702451], [9.5114789, 42.2696469], [9.5121101, 42.2692734], [9.5123651, 42.269571], [9.5130444, 42.2694504], [9.5130229, 42.2693472], [9.5134912, 42.2693282], [9.51375, 42.2695], [9.5132373, 42.2697025], [9.5131956, 42.2700189], [9.5129981, 42.2702178], [9.5124361, 42.2704331], [9.5121786, 42.2709689], [9.5123573, 42.2710902], [9.5126818, 42.2711828], [9.5128593, 42.2714362], [9.5130953, 42.2713945], [9.5133408, 42.2711141], [9.5139736, 42.2707685], [9.5143772, 42.2702157], [9.5147205, 42.2699682], [9.5147816, 42.2697351], [9.5153431, 42.2693984], [9.5157096, 42.2696145], [9.5158487, 42.2696205], [9.516, 42.2695], [9.5161761, 42.2688632], [9.5166507, 42.2687349], [9.5170317, 42.2690261], [9.5173082, 42.2690484], [9.5174117, 42.268279], [9.5176515, 42.2682501], [9.5180536, 42.2685912], [9.5183773, 42.2686638], [9.5188579, 42.2685259], [9.5187086, 42.268296], [9.518715, 42.2680867], [9.5193032, 42.26788], [9.5193604, 42.267601], [9.5191928, 42.267397], [9.519201, 42.2670395]]]}}, {"type": "Feature", "properties": {"name": "Étang de Terrenzana"}, "geometry": {"type": "Polygon", "coordinates": [[[9.5446493, 42.1622552], [9.5442938, 42.1626811], [9.5440939, 42.1630544], [9.5443301, 42.1632027], [9.5443857, 42.1632101], [9.5445059, 42.163226], [9.544532, 42.1634562], [9.5447016, 42.1637289], [9.5447802, 42.1639128], [9.5451138, 42.1634968], [9.5453234, 42.1629432], [9.5457908, 42.1623464], [9.5458231, 42.1617175], [9.5456104, 42.1607606], [9.546, 42.15975], [9.546052, 42.1597146], [9.5464683, 42.1594314], [9.547, 42.1595], [9.5475, 42.1595], [9.5479121, 42.1598519], [9.5482972, 42.1597069], [9.5481807, 42.1594065], [9.5484309, 42.1593239], [9.5484229, 42.1590724], [9.5485639, 42.1588364], [9.5486246, 42.1585842], [9.5486896, 42.1583612], [9.5487723, 42.1578984], [9.5489755, 42.1575845], [9.55025, 42.15725], [9.5504782, 42.1570285], [9.5507166, 42.1570437], [9.5508944, 42.1572539], [9.5511527, 42.1572839], [9.551174, 42.157348], [9.551216, 42.1575528], [9.5513988, 42.1576926], [9.5515899, 42.1577608], [9.5517461, 42.1577747], [9.5519796, 42.1577958], [9.5522391, 42.1580078], [9.5523093, 42.1580793], [9.5523305, 42.1581552], [9.552233, 42.1582939], [9.5519379, 42.1584299], [9.5518164, 42.1585043], [9.5518048, 42.1585899], [9.5517971, 42.1587319], [9.5518521, 42.1587997], [9.5519618, 42.1588301], [9.5520382, 42.1589103], [9.5520604, 42.1590591], [9.5520258, 42.1593906], [9.5520828, 42.1594572], [9.5522133, 42.1595786], [9.5522751, 42.1597596], [9.5524286, 42.1598883], [9.5524859, 42.1599905], [9.5523924, 42.160113], [9.5523441, 42.160277], [9.5524413, 42.1604189], [9.552615, 42.160615], [9.5527299, 42.1607243], [9.553109, 42.160853], [9.5532185, 42.1608009], [9.5533276, 42.1607199], [9.5533966, 42.160477], [9.5533722, 42.1600819], [9.5532822, 42.159681], [9.5531461, 42.1595622], [9.5529483, 42.159393], [9.5529141, 42.1592337], [9.5530736, 42.1591347], [9.5533043, 42.1589836], [9.5534689, 42.1588615], [9.5536164, 42.1587108], [9.5537488, 42.1585294], [9.5537312, 42.158177], [9.553771, 42.1579099], [9.5537291, 42.157704], [9.5531799, 42.1572131], [9.5532198, 42.1571653], [9.5532484, 42.157055], [9.5532375, 42.1569649], [9.5533233, 42.1567799], [9.5533573, 42.156739], [9.5534569, 42.1566191], [9.5534438, 42.1559333], [9.5535575, 42.1555395], [9.5535624, 42.1553319], [9.5534281, 42.1552116], [9.553414, 42.155134], [9.5534762, 42.1549974], [9.553552, 42.1548856], [9.553577, 42.1547199], [9.5536562, 42.1546775], [9.5537184, 42.1546124], [9.553762, 42.1545603], [9.5538336, 42.1545292], [9.5539154, 42.1545222], [9.553965, 42.1544357], [9.5539928, 42.1543349], [9.5540046, 42.1542774], [9.5539959, 42.1542228], [9.5539268, 42.1542181], [9.5538778, 42.1542225], [9.5537494, 42.1542647], [9.5536335, 42.1542606], [9.5535474, 42.1542902], [9.5533761, 42.1542928], [9.5532776, 42.1542927], [9.5531414, 42.1543364], [9.5530269, 42.1543668], [9.5528599, 42.154418], [9.5526961, 42.1544259], [9.5524726, 42.1543834], [9.55233, 42.1543146], [9.5522558, 42.1542317], [9.5522598, 42.1541643], [9.5521504, 42.1542179], [9.5520776, 42.1542192], [9.5518518, 42.1541645], [9.5516431, 42.1541671], [9.5514599, 42.1539869], [9.5512343, 42.1533056], [9.5511787, 42.1529794], [9.5508596, 42.1528568], [9.5505159, 42.1529333], [9.5499631, 42.153121], [9.5495573, 42.1535668], [9.549249, 42.1538504], [9.5490604, 42.1542119], [9.5491674, 42.1545349], [9.5495787, 42.1547732], [9.5501187, 42.1549602], [9.5502156, 42.1551483], [9.5499623, 42.1553422], [9.5494839, 42.1554047], [9.5491977, 42.1553001], [9.5489114, 42.1548962], [9.5484707, 42.1549078], [9.5476172, 42.1547944], [9.5469684, 42.1548245], [9.5465831, 42.1546223], [9.546288, 42.1542604], [9.5459748, 42.1544988], [9.5458499, 42.1546089], [9.54589, 42.1550272], [9.5463096, 42.1552758], [9.5467787, 42.1556835], [9.5469869, 42.1559115], [9.5469941, 42.1561332], [9.5468524, 42.1563524], [9.546504, 42.1564081], [9.545995, 42.1564603], [9.5455475, 42.1566664], [9.5452194, 42.1566494], [9.5449594, 42.1567844], [9.5447679, 42.1572484], [9.5447928, 42.1575498], [9.5446529, 42.157785], [9.5444421, 42.1579709], [9.5443889, 42.1580767], [9.5447577, 42.1580696], [9.5452361, 42.1579424], [9.5456095, 42.1575307], [9.5459673, 42.1573626], [9.5461882, 42.1573706], [9.546323, 42.1575299], [9.5459568, 42.1584288], [9.5450302, 42.1596656], [9.5447532, 42.1599215], [9.5444903, 42.1603503], [9.5444079, 42.1607419], [9.5445662, 42.1611183], [9.5448266, 42.1614798], [9.5449522, 42.1617724], [9.5446493, 42.1622552]]]}}, {"type": "Feature", "properties": {"name": "Étang de Palo"}, "geometry": {"type": "Polygon", "coordinates": [[[9.4064469, 41.9553618], [9.4064206, 41.9550119], [9.4065329, 41.9548912], [9.4068589, 41.9546242], [9.4069093, 41.9550162], [9.4070453, 41.9551272], [9.4071999, 41.955275], [9.4073942, 41.9553227], [9.4074665, 41.9552531], [9.4075293, 41.9547843], [9.4077978, 41.9547097], [9.4081416, 41.9551328], [9.4085867, 41.9551991], [9.4090132, 41.9548537], [9.4088827, 41.9545507], [9.4086339, 41.9540474], [9.4094732, 41.9538183], [9.4107218, 41.9539882], [9.4108323, 41.9540023], [9.4113078, 41.9540323], [9.4117484, 41.9539021], [9.4118491, 41.9542308], [9.4119339, 41.9545713], [9.4117791, 41.9550538], [9.4117367, 41.9554838], [9.4119194, 41.9559333], [9.4118877, 41.9572705], [9.4119635, 41.9573006], [9.412157, 41.956583], [9.4126212, 41.9566953], [9.4137346, 41.9580338], [9.4137355, 41.9578679], [9.4134416, 41.9574691], [9.4126916, 41.956656], [9.4121338, 41.9564995], [9.4122495, 41.955984], [9.4123238, 41.9557727], [9.4121011, 41.9558242], [9.4119476, 41.9556613], [9.4119257, 41.9552427], [9.4119778, 41.9548651], [9.4120472, 41.9546203], [9.4120107, 41.9542778], [9.4118657, 41.9537866], [9.4119467, 41.9535604], [9.4118384, 41.9534148], [9.4114833, 41.9532762], [9.41143, 41.9531539], [9.4114147, 41.9530166], [9.4114274, 41.9528222], [9.4114349, 41.9525586], [9.4113294, 41.9522298], [9.4111987, 41.9511723], [9.4108364, 41.9503072], [9.4103846, 41.9495646], [9.4100657, 41.949244], [9.4098561, 41.9491515], [9.4102722, 41.9484333], [9.4105087, 41.9475161], [9.4104625, 41.9464237], [9.4101586, 41.9458564], [9.4101424, 41.9456521], [9.4098323, 41.9451492], [9.409595, 41.9444706], [9.4096307, 41.9442782], [9.4095889, 41.9434185], [9.4094927, 41.9426399], [9.4094302, 41.9421019], [9.4095626, 41.9414817], [9.4095859, 41.9406859], [9.4097108, 41.9403752], [9.4097255, 41.9401798], [9.4099945, 41.9398358], [9.4102087, 41.9395755], [9.4104001, 41.9395311], [9.4104272, 41.9393828], [9.4111028, 41.9391177], [9.4113562, 41.9389561], [9.4118014, 41.9389019], [9.4120359, 41.9386606], [9.4122443, 41.938483], [9.4124526, 41.9382202], [9.4131972, 41.9369484], [9.4131634, 41.9367614], [9.4131721, 41.9363791], [9.4126898, 41.9367433], [9.4122634, 41.9373521], [9.4116676, 41.9378202], [9.4109973, 41.9381708], [9.4105846, 41.9382412], [9.4101422, 41.9381091], [9.4097903, 41.9379103], [9.4092714, 41.9378409], [9.4088454, 41.9379897], [9.408491, 41.9381712], [9.4081513, 41.9383178], [9.4078869, 41.9382413], [9.407175, 41.9383533], [9.4068464, 41.9382984], [9.4067198, 41.9384773], [9.4061661, 41.9384444], [9.4061226, 41.938745], [9.4058245, 41.9389405], [9.4053262, 41.9390693], [9.4040226, 41.9390903], [9.402719, 41.939029], [9.4021375, 41.9391467], [9.4015897, 41.938839], [9.4011752, 41.9387216], [9.4006692, 41.9386721], [9.4002616, 41.9385404], [9.3999069, 41.9385768], [9.3993285, 41.9387476], [9.3994147, 41.9387441], [9.4002123, 41.9387114], [9.4006374, 41.9388283], [9.4011683, 41.9389024], [9.4014262, 41.939113], [9.401561, 41.9391939], [9.4017694, 41.9393179], [9.4018424, 41.9394075], [9.4022141, 41.9395813], [9.4023931, 41.9395977], [9.4027116, 41.9395368], [9.4025596, 41.9396195], [9.4022169, 41.9396878], [9.4019629, 41.9396721], [9.4015332, 41.9396517], [9.401237, 41.9393823], [9.4007511, 41.9391089], [9.4004948, 41.9390725], [9.4002529, 41.9391659], [9.4002093, 41.9393529], [9.4003113, 41.9395024], [9.4009304, 41.9397109], [9.4020271, 41.9399977], [9.4021912, 41.9399614], [9.4026558, 41.9397914], [9.4029437, 41.9397064], [9.4036001, 41.9399058], [9.4039906, 41.9400043], [9.4042335, 41.9400225], [9.4045972, 41.9399909], [9.4047563, 41.9399354], [9.4051149, 41.9399936], [9.4053905, 41.940028], [9.4056382, 41.9400156], [9.4058885, 41.9399689], [9.4061259, 41.9399978], [9.4062927, 41.9400921], [9.4064402, 41.9401816], [9.4064808, 41.9402315], [9.4064752, 41.9402781], [9.40637, 41.9405684], [9.4064161, 41.9407649], [9.4063939, 41.9409051], [9.4062935, 41.94102], [9.406164, 41.9411408], [9.4061046, 41.9412129], [9.4060167, 41.9412465], [9.405912, 41.9412993], [9.4058495, 41.9413918], [9.4058608, 41.9414454], [9.4058318, 41.9414754], [9.4057747, 41.9415433], [9.40573, 41.9416266], [9.4057469, 41.9417544], [9.4057886, 41.9419108], [9.4057832, 41.9420319], [9.4057519, 41.9420902], [9.4056644, 41.9421762], [9.4055255, 41.9423337], [9.4054536, 41.9424388], [9.4053143, 41.9426407], [9.4052944, 41.9426802], [9.4053835, 41.9430692], [9.4054928, 41.9432033], [9.4055698, 41.943265], [9.405744, 41.943377], [9.4058876, 41.9434566], [9.4060148, 41.9435574], [9.4061294, 41.9437154], [9.4061724, 41.9438114], [9.4059997, 41.9439308], [9.4058539, 41.9440747], [9.4057693, 41.9441624], [9.4057222, 41.9441996], [9.4055834, 41.9442363], [9.4054013, 41.9442476], [9.4051886, 41.9442507], [9.4050976, 41.9442564], [9.4048829, 41.9443381], [9.4040662, 41.944457], [9.4039996, 41.9444611], [9.4038163, 41.9444725], [9.4032779, 41.9444096], [9.40275, 41.9445], [9.4022459, 41.9444422], [9.4020694, 41.9444354], [9.4018898, 41.9445281], [9.4013636, 41.9444082], [9.4012312, 41.9444129], [9.4007239, 41.9443344], [9.4005325, 41.9443214], [9.4004004, 41.9443296], [9.4002283, 41.9443615], [9.4002939, 41.944439], [9.4003948, 41.9445355], [9.4006066, 41.944604], [9.4015507, 41.9448556], [9.4015856, 41.9449917], [9.4016042, 41.9451029], [9.4016758, 41.9451685], [9.4017819, 41.9451912], [9.4020366, 41.9451773], [9.4023035, 41.9451544], [9.402492, 41.9453229], [9.4025262, 41.945511], [9.4024217, 41.9455787], [9.4022302, 41.9455229], [9.4020832, 41.9454758], [9.401907, 41.9454389], [9.4016646, 41.9453807], [9.4014675, 41.9453855], [9.4012439, 41.9454422], [9.4010578, 41.9455238], [9.4008805, 41.9456239], [9.400713, 41.9457409], [9.4006272, 41.9458022], [9.4005292, 41.9457813], [9.4004171, 41.9457334], [9.4003045, 41.9456699], [9.4002535, 41.9456374], [9.4001477, 41.9456043], [9.4000289, 41.945631], [9.3999085, 41.9456628], [9.399746, 41.9457639], [9.3995997, 41.9458672], [9.3994217, 41.9459489], [9.3994115, 41.9459959], [9.3994543, 41.9460312], [9.3995893, 41.9460332], [9.3996954, 41.9460056], [9.3997699, 41.9459569], [9.3998787, 41.9458603], [9.4000473, 41.9458307], [9.4001921, 41.9458747], [9.4002415, 41.945962], [9.4002045, 41.9460904], [9.4001576, 41.9462096], [9.3999261, 41.9462347], [9.3998353, 41.9463244], [9.3999006, 41.9463309], [9.4000694, 41.9463454], [9.4003629, 41.9462432], [9.4005774, 41.9461376], [9.4006659, 41.946141], [9.400527, 41.9463591], [9.4001876, 41.9464681], [9.4001834, 41.9465788], [9.4003961, 41.9467128], [9.4004855, 41.9467234], [9.4006025, 41.9467359], [9.4007259, 41.9467294], [9.400829, 41.9467681], [9.4009321, 41.9468191], [9.4010527, 41.9468905], [9.4010931, 41.9469726], [9.4010797, 41.9470286], [9.401124, 41.9470989], [9.4010577, 41.9471808], [9.4011505, 41.9473583], [9.4011469, 41.9474699], [9.401364, 41.9475956], [9.401598, 41.9476349], [9.4018277, 41.9476457], [9.4020715, 41.947595], [9.4020873, 41.9477229], [9.4022011, 41.9477763], [9.4023602, 41.9476852], [9.4024942, 41.9476612], [9.4025946, 41.9477548], [9.402628, 41.9479029], [9.4027369, 41.9480077], [9.4031494, 41.9483704], [9.4033624, 41.9485067], [9.4034275, 41.9486025], [9.4033975, 41.9487551], [9.4032648, 41.9487916], [9.4029973, 41.9490149], [9.4028934, 41.9490965], [9.4033451, 41.9492432], [9.4034895, 41.9489192], [9.4035405, 41.9487167], [9.4036169, 41.9485611], [9.4037843, 41.9485535], [9.4042224, 41.9485438], [9.4044052, 41.9484906], [9.4047826, 41.9485257], [9.4053075, 41.9486825], [9.4056724, 41.9488501], [9.4059715, 41.948982], [9.4062282, 41.9490287], [9.406543, 41.9490484], [9.4067884, 41.9490035], [9.4070166, 41.9489204], [9.4072607, 41.9488718], [9.4074758, 41.9488557], [9.4076178, 41.9489182], [9.4076531, 41.9491935], [9.4075773, 41.9494092], [9.4075701, 41.9495637], [9.4074328, 41.9496663], [9.4072543, 41.9497807], [9.4070621, 41.9498718], [9.4069081, 41.950002], [9.4068636, 41.9501509], [9.4068617, 41.9502738], [9.4068466, 41.9504366], [9.4068773, 41.9506478], [9.4069003, 41.950841], [9.4069185, 41.9510375], [9.4069092, 41.9512463], [9.4068651, 41.9514065], [9.4068287, 41.9516811], [9.4066191, 41.9518193], [9.4062973, 41.95177], [9.4060225, 41.9517648], [9.405765, 41.9516744], [9.4054978, 41.9512039], [9.4052124, 41.9509326], [9.4048106, 41.9506239], [9.4044586, 41.9504001], [9.4042825, 41.9502157], [9.4038372, 41.9499236], [9.4037322, 41.949777], [9.4034242, 41.9497546], [9.4030616, 41.9497263], [9.4028245, 41.9496665], [9.4024039, 41.9497], [9.4022494, 41.9498392], [9.4020462, 41.9498782], [9.4016716, 41.9500014], [9.4010193, 41.9501795], [9.4005478, 41.9503072], [9.4002282, 41.9503664], [9.400008, 41.950453], [9.400045, 41.9506326], [9.3997702, 41.950763], [9.399705, 41.9509168], [9.399655, 41.9512416], [9.3993532, 41.9513727], [9.3988574, 41.9515138], [9.3984267, 41.9516549], [9.3983886, 41.9518885], [9.3983596, 41.952066], [9.3985822, 41.9521033], [9.3989019, 41.9518837], [9.3993566, 41.9517854], [9.3996619, 41.9517567], [9.4001925, 41.9517478], [9.4006065, 41.9517087], [9.4008952, 41.9517554], [9.4013937, 41.951836], [9.4019171, 41.9521153], [9.4018545, 41.9522685], [9.4019912, 41.9526077], [9.4023307, 41.9528647], [9.4029195, 41.9529501], [9.4033474, 41.9532345], [9.4031434, 41.9534721], [9.402645, 41.953602], [9.4026609, 41.9538469], [9.4026224, 41.9540731], [9.4025865, 41.9541787], [9.4025458, 41.954283], [9.4025959, 41.9544884], [9.4027171, 41.9545369], [9.4030581, 41.9546209], [9.4033692, 41.9546609], [9.4037657, 41.9546923], [9.4043174, 41.9547311], [9.404493, 41.9546965], [9.4047586, 41.9547069], [9.4048843, 41.9547295], [9.4051326, 41.9547471], [9.4052052, 41.9547816], [9.4052526, 41.9548274], [9.4051864, 41.9548858], [9.4050518, 41.954962], [9.4048843, 41.9550079], [9.4047908, 41.9550459], [9.4045542, 41.9552471], [9.4044542, 41.9553483], [9.4044436, 41.9554371], [9.4044665, 41.9556425], [9.4044286, 41.9557313], [9.4042124, 41.9558906], [9.4041117, 41.9559429], [9.4040234, 41.9559887], [9.4039506, 41.9560085], [9.403848, 41.9559843], [9.4037619, 41.9559456], [9.4036747, 41.955856], [9.4035247, 41.9557941], [9.4028791, 41.95579], [9.4027439, 41.9559018], [9.4033003, 41.9560233], [9.4033431, 41.9561428], [9.4032019, 41.9562414], [9.4032064, 41.9563835], [9.4034715, 41.9565418], [9.4035551, 41.9567214], [9.4035124, 41.9568275], [9.4034411, 41.9569624], [9.4033144, 41.9572941], [9.403292, 41.9574193], [9.4031915, 41.9575171], [9.4030858, 41.9575677], [9.4029503, 41.9575744], [9.40271, 41.9575384], [9.402035, 41.9573513], [9.4011487, 41.9572451], [9.4010751, 41.9572785], [9.4010651, 41.9574131], [9.4011019, 41.95756], [9.4010941, 41.9577148], [9.4010478, 41.9578499], [9.4009016, 41.9579861], [9.400732, 41.9580746], [9.4004609, 41.9581084], [9.4007563, 41.9583546], [9.4010928, 41.9583982], [9.4013479, 41.9585062], [9.4014781, 41.9588813], [9.4014718, 41.9591054], [9.4012522, 41.9597152], [9.401747, 41.9599708], [9.4020687, 41.9599404], [9.4021958, 41.9598551], [9.4024392, 41.9597135], [9.4027394, 41.9595754], [9.4030661, 41.9595059], [9.4032408, 41.9595092], [9.4033651, 41.9595261], [9.4039059, 41.9595172], [9.4045104, 41.9597012], [9.4047849, 41.9597124], [9.4051268, 41.9597369], [9.4058504, 41.9595936], [9.4059292, 41.9594973], [9.4057751, 41.9587474], [9.4057351, 41.9584722], [9.405494, 41.958125], [9.4054686, 41.9580668], [9.4054636, 41.9580214], [9.405517, 41.9579513], [9.4056161, 41.9577834], [9.405709, 41.9575596], [9.405688, 41.9574555], [9.4056272, 41.9573748], [9.4053229, 41.9570948], [9.4050868, 41.956793], [9.404968, 41.9566141], [9.4049407, 41.9564962], [9.4049404, 41.9564083], [9.405066, 41.9562669], [9.4050996, 41.9561031], [9.405193, 41.9555453], [9.405303, 41.9553487], [9.4054301, 41.9552634], [9.4055447, 41.9552353], [9.4057128, 41.9551791], [9.4060444, 41.9552853], [9.4062944, 41.9555255], [9.4062024, 41.955876], [9.4065173, 41.9559061], [9.4066706, 41.9557327], [9.4064469, 41.9553618]]]}}, {"type": "Feature", "properties": {"name": "Étang de Diane"}, "geometry": {"type": "Polygon", "coordinates": [[[9.5527954, 42.1422596], [9.5527875, 42.1420317], [9.5530079, 42.1417677], [9.5531125, 42.1415132], [9.5532508, 42.1412205], [9.5532479, 42.1405499], [9.553221, 42.1399739], [9.5529949, 42.1397402], [9.5529115, 42.1393671], [9.5528617, 42.1390471], [9.5525872, 42.138806], [9.5522348, 42.1386443], [9.5517909, 42.1385579], [9.5515524, 42.1386923], [9.551459, 42.1388014], [9.551327, 42.1387661], [9.5511814, 42.1386013], [9.5509856, 42.138302], [9.5507088, 42.1382271], [9.5504318, 42.1381764], [9.55, 42.1380794], [9.5499101, 42.1378763], [9.549952, 42.1376988], [9.5500392, 42.1374854], [9.5498239, 42.1373135], [9.5496005, 42.1371557], [9.5489813, 42.13705], [9.5486309, 42.137082], [9.5482043, 42.1372028], [9.547842, 42.1374155], [9.5475948, 42.137719], [9.5476222, 42.1379012], [9.5475848, 42.1379831], [9.5474388, 42.1379959], [9.5473237, 42.1379227], [9.546972, 42.137814], [9.5466095, 42.1377463], [9.5463342, 42.137693], [9.5460544, 42.1376222], [9.545593, 42.1374659], [9.5455046, 42.1373685], [9.5453838, 42.1371524], [9.5454332, 42.1369754], [9.5457163, 42.1367637], [9.5459599, 42.136733], [9.5461541, 42.1367436], [9.5465894, 42.13679], [9.5470332, 42.1366856], [9.5472701, 42.1364787], [9.5478898, 42.1355769], [9.5483481, 42.1347142], [9.5487182, 42.1337327], [9.548734, 42.133159], [9.5484409, 42.1326435], [9.5476339, 42.1323421], [9.5467347, 42.132037], [9.5464137, 42.1317255], [9.5460973, 42.1315404], [9.5454584, 42.1312547], [9.5447842, 42.1310765], [9.5443055, 42.1309761], [9.5441239, 42.1308644], [9.5439799, 42.1303615], [9.5437256, 42.1299638], [9.5434876, 42.1297315], [9.5429835, 42.1296146], [9.542525, 42.1294292], [9.5422264, 42.1292691], [9.5420377, 42.1289963], [9.541996, 42.1286069], [9.541764, 42.128209], [9.5415501, 42.12776], [9.5413904, 42.1273193], [9.5412222, 42.12719], [9.5411555, 42.1269556], [9.5410248, 42.1267977], [9.5409929, 42.1265831], [9.5406566, 42.1260991], [9.5406993, 42.1259194], [9.5407056, 42.1253906], [9.5405471, 42.1244085], [9.5402233, 42.1235045], [9.5400618, 42.1233467], [9.5401359, 42.1232054], [9.5401671, 42.1230017], [9.5402039, 42.1229255], [9.5402835, 42.1227189], [9.5402908, 42.1223352], [9.5403688, 42.1222444], [9.540409, 42.121886], [9.5404209, 42.1216686], [9.5403807, 42.1212371], [9.5397065, 42.1200125], [9.5395953, 42.1198606], [9.5393712, 42.119639], [9.5390512, 42.1193897], [9.538226, 42.1190669], [9.5378429, 42.1190455], [9.5374958, 42.1189491], [9.5366829, 42.1187017], [9.5352818, 42.1187181], [9.5339057, 42.1188422], [9.5325254, 42.1188694], [9.5308272, 42.1191474], [9.5304538, 42.1192331], [9.5300793, 42.1192567], [9.5298041, 42.1193419], [9.5296999, 42.1193249], [9.5296426, 42.1191696], [9.5295815, 42.1190532], [9.5291515, 42.1188962], [9.5288554, 42.1187993], [9.5284222, 42.1187846], [9.5280041, 42.1188009], [9.5276136, 42.118899], [9.5271233, 42.1188809], [9.5267111, 42.1190102], [9.5263763, 42.1189906], [9.526077, 42.1190656], [9.5256558, 42.1191712], [9.5247623, 42.1192685], [9.5243959, 42.119151], [9.5240114, 42.1190347], [9.5238361, 42.1190457], [9.5234749, 42.1189733], [9.5224427, 42.1192647], [9.5208142, 42.1199878], [9.5203626, 42.120257], [9.5192682, 42.1209095], [9.5191199, 42.1209979], [9.5187175, 42.1213068], [9.5182325, 42.1218086], [9.5180433, 42.1222873], [9.5180902, 42.1223795], [9.518418, 42.1226399], [9.5186438, 42.1227526], [9.5188025, 42.1227562], [9.5189376, 42.1228202], [9.5190143, 42.1228859], [9.5189445, 42.1229352], [9.5187501, 42.1230725], [9.5185438, 42.1230146], [9.5183879, 42.1229819], [9.5180002, 42.1232541], [9.5175751, 42.1231958], [9.5168615, 42.1233187], [9.5164468, 42.1237289], [9.5165042, 42.1240464], [9.516244, 42.1242235], [9.5158385, 42.1241582], [9.5156357, 42.1240461], [9.5154072, 42.1240401], [9.5148193, 42.1245481], [9.514197, 42.1252802], [9.5140892, 42.1255603], [9.5142239, 42.1258561], [9.5149995, 42.1267421], [9.5160099, 42.1277401], [9.5163465, 42.1280443], [9.5164288, 42.1282079], [9.5164898, 42.1283293], [9.5165031, 42.1283686], [9.5166075, 42.1285158], [9.5167947, 42.128929], [9.5167495, 42.1290038], [9.5164116, 42.1291223], [9.5163892, 42.1291638], [9.5166131, 42.1295707], [9.5167594, 42.1298564], [9.5173022, 42.1296829], [9.5173377, 42.1297763], [9.5169311, 42.1299307], [9.5168853, 42.1300217], [9.5169872, 42.1302027], [9.5172362, 42.1303093], [9.5173493, 42.1303061], [9.5174689, 42.1302612], [9.517622, 42.1303013], [9.517818, 42.1304449], [9.5179235, 42.1304608], [9.5180391, 42.1304491], [9.5181844, 42.1304159], [9.5182925, 42.1303989], [9.5183639, 42.1304217], [9.5184646, 42.1305007], [9.5185099, 42.1305764], [9.5185305, 42.1306366], [9.5186335, 42.130736], [9.5188174, 42.130861], [9.5192618, 42.1315844], [9.5196218, 42.1319682], [9.5197799, 42.1320675], [9.5203509, 42.1324107], [9.5212677, 42.1329302], [9.5217103, 42.1331517], [9.52225, 42.1333398], [9.5229979, 42.1335831], [9.5238148, 42.1337879], [9.5240086, 42.1339445], [9.5240721, 42.1339937], [9.5243051, 42.1340982], [9.5244129, 42.1340769], [9.5246086, 42.1340309], [9.5247779, 42.1339237], [9.5249286, 42.1338805], [9.5254269, 42.1338733], [9.5255588, 42.1338361], [9.525659, 42.1338057], [9.5260812, 42.1338129], [9.527181, 42.1339657], [9.5277228, 42.1339992], [9.5285091, 42.1339594], [9.5290132, 42.133947], [9.5296505, 42.1339649], [9.5300229, 42.1341055], [9.5303734, 42.1342234], [9.5307972, 42.134245], [9.5317374, 42.1341907], [9.5321589, 42.1341578], [9.5323329, 42.1342848], [9.5324216, 42.1344516], [9.5326004, 42.1345417], [9.5328529, 42.1346679], [9.5328979, 42.1347642], [9.5328454, 42.1348157], [9.5327715, 42.1349072], [9.5327685, 42.1349943], [9.5327681, 42.1351053], [9.5326958, 42.1351532], [9.5325123, 42.1351358], [9.532353, 42.1351603], [9.5321827, 42.1353158], [9.5320458, 42.1356612], [9.5320384, 42.13579], [9.5320451, 42.1358875], [9.5320749, 42.1360211], [9.5321497, 42.1361729], [9.5322684, 42.1362994], [9.5327804, 42.1364699], [9.5330385, 42.1365163], [9.533143, 42.1364663], [9.5332638, 42.1365022], [9.5336259, 42.1368943], [9.5342581, 42.1377416], [9.5347167, 42.1383937], [9.5354868, 42.1392957], [9.535976, 42.13995], [9.5364973, 42.1404919], [9.5366981, 42.1408104], [9.5368778, 42.1410677], [9.5372143, 42.1413347], [9.5373944, 42.1415772], [9.5375684, 42.1417042], [9.5380706, 42.1416996], [9.5387852, 42.1417685], [9.5393338, 42.1418814], [9.5396168, 42.1420345], [9.5399579, 42.1422241], [9.5401047, 42.142446], [9.5404099, 42.1427149], [9.5405654, 42.1427755], [9.540665, 42.1428597], [9.5409214, 42.1429374], [9.541002, 42.1430127], [9.5409719, 42.1432625], [9.5410077, 42.1434982], [9.5411591, 42.1436026], [9.541267, 42.1437197], [9.5413018, 42.1438281], [9.5412522, 42.1440256], [9.5409172, 42.1444453], [9.5408823, 42.1446921], [9.5409202, 42.1448673], [9.5410842, 42.144924], [9.5411539, 42.1456165], [9.5409453, 42.1460384], [9.5407, 42.1464157], [9.5405838, 42.146423], [9.5404191, 42.1463999], [9.5402834, 42.1463548], [9.5402389, 42.1462806], [9.5402674, 42.1461749], [9.5403511, 42.1460792], [9.5405077, 42.145952], [9.5405392, 42.1458328], [9.5403629, 42.1453514], [9.5402246, 42.145283], [9.5399414, 42.1452472], [9.5395417, 42.1452556], [9.5390674, 42.1452821], [9.5387797, 42.1454041], [9.5386638, 42.1456124], [9.5385531, 42.1458271], [9.5383512, 42.146071], [9.5381428, 42.1464158], [9.5378403, 42.1466862], [9.5373184, 42.1469267], [9.535532, 42.1476489], [9.5350015, 42.1478934], [9.5347579, 42.147969], [9.5345488, 42.1480778], [9.5346488, 42.1483694], [9.5347, 42.1484989], [9.5351409, 42.1483791], [9.5366083, 42.1481578], [9.5367921, 42.148225], [9.5369453, 42.1483892], [9.5368806, 42.1485011], [9.5365975, 42.1484863], [9.5365622, 42.1486018], [9.5363436, 42.1486604], [9.5362499, 42.1488804], [9.5360823, 42.1487782], [9.5356824, 42.1488108], [9.5355275, 42.1487006], [9.5352456, 42.1486724], [9.5351214, 42.1488303], [9.5351494, 42.1489025], [9.5350587, 42.148977], [9.5350918, 42.149051], [9.5349621, 42.1492516], [9.5348077, 42.1492639], [9.5343785, 42.1491653], [9.5336984, 42.1492456], [9.5332374, 42.1491589], [9.5328192, 42.1491873], [9.532651, 42.1493631], [9.5326941, 42.1495274], [9.5326584, 42.1497592], [9.5328384, 42.1499196], [9.5329397, 42.149944], [9.5330212, 42.1500592], [9.5328534, 42.1501198], [9.532789, 42.1503202], [9.5327391, 42.1504585], [9.5328669, 42.1504945], [9.5335, 42.1503822], [9.5339057, 42.1503907], [9.5341567, 42.150383], [9.5345213, 42.1502966], [9.5345407, 42.1501598], [9.5348958, 42.1498823], [9.5353392, 42.1498102], [9.5357565, 42.1496822], [9.5360714, 42.149686], [9.5363974, 42.1495427], [9.5364071, 42.1492447], [9.5364778, 42.1491257], [9.5368425, 42.1490346], [9.5371804, 42.148931], [9.5373134, 42.1486961], [9.5374734, 42.1485761], [9.5375639, 42.1485922], [9.5376381, 42.1487275], [9.537763, 42.1488535], [9.5380872, 42.1490849], [9.5384761, 42.1494437], [9.5387807, 42.1496902], [9.5388746, 42.1498273], [9.5388635, 42.1499686], [9.5387158, 42.1502163], [9.5385263, 42.1504323], [9.5383123, 42.1505409], [9.5375193, 42.1505601], [9.536283, 42.1512399], [9.536184, 42.1513736], [9.5363132, 42.1514221], [9.5366937, 42.1514194], [9.5371308, 42.1514132], [9.5375444, 42.1514509], [9.537701, 42.1514056], [9.5378017, 42.151286], [9.5379683, 42.1510772], [9.5383365, 42.1509412], [9.5385936, 42.151052], [9.5386837, 42.1511961], [9.5388196, 42.1514486], [9.5389198, 42.1515768], [9.5391317, 42.1515989], [9.5396623, 42.1514097], [9.5401147, 42.1511192], [9.5399622, 42.1508667], [9.5402304, 42.1506302], [9.5404712, 42.1504876], [9.5405411, 42.1503486], [9.5406818, 42.1501627], [9.5410447, 42.1500903], [9.5419917, 42.1497969], [9.5425439, 42.1493797], [9.5429738, 42.148738], [9.5436136, 42.1480728], [9.5440693, 42.1478954], [9.54439, 42.1479531], [9.5445212, 42.1480884], [9.5446941, 42.1482164], [9.5450434, 42.1487282], [9.5451529, 42.1491375], [9.5448748, 42.1491136], [9.5445944, 42.1490806], [9.5442149, 42.1491753], [9.5440835, 42.1492756], [9.5443019, 42.149354], [9.5442847, 42.1494542], [9.5438142, 42.149753], [9.5434312, 42.1500675], [9.5431797, 42.1503667], [9.5431645, 42.1507905], [9.5431461, 42.1509921], [9.5433085, 42.151081], [9.5436425, 42.1510883], [9.5438257, 42.1509422], [9.5439791, 42.1507838], [9.5439857, 42.1506806], [9.544073, 42.1505868], [9.5442166, 42.1503667], [9.5444959, 42.1501465], [9.5446876, 42.1501095], [9.5449414, 42.1501519], [9.5451445, 42.1502239], [9.5454081, 42.150209], [9.5455673, 42.150103], [9.5456657, 42.1500472], [9.5457924, 42.150067], [9.5458749, 42.1501249], [9.5459022, 42.1501866], [9.5459492, 42.1502467], [9.5459979, 42.1503214], [9.5462122, 42.1503459], [9.5464157, 42.150316], [9.5464836, 42.1501961], [9.5466376, 42.1501202], [9.5468391, 42.1500716], [9.5477995, 42.150048], [9.5479239, 42.1500996], [9.548002, 42.1501606], [9.5480799, 42.1503116], [9.5482257, 42.1508333], [9.5483771, 42.1510472], [9.5485303, 42.1513376], [9.5486295, 42.1513487], [9.5490759, 42.1512418], [9.5493569, 42.1511178], [9.5495101, 42.150992], [9.5495559, 42.1507853], [9.5494636, 42.1507215], [9.5493173, 42.1507124], [9.549224, 42.1506986], [9.5491693, 42.1506446], [9.5490103, 42.1505228], [9.5489608, 42.1500839], [9.5490379, 42.1497442], [9.5493997, 42.1495813], [9.5497707, 42.1495406], [9.550091, 42.1494567], [9.5503822, 42.1492128], [9.5505051, 42.1490167], [9.5507362, 42.1488289], [9.5509069, 42.1487002], [9.5510709, 42.1485507], [9.5511747, 42.1484], [9.5513142, 42.1480944], [9.551272, 42.1479574], [9.5513391, 42.147905], [9.5514444, 42.1478851], [9.551582, 42.1479824], [9.5517463, 42.1480279], [9.5519, 42.1480808], [9.5521017, 42.1481001], [9.5522536, 42.148134], [9.5524044, 42.1481581], [9.5525838, 42.148164], [9.5527634, 42.1481833], [9.5529999, 42.1482494], [9.5531866, 42.1483053], [9.55328, 42.1485402], [9.5532026, 42.1488639], [9.5531071, 42.1490745], [9.5531542, 42.1492344], [9.5533929, 42.1492734], [9.5535004, 42.1490533], [9.5538454, 42.1484904], [9.5537877, 42.148402], [9.5538244, 42.1482226], [9.5535963, 42.1480514], [9.5537384, 42.1473948], [9.5538061, 42.1469995], [9.5537798, 42.1464537], [9.5536857, 42.1460015], [9.5537462, 42.1457375], [9.5538614, 42.1453326], [9.5538987, 42.1450044], [9.5540355, 42.1445311], [9.5542121, 42.1441877], [9.5540776, 42.1440525], [9.5542823, 42.1437513], [9.5544247, 42.1435703], [9.5547548, 42.1435622], [9.554875, 42.1432776], [9.5551643, 42.142995], [9.5553965, 42.1428751], [9.5555615, 42.1428146], [9.5558214, 42.1425776], [9.5559557, 42.142455], [9.5560587, 42.1423611], [9.5560395, 42.1423556], [9.5554387, 42.1421833], [9.5550895, 42.142229], [9.5546314, 42.1425925], [9.5544839, 42.1427845], [9.5543237, 42.1430187], [9.5541478, 42.1431306], [9.5540358, 42.1431287], [9.5538677, 42.1429882], [9.5537858, 42.1428605], [9.5527954, 42.1422596]]]}}, {"type": "Feature", "properties": {"name": "Étang d'Urbino"}, "geometry": {"type": "MultiPolygon", "coordinates": [[[[9.4954717, 42.0491519], [9.4953493, 42.0490891], [9.4953515, 42.048958], [9.4953286, 42.0487922], [9.4951293, 42.0485926], [9.4949512, 42.0484856], [9.4947718, 42.0483854], [9.4946052, 42.0482711], [9.4944885, 42.0482235], [9.4944974, 42.0481435], [9.4944399, 42.0481038], [9.4943381, 42.0480851], [9.4942019, 42.0482168], [9.4943218, 42.0479132], [9.4948089, 42.047653], [9.4950993, 42.047306], [9.4948862, 42.046904], [9.4943287, 42.0461727], [9.4934672, 42.0451977], [9.4930388, 42.044599], [9.492486, 42.04373], [9.4917166, 42.0431689], [9.4910993, 42.0425838], [9.4898876, 42.0418482], [9.4896941, 42.0415779], [9.4888741, 42.0410545], [9.4875674, 42.0405106], [9.4872047, 42.040331], [9.4870396, 42.0399894], [9.487016, 42.0398099], [9.487072, 42.0397573], [9.4871074, 42.0398427], [9.4871841, 42.0398427], [9.4871841, 42.0397157], [9.4870426, 42.0396084], [9.4868362, 42.039223], [9.4867742, 42.0389515], [9.4870897, 42.0386427], [9.4875, 42.0385], [9.4875055, 42.0384237], [9.4873905, 42.0383208], [9.4875261, 42.0381566], [9.4874819, 42.0381106], [9.4872696, 42.0382048], [9.4872696, 42.0382004], [9.4872165, 42.0379661], [9.48725, 42.03775], [9.4871369, 42.0376989], [9.4870396, 42.0377318], [9.4869571, 42.0378237], [9.4869246, 42.0380077], [9.4867418, 42.0382135], [9.4863438, 42.0384434], [9.4861563, 42.038492], [9.4859988, 42.0385004], [9.4856197, 42.0386742], [9.4856314, 42.0387736], [9.4857452, 42.0388253], [9.4859074, 42.0390084], [9.4858602, 42.0390807], [9.4855831, 42.0393303], [9.4853354, 42.0395427], [9.4851054, 42.0400442], [9.485185, 42.0401515], [9.4853148, 42.0401843], [9.4854209, 42.0401996], [9.4855447, 42.0401668], [9.4856037, 42.040088], [9.4855919, 42.03995], [9.485586, 42.0398427], [9.4856538, 42.0397989], [9.4857393, 42.0398077], [9.48575, 42.04], [9.4855368, 42.0403224], [9.4852328, 42.0403943], [9.4843569, 42.0408405], [9.4837738, 42.0410383], [9.4834427, 42.0412842], [9.483, 42.0415], [9.4823917, 42.0415943], [9.4818014, 42.0414873], [9.4812184, 42.0411452], [9.4801602, 42.0403112], [9.4772665, 42.0376435], [9.4768673, 42.0372787], [9.4767788, 42.0371854], [9.476641, 42.0370759], [9.476535, 42.0370044], [9.4763639, 42.0368534], [9.4761603, 42.0367135], [9.4760957, 42.0366631], [9.4759659, 42.0365928], [9.47588, 42.0365711], [9.4757668, 42.0365183], [9.4756799, 42.036485], [9.4755952, 42.0364531], [9.4754804, 42.036426], [9.4753232, 42.0363645], [9.4750574, 42.0363159], [9.4747326, 42.0362748], [9.4725407, 42.0359972], [9.4706367, 42.0359701], [9.4686644, 42.036462], [9.4669224, 42.0369859], [9.4656819, 42.0373419], [9.4640948, 42.0382067], [9.4632454, 42.0387119], [9.4631336, 42.0387784], [9.4615, 42.03975], [9.4604061, 42.0409493], [9.4600961, 42.0409925], [9.4598901, 42.0410212], [9.4595316, 42.0412947], [9.4593857, 42.0414729], [9.4593296, 42.0416197], [9.4593483, 42.0417181], [9.4593267, 42.0417452], [9.4592313, 42.0417271], [9.4588305, 42.0418628], [9.4582777, 42.0425608], [9.4575774, 42.043163], [9.457, 42.04375], [9.456914, 42.0443467], [9.4570707, 42.0445075], [9.4569555, 42.0447025], [9.4564027, 42.0446923], [9.4557162, 42.0449591], [9.4549976, 42.0451918], [9.4544577, 42.0454971], [9.4535464, 42.045657], [9.4528524, 42.0460263], [9.4516791, 42.0466945], [9.4513336, 42.0471115], [9.4507361, 42.0473574], [9.4499443, 42.0477102], [9.4485, 42.04875], [9.4479878, 42.0491245], [9.4478726, 42.0493437], [9.4481245, 42.0495789], [9.4486284, 42.049921], [9.4498953, 42.0509259], [9.4511191, 42.0515352], [9.4519436, 42.0517668], [9.4527884, 42.0521274], [9.4534539, 42.0526047], [9.453781, 42.052856], [9.45425, 42.053], [9.4553144, 42.0532306], [9.455955, 42.0538666], [9.4565, 42.05425], [9.4570852, 42.0546363], [9.4579988, 42.0550972], [9.4585745, 42.055159], [9.4590707, 42.0551841], [9.4598022, 42.0551764], [9.4606283, 42.055142], [9.4612701, 42.0549245], [9.4617192, 42.0546522], [9.463046, 42.0544524], [9.4639564, 42.0545865], [9.464277, 42.0546166], [9.4647008, 42.0545646], [9.4649846, 42.0544606], [9.465121, 42.0542882], [9.4654202, 42.0541552], [9.4653669, 42.0540654], [9.4654341, 42.0540555], [9.4656032, 42.054211], [9.4658871, 42.0541364], [9.4658542, 42.0539094], [9.465907, 42.0538909], [9.4660745, 42.0539197], [9.4662987, 42.0539006], [9.4664694, 42.0538166], [9.4665984, 42.0536892], [9.4666602, 42.053567], [9.466754, 42.0535197], [9.4670321, 42.0535108], [9.467207, 42.0534555], [9.4677126, 42.0535629], [9.4679124, 42.053613], [9.4681453, 42.0536469], [9.4683413, 42.0536439], [9.4683882, 42.0533531], [9.4685042, 42.0533622], [9.4684546, 42.053691], [9.4687597, 42.0537557], [9.4687964, 42.0536336], [9.4688756, 42.0536259], [9.4689148, 42.0536382], [9.4689338, 42.0536724], [9.4689776, 42.0537459], [9.4691522, 42.0538275], [9.4696002, 42.0538737], [9.4700319, 42.0539212], [9.4712962, 42.0539076], [9.4717987, 42.0538429], [9.4722514, 42.0537946], [9.4729259, 42.0536339], [9.4732814, 42.0535274], [9.4736353, 42.0533478], [9.47475, 42.05275], [9.4752848, 42.0521731], [9.4753458, 42.0518786], [9.475565, 42.0516355], [9.4758889, 42.0508605], [9.4761567, 42.0504536], [9.4762441, 42.0502137], [9.4763114, 42.0502069], [9.4771105, 42.0511194], [9.4775175, 42.0519562], [9.4777875, 42.052317], [9.4780304, 42.0525442], [9.4780034, 42.0527246], [9.4767617, 42.0527847], [9.4763016, 42.052885], [9.47575, 42.053], [9.4744042, 42.0537201], [9.4742111, 42.0539872], [9.4742423, 42.0541677], [9.4740803, 42.0547089], [9.4736664, 42.0548158], [9.471084, 42.0554104], [9.4705288, 42.0557047], [9.4695, 42.05625], [9.4685016, 42.0566464], [9.4671699, 42.0563658], [9.4658112, 42.0570071], [9.4651543, 42.0569203], [9.4645604, 42.0566597], [9.4639756, 42.056947], [9.4625359, 42.0569804], [9.46225, 42.05725], [9.4616557, 42.0583217], [9.4624808, 42.0591311], [9.4657608, 42.059937], [9.46725, 42.05975], [9.46825, 42.0605], [9.4690599, 42.0602644], [9.4694883, 42.0602507], [9.4697739, 42.0603123], [9.4700273, 42.0605346], [9.4702208, 42.0608664], [9.4704051, 42.0608356], [9.4705, 42.061], [9.470101, 42.0614239], [9.4699951, 42.061783], [9.469797, 42.0619711], [9.4698477, 42.0626278], [9.4695666, 42.0629391], [9.4695943, 42.0633461], [9.4691935, 42.0640438], [9.4696311, 42.0647449], [9.4705, 42.06525], [9.4718194, 42.065641], [9.47275, 42.06575], [9.4731232, 42.0657094], [9.473888, 42.0651656], [9.4741275, 42.0645534], [9.4742752, 42.0644404], [9.4743931, 42.0648103], [9.4743725, 42.0649088], [9.4743105, 42.0649832], [9.4741926, 42.0651846], [9.4741277, 42.065305], [9.4741956, 42.0653597], [9.4743223, 42.0654276], [9.4744904, 42.0654166], [9.4746054, 42.065375], [9.4747233, 42.0653335], [9.4748884, 42.0652765], [9.4749887, 42.0651868], [9.4750034, 42.065062], [9.4747646, 42.0649329], [9.4745965, 42.0649066], [9.4745022, 42.0648169], [9.4743902, 42.0644032], [9.4745022, 42.0643069], [9.4751632, 42.06392], [9.475646, 42.0638735], [9.4756791, 42.0637558], [9.4759445, 42.0637093], [9.4760145, 42.0636354], [9.4763352, 42.0634959], [9.4764015, 42.0631156], [9.4778361, 42.062108], [9.4781033, 42.0619985], [9.4782277, 42.0618001], [9.4785871, 42.0618349], [9.4789077, 42.0618978], [9.4791878, 42.0621058], [9.4796006, 42.0623055], [9.4795785, 42.0624204], [9.4797333, 42.0626311], [9.4797222, 42.0633726], [9.4795269, 42.0641305], [9.4794384, 42.0643494], [9.4793573, 42.0647243], [9.479448, 42.0649158], [9.4794827, 42.0652742], [9.4796301, 42.0655068], [9.4795453, 42.0656628], [9.4796448, 42.0657667], [9.4795858, 42.0658789], [9.4796411, 42.0659911], [9.4797222, 42.0662155], [9.4794863, 42.066459], [9.4791583, 42.066749], [9.4792574, 42.0669336], [9.4794679, 42.0669597], [9.4799913, 42.0670363], [9.4803156, 42.0670499], [9.4807505, 42.0668502], [9.4813881, 42.0666286], [9.4818304, 42.0664261], [9.4821657, 42.066199], [9.4825933, 42.0658598], [9.4827997, 42.0657175], [9.4830061, 42.0655889], [9.4830724, 42.0654712], [9.483, 42.06525], [9.4827127, 42.0648868], [9.482479, 42.0647298], [9.4822431, 42.0646586], [9.4821252, 42.0643795], [9.4821621, 42.0636134], [9.4822947, 42.0632577], [9.4824422, 42.0630251], [9.4826228, 42.0628226], [9.4830245, 42.0626366], [9.4835515, 42.0624697], [9.4836289, 42.0623219], [9.4837911, 42.0623821], [9.4840564, 42.0623876], [9.4844619, 42.0621359], [9.4846093, 42.0619799], [9.4846756, 42.0617555], [9.484355, 42.0611125], [9.4843034, 42.0606282], [9.4843771, 42.0603327], [9.48475, 42.05975], [9.4847788, 42.0592053], [9.4848931, 42.0590849], [9.4848968, 42.0589563], [9.4851437, 42.0588851], [9.4853095, 42.058554], [9.4855, 42.0585], [9.4866745, 42.0584062], [9.4871437, 42.0581526], [9.487853, 42.0581109], [9.4886224, 42.0580185], [9.4891568, 42.0578236], [9.4896129, 42.0575602], [9.4903344, 42.0567714], [9.4906513, 42.0564622], [9.491, 42.05625], [9.4914585, 42.0562323], [9.4916427, 42.0563801], [9.4915718, 42.0565219], [9.4916639, 42.056637], [9.4918597, 42.0566926], [9.4921649, 42.0566712], [9.4929654, 42.056513], [9.4934261, 42.0562906], [9.494, 42.056], [9.4944606, 42.0557177], [9.4952893, 42.0549549], [9.496, 42.054], [9.4963694, 42.0530148], [9.4965315, 42.0519027], [9.496513, 42.0511492], [9.4963978, 42.0507216], [9.4961584, 42.0501497], [9.4960022, 42.0498909], [9.4957668, 42.0499173], [9.4954648, 42.049446], [9.4955214, 42.0493217], [9.4954717, 42.0491519]]], [[[9.4955214, 42.0493217], [9.4964344, 42.0489459], [9.4965418, 42.0489017], [9.4974399, 42.0485137], [9.4955214, 42.0493217]]]]}}, {"type": "Feature", "properties": {"name": "Réservoir d'Alzitone"}, "geometry": {"type": "Polygon", "coordinates": [[[9.4276183, 42.0684055], [9.4274505, 42.0681273], [9.4272932, 42.0678377], [9.4272091, 42.0678624], [9.4271225, 42.0678793], [9.427114, 42.0678756], [9.4271081, 42.0678692], [9.4271076, 42.0678623], [9.4271112, 42.067854], [9.4271732, 42.067829], [9.427273, 42.0677993], [9.42715, 42.0675907], [9.4271157, 42.0675334], [9.4263149, 42.0675756], [9.4259346, 42.0673393], [9.4243151, 42.0674877], [9.4240768, 42.0681086], [9.4231482, 42.067974], [9.4221221, 42.0682907], [9.4215861, 42.068825], [9.4210395, 42.0691974], [9.42025, 42.06925], [9.4200091, 42.0697487], [9.419625, 42.0699277], [9.4196046, 42.0701916], [9.4194084, 42.0703827], [9.4190491, 42.0705024], [9.4189624, 42.0706697], [9.4185753, 42.0707529], [9.4187832, 42.0711107], [9.4188346, 42.0712845], [9.4183746, 42.0712745], [9.4172345, 42.071047], [9.4168662, 42.0711826], [9.4168095, 42.0713837], [9.4166163, 42.0715604], [9.4161434, 42.0716871], [9.4137411, 42.0725083], [9.4134996, 42.0726456], [9.4136548, 42.0727669], [9.4135772, 42.0729428], [9.4132217, 42.073052], [9.4129847, 42.0732219], [9.412903, 42.0734706], [9.4127599, 42.0735798], [9.4125434, 42.0738528], [9.4120979, 42.0738467], [9.411725, 42.0738598], [9.4113583, 42.073962], [9.4114196, 42.0741592], [9.4109333, 42.0743169], [9.4106391, 42.0742805], [9.4101651, 42.0739741], [9.4100956, 42.0740773], [9.4103939, 42.0742593], [9.4103817, 42.0743806], [9.4099526, 42.0747537], [9.4103408, 42.0746718], [9.4107576, 42.0747506], [9.4115, 42.07475], [9.4121633, 42.0743442], [9.413, 42.07425], [9.4133116, 42.0741652], [9.4136259, 42.0741426], [9.4136245, 42.0747168], [9.4138288, 42.0749625], [9.4135224, 42.0750565], [9.4135454, 42.0751838], [9.4138738, 42.0751233], [9.4139596, 42.0748958], [9.4139228, 42.0746531], [9.4142089, 42.0742618], [9.4142865, 42.0739707], [9.4146624, 42.0736704], [9.4147687, 42.0733761], [9.4153163, 42.073182], [9.4157739, 42.0726391], [9.4162806, 42.0726421], [9.41644, 42.0723843], [9.4169181, 42.072266], [9.4169794, 42.0721598], [9.4172654, 42.0721932], [9.4175964, 42.0726724], [9.4171347, 42.0732518], [9.4167424, 42.0736279], [9.4167833, 42.0737432], [9.4165953, 42.0739828], [9.4163991, 42.0740404], [9.4165095, 42.0741223], [9.4163624, 42.0743255], [9.416, 42.0745], [9.4159668, 42.0745661], [9.4161286, 42.0746047], [9.4161748, 42.0747119], [9.4158049, 42.0752781], [9.416, 42.07525], [9.4165462, 42.0746349], [9.4164604, 42.0746016], [9.416489, 42.0745045], [9.4166647, 42.0744893], [9.416959, 42.0741921], [9.4169712, 42.0740768], [9.4174698, 42.0740859], [9.4175024, 42.0736734], [9.4178498, 42.0735369], [9.4184668, 42.0729879], [9.4187202, 42.0729151], [9.4187937, 42.0727816], [9.4196437, 42.0726482], [9.4199379, 42.0724237], [9.4201341, 42.0727816], [9.4202485, 42.0729818], [9.4200605, 42.0731759], [9.4192891, 42.073617], [9.4196078, 42.0736534], [9.4197386, 42.0738657], [9.4199756, 42.0738172], [9.4200573, 42.0736777], [9.4207357, 42.0735078], [9.4208991, 42.0738051], [9.4211198, 42.073702], [9.4211688, 42.0733683], [9.421463, 42.0731924], [9.4219452, 42.0731135], [9.42225, 42.07275], [9.4227053, 42.0727798], [9.4228115, 42.0723916], [9.4230976, 42.072337], [9.4234408, 42.0725069], [9.4242254, 42.0724523], [9.4244951, 42.072155], [9.4252061, 42.0719912], [9.4253042, 42.0720822], [9.4255494, 42.0718274], [9.4292563, 42.0704409], [9.4276183, 42.0684055]]]}}, {"type": "Feature", "properties": {"name": "Étang de Biguglia"}, "geometry": {"type": "Polygon", "coordinates": [[[9.4479519, 42.6541458], [9.4477429, 42.6546535], [9.4478435, 42.6549472], [9.4478922, 42.6554442], [9.4479088, 42.6557713], [9.4479586, 42.6558543], [9.447907, 42.6560074], [9.4476831, 42.656296], [9.4476168, 42.656318], [9.447567, 42.6563766], [9.4475869, 42.6564547], [9.4474873, 42.656545], [9.4473723, 42.656967], [9.4473778, 42.657138], [9.447469, 42.6574697], [9.4475172, 42.6576725], [9.4475686, 42.6577832], [9.4475504, 42.6578165], [9.4476349, 42.6581437], [9.4477873, 42.6584145], [9.4480456, 42.6586528], [9.4488059, 42.6591118], [9.4495826, 42.6595104], [9.4497253, 42.6595961], [9.449985, 42.6597185], [9.4504588, 42.6598537], [9.4505878, 42.6599477], [9.4505758, 42.6601323], [9.4509385, 42.6598349], [9.4509441, 42.6597976], [9.4506929, 42.6596693], [9.4503655, 42.6595246], [9.4502885, 42.6593526], [9.4503209, 42.6592709], [9.4504416, 42.6593892], [9.4505864, 42.6594366], [9.4507232, 42.6593754], [9.4504304, 42.6591606], [9.4501559, 42.6588794], [9.4499116, 42.6583434], [9.4489724, 42.6573916], [9.4487965, 42.6569743], [9.4488529, 42.6565325], [9.4486405, 42.6560029], [9.4485958, 42.6558518], [9.4484646, 42.6557149], [9.4483418, 42.6553513], [9.4484148, 42.6548119], [9.4485427, 42.6546901], [9.4485489, 42.6545827], [9.448896, 42.654209], [9.4490188, 42.6539381], [9.4492916, 42.6537589], [9.4495213, 42.6534765], [9.449935, 42.6529665], [9.4503975, 42.6522966], [9.450671, 42.6518259], [9.4509696, 42.6514421], [9.4511994, 42.6511093], [9.451508, 42.6505424], [9.4518581, 42.6501924], [9.4522629, 42.6499309], [9.4523893, 42.6493833], [9.4523874, 42.6491267], [9.4525419, 42.648591], [9.4528975, 42.6481605], [9.4530178, 42.6477461], [9.4532585, 42.6474041], [9.4538712, 42.6466275], [9.4538548, 42.6464102], [9.4542268, 42.6459475], [9.4546152, 42.6455049], [9.455137, 42.6447526], [9.4553427, 42.6444748], [9.4556162, 42.6441247], [9.4560867, 42.6438189], [9.4564532, 42.6430101], [9.456688, 42.6428211], [9.4570336, 42.6425631], [9.4577271, 42.6423036], [9.4578974, 42.6421329], [9.4580724, 42.6421731], [9.4584335, 42.6420243], [9.4589203, 42.641988], [9.4593251, 42.6420122], [9.4594438, 42.6417708], [9.4594236, 42.6414126], [9.4592112, 42.641051], [9.4588383, 42.6405112], [9.4587671, 42.6403261], [9.4588218, 42.6400525], [9.4588456, 42.6396398], [9.4589216, 42.6393476], [9.4590899, 42.6388372], [9.4592597, 42.638063], [9.4592578, 42.6378063], [9.4593525, 42.6373844], [9.4593743, 42.636825], [9.4594673, 42.6364629], [9.4594323, 42.6354844], [9.4595452, 42.6350266], [9.4595827, 42.634725], [9.4597298, 42.634645], [9.4598456, 42.6343548], [9.4601072, 42.6340027], [9.4602307, 42.6339169], [9.460415, 42.6338426], [9.4605905, 42.6338196], [9.4607491, 42.6338582], [9.4608379, 42.6339089], [9.4607146, 42.6340844], [9.4604301, 42.6340683], [9.4603754, 42.6342937], [9.4604629, 42.6345231], [9.4602496, 42.6347686], [9.4601894, 42.6349537], [9.4602715, 42.6352032], [9.4604562, 42.635235], [9.4607146, 42.6352998], [9.4607201, 42.6354608], [9.4606161, 42.6355815], [9.4603973, 42.635658], [9.4602988, 42.6358552], [9.4603317, 42.6360926], [9.4602496, 42.6362616], [9.4603535, 42.6363542], [9.4606818, 42.6363743], [9.4608404, 42.6362536], [9.4608623, 42.6360846], [9.4611084, 42.6359115], [9.461289, 42.6356459], [9.4616683, 42.6347167], [9.4619249, 42.6343966], [9.4621535, 42.6341144], [9.4627487, 42.63363], [9.4631439, 42.633341], [9.4632966, 42.6330984], [9.4635154, 42.6326718], [9.4639913, 42.6321325], [9.4643524, 42.6317542], [9.4642512, 42.6313697], [9.464412, 42.6310359], [9.4646629, 42.6306336], [9.464866, 42.6302603], [9.4651515, 42.6296957], [9.4658637, 42.6290658], [9.4662026, 42.6287478], [9.4664008, 42.6284611], [9.4668483, 42.6282482], [9.4673592, 42.6279052], [9.4675104, 42.6276392], [9.4677928, 42.6272749], [9.4680094, 42.6270871], [9.4680636, 42.6267882], [9.4683421, 42.6263755], [9.4685528, 42.6257056], [9.4685471, 42.6252229], [9.4689842, 42.6246992], [9.4693207, 42.6244942], [9.469723, 42.6239962], [9.469723, 42.6238482], [9.4695451, 42.6238965], [9.4694445, 42.6238197], [9.4694174, 42.6237058], [9.4697535, 42.6235187], [9.4701253, 42.6232106], [9.4703922, 42.6229374], [9.4708564, 42.622556], [9.4710343, 42.6225702], [9.4710304, 42.622667], [9.47122, 42.6226413], [9.4715449, 42.6224393], [9.4721715, 42.6222599], [9.4724036, 42.6222372], [9.4731695, 42.6220465], [9.4733893, 42.6218358], [9.4737329, 42.6213212], [9.4740746, 42.6205497], [9.4743183, 42.6200825], [9.4744924, 42.6199032], [9.4746626, 42.6194136], [9.4748715, 42.6192542], [9.4749836, 42.6188358], [9.475177, 42.6186052], [9.4753627, 42.6184743], [9.4754556, 42.6181754], [9.4754981, 42.618053], [9.4756992, 42.6179534], [9.4760435, 42.6178737], [9.4761381, 42.6177179], [9.4763994, 42.6173755], [9.4766933, 42.6171079], [9.4767514, 42.6168973], [9.4770028, 42.6166667], [9.4771266, 42.6164134], [9.4771669, 42.6159169], [9.4774206, 42.6156647], [9.4776875, 42.6155025], [9.4775675, 42.6149559], [9.4775946, 42.6147054], [9.4774515, 42.6142955], [9.4775217, 42.6141076], [9.4781091, 42.6140117], [9.4782456, 42.6139542], [9.4783237, 42.6138537], [9.4783432, 42.6136097], [9.4782944, 42.6134876], [9.4782456, 42.6133799], [9.4781871, 42.6132651], [9.4781188, 42.6131574], [9.4779627, 42.6129061], [9.4778847, 42.6127913], [9.4778164, 42.6126692], [9.4777481, 42.6125687], [9.4776604, 42.6124539], [9.4775823, 42.612339], [9.4775238, 42.6122313], [9.477436, 42.6121164], [9.4773287, 42.6120231], [9.4772019, 42.6119442], [9.4770263, 42.6119226], [9.4768507, 42.6118939], [9.4767044, 42.6118221], [9.4766069, 42.6117288], [9.4764313, 42.6117072], [9.4762557, 42.6117216], [9.4760801, 42.6117144], [9.475963, 42.6116211], [9.4758265, 42.6115421], [9.4756607, 42.6114919], [9.4755046, 42.611456], [9.475368, 42.6113627], [9.4752315, 42.6112765], [9.4751241, 42.611176], [9.4749973, 42.6110683], [9.4748705, 42.610975], [9.474773, 42.6108673], [9.4747437, 42.6107453], [9.474734, 42.6106232], [9.474734, 42.6105083], [9.4746949, 42.6103863], [9.4746169, 42.6102786], [9.4745389, 42.6101637], [9.4744511, 42.6100632], [9.4742657, 42.6098335], [9.474217, 42.6097258], [9.4741487, 42.6096181], [9.4741194, 42.6095104], [9.4740609, 42.6094027], [9.4740316, 42.6092879], [9.4740121, 42.609173], [9.4740121, 42.6090581], [9.4740609, 42.6089433], [9.4740706, 42.6088212], [9.4740316, 42.6086848], [9.4739633, 42.6085699], [9.4738853, 42.6084623], [9.4738073, 42.6083474], [9.4737292, 42.6082397], [9.4736317, 42.6081464], [9.4734951, 42.6080458], [9.4733781, 42.6079525], [9.4732513, 42.6078807], [9.473144, 42.6077946], [9.4730171, 42.6077012], [9.4728903, 42.6076007], [9.472783, 42.6075002], [9.4726757, 42.6073925], [9.4725782, 42.6072992], [9.4724904, 42.6071843], [9.4724124, 42.6070766], [9.4723538, 42.6069617], [9.4723441, 42.6068469], [9.4723441, 42.606732], [9.4723636, 42.6066099], [9.4724221, 42.6064807], [9.4724611, 42.606373], [9.4725099, 42.6062581], [9.4725879, 42.6061504], [9.4727245, 42.6060069], [9.4728318, 42.6059135], [9.4729586, 42.6058345], [9.4730854, 42.6057627], [9.4732025, 42.6056838], [9.4733391, 42.6056192], [9.4734659, 42.6055617], [9.473778, 42.6054756], [9.4739243, 42.6054181], [9.4741097, 42.605375], [9.4742462, 42.605332], [9.4744121, 42.6053104], [9.4745681, 42.6053463], [9.4747242, 42.6053248], [9.4748608, 42.6052745], [9.4749193, 42.605174], [9.4749876, 42.6050735], [9.4750266, 42.6049658], [9.4750364, 42.6048437], [9.4750461, 42.6047289], [9.4750559, 42.6046068], [9.4750559, 42.6044776], [9.4750461, 42.6043483], [9.4750266, 42.6042191], [9.4750364, 42.604097], [9.4750559, 42.6039678], [9.4750656, 42.6038386], [9.4750754, 42.6037165], [9.4750754, 42.6035873], [9.4750559, 42.6034652], [9.4750656, 42.6033431], [9.4750656, 42.6030847], [9.4750559, 42.6029554], [9.4750656, 42.602819], [9.4751241, 42.6027113], [9.4752119, 42.6026036], [9.4753095, 42.6025031], [9.4754265, 42.6024313], [9.4755729, 42.6023882], [9.4756802, 42.6022949], [9.4757289, 42.60218], [9.4757777, 42.6020651], [9.4758265, 42.6019574], [9.475885, 42.6018425], [9.4759523, 42.6017249], [9.4760725, 42.6016394], [9.4762148, 42.6015462], [9.4763142, 42.6014763], [9.4763532, 42.6012466], [9.476324, 42.6011245], [9.4762947, 42.6010096], [9.4762264, 42.6007655], [9.4762069, 42.6006362], [9.4761874, 42.6005142], [9.4761679, 42.6003993], [9.4761484, 42.60027], [9.4761386, 42.6001552], [9.4761386, 42.5998967], [9.4761874, 42.5997531], [9.4762654, 42.5996597], [9.476363, 42.5995664], [9.476441, 42.5994658], [9.4765678, 42.599394], [9.4766849, 42.5993007], [9.4768117, 42.5992217], [9.4768897, 42.5990566], [9.4769678, 42.5989632], [9.4770653, 42.598877], [9.4771238, 42.598755], [9.4771824, 42.5986401], [9.4772214, 42.5985252], [9.4772897, 42.5984247], [9.4773872, 42.5982667], [9.4774555, 42.5981662], [9.4774555, 42.5980513], [9.4774458, 42.5979292], [9.4774165, 42.5978143], [9.4773775, 42.5976994], [9.4773287, 42.597563], [9.4772799, 42.5974553], [9.4772409, 42.5973332], [9.4771921, 42.5972183], [9.4771141, 42.5970963], [9.4770556, 42.5969814], [9.476997, 42.5968593], [9.4769678, 42.5967372], [9.4768995, 42.5966223], [9.476841, 42.5965074], [9.4768019, 42.5963925], [9.4767922, 42.5962633], [9.4768117, 42.5961412], [9.4768605, 42.5960263], [9.4768995, 42.5958971], [9.4770263, 42.595696], [9.4771629, 42.5954806], [9.4772409, 42.5953657], [9.4772897, 42.5952364], [9.4773189, 42.5951215], [9.4773872, 42.5950138], [9.477436, 42.5948989], [9.4775043, 42.5947912], [9.4776018, 42.5946835], [9.4776506, 42.5945542], [9.4777286, 42.5944537], [9.4778067, 42.5943532], [9.4780291, 42.5941954], [9.4781676, 42.594109], [9.4782261, 42.5939869], [9.4783139, 42.5938936], [9.4784505, 42.5938361], [9.4785968, 42.59375], [9.4786748, 42.5936422], [9.4787821, 42.5935633], [9.478948, 42.5935274], [9.4790943, 42.5934627], [9.4792504, 42.593434], [9.4794455, 42.5934125], [9.4796113, 42.5934484], [9.4799234, 42.5934555], [9.4800697, 42.5933909], [9.4802063, 42.5933478], [9.4802843, 42.5932473], [9.4803136, 42.5931252], [9.4804599, 42.5930821], [9.4804794, 42.5929529], [9.4805575, 42.592838], [9.4806648, 42.5927446], [9.4807428, 42.5926513], [9.4808013, 42.5925435], [9.4808696, 42.5924358], [9.4808989, 42.5923137], [9.4809184, 42.5921773], [9.4809184, 42.592048], [9.4809867, 42.5919331], [9.481055, 42.5918254], [9.4811915, 42.591768], [9.4812403, 42.5916459], [9.4812793, 42.5915238], [9.4813378, 42.5914161], [9.4814256, 42.5913227], [9.4815329, 42.5912294], [9.481611, 42.591136], [9.4817183, 42.5910498], [9.4818646, 42.5910211], [9.4820304, 42.5910283], [9.4822158, 42.5911575], [9.4823426, 42.5912437], [9.4824499, 42.5913443], [9.4825182, 42.5914592], [9.4825377, 42.5915956], [9.4825572, 42.5917177], [9.4825962, 42.5918326], [9.482645, 42.5919619], [9.4827035, 42.5920768], [9.4828791, 42.5922994], [9.4829961, 42.5923927], [9.4831229, 42.5924861], [9.4832302, 42.5925794], [9.4833375, 42.59268], [9.4834644, 42.5927662], [9.4836009, 42.5928595], [9.4837277, 42.5929457], [9.4838448, 42.5930462], [9.4839716, 42.5931324], [9.4841472, 42.5931396], [9.4843033, 42.5931755], [9.4844593, 42.5932473], [9.4845764, 42.5933263], [9.4846544, 42.5934412], [9.4846739, 42.5935704], [9.4847325, 42.5936925], [9.4848398, 42.5937931], [9.4848788, 42.5939151], [9.4848788, 42.5941736], [9.484869, 42.5943029], [9.484791, 42.5944106], [9.4847032, 42.5945183], [9.4845861, 42.5946117], [9.4845472, 42.5946284], [9.4844106, 42.5948343], [9.4843423, 42.5949564], [9.484313, 42.5950928], [9.4843618, 42.5952149], [9.4844106, 42.5953298], [9.4844496, 42.5954447], [9.4845179, 42.5955811], [9.4845471, 42.5957032], [9.4845959, 42.5958181], [9.4846642, 42.5959258], [9.4846934, 42.5960479], [9.4846934, 42.5963064], [9.484713, 42.5964356], [9.4847812, 42.5965505], [9.4848788, 42.5966582], [9.4849373, 42.5967731], [9.4849666, 42.5969024], [9.4849471, 42.5970316], [9.4848593, 42.5972542], [9.4847617, 42.5973691], [9.4846837, 42.5974768], [9.4845959, 42.5975917], [9.4844788, 42.5976851], [9.4844203, 42.5978], [9.484352, 42.5979292], [9.484274, 42.5980441], [9.4842545, 42.5981734], [9.4842545, 42.5986903], [9.4842642, 42.5988555], [9.4842545, 42.5989847], [9.4842447, 42.5991068], [9.4842545, 42.5992361], [9.4842642, 42.5993725], [9.4842642, 42.5994946], [9.4841862, 42.5996023], [9.4840204, 42.5995951], [9.4839033, 42.5995089], [9.4837375, 42.5994802], [9.4835619, 42.5995017], [9.4833961, 42.5995448], [9.4832302, 42.5995879], [9.4830839, 42.5996597], [9.4829961, 42.5997674], [9.4829474, 42.5998823], [9.4828791, 42.6000115], [9.4827913, 42.6001193], [9.4827133, 42.6002413], [9.4826157, 42.6003634], [9.4825279, 42.6004783], [9.4824011, 42.6005716], [9.4823036, 42.6006865], [9.4822255, 42.6008157], [9.4821475, 42.6009306], [9.4820792, 42.6010527], [9.4820012, 42.6011748], [9.4819036, 42.6012825], [9.4817475, 42.6014979], [9.481689, 42.6016415], [9.4816305, 42.6017563], [9.481611, 42.6018856], [9.4815622, 42.6020292], [9.4815427, 42.6021513], [9.4815329, 42.6022805], [9.4814744, 42.60246], [9.4814256, 42.6025892], [9.4813476, 42.6026969], [9.4812305, 42.6027975], [9.4811135, 42.6028908], [9.481055, 42.6030129], [9.4810062, 42.6031493], [9.4809574, 42.6032642], [9.4808794, 42.603379], [9.4807721, 42.6034796], [9.480616, 42.6035514], [9.480538, 42.6036734], [9.4804404, 42.6037811], [9.4803526, 42.6039104], [9.4803234, 42.6040396], [9.4802551, 42.6041832], [9.4801575, 42.6043196], [9.480138, 42.6044488], [9.480021, 42.6047073], [9.4799332, 42.6048222], [9.4798064, 42.6049084], [9.4797381, 42.6050232], [9.4796698, 42.6051309], [9.4796503, 42.605375], [9.479582, 42.6055115], [9.4795332, 42.6056263], [9.4795332, 42.6057484], [9.479465, 42.6058704], [9.4793967, 42.6059853], [9.4793381, 42.6061145], [9.4792699, 42.6062438], [9.4792113, 42.6063658], [9.4791235, 42.6064735], [9.4790455, 42.6066028], [9.478987, 42.6067248], [9.4789187, 42.6068397], [9.4788992, 42.6069617], [9.4788602, 42.6072274], [9.4788016, 42.6073494], [9.4787529, 42.6074715], [9.4786943, 42.6076007], [9.4786651, 42.6077228], [9.4786651, 42.6078448], [9.4787334, 42.6079525], [9.4788212, 42.608053], [9.4788894, 42.6081607], [9.4789577, 42.6082756], [9.478987, 42.6083976], [9.4790065, 42.6085269], [9.4790553, 42.6086417], [9.4791528, 42.6087422], [9.4792991, 42.6088069], [9.4794455, 42.6088858], [9.479582, 42.6089504], [9.4796405, 42.6090725], [9.4797869, 42.6091443], [9.480099, 42.6092089], [9.4802551, 42.6092592], [9.4803819, 42.6093022], [9.4804209, 42.6094171], [9.4804794, 42.6095248], [9.4804843, 42.6095625], [9.4805271, 42.6096272], [9.4808605, 42.6097461], [9.4809867, 42.6098191], [9.4811525, 42.6098263], [9.4812988, 42.6098766], [9.4814549, 42.6098479], [9.4816207, 42.609855], [9.4817866, 42.6098622], [9.4819719, 42.6098479], [9.4821182, 42.6098048], [9.4822995, 42.6096283], [9.4824555, 42.6096364], [9.4824254, 42.6098679], [9.4825649, 42.6099504], [9.4827353, 42.6098852], [9.4829555, 42.6097082], [9.4833229, 42.6094705], [9.4836573, 42.6091577], [9.4840788, 42.6088809], [9.484332, 42.6086516], [9.4845232, 42.6084587], [9.4846381, 42.6082051], [9.4848898, 42.6080641], [9.4850101, 42.6077904], [9.4853547, 42.6075367], [9.4856392, 42.607126], [9.4859182, 42.6067878], [9.4861589, 42.6064496], [9.4862355, 42.6063691], [9.4862464, 42.6062], [9.4865363, 42.6061034], [9.4867387, 42.6055799], [9.48716, 42.6050951], [9.4871582, 42.6048385], [9.4871561, 42.6045818], [9.4874608, 42.6041908], [9.4879477, 42.6038808], [9.4883666, 42.6038067], [9.4885494, 42.6034782], [9.4885358, 42.6032926], [9.4888811, 42.6030345], [9.4890363, 42.6025762], [9.4893754, 42.6022662], [9.4899826, 42.6018474], [9.4905734, 42.6015615], [9.4909071, 42.6015736], [9.4909564, 42.6014528], [9.491301, 42.6012998], [9.4915307, 42.6006555], [9.4919082, 42.6002005], [9.4922692, 42.600116], [9.4924388, 42.5999952], [9.4924881, 42.5997817], [9.4926467, 42.5997213], [9.4927506, 42.599516], [9.4927506, 42.5992945], [9.4929749, 42.5992502], [9.4930351, 42.5989522], [9.4931992, 42.5988355], [9.4937298, 42.5986059], [9.4942112, 42.5980341], [9.4946817, 42.5978489], [9.4946598, 42.5975751], [9.4949716, 42.5970596], [9.4954092, 42.5964636], [9.4962298, 42.5961616], [9.4963939, 42.5959522], [9.4968589, 42.5957831], [9.4973293, 42.5953401], [9.4976685, 42.5949374], [9.4980228, 42.594782], [9.4982647, 42.5943857], [9.498489, 42.594128], [9.4988774, 42.5938461], [9.499408, 42.5934273], [9.4995711, 42.5929785], [9.4999164, 42.5927204], [9.5002617, 42.5924622], [9.5006049, 42.5919474], [9.5010546, 42.591462], [9.5013609, 42.5913372], [9.5016388, 42.5909162], [9.5018205, 42.5905236], [9.502094, 42.5904995], [9.5025261, 42.5901531], [9.5026705, 42.5896283], [9.5030137, 42.5891135], [9.5030117, 42.5888568], [9.503106, 42.5886026], [9.5035108, 42.5879703], [9.5036202, 42.5874064], [9.5038828, 42.5872373], [9.5041125, 42.5870399], [9.504118, 42.5868144], [9.5044134, 42.5863915], [9.5048565, 42.5859404], [9.5048456, 42.5861579], [9.5045997, 42.5864851], [9.5048705, 42.5866648], [9.5053051, 42.5862827], [9.5057675, 42.5860214], [9.5061128, 42.5857633], [9.5061037, 42.5852315], [9.5067, 42.5844461], [9.5071423, 42.5842188], [9.5074855, 42.5837039], [9.5078306, 42.5834458], [9.5081738, 42.5829309], [9.5083247, 42.5816468], [9.5082372, 42.581389], [9.508494, 42.5795928], [9.5084898, 42.5790795], [9.5084878, 42.5788228], [9.5086529, 42.5780176], [9.5090249, 42.5771072], [9.5093377, 42.5765091], [9.5100643, 42.5764426], [9.5104581, 42.5760397], [9.510759, 42.5755563], [9.5112185, 42.5753187], [9.5116452, 42.5749199], [9.5121703, 42.5746298], [9.5127283, 42.5745614], [9.5129646, 42.5741829], [9.5133076, 42.573668], [9.5134996, 42.5732682], [9.5133574, 42.5719308], [9.5133957, 42.5717253], [9.5133848, 42.5710888], [9.5131167, 42.5702549], [9.5130675, 42.5696144], [9.5133355, 42.5688529], [9.5138491, 42.5684658], [9.5140426, 42.5683233], [9.5141393, 42.5681215], [9.5142683, 42.5679433], [9.5144457, 42.5677771], [9.5145908, 42.5675752], [9.5147682, 42.5673971], [9.5148972, 42.5672189], [9.5150423, 42.5670527], [9.5151229, 42.5668627], [9.5152681, 42.5666964], [9.5153326, 42.5664945], [9.5153003, 42.5662926], [9.5152519, 42.5660789], [9.5151391, 42.565877], [9.5152036, 42.5656632], [9.5153487, 42.5654851], [9.5155583, 42.5653544], [9.5155744, 42.5651407], [9.5155583, 42.5649269], [9.5155906, 42.5647131], [9.5157196, 42.564535], [9.5158324, 42.5643569], [9.5158486, 42.5641431], [9.5156712, 42.5640006], [9.5155261, 42.5638224], [9.5153809, 42.5636443], [9.5152842, 42.5634543], [9.5152197, 42.5632524], [9.5151068, 42.5630742], [9.5148972, 42.5629436], [9.5146553, 42.5628842], [9.5143973, 42.5628842], [9.5141555, 42.5629436], [9.5139458, 42.5630742], [9.5137362, 42.563193], [9.513704, 42.5629792], [9.5136556, 42.5627773], [9.5136234, 42.5625754], [9.5134137, 42.5624566], [9.5131557, 42.5623973], [9.5128655, 42.5623854], [9.5125914, 42.562421], [9.5126075, 42.5626229], [9.5121883, 42.5628367], [9.5121076, 42.5626467], [9.5119625, 42.5625754], [9.5116884, 42.5625517], [9.5114304, 42.5625992], [9.5111885, 42.5626823], [9.5109467, 42.5627773], [9.510737, 42.5628723], [9.5104468, 42.5629673], [9.5101727, 42.5629792], [9.5098986, 42.5630148], [9.5096889, 42.5631217], [9.5092697, 42.5634068], [9.509044, 42.5635611], [9.508657, 42.5638224], [9.5084957, 42.5639768], [9.5083345, 42.5641312], [9.5081732, 42.5642975], [9.508012, 42.5644519], [9.5077701, 42.5645825], [9.5075444, 42.5646894], [9.5073347, 42.56482], [9.507109, 42.5649388], [9.5068349, 42.5649982], [9.5065769, 42.5650457], [9.5063189, 42.5651169], [9.5060448, 42.5652], [9.5058351, 42.5653188], [9.5056578, 42.5654732], [9.5054643, 42.5656157], [9.5052385, 42.5657107], [9.5049805, 42.5657226], [9.5043961, 42.5659344], [9.5043681, 42.5660051], [9.5044088, 42.5660852], [9.504302, 42.5662388], [9.5039866, 42.5663137], [9.503578, 42.5665837], [9.5034603, 42.566657], [9.5033788, 42.5667571], [9.5032702, 42.5668371], [9.5031434, 42.5668904], [9.5030076, 42.5669638], [9.5028628, 42.5669904], [9.5026998, 42.5670304], [9.5026093, 42.5671171], [9.5025006, 42.5671971], [9.5023739, 42.5672705], [9.5022471, 42.5673171], [9.5021113, 42.5673638], [9.5019574, 42.5674172], [9.5018397, 42.5674772], [9.5016949, 42.5675038], [9.50155, 42.5674772], [9.5014052, 42.5675038], [9.5012332, 42.5675372], [9.5011155, 42.5676038], [9.5009797, 42.5676572], [9.5008348, 42.5676772], [9.5006809, 42.5677105], [9.5005632, 42.5677772], [9.5004365, 42.5678239], [9.5003278, 42.5678972], [9.5002373, 42.5679839], [9.5001015, 42.5680306], [9.4999476, 42.5680439], [9.4998027, 42.5680772], [9.499676, 42.5681306], [9.4995493, 42.5681839], [9.4994135, 42.5682439], [9.4992867, 42.5683039], [9.4991509, 42.5683573], [9.4990061, 42.5683839], [9.4988431, 42.568444], [9.4986982, 42.568464], [9.4985896, 42.5685373], [9.4985081, 42.5686373], [9.4984266, 42.5687307], [9.4982908, 42.5687773], [9.4981279, 42.568824], [9.4979468, 42.5688507], [9.4977929, 42.5688373], [9.4976571, 42.568884], [9.4975394, 42.5689573], [9.4974127, 42.569024], [9.497295, 42.5690974], [9.4971863, 42.5691774], [9.4970596, 42.5692374], [9.4969238, 42.5693107], [9.4968514, 42.5693974], [9.4967608, 42.5694774], [9.4966613, 42.5695641], [9.4965073, 42.5695841], [9.4963897, 42.5695707], [9.496272, 42.5696308], [9.4961452, 42.5696841], [9.4960004, 42.5697108], [9.4958646, 42.5697574], [9.4957288, 42.5698174], [9.4955839, 42.5698574], [9.4954481, 42.5699041], [9.4952852, 42.5699308], [9.4951312, 42.5700041], [9.4950045, 42.5700641], [9.4948687, 42.5701041], [9.4947329, 42.5701775], [9.4944794, 42.5702641], [9.4943436, 42.5703175], [9.4941988, 42.5703642], [9.4940449, 42.5703975], [9.4938909, 42.5704242], [9.493728, 42.5704642], [9.4935741, 42.5704708], [9.4934473, 42.5705175], [9.4932934, 42.5705375], [9.4931576, 42.5705908], [9.4930309, 42.5706642], [9.4927955, 42.5708042], [9.4926688, 42.5708509], [9.492533, 42.5709175], [9.492379, 42.5709642], [9.4922432, 42.5710042], [9.4920079, 42.5710375], [9.4918721, 42.5710976], [9.4917272, 42.5711309], [9.4915733, 42.5711576], [9.4914466, 42.5712109], [9.4913198, 42.5712709], [9.4910301, 42.5712576], [9.4908853, 42.5712909], [9.4907404, 42.5713509], [9.4906408, 42.5714376], [9.4905141, 42.5714976], [9.4903602, 42.5714576], [9.4902153, 42.5714642], [9.4900976, 42.5715309], [9.489989, 42.5716176], [9.4898713, 42.5716776], [9.4897264, 42.5717109], [9.4895816, 42.5717576], [9.4894639, 42.5718309], [9.4894186, 42.5719376], [9.4892919, 42.5719776], [9.489138, 42.5719643], [9.4889931, 42.5719443], [9.4888392, 42.5719443], [9.4886944, 42.5719843], [9.4885586, 42.5720243], [9.4884318, 42.5720843], [9.488287, 42.572111], [9.4882159, 42.5721334], [9.4881602, 42.572151], [9.4880154, 42.5721843], [9.4878615, 42.572211], [9.4877166, 42.5722376], [9.4874088, 42.5722976], [9.4872549, 42.572311], [9.4870738, 42.5723243], [9.486929, 42.5723643], [9.4867841, 42.572371], [9.4866393, 42.572331], [9.4865125, 42.5722776], [9.4863677, 42.5722376], [9.4862138, 42.572251], [9.4860689, 42.572271], [9.4857792, 42.5723643], [9.4856434, 42.5724176], [9.4854804, 42.5724843], [9.4853627, 42.5725577], [9.4852088, 42.5725777], [9.4851002, 42.5725777], [9.4849463, 42.5726043], [9.4848014, 42.572631], [9.4846566, 42.5726577], [9.4845208, 42.572711], [9.484394, 42.572751], [9.4842582, 42.5727977], [9.4841043, 42.5728243], [9.4839504, 42.572891], [9.4838237, 42.5729843], [9.4836969, 42.573051], [9.4835792, 42.5731177], [9.4834434, 42.573171], [9.4833076, 42.573211], [9.4831718, 42.5732644], [9.4830179, 42.5733177], [9.4828731, 42.5733777], [9.4827373, 42.5734177], [9.4826015, 42.5734844], [9.4824657, 42.5735244], [9.482348, 42.5735844], [9.4820945, 42.5736977], [9.4819497, 42.5737244], [9.4818139, 42.573771], [9.4816781, 42.573851], [9.4815694, 42.573931], [9.4814336, 42.5740044], [9.4812707, 42.5741911], [9.4811892, 42.5742844], [9.4811258, 42.5743844], [9.4810534, 42.5744844], [9.4809538, 42.5745644], [9.4808452, 42.5746444], [9.4807456, 42.5747244], [9.4806279, 42.5747977], [9.4805011, 42.5748644], [9.4803653, 42.5749177], [9.4802205, 42.5749711], [9.4801028, 42.5750311], [9.4799851, 42.5750911], [9.4798764, 42.5751644], [9.4797588, 42.5752377], [9.4796773, 42.5753311], [9.4795596, 42.5754044], [9.4795234, 42.5754777], [9.4793785, 42.5755111], [9.479288, 42.5756044], [9.4791612, 42.5756711], [9.4790345, 42.5757177], [9.4789259, 42.5757911], [9.4788444, 42.5758844], [9.4787719, 42.5759577], [9.478609, 42.5759644], [9.478446, 42.5760177], [9.4783193, 42.5760644], [9.4782016, 42.5761577], [9.4781201, 42.5762511], [9.4780115, 42.5763311], [9.4779934, 42.5764377], [9.47793, 42.5765377], [9.4778395, 42.5767644], [9.4778032, 42.5768777], [9.477767, 42.5769844], [9.4777761, 42.5771044], [9.4778214, 42.5772177], [9.477767, 42.5773244], [9.4776674, 42.5774044], [9.4775407, 42.5774577], [9.4774321, 42.5775311], [9.4773506, 42.5776177], [9.4772872, 42.5777311], [9.47726, 42.5778444], [9.4772148, 42.5779511], [9.4771424, 42.5780377], [9.477079, 42.5781377], [9.4769884, 42.5782177], [9.4769432, 42.5783244], [9.4769251, 42.578431], [9.4769341, 42.5785377], [9.4769341, 42.5791177], [9.4769432, 42.5792243], [9.4768708, 42.5793177], [9.4767983, 42.5794177], [9.476735, 42.579511], [9.4767259, 42.5796243], [9.4767712, 42.5797243], [9.4767802, 42.579831], [9.476744, 42.579951], [9.4766897, 42.5800509], [9.4766535, 42.5801576], [9.4766173, 42.5802776], [9.476572, 42.5803843], [9.4765539, 42.5804976], [9.4765629, 42.5806042], [9.4766082, 42.5807109], [9.4766625, 42.5808176], [9.4766806, 42.5809309], [9.4766987, 42.5810442], [9.4766987, 42.5811709], [9.4766716, 42.5812775], [9.4766354, 42.5813975], [9.4765901, 42.5814975], [9.4765448, 42.5816042], [9.4764905, 42.5816975], [9.4764634, 42.5818108], [9.4764634, 42.5819241], [9.4764543, 42.5820375], [9.4763909, 42.5821308], [9.4762732, 42.5822041], [9.4761918, 42.5822908], [9.4761012, 42.5823774], [9.4759835, 42.5825307], [9.4759292, 42.5826441], [9.4759292, 42.582764], [9.4760288, 42.5828507], [9.4761012, 42.5829507], [9.476237, 42.5830307], [9.4763547, 42.5831173], [9.4764362, 42.5832107], [9.4765358, 42.5833107], [9.4766263, 42.5834173], [9.4766354, 42.5835306], [9.4766354, 42.5837706], [9.4766041, 42.5838582], [9.4766082, 42.5838972], [9.476572, 42.5840106], [9.4764724, 42.5840972], [9.476409, 42.5841972], [9.4763004, 42.5842639], [9.4761646, 42.5843105], [9.476056, 42.5843839], [9.4759292, 42.5844572], [9.4758296, 42.5845372], [9.475721, 42.5846038], [9.4756214, 42.5846838], [9.4755037, 42.5847571], [9.4753407, 42.5849438], [9.4752864, 42.5850571], [9.4752774, 42.5851771], [9.4752049, 42.5854037], [9.4751778, 42.585517], [9.4751416, 42.5856237], [9.4751144, 42.585737], [9.4750782, 42.5858503], [9.4750329, 42.585957], [9.4750329, 42.5860703], [9.4751235, 42.5861569], [9.4752774, 42.5862036], [9.4753407, 42.5863036], [9.4752231, 42.5863769], [9.4752231, 42.5865968], [9.4752864, 42.5866902], [9.4754222, 42.5867502], [9.4755399, 42.5868301], [9.4754765, 42.5869301], [9.475386, 42.5870168], [9.4753045, 42.5871101], [9.4752683, 42.5872167], [9.4752321, 42.5873167], [9.4752049, 42.5874367], [9.4751687, 42.58755], [9.4751506, 42.5876567], [9.4750963, 42.58777], [9.4750963, 42.5878833], [9.4751235, 42.5879966], [9.4752231, 42.5880832], [9.4753498, 42.5881499], [9.4754041, 42.5882565], [9.4753317, 42.5883432], [9.475214, 42.5884165], [9.4751416, 42.5885165], [9.475051, 42.5885965], [9.4749696, 42.5886898], [9.4749243, 42.5887898], [9.4748609, 42.5888898], [9.4748066, 42.5889897], [9.474707, 42.5890764], [9.4745803, 42.5891297], [9.4744988, 42.589223], [9.4744445, 42.589323], [9.4743992, 42.589423], [9.4743358, 42.5895363], [9.4743177, 42.5896496], [9.4742815, 42.5897629], [9.4741186, 42.5899495], [9.4740461, 42.5900362], [9.4739284, 42.5900962], [9.4737745, 42.5902295], [9.4736478, 42.5903028], [9.4736206, 42.5904227], [9.4735935, 42.5905494], [9.473521, 42.590636], [9.4733762, 42.590676], [9.4732857, 42.590756], [9.473177, 42.590836], [9.4730774, 42.5909226], [9.473005, 42.5910159], [9.4729054, 42.5910893], [9.472833, 42.5911826], [9.4727062, 42.5913892], [9.4726157, 42.5914825], [9.4725704, 42.5915891], [9.4725704, 42.5918157], [9.4725523, 42.5919291], [9.4725614, 42.5920424], [9.4726067, 42.592149], [9.4726248, 42.5922556], [9.4726338, 42.5923623], [9.47267, 42.5924756], [9.47267, 42.5925822], [9.4726429, 42.5926889], [9.4725885, 42.5927888], [9.4725252, 42.5928955], [9.4724618, 42.5929888], [9.4724075, 42.5932087], [9.4723622, 42.5933153], [9.4722988, 42.593422], [9.4722083, 42.5935153], [9.4720997, 42.5935953], [9.471991, 42.5936886], [9.4718643, 42.5937486], [9.4717375, 42.5938019], [9.4716108, 42.5938619], [9.4715474, 42.5939618], [9.4715203, 42.5940751], [9.4715022, 42.5941818], [9.4714297, 42.5942817], [9.4712758, 42.5943284], [9.47114, 42.594375], [9.4709952, 42.5944217], [9.4708775, 42.5943551], [9.4707326, 42.5943151], [9.4705968, 42.5943551], [9.4705425, 42.5944617], [9.4704972, 42.594575], [9.4704463, 42.5946641], [9.4704001, 42.5947704], [9.4704001, 42.5948974], [9.4703977, 42.5950215], [9.4703795, 42.5951282], [9.4703614, 42.5952548], [9.4702981, 42.5953547], [9.4702166, 42.5954481], [9.4701894, 42.5955614], [9.4701351, 42.595668], [9.4700717, 42.595768], [9.4700355, 42.5958879], [9.4699993, 42.5960145], [9.4699178, 42.5961078], [9.4699178, 42.5962211], [9.4698454, 42.5963144], [9.4697277, 42.5963744], [9.4695829, 42.5964144], [9.4694471, 42.5964677], [9.4693294, 42.5965344], [9.4692117, 42.5966077], [9.469103, 42.5966943], [9.4689672, 42.5967676], [9.4688224, 42.5967876], [9.4686866, 42.5968343], [9.4685598, 42.5968743], [9.4684512, 42.5969542], [9.4683154, 42.5969809], [9.4681977, 42.5970409], [9.46808, 42.5971342], [9.4680257, 42.5972408], [9.4679804, 42.5973474], [9.4679442, 42.5974607], [9.4679352, 42.5975674], [9.467917, 42.5976873], [9.4678627, 42.5977939], [9.4677994, 42.5978939], [9.467745, 42.5979939], [9.4676545, 42.5980805], [9.4675459, 42.5981738], [9.4674191, 42.5982205], [9.4673105, 42.5982938], [9.4671837, 42.5983404], [9.4670841, 42.5984204], [9.4669665, 42.5985004], [9.4668397, 42.598547], [9.4666858, 42.5985603], [9.4665319, 42.5985603], [9.4663961, 42.5986137], [9.4662603, 42.598647], [9.4661245, 42.5986936], [9.4660068, 42.5987669], [9.4658529, 42.5987736], [9.465699, 42.5988069], [9.4655451, 42.5987869], [9.4653912, 42.5988069], [9.4652825, 42.5988736], [9.4650834, 42.5990402], [9.4649928, 42.5991268], [9.4649114, 42.5992201], [9.4647937, 42.5992867], [9.4647031, 42.5993734], [9.4646488, 42.5994733], [9.4644949, 42.59948], [9.4643682, 42.5994267], [9.4642505, 42.5993467], [9.4641509, 42.5992601], [9.4640726, 42.5992507], [9.463997, 42.5992401], [9.4638612, 42.5992001], [9.4637073, 42.5991801], [9.4635624, 42.5992134], [9.4634809, 42.5993067], [9.4634176, 42.5994067], [9.463318, 42.5994933], [9.4632546, 42.5996], [9.463155, 42.5996799], [9.4630373, 42.5997532], [9.4629377, 42.5998399], [9.4629196, 42.5999532], [9.4629196, 42.6000598], [9.4629558, 42.6001731], [9.4630192, 42.6002664], [9.4631188, 42.6003663], [9.4632003, 42.6004596], [9.4632093, 42.6005729], [9.4631912, 42.6006862], [9.4631188, 42.6007862], [9.4630554, 42.6008994], [9.462983, 42.601126], [9.4629921, 42.6012326], [9.4630464, 42.6013326], [9.4631731, 42.6015325], [9.4632455, 42.6016258], [9.4633451, 42.6017324], [9.4634538, 42.6018257], [9.4635715, 42.601899], [9.4637073, 42.6019657], [9.4638159, 42.6020523], [9.4639427, 42.6021323], [9.4640603, 42.6022122], [9.4644929, 42.602533], [9.4648641, 42.6030545], [9.4651386, 42.6037787], [9.4653983, 42.6040688], [9.4654011, 42.6042461], [9.4655974, 42.6042655], [9.4656981, 42.6043422], [9.4658425, 42.6043529], [9.465988, 42.6044655], [9.4660154, 42.6045591], [9.4656696, 42.6046025], [9.4654164, 42.6045556], [9.4651848, 42.6044447], [9.4647457, 42.6046553], [9.4646635, 42.6047518], [9.4645981, 42.6049115], [9.4644471, 42.6051082], [9.4643896, 42.605279], [9.4644497, 42.605643], [9.4645423, 42.6056762], [9.4647806, 42.6057891], [9.4650081, 42.6061213], [9.4651645, 42.6064451], [9.4653453, 42.6064301], [9.4655439, 42.6065864], [9.4659566, 42.6069317], [9.4662677, 42.6073246], [9.4666366, 42.6075608], [9.4671829, 42.6076799], [9.4674493, 42.6079069], [9.4676738, 42.6081578], [9.468154, 42.6084226], [9.4681342, 42.6086271], [9.4679235, 42.6086916], [9.4676789, 42.6086649], [9.4669903, 42.6089909], [9.4668278, 42.6090822], [9.4668695, 42.6091972], [9.4668266, 42.6092607], [9.4667269, 42.6093245], [9.4666711, 42.6094332], [9.4666329, 42.6096264], [9.4663032, 42.6100611], [9.4658322, 42.610317], [9.4657204, 42.6105801], [9.4655405, 42.6111731], [9.4659147, 42.6115861], [9.4660298, 42.6119568], [9.4661377, 42.6124334], [9.4660226, 42.6126293], [9.4651563, 42.6128865], [9.4649434, 42.6132064], [9.4645045, 42.6133441], [9.4644447, 42.6133844], [9.4641663, 42.6135718], [9.4638138, 42.6140695], [9.4637796, 42.6146886], [9.4640789, 42.6148976], [9.4639792, 42.6152079], [9.4639605, 42.6157145], [9.4635251, 42.6161418], [9.4631586, 42.6165033], [9.4625231, 42.6168158], [9.4621744, 42.6170796], [9.4613682, 42.6175217], [9.4604899, 42.6180536], [9.460648, 42.6183], [9.4603912, 42.6184088], [9.4601875, 42.618856], [9.460395, 42.6192504], [9.4608164, 42.6196114], [9.4613817, 42.6196868], [9.461472, 42.6197991], [9.4614467, 42.6199572], [9.461274, 42.6200843], [9.4608279, 42.6202219], [9.4606264, 42.6202537], [9.4604034, 42.6203861], [9.4600652, 42.6203543], [9.4596335, 42.6206931], [9.4596623, 42.6212543], [9.4595256, 42.6215561], [9.4597496, 42.6217216], [9.4594968, 42.6218473], [9.4595472, 42.6221226], [9.4601697, 42.6227906], [9.4605617, 42.6230967], [9.4606552, 42.6233773], [9.4611836, 42.6236138], [9.4615149, 42.6237071], [9.4614683, 42.6240246], [9.4612347, 42.6242626], [9.4610923, 42.6252854], [9.4610673, 42.6256188], [9.4610278, 42.6258059], [9.4607356, 42.625994], [9.4604665, 42.62613], [9.4600814, 42.6264275], [9.4599464, 42.626457], [9.4596966, 42.6265115], [9.459656, 42.626725], [9.4594724, 42.6268117], [9.4591443, 42.6271267], [9.4584899, 42.6274955], [9.4583164, 42.627625], [9.4581472, 42.628571], [9.457975, 42.6286995], [9.4575542, 42.6288406], [9.4571441, 42.6288036], [9.4564859, 42.6289511], [9.4560102, 42.629197], [9.4555828, 42.6296823], [9.4552133, 42.6298655], [9.4551478, 42.6302067], [9.4548705, 42.6304552], [9.4544892, 42.6306775], [9.4544316, 42.6310692], [9.4538848, 42.631408], [9.4537985, 42.632202], [9.4537913, 42.6324296], [9.453597, 42.6325514], [9.4534172, 42.6326731], [9.4532482, 42.632816], [9.4530329, 42.6328598], [9.4525788, 42.6330051], [9.4524066, 42.6331337], [9.4522331, 42.6332631], [9.4521111, 42.6334868], [9.4521824, 42.6337804], [9.4521324, 42.6339513], [9.4519301, 42.6339855], [9.4512985, 42.6349679], [9.4507235, 42.6352737], [9.4505453, 42.634761], [9.4503712, 42.6346328], [9.4501788, 42.6346257], [9.4496761, 42.6346357], [9.4484797, 42.6346403], [9.4479573, 42.6345962], [9.4478755, 42.6343366], [9.4480138, 42.6340123], [9.4481649, 42.6333613], [9.4472843, 42.6333829], [9.4467403, 42.6337265], [9.4461216, 42.6339594], [9.4456179, 42.6343723], [9.4452006, 42.6349492], [9.4455675, 42.6354415], [9.4452294, 42.635505], [9.444992, 42.6356056], [9.4447329, 42.6357697], [9.4446034, 42.6359391], [9.444248, 42.6361084], [9.4439586, 42.6363068], [9.4435774, 42.6366789], [9.4433244, 42.636971], [9.442905, 42.6371947], [9.4424929, 42.6377674], [9.4425123, 42.6385633], [9.442966, 42.6393548], [9.443327, 42.6396987], [9.4436528, 42.6400092], [9.4443753, 42.6407801], [9.4451282, 42.6412068], [9.4460135, 42.6411993], [9.4465595, 42.6413206], [9.4468326, 42.6412929], [9.4471073, 42.6410384], [9.4473057, 42.6410346], [9.4475957, 42.6411244], [9.4478839, 42.6412818], [9.448269, 42.6413068], [9.4485549, 42.6412395], [9.4487204, 42.6412112], [9.4488317, 42.6412243], [9.4490928, 42.6412551], [9.4494331, 42.6412713], [9.4496429, 42.641234], [9.4497699, 42.6413978], [9.4498005, 42.6414627], [9.4500936, 42.6416407], [9.4504424, 42.6416647], [9.450575, 42.6417183], [9.4505403, 42.6418591], [9.4505602, 42.6420151], [9.4501977, 42.6421983], [9.4501257, 42.6423226], [9.4502002, 42.6425202], [9.4503735, 42.6426439], [9.4505194, 42.6426702], [9.4506676, 42.6425901], [9.4507042, 42.6426588], [9.4506889, 42.6428909], [9.4509586, 42.6431641], [9.4512333, 42.6435383], [9.451238, 42.6438734], [9.4509822, 42.6435247], [9.4510197, 42.643485], [9.4509705, 42.6434142], [9.4508813, 42.6433607], [9.4506208, 42.6429896], [9.4505481, 42.6429533], [9.4504354, 42.6428584], [9.4503228, 42.6428273], [9.45006, 42.642703], [9.4497619, 42.6423647], [9.449417, 42.6419142], [9.4494498, 42.6418848], [9.4493818, 42.6418659], [9.4492856, 42.6419038], [9.4494334, 42.64213], [9.4499168, 42.6427479], [9.4504448, 42.6429827], [9.4505293, 42.6430932], [9.4506044, 42.6431225], [9.4506349, 42.6432382], [9.4507405, 42.643359], [9.4512286, 42.6440719], [9.4514622, 42.6444589], [9.4517064, 42.6448032], [9.4519252, 42.645125], [9.4520422, 42.6453009], [9.4521745, 42.6455591], [9.4522508, 42.6458323], [9.4523475, 42.6461766], [9.4522559, 42.6464909], [9.4522101, 42.6468239], [9.4520931, 42.6472356], [9.4519812, 42.6474077], [9.4518234, 42.6476584], [9.4511773, 42.6485977], [9.4510603, 42.6487174], [9.4509457, 42.6489191], [9.4508521, 42.6490256], [9.4507858, 42.6491589], [9.4508045, 42.6492464], [9.4507226, 42.6492739], [9.4506592, 42.6493552], [9.4505767, 42.649549], [9.4505469, 42.6496647], [9.4505462, 42.6499015], [9.450488, 42.6501732], [9.4504056, 42.6503452], [9.4503049, 42.6508019], [9.4501655, 42.651273], [9.4499969, 42.6516311], [9.4496312, 42.6521883], [9.4492429, 42.6527521], [9.4488015, 42.6533623], [9.4483508, 42.6537923], [9.4482705, 42.6539481], [9.4481411, 42.6540726], [9.4479519, 42.6541458]]]}}, {"type": "Feature", "properties": {"name": "Lac de Padula"}, "geometry": {"type": "Polygon", "coordinates": [[[9.3229201, 42.6289435], [9.3230814, 42.629028], [9.3231963, 42.6291206], [9.3237649, 42.6289871], [9.3238133, 42.6288921], [9.3241641, 42.6288743], [9.3248536, 42.6292452], [9.3253214, 42.6294974], [9.3252568, 42.6296457], [9.3253254, 42.6297228], [9.3254423, 42.6297139], [9.3257327, 42.629619], [9.3261923, 42.629708], [9.3263819, 42.6297851], [9.3267286, 42.6298563], [9.3271561, 42.6300759], [9.3271843, 42.6302331], [9.3274585, 42.630426], [9.3274585, 42.6305298], [9.3277287, 42.6306692], [9.3277529, 42.6302064], [9.3279626, 42.6300907], [9.3282085, 42.6300462], [9.3285, 42.63], [9.3285271, 42.6300551], [9.3287529, 42.6300314], [9.3290473, 42.6300966], [9.3295755, 42.6307909], [9.3297932, 42.6310074], [9.3300594, 42.6310519], [9.3304021, 42.631135], [9.330761, 42.6311261], [9.3307771, 42.6310697], [9.3303295, 42.6309689], [9.3300634, 42.6308383], [9.3299021, 42.6305743], [9.3299263, 42.63042], [9.3300231, 42.6303844], [9.33, 42.63025], [9.3297811, 42.6300699], [9.3297287, 42.6297555], [9.3295311, 42.6295003], [9.3293456, 42.6295033], [9.3291602, 42.6294083], [9.3285755, 42.6295211], [9.3283456, 42.6296249], [9.3280674, 42.6296012], [9.3279464, 42.6294618], [9.3275593, 42.6295152], [9.3271641, 42.6292986], [9.3270875, 42.6291858], [9.3266157, 42.629079], [9.3261561, 42.6287912], [9.3257851, 42.6286637], [9.3253455, 42.6285064], [9.3251238, 42.6282928], [9.3251964, 42.6281207], [9.3250875, 42.6280377], [9.3252165, 42.6280495], [9.3252367, 42.6280881], [9.3253133, 42.6280792], [9.3253335, 42.6279546], [9.3254343, 42.6278982], [9.3259302, 42.6279902], [9.3260472, 42.6280347], [9.3261278, 42.6280139], [9.3267125, 42.6281089], [9.3271641, 42.6282038], [9.3272367, 42.628094], [9.3274995, 42.6280683], [9.3276084, 42.6280979], [9.3276407, 42.6281929], [9.3278302, 42.6282314], [9.32806, 42.6281543], [9.3281366, 42.628184], [9.3282253, 42.6281484], [9.3281971, 42.6280831], [9.3283987, 42.6280356], [9.3285116, 42.6278992], [9.3288584, 42.6277478], [9.3290076, 42.6277567], [9.3291609, 42.6275491], [9.3293221, 42.6274749], [9.3294028, 42.6274897], [9.3295117, 42.6274274], [9.3294754, 42.6273889], [9.3297012, 42.6271812], [9.3298262, 42.6271752], [9.3298343, 42.627104], [9.33, 42.627], [9.330423, 42.6270091], [9.3305399, 42.6270239], [9.330556, 42.6270566], [9.3307254, 42.6270892], [9.3307819, 42.6270536], [9.3310077, 42.6270773], [9.3311045, 42.6271129], [9.3314512, 42.6271693], [9.3312617, 42.6270299], [9.3311649, 42.6269319], [9.3305157, 42.6266412], [9.3304189, 42.6264661], [9.330798, 42.6261338], [9.3309714, 42.6260359], [9.3312214, 42.6260181], [9.3314028, 42.6260508], [9.3316287, 42.6261427], [9.331673, 42.6261932], [9.3319512, 42.6262911], [9.3321327, 42.6263297], [9.3322698, 42.6262792], [9.3322698, 42.6261783], [9.3319662, 42.6260608], [9.3311649, 42.6256057], [9.3308303, 42.6256027], [9.3308625, 42.625404], [9.3309875, 42.6253149], [9.3310468, 42.6252182], [9.3310105, 42.6250935], [9.3311569, 42.6249203], [9.3310226, 42.6250045], [9.3309028, 42.625039], [9.3307928, 42.6250728], [9.330677, 42.625223], [9.3301689, 42.6256532], [9.3298544, 42.6257036], [9.3298907, 42.625852], [9.3297899, 42.6259707], [9.3298302, 42.6260834], [9.3294592, 42.6264335], [9.3287375, 42.6265106], [9.3279471, 42.6268281], [9.3277657, 42.6270299], [9.3275923, 42.6271574], [9.3272656, 42.6272197], [9.3270358, 42.6272108], [9.3268947, 42.627196], [9.3266221, 42.626894], [9.3265334, 42.626894], [9.326481, 42.6268287], [9.3264084, 42.6268465], [9.3263359, 42.6266626], [9.3257604, 42.6261828], [9.3254895, 42.6260947], [9.325481, 42.6260527], [9.3254068, 42.6260338], [9.3253389, 42.625863], [9.3251844, 42.6258891], [9.3252044, 42.625994], [9.3250903, 42.6260485], [9.3249706, 42.6259541], [9.324666, 42.6259512], [9.3245132, 42.62609], [9.3243479, 42.6260989], [9.3242552, 42.6261938], [9.3241866, 42.626179], [9.324106, 42.6262828], [9.3240172, 42.6263214], [9.3240898, 42.6264519], [9.3239003, 42.6267368], [9.3238156, 42.6267427], [9.3237672, 42.6269563], [9.32361, 42.6271284], [9.3233922, 42.6271492], [9.3232834, 42.6272263], [9.3229971, 42.6273034], [9.3229325, 42.6272233], [9.3223599, 42.6272649], [9.3221906, 42.6271996], [9.3221059, 42.62725], [9.3220253, 42.627345], [9.3219204, 42.6273628], [9.3218357, 42.6273272], [9.3215535, 42.627428], [9.3214204, 42.6273272], [9.3212067, 42.6272945], [9.3210796, 42.6273008], [9.321071, 42.6273428], [9.3209912, 42.6273491], [9.3208743, 42.6272379], [9.3207317, 42.6273113], [9.3205549, 42.6272358], [9.3205435, 42.6271519], [9.3204979, 42.6271582], [9.320458, 42.6272253], [9.3203496, 42.6271435], [9.3202185, 42.627326], [9.32017, 42.6273113], [9.3201187, 42.6271267], [9.3199932, 42.6271309], [9.3199818, 42.6274875], [9.3195313, 42.627561], [9.3194486, 42.6275295], [9.3193574, 42.6275484], [9.3192319, 42.6274645], [9.3190352, 42.6275882], [9.3190295, 42.6275295], [9.3188983, 42.6275715], [9.3183863, 42.6293201], [9.3182916, 42.6293068], [9.3182804, 42.6293524], [9.3182694, 42.6293973], [9.3183742, 42.6294121], [9.3183964, 42.629378], [9.31859, 42.6293335], [9.3186303, 42.6293661], [9.3186767, 42.6293365], [9.3187452, 42.6293676], [9.3188158, 42.6293379], [9.318838, 42.6293869], [9.3189388, 42.629424], [9.3189851, 42.629381], [9.3190718, 42.6294091], [9.3190859, 42.6294403], [9.3191525, 42.6294462], [9.3191888, 42.6294255], [9.3192351, 42.6294536], [9.3193037, 42.6294418], [9.3194065, 42.629464], [9.3194166, 42.6294032], [9.319465, 42.6294077], [9.3194468, 42.6294803], [9.3196767, 42.6295323], [9.3197634, 42.6297192], [9.319719, 42.6297459], [9.3197452, 42.6298245], [9.3198218, 42.6298586], [9.3197977, 42.6299298], [9.3199206, 42.6300025], [9.3199569, 42.6300945], [9.3200698, 42.6300915], [9.3200779, 42.630133], [9.3199952, 42.6301627], [9.3199852, 42.6302398], [9.3197997, 42.6305261], [9.3199126, 42.6305246], [9.3199307, 42.6304831], [9.3200678, 42.6305083], [9.3201332, 42.6306481], [9.3202007, 42.6306384], [9.3202602, 42.6306006], [9.3204266, 42.6305806], [9.3205747, 42.6305435], [9.3205747, 42.6305561], [9.3206282, 42.6305635], [9.3206645, 42.6305331], [9.3207471, 42.6305821], [9.3207895, 42.6306555], [9.3208207, 42.6306681], [9.3209205, 42.6308669], [9.3208873, 42.6309588], [9.3208137, 42.6310419], [9.3208106, 42.6311509], [9.3208399, 42.6311717], [9.3209498, 42.6314024], [9.3209306, 42.6314936], [9.3209891, 42.631527], [9.320977, 42.6316063], [9.3209447, 42.6316212], [9.320979, 42.6316538], [9.3209729, 42.6316909], [9.3210133, 42.631728], [9.3210173, 42.631765], [9.3210637, 42.6317977], [9.3210475, 42.6318718], [9.321102, 42.6318822], [9.3210697, 42.6319401], [9.3210677, 42.632035], [9.3211262, 42.6320625], [9.3211484, 42.6320825], [9.3211393, 42.6321047], [9.3212109, 42.6321181], [9.321228, 42.6321492], [9.3212875, 42.6321633], [9.3213943, 42.6321834], [9.3214326, 42.6322175], [9.3214467, 42.6322768], [9.3214699, 42.6322916], [9.3215002, 42.6322746], [9.3215234, 42.6322909], [9.321484, 42.6323784], [9.3215133, 42.6324466], [9.3213268, 42.632684], [9.321107, 42.6329258], [9.3210617, 42.6329235], [9.3210244, 42.6329614], [9.320979, 42.6329384], [9.3207925, 42.6331267], [9.320858, 42.6332261], [9.3211101, 42.6332298], [9.3212784, 42.6331847], [9.3216975, 42.6329697], [9.3218201, 42.6329109], [9.3219698, 42.6328994], [9.3221437, 42.6329267], [9.3221965, 42.6328323], [9.3223419, 42.6327326], [9.3225515, 42.6326928], [9.3227368, 42.6327704], [9.3228794, 42.6329193], [9.3230832, 42.633192], [9.3232999, 42.6333798], [9.3237747, 42.6336305], [9.3238673, 42.6336189], [9.3240484, 42.6336819], [9.3242165, 42.6336799], [9.3243355, 42.6337466], [9.3244305, 42.6337427], [9.3245631, 42.633749], [9.3244789, 42.6335938], [9.3244101, 42.6335226], [9.3241319, 42.6334203], [9.3239504, 42.6333595], [9.3236621, 42.6331815], [9.3234403, 42.6329382], [9.3233818, 42.6328344], [9.3234927, 42.6327157], [9.3235835, 42.6327038], [9.3236439, 42.6326119], [9.3237327, 42.632557], [9.32375, 42.6325], [9.3236439, 42.6325614], [9.3235734, 42.6325451], [9.323396, 42.6325392], [9.3232649, 42.6324709], [9.3232105, 42.6323849], [9.323156, 42.6323063], [9.3230109, 42.6322499], [9.3229302, 42.6321535], [9.3228193, 42.6321372], [9.3227568, 42.6320882], [9.3226923, 42.6320704], [9.3225975, 42.6320986], [9.322531, 42.6320482], [9.3223516, 42.6320734], [9.3221762, 42.6320482], [9.322029, 42.631974], [9.321912, 42.6318657], [9.3218637, 42.6317397], [9.3219887, 42.6316165], [9.3219322, 42.6313036], [9.3220975, 42.6310722], [9.3223617, 42.6309386], [9.3225451, 42.6309639], [9.3226903, 42.6310069], [9.3229504, 42.6308556], [9.3231621, 42.6308155], [9.3232266, 42.630725], [9.3232185, 42.6306019], [9.3230915, 42.6304862], [9.3229625, 42.630458], [9.322777, 42.6304625], [9.3224746, 42.630369], [9.3222104, 42.6303972], [9.3221399, 42.6303913], [9.3220814, 42.6304224], [9.322031, 42.6304195], [9.3219443, 42.6304788], [9.3218354, 42.630461], [9.321781, 42.6303557], [9.3218274, 42.6303216], [9.3219383, 42.6303112], [9.3219846, 42.6303497], [9.3220592, 42.6303557], [9.3220854, 42.6302815], [9.3222487, 42.6301999], [9.3224403, 42.6298617], [9.3224161, 42.6297875], [9.3223254, 42.6297475], [9.3222931, 42.6297089], [9.3221197, 42.6296689], [9.3219927, 42.629654], [9.321912, 42.6296229], [9.3218657, 42.6295769], [9.3217648, 42.6294529], [9.3217528, 42.629298], [9.3218435, 42.6291556], [9.3220149, 42.6291022], [9.32216, 42.6289984], [9.322408, 42.6289198], [9.3229201, 42.6289435]]]}}]}