{"type":"FeatureCollection","features":[{"type":"Feature","properties":{"name":"L\u0027Embroye"},"geometry":{"type":"LineString","coordinates":[[4.7851,44.8848],[4.7978,44.8891],[4.7982,44.8859],[4.8006,44.8854],[4.8030,44.8826],[4.8053,44.8825],[4.8081,44.8809],[4.8156,44.8815],[4.8163,44.8806],[4.8151,44.8782],[4.8162,44.8763],[4.8194,44.8765],[4.8219,44.8747],[4.8260,44.8744],[4.8256,44.8681],[4.8266,44.8656],[4.8258,44.8646],[4.8269,44.8638]]}},{"type":"Feature","properties":{"name":"L\u0027Embroye"},"geometry":{"type":"LineString","coordinates":[[4.8311,44.8616],[4.8365,44.8575],[4.8384,44.8529]]}},{"type":"Feature","properties":{"name":"L\u0027Embroye"},"geometry":{"type":"LineString","coordinates":[[4.8270,44.8638],[4.8281,44.8625],[4.8298,44.8629],[4.8311,44.8616]]}},{"type":"Feature","properties":{"name":"L\u0027Auzène"},"geometry":{"type":"LineString","coordinates":[[4.5712,44.8081],[4.5762,44.8106],[4.5773,44.8136],[4.5801,44.8132],[4.5829,44.8112],[4.5865,44.8114],[4.5948,44.8139],[4.5966,44.8162]]}},{"type":"Feature","properties":{"name":"L\u0027Auzène"},"geometry":{"type":"LineString","coordinates":[[4.5591,44.8035],[4.5653,44.8065],[4.5679,44.8066],[4.5710,44.8081]]}},{"type":"Feature","properties":{"name":"L\u0027Auzène"},"geometry":{"type":"LineString","coordinates":[[4.5966,44.8162],[4.5984,44.8173]]}},{"type":"Feature","properties":{"name":"L\u0027Auzène"},"geometry":{"type":"LineString","coordinates":[[4.4337,44.7703],[4.4372,44.7685],[4.4457,44.7700],[4.4514,44.7698],[4.4538,44.7683],[4.4564,44.7707],[4.4653,44.7739]]}},{"type":"Feature","properties":{"name":"L\u0027Auzène"},"geometry":{"type":"LineString","coordinates":[[4.4812,44.7780],[4.4835,44.7786],[4.4844,44.7753],[4.4874,44.7748],[4.4887,44.7733],[4.5006,44.7759],[4.5026,44.7747],[4.5037,44.7756],[4.5034,44.7773],[4.5162,44.7797],[4.5287,44.7866],[4.5304,44.7862],[4.5323,44.7874]]}},{"type":"Feature","properties":{"name":"L\u0027Auzène"},"geometry":{"type":"LineString","coordinates":[[4.5710,44.8081],[4.5712,44.8081]]}},{"type":"Feature","properties":{"name":"L\u0027Auzène"},"geometry":{"type":"LineString","coordinates":[[4.5966,44.8162],[4.5966,44.8162]]}},{"type":"Feature","properties":{"name":"L\u0027Auzène"},"geometry":{"type":"LineString","coordinates":[[4.5323,44.7874],[4.5389,44.7888],[4.5404,44.7914],[4.5453,44.7940],[4.5477,44.7984],[4.5517,44.7990],[4.5528,44.8014],[4.5573,44.8036],[4.5591,44.8035]]}},{"type":"Feature","properties":{"name":"L\u0027Auzène"},"geometry":{"type":"LineString","coordinates":[[4.4653,44.7740],[4.4720,44.7759]]}},{"type":"Feature","properties":{"name":"L\u0027Auzène"},"geometry":{"type":"LineString","coordinates":[[4.4720,44.7759],[4.4756,44.7750],[4.4794,44.7769],[4.4783,44.7780],[4.4793,44.7793],[4.4812,44.7780]]}},{"type":"Feature","properties":{"name":"Le Condoie"},"geometry":{"type":"LineString","coordinates":[[4.5859,44.9474],[4.5885,44.9485],[4.5896,44.9517],[4.5892,44.9531],[4.5917,44.9558],[4.5913,44.9579],[4.5950,44.9608],[4.5958,44.9633],[4.5947,44.9651],[4.5957,44.9681],[4.5923,44.9688],[4.5914,44.9705],[4.5929,44.9724],[4.5848,44.9731],[4.5860,44.9755],[4.5854,44.9775],[4.5834,44.9775],[4.5843,44.9792],[4.5790,44.9817],[4.5804,44.9823],[4.5818,44.9850],[4.5802,44.9881]]}},{"type":"Feature","properties":{"name":"Ruisseau du Pradal"},"geometry":{"type":"LineString","coordinates":[[4.2105,44.8614],[4.2158,44.8594],[4.2225,44.8589],[4.2342,44.8605],[4.2374,44.8619],[4.2414,44.8655],[4.2487,44.8676],[4.2498,44.8694],[4.2522,44.8704],[4.2549,44.8703],[4.2598,44.8758]]}},{"type":"Feature","properties":{"name":"L\u0027Auze"},"geometry":{"type":"LineString","coordinates":[[4.1787,45.1060],[4.1792,45.1085],[4.1784,45.1128],[4.1817,45.1133],[4.1841,45.1177],[4.1800,45.1202],[4.1829,45.1247],[4.1828,45.1272],[4.1859,45.1295],[4.1882,45.1345],[4.1821,45.1368],[4.1841,45.1408],[4.1795,45.1418],[4.1801,45.1447],[4.1782,45.1458],[4.1802,45.1483],[4.1798,45.1504],[4.1754,45.1505],[4.1726,45.1524],[4.1726,45.1537],[4.1748,45.1562],[4.1728,45.1610]]}},{"type":"Feature","properties":{"name":"Ruisseau du Mas"},"geometry":{"type":"LineString","coordinates":[[4.3651,44.7573],[4.3641,44.7554],[4.3604,44.7523],[4.3620,44.7474],[4.3604,44.7429],[4.3620,44.7376],[4.3604,44.7335],[4.3610,44.7315],[4.3590,44.7297],[4.3605,44.7240],[4.3591,44.7221],[4.3597,44.7202]]}},{"type":"Feature","properties":{"name":"Le Dolon"},"geometry":{"type":"LineString","coordinates":[[4.9842,45.3421],[4.9757,45.3361],[4.9650,45.3348],[4.9603,45.3290],[4.9562,45.3295],[4.9539,45.3272],[4.9527,45.3282],[4.9481,45.3285],[4.9438,45.3278],[4.9414,45.3264],[4.9392,45.3267],[4.9351,45.3254],[4.9337,45.3241],[4.9290,45.3240],[4.9271,45.3223],[4.9237,45.3214],[4.9225,45.3235],[4.9186,45.3250],[4.9190,45.3257],[4.9151,45.3259],[4.9112,45.3241],[4.9031,45.3235],[4.8978,45.3242],[4.8949,45.3221],[4.8894,45.3224],[4.8849,45.3207],[4.8775,45.3210],[4.8755,45.3223],[4.8707,45.3201],[4.8619,45.3178],[4.8596,45.3183],[4.8580,45.3170],[4.8543,45.3177],[4.8510,45.3170],[4.8497,45.3154],[4.8404,45.3145],[4.8322,45.3153],[4.8295,45.3137],[4.8302,45.3129],[4.8290,45.3123],[4.8292,45.3114],[4.8221,45.3108],[4.8193,45.3094],[4.8143,45.3093],[4.8120,45.3109],[4.8041,45.3121],[4.7997,45.3138],[4.7985,45.3131],[4.8036,45.3041],[4.8019,45.3017]]}},{"type":"Feature","properties":{"name":"Le Dolaizon"},"geometry":{"type":"LineString","coordinates":[[3.8904,45.0438],[3.8917,45.0449]]}},{"type":"Feature","properties":{"name":"Le Dolaizon"},"geometry":{"type":"LineString","coordinates":[[3.8919,45.0454],[3.8947,45.0480],[3.8966,45.0478],[3.8962,45.0494]]}},{"type":"Feature","properties":{"name":"Le Dolaizon"},"geometry":{"type":"LineString","coordinates":[[3.8964,45.0500],[3.8964,45.0504]]}},{"type":"Feature","properties":{"name":"Le Dolaizon"},"geometry":{"type":"LineString","coordinates":[[3.8887,45.0427],[3.8904,45.0438]]}},{"type":"Feature","properties":{"name":"Le Dolaizon"},"geometry":{"type":"LineString","coordinates":[[3.8917,45.0449],[3.8919,45.0454]]}},{"type":"Feature","properties":{"name":"Le Dolaizon"},"geometry":{"type":"LineString","coordinates":[[3.8962,45.0494],[3.8964,45.0500]]}},{"type":"Feature","properties":{"name":"Le Dolaizon"},"geometry":{"type":"LineString","coordinates":[[3.8389,45.0148],[3.8422,45.0181],[3.8455,45.0197],[3.8489,45.0200],[3.8494,45.0209],[3.8531,45.0209],[3.8533,45.0217],[3.8559,45.0219],[3.8584,45.0234],[3.8614,45.0231],[3.8665,45.0262],[3.8745,45.0283],[3.8845,45.0352],[3.8887,45.0427]]}},{"type":"Feature","properties":{"name":"Ruisseau de Mazan"},"geometry":{"type":"LineString","coordinates":[[4.1043,44.7509],[4.0982,44.7530],[4.0948,44.7554]]}},{"type":"Feature","properties":{"name":"Ruisseau de Mazan"},"geometry":{"type":"LineString","coordinates":[[4.1095,44.7477],[4.1067,44.7505],[4.1043,44.7509]]}},{"type":"Feature","properties":{"name":"Ruisseau de Mazan"},"geometry":{"type":"LineString","coordinates":[[4.0868,44.7260],[4.0870,44.7280],[4.0893,44.7288],[4.0883,44.7303],[4.0933,44.7331],[4.0968,44.7332],[4.0987,44.7362],[4.1010,44.7365],[4.1058,44.7436],[4.1085,44.7448],[4.1095,44.7477]]}},{"type":"Feature","properties":{"name":"La Saliouse"},"geometry":{"type":"LineString","coordinates":[[4.3580,44.9474],[4.3613,44.9467],[4.3651,44.9415]]}},{"type":"Feature","properties":{"name":"La Saliouse"},"geometry":{"type":"LineString","coordinates":[[4.2376,44.9094],[4.2396,44.9143],[4.2427,44.9163],[4.2426,44.9179],[4.2443,44.9184],[4.2446,44.9212],[4.2479,44.9226],[4.2488,44.9275],[4.2509,44.9306],[4.2526,44.9309],[4.2554,44.9333],[4.2573,44.9335],[4.2576,44.9346],[4.2616,44.9346],[4.2621,44.9355],[4.2667,44.9367]]}},{"type":"Feature","properties":{"name":"La Saliouse"},"geometry":{"type":"LineString","coordinates":[[4.3302,44.9470],[4.3339,44.9457],[4.3378,44.9416],[4.3505,44.9425],[4.3556,44.9441]]}},{"type":"Feature","properties":{"name":"La Saliouse"},"geometry":{"type":"LineString","coordinates":[[4.2774,44.9368],[4.2901,44.9347],[4.2983,44.9365],[4.3095,44.9406],[4.3131,44.9441],[4.3225,44.9448],[4.3246,44.9467],[4.3273,44.9472]]}},{"type":"Feature","properties":{"name":"La Saliouse"},"geometry":{"type":"LineString","coordinates":[[4.3273,44.9472],[4.3301,44.9470]]}},{"type":"Feature","properties":{"name":"La Saliouse"},"geometry":{"type":"LineString","coordinates":[[4.3580,44.9474],[4.3580,44.9474]]}},{"type":"Feature","properties":{"name":"La Saliouse"},"geometry":{"type":"LineString","coordinates":[[4.3652,44.9415],[4.3676,44.9422]]}},{"type":"Feature","properties":{"name":"La Saliouse"},"geometry":{"type":"LineString","coordinates":[[4.3556,44.9441],[4.3556,44.9442]]}},{"type":"Feature","properties":{"name":"La Saliouse"},"geometry":{"type":"LineString","coordinates":[[4.3556,44.9442],[4.3580,44.9474]]}},{"type":"Feature","properties":{"name":"La Saliouse"},"geometry":{"type":"LineString","coordinates":[[4.3651,44.9415],[4.3652,44.9415]]}},{"type":"Feature","properties":{"name":"Le Nant"},"geometry":{"type":"LineString","coordinates":[[4.5536,45.1590],[4.5563,45.1584],[4.5654,45.1602],[4.5740,45.1570],[4.5808,45.1559],[4.5919,45.1586],[4.5950,45.1564],[4.5951,45.1539],[4.5971,45.1533],[4.5992,45.1540],[4.6055,45.1515],[4.6151,45.1514],[4.6158,45.1503]]}},{"type":"Feature","properties":{"name":"L\u0027Eyrieux"},"geometry":{"type":"LineString","coordinates":[[4.7190,44.8209],[4.7214,44.8206],[4.7217,44.8173],[4.7232,44.8163],[4.7268,44.8172],[4.7273,44.8188],[4.7341,44.8214],[4.7427,44.8199],[4.7516,44.8200],[4.7539,44.8191],[4.7763,44.8233],[4.7811,44.8259],[4.7869,44.8270],[4.7902,44.8249],[4.7939,44.8261],[4.7998,44.8239],[4.8018,44.8203],[4.8019,44.8118]]}},{"type":"Feature","properties":{"name":"L\u0027Eyrieux"},"geometry":{"type":"LineString","coordinates":[[4.6191,44.8165],[4.6190,44.8142],[4.6165,44.8129],[4.6161,44.8105],[4.6135,44.8071],[4.6152,44.8043]]}},{"type":"Feature","properties":{"name":"L\u0027Eyrieux"},"geometry":{"type":"LineString","coordinates":[[4.6331,44.8075],[4.6353,44.8105],[4.6411,44.8109],[4.6428,44.8120],[4.6397,44.8155],[4.6407,44.8195],[4.6445,44.8197],[4.6483,44.8178],[4.6559,44.8187],[4.6605,44.8208],[4.6656,44.8214],[4.6800,44.8286],[4.6854,44.8283],[4.6860,44.8255],[4.6938,44.8260],[4.6969,44.8239],[4.6980,44.8215],[4.6959,44.8172],[4.6986,44.8169],[4.7004,44.8180],[4.7068,44.8168],[4.7080,44.8138],[4.7131,44.8146],[4.7190,44.8209]]}},{"type":"Feature","properties":{"name":"L\u0027Eyrieux"},"geometry":{"type":"LineString","coordinates":[[4.3559,44.9873],[4.3565,44.9844],[4.3583,44.9835],[4.3618,44.9845],[4.3597,44.9824],[4.3619,44.9810],[4.3591,44.9798],[4.3592,44.9785]]}},{"type":"Feature","properties":{"name":"L\u0027Eyrieux"},"geometry":{"type":"LineString","coordinates":[[4.3697,45.0103],[4.3631,45.0104],[4.3632,45.0089],[4.3661,45.0064],[4.3647,45.0055],[4.3636,45.0061],[4.3640,45.0045],[4.3615,45.0033],[4.3616,45.0022],[4.3560,45.0030],[4.3518,45.0020],[4.3586,44.9948],[4.3561,44.9943],[4.3570,44.9921],[4.3556,44.9908],[4.3580,44.9896],[4.3559,44.9873]]}},{"type":"Feature","properties":{"name":"L\u0027Eyrieux"},"geometry":{"type":"LineString","coordinates":[[4.3950,45.0214],[4.3926,45.0190],[4.3875,45.0205],[4.3815,45.0177],[4.3798,45.0145],[4.3781,45.0138],[4.3793,45.0110],[4.3776,45.0105],[4.3772,45.0092],[4.3748,45.0089],[4.3697,45.0103]]}},{"type":"Feature","properties":{"name":"L\u0027Eyrieux"},"geometry":{"type":"LineString","coordinates":[[4.3592,44.9785],[4.3592,44.9753],[4.3554,44.9748]]}},{"type":"Feature","properties":{"name":"L\u0027Eyrieux"},"geometry":{"type":"LineString","coordinates":[[4.3554,44.9748],[4.3531,44.9730],[4.3507,44.9728],[4.3538,44.9711],[4.3537,44.9699],[4.3508,44.9691],[4.3497,44.9656],[4.3539,44.9625],[4.3529,44.9611],[4.3496,44.9604],[4.3501,44.9583],[4.3492,44.9567],[4.3554,44.9554],[4.3591,44.9514],[4.3634,44.9511],[4.3673,44.9493],[4.3700,44.9456],[4.3664,44.9444],[4.3663,44.9435],[4.3686,44.9413],[4.3720,44.9405],[4.3710,44.9364],[4.3723,44.9355],[4.3744,44.9354],[4.3800,44.9396],[4.3846,44.9396]]}},{"type":"Feature","properties":{"name":"L\u0027Eyrieux"},"geometry":{"type":"LineString","coordinates":[[4.4272,44.9121],[4.4346,44.9155],[4.4446,44.9164],[4.4483,44.9147],[4.4523,44.9114],[4.4652,44.9108],[4.4702,44.9083],[4.4770,44.9073],[4.4772,44.9062],[4.4794,44.9046]]}},{"type":"Feature","properties":{"name":"L\u0027Eyrieux"},"geometry":{"type":"LineString","coordinates":[[4.4794,44.9046],[4.4836,44.9050],[4.4862,44.9028],[4.4846,44.9002],[4.4870,44.8986],[4.4869,44.8969],[4.4905,44.8959],[4.4902,44.8929],[4.4917,44.8923],[4.4933,44.8937],[4.4946,44.8933],[4.4937,44.8896],[4.4943,44.8882],[4.4966,44.8887],[4.5005,44.8880],[4.5040,44.8891]]}},{"type":"Feature","properties":{"name":"L\u0027Eyrieux"},"geometry":{"type":"LineString","coordinates":[[4.5040,44.8891],[4.5066,44.8908],[4.5079,44.8904],[4.5104,44.8861],[4.5115,44.8802],[4.5130,44.8794],[4.5155,44.8808],[4.5151,44.8838],[4.5163,44.8844],[4.5236,44.8808],[4.5250,44.8812],[4.5256,44.8831],[4.5295,44.8822]]}},{"type":"Feature","properties":{"name":"L\u0027Eyrieux"},"geometry":{"type":"LineString","coordinates":[[4.5533,44.8696],[4.5549,44.8677],[4.5524,44.8649],[4.5536,44.8633],[4.5587,44.8639],[4.5672,44.8632],[4.5637,44.8592],[4.5602,44.8587],[4.5627,44.8560],[4.5613,44.8537]]}},{"type":"Feature","properties":{"name":"L\u0027Eyrieux"},"geometry":{"type":"LineString","coordinates":[[4.5613,44.8537],[4.5635,44.8522],[4.5666,44.8533],[4.5691,44.8528],[4.5706,44.8504],[4.5714,44.8447]]}},{"type":"Feature","properties":{"name":"L\u0027Eyrieux"},"geometry":{"type":"LineString","coordinates":[[4.5797,44.8234],[4.5828,44.8222],[4.5861,44.8224],[4.5895,44.8201],[4.5969,44.8182]]}},{"type":"Feature","properties":{"name":"L\u0027Eyrieux"},"geometry":{"type":"LineString","coordinates":[[4.5714,44.8447],[4.5747,44.8405],[4.5748,44.8378],[4.5789,44.8372],[4.5769,44.8340],[4.5762,44.8301],[4.5797,44.8234]]}},{"type":"Feature","properties":{"name":"L\u0027Eyrieux"},"geometry":{"type":"LineString","coordinates":[[4.6152,44.8043],[4.6204,44.8029],[4.6317,44.8063],[4.6331,44.8075]]}},{"type":"Feature","properties":{"name":"L\u0027Eyrieux"},"geometry":{"type":"LineString","coordinates":[[4.5698,44.8521],[4.5715,44.8508],[4.5710,44.8469]]}},{"type":"Feature","properties":{"name":"L\u0027Eyrieux"},"geometry":{"type":"LineString","coordinates":[[4.5969,44.8182],[4.5998,44.8170],[4.6028,44.8176],[4.6047,44.8185],[4.6060,44.8213],[4.6077,44.8225],[4.6174,44.8212],[4.6190,44.8165]]}},{"type":"Feature","properties":{"name":"L\u0027Eyrieux"},"geometry":{"type":"LineString","coordinates":[[4.6190,44.8165],[4.6191,44.8165]]}},{"type":"Feature","properties":{"name":"L\u0027Eyrieux"},"geometry":{"type":"LineString","coordinates":[[4.6422,44.8127],[4.6416,44.8135]]}},{"type":"Feature","properties":{"name":"L\u0027Eyrieux"},"geometry":{"type":"LineString","coordinates":[[4.5336,44.8782],[4.5376,44.8769],[4.5393,44.8740]]}},{"type":"Feature","properties":{"name":"L\u0027Eyrieux"},"geometry":{"type":"LineString","coordinates":[[4.5301,44.8819],[4.5317,44.8812],[4.5308,44.8789],[4.5336,44.8782]]}},{"type":"Feature","properties":{"name":"L\u0027Eyrieux"},"geometry":{"type":"LineString","coordinates":[[4.5297,44.8821],[4.5297,44.8821]]}},{"type":"Feature","properties":{"name":"L\u0027Eyrieux"},"geometry":{"type":"LineString","coordinates":[[4.5295,44.8822],[4.5297,44.8821]]}},{"type":"Feature","properties":{"name":"L\u0027Eyrieux"},"geometry":{"type":"LineString","coordinates":[[4.5297,44.8821],[4.5301,44.8819]]}},{"type":"Feature","properties":{"name":"L\u0027Eyrieux"},"geometry":{"type":"LineString","coordinates":[[4.4167,44.9157],[4.4178,44.9160]]}},{"type":"Feature","properties":{"name":"L\u0027Eyrieux"},"geometry":{"type":"LineString","coordinates":[[4.3790,44.9392],[4.3800,44.9396]]}},{"type":"Feature","properties":{"name":"L\u0027Eyrieux"},"geometry":{"type":"LineString","coordinates":[[4.3888,44.9379],[4.3917,44.9369],[4.3939,44.9386],[4.4007,44.9384],[4.4011,44.9377],[4.3995,44.9357],[4.4039,44.9354],[4.4045,44.9344]]}},{"type":"Feature","properties":{"name":"L\u0027Eyrieux"},"geometry":{"type":"LineString","coordinates":[[4.3846,44.9396],[4.3857,44.9389]]}},{"type":"Feature","properties":{"name":"L\u0027Eyrieux"},"geometry":{"type":"LineString","coordinates":[[4.3874,44.9384],[4.3875,44.9385]]}},{"type":"Feature","properties":{"name":"L\u0027Eyrieux"},"geometry":{"type":"LineString","coordinates":[[4.3846,44.9396],[4.3888,44.9379]]}},{"type":"Feature","properties":{"name":"L\u0027Eyrieux"},"geometry":{"type":"LineString","coordinates":[[4.3857,44.9389],[4.3888,44.9379]]}},{"type":"Feature","properties":{"name":"L\u0027Eyrieux"},"geometry":{"type":"LineString","coordinates":[[4.3770,44.9377],[4.3784,44.9390]]}},{"type":"Feature","properties":{"name":"L\u0027Eyrieux"},"geometry":{"type":"LineString","coordinates":[[4.3695,44.9466],[4.3687,44.9448]]}},{"type":"Feature","properties":{"name":"L\u0027Eyrieux"},"geometry":{"type":"LineString","coordinates":[[4.4057,44.9212],[4.4063,44.9203],[4.4108,44.9202],[4.4116,44.9186],[4.4158,44.9157],[4.4202,44.9167],[4.4234,44.9126],[4.4272,44.9121]]}},{"type":"Feature","properties":{"name":"L\u0027Eyrieux"},"geometry":{"type":"LineString","coordinates":[[4.4045,44.9344],[4.4031,44.9335]]}},{"type":"Feature","properties":{"name":"L\u0027Eyrieux"},"geometry":{"type":"LineString","coordinates":[[4.4036,44.9336],[4.4025,44.9328]]}},{"type":"Feature","properties":{"name":"L\u0027Eyrieux"},"geometry":{"type":"LineString","coordinates":[[4.4025,44.9328],[4.3995,44.9316],[4.3998,44.9303],[4.4029,44.9289],[4.4003,44.9274],[4.4032,44.9251],[4.4042,44.9226],[4.4067,44.9229],[4.4057,44.9212]]}},{"type":"Feature","properties":{"name":"L\u0027Eyrieux"},"geometry":{"type":"LineString","coordinates":[[4.4016,44.9326],[4.3997,44.9312]]}},{"type":"Feature","properties":{"name":"L\u0027Eyrieux"},"geometry":{"type":"LineString","coordinates":[[4.5393,44.8740],[4.5425,44.8727],[4.5463,44.8750],[4.5492,44.8719],[4.5525,44.8708],[4.5532,44.8697]]}},{"type":"Feature","properties":{"name":"L\u0027Eyrieux"},"geometry":{"type":"LineString","coordinates":[[4.5539,44.8689],[4.5542,44.8688]]}},{"type":"Feature","properties":{"name":"L\u0027Eyrieux"},"geometry":{"type":"LineString","coordinates":[[4.5530,44.8696],[4.5539,44.8689]]}},{"type":"Feature","properties":{"name":"L\u0027Eyrieux"},"geometry":{"type":"LineString","coordinates":[[4.5532,44.8697],[4.5533,44.8696]]}},{"type":"Feature","properties":{"name":"L\u0027Eyrieux"},"geometry":{"type":"LineString","coordinates":[[4.5531,44.8700],[4.5530,44.8696]]}},{"type":"Feature","properties":{"name":"L\u0027Eyrieux"},"geometry":{"type":"LineString","coordinates":[[4.8019,44.8118],[4.8009,44.8063]]}},{"type":"Feature","properties":{"name":"Le Duzon"},"geometry":{"type":"LineString","coordinates":[[4.7496,44.9858],[4.7511,44.9870],[4.7529,44.9869],[4.7555,44.9840],[4.7570,44.9844],[4.7576,44.9856],[4.7556,44.9906],[4.7544,44.9900],[4.7543,44.9879],[4.7524,44.9885],[4.7532,44.9951],[4.7510,44.9972]]}},{"type":"Feature","properties":{"name":"Le Duzon"},"geometry":{"type":"LineString","coordinates":[[4.7409,44.9398],[4.7397,44.9435],[4.7399,44.9449],[4.7417,44.9456],[4.7422,44.9509],[4.7459,44.9495],[4.7499,44.9493],[4.7492,44.9522],[4.7503,44.9533],[4.7500,44.9573],[4.7531,44.9589],[4.7528,44.9569],[4.7537,44.9565],[4.7585,44.9611],[4.7607,44.9612],[4.7613,44.9645],[4.7580,44.9645]]}},{"type":"Feature","properties":{"name":"Le Duzon"},"geometry":{"type":"LineString","coordinates":[[4.7507,45.0009],[4.7539,45.0048],[4.7522,45.0062]]}},{"type":"Feature","properties":{"name":"Le Duzon"},"geometry":{"type":"LineString","coordinates":[[4.7761,45.0523],[4.7830,45.0540],[4.7842,45.0594]]}},{"type":"Feature","properties":{"name":"Le Duzon"},"geometry":{"type":"LineString","coordinates":[[4.7529,45.0079],[4.7548,45.0089]]}},{"type":"Feature","properties":{"name":"Le Duzon"},"geometry":{"type":"LineString","coordinates":[[4.7164,44.9333],[4.7191,44.9331]]}},{"type":"Feature","properties":{"name":"Le Duzon"},"geometry":{"type":"LineString","coordinates":[[4.7191,44.9331],[4.7222,44.9362],[4.7248,44.9364],[4.7261,44.9356],[4.7295,44.9377]]}},{"type":"Feature","properties":{"name":"Le Duzon"},"geometry":{"type":"LineString","coordinates":[[4.7297,44.9381],[4.7299,44.9381]]}},{"type":"Feature","properties":{"name":"Le Duzon"},"geometry":{"type":"LineString","coordinates":[[4.7295,44.9377],[4.7297,44.9381]]}},{"type":"Feature","properties":{"name":"Le Duzon"},"geometry":{"type":"LineString","coordinates":[[4.7295,44.9377],[4.7297,44.9380]]}},{"type":"Feature","properties":{"name":"Le Duzon"},"geometry":{"type":"LineString","coordinates":[[4.7297,44.9380],[4.7299,44.9381]]}},{"type":"Feature","properties":{"name":"Le Duzon"},"geometry":{"type":"LineString","coordinates":[[4.7299,44.9381],[4.7311,44.9390]]}},{"type":"Feature","properties":{"name":"Le Duzon"},"geometry":{"type":"LineString","coordinates":[[4.7312,44.9391],[4.7315,44.9391]]}},{"type":"Feature","properties":{"name":"Le Duzon"},"geometry":{"type":"LineString","coordinates":[[4.7315,44.9391],[4.7366,44.9399],[4.7404,44.9389],[4.7409,44.9398]]}},{"type":"Feature","properties":{"name":"Le Duzon"},"geometry":{"type":"LineString","coordinates":[[4.7524,44.9589],[4.7534,44.9584]]}},{"type":"Feature","properties":{"name":"Le Duzon"},"geometry":{"type":"LineString","coordinates":[[4.7580,44.9645],[4.7570,44.9646]]}},{"type":"Feature","properties":{"name":"Le Duzon"},"geometry":{"type":"LineString","coordinates":[[4.7570,44.9647],[4.7554,44.9661],[4.7536,44.9642],[4.7498,44.9635],[4.7505,44.9660],[4.7485,44.9667],[4.7496,44.9694]]}},{"type":"Feature","properties":{"name":"Le Duzon"},"geometry":{"type":"LineString","coordinates":[[4.7570,44.9646],[4.7570,44.9647]]}},{"type":"Feature","properties":{"name":"Le Duzon"},"geometry":{"type":"LineString","coordinates":[[4.7496,44.9694],[4.7500,44.9704]]}},{"type":"Feature","properties":{"name":"Le Duzon"},"geometry":{"type":"LineString","coordinates":[[4.7462,44.9819],[4.7470,44.9844],[4.7492,44.9855]]}},{"type":"Feature","properties":{"name":"Le Duzon"},"geometry":{"type":"LineString","coordinates":[[4.7500,44.9704],[4.7506,44.9745],[4.7462,44.9819]]}},{"type":"Feature","properties":{"name":"Le Duzon"},"geometry":{"type":"LineString","coordinates":[[4.7492,44.9855],[4.7496,44.9858]]}},{"type":"Feature","properties":{"name":"Le Duzon"},"geometry":{"type":"LineString","coordinates":[[4.7510,44.9972],[4.7522,44.9983]]}},{"type":"Feature","properties":{"name":"Le Duzon"},"geometry":{"type":"LineString","coordinates":[[4.7522,44.9984],[4.7500,45.0000],[4.7507,45.0009]]}},{"type":"Feature","properties":{"name":"Le Duzon"},"geometry":{"type":"LineString","coordinates":[[4.7522,44.9983],[4.7522,44.9984]]}},{"type":"Feature","properties":{"name":"Le Duzon"},"geometry":{"type":"LineString","coordinates":[[4.7507,45.0009],[4.7513,45.0016]]}},{"type":"Feature","properties":{"name":"Le Duzon"},"geometry":{"type":"LineString","coordinates":[[4.7522,45.0062],[4.7529,45.0079]]}},{"type":"Feature","properties":{"name":"Le Duzon"},"geometry":{"type":"LineString","coordinates":[[4.7548,45.0089],[4.7558,45.0093],[4.7560,45.0117],[4.7582,45.0138]]}},{"type":"Feature","properties":{"name":"Le Duzon"},"geometry":{"type":"LineString","coordinates":[[4.7582,45.0138],[4.7595,45.0145],[4.7594,45.0160],[4.7569,45.0168],[4.7566,45.0185],[4.7547,45.0189],[4.7542,45.0205]]}},{"type":"Feature","properties":{"name":"Le Duzon"},"geometry":{"type":"LineString","coordinates":[[4.7581,45.0137],[4.7601,45.0142],[4.7595,45.0147]]}},{"type":"Feature","properties":{"name":"Le Duzon"},"geometry":{"type":"LineString","coordinates":[[4.7542,45.0205],[4.7560,45.0211],[4.7526,45.0238],[4.7520,45.0262],[4.7550,45.0270],[4.7575,45.0256],[4.7596,45.0276],[4.7590,45.0298],[4.7613,45.0299],[4.7615,45.0283],[4.7623,45.0281]]}},{"type":"Feature","properties":{"name":"Le Duzon"},"geometry":{"type":"LineString","coordinates":[[4.7623,45.0281],[4.7667,45.0283]]}},{"type":"Feature","properties":{"name":"Le Duzon"},"geometry":{"type":"LineString","coordinates":[[4.7667,45.0283],[4.7669,45.0299],[4.7650,45.0325],[4.7655,45.0377]]}},{"type":"Feature","properties":{"name":"Le Duzon"},"geometry":{"type":"LineString","coordinates":[[4.7655,45.0377],[4.7637,45.0379]]}},{"type":"Feature","properties":{"name":"Le Duzon"},"geometry":{"type":"LineString","coordinates":[[4.7739,45.0525],[4.7754,45.0520]]}},{"type":"Feature","properties":{"name":"Le Duzon"},"geometry":{"type":"LineString","coordinates":[[4.7707,45.0447],[4.7715,45.0467],[4.7705,45.0482],[4.7705,45.0512],[4.7733,45.0515],[4.7739,45.0525]]}},{"type":"Feature","properties":{"name":"Le Duzon"},"geometry":{"type":"LineString","coordinates":[[4.7637,45.0379],[4.7617,45.0390],[4.7643,45.0405],[4.7679,45.0408],[4.7707,45.0447]]}},{"type":"Feature","properties":{"name":"Le Duzon"},"geometry":{"type":"LineString","coordinates":[[4.7754,45.0520],[4.7761,45.0523]]}},{"type":"Feature","properties":{"name":"L\u0027Isère"},"geometry":{"type":"LineString","coordinates":[[4.9503,45.0393],[4.9365,45.0353],[4.9330,45.0332],[4.9323,45.0318],[4.9320,45.0303],[4.9348,45.0271],[4.9443,45.0255],[4.9462,45.0240],[4.9454,45.0219],[4.9403,45.0177],[4.9245,45.0133],[4.9159,45.0165],[4.9115,45.0162],[4.9090,45.0140],[4.9057,45.0073]]}},{"type":"Feature","properties":{"name":"L\u0027Isère"},"geometry":{"type":"LineString","coordinates":[[4.9057,45.0073],[4.9024,45.0064],[4.8881,45.0059],[4.8823,44.9989],[4.8739,44.9981],[4.8703,44.9948]]}},{"type":"Feature","properties":{"name":"L\u0027Isère"},"geometry":{"type":"LineString","coordinates":[[4.8703,44.9948],[4.8678,44.9910]]}},{"type":"Feature","properties":{"name":"L\u0027Isère"},"geometry":{"type":"LineString","coordinates":[[4.8678,44.9910],[4.8672,44.9902]]}},{"type":"Feature","properties":{"name":"L\u0027Isère"},"geometry":{"type":"LineString","coordinates":[[4.8671,44.9896],[4.8650,44.9869],[4.8608,44.9844]]}},{"type":"Feature","properties":{"name":"L\u0027Isère"},"geometry":{"type":"LineString","coordinates":[[4.8608,44.9844],[4.8538,44.9828],[4.8529,44.9818]]}},{"type":"Feature","properties":{"name":"L\u0027Isère"},"geometry":{"type":"LineString","coordinates":[[4.8672,44.9902],[4.8671,44.9896]]}},{"type":"Feature","properties":{"name":"Le Rieutord"},"geometry":{"type":"LineString","coordinates":[[4.6849,44.6631],[4.6862,44.6614],[4.6885,44.6609],[4.6894,44.6583],[4.6936,44.6542],[4.6904,44.6502],[4.6899,44.6472],[4.6887,44.6466],[4.6898,44.6437],[4.6880,44.6391],[4.6890,44.6335],[4.6871,44.6318],[4.6857,44.6282],[4.6876,44.6258]]}},{"type":"Feature","properties":{"name":"L\u0027Ormèze"},"geometry":{"type":"LineString","coordinates":[[4.6838,44.9893],[4.6841,44.9893]]}},{"type":"Feature","properties":{"name":"L\u0027Ormèze"},"geometry":{"type":"LineString","coordinates":[[4.6841,44.9893],[4.6865,44.9896],[4.6896,44.9933],[4.6935,44.9943],[4.6934,44.9953],[4.6980,44.9985],[4.7017,44.9984],[4.7060,45.0017],[4.7078,45.0007],[4.7101,45.0020],[4.7151,45.0028],[4.7175,45.0069]]}},{"type":"Feature","properties":{"name":"L\u0027Ormèze"},"geometry":{"type":"LineString","coordinates":[[4.7175,45.0069],[4.7175,45.0070]]}},{"type":"Feature","properties":{"name":"L\u0027Ormèze"},"geometry":{"type":"LineString","coordinates":[[4.7175,45.0070],[4.7164,45.0091]]}},{"type":"Feature","properties":{"name":"L\u0027Ormèze"},"geometry":{"type":"LineString","coordinates":[[4.7164,45.0091],[4.7195,45.0110]]}},{"type":"Feature","properties":{"name":"L\u0027Ormèze"},"geometry":{"type":"LineString","coordinates":[[4.7164,45.0091],[4.7164,45.0091]]}},{"type":"Feature","properties":{"name":"L\u0027Ormèze"},"geometry":{"type":"LineString","coordinates":[[4.7196,45.0110],[4.7216,45.0129]]}},{"type":"Feature","properties":{"name":"L\u0027Ormèze"},"geometry":{"type":"LineString","coordinates":[[4.7195,45.0110],[4.7196,45.0110]]}},{"type":"Feature","properties":{"name":"L\u0027Ormèze"},"geometry":{"type":"LineString","coordinates":[[4.7216,45.0129],[4.7216,45.0129]]}},{"type":"Feature","properties":{"name":"L\u0027Ormèze"},"geometry":{"type":"LineString","coordinates":[[4.7216,45.0129],[4.7215,45.0147],[4.7223,45.0150],[4.7267,45.0137],[4.7308,45.0158],[4.7325,45.0143],[4.7361,45.0147],[4.7369,45.0128],[4.7381,45.0125],[4.7389,45.0154],[4.7407,45.0152],[4.7395,45.0177],[4.7410,45.0180],[4.7384,45.0195],[4.7451,45.0194],[4.7456,45.0204],[4.7438,45.0209],[4.7469,45.0244],[4.7490,45.0242],[4.7477,45.0230],[4.7485,45.0219],[4.7526,45.0238]]}},{"type":"Feature","properties":{"name":"Le Sandron"},"geometry":{"type":"LineString","coordinates":[[4.4050,44.7209],[4.4050,44.7184],[4.4028,44.7166],[4.4011,44.7164],[4.3980,44.7127],[4.3999,44.7103],[4.3963,44.7084],[4.3963,44.7051],[4.3943,44.7026],[4.3950,44.7006],[4.3931,44.6987]]}},{"type":"Feature","properties":{"name":"Le Sandron"},"geometry":{"type":"LineString","coordinates":[[4.3931,44.6987],[4.3960,44.6964],[4.3935,44.6953],[4.3934,44.6937],[4.3963,44.6935],[4.3956,44.6907],[4.3975,44.6893],[4.3967,44.6883],[4.3968,44.6857],[4.3997,44.6836],[4.3976,44.6824],[4.3946,44.6782],[4.3952,44.6752],[4.3941,44.6729],[4.3921,44.6720],[4.3883,44.6723],[4.3889,44.6697],[4.3923,44.6684],[4.3886,44.6650],[4.3886,44.6636],[4.3859,44.6626],[4.3859,44.6615],[4.3882,44.6614],[4.3956,44.6579],[4.3910,44.6508],[4.3918,44.6499],[4.3916,44.6462],[4.3888,44.6452],[4.3862,44.6408]]}},{"type":"Feature","properties":{"name":"La Sumène"},"geometry":{"type":"LineString","coordinates":[[4.5326,44.9587],[4.5331,44.9590]]}},{"type":"Feature","properties":{"name":"La Sumène"},"geometry":{"type":"LineString","coordinates":[[4.5069,44.9504],[4.5084,44.9504],[4.5111,44.9535],[4.5182,44.9562],[4.5324,44.9585]]}},{"type":"Feature","properties":{"name":"La Sumène"},"geometry":{"type":"LineString","coordinates":[[4.5331,44.9590],[4.5357,44.9609],[4.5437,44.9619],[4.5469,44.9607],[4.5496,44.9617],[4.5514,44.9644],[4.5535,44.9652],[4.5565,44.9743],[4.5726,44.9848]]}},{"type":"Feature","properties":{"name":"La Sumène"},"geometry":{"type":"LineString","coordinates":[[4.4890,44.9419],[4.5029,44.9445],[4.5052,44.9478],[4.5054,44.9497],[4.5069,44.9504]]}},{"type":"Feature","properties":{"name":"La Sumène"},"geometry":{"type":"LineString","coordinates":[[4.5324,44.9585],[4.5326,44.9587]]}},{"type":"Feature","properties":{"name":"Sanne"},"geometry":{"type":"LineString","coordinates":[[4.8174,45.3482],[4.8143,45.3468],[4.8153,45.3456],[4.8152,45.3439],[4.8132,45.3415],[4.8102,45.3392],[4.8078,45.3388],[4.8067,45.3371],[4.8041,45.3364],[4.8000,45.3329],[4.7980,45.3239]]}},{"type":"Feature","properties":{"name":"Sanne"},"geometry":{"type":"LineString","coordinates":[[4.8285,45.3560],[4.8248,45.3545],[4.8238,45.3532],[4.8220,45.3535],[4.8206,45.3498],[4.8182,45.3497],[4.8174,45.3482]]}},{"type":"Feature","properties":{"name":"Sanne"},"geometry":{"type":"LineString","coordinates":[[4.8633,45.3820],[4.8614,45.3814],[4.8613,45.3829],[4.8598,45.3834],[4.8592,45.3814],[4.8544,45.3811],[4.8530,45.3801],[4.8509,45.3808],[4.8487,45.3798],[4.8470,45.3782],[4.8466,45.3763],[4.8451,45.3755],[4.8453,45.3694],[4.8400,45.3634],[4.8370,45.3620],[4.8390,45.3613],[4.8379,45.3605],[4.8381,45.3595],[4.8375,45.3588],[4.8344,45.3597],[4.8315,45.3570],[4.8285,45.3560]]}},{"type":"Feature","properties":{"name":"Sanne"},"geometry":{"type":"LineString","coordinates":[[4.8667,45.3817],[4.8633,45.3820]]}},{"type":"Feature","properties":{"name":"Sanne"},"geometry":{"type":"LineString","coordinates":[[4.7980,45.3239],[4.7957,45.3233]]}},{"type":"Feature","properties":{"name":"Sanne"},"geometry":{"type":"LineString","coordinates":[[4.7957,45.3233],[4.7945,45.3223],[4.7984,45.3132]]}},{"type":"Feature","properties":{"name":"Sanne"},"geometry":{"type":"LineString","coordinates":[[4.8294,45.3564],[4.8285,45.3560]]}},{"type":"Feature","properties":{"name":"Le Luol"},"geometry":{"type":"LineString","coordinates":[[4.4168,44.6604],[4.4164,44.6553],[4.4215,44.6552],[4.4232,44.6531],[4.4178,44.6490],[4.4177,44.6464],[4.4199,44.6429],[4.4160,44.6403]]}},{"type":"Feature","properties":{"name":"Le Luol"},"geometry":{"type":"LineString","coordinates":[[4.4153,44.6266],[4.4175,44.6240]]}},{"type":"Feature","properties":{"name":"Le Luol"},"geometry":{"type":"LineString","coordinates":[[4.4160,44.6403],[4.4168,44.6370],[4.4205,44.6369],[4.4212,44.6360],[4.4198,44.6350],[4.4164,44.6349],[4.4134,44.6308],[4.4133,44.6290],[4.4153,44.6266]]}},{"type":"Feature","properties":{"name":"Le Bancel"},"geometry":{"type":"LineString","coordinates":[[4.8239,45.2358],[4.8244,45.2343],[4.8233,45.2332],[4.8158,45.2335],[4.8116,45.2359],[4.8101,45.2404],[4.8079,45.2407],[4.8025,45.2337]]}},{"type":"Feature","properties":{"name":"Le Bancel"},"geometry":{"type":"LineString","coordinates":[[4.9544,45.2565],[4.9528,45.2561],[4.9493,45.2578],[4.9401,45.2590],[4.9372,45.2581],[4.9349,45.2561],[4.9285,45.2542],[4.9269,45.2526],[4.9209,45.2536],[4.9175,45.2530],[4.9120,45.2497],[4.9089,45.2501],[4.9052,45.2469],[4.9019,45.2464],[4.9022,45.2447],[4.9009,45.2441],[4.8936,45.2442],[4.8915,45.2421],[4.8877,45.2421],[4.8874,45.2406],[4.8857,45.2400],[4.8798,45.2398],[4.8771,45.2413],[4.8747,45.2403],[4.8717,45.2421],[4.8694,45.2413],[4.8665,45.2439],[4.8628,45.2431],[4.8572,45.2444],[4.8505,45.2421],[4.8427,45.2440],[4.8354,45.2411],[4.8295,45.2412],[4.8258,45.2387],[4.8239,45.2358]]}},{"type":"Feature","properties":{"name":"L\u0027Escourtay"},"geometry":{"type":"LineString","coordinates":[[4.2730,44.8512],[4.2789,44.8545],[4.2817,44.8602],[4.2847,44.8599],[4.2899,44.8623],[4.2904,44.8639],[4.2928,44.8653],[4.2932,44.8693],[4.2944,44.8714],[4.2974,44.8731],[4.3015,44.8780]]}},{"type":"Feature","properties":{"name":"L\u0027Espézonnette"},"geometry":{"type":"LineString","coordinates":[[3.8951,44.6963],[3.8930,44.6933],[3.8901,44.6920],[3.8845,44.6938]]}},{"type":"Feature","properties":{"name":"L\u0027Espézonnette"},"geometry":{"type":"LineString","coordinates":[[3.9603,44.7376],[3.9535,44.7392],[3.9501,44.7380],[3.9489,44.7388],[3.9464,44.7382],[3.9377,44.7393]]}},{"type":"Feature","properties":{"name":"L\u0027Espézonnette"},"geometry":{"type":"LineString","coordinates":[[3.9377,44.7393],[3.9342,44.7409]]}},{"type":"Feature","properties":{"name":"L\u0027Espézonnette"},"geometry":{"type":"LineString","coordinates":[[3.9342,44.7409],[3.9303,44.7400],[3.9275,44.7404],[3.9201,44.7383],[3.9174,44.7393],[3.9137,44.7357],[3.9110,44.7350],[3.9102,44.7328],[3.9081,44.7328],[3.9042,44.7298],[3.9050,44.7221],[3.9028,44.7198],[3.9034,44.7160],[3.9023,44.7148],[3.8991,44.7144],[3.8979,44.7130],[3.9014,44.7117],[3.9010,44.7098],[3.8959,44.7084],[3.8967,44.7043],[3.8952,44.7027],[3.8951,44.6963]]}},{"type":"Feature","properties":{"name":"L\u0027Espézonnette"},"geometry":{"type":"LineString","coordinates":[[4.0087,44.7034],[4.0069,44.7069],[4.0066,44.7193],[4.0038,44.7226],[4.0038,44.7253],[4.0025,44.7270],[3.9975,44.7279],[3.9923,44.7315],[3.9888,44.7323],[3.9868,44.7345],[3.9849,44.7341],[3.9826,44.7351],[3.9803,44.7374],[3.9760,44.7386],[3.9741,44.7377],[3.9702,44.7398]]}},{"type":"Feature","properties":{"name":"L\u0027Espézonnette"},"geometry":{"type":"LineString","coordinates":[[3.9702,44.7398],[3.9687,44.7393],[3.9663,44.7342],[3.9640,44.7355],[3.9637,44.7379],[3.9603,44.7376]]}},{"type":"Feature","properties":{"name":"La Glueyre"},"geometry":{"type":"LineString","coordinates":[[4.3809,44.7929],[4.3859,44.7994],[4.3876,44.7997],[4.3902,44.8027],[4.3940,44.8123],[4.3975,44.8120],[4.4017,44.8148],[4.4044,44.8147],[4.4063,44.8157]]}},{"type":"Feature","properties":{"name":"La Glueyre"},"geometry":{"type":"LineString","coordinates":[[4.5116,44.8288],[4.5135,44.8284],[4.5139,44.8296],[4.5153,44.8300],[4.5164,44.8282],[4.5191,44.8298],[4.5218,44.8277],[4.5245,44.8292],[4.5258,44.8265],[4.5285,44.8272],[4.5299,44.8262],[4.5325,44.8277],[4.5389,44.8265],[4.5433,44.8271],[4.5441,44.8291],[4.5411,44.8306],[4.5451,44.8319],[4.5500,44.8354],[4.5538,44.8353],[4.5530,44.8370],[4.5548,44.8375],[4.5592,44.8367],[4.5650,44.8284],[4.5647,44.8244],[4.5622,44.8238]]}},{"type":"Feature","properties":{"name":"La Glueyre"},"geometry":{"type":"LineString","coordinates":[[4.4063,44.8157],[4.4073,44.8155]]}},{"type":"Feature","properties":{"name":"La Glueyre"},"geometry":{"type":"LineString","coordinates":[[4.4063,44.8157],[4.4073,44.8155]]}},{"type":"Feature","properties":{"name":"La Glueyre"},"geometry":{"type":"LineString","coordinates":[[4.4302,44.8237],[4.4349,44.8226],[4.4374,44.8243],[4.4393,44.8241]]}},{"type":"Feature","properties":{"name":"La Glueyre"},"geometry":{"type":"LineString","coordinates":[[4.4705,44.8255],[4.4716,44.8252]]}},{"type":"Feature","properties":{"name":"La Glueyre"},"geometry":{"type":"LineString","coordinates":[[4.4839,44.8239],[4.4844,44.8239]]}},{"type":"Feature","properties":{"name":"La Glueyre"},"geometry":{"type":"LineString","coordinates":[[4.5784,44.8215],[4.5819,44.8224]]}},{"type":"Feature","properties":{"name":"La Glueyre"},"geometry":{"type":"LineString","coordinates":[[4.4716,44.8252],[4.4716,44.8252]]}},{"type":"Feature","properties":{"name":"La Glueyre"},"geometry":{"type":"LineString","coordinates":[[4.4249,44.8189],[4.4304,44.8215],[4.4301,44.8236]]}},{"type":"Feature","properties":{"name":"La Glueyre"},"geometry":{"type":"LineString","coordinates":[[4.4715,44.8253],[4.4716,44.8252]]}},{"type":"Feature","properties":{"name":"La Glueyre"},"geometry":{"type":"LineString","coordinates":[[4.5621,44.8238],[4.5621,44.8225],[4.5649,44.8228],[4.5671,44.8211],[4.5680,44.8216]]}},{"type":"Feature","properties":{"name":"La Glueyre"},"geometry":{"type":"LineString","coordinates":[[4.4844,44.8238],[4.4856,44.8237],[4.4865,44.8254],[4.4949,44.8243],[4.4962,44.8254],[4.5037,44.8263],[4.5062,44.8285],[4.5105,44.8296],[4.5115,44.8288]]}},{"type":"Feature","properties":{"name":"La Glueyre"},"geometry":{"type":"LineString","coordinates":[[4.4393,44.8241],[4.4423,44.8231],[4.4449,44.8250],[4.4464,44.8251],[4.4455,44.8267],[4.4504,44.8262],[4.4533,44.8273],[4.4550,44.8255],[4.4582,44.8250]]}},{"type":"Feature","properties":{"name":"La Glueyre"},"geometry":{"type":"LineString","coordinates":[[4.5689,44.8227],[4.5718,44.8219],[4.5737,44.8227],[4.5761,44.8204],[4.5784,44.8215]]}},{"type":"Feature","properties":{"name":"La Glueyre"},"geometry":{"type":"LineString","coordinates":[[4.5622,44.8238],[4.5621,44.8238]]}},{"type":"Feature","properties":{"name":"La Glueyre"},"geometry":{"type":"LineString","coordinates":[[4.4582,44.8250],[4.4583,44.8250]]}},{"type":"Feature","properties":{"name":"La Glueyre"},"geometry":{"type":"LineString","coordinates":[[4.4073,44.8155],[4.4090,44.8151],[4.4109,44.8164],[4.4145,44.8156],[4.4160,44.8179],[4.4188,44.8166],[4.4213,44.8183],[4.4248,44.8189]]}},{"type":"Feature","properties":{"name":"La Glueyre"},"geometry":{"type":"LineString","coordinates":[[4.4583,44.8250],[4.4616,44.8241],[4.4643,44.8260],[4.4674,44.8246],[4.4715,44.8253]]}},{"type":"Feature","properties":{"name":"La Glueyre"},"geometry":{"type":"LineString","coordinates":[[4.5784,44.8215],[4.5784,44.8215]]}},{"type":"Feature","properties":{"name":"La Glueyre"},"geometry":{"type":"LineString","coordinates":[[4.5680,44.8216],[4.5688,44.8227]]}},{"type":"Feature","properties":{"name":"La Glueyre"},"geometry":{"type":"LineString","coordinates":[[4.5115,44.8288],[4.5116,44.8288]]}},{"type":"Feature","properties":{"name":"La Glueyre"},"geometry":{"type":"LineString","coordinates":[[4.5680,44.8216],[4.5680,44.8216]]}},{"type":"Feature","properties":{"name":"La Glueyre"},"geometry":{"type":"LineString","coordinates":[[4.5688,44.8227],[4.5689,44.8227]]}},{"type":"Feature","properties":{"name":"La Glueyre"},"geometry":{"type":"LineString","coordinates":[[4.4844,44.8239],[4.4844,44.8238]]}},{"type":"Feature","properties":{"name":"La Glueyre"},"geometry":{"type":"LineString","coordinates":[[4.4842,44.8238],[4.4844,44.8237]]}},{"type":"Feature","properties":{"name":"La Glueyre"},"geometry":{"type":"LineString","coordinates":[[4.4716,44.8252],[4.4755,44.8265],[4.4781,44.8251],[4.4792,44.8223],[4.4812,44.8210],[4.4823,44.8213],[4.4841,44.8239]]}},{"type":"Feature","properties":{"name":"La Glueyre"},"geometry":{"type":"LineString","coordinates":[[4.4841,44.8239],[4.4842,44.8238]]}},{"type":"Feature","properties":{"name":"L\u0027Eysse"},"geometry":{"type":"LineString","coordinates":[[4.3465,44.9236],[4.3572,44.9307]]}},{"type":"Feature","properties":{"name":"L\u0027Eysse"},"geometry":{"type":"LineString","coordinates":[[4.2389,44.8839],[4.2402,44.8826],[4.2476,44.8815],[4.2510,44.8789],[4.2524,44.8793],[4.2526,44.8781],[4.2590,44.8758],[4.2641,44.8781],[4.2668,44.8768],[4.2720,44.8763],[4.2804,44.8773],[4.2817,44.8801],[4.2839,44.8795],[4.2859,44.8801],[4.2880,44.8788]]}},{"type":"Feature","properties":{"name":"L\u0027Eysse"},"geometry":{"type":"LineString","coordinates":[[4.2309,44.8869],[4.2312,44.8859],[4.2342,44.8861],[4.2388,44.8839]]}},{"type":"Feature","properties":{"name":"L\u0027Eysse"},"geometry":{"type":"LineString","coordinates":[[4.3296,44.9065],[4.3299,44.9075],[4.3284,44.9105],[4.3299,44.9128],[4.3291,44.9142],[4.3331,44.9155],[4.3344,44.9191],[4.3332,44.9206],[4.3338,44.9214]]}},{"type":"Feature","properties":{"name":"L\u0027Eysse"},"geometry":{"type":"LineString","coordinates":[[4.3338,44.9214],[4.3363,44.9210],[4.3378,44.9219],[4.3384,44.9239],[4.3465,44.9236]]}},{"type":"Feature","properties":{"name":"L\u0027Eysse"},"geometry":{"type":"LineString","coordinates":[[4.3652,44.9336],[4.3650,44.9340]]}},{"type":"Feature","properties":{"name":"L\u0027Eysse"},"geometry":{"type":"LineString","coordinates":[[4.3673,44.9361],[4.3725,44.9354]]}},{"type":"Feature","properties":{"name":"L\u0027Eysse"},"geometry":{"type":"LineString","coordinates":[[4.2887,44.8785],[4.2888,44.8784]]}},{"type":"Feature","properties":{"name":"L\u0027Eysse"},"geometry":{"type":"LineString","coordinates":[[4.3572,44.9307],[4.3576,44.9307]]}},{"type":"Feature","properties":{"name":"L\u0027Eysse"},"geometry":{"type":"LineString","coordinates":[[4.2887,44.8785],[4.2888,44.8785]]}},{"type":"Feature","properties":{"name":"L\u0027Eysse"},"geometry":{"type":"LineString","coordinates":[[4.3609,44.9318],[4.3639,44.9307],[4.3661,44.9363],[4.3673,44.9361]]}},{"type":"Feature","properties":{"name":"L\u0027Eysse"},"geometry":{"type":"LineString","coordinates":[[4.3054,44.8910],[4.3086,44.8910],[4.3126,44.8940],[4.3160,44.8948]]}},{"type":"Feature","properties":{"name":"L\u0027Eysse"},"geometry":{"type":"LineString","coordinates":[[4.2886,44.8785],[4.2887,44.8785]]}},{"type":"Feature","properties":{"name":"L\u0027Eysse"},"geometry":{"type":"LineString","coordinates":[[4.3576,44.9307],[4.3609,44.9318]]}},{"type":"Feature","properties":{"name":"L\u0027Eysse"},"geometry":{"type":"LineString","coordinates":[[4.3160,44.8948],[4.3236,44.8978],[4.3296,44.9065]]}},{"type":"Feature","properties":{"name":"L\u0027Eysse"},"geometry":{"type":"LineString","coordinates":[[4.2888,44.8784],[4.2949,44.8770],[4.3024,44.8786],[4.3033,44.8799],[4.3030,44.8820],[4.3069,44.8832],[4.3065,44.8844],[4.3085,44.8849],[4.3057,44.8862],[4.3054,44.8910]]}},{"type":"Feature","properties":{"name":"L\u0027Eysse"},"geometry":{"type":"LineString","coordinates":[[4.2888,44.8785],[4.2892,44.8783]]}},{"type":"Feature","properties":{"name":"L\u0027Eysse"},"geometry":{"type":"LineString","coordinates":[[4.2880,44.8788],[4.2881,44.8787]]}},{"type":"Feature","properties":{"name":"L\u0027Eysse"},"geometry":{"type":"LineString","coordinates":[[4.3572,44.9307],[4.3576,44.9307]]}},{"type":"Feature","properties":{"name":"L\u0027Eysse"},"geometry":{"type":"LineString","coordinates":[[4.2881,44.8787],[4.2886,44.8785]]}},{"type":"Feature","properties":{"name":"L\u0027Eysse"},"geometry":{"type":"LineString","coordinates":[[4.2388,44.8839],[4.2389,44.8839]]}},{"type":"Feature","properties":{"name":"La Drôme"},"geometry":{"type":"LineString","coordinates":[[5.0222,44.7269],[4.9854,44.7320],[4.9804,44.7322],[4.9749,44.7309],[4.9715,44.7325],[4.9653,44.7322],[4.9601,44.7340],[4.9536,44.7393],[4.9480,44.7414],[4.9413,44.7419],[4.8880,44.7560],[4.8800,44.7568],[4.8744,44.7595],[4.8700,44.7595],[4.8686,44.7585],[4.8630,44.7609],[4.8511,44.7605],[4.8475,44.7615],[4.8418,44.7657],[4.8336,44.7665],[4.8319,44.7658],[4.8255,44.7693],[4.8164,44.7703],[4.8153,44.7715],[4.8116,44.7701],[4.8086,44.7667],[4.8058,44.7661],[4.8020,44.7671],[4.7957,44.7670],[4.7849,44.7701],[4.7824,44.7696],[4.7787,44.7726],[4.7755,44.7735],[4.7722,44.7718],[4.7593,44.7712]]}},{"type":"Feature","properties":{"name":"La Barberolle"},"geometry":{"type":"LineString","coordinates":[[4.9079,44.9511],[4.9076,44.9512]]}},{"type":"Feature","properties":{"name":"La Barberolle"},"geometry":{"type":"LineString","coordinates":[[4.9080,44.9510],[4.9079,44.9511]]}},{"type":"Feature","properties":{"name":"Le Grozon"},"geometry":{"type":"LineString","coordinates":[[4.5906,44.9834],[4.5871,44.9835],[4.5855,44.9846],[4.5884,44.9859],[4.5895,44.9878]]}},{"type":"Feature","properties":{"name":"Le Grozon"},"geometry":{"type":"LineString","coordinates":[[4.6065,44.9884],[4.6021,44.9881],[4.5996,44.9870],[4.5991,44.9853],[4.5968,44.9845]]}},{"type":"Feature","properties":{"name":"Le Grozon"},"geometry":{"type":"LineString","coordinates":[[4.5968,44.9845],[4.5911,44.9846],[4.5906,44.9834]]}},{"type":"Feature","properties":{"name":"Le Grozon"},"geometry":{"type":"LineString","coordinates":[[4.5895,44.9878],[4.5891,44.9910],[4.5900,44.9920]]}},{"type":"Feature","properties":{"name":"Le Grozon"},"geometry":{"type":"LineString","coordinates":[[4.6103,44.9866],[4.6097,44.9871]]}},{"type":"Feature","properties":{"name":"Le Grozon"},"geometry":{"type":"LineString","coordinates":[[4.6594,44.9569],[4.6584,44.9573],[4.6583,44.9595],[4.6560,44.9606],[4.6527,44.9577]]}},{"type":"Feature","properties":{"name":"Le Grozon"},"geometry":{"type":"LineString","coordinates":[[4.6113,44.9832],[4.6101,44.9848],[4.6103,44.9866]]}},{"type":"Feature","properties":{"name":"Le Grozon"},"geometry":{"type":"LineString","coordinates":[[4.6190,44.9724],[4.6191,44.9727]]}},{"type":"Feature","properties":{"name":"Le Grozon"},"geometry":{"type":"LineString","coordinates":[[4.6159,44.9783],[4.6189,44.9805]]}},{"type":"Feature","properties":{"name":"Le Grozon"},"geometry":{"type":"LineString","coordinates":[[4.6406,44.9617],[4.6367,44.9634],[4.6339,44.9632]]}},{"type":"Feature","properties":{"name":"Le Grozon"},"geometry":{"type":"LineString","coordinates":[[4.6171,44.9818],[4.6124,44.9823]]}},{"type":"Feature","properties":{"name":"Le Grozon"},"geometry":{"type":"LineString","coordinates":[[4.6339,44.9632],[4.6317,44.9653],[4.6266,44.9647]]}},{"type":"Feature","properties":{"name":"Le Grozon"},"geometry":{"type":"LineString","coordinates":[[4.6226,44.9686],[4.6193,44.9704]]}},{"type":"Feature","properties":{"name":"Le Grozon"},"geometry":{"type":"LineString","coordinates":[[4.6266,44.9647],[4.6226,44.9686]]}},{"type":"Feature","properties":{"name":"Le Grozon"},"geometry":{"type":"LineString","coordinates":[[4.6096,44.9874],[4.6089,44.9885]]}},{"type":"Feature","properties":{"name":"Le Grozon"},"geometry":{"type":"LineString","coordinates":[[4.6193,44.9704],[4.6190,44.9724]]}},{"type":"Feature","properties":{"name":"Le Grozon"},"geometry":{"type":"LineString","coordinates":[[4.6189,44.9805],[4.6171,44.9818]]}},{"type":"Feature","properties":{"name":"Le Grozon"},"geometry":{"type":"LineString","coordinates":[[4.6191,44.9727],[4.6159,44.9783]]}},{"type":"Feature","properties":{"name":"Le Grozon"},"geometry":{"type":"LineString","coordinates":[[4.6661,44.9578],[4.6647,44.9568],[4.6630,44.9576],[4.6594,44.9569]]}},{"type":"Feature","properties":{"name":"Le Grozon"},"geometry":{"type":"LineString","coordinates":[[4.6089,44.9885],[4.6065,44.9884]]}},{"type":"Feature","properties":{"name":"Le Grozon"},"geometry":{"type":"LineString","coordinates":[[4.6124,44.9823],[4.6113,44.9832]]}},{"type":"Feature","properties":{"name":"Le Grozon"},"geometry":{"type":"LineString","coordinates":[[4.6704,44.9533],[4.6697,44.9549],[4.6684,44.9550],[4.6681,44.9562],[4.6693,44.9578],[4.6671,44.9587],[4.6661,44.9578]]}},{"type":"Feature","properties":{"name":"Le Grozon"},"geometry":{"type":"LineString","coordinates":[[4.6097,44.9871],[4.6096,44.9874]]}},{"type":"Feature","properties":{"name":"Le Grozon"},"geometry":{"type":"LineString","coordinates":[[4.6527,44.9577],[4.6492,44.9586],[4.6506,44.9618],[4.6461,44.9624],[4.6463,44.9640],[4.6437,44.9649],[4.6420,44.9638],[4.6418,44.9618],[4.6406,44.9617]]}},{"type":"Feature","properties":{"name":"Le Langouyrou"},"geometry":{"type":"LineString","coordinates":[[3.8257,44.6606],[3.8247,44.6617],[3.8253,44.6638],[3.8238,44.6651],[3.8244,44.6659],[3.8281,44.6654],[3.8291,44.6684],[3.8317,44.6704],[3.8305,44.6712],[3.8297,44.6738],[3.8319,44.6743],[3.8315,44.6787],[3.8346,44.6810],[3.8337,44.6829],[3.8322,44.6951],[3.8365,44.6973],[3.8369,44.7006],[3.8354,44.7037],[3.8374,44.7038],[3.8397,44.7064],[3.8385,44.7080],[3.8414,44.7096],[3.8404,44.7107],[3.8413,44.7130],[3.8404,44.7160],[3.8445,44.7213],[3.8513,44.7213],[3.8574,44.7267]]}},{"type":"Feature","properties":{"name":"La Bézorgues"},"geometry":{"type":"LineString","coordinates":[[4.3482,44.6875],[4.3495,44.6848],[4.3522,44.6838],[4.3523,44.6824],[4.3546,44.6804],[4.3575,44.6808],[4.3586,44.6784],[4.3610,44.6770],[4.3623,44.6783],[4.3653,44.6774]]}},{"type":"Feature","properties":{"name":"La Bézorgues"},"geometry":{"type":"LineString","coordinates":[[4.2962,44.7383],[4.2968,44.7370],[4.2962,44.7306],[4.2995,44.7278],[4.3063,44.7263],[4.3057,44.7256],[4.3069,44.7243],[4.3086,44.7250],[4.3101,44.7244],[4.3152,44.7199],[4.3154,44.7179],[4.3191,44.7144],[4.3204,44.7117]]}},{"type":"Feature","properties":{"name":"La Bézorgues"},"geometry":{"type":"LineString","coordinates":[[4.3204,44.7117],[4.3220,44.7108],[4.3234,44.7063],[4.3252,44.7055],[4.3247,44.7040],[4.3277,44.6987],[4.3291,44.6984],[4.3304,44.6996],[4.3317,44.6979],[4.3370,44.6986],[4.3371,44.6963],[4.3416,44.6954],[4.3428,44.6924],[4.3478,44.6912],[4.3487,44.6891],[4.3482,44.6875]]}},{"type":"Feature","properties":{"name":"La Gagne"},"geometry":{"type":"LineString","coordinates":[[4.0672,44.9944],[4.0608,44.9923],[4.0593,44.9930]]}},{"type":"Feature","properties":{"name":"La Gagne"},"geometry":{"type":"LineString","coordinates":[[4.1649,44.9806],[4.1647,44.9805]]}},{"type":"Feature","properties":{"name":"La Gagne"},"geometry":{"type":"LineString","coordinates":[[4.0167,45.0128],[4.0129,45.0149],[4.0110,45.0140],[4.0086,45.0144],[4.0063,45.0184],[4.0049,45.0187],[4.0045,45.0170],[3.9997,45.0174],[3.9993,45.0152],[3.9960,45.0143],[3.9956,45.0127],[3.9928,45.0100],[3.9881,45.0084],[3.9860,45.0102],[3.9842,45.0139],[3.9790,45.0126],[3.9753,45.0131],[3.9670,45.0228],[3.9580,45.0252],[3.9532,45.0275],[3.9471,45.0285],[3.9432,45.0307],[3.9376,45.0318],[3.9365,45.0335]]}},{"type":"Feature","properties":{"name":"La Gagne"},"geometry":{"type":"LineString","coordinates":[[4.0413,44.9992],[4.0387,45.0019],[4.0356,45.0012],[4.0292,45.0035],[4.0269,45.0048],[4.0257,45.0071],[4.0191,45.0091],[4.0167,45.0128]]}},{"type":"Feature","properties":{"name":"La Gagne"},"geometry":{"type":"LineString","coordinates":[[4.1645,44.9805],[4.1623,44.9806]]}},{"type":"Feature","properties":{"name":"La Gagne"},"geometry":{"type":"LineString","coordinates":[[4.1623,44.9806],[4.1621,44.9806]]}},{"type":"Feature","properties":{"name":"La Gagne"},"geometry":{"type":"LineString","coordinates":[[4.1647,44.9805],[4.1645,44.9805]]}},{"type":"Feature","properties":{"name":"La Gagne"},"geometry":{"type":"LineString","coordinates":[[4.1621,44.9806],[4.1575,44.9831],[4.1467,44.9825],[4.1441,44.9850],[4.1427,44.9882],[4.1402,44.9899],[4.1363,44.9897],[4.1258,44.9863],[4.1234,44.9867],[4.1217,44.9902],[4.1221,44.9934],[4.1183,44.9955],[4.1165,44.9979],[4.1118,44.9987],[4.1119,44.9997],[4.1062,45.0022],[4.1039,45.0065],[4.1007,45.0082],[4.0945,45.0066],[4.0940,45.0054],[4.0892,45.0047],[4.0853,45.0018],[4.0862,44.9994],[4.0839,44.9967],[4.0822,44.9975],[4.0799,44.9964],[4.0782,44.9983],[4.0741,44.9958],[4.0672,44.9944]]}},{"type":"Feature","properties":{"name":"La Gagne"},"geometry":{"type":"LineString","coordinates":[[4.0550,44.9931],[4.0457,44.9964],[4.0413,44.9992]]}},{"type":"Feature","properties":{"name":"La Gagne"},"geometry":{"type":"LineString","coordinates":[[4.0593,44.9930],[4.0550,44.9931]]}},{"type":"Feature","properties":{"name":"L\u0027Ouvèze"},"geometry":{"type":"LineString","coordinates":[[4.5208,44.7176],[4.5262,44.7158],[4.5306,44.7157],[4.5345,44.7123],[4.5422,44.7139],[4.5479,44.7135],[4.5547,44.7152],[4.5572,44.7144],[4.5629,44.7149],[4.5655,44.7137],[4.5680,44.7150],[4.5683,44.7169],[4.5709,44.7170],[4.5724,44.7193],[4.5741,44.7192],[4.5739,44.7206],[4.5757,44.7234],[4.5777,44.7231],[4.5792,44.7210],[4.5849,44.7211]]}},{"type":"Feature","properties":{"name":"L\u0027Ouvèze"},"geometry":{"type":"LineString","coordinates":[[4.5849,44.7211],[4.5871,44.7217],[4.5866,44.7228],[4.5873,44.7236],[4.5905,44.7234],[4.5909,44.7221],[4.5928,44.7213],[4.5979,44.7219],[4.5995,44.7237],[4.5993,44.7282],[4.6002,44.7292]]}},{"type":"Feature","properties":{"name":"L\u0027Ouvèze"},"geometry":{"type":"LineString","coordinates":[[4.6956,44.7500],[4.6997,44.7538],[4.7116,44.7545],[4.7199,44.7596],[4.7231,44.7605]]}},{"type":"Feature","properties":{"name":"L\u0027Ouvèze"},"geometry":{"type":"LineString","coordinates":[[4.6004,44.7293],[4.6037,44.7312]]}},{"type":"Feature","properties":{"name":"L\u0027Ouvèze"},"geometry":{"type":"LineString","coordinates":[[4.6113,44.7342],[4.6117,44.7355],[4.6138,44.7355],[4.6150,44.7365],[4.6166,44.7343],[4.6188,44.7343],[4.6200,44.7370],[4.6239,44.7343],[4.6270,44.7361],[4.6281,44.7339],[4.6302,44.7325],[4.6360,44.7328],[4.6411,44.7357],[4.6457,44.7354],[4.6529,44.7386],[4.6588,44.7386],[4.6648,44.7424],[4.6705,44.7439]]}},{"type":"Feature","properties":{"name":"L\u0027Ouvèze"},"geometry":{"type":"LineString","coordinates":[[4.6402,44.7352],[4.6408,44.7356]]}},{"type":"Feature","properties":{"name":"L\u0027Ouvèze"},"geometry":{"type":"LineString","coordinates":[[4.6563,44.7390],[4.6583,44.7386]]}},{"type":"Feature","properties":{"name":"L\u0027Ouvèze"},"geometry":{"type":"LineString","coordinates":[[4.7231,44.7605],[4.7258,44.7605]]}},{"type":"Feature","properties":{"name":"L\u0027Ouvèze"},"geometry":{"type":"LineString","coordinates":[[4.7258,44.7605],[4.7289,44.7613],[4.7327,44.7604],[4.7350,44.7573],[4.7444,44.7589],[4.7485,44.7544],[4.7546,44.7528]]}},{"type":"Feature","properties":{"name":"L\u0027Ouvèze"},"geometry":{"type":"LineString","coordinates":[[4.6949,44.7498],[4.6956,44.7500]]}},{"type":"Feature","properties":{"name":"L\u0027Ouvèze"},"geometry":{"type":"LineString","coordinates":[[4.6706,44.7440],[4.6778,44.7478],[4.6807,44.7509],[4.6842,44.7521],[4.6884,44.7509],[4.6898,44.7484],[4.6949,44.7498]]}},{"type":"Feature","properties":{"name":"L\u0027Ouvèze"},"geometry":{"type":"LineString","coordinates":[[4.6705,44.7439],[4.6706,44.7440]]}},{"type":"Feature","properties":{"name":"L\u0027Ouvèze"},"geometry":{"type":"LineString","coordinates":[[4.6037,44.7312],[4.6083,44.7322],[4.6082,44.7339],[4.6113,44.7341]]}},{"type":"Feature","properties":{"name":"L\u0027Ouvèze"},"geometry":{"type":"LineString","coordinates":[[4.6626,44.7408],[4.6646,44.7422]]}},{"type":"Feature","properties":{"name":"Le Gage"},"geometry":{"type":"LineString","coordinates":[[4.1039,44.8118],[4.1053,44.8106],[4.1031,44.8089],[4.1044,44.8073],[4.1047,44.8043],[4.0992,44.8023],[4.0970,44.7992]]}},{"type":"Feature","properties":{"name":"Le Gage"},"geometry":{"type":"LineString","coordinates":[[4.1111,44.8225],[4.1047,44.8183],[4.1024,44.8138],[4.1039,44.8118]]}},{"type":"Feature","properties":{"name":"Le Gage"},"geometry":{"type":"LineString","coordinates":[[4.1425,44.8478],[4.1402,44.8455],[4.1405,44.8432],[4.1366,44.8391],[4.1364,44.8378],[4.1373,44.8369]]}},{"type":"Feature","properties":{"name":"Le Gage"},"geometry":{"type":"LineString","coordinates":[[4.1386,44.8362],[4.1376,44.8352],[4.1380,44.8342],[4.1353,44.8337],[4.1344,44.8322],[4.1277,44.8325],[4.1191,44.8281]]}},{"type":"Feature","properties":{"name":"Le Gage"},"geometry":{"type":"LineString","coordinates":[[4.0970,44.7992],[4.0967,44.7992]]}},{"type":"Feature","properties":{"name":"Le Gage"},"geometry":{"type":"LineString","coordinates":[[4.1191,44.8281],[4.1196,44.8273],[4.1182,44.8259]]}},{"type":"Feature","properties":{"name":"Le Gage"},"geometry":{"type":"LineString","coordinates":[[4.0967,44.7992],[4.0926,44.7995],[4.0893,44.8036],[4.0867,44.8047]]}},{"type":"Feature","properties":{"name":"Le Gage"},"geometry":{"type":"LineString","coordinates":[[4.1182,44.8259],[4.1173,44.8239],[4.1152,44.8227],[4.1111,44.8225]]}},{"type":"Feature","properties":{"name":"Le Gage"},"geometry":{"type":"LineString","coordinates":[[4.0867,44.8047],[4.0817,44.8050],[4.0799,44.8077],[4.0756,44.8065],[4.0749,44.8051],[4.0694,44.8049]]}},{"type":"Feature","properties":{"name":"Le Gage"},"geometry":{"type":"LineString","coordinates":[[4.1373,44.8369],[4.1386,44.8362]]}},{"type":"Feature","properties":{"name":"L\u0027Auzon"},"geometry":{"type":"LineString","coordinates":[[4.4752,44.6063],[4.4741,44.6047],[4.4710,44.6040],[4.4705,44.6020],[4.4660,44.5977],[4.4659,44.5945],[4.4643,44.5912],[4.4655,44.5889],[4.4643,44.5862],[4.4640,44.5826],[4.4650,44.5816],[4.4638,44.5758],[4.4655,44.5730],[4.4623,44.5698],[4.4636,44.5672],[4.4607,44.5589],[4.4566,44.5572],[4.4556,44.5547]]}},{"type":"Feature","properties":{"name":"L\u0027Auzon"},"geometry":{"type":"LineString","coordinates":[[4.4846,44.6116],[4.4798,44.6098],[4.4790,44.6072],[4.4758,44.6071],[4.4752,44.6063]]}},{"type":"Feature","properties":{"name":"L\u0027Auzon"},"geometry":{"type":"LineString","coordinates":[[4.4920,44.6220],[4.4909,44.6198],[4.4920,44.6180],[4.4913,44.6168],[4.4846,44.6116]]}},{"type":"Feature","properties":{"name":"L\u0027Auzon"},"geometry":{"type":"LineString","coordinates":[[4.4976,44.6317],[4.4956,44.6302],[4.4920,44.6220]]}},{"type":"Feature","properties":{"name":"L\u0027Auzon"},"geometry":{"type":"LineString","coordinates":[[4.4986,44.6325],[4.4976,44.6317]]}},{"type":"Feature","properties":{"name":"L\u0027Auzon"},"geometry":{"type":"LineString","coordinates":[[4.5032,44.6437],[4.5016,44.6415],[4.5011,44.6376],[4.4997,44.6367],[4.4980,44.6336],[4.4987,44.6326]]}},{"type":"Feature","properties":{"name":"L\u0027Auzon"},"geometry":{"type":"LineString","coordinates":[[4.4846,44.6116],[4.4818,44.6106]]}},{"type":"Feature","properties":{"name":"Le Lignon"},"geometry":{"type":"LineString","coordinates":[[4.1527,45.2418],[4.1512,45.2441],[4.1480,45.2445],[4.1472,45.2462],[4.1430,45.2481],[4.1440,45.2496],[4.1475,45.2496],[4.1507,45.2515],[4.1519,45.2539]]}},{"type":"Feature","properties":{"name":"Le Lignon"},"geometry":{"type":"LineString","coordinates":[[4.1787,45.2244],[4.1740,45.2277],[4.1567,45.2287],[4.1546,45.2330]]}},{"type":"Feature","properties":{"name":"Le Lignon"},"geometry":{"type":"LineString","coordinates":[[4.6303,45.2005],[4.6320,45.2012],[4.6349,45.2059],[4.6394,45.2091],[4.6483,45.2123],[4.6504,45.2139],[4.6539,45.2129],[4.6571,45.2138],[4.6619,45.2178],[4.6716,45.2182],[4.6722,45.2195],[4.6780,45.2215],[4.6806,45.2235],[4.6810,45.2254]]}},{"type":"Feature","properties":{"name":"Le Lignon"},"geometry":{"type":"LineString","coordinates":[[4.2570,45.1509],[4.2507,45.1502],[4.2491,45.1517],[4.2470,45.1572],[4.2436,45.1565],[4.2364,45.1573],[4.2355,45.1569],[4.2373,45.1549],[4.2367,45.1538],[4.2330,45.1518],[4.2273,45.1509],[4.2235,45.1481],[4.2202,45.1478],[4.2166,45.1444],[4.2148,45.1454],[4.2141,45.1475],[4.2122,45.1481]]}},{"type":"Feature","properties":{"name":"Le Lignon"},"geometry":{"type":"LineString","coordinates":[[4.3023,45.0244],[4.3050,45.0259]]}},{"type":"Feature","properties":{"name":"Le Lignon"},"geometry":{"type":"LineString","coordinates":[[4.3105,45.0315],[4.3120,45.0352],[4.3103,45.0363],[4.3082,45.0362],[4.3068,45.0384],[4.3074,45.0404],[4.3122,45.0423],[4.3096,45.0466],[4.3098,45.0493],[4.3182,45.0488],[4.3209,45.0504],[4.3188,45.0524],[4.3153,45.0527],[4.3084,45.0562],[4.3046,45.0599],[4.3035,45.0594],[4.3030,45.0571],[4.2948,45.0598],[4.2926,45.0619],[4.2921,45.0652],[4.2867,45.0658],[4.2872,45.0670],[4.2862,45.0688],[4.2912,45.0694],[4.2899,45.0737],[4.2882,45.0737],[4.2874,45.0752],[4.2840,45.0760],[4.2858,45.0768],[4.2861,45.0782],[4.2897,45.0790],[4.2912,45.0813],[4.2883,45.0833],[4.2896,45.0850],[4.2902,45.0888],[4.2879,45.0941],[4.2898,45.0962],[4.2875,45.0984],[4.2816,45.1012],[4.2811,45.1048],[4.2766,45.1045],[4.2740,45.1057],[4.2762,45.1098],[4.2811,45.1098],[4.2775,45.1129],[4.2773,45.1136],[4.2790,45.1150],[4.2869,45.1151],[4.2861,45.1171],[4.2784,45.1216],[4.2826,45.1245],[4.2826,45.1308],[4.2851,45.1329],[4.2851,45.1340],[4.2815,45.1369],[4.2813,45.1387],[4.2784,45.1405],[4.2754,45.1400],[4.2725,45.1377],[4.2662,45.1374],[4.2663,45.1402],[4.2708,45.1423],[4.2718,45.1444],[4.2644,45.1456],[4.2638,45.1437],[4.2611,45.1434],[4.2603,45.1445],[4.2616,45.1463],[4.2612,45.1477],[4.2570,45.1509]]}},{"type":"Feature","properties":{"name":"Le Lignon"},"geometry":{"type":"LineString","coordinates":[[4.2194,44.9832],[4.2196,44.9863],[4.2218,44.9868],[4.2210,44.9887],[4.2243,44.9921],[4.2294,44.9925],[4.2301,44.9912],[4.2362,44.9906],[4.2378,44.9885],[4.2392,44.9888],[4.2383,44.9890],[4.2389,44.9903],[4.2421,44.9909],[4.2410,44.9953],[4.2443,44.9973],[4.2420,44.9985],[4.2408,45.0025],[4.2438,45.0035],[4.2472,45.0064],[4.2439,45.0112],[4.2450,45.0131],[4.2483,45.0137],[4.2478,45.0153],[4.2545,45.0171],[4.2545,45.0185],[4.2533,45.0192],[4.2582,45.0194],[4.2626,45.0229],[4.2739,45.0235],[4.2812,45.0222],[4.2835,45.0254],[4.2833,45.0267],[4.2848,45.0260],[4.2886,45.0197],[4.2915,45.0180],[4.2982,45.0206],[4.3041,45.0175],[4.3041,45.0217],[4.3019,45.0245],[4.3018,45.0263],[4.3115,45.0246],[4.3119,45.0257],[4.3093,45.0301],[4.3105,45.0315]]}},{"type":"Feature","properties":{"name":"Le Lignon"},"geometry":{"type":"LineString","coordinates":[[4.1453,44.6299],[4.1517,44.6311],[4.1558,44.6310],[4.1586,44.6294],[4.1807,44.6290],[4.1938,44.6315],[4.2020,44.6309],[4.2042,44.6297],[4.2078,44.6294],[4.2168,44.6245],[4.2190,44.6242],[4.2202,44.6225],[4.2260,44.6190],[4.2286,44.6191],[4.2307,44.6177],[4.2327,44.6206],[4.2333,44.6242],[4.2382,44.6271],[4.2402,44.6300],[4.2439,44.6305],[4.2470,44.6321],[4.2561,44.6383],[4.2550,44.6404],[4.2573,44.6428],[4.2568,44.6444],[4.2595,44.6448],[4.2619,44.6489],[4.2647,44.6489],[4.2651,44.6514],[4.2686,44.6533],[4.2673,44.6551],[4.2696,44.6577],[4.2681,44.6600],[4.2711,44.6656],[4.2745,44.6676],[4.2782,44.6667]]}},{"type":"Feature","properties":{"name":"Le Lignon"},"geometry":{"type":"LineString","coordinates":[[4.1520,45.2540],[4.1519,45.2563],[4.1445,45.2586]]}},{"type":"Feature","properties":{"name":"Le Lignon"},"geometry":{"type":"LineString","coordinates":[[4.1519,45.2539],[4.1520,45.2540]]}},{"type":"Feature","properties":{"name":"Le Lignon"},"geometry":{"type":"LineString","coordinates":[[4.1546,45.2330],[4.1546,45.2331]]}},{"type":"Feature","properties":{"name":"Le Lignon"},"geometry":{"type":"LineString","coordinates":[[4.1546,45.2331],[4.1551,45.2347],[4.1585,45.2363],[4.1559,45.2382],[4.1581,45.2404],[4.1572,45.2416],[4.1549,45.2406],[4.1527,45.2418]]}},{"type":"Feature","properties":{"name":"Le Lignon"},"geometry":{"type":"LineString","coordinates":[[4.1792,45.1674],[4.1790,45.1673]]}},{"type":"Feature","properties":{"name":"Le Lignon"},"geometry":{"type":"LineString","coordinates":[[4.1745,45.1598],[4.1727,45.1615]]}},{"type":"Feature","properties":{"name":"Le Lignon"},"geometry":{"type":"LineString","coordinates":[[4.1790,45.1673],[4.1776,45.1649],[4.1786,45.1618],[4.1745,45.1598]]}},{"type":"Feature","properties":{"name":"Le Lignon"},"geometry":{"type":"LineString","coordinates":[[4.2366,44.6264],[4.2390,44.6281]]}},{"type":"Feature","properties":{"name":"Le Lignon"},"geometry":{"type":"LineString","coordinates":[[4.2331,44.6235],[4.2348,44.6249]]}},{"type":"Feature","properties":{"name":"Le Lignon"},"geometry":{"type":"LineString","coordinates":[[4.2122,45.1481],[4.2116,45.1488],[4.2133,45.1512],[4.2129,45.1524],[4.2031,45.1539],[4.2025,45.1563],[4.1997,45.1574],[4.1943,45.1565],[4.1933,45.1613],[4.1905,45.1630],[4.1876,45.1615],[4.1870,45.1641],[4.1820,45.1675],[4.1792,45.1674]]}},{"type":"Feature","properties":{"name":"Le Lignon"},"geometry":{"type":"LineString","coordinates":[[4.2197,44.9828],[4.2194,44.9832]]}},{"type":"Feature","properties":{"name":"Le Lignon"},"geometry":{"type":"LineString","coordinates":[[4.2180,44.9761],[4.2179,44.9797],[4.2197,44.9828]]}},{"type":"Feature","properties":{"name":"Le Lignon"},"geometry":{"type":"LineString","coordinates":[[4.1744,45.1663],[4.1765,45.1662],[4.1735,45.1689],[4.1728,45.1712],[4.1709,45.1718],[4.1681,45.1700],[4.1657,45.1724],[4.1693,45.1731],[4.1701,45.1749],[4.1696,45.1767],[4.1645,45.1758],[4.1637,45.1770],[4.1607,45.1766],[4.1590,45.1778],[4.1556,45.1782],[4.1521,45.1806],[4.1465,45.1805],[4.1482,45.1810],[4.1478,45.1829],[4.1503,45.1826],[4.1506,45.1839],[4.1480,45.1849],[4.1493,45.1873],[4.1512,45.1882],[4.1505,45.1890],[4.1528,45.1897],[4.1557,45.1922],[4.1577,45.1924],[4.1583,45.1915],[4.1574,45.1903],[4.1584,45.1893],[4.1584,45.1872],[4.1604,45.1864],[4.1622,45.1897],[4.1642,45.1908],[4.1653,45.1936],[4.1697,45.1955],[4.1700,45.1982],[4.1677,45.1999],[4.1677,45.2016],[4.1635,45.2024],[4.1641,45.2041],[4.1668,45.2051],[4.1683,45.2109],[4.1705,45.2123],[4.1726,45.2122],[4.1728,45.2132],[4.1714,45.2139],[4.1659,45.2136],[4.1648,45.2148],[4.1660,45.2163],[4.1638,45.2173],[4.1666,45.2216],[4.1702,45.2210],[4.1729,45.2217]]}},{"type":"Feature","properties":{"name":"Le Lignon"},"geometry":{"type":"LineString","coordinates":[[4.1729,45.2217],[4.1787,45.2244]]}},{"type":"Feature","properties":{"name":"Le Lignon"},"geometry":{"type":"LineString","coordinates":[[4.1727,45.1615],[4.1703,45.1632],[4.1683,45.1667],[4.1744,45.1663]]}},{"type":"Feature","properties":{"name":"La Padelle"},"geometry":{"type":"LineString","coordinates":[[4.2296,44.7981],[4.2273,44.7979],[4.2246,44.7951],[4.2246,44.7938],[4.2268,44.7928],[4.2237,44.7903],[4.2215,44.7824],[4.2161,44.7817],[4.2146,44.7829],[4.2115,44.7826],[4.2097,44.7837],[4.2080,44.7813],[4.2054,44.7811],[4.2079,44.7786],[4.2084,44.7767],[4.2019,44.7744],[4.1988,44.7762],[4.1908,44.7768],[4.1896,44.7765],[4.1889,44.7736],[4.1867,44.7746],[4.1848,44.7730],[4.1796,44.7738],[4.1781,44.7707],[4.1756,44.7705],[4.1729,44.7721]]}},{"type":"Feature","properties":{"name":"La Bège"},"geometry":{"type":"LineString","coordinates":[[4.9234,45.3351],[4.9181,45.3346],[4.9131,45.3323],[4.9086,45.3319],[4.8992,45.3280],[4.8970,45.3288],[4.8945,45.3275],[4.8900,45.3277],[4.8871,45.3250],[4.8862,45.3212]]}},{"type":"Feature","properties":{"name":"L\u0027Ardèche"},"geometry":{"type":"LineString","coordinates":[[4.3680,44.6517],[4.3689,44.6514]]}},{"type":"Feature","properties":{"name":"L\u0027Ardèche"},"geometry":{"type":"LineString","coordinates":[[4.2324,44.6750],[4.2454,44.6756],[4.2478,44.6746]]}},{"type":"Feature","properties":{"name":"L\u0027Ardèche"},"geometry":{"type":"LineString","coordinates":[[4.2218,44.6713],[4.2254,44.6727]]}},{"type":"Feature","properties":{"name":"L\u0027Ardèche"},"geometry":{"type":"LineString","coordinates":[[4.0438,44.6836],[4.0476,44.6850],[4.0482,44.6840],[4.0505,44.6836],[4.0514,44.6821],[4.0577,44.6822]]}},{"type":"Feature","properties":{"name":"L\u0027Ardèche"},"geometry":{"type":"LineString","coordinates":[[4.1986,44.6710],[4.2046,44.6713],[4.2099,44.6688],[4.2126,44.6702],[4.2142,44.6697],[4.2165,44.6716],[4.2173,44.6705],[4.2189,44.6706]]}},{"type":"Feature","properties":{"name":"L\u0027Ardèche"},"geometry":{"type":"LineString","coordinates":[[4.3689,44.6514],[4.3710,44.6506],[4.3722,44.6489],[4.3729,44.6434],[4.3750,44.6412],[4.3777,44.6400],[4.3820,44.6409],[4.3874,44.6402],[4.3908,44.6353],[4.3937,44.6275],[4.3976,44.6242],[4.4018,44.6234],[4.4054,44.6249],[4.4090,44.6251],[4.4166,44.6243],[4.4218,44.6201],[4.4293,44.6182],[4.4317,44.6166],[4.4272,44.6094],[4.4200,44.6063],[4.4189,44.6021],[4.4120,44.6015],[4.4079,44.5986],[4.4073,44.5968],[4.4101,44.5860],[4.4085,44.5779],[4.4059,44.5728],[4.4071,44.5668],[4.4059,44.5632],[4.4069,44.5600],[4.4100,44.5575],[4.4093,44.5542],[4.4099,44.5513],[4.4149,44.5491],[4.4159,44.5477],[4.4150,44.5460],[4.4101,44.5428],[4.4058,44.5369],[4.4035,44.5321],[4.4003,44.5298],[4.3938,44.5217]]}},{"type":"Feature","properties":{"name":"L\u0027Ardèche"},"geometry":{"type":"LineString","coordinates":[[4.2497,44.6735],[4.2518,44.6735],[4.2538,44.6757],[4.2561,44.6736],[4.2601,44.6719],[4.2654,44.6728],[4.2652,44.6712],[4.2668,44.6696],[4.2697,44.6693],[4.2700,44.6710],[4.2715,44.6721],[4.2729,44.6701]]}},{"type":"Feature","properties":{"name":"L\u0027Ardèche"},"geometry":{"type":"LineString","coordinates":[[4.1480,44.6648],[4.1508,44.6672],[4.1587,44.6664]]}},{"type":"Feature","properties":{"name":"L\u0027Ardèche"},"geometry":{"type":"LineString","coordinates":[[4.1464,44.6657],[4.1480,44.6648]]}},{"type":"Feature","properties":{"name":"L\u0027Ardèche"},"geometry":{"type":"LineString","coordinates":[[4.3023,44.6566],[4.3050,44.6569],[4.3075,44.6595],[4.3142,44.6606],[4.3213,44.6531],[4.3274,44.6513],[4.3327,44.6462],[4.3403,44.6425],[4.3432,44.6426],[4.3479,44.6455],[4.3535,44.6458],[4.3546,44.6475]]}},{"type":"Feature","properties":{"name":"L\u0027Ardèche"},"geometry":{"type":"LineString","coordinates":[[4.3390,44.6429],[4.3446,44.6433]]}},{"type":"Feature","properties":{"name":"L\u0027Ardèche"},"geometry":{"type":"LineString","coordinates":[[4.3646,44.6514],[4.3680,44.6517]]}},{"type":"Feature","properties":{"name":"L\u0027Ardèche"},"geometry":{"type":"LineString","coordinates":[[4.3561,44.6489],[4.3589,44.6474]]}},{"type":"Feature","properties":{"name":"L\u0027Ardèche"},"geometry":{"type":"LineString","coordinates":[[4.3623,44.6488],[4.3646,44.6514]]}},{"type":"Feature","properties":{"name":"L\u0027Ardèche"},"geometry":{"type":"LineString","coordinates":[[4.3623,44.6488],[4.3646,44.6514]]}},{"type":"Feature","properties":{"name":"L\u0027Ardèche"},"geometry":{"type":"LineString","coordinates":[[4.3607,44.6476],[4.3623,44.6488]]}},{"type":"Feature","properties":{"name":"L\u0027Ardèche"},"geometry":{"type":"LineString","coordinates":[[4.3546,44.6475],[4.3549,44.6486]]}},{"type":"Feature","properties":{"name":"L\u0027Ardèche"},"geometry":{"type":"LineString","coordinates":[[4.3589,44.6474],[4.3607,44.6476]]}},{"type":"Feature","properties":{"name":"L\u0027Ardèche"},"geometry":{"type":"LineString","coordinates":[[4.3549,44.6486],[4.3561,44.6489]]}},{"type":"Feature","properties":{"name":"L\u0027Ardèche"},"geometry":{"type":"LineString","coordinates":[[4.0734,44.6754],[4.0775,44.6751],[4.0790,44.6732],[4.0857,44.6720],[4.0873,44.6699],[4.0921,44.6709],[4.0954,44.6695],[4.0958,44.6681],[4.1031,44.6658],[4.1124,44.6658],[4.1176,44.6673],[4.1231,44.6656],[4.1333,44.6652],[4.1348,44.6662],[4.1376,44.6652],[4.1417,44.6668],[4.1464,44.6657]]}},{"type":"Feature","properties":{"name":"L\u0027Ardèche"},"geometry":{"type":"LineString","coordinates":[[4.2729,44.6701],[4.2782,44.6667]]}},{"type":"Feature","properties":{"name":"L\u0027Ardèche"},"geometry":{"type":"LineString","coordinates":[[4.2300,44.6747],[4.2324,44.6750]]}},{"type":"Feature","properties":{"name":"L\u0027Ardèche"},"geometry":{"type":"LineString","coordinates":[[4.2479,44.6745],[4.2484,44.6740]]}},{"type":"Feature","properties":{"name":"L\u0027Ardèche"},"geometry":{"type":"LineString","coordinates":[[4.2478,44.6746],[4.2479,44.6745]]}},{"type":"Feature","properties":{"name":"L\u0027Ardèche"},"geometry":{"type":"LineString","coordinates":[[4.2484,44.6740],[4.2497,44.6735]]}},{"type":"Feature","properties":{"name":"L\u0027Ardèche"},"geometry":{"type":"LineString","coordinates":[[4.2782,44.6667],[4.2829,44.6669],[4.2888,44.6690],[4.2903,44.6678],[4.2906,44.6641],[4.2967,44.6638],[4.2982,44.6620],[4.2990,44.6585],[4.3023,44.6566]]}},{"type":"Feature","properties":{"name":"L\u0027Ardèche"},"geometry":{"type":"LineString","coordinates":[[4.1587,44.6664],[4.1613,44.6655],[4.1645,44.6669],[4.1849,44.6689],[4.1952,44.6716],[4.1986,44.6710]]}},{"type":"Feature","properties":{"name":"L\u0027Ardèche"},"geometry":{"type":"LineString","coordinates":[[4.2189,44.6706],[4.2206,44.6703],[4.2218,44.6713]]}},{"type":"Feature","properties":{"name":"L\u0027Ardèche"},"geometry":{"type":"LineString","coordinates":[[4.2218,44.6713],[4.2242,44.6719]]}},{"type":"Feature","properties":{"name":"L\u0027Ardèche"},"geometry":{"type":"LineString","coordinates":[[4.2250,44.6720],[4.2254,44.6727]]}},{"type":"Feature","properties":{"name":"L\u0027Ardèche"},"geometry":{"type":"LineString","coordinates":[[4.2254,44.6727],[4.2268,44.6741]]}},{"type":"Feature","properties":{"name":"L\u0027Ardèche"},"geometry":{"type":"LineString","coordinates":[[4.2268,44.6741],[4.2300,44.6747]]}},{"type":"Feature","properties":{"name":"L\u0027Ardèche"},"geometry":{"type":"LineString","coordinates":[[4.0577,44.6822],[4.0600,44.6810],[4.0651,44.6807],[4.0681,44.6773],[4.0734,44.6754]]}},{"type":"Feature","properties":{"name":"Le Doux"},"geometry":{"type":"LineString","coordinates":[[4.6766,45.0365],[4.6785,45.0402],[4.6814,45.0407],[4.6929,45.0369],[4.6946,45.0383],[4.6937,45.0414]]}},{"type":"Feature","properties":{"name":"Le Doux"},"geometry":{"type":"LineString","coordinates":[[4.6165,45.0083],[4.6175,45.0099],[4.6224,45.0120],[4.6239,45.0142],[4.6268,45.0143],[4.6249,45.0200],[4.6274,45.0215],[4.6281,45.0236],[4.6344,45.0227],[4.6343,45.0217],[4.6306,45.0197],[4.6330,45.0172],[4.6357,45.0167],[4.6414,45.0210],[4.6424,45.0257],[4.6441,45.0268],[4.6467,45.0262],[4.6457,45.0246],[4.6472,45.0226],[4.6499,45.0224],[4.6498,45.0263],[4.6482,45.0289],[4.6488,45.0303],[4.6498,45.0304],[4.6533,45.0265],[4.6549,45.0260],[4.6615,45.0308]]}},{"type":"Feature","properties":{"name":"Le Doux"},"geometry":{"type":"LineString","coordinates":[[4.4596,45.1077],[4.4597,45.1059],[4.4632,45.1018],[4.4630,45.1004],[4.4661,45.1011],[4.4754,45.0974],[4.4774,45.0934],[4.4751,45.0923],[4.4755,45.0897],[4.4743,45.0886],[4.4777,45.0876],[4.4787,45.0859]]}},{"type":"Feature","properties":{"name":"Le Doux"},"geometry":{"type":"LineString","coordinates":[[4.4889,45.0702],[4.4917,45.0679],[4.4935,45.0649],[4.4960,45.0638],[4.4963,45.0614],[4.4951,45.0606],[4.4966,45.0576],[4.5015,45.0564],[4.5019,45.0556],[4.4982,45.0536],[4.4993,45.0491],[4.4951,45.0489],[4.4964,45.0461],[4.4949,45.0450],[4.5020,45.0431]]}},{"type":"Feature","properties":{"name":"Le Doux"},"geometry":{"type":"LineString","coordinates":[[4.7455,45.0602],[4.7459,45.0610]]}},{"type":"Feature","properties":{"name":"Le Doux"},"geometry":{"type":"LineString","coordinates":[[4.7435,45.0651],[4.7435,45.0653]]}},{"type":"Feature","properties":{"name":"Le Doux"},"geometry":{"type":"LineString","coordinates":[[4.7401,45.0693],[4.7404,45.0701]]}},{"type":"Feature","properties":{"name":"Le Doux"},"geometry":{"type":"LineString","coordinates":[[4.7459,45.0610],[4.7428,45.0631],[4.7435,45.0651]]}},{"type":"Feature","properties":{"name":"Le Doux"},"geometry":{"type":"LineString","coordinates":[[4.7415,45.0684],[4.7401,45.0693]]}},{"type":"Feature","properties":{"name":"Le Doux"},"geometry":{"type":"LineString","coordinates":[[4.7435,45.0653],[4.7415,45.0684]]}},{"type":"Feature","properties":{"name":"Le Doux"},"geometry":{"type":"LineString","coordinates":[[4.7452,45.0670],[4.7447,45.0655]]}},{"type":"Feature","properties":{"name":"Le Doux"},"geometry":{"type":"LineString","coordinates":[[4.7432,45.0700],[4.7460,45.0692],[4.7452,45.0670]]}},{"type":"Feature","properties":{"name":"Le Doux"},"geometry":{"type":"LineString","coordinates":[[4.7404,45.0701],[4.7414,45.0708],[4.7432,45.0700]]}},{"type":"Feature","properties":{"name":"Le Doux"},"geometry":{"type":"LineString","coordinates":[[4.7571,45.0767],[4.7613,45.0754]]}},{"type":"Feature","properties":{"name":"Le Doux"},"geometry":{"type":"LineString","coordinates":[[4.7447,45.0655],[4.7460,45.0648],[4.7514,45.0674]]}},{"type":"Feature","properties":{"name":"Le Doux"},"geometry":{"type":"LineString","coordinates":[[4.7514,45.0674],[4.7517,45.0675]]}},{"type":"Feature","properties":{"name":"Le Doux"},"geometry":{"type":"LineString","coordinates":[[4.7517,45.0675],[4.7528,45.0680]]}},{"type":"Feature","properties":{"name":"Le Doux"},"geometry":{"type":"LineString","coordinates":[[4.7528,45.0680],[4.7578,45.0672],[4.7602,45.0686],[4.7577,45.0735],[4.7571,45.0767]]}},{"type":"Feature","properties":{"name":"Le Doux"},"geometry":{"type":"LineString","coordinates":[[4.7637,45.0657],[4.7621,45.0646]]}},{"type":"Feature","properties":{"name":"Le Doux"},"geometry":{"type":"LineString","coordinates":[[4.7613,45.0754],[4.7642,45.0749],[4.7641,45.0724],[4.7660,45.0722],[4.7671,45.0734],[4.7678,45.0723]]}},{"type":"Feature","properties":{"name":"Le Doux"},"geometry":{"type":"LineString","coordinates":[[4.7678,45.0723],[4.7673,45.0715]]}},{"type":"Feature","properties":{"name":"Le Doux"},"geometry":{"type":"LineString","coordinates":[[4.7653,45.0661],[4.7637,45.0657]]}},{"type":"Feature","properties":{"name":"Le Doux"},"geometry":{"type":"LineString","coordinates":[[4.7673,45.0715],[4.7653,45.0688],[4.7670,45.0668],[4.7653,45.0661]]}},{"type":"Feature","properties":{"name":"Le Doux"},"geometry":{"type":"LineString","coordinates":[[4.7746,45.0584],[4.7746,45.0585]]}},{"type":"Feature","properties":{"name":"Le Doux"},"geometry":{"type":"LineString","coordinates":[[4.7804,45.0640],[4.7811,45.0668]]}},{"type":"Feature","properties":{"name":"Le Doux"},"geometry":{"type":"LineString","coordinates":[[4.7982,45.0706],[4.8026,45.0717]]}},{"type":"Feature","properties":{"name":"Le Doux"},"geometry":{"type":"LineString","coordinates":[[4.8026,45.0717],[4.8109,45.0729],[4.8219,45.0763],[4.8242,45.0756],[4.8267,45.0731],[4.8291,45.0730]]}},{"type":"Feature","properties":{"name":"Le Doux"},"geometry":{"type":"LineString","coordinates":[[4.7746,45.0585],[4.7760,45.0604],[4.7824,45.0588]]}},{"type":"Feature","properties":{"name":"Le Doux"},"geometry":{"type":"LineString","coordinates":[[4.7836,45.0633],[4.7812,45.0638]]}},{"type":"Feature","properties":{"name":"Le Doux"},"geometry":{"type":"LineString","coordinates":[[4.7811,45.0668],[4.7816,45.0669]]}},{"type":"Feature","properties":{"name":"Le Doux"},"geometry":{"type":"LineString","coordinates":[[4.7621,45.0646],[4.7638,45.0625],[4.7669,45.0626],[4.7703,45.0580],[4.7735,45.0572],[4.7746,45.0584]]}},{"type":"Feature","properties":{"name":"Le Doux"},"geometry":{"type":"LineString","coordinates":[[4.7842,45.0666],[4.7903,45.0667],[4.7952,45.0688]]}},{"type":"Feature","properties":{"name":"Le Doux"},"geometry":{"type":"LineString","coordinates":[[4.7952,45.0688],[4.7982,45.0706]]}},{"type":"Feature","properties":{"name":"Le Doux"},"geometry":{"type":"LineString","coordinates":[[4.7812,45.0638],[4.7811,45.0638]]}},{"type":"Feature","properties":{"name":"Le Doux"},"geometry":{"type":"LineString","coordinates":[[4.7824,45.0588],[4.7855,45.0601],[4.7861,45.0617]]}},{"type":"Feature","properties":{"name":"Le Doux"},"geometry":{"type":"LineString","coordinates":[[4.7861,45.0617],[4.7836,45.0633]]}},{"type":"Feature","properties":{"name":"Le Doux"},"geometry":{"type":"LineString","coordinates":[[4.7811,45.0638],[4.7804,45.0640]]}},{"type":"Feature","properties":{"name":"Le Doux"},"geometry":{"type":"LineString","coordinates":[[4.7295,45.0588],[4.7356,45.0586],[4.7376,45.0598],[4.7424,45.0591],[4.7451,45.0597],[4.7459,45.0610]]}},{"type":"Feature","properties":{"name":"Le Doux"},"geometry":{"type":"LineString","coordinates":[[4.7143,45.0523],[4.7204,45.0550],[4.7247,45.0588],[4.7295,45.0588]]}},{"type":"Feature","properties":{"name":"Le Doux"},"geometry":{"type":"LineString","coordinates":[[4.6173,45.0053],[4.6165,45.0083]]}},{"type":"Feature","properties":{"name":"Le Doux"},"geometry":{"type":"LineString","coordinates":[[4.6099,45.0027],[4.6127,45.0022],[4.6158,45.0030],[4.6173,45.0053]]}},{"type":"Feature","properties":{"name":"Le Doux"},"geometry":{"type":"LineString","coordinates":[[4.6615,45.0308],[4.6665,45.0333],[4.6694,45.0320],[4.6734,45.0319],[4.6766,45.0365]]}},{"type":"Feature","properties":{"name":"Le Doux"},"geometry":{"type":"LineString","coordinates":[[4.6937,45.0414],[4.6948,45.0428],[4.7066,45.0473],[4.7143,45.0523]]}},{"type":"Feature","properties":{"name":"Le Doux"},"geometry":{"type":"LineString","coordinates":[[4.5927,44.9910],[4.5954,44.9918],[4.5964,44.9960],[4.5997,44.9973],[4.6018,44.9995],[4.6017,45.0005],[4.5985,45.0000],[4.5971,45.0007],[4.5955,45.0039],[4.5958,45.0054],[4.5989,45.0056],[4.6065,45.0084],[4.6069,45.0051],[4.6099,45.0027]]}},{"type":"Feature","properties":{"name":"Le Doux"},"geometry":{"type":"LineString","coordinates":[[4.4928,45.0220],[4.4933,45.0196]]}},{"type":"Feature","properties":{"name":"Le Doux"},"geometry":{"type":"LineString","coordinates":[[4.4933,45.0196],[4.4946,45.0164]]}},{"type":"Feature","properties":{"name":"Le Doux"},"geometry":{"type":"LineString","coordinates":[[4.4947,45.0335],[4.4959,45.0304],[4.4931,45.0284],[4.4977,45.0259],[4.4966,45.0241],[4.4928,45.0220]]}},{"type":"Feature","properties":{"name":"Le Doux"},"geometry":{"type":"LineString","coordinates":[[4.4946,45.0164],[4.4949,45.0144],[4.4975,45.0129],[4.4967,45.0100],[4.5006,45.0072]]}},{"type":"Feature","properties":{"name":"Le Doux"},"geometry":{"type":"LineString","coordinates":[[4.5073,45.0033],[4.5087,45.0021],[4.5086,45.0011]]}},{"type":"Feature","properties":{"name":"Le Doux"},"geometry":{"type":"LineString","coordinates":[[4.5006,45.0072],[4.5018,45.0055],[4.5047,45.0056],[4.5073,45.0033]]}},{"type":"Feature","properties":{"name":"Le Doux"},"geometry":{"type":"LineString","coordinates":[[4.5086,45.0011],[4.5090,45.0009]]}},{"type":"Feature","properties":{"name":"Le Doux"},"geometry":{"type":"LineString","coordinates":[[4.5090,45.0009],[4.5111,45.0002]]}},{"type":"Feature","properties":{"name":"Le Doux"},"geometry":{"type":"LineString","coordinates":[[4.5111,45.0002],[4.5127,44.9986]]}},{"type":"Feature","properties":{"name":"Le Doux"},"geometry":{"type":"LineString","coordinates":[[4.5130,44.9986],[4.5178,44.9984],[4.5289,44.9940]]}},{"type":"Feature","properties":{"name":"Le Doux"},"geometry":{"type":"LineString","coordinates":[[4.5289,44.9940],[4.5297,44.9894],[4.5319,44.9878],[4.5400,44.9866],[4.5437,44.9885],[4.5448,44.9865],[4.5472,44.9861],[4.5498,44.9872],[4.5551,44.9871],[4.5552,44.9841],[4.5575,44.9834],[4.5611,44.9880]]}},{"type":"Feature","properties":{"name":"Le Doux"},"geometry":{"type":"LineString","coordinates":[[4.5611,44.9880],[4.5610,44.9880]]}},{"type":"Feature","properties":{"name":"Le Doux"},"geometry":{"type":"LineString","coordinates":[[4.5610,44.9880],[4.5609,44.9890],[4.5628,44.9893]]}},{"type":"Feature","properties":{"name":"Le Doux"},"geometry":{"type":"LineString","coordinates":[[4.5805,44.9880],[4.5825,44.9877]]}},{"type":"Feature","properties":{"name":"Le Doux"},"geometry":{"type":"LineString","coordinates":[[4.5628,44.9893],[4.5628,44.9893]]}},{"type":"Feature","properties":{"name":"Le Doux"},"geometry":{"type":"LineString","coordinates":[[4.5628,44.9893],[4.5655,44.9891],[4.5651,44.9874],[4.5663,44.9866],[4.5729,44.9846],[4.5761,44.9863]]}},{"type":"Feature","properties":{"name":"Le Doux"},"geometry":{"type":"LineString","coordinates":[[4.5761,44.9863],[4.5761,44.9864]]}},{"type":"Feature","properties":{"name":"Le Doux"},"geometry":{"type":"LineString","coordinates":[[4.5761,44.9864],[4.5780,44.9879],[4.5839,44.9880],[4.5871,44.9913],[4.5905,44.9921],[4.5927,44.9910]]}},{"type":"Feature","properties":{"name":"Le Doux"},"geometry":{"type":"LineString","coordinates":[[4.4787,45.0859],[4.4847,45.0821],[4.4899,45.0816],[4.4912,45.0797],[4.4906,45.0786],[4.4928,45.0781]]}},{"type":"Feature","properties":{"name":"Le Doux"},"geometry":{"type":"LineString","coordinates":[[4.4928,45.0781],[4.4911,45.0764],[4.4941,45.0737],[4.4941,45.0724],[4.4901,45.0716],[4.4889,45.0702]]}},{"type":"Feature","properties":{"name":"Le Doux"},"geometry":{"type":"LineString","coordinates":[[4.5020,45.0431],[4.5028,45.0420],[4.4980,45.0383],[4.4934,45.0365],[4.4933,45.0345],[4.4947,45.0335]]}},{"type":"Feature","properties":{"name":"Le Doux"},"geometry":{"type":"LineString","coordinates":[[4.4937,45.0341],[4.4942,45.0340]]}},{"type":"Feature","properties":{"name":"Le Doux"},"geometry":{"type":"LineString","coordinates":[[4.4934,45.0343],[4.4937,45.0341]]}},{"type":"Feature","properties":{"name":"Le Doux"},"geometry":{"type":"LineString","coordinates":[[4.7322,45.0584],[4.7331,45.0586]]}},{"type":"Feature","properties":{"name":"L\u0027Azette"},"geometry":{"type":"LineString","coordinates":[[4.2906,44.9173],[4.2919,44.9189],[4.2912,44.9204],[4.2925,44.9216],[4.3009,44.9241],[4.3078,44.9242]]}},{"type":"Feature","properties":{"name":"L\u0027Azette"},"geometry":{"type":"LineString","coordinates":[[4.3207,44.9313],[4.3219,44.9336],[4.3278,44.9376],[4.3287,44.9392],[4.3376,44.9417]]}},{"type":"Feature","properties":{"name":"L\u0027Azette"},"geometry":{"type":"LineString","coordinates":[[4.3207,44.9313],[4.3207,44.9313]]}},{"type":"Feature","properties":{"name":"L\u0027Azette"},"geometry":{"type":"LineString","coordinates":[[4.3078,44.9242],[4.3111,44.9258],[4.3110,44.9268],[4.3123,44.9267],[4.3137,44.9293],[4.3207,44.9313]]}},{"type":"Feature","properties":{"name":"La Payre"},"geometry":{"type":"LineString","coordinates":[[4.6782,44.7033],[4.6783,44.7060],[4.6807,44.7068],[4.6812,44.7087],[4.6835,44.7104],[4.6959,44.7105],[4.6998,44.7124]]}},{"type":"Feature","properties":{"name":"La Payre"},"geometry":{"type":"LineString","coordinates":[[4.6154,44.6720],[4.6273,44.6735],[4.6360,44.6773],[4.6380,44.6802],[4.6372,44.6817],[4.6378,44.6836],[4.6412,44.6858],[4.6415,44.6884],[4.6405,44.6897],[4.6444,44.6928],[4.6460,44.6954],[4.6511,44.6963],[4.6548,44.6986],[4.6575,44.7017],[4.6616,44.7025],[4.6728,44.7014],[4.6775,44.7021],[4.6782,44.7033]]}},{"type":"Feature","properties":{"name":"La Payre"},"geometry":{"type":"LineString","coordinates":[[4.6998,44.7124],[4.7045,44.7142],[4.7069,44.7139],[4.7090,44.7169],[4.7142,44.7197],[4.7170,44.7199],[4.7170,44.7208],[4.7195,44.7218],[4.7202,44.7233],[4.7237,44.7248],[4.7248,44.7267],[4.7274,44.7273],[4.7283,44.7292],[4.7431,44.7323],[4.7457,44.7321],[4.7513,44.7293],[4.7561,44.7307],[4.7617,44.7298],[4.7610,44.7251],[4.7634,44.7233]]}},{"type":"Feature","properties":{"name":"La Semène"},"geometry":{"type":"LineString","coordinates":[[4.2995,45.2755],[4.2957,45.2754],[4.2875,45.2779],[4.2860,45.2795],[4.2824,45.2773],[4.2801,45.2788]]}},{"type":"Feature","properties":{"name":"La Semène"},"geometry":{"type":"LineString","coordinates":[[4.2624,45.2933],[4.2598,45.2919],[4.2523,45.2944],[4.2476,45.2938],[4.2469,45.2945],[4.2474,45.2969],[4.2465,45.2982],[4.2481,45.2992],[4.2471,45.3006],[4.2442,45.3012],[4.2465,45.3035],[4.2454,45.3050],[4.2502,45.3054],[4.2504,45.3072],[4.2539,45.3097],[4.2516,45.3134],[4.2491,45.3149],[4.2510,45.3169],[4.2491,45.3201],[4.2503,45.3218],[4.2524,45.3225],[4.2468,45.3276],[4.2472,45.3296]]}},{"type":"Feature","properties":{"name":"La Semène"},"geometry":{"type":"LineString","coordinates":[[4.2472,45.3296],[4.2484,45.3321],[4.2431,45.3360],[4.2471,45.3390],[4.2459,45.3401],[4.2416,45.3404],[4.2407,45.3417],[4.2419,45.3428],[4.2445,45.3414],[4.2456,45.3422],[4.2435,45.3454],[4.2444,45.3473],[4.2417,45.3494],[4.2432,45.3525],[4.2398,45.3526],[4.2394,45.3547],[4.2359,45.3546],[4.2375,45.3568],[4.2369,45.3589],[4.2388,45.3597],[4.2394,45.3613],[4.2431,45.3614],[4.2429,45.3642],[4.2461,45.3634],[4.2466,45.3645],[4.2417,45.3675],[4.2427,45.3695],[4.2406,45.3707],[4.2408,45.3734],[4.2390,45.3719],[4.2376,45.3722],[4.2375,45.3733],[4.2390,45.3744],[4.2374,45.3755],[4.2385,45.3775],[4.2367,45.3779],[4.2351,45.3802],[4.2318,45.3813],[4.2309,45.3832],[4.2198,45.3833]]}},{"type":"Feature","properties":{"name":"La Semène"},"geometry":{"type":"LineString","coordinates":[[4.2687,45.2838],[4.2688,45.2861],[4.2655,45.2875],[4.2682,45.2894],[4.2692,45.2914],[4.2672,45.2921],[4.2649,45.2911],[4.2624,45.2933]]}},{"type":"Feature","properties":{"name":"La Semène"},"geometry":{"type":"LineString","coordinates":[[4.4636,45.3422],[4.4504,45.3481],[4.4474,45.3482],[4.4447,45.3463]]}},{"type":"Feature","properties":{"name":"La Semène"},"geometry":{"type":"LineString","coordinates":[[4.4446,45.3463],[4.4404,45.3461],[4.4389,45.3452],[4.4371,45.3413]]}},{"type":"Feature","properties":{"name":"La Semène"},"geometry":{"type":"LineString","coordinates":[[4.4447,45.3463],[4.4446,45.3463]]}},{"type":"Feature","properties":{"name":"La Semène"},"geometry":{"type":"LineString","coordinates":[[4.4371,45.3413],[4.4372,45.3411]]}},{"type":"Feature","properties":{"name":"La Semène"},"geometry":{"type":"LineString","coordinates":[[4.4372,45.3411],[4.4369,45.3392],[4.4385,45.3382],[4.4370,45.3349],[4.4377,45.3334],[4.4360,45.3328],[4.4304,45.3335],[4.4289,45.3327],[4.4242,45.3344],[4.4218,45.3335],[4.4215,45.3316],[4.4232,45.3296],[4.4229,45.3278],[4.4215,45.3269],[4.4194,45.3270],[4.4086,45.3320],[4.4051,45.3316],[4.4017,45.3297]]}},{"type":"Feature","properties":{"name":"La Semène"},"geometry":{"type":"LineString","coordinates":[[4.4694,45.3423],[4.4690,45.3422]]}},{"type":"Feature","properties":{"name":"La Semène"},"geometry":{"type":"LineString","coordinates":[[4.4690,45.3422],[4.4636,45.3422]]}},{"type":"Feature","properties":{"name":"La Semène"},"geometry":{"type":"LineString","coordinates":[[4.4772,45.3395],[4.4770,45.3409],[4.4755,45.3418],[4.4694,45.3423]]}},{"type":"Feature","properties":{"name":"La Semène"},"geometry":{"type":"LineString","coordinates":[[4.2472,45.3296],[4.2477,45.3309],[4.2453,45.3334]]}},{"type":"Feature","properties":{"name":"La Semène"},"geometry":{"type":"LineString","coordinates":[[4.4017,45.3297],[4.4007,45.3286],[4.3981,45.3285],[4.3937,45.3301]]}},{"type":"Feature","properties":{"name":"La Semène"},"geometry":{"type":"LineString","coordinates":[[4.3937,45.3301],[4.3925,45.3312],[4.3898,45.3300],[4.3889,45.3280],[4.3851,45.3274],[4.3854,45.3266],[4.3824,45.3239],[4.3848,45.3196],[4.3818,45.3150],[4.3805,45.3145],[4.3800,45.3123],[4.3769,45.3109],[4.3763,45.3094],[4.3735,45.3088],[4.3664,45.3015]]}},{"type":"Feature","properties":{"name":"La Semène"},"geometry":{"type":"LineString","coordinates":[[4.2801,45.2788],[4.2766,45.2811],[4.2747,45.2796],[4.2717,45.2805],[4.2678,45.2801],[4.2669,45.2813],[4.2686,45.2820],[4.2687,45.2838]]}},{"type":"Feature","properties":{"name":"La Semène"},"geometry":{"type":"LineString","coordinates":[[4.3664,45.3015],[4.3639,45.3003],[4.3630,45.2988],[4.3543,45.2945],[4.3505,45.2953],[4.3446,45.2921],[4.3399,45.2930],[4.3354,45.2918],[4.3347,45.2894],[4.3314,45.2883],[4.3293,45.2825],[4.3271,45.2801],[4.3188,45.2796],[4.3166,45.2782],[4.3104,45.2771],[4.3068,45.2744],[4.3029,45.2732],[4.3006,45.2735],[4.3010,45.2752],[4.2995,45.2755]]}},{"type":"Feature","properties":{"name":"La Semène"},"geometry":{"type":"LineString","coordinates":[[4.3314,45.2883],[4.3288,45.2857],[4.3298,45.2848],[4.3277,45.2834],[4.3287,45.2819]]}},{"type":"Feature","properties":{"name":"La Semène"},"geometry":{"type":"LineString","coordinates":[[4.2452,45.3336],[4.2456,45.3346]]}},{"type":"Feature","properties":{"name":"La Semène"},"geometry":{"type":"LineString","coordinates":[[4.2453,45.3334],[4.2452,45.3336]]}},{"type":"Feature","properties":{"name":"Ruisseau de la Grenette"},"geometry":{"type":"LineString","coordinates":[[4.9388,44.6893],[4.9372,44.6901],[4.9369,44.6915],[4.9348,44.6919],[4.9317,44.6975],[4.9294,44.6992],[4.9287,44.7034],[4.9274,44.7047],[4.9274,44.7070],[4.9264,44.7080],[4.9260,44.7148],[4.9234,44.7177],[4.9248,44.7237],[4.9214,44.7258],[4.9214,44.7283],[4.9195,44.7317],[4.9205,44.7337],[4.9163,44.7375],[4.9163,44.7399],[4.9135,44.7480],[4.9106,44.7498]]}},{"type":"Feature","properties":{"name":"Le Mialan"},"geometry":{"type":"LineString","coordinates":[[4.8239,44.9135],[4.8278,44.9176],[4.8247,44.9203],[4.8277,44.9238]]}},{"type":"Feature","properties":{"name":"Le Mialan"},"geometry":{"type":"LineString","coordinates":[[4.8277,44.9238],[4.8299,44.9268],[4.8337,44.9294],[4.8340,44.9317],[4.8377,44.9344],[4.8379,44.9365],[4.8413,44.9415],[4.8473,44.9458],[4.8540,44.9474],[4.8584,44.9474],[4.8652,44.9402],[4.8666,44.9428],[4.8704,44.9416],[4.8768,44.9443]]}},{"type":"Feature","properties":{"name":"Le Mialan"},"geometry":{"type":"LineString","coordinates":[[4.8034,44.9009],[4.8054,44.9002]]}},{"type":"Feature","properties":{"name":"Le Mialan"},"geometry":{"type":"LineString","coordinates":[[4.8182,44.9108],[4.8200,44.9119],[4.8230,44.9117],[4.8239,44.9135]]}},{"type":"Feature","properties":{"name":"Le Mialan"},"geometry":{"type":"LineString","coordinates":[[4.8054,44.9002],[4.8075,44.9005],[4.8076,44.9029],[4.8086,44.9036],[4.8132,44.9042],[4.8137,44.9081]]}},{"type":"Feature","properties":{"name":"Le Mialan"},"geometry":{"type":"LineString","coordinates":[[4.8137,44.9081],[4.8182,44.9108]]}},{"type":"Feature","properties":{"name":"Le Mialan"},"geometry":{"type":"LineString","coordinates":[[4.8768,44.9443],[4.8810,44.9447]]}},{"type":"Feature","properties":{"name":"La Veyruègne"},"geometry":{"type":"LineString","coordinates":[[4.4833,44.8138],[4.4907,44.8130],[4.4914,44.8156],[4.4900,44.8161],[4.4905,44.8167],[4.4972,44.8164],[4.4979,44.8176],[4.4998,44.8173],[4.5006,44.8199],[4.5024,44.8199],[4.5017,44.8217],[4.5054,44.8231],[4.5061,44.8268],[4.5054,44.8281]]}},{"type":"Feature","properties":{"name":"La Veyruègne"},"geometry":{"type":"LineString","coordinates":[[4.4353,44.7967],[4.4364,44.7965],[4.4377,44.7982],[4.4408,44.7991],[4.4413,44.8006],[4.4437,44.8013],[4.4524,44.8074],[4.4596,44.8081],[4.4608,44.8109],[4.4675,44.8111],[4.4786,44.8092],[4.4825,44.8135]]}},{"type":"Feature","properties":{"name":"La Veyruègne"},"geometry":{"type":"LineString","coordinates":[[4.4825,44.8135],[4.4833,44.8138]]}},{"type":"Feature","properties":{"name":"Le Boyon"},"geometry":{"type":"LineString","coordinates":[[4.6060,44.7733],[4.6067,44.7733]]}},{"type":"Feature","properties":{"name":"Le Boyon"},"geometry":{"type":"LineString","coordinates":[[4.6323,44.7896],[4.6318,44.7910],[4.6372,44.7915],[4.6374,44.7946],[4.6391,44.7955],[4.6378,44.7982],[4.6387,44.7992],[4.6396,44.7994],[4.6408,44.7980],[4.6430,44.7987],[4.6436,44.8006],[4.6409,44.8008],[4.6456,44.8029],[4.6476,44.8052],[4.6496,44.8023],[4.6546,44.8049],[4.6575,44.8052],[4.6592,44.8079],[4.6588,44.8087],[4.6620,44.8088],[4.6642,44.8101],[4.6677,44.8127],[4.6675,44.8139],[4.6719,44.8137],[4.6742,44.8125],[4.6736,44.8118],[4.6748,44.8118],[4.6814,44.8161],[4.6846,44.8164],[4.6909,44.8144],[4.6912,44.8134],[4.6949,44.8137],[4.6963,44.8126],[4.6959,44.8156],[4.6973,44.8169]]}},{"type":"Feature","properties":{"name":"Le Boyon"},"geometry":{"type":"LineString","coordinates":[[4.6067,44.7733],[4.6080,44.7734],[4.6129,44.7777]]}},{"type":"Feature","properties":{"name":"Le Boyon"},"geometry":{"type":"LineString","coordinates":[[4.6218,44.7842],[4.6232,44.7870],[4.6255,44.7872],[4.6279,44.7889],[4.6299,44.7884],[4.6324,44.7896]]}},{"type":"Feature","properties":{"name":"Le Boyon"},"geometry":{"type":"LineString","coordinates":[[4.6187,44.7811],[4.6202,44.7815],[4.6218,44.7842]]}},{"type":"Feature","properties":{"name":"Le Boyon"},"geometry":{"type":"LineString","coordinates":[[4.6324,44.7896],[4.6323,44.7896]]}},{"type":"Feature","properties":{"name":"Le Boyon"},"geometry":{"type":"LineString","coordinates":[[4.6129,44.7777],[4.6129,44.7777]]}},{"type":"Feature","properties":{"name":"Le Boyon"},"geometry":{"type":"LineString","coordinates":[[4.6129,44.7777],[4.6187,44.7811]]}},{"type":"Feature","properties":{"name":"Le Furan"},"geometry":{"type":"LineString","coordinates":[[4.4740,45.3660],[4.4694,45.3686],[4.4635,45.3738]]}},{"type":"Feature","properties":{"name":"Le Furan"},"geometry":{"type":"LineString","coordinates":[[4.4929,45.3571],[4.4892,45.3561],[4.4836,45.3575],[4.4804,45.3596],[4.4798,45.3620],[4.4782,45.3637],[4.4740,45.3660]]}},{"type":"Feature","properties":{"name":"Le Furan"},"geometry":{"type":"LineString","coordinates":[[4.4479,45.3904],[4.4460,45.3928]]}},{"type":"Feature","properties":{"name":"Le Furan"},"geometry":{"type":"LineString","coordinates":[[4.4571,45.3786],[4.4564,45.3791]]}},{"type":"Feature","properties":{"name":"Le Furan"},"geometry":{"type":"LineString","coordinates":[[4.4519,45.3823],[4.4489,45.3823],[4.4471,45.3853],[4.4482,45.3870],[4.4462,45.3894],[4.4479,45.3904]]}},{"type":"Feature","properties":{"name":"Le Furan"},"geometry":{"type":"LineString","coordinates":[[4.4480,45.3951],[4.4459,45.3988],[4.4470,45.4011],[4.4459,45.4012],[4.4449,45.4047],[4.4424,45.4082],[4.4432,45.4091],[4.4378,45.4081]]}},{"type":"Feature","properties":{"name":"Le Furan"},"geometry":{"type":"LineString","coordinates":[[4.4564,45.3791],[4.4551,45.3810],[4.4520,45.3823]]}},{"type":"Feature","properties":{"name":"Le Furan"},"geometry":{"type":"LineString","coordinates":[[4.4520,45.3823],[4.4519,45.3823]]}},{"type":"Feature","properties":{"name":"L\u0027Orsanne"},"geometry":{"type":"LineString","coordinates":[[4.5248,44.8078],[4.5278,44.8083],[4.5325,44.8073],[4.5433,44.8092],[4.5454,44.8084],[4.5468,44.8098],[4.5504,44.8098],[4.5526,44.8114],[4.5549,44.8115],[4.5574,44.8136],[4.5609,44.8125],[4.5668,44.8171],[4.5671,44.8187],[4.5749,44.8213]]}},{"type":"Feature","properties":{"name":"Le Ramel"},"geometry":{"type":"LineString","coordinates":[[4.0860,45.1748],[4.0846,45.1762],[4.0881,45.1768],[4.0898,45.1790],[4.0935,45.1782],[4.0942,45.1812],[4.0960,45.1829],[4.0988,45.1813],[4.0997,45.1833],[4.1015,45.1831],[4.1032,45.1849],[4.1057,45.1856],[4.1082,45.1886],[4.1085,45.1911],[4.1109,45.1914],[4.1114,45.1927],[4.1102,45.1940],[4.1134,45.1950],[4.1125,45.1963],[4.1087,45.1973],[4.1101,45.1995]]}},{"type":"Feature","properties":{"name":"Le Ramel"},"geometry":{"type":"LineString","coordinates":[[4.1101,45.1995],[4.1105,45.2010],[4.1087,45.2017],[4.1097,45.2032],[4.1072,45.2032],[4.1079,45.2044],[4.1069,45.2053],[4.1082,45.2070],[4.1031,45.2093],[4.1031,45.2108],[4.1010,45.2123],[4.1016,45.2172],[4.1010,45.2195],[4.1020,45.2223],[4.1037,45.2237],[4.1020,45.2275],[4.1041,45.2322],[4.1005,45.2339],[4.1008,45.2365]]}},{"type":"Feature","properties":{"name":"L\u0027Ondaine"},"geometry":{"type":"LineString","coordinates":[[4.2650,45.3931],[4.2635,45.3947],[4.2581,45.3972],[4.2550,45.4013],[4.2539,45.4079],[4.2498,45.4090],[4.2502,45.4113],[4.2474,45.4137],[4.2498,45.4155],[4.2495,45.4169],[4.2475,45.4186]]}},{"type":"Feature","properties":{"name":"L\u0027Ondaine"},"geometry":{"type":"LineString","coordinates":[[4.3344,45.3989],[4.3268,45.3989],[4.3210,45.3979],[4.3185,45.3961],[4.3140,45.3964],[4.3063,45.3953]]}},{"type":"Feature","properties":{"name":"L\u0027Ondaine"},"geometry":{"type":"LineString","coordinates":[[4.2863,45.3952],[4.2827,45.3940]]}},{"type":"Feature","properties":{"name":"L\u0027Ondaine"},"geometry":{"type":"LineString","coordinates":[[4.2812,45.3940],[4.2794,45.3942],[4.2719,45.3918]]}},{"type":"Feature","properties":{"name":"L\u0027Ondaine"},"geometry":{"type":"LineString","coordinates":[[4.2658,45.3926],[4.2653,45.3930]]}},{"type":"Feature","properties":{"name":"L\u0027Ondaine"},"geometry":{"type":"LineString","coordinates":[[4.2659,45.3925],[4.2658,45.3926]]}},{"type":"Feature","properties":{"name":"L\u0027Ondaine"},"geometry":{"type":"LineString","coordinates":[[4.2653,45.3930],[4.2650,45.3931]]}},{"type":"Feature","properties":{"name":"L\u0027Ondaine"},"geometry":{"type":"LineString","coordinates":[[4.2719,45.3918],[4.2673,45.3917],[4.2659,45.3925]]}},{"type":"Feature","properties":{"name":"L\u0027Ondaine"},"geometry":{"type":"LineString","coordinates":[[4.3062,45.3952],[4.3001,45.3948],[4.2945,45.3966],[4.2910,45.3961],[4.2903,45.3950],[4.2863,45.3952]]}},{"type":"Feature","properties":{"name":"L\u0027Ondaine"},"geometry":{"type":"LineString","coordinates":[[4.3063,45.3953],[4.3062,45.3952]]}},{"type":"Feature","properties":{"name":"L\u0027Ondaine"},"geometry":{"type":"LineString","coordinates":[[4.2818,45.3939],[4.2816,45.3939]]}},{"type":"Feature","properties":{"name":"L\u0027Ondaine"},"geometry":{"type":"LineString","coordinates":[[4.2819,45.3939],[4.2818,45.3939]]}},{"type":"Feature","properties":{"name":"L\u0027Ondaine"},"geometry":{"type":"LineString","coordinates":[[4.2825,45.3939],[4.2823,45.3939]]}},{"type":"Feature","properties":{"name":"L\u0027Ondaine"},"geometry":{"type":"LineString","coordinates":[[4.2827,45.3940],[4.2825,45.3939]]}},{"type":"Feature","properties":{"name":"L\u0027Ondaine"},"geometry":{"type":"LineString","coordinates":[[4.2816,45.3939],[4.2812,45.3940]]}},{"type":"Feature","properties":{"name":"L\u0027Ondaine"},"geometry":{"type":"LineString","coordinates":[[4.2823,45.3939],[4.2819,45.3939]]}},{"type":"Feature","properties":{"name":"La Dunière"},"geometry":{"type":"LineString","coordinates":[[4.2381,45.2182],[4.2353,45.2195],[4.2305,45.2193],[4.2312,45.2177],[4.2300,45.2148]]}},{"type":"Feature","properties":{"name":"La Dunière"},"geometry":{"type":"LineString","coordinates":[[4.2300,45.2148],[4.2282,45.2157],[4.2237,45.2155],[4.2211,45.2185],[4.2187,45.2179],[4.2152,45.2149],[4.2130,45.2148],[4.2108,45.2157],[4.2106,45.2171],[4.2066,45.2211],[4.2057,45.2212],[4.2047,45.2187],[4.2029,45.2184],[4.2007,45.2195],[4.2015,45.2212],[4.1985,45.2209],[4.1961,45.2237]]}},{"type":"Feature","properties":{"name":"La Dunière"},"geometry":{"type":"LineString","coordinates":[[4.3498,45.2193],[4.3471,45.2205],[4.3463,45.2191],[4.3438,45.2184],[4.3371,45.2204],[4.3300,45.2200],[4.3245,45.2180],[4.3195,45.2186],[4.3174,45.2175],[4.3147,45.2182],[4.3085,45.2160],[4.3066,45.2141],[4.3042,45.2145],[4.2972,45.2128],[4.2965,45.2145],[4.2935,45.2155],[4.2849,45.2133],[4.2829,45.2168],[4.2775,45.2185],[4.2748,45.2164],[4.2767,45.2150],[4.2757,45.2111],[4.2735,45.2105],[4.2719,45.2124],[4.2685,45.2101],[4.2682,45.2126],[4.2646,45.2130],[4.2636,45.2142],[4.2620,45.2129],[4.2587,45.2125],[4.2600,45.2159],[4.2563,45.2193],[4.2546,45.2177],[4.2556,45.2156],[4.2545,45.2158],[4.2531,45.2178],[4.2493,45.2183],[4.2503,45.2151],[4.2477,45.2150],[4.2465,45.2167],[4.2469,45.2151],[4.2443,45.2136]]}},{"type":"Feature","properties":{"name":"La Dunière"},"geometry":{"type":"LineString","coordinates":[[4.1961,45.2237],[4.1942,45.2241],[4.1918,45.2264],[4.1903,45.2250],[4.1882,45.2261],[4.1864,45.2248],[4.1839,45.2248],[4.1821,45.2284],[4.1796,45.2284],[4.1784,45.2268],[4.1755,45.2262]]}},{"type":"Feature","properties":{"name":"La Dunière"},"geometry":{"type":"LineString","coordinates":[[4.6545,44.8699],[4.6528,44.8654],[4.6539,44.8642],[4.6560,44.8644],[4.6564,44.8629],[4.6533,44.8607],[4.6503,44.8557],[4.6518,44.8539],[4.6513,44.8521],[4.6541,44.8513],[4.6515,44.8493],[4.6488,44.8500],[4.6462,44.8480],[4.6440,44.8482],[4.6431,44.8466],[4.6403,44.8470],[4.6394,44.8423],[4.6425,44.8395]]}},{"type":"Feature","properties":{"name":"La Dunière"},"geometry":{"type":"LineString","coordinates":[[4.5763,44.9207],[4.5785,44.9192],[4.5811,44.9189],[4.5832,44.9170],[4.5866,44.9166],[4.5890,44.9146],[4.5936,44.9133],[4.5995,44.9083],[4.6019,44.9042],[4.5994,44.9012],[4.6007,44.8998],[4.6035,44.8990],[4.6015,44.8968],[4.6052,44.8977],[4.6089,44.8943],[4.6171,44.8941],[4.6172,44.8954],[4.6202,44.8948],[4.6206,44.8937],[4.6240,44.8938],[4.6246,44.8915],[4.6240,44.8889],[4.6281,44.8876],[4.6268,44.8857],[4.6286,44.8848],[4.6307,44.8859],[4.6318,44.8853],[4.6303,44.8810],[4.6310,44.8797],[4.6379,44.8821],[4.6396,44.8817],[4.6421,44.8802],[4.6404,44.8783],[4.6407,44.8774],[4.6451,44.8776],[4.6449,44.8752],[4.6465,44.8738],[4.6506,44.8729],[4.6492,44.8718],[4.6497,44.8700],[4.6490,44.8689],[4.6518,44.8696],[4.6533,44.8711],[4.6545,44.8699]]}},{"type":"Feature","properties":{"name":"La Dunière"},"geometry":{"type":"LineString","coordinates":[[4.4009,45.2321],[4.3994,45.2300],[4.4001,45.2261],[4.3973,45.2236],[4.3947,45.2180],[4.3917,45.2170],[4.3886,45.2174],[4.3881,45.2158],[4.3820,45.2161],[4.3821,45.2133],[4.3774,45.2113],[4.3758,45.2092],[4.3769,45.2083],[4.3763,45.2069],[4.3737,45.2076],[4.3693,45.2058],[4.3610,45.2106],[4.3560,45.2109],[4.3527,45.2139],[4.3498,45.2147],[4.3493,45.2160],[4.3506,45.2179],[4.3498,45.2193]]}},{"type":"Feature","properties":{"name":"La Dunière"},"geometry":{"type":"LineString","coordinates":[[4.6607,44.8212],[4.6607,44.8211]]}},{"type":"Feature","properties":{"name":"La Dunière"},"geometry":{"type":"LineString","coordinates":[[4.6448,44.8371],[4.6438,44.8372],[4.6435,44.8345],[4.6481,44.8339],[4.6492,44.8322],[4.6486,44.8300],[4.6507,44.8291]]}},{"type":"Feature","properties":{"name":"La Dunière"},"geometry":{"type":"LineString","coordinates":[[4.6456,44.8382],[4.6459,44.8373],[4.6448,44.8371]]}},{"type":"Feature","properties":{"name":"La Dunière"},"geometry":{"type":"LineString","coordinates":[[4.6281,44.8876],[4.6284,44.8867],[4.6273,44.8859],[4.6292,44.8849]]}},{"type":"Feature","properties":{"name":"La Dunière"},"geometry":{"type":"LineString","coordinates":[[4.6414,44.8791],[4.6410,44.8789]]}},{"type":"Feature","properties":{"name":"La Dunière"},"geometry":{"type":"LineString","coordinates":[[4.6415,44.8791],[4.6414,44.8791]]}},{"type":"Feature","properties":{"name":"La Dunière"},"geometry":{"type":"LineString","coordinates":[[4.6416,44.8806],[4.6420,44.8799]]}},{"type":"Feature","properties":{"name":"La Dunière"},"geometry":{"type":"LineString","coordinates":[[4.6566,44.8267],[4.6593,44.8258]]}},{"type":"Feature","properties":{"name":"La Dunière"},"geometry":{"type":"LineString","coordinates":[[4.6607,44.8211],[4.6608,44.8209]]}},{"type":"Feature","properties":{"name":"La Dunière"},"geometry":{"type":"LineString","coordinates":[[4.6425,44.8395],[4.6456,44.8382]]}},{"type":"Feature","properties":{"name":"La Dunière"},"geometry":{"type":"LineString","coordinates":[[4.6539,44.8642],[4.6553,44.8646]]}},{"type":"Feature","properties":{"name":"La Dunière"},"geometry":{"type":"LineString","coordinates":[[4.6507,44.8291],[4.6598,44.8257],[4.6607,44.8212]]}},{"type":"Feature","properties":{"name":"La Dunière"},"geometry":{"type":"LineString","coordinates":[[4.2443,45.2136],[4.2435,45.2145],[4.2442,45.2164],[4.2405,45.2165],[4.2381,45.2182]]}},{"type":"Feature","properties":{"name":"Rivière de Masméjean"},"geometry":{"type":"LineString","coordinates":[[4.0204,44.6395],[4.0193,44.6403],[4.0163,44.6395],[4.0114,44.6397],[4.0103,44.6405],[4.0032,44.6388],[4.0013,44.6394],[3.9989,44.6388],[3.9961,44.6402],[3.9835,44.6397],[3.9799,44.6408],[3.9736,44.6461],[3.9662,44.6471],[3.9641,44.6495],[3.9619,44.6505],[3.9558,44.6505],[3.9478,44.6487],[3.9453,44.6509],[3.9430,44.6503],[3.9402,44.6514],[3.9404,44.6524],[3.9391,44.6534],[3.9377,44.6528]]}},{"type":"Feature","properties":{"name":"Rivière de Masméjean"},"geometry":{"type":"LineString","coordinates":[[3.9377,44.6528],[3.9376,44.6527]]}},{"type":"Feature","properties":{"name":"Rivière de Masméjean"},"geometry":{"type":"LineString","coordinates":[[3.9376,44.6527],[3.9284,44.6490],[3.9254,44.6467],[3.9200,44.6473],[3.9135,44.6435],[3.9043,44.6459],[3.9016,44.6496],[3.8947,44.6501]]}},{"type":"Feature","properties":{"name":"Le Furon"},"geometry":{"type":"LineString","coordinates":[[4.6640,45.1319],[4.6692,45.1346],[4.6703,45.1372],[4.6720,45.1368],[4.6720,45.1389],[4.6738,45.1400]]}},{"type":"Feature","properties":{"name":"Le Furon"},"geometry":{"type":"LineString","coordinates":[[4.6774,45.1415],[4.6788,45.1437],[4.6849,45.1458],[4.6858,45.1498],[4.6901,45.1537]]}},{"type":"Feature","properties":{"name":"Le Furon"},"geometry":{"type":"LineString","coordinates":[[4.6741,45.1401],[4.6774,45.1415]]}},{"type":"Feature","properties":{"name":"Le Furon"},"geometry":{"type":"LineString","coordinates":[[4.6738,45.1400],[4.6741,45.1401]]}},{"type":"Feature","properties":{"name":"La Gazeille"},"geometry":{"type":"LineString","coordinates":[[4.0187,44.9307],[4.0165,44.9313],[4.0152,44.9305]]}},{"type":"Feature","properties":{"name":"La Gazeille"},"geometry":{"type":"LineString","coordinates":[[3.9275,44.9560],[3.9267,44.9570]]}},{"type":"Feature","properties":{"name":"La Gazeille"},"geometry":{"type":"LineString","coordinates":[[4.0152,44.9305],[4.0133,44.9308],[4.0080,44.9292],[4.0075,44.9287],[4.0094,44.9275],[4.0069,44.9266],[4.0039,44.9284],[4.0014,44.9283],[3.9998,44.9309],[3.9966,44.9301],[3.9864,44.9318],[3.9860,44.9350],[3.9807,44.9360],[3.9792,44.9372],[3.9777,44.9367],[3.9753,44.9375],[3.9729,44.9358],[3.9683,44.9369],[3.9666,44.9362],[3.9639,44.9373],[3.9615,44.9353],[3.9579,44.9354],[3.9563,44.9344],[3.9512,44.9367],[3.9482,44.9355],[3.9480,44.9382],[3.9460,44.9373],[3.9444,44.9378],[3.9452,44.9396],[3.9433,44.9404],[3.9420,44.9439],[3.9430,44.9448],[3.9424,44.9460],[3.9404,44.9476],[3.9373,44.9483],[3.9380,44.9519],[3.9332,44.9531],[3.9308,44.9549],[3.9276,44.9542],[3.9275,44.9560]]}},{"type":"Feature","properties":{"name":"La Gazeille"},"geometry":{"type":"LineString","coordinates":[[4.1128,44.9157],[4.1110,44.9182],[4.1078,44.9196],[4.1021,44.9247],[4.0838,44.9255],[4.0815,44.9271],[4.0791,44.9267],[4.0768,44.9274],[4.0735,44.9265],[4.0706,44.9275],[4.0632,44.9260],[4.0608,44.9238],[4.0553,44.9239],[4.0518,44.9252],[4.0457,44.9228],[4.0420,44.9249],[4.0389,44.9288],[4.0368,44.9299],[4.0235,44.9310],[4.0209,44.9298],[4.0187,44.9307]]}},{"type":"Feature","properties":{"name":"La Gazeille"},"geometry":{"type":"LineString","coordinates":[[4.0008,44.9299],[3.9982,44.9302]]}},{"type":"Feature","properties":{"name":"Le Tauron"},"geometry":{"type":"LineString","coordinates":[[4.1551,44.8173],[4.1549,44.8143],[4.1503,44.8104],[4.1516,44.8085],[4.1515,44.8058],[4.1499,44.8040],[4.1495,44.8015],[4.1469,44.8010],[4.1479,44.7982],[4.1445,44.7953],[4.1441,44.7918],[4.1416,44.7918],[4.1411,44.7904],[4.1387,44.7892],[4.1336,44.7891],[4.1326,44.7901],[4.1287,44.7905],[4.1275,44.7922],[4.1200,44.7936],[4.1165,44.7923],[4.1137,44.7942]]}},{"type":"Feature","properties":{"name":"Le Tauron"},"geometry":{"type":"LineString","coordinates":[[4.1137,44.7942],[4.1114,44.7936],[4.1057,44.7951],[4.0979,44.7996]]}},{"type":"Feature","properties":{"name":"Le Tauron"},"geometry":{"type":"LineString","coordinates":[[4.1703,44.8351],[4.1687,44.8336],[4.1701,44.8329],[4.1692,44.8315],[4.1641,44.8303],[4.1591,44.8273],[4.1594,44.8228],[4.1551,44.8173]]}},{"type":"Feature","properties":{"name":"L\u0027Allier"},"geometry":{"type":"LineString","coordinates":[[3.9050,44.5928],[3.9062,44.5958],[3.9035,44.5972],[3.9071,44.6025],[3.9059,44.6051],[3.9080,44.6064],[3.9079,44.6077]]}},{"type":"Feature","properties":{"name":"L\u0027Allier"},"geometry":{"type":"LineString","coordinates":[[3.8667,44.7284],[3.8663,44.7309],[3.8615,44.7311],[3.8559,44.7367],[3.8505,44.7376],[3.8414,44.7432],[3.8371,44.7441],[3.8352,44.7464],[3.8352,44.7482]]}},{"type":"Feature","properties":{"name":"L\u0027Allier"},"geometry":{"type":"LineString","coordinates":[[3.8694,44.6973],[3.8694,44.7006],[3.8671,44.7031],[3.8721,44.7059],[3.8722,44.7076],[3.8706,44.7089],[3.8673,44.7087],[3.8642,44.7106],[3.8611,44.7112],[3.8648,44.7177],[3.8612,44.7199],[3.8643,44.7233],[3.8667,44.7284]]}},{"type":"Feature","properties":{"name":"L\u0027Allier"},"geometry":{"type":"LineString","coordinates":[[3.9079,44.6077],[3.9069,44.6107],[3.9047,44.6127],[3.8987,44.6134],[3.8958,44.6124],[3.8936,44.6136],[3.8941,44.6155],[3.8923,44.6229],[3.8925,44.6270],[3.8947,44.6311],[3.8938,44.6334],[3.8957,44.6373],[3.8935,44.6410],[3.8955,44.6425]]}},{"type":"Feature","properties":{"name":"L\u0027Allier"},"geometry":{"type":"LineString","coordinates":[[3.8955,44.6425],[3.8979,44.6442],[3.8947,44.6473],[3.8947,44.6501]]}},{"type":"Feature","properties":{"name":"L\u0027Allier"},"geometry":{"type":"LineString","coordinates":[[3.8947,44.6501],[3.8901,44.6570],[3.8880,44.6572],[3.8852,44.6560],[3.8832,44.6573],[3.8824,44.6588],[3.8837,44.6652],[3.8782,44.6677],[3.8777,44.6694],[3.8791,44.6724],[3.8787,44.6737],[3.8714,44.6754],[3.8694,44.6783],[3.8766,44.6853],[3.8768,44.6892],[3.8825,44.6910],[3.8845,44.6938]]}},{"type":"Feature","properties":{"name":"L\u0027Allier"},"geometry":{"type":"LineString","coordinates":[[3.8845,44.6938],[3.8840,44.6977],[3.8813,44.6979],[3.8759,44.6961],[3.8694,44.6973]]}},{"type":"Feature","properties":{"name":"L\u0027Allier"},"geometry":{"type":"LineString","coordinates":[[3.8352,44.7482],[3.8363,44.7510],[3.8298,44.7552],[3.8374,44.7603],[3.8427,44.7675],[3.8425,44.7716],[3.8349,44.7736],[3.8333,44.7767],[3.8312,44.7767],[3.8289,44.7748],[3.8239,44.7741]]}},{"type":"Feature","properties":{"name":"L\u0027Allier"},"geometry":{"type":"LineString","coordinates":[[3.8574,44.7353],[3.8567,44.7361]]}},{"type":"Feature","properties":{"name":"La Deûme"},"geometry":{"type":"LineString","coordinates":[[4.6731,45.2388],[4.6775,45.2368],[4.6785,45.2352],[4.6763,45.2346],[4.6748,45.2355],[4.6740,45.2345]]}},{"type":"Feature","properties":{"name":"La Deûme"},"geometry":{"type":"LineString","coordinates":[[4.6725,45.2398],[4.6731,45.2388]]}},{"type":"Feature","properties":{"name":"La Deûme"},"geometry":{"type":"LineString","coordinates":[[4.6722,45.2400],[4.6725,45.2398]]}},{"type":"Feature","properties":{"name":"La Deûme"},"geometry":{"type":"LineString","coordinates":[[4.6691,45.2449],[4.6686,45.2436],[4.6710,45.2424],[4.6722,45.2400]]}},{"type":"Feature","properties":{"name":"La Deûme"},"geometry":{"type":"LineString","coordinates":[[4.6282,45.2906],[4.6296,45.2890],[4.6288,45.2877],[4.6304,45.2867],[4.6329,45.2814],[4.6349,45.2812],[4.6422,45.2774],[4.6449,45.2771],[4.6485,45.2738],[4.6473,45.2704],[4.6488,45.2685],[4.6545,45.2688],[4.6566,45.2670],[4.6587,45.2692],[4.6618,45.2675]]}},{"type":"Feature","properties":{"name":"La Deûme"},"geometry":{"type":"LineString","coordinates":[[4.5979,45.2895],[4.6115,45.2922],[4.6238,45.2910],[4.6253,45.2916],[4.6282,45.2906]]}},{"type":"Feature","properties":{"name":"La Deûme"},"geometry":{"type":"LineString","coordinates":[[4.5692,45.2956],[4.5696,45.2968],[4.5767,45.2986],[4.5851,45.2992],[4.5872,45.2984]]}},{"type":"Feature","properties":{"name":"La Deûme"},"geometry":{"type":"LineString","coordinates":[[4.5872,45.2984],[4.5888,45.2990],[4.5908,45.2978],[4.5918,45.2954],[4.5910,45.2938],[4.5914,45.2903],[4.5979,45.2895]]}},{"type":"Feature","properties":{"name":"La Deûme"},"geometry":{"type":"LineString","coordinates":[[4.6822,45.2579],[4.6831,45.2571]]}},{"type":"Feature","properties":{"name":"La Deûme"},"geometry":{"type":"LineString","coordinates":[[4.6831,45.2571],[4.6830,45.2569]]}},{"type":"Feature","properties":{"name":"La Deûme"},"geometry":{"type":"LineString","coordinates":[[4.6768,45.2484],[4.6691,45.2449]]}},{"type":"Feature","properties":{"name":"La Deûme"},"geometry":{"type":"LineString","coordinates":[[4.6830,45.2569],[4.6773,45.2536],[4.6810,45.2520],[4.6783,45.2500],[4.6784,45.2485],[4.6768,45.2484]]}},{"type":"Feature","properties":{"name":"La Deûme"},"geometry":{"type":"LineString","coordinates":[[4.6618,45.2675],[4.6644,45.2659],[4.6661,45.2671],[4.6717,45.2649],[4.6724,45.2608],[4.6739,45.2592],[4.6761,45.2593],[4.6779,45.2575],[4.6822,45.2579]]}},{"type":"Feature","properties":{"name":"La Deûme"},"geometry":{"type":"LineString","coordinates":[[4.5552,45.2921],[4.5610,45.2949],[4.5633,45.2943],[4.5662,45.2957],[4.5692,45.2956]]}},{"type":"Feature","properties":{"name":"La Véore"},"geometry":{"type":"LineString","coordinates":[[4.9173,44.8635],[4.9065,44.8610],[4.9028,44.8617],[4.8954,44.8574],[4.8915,44.8540],[4.8884,44.8531],[4.8863,44.8508],[4.8837,44.8418],[4.8820,44.8408],[4.8786,44.8410],[4.8715,44.8400],[4.8682,44.8386],[4.8608,44.8382],[4.8410,44.8427]]}},{"type":"Feature","properties":{"name":"La Véore"},"geometry":{"type":"LineString","coordinates":[[4.8539,44.8313],[4.8489,44.8205],[4.8398,44.8178],[4.8377,44.8162],[4.8329,44.8157],[4.8324,44.8132],[4.8282,44.8105],[4.8215,44.8101],[4.8193,44.8116]]}},{"type":"Feature","properties":{"name":"La Véore"},"geometry":{"type":"LineString","coordinates":[[4.8622,44.8378],[4.8574,44.8353],[4.8539,44.8315]]}},{"type":"Feature","properties":{"name":"La Véore"},"geometry":{"type":"LineString","coordinates":[[4.8539,44.8315],[4.8539,44.8313]]}},{"type":"Feature","properties":{"name":"La Véore"},"geometry":{"type":"LineString","coordinates":[[4.8627,44.8382],[4.8623,44.8379]]}},{"type":"Feature","properties":{"name":"La Véore"},"geometry":{"type":"LineString","coordinates":[[4.8623,44.8379],[4.8622,44.8378]]}},{"type":"Feature","properties":{"name":"Le Rhône"},"geometry":{"type":"LineString","coordinates":[[4.8191,44.8115],[4.8009,44.8063]]}},{"type":"Feature","properties":{"name":"Le Rhône"},"geometry":{"type":"LineString","coordinates":[[4.7523,44.6190],[4.7480,44.6141],[4.7404,44.6023]]}},{"type":"Feature","properties":{"name":"Le Rhône"},"geometry":{"type":"LineString","coordinates":[[4.7640,44.7319],[4.7642,44.7290]]}},{"type":"Feature","properties":{"name":"Le Rhône"},"geometry":{"type":"LineString","coordinates":[[4.7580,44.6269],[4.7523,44.6190]]}},{"type":"Feature","properties":{"name":"Le Rhône"},"geometry":{"type":"LineString","coordinates":[[4.8009,44.8063],[4.7969,44.8049]]}},{"type":"Feature","properties":{"name":"Le Rhône"},"geometry":{"type":"LineString","coordinates":[[4.8377,44.8417],[4.8247,44.8402],[4.8218,44.8391],[4.8203,44.8353],[4.8208,44.8300]]}},{"type":"Feature","properties":{"name":"Le Rhône"},"geometry":{"type":"LineString","coordinates":[[4.8485,44.8637],[4.8456,44.8594]]}},{"type":"Feature","properties":{"name":"Le Rhône"},"geometry":{"type":"LineString","coordinates":[[4.8555,44.8703],[4.8485,44.8637]]}},{"type":"Feature","properties":{"name":"Le Rhône"},"geometry":{"type":"LineString","coordinates":[[4.8534,44.8965],[4.8538,44.8908],[4.8592,44.8841],[4.8607,44.8814],[4.8611,44.8778],[4.8610,44.8765],[4.8555,44.8703]]}},{"type":"Feature","properties":{"name":"Le Rhône"},"geometry":{"type":"LineString","coordinates":[[4.8708,44.9155],[4.8695,44.9105],[4.8680,44.9089],[4.8627,44.9054],[4.8550,44.9021],[4.8537,44.9000],[4.8534,44.8965]]}},{"type":"Feature","properties":{"name":"Le Rhône"},"geometry":{"type":"LineString","coordinates":[[4.8862,44.9367],[4.8831,44.9320]]}},{"type":"Feature","properties":{"name":"Le Rhône"},"geometry":{"type":"LineString","coordinates":[[4.8416,45.0381],[4.8384,45.0338],[4.8380,45.0303],[4.8398,45.0268],[4.8439,45.0234]]}},{"type":"Feature","properties":{"name":"Le Rhône"},"geometry":{"type":"LineString","coordinates":[[4.8541,45.0462],[4.8416,45.0381]]}},{"type":"Feature","properties":{"name":"Le Rhône"},"geometry":{"type":"LineString","coordinates":[[4.8608,45.0553],[4.8592,45.0510],[4.8541,45.0462]]}},{"type":"Feature","properties":{"name":"Le Rhône"},"geometry":{"type":"LineString","coordinates":[[4.8291,45.0730],[4.8350,45.0687]]}},{"type":"Feature","properties":{"name":"Le Rhône"},"geometry":{"type":"LineString","coordinates":[[4.8305,45.0842],[4.8275,45.0787]]}},{"type":"Feature","properties":{"name":"Le Rhône"},"geometry":{"type":"LineString","coordinates":[[4.8275,45.0787],[4.8291,45.0730]]}},{"type":"Feature","properties":{"name":"Le Rhône"},"geometry":{"type":"LineString","coordinates":[[4.8296,45.0979],[4.8317,45.0880],[4.8305,45.0842]]}},{"type":"Feature","properties":{"name":"Le Rhône"},"geometry":{"type":"LineString","coordinates":[[4.8272,45.1018],[4.8296,45.0979]]}},{"type":"Feature","properties":{"name":"Le Rhône"},"geometry":{"type":"LineString","coordinates":[[4.8150,45.1116],[4.8188,45.1077],[4.8249,45.1037]]}},{"type":"Feature","properties":{"name":"Le Rhône"},"geometry":{"type":"LineString","coordinates":[[4.8039,45.1290],[4.8031,45.1255],[4.8039,45.1226],[4.8150,45.1116]]}},{"type":"Feature","properties":{"name":"Le Rhône"},"geometry":{"type":"LineString","coordinates":[[4.7629,45.3445],[4.7617,45.3424],[4.7613,45.3388]]}},{"type":"Feature","properties":{"name":"Le Rhône"},"geometry":{"type":"LineString","coordinates":[[4.7613,45.3388],[4.7610,45.3357]]}},{"type":"Feature","properties":{"name":"Le Rhône"},"geometry":{"type":"LineString","coordinates":[[4.7547,45.3979],[4.7585,45.3906],[4.7587,45.3860]]}},{"type":"Feature","properties":{"name":"Le Rhône"},"geometry":{"type":"LineString","coordinates":[[4.7587,45.3860],[4.7539,45.3683],[4.7588,45.3631],[4.7677,45.3581],[4.7695,45.3539],[4.7673,45.3484],[4.7629,45.3445]]}},{"type":"Feature","properties":{"name":"Le Rhône"},"geometry":{"type":"LineString","coordinates":[[4.8123,45.1374],[4.8045,45.1341],[4.8039,45.1290]]}},{"type":"Feature","properties":{"name":"Le Rhône"},"geometry":{"type":"LineString","coordinates":[[4.8208,44.8300],[4.8226,44.8170]]}},{"type":"Feature","properties":{"name":"Le Rhône"},"geometry":{"type":"LineString","coordinates":[[4.8438,44.8547],[4.8426,44.8529],[4.8443,44.8462]]}},{"type":"Feature","properties":{"name":"Le Rhône"},"geometry":{"type":"LineString","coordinates":[[4.8226,44.8170],[4.8214,44.8136],[4.8191,44.8115]]}},{"type":"Feature","properties":{"name":"Le Rhône"},"geometry":{"type":"LineString","coordinates":[[4.7642,44.7290],[4.7630,44.7180],[4.7642,44.7146],[4.7720,44.7058],[4.7734,44.7018],[4.7739,44.6952],[4.7794,44.6865],[4.7816,44.6789]]}},{"type":"Feature","properties":{"name":"Le Rhône"},"geometry":{"type":"LineString","coordinates":[[4.7590,44.7477],[4.7617,44.7428],[4.7636,44.7360]]}},{"type":"Feature","properties":{"name":"Le Rhône"},"geometry":{"type":"LineString","coordinates":[[4.8443,44.8462],[4.8416,44.8430],[4.8377,44.8417]]}},{"type":"Feature","properties":{"name":"Le Rhône"},"geometry":{"type":"LineString","coordinates":[[4.7404,44.6023],[4.7331,44.5962]]}},{"type":"Feature","properties":{"name":"Le Rhône"},"geometry":{"type":"LineString","coordinates":[[4.8097,45.2898],[4.8102,45.2697],[4.8112,45.2655],[4.8098,45.2599],[4.8026,45.2489],[4.8016,45.2423],[4.8027,45.2284],[4.8108,45.2046],[4.8107,45.2030],[4.8065,45.1984],[4.8055,45.1960],[4.8066,45.1910],[4.8127,45.1828],[4.8086,45.1700],[4.8127,45.1636],[4.8148,45.1624],[4.8258,45.1605],[4.8288,45.1586],[4.8293,45.1556],[4.8276,45.1515],[4.8123,45.1374]]}},{"type":"Feature","properties":{"name":"Le Rhône"},"geometry":{"type":"LineString","coordinates":[[4.8385,45.0048],[4.8516,44.9948],[4.8526,44.9913],[4.8529,44.9818]]}},{"type":"Feature","properties":{"name":"Le Rhône"},"geometry":{"type":"LineString","coordinates":[[4.8439,45.0234],[4.8451,45.0190],[4.8433,45.0158],[4.8400,45.0130],[4.8377,45.0061],[4.8385,45.0048]]}},{"type":"Feature","properties":{"name":"Le Rhône"},"geometry":{"type":"LineString","coordinates":[[4.7816,44.6789],[4.7831,44.6648],[4.7826,44.6607]]}},{"type":"Feature","properties":{"name":"Le Rhône"},"geometry":{"type":"LineString","coordinates":[[4.7815,44.7971],[4.7677,44.7803],[4.7556,44.7680],[4.7526,44.7567],[4.7546,44.7528],[4.7590,44.7477]]}},{"type":"Feature","properties":{"name":"Le Rhône"},"geometry":{"type":"LineString","coordinates":[[4.8352,45.0686],[4.8513,45.0654],[4.8559,45.0636],[4.8587,45.0613],[4.8608,45.0553]]}},{"type":"Feature","properties":{"name":"Le Rhône"},"geometry":{"type":"LineString","coordinates":[[4.8350,45.0687],[4.8352,45.0686]]}},{"type":"Feature","properties":{"name":"Le Rhône"},"geometry":{"type":"LineString","coordinates":[[4.8529,44.9818],[4.8552,44.9737],[4.8618,44.9639],[4.8750,44.9564],[4.8787,44.9481],[4.8810,44.9447],[4.8842,44.9431]]}},{"type":"Feature","properties":{"name":"Le Rhône"},"geometry":{"type":"LineString","coordinates":[[4.7590,44.7477],[4.7689,44.7364],[4.7697,44.7217],[4.7754,44.7155],[4.7793,44.7076]]}},{"type":"Feature","properties":{"name":"Le Rhône"},"geometry":{"type":"LineString","coordinates":[[4.7866,44.6761],[4.7879,44.6700]]}},{"type":"Feature","properties":{"name":"Le Rhône"},"geometry":{"type":"LineString","coordinates":[[4.7826,44.6607],[4.7738,44.6460],[4.7580,44.6269]]}},{"type":"Feature","properties":{"name":"Le Rhône"},"geometry":{"type":"LineString","coordinates":[[4.8842,44.9431],[4.8862,44.9367]]}},{"type":"Feature","properties":{"name":"Le Rhône"},"geometry":{"type":"LineString","coordinates":[[4.8123,45.1374],[4.8082,45.1286],[4.8081,45.1248],[4.8101,45.1207],[4.8134,45.1174]]}},{"type":"Feature","properties":{"name":"Le Rhône"},"geometry":{"type":"LineString","coordinates":[[4.8196,45.1108],[4.8212,45.1092]]}},{"type":"Feature","properties":{"name":"Le Rhône"},"geometry":{"type":"LineString","coordinates":[[4.8212,45.1092],[4.8272,45.1018]]}},{"type":"Feature","properties":{"name":"Le Rhône"},"geometry":{"type":"LineString","coordinates":[[4.8831,44.9320],[4.8734,44.9217],[4.8715,44.9188],[4.8708,44.9155]]}},{"type":"Feature","properties":{"name":"Le Rhône"},"geometry":{"type":"LineString","coordinates":[[4.7866,44.6870],[4.7865,44.6779]]}},{"type":"Feature","properties":{"name":"Le Rhône"},"geometry":{"type":"LineString","coordinates":[[4.7882,44.6749],[4.7879,44.6700]]}},{"type":"Feature","properties":{"name":"Le Rhône"},"geometry":{"type":"LineString","coordinates":[[4.7610,45.3357],[4.7609,45.3265],[4.7632,45.3217],[4.7696,45.3163],[4.7784,45.3115],[4.7853,45.3088],[4.7941,45.3034],[4.8097,45.2898]]}},{"type":"Feature","properties":{"name":"Le Rhône"},"geometry":{"type":"LineString","coordinates":[[4.7793,44.7076],[4.7866,44.6870]]}},{"type":"Feature","properties":{"name":"Le Rhône"},"geometry":{"type":"LineString","coordinates":[[4.8456,44.8594],[4.8438,44.8547]]}},{"type":"Feature","properties":{"name":"Le Rhône"},"geometry":{"type":"LineString","coordinates":[[4.8249,45.1037],[4.8272,45.1018]]}},{"type":"Feature","properties":{"name":"Le Rhône"},"geometry":{"type":"LineString","coordinates":[[4.7879,44.6700],[4.7863,44.6651],[4.7826,44.6607]]}},{"type":"Feature","properties":{"name":"Le Rhône"},"geometry":{"type":"LineString","coordinates":[[4.7866,44.6870],[4.7881,44.6773]]}},{"type":"Feature","properties":{"name":"Le Rhône"},"geometry":{"type":"LineString","coordinates":[[4.7636,44.7360],[4.7640,44.7319]]}},{"type":"Feature","properties":{"name":"Le Rhône"},"geometry":{"type":"LineString","coordinates":[[4.8438,44.8547],[4.8446,44.8536]]}},{"type":"Feature","properties":{"name":"Le Rhône"},"geometry":{"type":"LineString","coordinates":[[4.8438,44.8547],[4.8442,44.8536]]}},{"type":"Feature","properties":{"name":"Le Rhône"},"geometry":{"type":"LineString","coordinates":[[4.8438,44.8547],[4.8438,44.8529]]}},{"type":"Feature","properties":{"name":"Le Rhône"},"geometry":{"type":"LineString","coordinates":[[4.8438,44.8547],[4.8434,44.8536]]}},{"type":"Feature","properties":{"name":"Le Rhône"},"geometry":{"type":"LineString","coordinates":[[4.8438,44.8547],[4.8429,44.8536]]}},{"type":"Feature","properties":{"name":"Le Rhône"},"geometry":{"type":"LineString","coordinates":[[4.8443,44.8525],[4.8450,44.8518]]}},{"type":"Feature","properties":{"name":"Le Rhône"},"geometry":{"type":"LineString","coordinates":[[4.8434,44.8524],[4.8431,44.8517]]}},{"type":"Feature","properties":{"name":"Le Rhône"},"geometry":{"type":"LineString","coordinates":[[4.8442,44.8536],[4.8443,44.8525]]}},{"type":"Feature","properties":{"name":"Le Rhône"},"geometry":{"type":"LineString","coordinates":[[4.8438,44.8529],[4.8443,44.8525]]}},{"type":"Feature","properties":{"name":"Le Rhône"},"geometry":{"type":"LineString","coordinates":[[4.8438,44.8529],[4.8434,44.8524]]}},{"type":"Feature","properties":{"name":"Le Rhône"},"geometry":{"type":"LineString","coordinates":[[4.8434,44.8536],[4.8434,44.8524]]}},{"type":"Feature","properties":{"name":"Le Rhône"},"geometry":{"type":"LineString","coordinates":[[4.8429,44.8536],[4.8431,44.8517]]}},{"type":"Feature","properties":{"name":"Le Rhône"},"geometry":{"type":"LineString","coordinates":[[4.8446,44.8536],[4.8459,44.8504],[4.8443,44.8462]]}},{"type":"Feature","properties":{"name":"Le Rhône"},"geometry":{"type":"LineString","coordinates":[[4.7969,44.8049],[4.7880,44.8020],[4.7815,44.7971]]}},{"type":"Feature","properties":{"name":"Le Rhône"},"geometry":{"type":"LineString","coordinates":[[4.8134,45.1174],[4.8196,45.1108]]}},{"type":"Feature","properties":{"name":"La Loire"},"geometry":{"type":"LineString","coordinates":[[4.2266,45.3900],[4.2268,45.3918],[4.2202,45.3994],[4.2200,45.4007],[4.2209,45.4012]]}},{"type":"Feature","properties":{"name":"La Loire"},"geometry":{"type":"LineString","coordinates":[[3.9194,45.1787],[3.9198,45.1823],[3.9141,45.1836],[3.9127,45.1849],[3.9175,45.1867],[3.9209,45.1840],[3.9228,45.1854],[3.9235,45.1895],[3.9214,45.1919],[3.9150,45.1935],[3.9142,45.1946],[3.9150,45.1955],[3.9197,45.1970],[3.9256,45.1961],[3.9267,45.1970],[3.9263,45.1992],[3.9293,45.2019],[3.9402,45.2036],[3.9430,45.2050],[3.9632,45.2044]]}},{"type":"Feature","properties":{"name":"La Loire"},"geometry":{"type":"LineString","coordinates":[[3.9789,45.2021],[3.9874,45.2022],[3.9886,45.2038]]}},{"type":"Feature","properties":{"name":"La Loire"},"geometry":{"type":"LineString","coordinates":[[3.9632,45.2044],[3.9660,45.2022],[3.9625,45.2013],[3.9629,45.1989],[3.9659,45.1979],[3.9697,45.1984]]}},{"type":"Feature","properties":{"name":"La Loire"},"geometry":{"type":"LineString","coordinates":[[3.9697,45.1984],[3.9749,45.2014],[3.9789,45.2021]]}},{"type":"Feature","properties":{"name":"La Loire"},"geometry":{"type":"LineString","coordinates":[[4.0288,44.8348],[4.0271,44.8359],[4.0291,44.8373],[4.0286,44.8389],[4.0245,44.8418],[4.0235,44.8445],[4.0203,44.8458]]}},{"type":"Feature","properties":{"name":"La Loire"},"geometry":{"type":"LineString","coordinates":[[4.0409,44.8247],[4.0407,44.8260],[4.0376,44.8275],[4.0320,44.8333],[4.0288,44.8348]]}},{"type":"Feature","properties":{"name":"La Loire"},"geometry":{"type":"LineString","coordinates":[[4.0203,44.8458],[4.0140,44.8465],[4.0133,44.8483],[4.0107,44.8492],[4.0071,44.8473],[4.0057,44.8490],[4.0030,44.8494],[3.9923,44.8460],[3.9920,44.8487],[3.9877,44.8500],[3.9837,44.8543],[3.9838,44.8561],[3.9780,44.8551],[3.9743,44.8588],[3.9657,44.8582],[3.9619,44.8590]]}},{"type":"Feature","properties":{"name":"La Loire"},"geometry":{"type":"LineString","coordinates":[[4.1821,44.7904],[4.1854,44.7893],[4.1838,44.7863],[4.1858,44.7841],[4.1854,44.7826],[4.1782,44.7800],[4.1757,44.7803],[4.1752,44.7755],[4.1730,44.7754],[4.1730,44.7722],[4.1627,44.7671],[4.1614,44.7628],[4.1572,44.7614],[4.1566,44.7659],[4.1530,44.7684],[4.1548,44.7708],[4.1512,44.7706],[4.1499,44.7719],[4.1470,44.7688],[4.1437,44.7697],[4.1415,44.7688],[4.1413,44.7700],[4.1323,44.7729],[4.1327,44.7748],[4.1344,44.7753],[4.1344,44.7772],[4.1320,44.7774],[4.1285,44.7804],[4.1231,44.7803],[4.1207,44.7817],[4.1168,44.7787],[4.1146,44.7798],[4.1051,44.7805],[4.0982,44.7792],[4.0967,44.7804],[4.0968,44.7832],[4.0902,44.7833],[4.0891,44.7858],[4.0897,44.7884],[4.0875,44.7903],[4.0896,44.7910],[4.0910,44.7929],[4.0909,44.7950],[4.0874,44.7942],[4.0858,44.7948],[4.0853,44.7954],[4.0863,44.7977],[4.0834,44.7977],[4.0811,44.8013],[4.0789,44.8024],[4.0749,44.8019],[4.0712,44.7989],[4.0689,44.8013],[4.0693,44.8050],[4.0604,44.8039],[4.0562,44.8076],[4.0557,44.8120],[4.0496,44.8191],[4.0444,44.8203],[4.0424,44.8199],[4.0398,44.8212],[4.0395,44.8224],[4.0409,44.8247]]}},{"type":"Feature","properties":{"name":"La Loire"},"geometry":{"type":"LineString","coordinates":[[4.1953,44.8196],[4.1967,44.8154],[4.1936,44.8107],[4.1916,44.8096],[4.1874,44.8034],[4.1842,44.8044],[4.1827,44.8034],[4.1845,44.7941],[4.1821,44.7904]]}},{"type":"Feature","properties":{"name":"La Loire"},"geometry":{"type":"LineString","coordinates":[[3.9188,44.8878],[3.9199,44.8891],[3.9225,44.8893],[3.9227,44.8907],[3.9162,44.8967],[3.9174,44.8995],[3.9165,44.9011],[3.9133,44.9009],[3.9112,44.9020],[3.9108,44.9034],[3.9112,44.9041],[3.9187,44.9034],[3.9214,44.9051],[3.9221,44.9092],[3.9186,44.9115],[3.9188,44.9129],[3.9203,44.9142],[3.9194,44.9155],[3.9158,44.9166],[3.9173,44.9194],[3.9146,44.9212],[3.9103,44.9220],[3.9071,44.9197],[3.9047,44.9209],[3.9068,44.9244],[3.9032,44.9282],[3.9087,44.9339],[3.9064,44.9362],[3.9023,44.9351],[3.9010,44.9360],[3.9047,44.9398],[3.9074,44.9391],[3.9100,44.9396],[3.9119,44.9428],[3.9146,44.9436],[3.9169,44.9423],[3.9171,44.9400],[3.9217,44.9397],[3.9217,44.9416],[3.9182,44.9466],[3.9187,44.9513],[3.9216,44.9540],[3.9198,44.9559],[3.9254,44.9562],[3.9271,44.9578],[3.9209,44.9637],[3.9214,44.9678],[3.9199,44.9686],[3.9157,44.9685],[3.9091,44.9769],[3.9074,44.9766],[3.9083,44.9732],[3.9043,44.9716],[3.9003,44.9726],[3.8928,44.9779],[3.8935,44.9817],[3.8909,44.9869],[3.8908,44.9958],[3.8875,45.0011],[3.8884,45.0027],[3.8905,45.0038],[3.8956,45.0025],[3.8970,44.9998],[3.8958,44.9965],[3.8999,44.9946],[3.9048,44.9951],[3.9061,44.9967],[3.9171,44.9980],[3.9222,44.9997],[3.9260,45.0022],[3.9274,45.0062],[3.9254,45.0094],[3.9349,45.0136],[3.9316,45.0186],[3.9307,45.0218],[3.9317,45.0231],[3.9366,45.0253],[3.9366,45.0292],[3.9343,45.0310],[3.9376,45.0355],[3.9353,45.0392],[3.9292,45.0410],[3.9285,45.0427],[3.9295,45.0449]]}},{"type":"Feature","properties":{"name":"La Loire"},"geometry":{"type":"LineString","coordinates":[[3.9196,45.1761],[3.9194,45.1787]]}},{"type":"Feature","properties":{"name":"La Loire"},"geometry":{"type":"LineString","coordinates":[[3.9295,45.0449],[3.9283,45.0468],[3.9156,45.0539],[3.9136,45.0599],[3.9106,45.0624],[3.9116,45.0649],[3.9104,45.0668],[3.9011,45.0683],[3.8983,45.0707],[3.8976,45.0724],[3.8985,45.0737],[3.9116,45.0770],[3.9108,45.0804],[3.9138,45.0828],[3.9085,45.0835],[3.9074,45.0855],[3.9112,45.0885],[3.9119,45.0913],[3.9089,45.0933],[3.9026,45.0925],[3.8996,45.0934],[3.8965,45.0994],[3.8980,45.1013],[3.8986,45.1053],[3.8976,45.1064],[3.8933,45.1073],[3.8912,45.1061],[3.8900,45.1071],[3.8914,45.1100],[3.8939,45.1118],[3.8972,45.1115],[3.8994,45.1131],[3.8992,45.1155],[3.8972,45.1173],[3.8955,45.1175],[3.8915,45.1160],[3.8908,45.1177],[3.8926,45.1203],[3.8997,45.1194],[3.9098,45.1196],[3.9185,45.1223],[3.9230,45.1331],[3.9234,45.1385],[3.9288,45.1413],[3.9299,45.1431],[3.9297,45.1456],[3.9245,45.1518],[3.9256,45.1595],[3.9345,45.1646],[3.9340,45.1684]]}},{"type":"Feature","properties":{"name":"La Loire"},"geometry":{"type":"LineString","coordinates":[[4.1445,45.2586],[4.1391,45.2627],[4.1392,45.2657],[4.1341,45.2659],[4.1354,45.2680],[4.1357,45.2710],[4.1329,45.2759],[4.1340,45.2780],[4.1377,45.2768],[4.1416,45.2808],[4.1453,45.2814],[4.1462,45.2833],[4.1455,45.2861],[4.1399,45.2876],[4.1383,45.2855],[4.1341,45.2847],[4.1287,45.2888],[4.1188,45.2917],[4.1179,45.2968],[4.1187,45.2975],[4.1184,45.3064]]}},{"type":"Feature","properties":{"name":"La Loire"},"geometry":{"type":"LineString","coordinates":[[3.9886,45.2038],[3.9893,45.2061],[3.9956,45.2105],[4.0013,45.2099],[4.0119,45.2053],[4.0143,45.2061],[4.0162,45.2093],[4.0180,45.2100],[4.0190,45.2094],[4.0183,45.2048],[4.0243,45.2020],[4.0383,45.1994],[4.0436,45.1994],[4.0466,45.2029],[4.0417,45.2129],[4.0422,45.2147],[4.0443,45.2162],[4.0509,45.2164],[4.0580,45.2135],[4.0614,45.2135],[4.0631,45.2159],[4.0601,45.2199],[4.0603,45.2225],[4.0649,45.2265],[4.0671,45.2269],[4.0698,45.2239],[4.0701,45.2221],[4.0745,45.2206],[4.0861,45.2324],[4.1004,45.2364],[4.1029,45.2398],[4.1029,45.2437],[4.1045,45.2449],[4.1118,45.2439],[4.1145,45.2445],[4.1174,45.2470],[4.1278,45.2469],[4.1313,45.2497],[4.1320,45.2530],[4.1311,45.2548],[4.1320,45.2561],[4.1423,45.2565],[4.1445,45.2586]]}},{"type":"Feature","properties":{"name":"La Loire"},"geometry":{"type":"LineString","coordinates":[[4.1184,45.3064],[4.1224,45.3108],[4.1309,45.3091],[4.1349,45.3131],[4.1451,45.3130],[4.1519,45.3155],[4.1580,45.3226],[4.1576,45.3258],[4.1533,45.3304],[4.1552,45.3343],[4.1802,45.3318],[4.1811,45.3336],[4.1855,45.3359],[4.1887,45.3390],[4.1906,45.3421],[4.1911,45.3459],[4.1963,45.3496],[4.1912,45.3515],[4.1966,45.3556],[4.1970,45.3737],[4.2042,45.3777],[4.2167,45.3797],[4.2192,45.3811],[4.2194,45.3858],[4.2207,45.3881],[4.2266,45.3900]]}},{"type":"Feature","properties":{"name":"La Loire"},"geometry":{"type":"LineString","coordinates":[[4.1542,45.3294],[4.1545,45.3305]]}},{"type":"Feature","properties":{"name":"La Loire"},"geometry":{"type":"LineString","coordinates":[[4.1545,45.3288],[4.1537,45.3319]]}},{"type":"Feature","properties":{"name":"La Loire"},"geometry":{"type":"LineString","coordinates":[[3.8938,44.9956],[3.8939,44.9957]]}},{"type":"Feature","properties":{"name":"La Loire"},"geometry":{"type":"LineString","coordinates":[[3.9340,45.1684],[3.9305,45.1701],[3.9231,45.1712],[3.9194,45.1764],[3.9194,45.1787]]}},{"type":"Feature","properties":{"name":"La Loire"},"geometry":{"type":"LineString","coordinates":[[3.9227,45.1366],[3.9231,45.1378]]}},{"type":"Feature","properties":{"name":"La Loire"},"geometry":{"type":"LineString","coordinates":[[3.9619,44.8590],[3.9591,44.8602],[3.9580,44.8631],[3.9510,44.8647],[3.9490,44.8647],[3.9459,44.8630],[3.9419,44.8645],[3.9391,44.8643],[3.9350,44.8617],[3.9296,44.8648],[3.9244,44.8651],[3.9256,44.8676],[3.9246,44.8687],[3.9191,44.8677],[3.9187,44.8688],[3.9229,44.8720],[3.9198,44.8742],[3.9174,44.8788],[3.9162,44.8842],[3.9188,44.8878]]}},{"type":"Feature","properties":{"name":"La Loire"},"geometry":{"type":"LineString","coordinates":[[4.1974,44.8304],[4.1944,44.8277],[4.1956,44.8257],[4.1944,44.8234],[4.1953,44.8196]]}},{"type":"Feature","properties":{"name":"La Galaure"},"geometry":{"type":"LineString","coordinates":[[4.8277,45.1742],[4.8256,45.1745],[4.8230,45.1734],[4.8221,45.1768],[4.8212,45.1773],[4.8154,45.1780],[4.8108,45.1765]]}},{"type":"Feature","properties":{"name":"La Galaure"},"geometry":{"type":"LineString","coordinates":[[5.2114,45.2624],[5.2097,45.2626],[5.2047,45.2596],[5.1980,45.2596],[5.1920,45.2574],[5.1900,45.2588],[5.1863,45.2586],[5.1825,45.2551],[5.1735,45.2550],[5.1712,45.2568],[5.1674,45.2569],[5.1624,45.2546],[5.1580,45.2559],[5.1558,45.2547],[5.1544,45.2551],[5.1527,45.2569],[5.1503,45.2571],[5.1497,45.2588],[5.1433,45.2592],[5.1419,45.2604],[5.1363,45.2582],[5.1304,45.2580],[5.1276,45.2593],[5.1257,45.2590],[5.1255,45.2600],[5.1232,45.2590],[5.1227,45.2602],[5.1238,45.2614],[5.1206,45.2627],[5.1177,45.2623],[5.1164,45.2633],[5.1149,45.2622],[5.1125,45.2635],[5.1105,45.2623],[5.1067,45.2631],[5.1052,45.2625],[5.1029,45.2642],[5.0981,45.2626],[5.0961,45.2632],[5.0946,45.2616],[5.0926,45.2612],[5.0907,45.2623],[5.0906,45.2637],[5.0881,45.2623],[5.0857,45.2635],[5.0833,45.2633],[5.0806,45.2609],[5.0788,45.2625],[5.0780,45.2614],[5.0759,45.2612],[5.0746,45.2620],[5.0746,45.2633],[5.0716,45.2643],[5.0689,45.2631],[5.0689,45.2623],[5.0672,45.2637],[5.0623,45.2623],[5.0585,45.2638],[5.0559,45.2620],[5.0535,45.2625],[5.0540,45.2617],[5.0505,45.2606],[5.0490,45.2619],[5.0461,45.2607],[5.0440,45.2619],[5.0398,45.2608],[5.0396,45.2596],[5.0364,45.2591],[5.0331,45.2563],[5.0245,45.2530],[5.0241,45.2521],[5.0258,45.2514],[5.0259,45.2506],[5.0215,45.2487],[5.0175,45.2497],[5.0136,45.2480],[5.0112,45.2483],[5.0083,45.2470],[5.0067,45.2447],[5.0044,45.2452],[5.0026,45.2443],[5.0020,45.2454],[5.0006,45.2456],[4.9999,45.2438],[4.9955,45.2437],[4.9860,45.2385],[4.9838,45.2392],[4.9827,45.2408],[4.9787,45.2387],[4.9776,45.2370],[4.9737,45.2360],[4.9718,45.2335],[4.9673,45.2323],[4.9664,45.2298],[4.9622,45.2273],[4.9602,45.2237],[4.9569,45.2206],[4.9524,45.2181],[4.9521,45.2163],[4.9470,45.2152],[4.9462,45.2130],[4.9427,45.2096],[4.9373,45.2082],[4.9374,45.2068],[4.9358,45.2063],[4.9357,45.2050],[4.9244,45.2001],[4.9243,45.1992],[4.9218,45.1985],[4.9215,45.1972],[4.9145,45.1959],[4.9128,45.1937],[4.9090,45.1930],[4.9078,45.1911],[4.9045,45.1907],[4.9032,45.1887],[4.9014,45.1893],[4.9008,45.1874],[4.8989,45.1881],[4.8987,45.1866],[4.8955,45.1860],[4.8932,45.1839],[4.8883,45.1835],[4.8874,45.1818],[4.8880,45.1807],[4.8830,45.1779],[4.8790,45.1746],[4.8780,45.1723],[4.8740,45.1727],[4.8734,45.1715],[4.8715,45.1715],[4.8695,45.1731],[4.8696,45.1746],[4.8639,45.1756],[4.8616,45.1787],[4.8567,45.1779],[4.8528,45.1821],[4.8500,45.1800],[4.8427,45.1788],[4.8422,45.1798],[4.8453,45.1800],[4.8441,45.1813],[4.8452,45.1826],[4.8447,45.1833],[4.8403,45.1791],[4.8341,45.1813],[4.8323,45.1796],[4.8331,45.1783],[4.8285,45.1768],[4.8296,45.1743],[4.8277,45.1742]]}},{"type":"Feature","properties":{"name":"La Galaure"},"geometry":{"type":"LineString","coordinates":[[4.8422,45.1794],[4.8428,45.1798]]}},{"type":"Feature","properties":{"name":"Le Cotatay"},"geometry":{"type":"LineString","coordinates":[[4.3472,45.3954],[4.3454,45.3958]]}},{"type":"Feature","properties":{"name":"Le Cotatay"},"geometry":{"type":"LineString","coordinates":[[4.3749,45.3864],[4.3667,45.3887],[4.3665,45.3897],[4.3651,45.3903],[4.3605,45.3898],[4.3595,45.3906],[4.3582,45.3893],[4.3518,45.3909],[4.3494,45.3903],[4.3481,45.3928]]}},{"type":"Feature","properties":{"name":"Le Cotatay"},"geometry":{"type":"LineString","coordinates":[[4.3481,45.3928],[4.3481,45.3928]]}},{"type":"Feature","properties":{"name":"Le Cotatay"},"geometry":{"type":"LineString","coordinates":[[4.3474,45.3953],[4.3472,45.3954]]}},{"type":"Feature","properties":{"name":"Le Cotatay"},"geometry":{"type":"LineString","coordinates":[[4.3481,45.3928],[4.3474,45.3953]]}},{"type":"Feature","properties":{"name":"Le Cotatay"},"geometry":{"type":"LineString","coordinates":[[4.3844,45.3805],[4.3844,45.3805]]}},{"type":"Feature","properties":{"name":"Le Cotatay"},"geometry":{"type":"LineString","coordinates":[[4.3848,45.3797],[4.3844,45.3805]]}},{"type":"Feature","properties":{"name":"Le Cotatay"},"geometry":{"type":"LineString","coordinates":[[4.3844,45.3805],[4.3807,45.3803],[4.3789,45.3831],[4.3759,45.3838],[4.3762,45.3858]]}},{"type":"Feature","properties":{"name":"Le Cotatay"},"geometry":{"type":"LineString","coordinates":[[4.3749,45.3863],[4.3749,45.3864]]}},{"type":"Feature","properties":{"name":"Le Cotatay"},"geometry":{"type":"LineString","coordinates":[[4.3761,45.3859],[4.3749,45.3863]]}},{"type":"Feature","properties":{"name":"Le Cotatay"},"geometry":{"type":"LineString","coordinates":[[4.3762,45.3858],[4.3761,45.3859]]}},{"type":"Feature","properties":{"name":"L\u0027Arzon"},"geometry":{"type":"LineString","coordinates":[[3.8370,45.3665],[3.8320,45.3617],[3.8328,45.3600],[3.8319,45.3591],[3.8332,45.3589],[3.8306,45.3555],[3.8314,45.3539],[3.8336,45.3534],[3.8350,45.3502],[3.8366,45.3492],[3.8378,45.3468],[3.8369,45.3448],[3.8386,45.3438],[3.8379,45.3413],[3.8348,45.3374],[3.8329,45.3373],[3.8305,45.3353],[3.8316,45.3346],[3.8318,45.3325],[3.8301,45.3302],[3.8226,45.3282],[3.8197,45.3284],[3.8173,45.3272],[3.8151,45.3225],[3.8181,45.3212],[3.8175,45.3198],[3.8202,45.3153],[3.8186,45.3145],[3.8181,45.3129],[3.8166,45.3126],[3.8169,45.3096],[3.8135,45.3101],[3.8143,45.3087],[3.8122,45.3084],[3.8117,45.3072],[3.8127,45.3066],[3.8109,45.3058],[3.8107,45.3044],[3.8047,45.3023],[3.8056,45.3008],[3.8039,45.2999],[3.8045,45.2989],[3.8032,45.2976],[3.8039,45.2951],[3.8061,45.2945],[3.8056,45.2941],[3.8080,45.2892],[3.8095,45.2890],[3.8091,45.2883],[3.8101,45.2876],[3.8132,45.2873],[3.8172,45.2897],[3.8182,45.2883],[3.8196,45.2882],[3.8198,45.2863],[3.8185,45.2866],[3.8185,45.2852],[3.8173,45.2843],[3.8204,45.2814],[3.8193,45.2786],[3.8201,45.2772],[3.8188,45.2748],[3.8190,45.2709],[3.8201,45.2694],[3.8216,45.2693],[3.8218,45.2661],[3.8244,45.2661],[3.8262,45.2650]]}},{"type":"Feature","properties":{"name":"L\u0027Arzon"},"geometry":{"type":"LineString","coordinates":[[3.8267,45.2650],[3.8283,45.2671],[3.8292,45.2670],[3.8310,45.2641],[3.8302,45.2630],[3.8321,45.2626],[3.8304,45.2596],[3.8290,45.2604],[3.8282,45.2594],[3.8283,45.2567],[3.8302,45.2557],[3.8308,45.2538],[3.8348,45.2536],[3.8339,45.2551],[3.8364,45.2561],[3.8436,45.2535],[3.8462,45.2534],[3.8462,45.2521],[3.8474,45.2529],[3.8478,45.2548],[3.8502,45.2545],[3.8501,45.2529],[3.8519,45.2519],[3.8534,45.2494],[3.8515,45.2458],[3.8524,45.2444],[3.8520,45.2430],[3.8560,45.2421],[3.8568,45.2404],[3.8545,45.2402],[3.8540,45.2391],[3.8564,45.2381],[3.8567,45.2360],[3.8583,45.2370],[3.8603,45.2366],[3.8588,45.2334],[3.8597,45.2321],[3.8620,45.2323],[3.8599,45.2282],[3.8612,45.2277],[3.8622,45.2257],[3.8600,45.2256],[3.8600,45.2240],[3.8636,45.2225],[3.8643,45.2202],[3.8669,45.2195],[3.8657,45.2181],[3.8621,45.2170],[3.8642,45.2158],[3.8660,45.2120],[3.8703,45.2136],[3.8729,45.2123],[3.8749,45.2129],[3.8784,45.2118],[3.8796,45.2106],[3.8795,45.2065],[3.8813,45.2042],[3.8815,45.2022],[3.8855,45.2013],[3.8872,45.1992],[3.8914,45.1972],[3.8922,45.1939],[3.8915,45.1922],[3.8925,45.1910],[3.8946,45.1900],[3.8980,45.1907],[3.9007,45.1877],[3.9077,45.1850],[3.9128,45.1852]]}},{"type":"Feature","properties":{"name":"La Dorne"},"geometry":{"type":"LineString","coordinates":[[4.2881,44.8307],[4.2904,44.8296],[4.2940,44.8296],[4.3000,44.8335],[4.3065,44.8358],[4.3123,44.8364],[4.3137,44.8358],[4.3154,44.8369],[4.3201,44.8365],[4.3217,44.8381],[4.3263,44.8394],[4.3270,44.8416],[4.3290,44.8428],[4.3314,44.8421],[4.3324,44.8462],[4.3377,44.8459],[4.3418,44.8496],[4.3448,44.8490],[4.3494,44.8524]]}},{"type":"Feature","properties":{"name":"La Dorne"},"geometry":{"type":"LineString","coordinates":[[4.3631,44.8630],[4.3630,44.8642],[4.3605,44.8656],[4.3641,44.8679],[4.3640,44.8694],[4.3658,44.8715],[4.3647,44.8732],[4.3664,44.8746]]}},{"type":"Feature","properties":{"name":"La Dorne"},"geometry":{"type":"LineString","coordinates":[[4.3664,44.8746],[4.3672,44.8771],[4.3651,44.8794],[4.3658,44.8821],[4.3689,44.8833],[4.3702,44.8854],[4.3758,44.8875],[4.3793,44.8918],[4.3817,44.8903],[4.3857,44.8905]]}},{"type":"Feature","properties":{"name":"La Dorne"},"geometry":{"type":"LineString","coordinates":[[4.3494,44.8524],[4.3503,44.8540],[4.3544,44.8538],[4.3581,44.8589],[4.3569,44.8607],[4.3631,44.8630]]}},{"type":"Feature","properties":{"name":"La Dorne"},"geometry":{"type":"LineString","coordinates":[[4.4136,44.8977],[4.4136,44.8989]]}},{"type":"Feature","properties":{"name":"La Dorne"},"geometry":{"type":"LineString","coordinates":[[4.4136,44.8990],[4.4151,44.9004]]}},{"type":"Feature","properties":{"name":"La Dorne"},"geometry":{"type":"LineString","coordinates":[[4.4040,44.8963],[4.4043,44.8964]]}},{"type":"Feature","properties":{"name":"La Dorne"},"geometry":{"type":"LineString","coordinates":[[4.4149,44.9002],[4.4167,44.9017]]}},{"type":"Feature","properties":{"name":"La Dorne"},"geometry":{"type":"LineString","coordinates":[[4.4029,44.8926],[4.4039,44.8936],[4.4037,44.8962],[4.4126,44.8961],[4.4136,44.8989]]}},{"type":"Feature","properties":{"name":"La Dorne"},"geometry":{"type":"LineString","coordinates":[[4.3857,44.8905],[4.3880,44.8895],[4.3910,44.8916],[4.3959,44.8923]]}},{"type":"Feature","properties":{"name":"La Dorne"},"geometry":{"type":"LineString","coordinates":[[4.3959,44.8923],[4.3996,44.8908],[4.4029,44.8926]]}},{"type":"Feature","properties":{"name":"La Dorne"},"geometry":{"type":"LineString","coordinates":[[4.4151,44.9004],[4.4164,44.9014]]}},{"type":"Feature","properties":{"name":"La Dorne"},"geometry":{"type":"LineString","coordinates":[[4.4244,44.9045],[4.4232,44.9086]]}},{"type":"Feature","properties":{"name":"La Dorne"},"geometry":{"type":"LineString","coordinates":[[4.4232,44.9087],[4.4294,44.9101],[4.4300,44.9132]]}},{"type":"Feature","properties":{"name":"La Dorne"},"geometry":{"type":"LineString","coordinates":[[4.4167,44.9018],[4.4207,44.9052],[4.4230,44.9038],[4.4244,44.9045]]}},{"type":"Feature","properties":{"name":"Le Vernazon"},"geometry":{"type":"LineString","coordinates":[[4.0948,44.7554],[4.0943,44.7566],[4.0951,44.7581],[4.0921,44.7597],[4.0943,44.7612],[4.0942,44.7619],[4.0896,44.7641],[4.0930,44.7666],[4.0917,44.7692],[4.0972,44.7708],[4.1024,44.7739],[4.1007,44.7792]]}},{"type":"Feature","properties":{"name":"Ruisseau de Bise"},"geometry":{"type":"LineString","coordinates":[[4.3977,44.7592],[4.3973,44.7545],[4.3933,44.7538],[4.3920,44.7512],[4.3844,44.7471],[4.3788,44.7419],[4.3792,44.7406],[4.3774,44.7392],[4.3795,44.7358],[4.3755,44.7322],[4.3766,44.7298],[4.3764,44.7270],[4.3719,44.7248],[4.3702,44.7214],[4.3683,44.7203],[4.3684,44.7191],[4.3664,44.7196],[4.3644,44.7180],[4.3609,44.7182]]}},{"type":"Feature","properties":{"name":"Ruisseau de Bise"},"geometry":{"type":"LineString","coordinates":[[4.3609,44.7182],[4.3602,44.7168],[4.3609,44.7155]]}},{"type":"Feature","properties":{"name":"La Borne"},"geometry":{"type":"LineString","coordinates":[[3.7232,45.1716],[3.7237,45.1695],[3.7217,45.1674],[3.7224,45.1620],[3.7283,45.1589],[3.7299,45.1568],[3.7324,45.1571],[3.7379,45.1544],[3.7382,45.1518],[3.7421,45.1496],[3.7418,45.1472],[3.7435,45.1452],[3.7474,45.1430],[3.7500,45.1450],[3.7524,45.1456],[3.7583,45.1436],[3.7588,45.1419],[3.7605,45.1417],[3.7591,45.1405],[3.7596,45.1396],[3.7683,45.1366],[3.7697,45.1369],[3.7689,45.1352],[3.7709,45.1344],[3.7716,45.1330],[3.7766,45.1333],[3.7774,45.1322],[3.7770,45.1309],[3.7785,45.1292],[3.7777,45.1280],[3.7792,45.1261],[3.7850,45.1265],[3.7870,45.1254],[3.7889,45.1283],[3.7945,45.1283],[3.7944,45.1254],[3.7923,45.1237],[3.7914,45.1211],[3.7935,45.1214],[3.7952,45.1196],[3.7953,45.1174],[3.7961,45.1171],[3.7951,45.1155],[3.7974,45.1120],[3.7999,45.1112],[3.8000,45.1090],[3.8030,45.1074],[3.8025,45.1061],[3.7971,45.1019],[3.8005,45.1016],[3.7996,45.0989],[3.8001,45.0966],[3.7980,45.0951],[3.7978,45.0925],[3.7965,45.0908],[3.7970,45.0864],[3.7926,45.0812],[3.7950,45.0791],[3.7936,45.0763],[3.7942,45.0747],[3.7984,45.0727],[3.7969,45.0714],[3.7975,45.0702],[3.8055,45.0682],[3.8099,45.0688],[3.8140,45.0669],[3.8217,45.0691],[3.8259,45.0684],[3.8280,45.0696],[3.8328,45.0664],[3.8369,45.0677],[3.8376,45.0653],[3.8406,45.0647],[3.8418,45.0635],[3.8418,45.0554],[3.8452,45.0515],[3.8483,45.0503],[3.8516,45.0519],[3.8541,45.0495],[3.8556,45.0488],[3.8576,45.0494],[3.8592,45.0483],[3.8609,45.0488],[3.8598,45.0503],[3.8629,45.0505],[3.8651,45.0485]]}},{"type":"Feature","properties":{"name":"La Borne"},"geometry":{"type":"LineString","coordinates":[[3.9907,44.5975],[3.9920,44.5952],[3.9904,44.5952],[3.9886,44.5970],[3.9844,44.5974],[3.9851,44.5992],[3.9841,44.6000],[3.9795,44.6007],[3.9790,44.5984],[3.9767,44.5968],[3.9774,44.5952]]}},{"type":"Feature","properties":{"name":"La Borne"},"geometry":{"type":"LineString","coordinates":[[3.8651,45.0485],[3.8759,45.0478],[3.8842,45.0537],[3.8874,45.0501],[3.8970,45.0504],[3.8995,45.0517],[3.9003,45.0528],[3.8995,45.0541],[3.9029,45.0576],[3.9095,45.0556],[3.9140,45.0573]]}},{"type":"Feature","properties":{"name":"La Borne"},"geometry":{"type":"LineString","coordinates":[[4.0524,44.6294],[4.0512,44.6265],[4.0527,44.6237],[4.0501,44.6220],[4.0471,44.6228],[4.0407,44.6191],[4.0388,44.6197],[4.0373,44.6176],[4.0347,44.6174],[4.0278,44.6203],[4.0209,44.6168],[4.0203,44.6160],[4.0212,44.6142],[4.0178,44.6143],[4.0176,44.6125],[4.0162,44.6119],[4.0088,44.6131],[4.0038,44.6113]]}},{"type":"Feature","properties":{"name":"La Borne"},"geometry":{"type":"LineString","coordinates":[[4.0038,44.6113],[4.0018,44.6069],[3.9961,44.6062],[3.9963,44.6043],[3.9946,44.6036],[3.9932,44.5998],[3.9907,44.5975]]}},{"type":"Feature","properties":{"name":"L\u0027Orcival"},"geometry":{"type":"LineString","coordinates":[[4.0286,44.8663],[4.0300,44.8642],[4.0283,44.8636],[4.0266,44.8603],[4.0247,44.8603],[4.0236,44.8590],[4.0261,44.8537],[4.0247,44.8522],[4.0253,44.8502],[4.0228,44.8488],[4.0229,44.8471],[4.0216,44.8472],[4.0203,44.8458]]}},{"type":"Feature","properties":{"name":"La Bourges"},"geometry":{"type":"LineString","coordinates":[[4.2681,44.7920],[4.2593,44.7909],[4.2585,44.7885],[4.2556,44.7879],[4.2535,44.7864],[4.2549,44.7842],[4.2582,44.7836],[4.2581,44.7817],[4.2558,44.7798]]}},{"type":"Feature","properties":{"name":"La Bourges"},"geometry":{"type":"LineString","coordinates":[[4.2699,44.7948],[4.2681,44.7920]]}},{"type":"Feature","properties":{"name":"La Bourges"},"geometry":{"type":"LineString","coordinates":[[4.2569,44.7757],[4.2575,44.7740],[4.2550,44.7715],[4.2596,44.7694],[4.2602,44.7676],[4.2642,44.7647],[4.2626,44.7636],[4.2619,44.7596],[4.2628,44.7588],[4.2619,44.7587],[4.2601,44.7553],[4.2572,44.7554],[4.2517,44.7530],[4.2497,44.7507],[4.2466,44.7497],[4.2467,44.7479],[4.2495,44.7472],[4.2486,44.7458],[4.2493,44.7447]]}},{"type":"Feature","properties":{"name":"La Bourges"},"geometry":{"type":"LineString","coordinates":[[4.2704,44.7141],[4.2702,44.7119],[4.2669,44.7101],[4.2613,44.7021],[4.2610,44.7000],[4.2586,44.6993],[4.2586,44.6960]]}},{"type":"Feature","properties":{"name":"La Bourges"},"geometry":{"type":"LineString","coordinates":[[4.2558,44.7798],[4.2547,44.7774],[4.2569,44.7757]]}},{"type":"Feature","properties":{"name":"La Bourges"},"geometry":{"type":"LineString","coordinates":[[4.2493,44.7447],[4.2470,44.7438],[4.2463,44.7416],[4.2441,44.7410],[4.2433,44.7397],[4.2497,44.7378],[4.2515,44.7363],[4.2558,44.7292],[4.2597,44.7276],[4.2600,44.7258],[4.2623,44.7247],[4.2632,44.7224],[4.2649,44.7223],[4.2687,44.7191],[4.2686,44.7167],[4.2704,44.7141]]}},{"type":"Feature","properties":{"name":"La Volane"},"geometry":{"type":"LineString","coordinates":[[4.3618,44.7140],[4.3636,44.7097],[4.3631,44.7075]]}},{"type":"Feature","properties":{"name":"La Volane"},"geometry":{"type":"LineString","coordinates":[[4.3414,44.7614],[4.3428,44.7584],[4.3426,44.7544],[4.3444,44.7515],[4.3434,44.7495],[4.3389,44.7456],[4.3389,44.7429],[4.3418,44.7411],[4.3429,44.7369],[4.3494,44.7317],[4.3514,44.7314],[4.3507,44.7299],[4.3476,44.7292],[4.3473,44.7278],[4.3482,44.7268],[4.3476,44.7252],[4.3483,44.7236],[4.3497,44.7227],[4.3524,44.7181],[4.3609,44.7155]]}},{"type":"Feature","properties":{"name":"La Volane"},"geometry":{"type":"LineString","coordinates":[[4.3670,44.6846],[4.3664,44.6833],[4.3684,44.6815],[4.3652,44.6774]]}},{"type":"Feature","properties":{"name":"La Volane"},"geometry":{"type":"LineString","coordinates":[[4.3706,44.6986],[4.3727,44.6948],[4.3716,44.6930],[4.3694,44.6927],[4.3697,44.6915],[4.3681,44.6908],[4.3682,44.6865],[4.3670,44.6846]]}},{"type":"Feature","properties":{"name":"La Volane"},"geometry":{"type":"LineString","coordinates":[[4.3631,44.7075],[4.3655,44.7058],[4.3657,44.7037],[4.3704,44.6999],[4.3706,44.6986]]}},{"type":"Feature","properties":{"name":"La Volane"},"geometry":{"type":"LineString","coordinates":[[4.3652,44.6774],[4.3641,44.6748],[4.3649,44.6733],[4.3619,44.6708],[4.3619,44.6693],[4.3677,44.6629],[4.3680,44.6555],[4.3663,44.6529],[4.3668,44.6520]]}},{"type":"Feature","properties":{"name":"La Volane"},"geometry":{"type":"LineString","coordinates":[[4.3609,44.7155],[4.3618,44.7140]]}},{"type":"Feature","properties":{"name":"La Volane"},"geometry":{"type":"LineString","coordinates":[[4.3458,44.7769],[4.3430,44.7747],[4.3434,44.7735],[4.3417,44.7710],[4.3430,44.7687],[4.3415,44.7668],[4.3423,44.7624],[4.3414,44.7614]]}},{"type":"Feature","properties":{"name":"Le Canal"},"geometry":{"type":"LineString","coordinates":[[4.8439,45.0234],[4.8554,45.0126],[4.8672,44.9902]]}},{"type":"Feature","properties":{"name":"L\u0027Ay"},"geometry":{"type":"LineString","coordinates":[[4.6769,45.1544],[4.6813,45.1537],[4.6838,45.1556],[4.6874,45.1563],[4.6895,45.1541],[4.6917,45.1534],[4.6943,45.1555]]}},{"type":"Feature","properties":{"name":"L\u0027Ay"},"geometry":{"type":"LineString","coordinates":[[4.6158,45.1503],[4.6241,45.1532],[4.6300,45.1570],[4.6328,45.1575],[4.6373,45.1617],[4.6406,45.1620],[4.6426,45.1634],[4.6451,45.1623],[4.6574,45.1626],[4.6599,45.1601],[4.6624,45.1610],[4.6641,45.1596],[4.6661,45.1603],[4.6650,45.1615],[4.6662,45.1624],[4.6713,45.1607],[4.6738,45.1585],[4.6727,45.1574],[4.6746,45.1568],[4.6745,45.1558],[4.6769,45.1544]]}},{"type":"Feature","properties":{"name":"L\u0027Ay"},"geometry":{"type":"LineString","coordinates":[[4.7015,45.1590],[4.7083,45.1590],[4.7111,45.1617],[4.7125,45.1599],[4.7136,45.1600]]}},{"type":"Feature","properties":{"name":"L\u0027Ay"},"geometry":{"type":"LineString","coordinates":[[4.6976,45.1572],[4.7014,45.1590]]}},{"type":"Feature","properties":{"name":"L\u0027Ay"},"geometry":{"type":"LineString","coordinates":[[4.7014,45.1590],[4.7015,45.1590]]}},{"type":"Feature","properties":{"name":"L\u0027Ay"},"geometry":{"type":"LineString","coordinates":[[4.7136,45.1600],[4.7137,45.1601]]}},{"type":"Feature","properties":{"name":"L\u0027Ay"},"geometry":{"type":"LineString","coordinates":[[4.6943,45.1555],[4.6976,45.1572]]}},{"type":"Feature","properties":{"name":"L\u0027Ay"},"geometry":{"type":"LineString","coordinates":[[4.7137,45.1601],[4.7129,45.1637],[4.7143,45.1656],[4.7203,45.1669],[4.7259,45.1716],[4.7291,45.1730],[4.7312,45.1722],[4.7313,45.1708],[4.7333,45.1715]]}},{"type":"Feature","properties":{"name":"L\u0027Ay"},"geometry":{"type":"LineString","coordinates":[[4.7332,45.1715],[4.7331,45.1720]]}},{"type":"Feature","properties":{"name":"L\u0027Ay"},"geometry":{"type":"LineString","coordinates":[[4.7353,45.1747],[4.7354,45.1749]]}},{"type":"Feature","properties":{"name":"L\u0027Ay"},"geometry":{"type":"LineString","coordinates":[[4.7354,45.1749],[4.7354,45.1750]]}},{"type":"Feature","properties":{"name":"L\u0027Ay"},"geometry":{"type":"LineString","coordinates":[[4.7331,45.1720],[4.7337,45.1738],[4.7353,45.1747]]}},{"type":"Feature","properties":{"name":"L\u0027Ay"},"geometry":{"type":"LineString","coordinates":[[4.7333,45.1715],[4.7333,45.1715]]}},{"type":"Feature","properties":{"name":"L\u0027Ay"},"geometry":{"type":"LineString","coordinates":[[4.7333,45.1715],[4.7333,45.1715]]}},{"type":"Feature","properties":{"name":"L\u0027Ay"},"geometry":{"type":"LineString","coordinates":[[4.7333,45.1715],[4.7331,45.1720]]}},{"type":"Feature","properties":{"name":"L\u0027Ay"},"geometry":{"type":"LineString","coordinates":[[4.7333,45.1715],[4.7332,45.1715]]}},{"type":"Feature","properties":{"name":"L\u0027Ay"},"geometry":{"type":"LineString","coordinates":[[4.7354,45.1750],[4.7382,45.1768]]}},{"type":"Feature","properties":{"name":"L\u0027Ay"},"geometry":{"type":"LineString","coordinates":[[4.7397,45.1821],[4.7416,45.1810],[4.7448,45.1830],[4.7420,45.1844]]}},{"type":"Feature","properties":{"name":"L\u0027Ay"},"geometry":{"type":"LineString","coordinates":[[4.7397,45.1822],[4.7397,45.1822]]}},{"type":"Feature","properties":{"name":"L\u0027Ay"},"geometry":{"type":"LineString","coordinates":[[4.7382,45.1768],[4.7368,45.1800],[4.7397,45.1822]]}},{"type":"Feature","properties":{"name":"L\u0027Ay"},"geometry":{"type":"LineString","coordinates":[[4.7397,45.1822],[4.7397,45.1821]]}},{"type":"Feature","properties":{"name":"L\u0027Ay"},"geometry":{"type":"LineString","coordinates":[[4.7418,45.1845],[4.7452,45.1870],[4.7441,45.1896],[4.7464,45.1897],[4.7480,45.1887]]}},{"type":"Feature","properties":{"name":"L\u0027Ay"},"geometry":{"type":"LineString","coordinates":[[4.7420,45.1844],[4.7418,45.1845]]}},{"type":"Feature","properties":{"name":"L\u0027Ay"},"geometry":{"type":"LineString","coordinates":[[4.7509,45.1897],[4.7532,45.1889]]}},{"type":"Feature","properties":{"name":"L\u0027Ay"},"geometry":{"type":"LineString","coordinates":[[4.7484,45.1890],[4.7483,45.1890]]}},{"type":"Feature","properties":{"name":"L\u0027Ay"},"geometry":{"type":"LineString","coordinates":[[4.7483,45.1890],[4.7508,45.1898]]}},{"type":"Feature","properties":{"name":"L\u0027Ay"},"geometry":{"type":"LineString","coordinates":[[4.7480,45.1887],[4.7484,45.1890]]}},{"type":"Feature","properties":{"name":"L\u0027Ay"},"geometry":{"type":"LineString","coordinates":[[4.7508,45.1898],[4.7509,45.1897]]}},{"type":"Feature","properties":{"name":"L\u0027Ay"},"geometry":{"type":"LineString","coordinates":[[4.7532,45.1889],[4.7520,45.1910],[4.7525,45.1919],[4.7557,45.1921],[4.7549,45.1897],[4.7586,45.1896],[4.7591,45.1887],[4.7640,45.1902],[4.7669,45.1892],[4.7680,45.1919],[4.7722,45.1905],[4.7755,45.1913],[4.7778,45.1932],[4.7819,45.1933],[4.7836,45.1918]]}},{"type":"Feature","properties":{"name":"L\u0027Ay"},"geometry":{"type":"LineString","coordinates":[[4.7877,45.1922],[4.7906,45.1922]]}},{"type":"Feature","properties":{"name":"L\u0027Ay"},"geometry":{"type":"LineString","coordinates":[[4.7836,45.1918],[4.7876,45.1922]]}},{"type":"Feature","properties":{"name":"L\u0027Ay"},"geometry":{"type":"LineString","coordinates":[[4.7906,45.1922],[4.7947,45.1916],[4.7982,45.1923],[4.8081,45.1895]]}},{"type":"Feature","properties":{"name":"L\u0027Ay"},"geometry":{"type":"LineString","coordinates":[[4.7876,45.1922],[4.7901,45.1925]]}},{"type":"Feature","properties":{"name":"L\u0027Ay"},"geometry":{"type":"LineString","coordinates":[[4.7876,45.1922],[4.7877,45.1922]]}},{"type":"Feature","properties":{"name":"L\u0027Oron"},"geometry":{"type":"LineString","coordinates":[[4.8893,45.3011],[4.8672,45.2999],[4.8574,45.3052],[4.8490,45.3043],[4.8429,45.3055],[4.8415,45.3053],[4.8390,45.3028],[4.8310,45.3028],[4.8288,45.3003]]}},{"type":"Feature","properties":{"name":"L\u0027Oron"},"geometry":{"type":"LineString","coordinates":[[4.9717,45.3118],[4.9692,45.3099],[4.9483,45.3057],[4.9122,45.3067],[4.9096,45.3080]]}},{"type":"Feature","properties":{"name":"L\u0027Oron"},"geometry":{"type":"LineString","coordinates":[[4.9096,45.3080],[4.9042,45.3087],[4.9032,45.3037],[4.8947,45.3044],[4.8896,45.3021],[4.8893,45.3011]]}},{"type":"Feature","properties":{"name":"Ruisseau d\u0027Ozon"},"geometry":{"type":"LineString","coordinates":[[4.7921,45.1480],[4.7927,45.1491]]}},{"type":"Feature","properties":{"name":"Ruisseau d\u0027Ozon"},"geometry":{"type":"LineString","coordinates":[[4.7998,45.1426],[4.8012,45.1439],[4.8021,45.1427],[4.8043,45.1431],[4.8129,45.1411]]}},{"type":"Feature","properties":{"name":"Ruisseau d\u0027Ozon"},"geometry":{"type":"LineString","coordinates":[[4.7857,45.1481],[4.7875,45.1475],[4.7864,45.1498],[4.7869,45.1504],[4.7921,45.1480]]}},{"type":"Feature","properties":{"name":"Ruisseau d\u0027Ozon"},"geometry":{"type":"LineString","coordinates":[[4.7992,45.1430],[4.7998,45.1426]]}},{"type":"Feature","properties":{"name":"Ruisseau d\u0027Ozon"},"geometry":{"type":"LineString","coordinates":[[4.7927,45.1491],[4.7980,45.1486],[4.7972,45.1478],[4.7976,45.1454],[4.7992,45.1430]]}},{"type":"Feature","properties":{"name":"Ruisseau d\u0027Ozon"},"geometry":{"type":"LineString","coordinates":[[4.7150,44.7099],[4.7131,44.7110]]}},{"type":"Feature","properties":{"name":"Ruisseau d\u0027Ozon"},"geometry":{"type":"LineString","coordinates":[[4.7130,44.7112],[4.7166,44.7125],[4.7171,44.7152],[4.7235,44.7221],[4.7228,44.7244]]}},{"type":"Feature","properties":{"name":"Ruisseau d\u0027Ozon"},"geometry":{"type":"LineString","coordinates":[[4.7131,44.7110],[4.7130,44.7112]]}},{"type":"Feature","properties":{"name":"Le Lavézon"},"geometry":{"type":"LineString","coordinates":[[4.7079,44.6168],[4.7103,44.6165],[4.7145,44.6130],[4.7168,44.6125],[4.7171,44.6108],[4.7190,44.6102],[4.7310,44.5991],[4.7311,44.5978],[4.7298,44.5967],[4.7229,44.5928]]}},{"type":"Feature","properties":{"name":"Le Lavézon"},"geometry":{"type":"LineString","coordinates":[[4.6701,44.6258],[4.6750,44.6267],[4.6772,44.6245],[4.6787,44.6256],[4.6876,44.6258]]}},{"type":"Feature","properties":{"name":"Le Lavézon"},"geometry":{"type":"LineString","coordinates":[[4.7060,44.6172],[4.7079,44.6168]]}},{"type":"Feature","properties":{"name":"Le Lavézon"},"geometry":{"type":"LineString","coordinates":[[4.7079,44.6168],[4.7107,44.6160]]}},{"type":"Feature","properties":{"name":"Le Lavézon"},"geometry":{"type":"LineString","coordinates":[[4.6876,44.6258],[4.6900,44.6259],[4.6898,44.6245],[4.6922,44.6232],[4.6926,44.6217],[4.6972,44.6207],[4.7006,44.6180]]}},{"type":"Feature","properties":{"name":"Le Lavézon"},"geometry":{"type":"LineString","coordinates":[[4.6292,44.6431],[4.6317,44.6398],[4.6393,44.6364],[4.6472,44.6369],[4.6498,44.6353],[4.6556,44.6343],[4.6568,44.6312],[4.6619,44.6289],[4.6641,44.6258],[4.6692,44.6250],[4.6701,44.6258]]}},{"type":"Feature","properties":{"name":"Le Lavézon"},"geometry":{"type":"LineString","coordinates":[[4.7006,44.6180],[4.7037,44.6171]]}},{"type":"Feature","properties":{"name":"Le Lavézon"},"geometry":{"type":"LineString","coordinates":[[4.7037,44.6171],[4.7057,44.6172]]}},{"type":"Feature","properties":{"name":"Le Liopoux"},"geometry":{"type":"LineString","coordinates":[[4.4443,44.6546],[4.4421,44.6548],[4.4406,44.6535],[4.4390,44.6509],[4.4396,44.6487],[4.4389,44.6482]]}},{"type":"Feature","properties":{"name":"Le Liopoux"},"geometry":{"type":"LineString","coordinates":[[4.4385,44.6482],[4.4339,44.6478],[4.4337,44.6464],[4.4322,44.6469],[4.4296,44.6449],[4.4277,44.6406],[4.4260,44.6404],[4.4261,44.6414],[4.4207,44.6397],[4.4200,44.6369]]}},{"type":"Feature","properties":{"name":"Le Liopoux"},"geometry":{"type":"LineString","coordinates":[[4.4389,44.6482],[4.4385,44.6482]]}},{"type":"Feature","properties":{"name":"La Lande"},"geometry":{"type":"LineString","coordinates":[[4.3005,44.6037],[4.3056,44.6042],[4.3063,44.6017],[4.3101,44.6012],[4.3129,44.5990],[4.3154,44.5990],[4.3159,44.5965],[4.3151,44.5958],[4.3160,44.5937],[4.3180,44.5934],[4.3188,44.5918],[4.3191,44.5895],[4.3178,44.5870],[4.3224,44.5833],[4.3195,44.5787],[4.3205,44.5753],[4.3168,44.5705],[4.3196,44.5654],[4.3191,44.5630],[4.3201,44.5613],[4.3170,44.5572]]}},{"type":"Feature","properties":{"name":"La Daronne"},"geometry":{"type":"LineString","coordinates":[[4.7215,45.0742],[4.7221,45.0747]]}},{"type":"Feature","properties":{"name":"La Daronne"},"geometry":{"type":"LineString","coordinates":[[4.5844,45.0808],[4.6001,45.0819]]}},{"type":"Feature","properties":{"name":"La Daronne"},"geometry":{"type":"LineString","coordinates":[[4.6001,45.0819],[4.6077,45.0794],[4.6112,45.0798],[4.6124,45.0782],[4.6141,45.0802],[4.6157,45.0791],[4.6172,45.0795],[4.6178,45.0785]]}},{"type":"Feature","properties":{"name":"La Daronne"},"geometry":{"type":"LineString","coordinates":[[4.6178,45.0785],[4.6202,45.0789]]}},{"type":"Feature","properties":{"name":"La Daronne"},"geometry":{"type":"LineString","coordinates":[[4.6202,45.0789],[4.6209,45.0773],[4.6239,45.0760],[4.6294,45.0783],[4.6304,45.0779],[4.6303,45.0765],[4.6331,45.0752],[4.6421,45.0758]]}},{"type":"Feature","properties":{"name":"La Daronne"},"geometry":{"type":"LineString","coordinates":[[4.6421,45.0758],[4.6433,45.0757],[4.6439,45.0767]]}},{"type":"Feature","properties":{"name":"La Daronne"},"geometry":{"type":"LineString","coordinates":[[4.6439,45.0767],[4.6467,45.0753]]}},{"type":"Feature","properties":{"name":"La Daronne"},"geometry":{"type":"LineString","coordinates":[[4.6467,45.0753],[4.6496,45.0763],[4.6516,45.0751],[4.6601,45.0742],[4.6623,45.0730],[4.6656,45.0750]]}},{"type":"Feature","properties":{"name":"La Daronne"},"geometry":{"type":"LineString","coordinates":[[4.6656,45.0750],[4.6699,45.0725],[4.6732,45.0750],[4.6737,45.0719],[4.6766,45.0717]]}},{"type":"Feature","properties":{"name":"La Daronne"},"geometry":{"type":"LineString","coordinates":[[4.6766,45.0717],[4.6776,45.0728],[4.6832,45.0723]]}},{"type":"Feature","properties":{"name":"La Daronne"},"geometry":{"type":"LineString","coordinates":[[4.6832,45.0723],[4.6847,45.0720]]}},{"type":"Feature","properties":{"name":"La Daronne"},"geometry":{"type":"LineString","coordinates":[[4.6847,45.0720],[4.6963,45.0762]]}},{"type":"Feature","properties":{"name":"La Daronne"},"geometry":{"type":"LineString","coordinates":[[4.6963,45.0762],[4.6997,45.0743],[4.7006,45.0752],[4.7052,45.0745],[4.7073,45.0716],[4.7065,45.0704],[4.7075,45.0699],[4.7117,45.0727],[4.7139,45.0722],[4.7160,45.0729],[4.7160,45.0716],[4.7174,45.0715]]}},{"type":"Feature","properties":{"name":"La Daronne"},"geometry":{"type":"LineString","coordinates":[[4.7174,45.0715],[4.7185,45.0721],[4.7189,45.0758],[4.7212,45.0741]]}},{"type":"Feature","properties":{"name":"La Daronne"},"geometry":{"type":"LineString","coordinates":[[4.7212,45.0741],[4.7221,45.0747]]}},{"type":"Feature","properties":{"name":"La Daronne"},"geometry":{"type":"LineString","coordinates":[[4.7221,45.0747],[4.7253,45.0743],[4.7285,45.0751],[4.7282,45.0728],[4.7296,45.0720],[4.7300,45.0731],[4.7313,45.0732],[4.7305,45.0715],[4.7312,45.0709],[4.7340,45.0725],[4.7324,45.0731],[4.7319,45.0747]]}},{"type":"Feature","properties":{"name":"La Daronne"},"geometry":{"type":"LineString","coordinates":[[4.7320,45.0751],[4.7369,45.0743]]}},{"type":"Feature","properties":{"name":"La Daronne"},"geometry":{"type":"LineString","coordinates":[[4.7319,45.0747],[4.7320,45.0751]]}},{"type":"Feature","properties":{"name":"La Daronne"},"geometry":{"type":"LineString","coordinates":[[4.7369,45.0743],[4.7369,45.0743]]}},{"type":"Feature","properties":{"name":"La Daronne"},"geometry":{"type":"LineString","coordinates":[[4.7369,45.0743],[4.7383,45.0737],[4.7384,45.0725],[4.7339,45.0700],[4.7334,45.0683],[4.7357,45.0670]]}},{"type":"Feature","properties":{"name":"La Daronne"},"geometry":{"type":"LineString","coordinates":[[4.7357,45.0670],[4.7401,45.0693]]}},{"type":"Feature","properties":{"name":"Le Roubion"},"geometry":{"type":"LineString","coordinates":[[4.8832,44.5900],[4.8769,44.5927],[4.8738,44.5926],[4.8711,44.5949],[4.8679,44.5955],[4.8666,44.5974],[4.8621,44.5969],[4.8562,44.5997],[4.8546,44.5994],[4.8525,44.6013],[4.8497,44.6010],[4.8478,44.6022],[4.8459,44.5965],[4.8446,44.5955],[4.8393,44.5953],[4.8366,44.5931],[4.8340,44.5941],[4.8319,44.5928],[4.8274,44.5928]]}},{"type":"Feature","properties":{"name":"Le Lambroz"},"geometry":{"type":"LineString","coordinates":[[4.8429,45.3267],[4.8414,45.3260],[4.8423,45.3242],[4.8371,45.3241],[4.8308,45.3217]]}},{"type":"Feature","properties":{"name":"Le Lambroz"},"geometry":{"type":"LineString","coordinates":[[4.8556,45.3263],[4.8530,45.3261],[4.8505,45.3277],[4.8429,45.3267]]}},{"type":"Feature","properties":{"name":"Le Lambroz"},"geometry":{"type":"LineString","coordinates":[[4.8303,45.3217],[4.8280,45.3216],[4.8226,45.3180],[4.8221,45.3154],[4.8242,45.3146]]}},{"type":"Feature","properties":{"name":"Le Lambroz"},"geometry":{"type":"LineString","coordinates":[[4.8308,45.3217],[4.8303,45.3217]]}},{"type":"Feature","properties":{"name":"Le Lambroz"},"geometry":{"type":"LineString","coordinates":[[4.8242,45.3146],[4.8248,45.3144]]}},{"type":"Feature","properties":{"name":"Le Lambroz"},"geometry":{"type":"LineString","coordinates":[[4.8248,45.3144],[4.8261,45.3122],[4.8256,45.3113]]}},{"type":"Feature","properties":{"name":"La Rimande"},"geometry":{"type":"LineString","coordinates":[[4.2342,44.9456],[4.2366,44.9503],[4.2399,44.9538],[4.2470,44.9587],[4.2526,44.9588],[4.2617,44.9605],[4.2668,44.9626],[4.2688,44.9622],[4.2716,44.9634],[4.2739,44.9658],[4.2779,44.9672],[4.2842,44.9677],[4.2892,44.9662],[4.2920,44.9673],[4.2979,44.9657]]}},{"type":"Feature","properties":{"name":"La Rimande"},"geometry":{"type":"LineString","coordinates":[[4.3083,44.9684],[4.3112,44.9682],[4.3141,44.9698],[4.3196,44.9707],[4.3231,44.9708],[4.3276,44.9691],[4.3328,44.9720],[4.3346,44.9711],[4.3385,44.9714],[4.3508,44.9691]]}},{"type":"Feature","properties":{"name":"La Rimande"},"geometry":{"type":"LineString","coordinates":[[4.2979,44.9657],[4.3068,44.9677]]}},{"type":"Feature","properties":{"name":"La Rimande"},"geometry":{"type":"LineString","coordinates":[[4.3069,44.9677],[4.3083,44.9684]]}},{"type":"Feature","properties":{"name":"Le Talaron"},"geometry":{"type":"LineString","coordinates":[[4.4797,44.8865],[4.4838,44.8863],[4.4836,44.8844],[4.4857,44.8842],[4.4870,44.8822],[4.4931,44.8833],[4.5022,44.8832],[4.5041,44.8794],[4.5087,44.8782],[4.5074,44.8770],[4.5093,44.8743],[4.5136,44.8756],[4.5217,44.8752],[4.5271,44.8765]]}},{"type":"Feature","properties":{"name":"Le Talaron"},"geometry":{"type":"LineString","coordinates":[[4.5332,44.8781],[4.5336,44.8782]]}},{"type":"Feature","properties":{"name":"Le Talaron"},"geometry":{"type":"LineString","coordinates":[[4.5324,44.8768],[4.5324,44.8769]]}},{"type":"Feature","properties":{"name":"Le Talaron"},"geometry":{"type":"LineString","coordinates":[[4.5324,44.8769],[4.5332,44.8781]]}},{"type":"Feature","properties":{"name":"Le Talaron"},"geometry":{"type":"LineString","coordinates":[[4.4092,44.8567],[4.4108,44.8582],[4.4145,44.8589],[4.4173,44.8617],[4.4218,44.8633],[4.4288,44.8634],[4.4294,44.8651],[4.4352,44.8649],[4.4386,44.8675],[4.4443,44.8676],[4.4539,44.8760],[4.4580,44.8784],[4.4619,44.8785],[4.4657,44.8810],[4.4676,44.8827],[4.4694,44.8878],[4.4721,44.8873],[4.4769,44.8882],[4.4776,44.8874],[4.4772,44.8858],[4.4796,44.8865]]}},{"type":"Feature","properties":{"name":"Le Talaron"},"geometry":{"type":"LineString","coordinates":[[4.5271,44.8765],[4.5276,44.8770]]}},{"type":"Feature","properties":{"name":"Le Talaron"},"geometry":{"type":"LineString","coordinates":[[4.5276,44.8770],[4.5278,44.8770]]}},{"type":"Feature","properties":{"name":"Le Talaron"},"geometry":{"type":"LineString","coordinates":[[4.5278,44.8770],[4.5310,44.8757],[4.5325,44.8760],[4.5324,44.8768]]}},{"type":"Feature","properties":{"name":"L\u0027Ance"},"geometry":{"type":"LineString","coordinates":[[3.9058,45.3333],[3.9045,45.3318],[3.9062,45.3285],[3.9116,45.3295],[3.9141,45.3275],[3.9135,45.3232],[3.9149,45.3220],[3.9116,45.3186],[3.9122,45.3164]]}},{"type":"Feature","properties":{"name":"L\u0027Ance"},"geometry":{"type":"LineString","coordinates":[[3.9122,45.3164],[3.9110,45.3121],[3.9122,45.3088],[3.9106,45.3064],[3.9200,45.3054],[3.9215,45.3071],[3.9179,45.3095],[3.9239,45.3134],[3.9258,45.3140],[3.9315,45.3121],[3.9350,45.3144],[3.9366,45.3144],[3.9387,45.3129],[3.9366,45.3116],[3.9396,45.3091],[3.9381,45.3067],[3.9387,45.3058],[3.9432,45.3068],[3.9478,45.3056],[3.9529,45.3062],[3.9573,45.3026],[3.9568,45.3018],[3.9535,45.3017],[3.9577,45.2994]]}},{"type":"Feature","properties":{"name":"L\u0027Ance"},"geometry":{"type":"LineString","coordinates":[[4.0048,45.2618],[4.0067,45.2577],[4.0134,45.2602],[4.0221,45.2572],[4.0232,45.2577],[4.0226,45.2625],[4.0282,45.2636],[4.0312,45.2622],[4.0350,45.2649],[4.0408,45.2624],[4.0416,45.2637],[4.0405,45.2664],[4.0450,45.2677],[4.0451,45.2692],[4.0464,45.2697]]}},{"type":"Feature","properties":{"name":"L\u0027Ance"},"geometry":{"type":"LineString","coordinates":[[3.9221,45.3116],[3.9283,45.3121]]}},{"type":"Feature","properties":{"name":"L\u0027Ance"},"geometry":{"type":"LineString","coordinates":[[3.9283,45.3121],[3.9294,45.3123]]}},{"type":"Feature","properties":{"name":"L\u0027Ance"},"geometry":{"type":"LineString","coordinates":[[3.9294,45.3123],[3.9306,45.3122]]}},{"type":"Feature","properties":{"name":"L\u0027Ance"},"geometry":{"type":"LineString","coordinates":[[3.9014,45.4843],[3.9034,45.4820],[3.9025,45.4814],[3.9030,45.4805],[3.9013,45.4798],[3.9014,45.4784],[3.9025,45.4777],[3.9012,45.4770],[3.9026,45.4762],[3.9026,45.4726],[3.9012,45.4706],[3.9002,45.4709],[3.8965,45.4683],[3.8979,45.4684],[3.8990,45.4624],[3.8987,45.4601],[3.8974,45.4592],[3.8988,45.4584],[3.8980,45.4566],[3.9008,45.4553],[3.9015,45.4539],[3.9049,45.4534],[3.9067,45.4513],[3.9091,45.4508],[3.9084,45.4498],[3.9091,45.4488],[3.9128,45.4468],[3.9136,45.4452],[3.9114,45.4447],[3.9123,45.4428],[3.9136,45.4427],[3.9126,45.4394],[3.9136,45.4386],[3.9136,45.4369],[3.9197,45.4324],[3.9183,45.4313],[3.9131,45.4311],[3.9155,45.4237],[3.9136,45.4212],[3.9121,45.4207],[3.9109,45.4178],[3.9083,45.4178],[3.9099,45.4120],[3.9034,45.4125],[3.9032,45.4101],[3.8986,45.4104],[3.8985,45.4074],[3.8999,45.4070],[3.8993,45.4056],[3.8925,45.4002],[3.8934,45.3959],[3.8909,45.3962],[3.8891,45.3942],[3.8894,45.3915],[3.8922,45.3891],[3.8916,45.3852],[3.8944,45.3844],[3.8958,45.3823],[3.8951,45.3814],[3.8920,45.3815],[3.8907,45.3807],[3.8916,45.3779],[3.8937,45.3773],[3.8926,45.3747],[3.8929,45.3729],[3.8908,45.3707],[3.8938,45.3677],[3.8929,45.3671],[3.8950,45.3665],[3.8945,45.3658],[3.8963,45.3645],[3.8965,45.3621],[3.8944,45.3599],[3.8985,45.3557],[3.8982,45.3511],[3.9011,45.3484],[3.9024,45.3450],[3.9000,45.3430],[3.9026,45.3421],[3.9023,45.3391],[3.9047,45.3380],[3.9045,45.3339],[3.9058,45.3333]]}},{"type":"Feature","properties":{"name":"L\u0027Ance"},"geometry":{"type":"LineString","coordinates":[[3.9577,45.2994],[3.9616,45.2972],[3.9615,45.2951],[3.9645,45.2951],[3.9654,45.2932],[3.9681,45.2933],[3.9701,45.2944],[3.9715,45.2939],[3.9706,45.2913],[3.9736,45.2903],[3.9738,45.2870],[3.9748,45.2863],[3.9780,45.2864],[3.9790,45.2851],[3.9814,45.2857],[3.9820,45.2849],[3.9845,45.2848],[3.9842,45.2813],[3.9819,45.2791],[3.9842,45.2779],[3.9839,45.2759],[3.9856,45.2751],[3.9872,45.2760],[3.9883,45.2738],[3.9907,45.2734],[3.9948,45.2685],[4.0000,45.2662],[4.0010,45.2633],[4.0040,45.2624]]}},{"type":"Feature","properties":{"name":"L\u0027Ance"},"geometry":{"type":"LineString","coordinates":[[4.0044,45.2621],[4.0048,45.2618]]}},{"type":"Feature","properties":{"name":"L\u0027Ance"},"geometry":{"type":"LineString","coordinates":[[4.0042,45.2623],[4.0044,45.2621]]}},{"type":"Feature","properties":{"name":"L\u0027Ance"},"geometry":{"type":"LineString","coordinates":[[4.0040,45.2624],[4.0042,45.2623]]}},{"type":"Feature","properties":{"name":"L\u0027Ance"},"geometry":{"type":"LineString","coordinates":[[4.0683,45.2749],[4.0657,45.2753],[4.0662,45.2773],[4.0680,45.2782],[4.0708,45.2782],[4.0744,45.2763],[4.0781,45.2781],[4.0863,45.2747],[4.0960,45.2759],[4.0981,45.2754],[4.1001,45.2781],[4.1025,45.2790],[4.1033,45.2817],[4.1071,45.2824],[4.1099,45.2851],[4.1129,45.2850],[4.1157,45.2862],[4.1186,45.2919]]}},{"type":"Feature","properties":{"name":"L\u0027Ance"},"geometry":{"type":"LineString","coordinates":[[4.0464,45.2697],[4.0485,45.2679],[4.0503,45.2676],[4.0517,45.2682],[4.0514,45.2707],[4.0525,45.2722],[4.0556,45.2733],[4.0569,45.2733],[4.0581,45.2701],[4.0639,45.2723],[4.0698,45.2716],[4.0718,45.2729],[4.0701,45.2748],[4.0683,45.2749]]}},{"type":"Feature","properties":{"name":"L\u0027Ance"},"geometry":{"type":"LineString","coordinates":[[4.0057,45.2593],[4.0061,45.2581]]}},{"type":"Feature","properties":{"name":"L\u0027Ance"},"geometry":{"type":"LineString","coordinates":[[4.1181,45.2905],[4.1188,45.2917]]}},{"type":"Feature","properties":{"name":"L\u0027Ance"},"geometry":{"type":"LineString","coordinates":[[4.1051,45.2824],[4.1058,45.2821]]}},{"type":"Feature","properties":{"name":"L\u0027Ance"},"geometry":{"type":"LineString","coordinates":[[4.0536,45.2727],[4.0550,45.2730]]}},{"type":"Feature","properties":{"name":"L\u0027Ance"},"geometry":{"type":"LineString","coordinates":[[4.0318,45.2629],[4.0329,45.2639]]}},{"type":"Feature","properties":{"name":"L\u0027Ance"},"geometry":{"type":"LineString","coordinates":[[4.0230,45.2603],[4.0228,45.2605]]}},{"type":"Feature","properties":{"name":"L\u0027Ance"},"geometry":{"type":"LineString","coordinates":[[4.0230,45.2601],[4.0227,45.2610]]}},{"type":"Feature","properties":{"name":"L\u0027Ance"},"geometry":{"type":"LineString","coordinates":[[4.1014,45.2789],[4.1025,45.2790]]}},{"type":"Feature","properties":{"name":"L\u0027Ance"},"geometry":{"type":"LineString","coordinates":[[4.0929,45.2756],[4.0946,45.2755]]}},{"type":"Feature","properties":{"name":"L\u0027Ance"},"geometry":{"type":"LineString","coordinates":[[4.0837,45.2753],[4.0844,45.2752]]}},{"type":"Feature","properties":{"name":"La Langougnole"},"geometry":{"type":"LineString","coordinates":[[4.0019,44.7903],[3.9986,44.7941],[3.9988,44.7966],[3.9945,44.8016]]}},{"type":"Feature","properties":{"name":"La Langougnole"},"geometry":{"type":"LineString","coordinates":[[3.9945,44.8016],[3.9935,44.8034],[3.9888,44.8052],[3.9873,44.8068],[3.9880,44.8087],[3.9905,44.8097],[3.9895,44.8110]]}},{"type":"Feature","properties":{"name":"Rivière de Malpertuis"},"geometry":{"type":"LineString","coordinates":[[4.5792,45.1249],[4.5809,45.1251],[4.5856,45.1300],[4.5935,45.1340],[4.5964,45.1403]]}},{"type":"Feature","properties":{"name":"Rivière de Malpertuis"},"geometry":{"type":"LineString","coordinates":[[4.5679,45.1180],[4.5740,45.1241],[4.5792,45.1249]]}},{"type":"Feature","properties":{"name":"La Cance"},"geometry":{"type":"LineString","coordinates":[[4.6286,45.2359],[4.6329,45.2346],[4.6405,45.2354],[4.6414,45.2365],[4.6441,45.2354],[4.6481,45.2391]]}},{"type":"Feature","properties":{"name":"La Cance"},"geometry":{"type":"LineString","coordinates":[[4.7733,45.2092],[4.7765,45.2082],[4.7827,45.2103],[4.7835,45.2094],[4.7824,45.2069],[4.7847,45.2042]]}},{"type":"Feature","properties":{"name":"La Cance"},"geometry":{"type":"LineString","coordinates":[[4.5256,45.1887],[4.5307,45.1894],[4.5371,45.1927],[4.5464,45.1997],[4.5491,45.2013],[4.5511,45.2013],[4.5531,45.2032]]}},{"type":"Feature","properties":{"name":"La Cance"},"geometry":{"type":"LineString","coordinates":[[4.7892,45.2032],[4.7908,45.2031],[4.7911,45.2042]]}},{"type":"Feature","properties":{"name":"La Cance"},"geometry":{"type":"LineString","coordinates":[[4.7404,45.2018],[4.7437,45.2024],[4.7477,45.1995],[4.7617,45.2069]]}},{"type":"Feature","properties":{"name":"La Cance"},"geometry":{"type":"LineString","coordinates":[[4.7682,45.2081],[4.7700,45.2088]]}},{"type":"Feature","properties":{"name":"La Cance"},"geometry":{"type":"LineString","coordinates":[[4.7606,45.2066],[4.7617,45.2069]]}},{"type":"Feature","properties":{"name":"La Cance"},"geometry":{"type":"LineString","coordinates":[[4.7617,45.2069],[4.7654,45.2096],[4.7676,45.2080],[4.7731,45.2092]]}},{"type":"Feature","properties":{"name":"La Cance"},"geometry":{"type":"LineString","coordinates":[[4.7731,45.2092],[4.7733,45.2092]]}},{"type":"Feature","properties":{"name":"La Cance"},"geometry":{"type":"LineString","coordinates":[[4.7867,45.2061],[4.7892,45.2032]]}},{"type":"Feature","properties":{"name":"La Cance"},"geometry":{"type":"LineString","coordinates":[[4.7847,45.2042],[4.7860,45.2048]]}},{"type":"Feature","properties":{"name":"La Cance"},"geometry":{"type":"LineString","coordinates":[[4.7911,45.2042],[4.7912,45.2045]]}},{"type":"Feature","properties":{"name":"La Cance"},"geometry":{"type":"LineString","coordinates":[[4.7925,45.2055],[4.7954,45.2048]]}},{"type":"Feature","properties":{"name":"La Cance"},"geometry":{"type":"LineString","coordinates":[[4.7954,45.2048],[4.8012,45.2067]]}},{"type":"Feature","properties":{"name":"La Cance"},"geometry":{"type":"LineString","coordinates":[[4.8012,45.2067],[4.8060,45.2056],[4.8102,45.2026]]}},{"type":"Feature","properties":{"name":"La Cance"},"geometry":{"type":"LineString","coordinates":[[4.7912,45.2048],[4.7915,45.2057],[4.7925,45.2055]]}},{"type":"Feature","properties":{"name":"La Cance"},"geometry":{"type":"LineString","coordinates":[[4.7912,45.2046],[4.7912,45.2048]]}},{"type":"Feature","properties":{"name":"La Cance"},"geometry":{"type":"LineString","coordinates":[[4.7912,45.2045],[4.7912,45.2046]]}},{"type":"Feature","properties":{"name":"La Cance"},"geometry":{"type":"LineString","coordinates":[[4.7022,45.2111],[4.7058,45.2091],[4.7079,45.2092],[4.7092,45.2078],[4.7157,45.2075]]}},{"type":"Feature","properties":{"name":"La Cance"},"geometry":{"type":"LineString","coordinates":[[4.7022,45.2111],[4.7022,45.2111]]}},{"type":"Feature","properties":{"name":"La Cance"},"geometry":{"type":"LineString","coordinates":[[4.7158,45.2074],[4.7218,45.2050]]}},{"type":"Feature","properties":{"name":"La Cance"},"geometry":{"type":"LineString","coordinates":[[4.7157,45.2075],[4.7158,45.2074]]}},{"type":"Feature","properties":{"name":"La Cance"},"geometry":{"type":"LineString","coordinates":[[4.7219,45.2050],[4.7270,45.2055],[4.7276,45.2035],[4.7329,45.2030],[4.7356,45.2008],[4.7395,45.2003],[4.7404,45.2018]]}},{"type":"Feature","properties":{"name":"La Cance"},"geometry":{"type":"LineString","coordinates":[[4.7218,45.2050],[4.7219,45.2050]]}},{"type":"Feature","properties":{"name":"La Cance"},"geometry":{"type":"LineString","coordinates":[[4.7005,45.2132],[4.7022,45.2111]]}},{"type":"Feature","properties":{"name":"La Cance"},"geometry":{"type":"LineString","coordinates":[[4.7005,45.2132],[4.7005,45.2132]]}},{"type":"Feature","properties":{"name":"La Cance"},"geometry":{"type":"LineString","coordinates":[[4.6800,45.2256],[4.6800,45.2255]]}},{"type":"Feature","properties":{"name":"La Cance"},"geometry":{"type":"LineString","coordinates":[[4.6740,45.2345],[4.6773,45.2299],[4.6748,45.2294],[4.6745,45.2259]]}},{"type":"Feature","properties":{"name":"La Cance"},"geometry":{"type":"LineString","coordinates":[[4.6798,45.2255],[4.6800,45.2256]]}},{"type":"Feature","properties":{"name":"La Cance"},"geometry":{"type":"LineString","coordinates":[[4.6745,45.2259],[4.6745,45.2258]]}},{"type":"Feature","properties":{"name":"La Cance"},"geometry":{"type":"LineString","coordinates":[[4.6800,45.2255],[4.6836,45.2252],[4.6857,45.2230]]}},{"type":"Feature","properties":{"name":"La Cance"},"geometry":{"type":"LineString","coordinates":[[4.6799,45.2256],[4.6800,45.2256]]}},{"type":"Feature","properties":{"name":"La Cance"},"geometry":{"type":"LineString","coordinates":[[4.6745,45.2258],[4.6759,45.2246],[4.6798,45.2255]]}},{"type":"Feature","properties":{"name":"La Cance"},"geometry":{"type":"LineString","coordinates":[[4.6798,45.2255],[4.6799,45.2256]]}},{"type":"Feature","properties":{"name":"La Cance"},"geometry":{"type":"LineString","coordinates":[[4.6857,45.2230],[4.6871,45.2207],[4.6901,45.2219],[4.6924,45.2196],[4.6944,45.2204],[4.6978,45.2189],[4.6978,45.2157],[4.7006,45.2141],[4.7005,45.2132]]}},{"type":"Feature","properties":{"name":"La Cance"},"geometry":{"type":"LineString","coordinates":[[4.6926,45.2197],[4.6939,45.2204]]}},{"type":"Feature","properties":{"name":"La Cance"},"geometry":{"type":"LineString","coordinates":[[4.6042,45.2330],[4.6043,45.2330]]}},{"type":"Feature","properties":{"name":"La Cance"},"geometry":{"type":"LineString","coordinates":[[4.6164,45.2356],[4.6188,45.2365],[4.6211,45.2361],[4.6254,45.2384]]}},{"type":"Feature","properties":{"name":"La Cance"},"geometry":{"type":"LineString","coordinates":[[4.6255,45.2383],[4.6286,45.2359]]}},{"type":"Feature","properties":{"name":"La Cance"},"geometry":{"type":"LineString","coordinates":[[4.6043,45.2330],[4.6043,45.2330]]}},{"type":"Feature","properties":{"name":"La Cance"},"geometry":{"type":"LineString","coordinates":[[4.6254,45.2384],[4.6255,45.2383]]}},{"type":"Feature","properties":{"name":"La Cance"},"geometry":{"type":"LineString","coordinates":[[4.6043,45.2330],[4.6117,45.2350],[4.6148,45.2343],[4.6164,45.2356]]}},{"type":"Feature","properties":{"name":"La Cance"},"geometry":{"type":"LineString","coordinates":[[4.6550,45.2400],[4.6554,45.2416],[4.6577,45.2416],[4.6585,45.2392],[4.6595,45.2389],[4.6590,45.2384]]}},{"type":"Feature","properties":{"name":"La Cance"},"geometry":{"type":"LineString","coordinates":[[4.6550,45.2399],[4.6550,45.2400]]}},{"type":"Feature","properties":{"name":"La Cance"},"geometry":{"type":"LineString","coordinates":[[4.6481,45.2391],[4.6483,45.2391]]}},{"type":"Feature","properties":{"name":"La Cance"},"geometry":{"type":"LineString","coordinates":[[4.6483,45.2391],[4.6531,45.2406],[4.6538,45.2395],[4.6550,45.2399]]}},{"type":"Feature","properties":{"name":"La Cance"},"geometry":{"type":"LineString","coordinates":[[4.6590,45.2384],[4.6590,45.2384]]}},{"type":"Feature","properties":{"name":"La Cance"},"geometry":{"type":"LineString","coordinates":[[4.6590,45.2384],[4.6588,45.2370],[4.6598,45.2371]]}},{"type":"Feature","properties":{"name":"La Cance"},"geometry":{"type":"LineString","coordinates":[[4.6710,45.2381],[4.6721,45.2354],[4.6740,45.2345]]}},{"type":"Feature","properties":{"name":"La Cance"},"geometry":{"type":"LineString","coordinates":[[4.6598,45.2371],[4.6615,45.2386],[4.6710,45.2381]]}},{"type":"Feature","properties":{"name":"La Cance"},"geometry":{"type":"LineString","coordinates":[[4.6598,45.2371],[4.6598,45.2371]]}},{"type":"Feature","properties":{"name":"La Cance"},"geometry":{"type":"LineString","coordinates":[[4.5820,45.2199],[4.5822,45.2199]]}},{"type":"Feature","properties":{"name":"La Cance"},"geometry":{"type":"LineString","coordinates":[[4.6004,45.2311],[4.6042,45.2330]]}},{"type":"Feature","properties":{"name":"La Cance"},"geometry":{"type":"LineString","coordinates":[[4.5905,45.2234],[4.5952,45.2265],[4.5963,45.2301],[4.6004,45.2311]]}},{"type":"Feature","properties":{"name":"La Cance"},"geometry":{"type":"LineString","coordinates":[[4.5532,45.2032],[4.5586,45.2045]]}},{"type":"Feature","properties":{"name":"La Cance"},"geometry":{"type":"LineString","coordinates":[[4.5723,45.2134],[4.5760,45.2145],[4.5820,45.2199]]}},{"type":"Feature","properties":{"name":"La Cance"},"geometry":{"type":"LineString","coordinates":[[4.5702,45.2117],[4.5702,45.2117]]}},{"type":"Feature","properties":{"name":"La Cance"},"geometry":{"type":"LineString","coordinates":[[4.5722,45.2133],[4.5723,45.2134]]}},{"type":"Feature","properties":{"name":"La Cance"},"geometry":{"type":"LineString","coordinates":[[4.5586,45.2045],[4.5587,45.2046]]}},{"type":"Feature","properties":{"name":"La Cance"},"geometry":{"type":"LineString","coordinates":[[4.5587,45.2046],[4.5616,45.2062],[4.5622,45.2077],[4.5663,45.2088],[4.5702,45.2117]]}},{"type":"Feature","properties":{"name":"La Cance"},"geometry":{"type":"LineString","coordinates":[[4.5702,45.2117],[4.5722,45.2133]]}},{"type":"Feature","properties":{"name":"La Cance"},"geometry":{"type":"LineString","coordinates":[[4.5181,45.1859],[4.5256,45.1887]]}},{"type":"Feature","properties":{"name":"La Cance"},"geometry":{"type":"LineString","coordinates":[[4.7847,45.2042],[4.7859,45.2041],[4.7867,45.2061]]}},{"type":"Feature","properties":{"name":"La Cance"},"geometry":{"type":"LineString","coordinates":[[4.5822,45.2199],[4.5849,45.2214],[4.5890,45.2216],[4.5905,45.2234]]}},{"type":"Feature","properties":{"name":"La Bouterne"},"geometry":{"type":"LineString","coordinates":[[4.8689,45.0762],[4.8657,45.0752],[4.8633,45.0703],[4.8652,45.0663],[4.8650,45.0646]]}},{"type":"Feature","properties":{"name":"La Bouterne"},"geometry":{"type":"LineString","coordinates":[[4.8804,45.0891],[4.8807,45.0878],[4.8790,45.0850],[4.8697,45.0763]]}},{"type":"Feature","properties":{"name":"La Bouterne"},"geometry":{"type":"LineString","coordinates":[[4.8834,45.1026],[4.8806,45.0998],[4.8792,45.0953],[4.8804,45.0893]]}},{"type":"Feature","properties":{"name":"La Bouterne"},"geometry":{"type":"LineString","coordinates":[[4.8804,45.0893],[4.8804,45.0891]]}},{"type":"Feature","properties":{"name":"La Bouterne"},"geometry":{"type":"LineString","coordinates":[[4.8697,45.0763],[4.8689,45.0762]]}},{"type":"Feature","properties":{"name":"La Bouterne"},"geometry":{"type":"LineString","coordinates":[[4.8835,45.1027],[4.8834,45.1026]]}},{"type":"Feature","properties":{"name":"La Bouterne"},"geometry":{"type":"LineString","coordinates":[[4.8650,45.0646],[4.8629,45.0627]]}},{"type":"Feature","properties":{"name":"La Bouterne"},"geometry":{"type":"LineString","coordinates":[[4.8628,45.0627],[4.8610,45.0600]]}},{"type":"Feature","properties":{"name":"La Bouterne"},"geometry":{"type":"LineString","coordinates":[[4.8943,45.1108],[4.8941,45.1108]]}},{"type":"Feature","properties":{"name":"La Bouterne"},"geometry":{"type":"LineString","coordinates":[[4.8937,45.1101],[4.8905,45.1076],[4.8864,45.1060],[4.8856,45.1046]]}},{"type":"Feature","properties":{"name":"La Bouterne"},"geometry":{"type":"LineString","coordinates":[[4.8980,45.1116],[4.8976,45.1114]]}},{"type":"Feature","properties":{"name":"La Bouterne"},"geometry":{"type":"LineString","coordinates":[[4.8941,45.1108],[4.8937,45.1101]]}},{"type":"Feature","properties":{"name":"La Bouterne"},"geometry":{"type":"LineString","coordinates":[[4.8976,45.1114],[4.8943,45.1108]]}},{"type":"Feature","properties":{"name":"La Bouterne"},"geometry":{"type":"LineString","coordinates":[[4.8856,45.1046],[4.8835,45.1027]]}},{"type":"Feature","properties":{"name":"La Bouterne"},"geometry":{"type":"LineString","coordinates":[[4.8857,45.1046],[4.8856,45.1046]]}},{"type":"Feature","properties":{"name":"La Fontaulière"},"geometry":{"type":"LineString","coordinates":[[4.1421,44.7140],[4.1419,44.7132],[4.1481,44.7118],[4.1508,44.7136],[4.1523,44.7118],[4.1558,44.7118],[4.1632,44.7084],[4.1674,44.7084],[4.1707,44.7058],[4.1712,44.7071],[4.1787,44.7050],[4.1963,44.7047],[4.1975,44.7032],[4.2046,44.7049],[4.2096,44.7037],[4.2155,44.7051],[4.2205,44.7039],[4.2222,44.7050],[4.2243,44.7044],[4.2263,44.7050],[4.2364,44.7020],[4.2412,44.7020],[4.2515,44.6967],[4.2539,44.6968],[4.2561,44.6946],[4.2584,44.6961],[4.2584,44.6936],[4.2682,44.6929],[4.2745,44.6886],[4.2838,44.6873],[4.2825,44.6824],[4.2840,44.6811],[4.2847,44.6773],[4.2873,44.6756],[4.2853,44.6739],[4.2853,44.6727],[4.2861,44.6713],[4.2884,44.6713],[4.2888,44.6690]]}},{"type":"Feature","properties":{"name":"La Boulogne"},"geometry":{"type":"LineString","coordinates":[[4.4329,44.6871],[4.4312,44.6862],[4.4310,44.6836],[4.4328,44.6821],[4.4294,44.6807]]}},{"type":"Feature","properties":{"name":"La Boulogne"},"geometry":{"type":"LineString","coordinates":[[4.4257,44.6710],[4.4273,44.6688],[4.4272,44.6673],[4.4225,44.6673],[4.4218,44.6659],[4.4229,44.6636],[4.4175,44.6630],[4.4181,44.6614],[4.4168,44.6604]]}},{"type":"Feature","properties":{"name":"La Boulogne"},"geometry":{"type":"LineString","coordinates":[[4.4363,44.6897],[4.4349,44.6892],[4.4343,44.6871],[4.4329,44.6871]]}},{"type":"Feature","properties":{"name":"La Boulogne"},"geometry":{"type":"LineString","coordinates":[[4.4259,44.6752],[4.4240,44.6725],[4.4257,44.6710]]}},{"type":"Feature","properties":{"name":"La Boulogne"},"geometry":{"type":"LineString","coordinates":[[4.4294,44.6807],[4.4295,44.6801]]}},{"type":"Feature","properties":{"name":"La Boulogne"},"geometry":{"type":"LineString","coordinates":[[4.4262,44.6758],[4.4259,44.6752]]}},{"type":"Feature","properties":{"name":"La Boulogne"},"geometry":{"type":"LineString","coordinates":[[4.4295,44.6801],[4.4300,44.6790],[4.4266,44.6772]]}},{"type":"Feature","properties":{"name":"La Boulogne"},"geometry":{"type":"LineString","coordinates":[[4.4262,44.6766],[4.4262,44.6758]]}},{"type":"Feature","properties":{"name":"La Boulogne"},"geometry":{"type":"LineString","coordinates":[[4.4266,44.6772],[4.4262,44.6766]]}},{"type":"Feature","properties":{"name":"La Suissesse"},"geometry":{"type":"LineString","coordinates":[[3.9563,45.1231],[3.9515,45.1230],[3.9482,45.1248],[3.9436,45.1243],[3.9423,45.1233],[3.9399,45.1245],[3.9342,45.1245]]}},{"type":"Feature","properties":{"name":"La Suissesse"},"geometry":{"type":"LineString","coordinates":[[3.9342,45.1245],[3.9292,45.1265],[3.9239,45.1260],[3.9205,45.1278]]}},{"type":"Feature","properties":{"name":"Le Gardon d\u0027Alès"},"geometry":{"type":"LineString","coordinates":[[3.8594,44.2660],[3.8618,44.2687],[3.8642,44.2671],[3.8697,44.2686],[3.8705,44.2678],[3.8696,44.2654],[3.8725,44.2633],[3.8721,44.2607],[3.8735,44.2601],[3.8710,44.2591],[3.8717,44.2563],[3.8739,44.2563],[3.8744,44.2579],[3.8771,44.2567],[3.8798,44.2539],[3.8830,44.2549],[3.8824,44.2522],[3.8867,44.2514],[3.8885,44.2487],[3.8980,44.2490],[3.9060,44.2469],[3.9077,44.2476],[3.9076,44.2498],[3.9091,44.2504],[3.9121,44.2491],[3.9133,44.2474],[3.9185,44.2469],[3.9157,44.2434],[3.9193,44.2419],[3.9220,44.2418],[3.9237,44.2447],[3.9274,44.2441],[3.9276,44.2466],[3.9289,44.2467],[3.9301,44.2451],[3.9329,44.2455],[3.9440,44.2393],[3.9466,44.2412],[3.9463,44.2423],[3.9475,44.2442],[3.9517,44.2462],[3.9511,44.2474],[3.9531,44.2491],[3.9564,44.2499],[3.9562,44.2485],[3.9538,44.2472],[3.9563,44.2470],[3.9594,44.2480],[3.9606,44.2507],[3.9619,44.2509],[3.9654,44.2476],[3.9676,44.2500],[3.9676,44.2514],[3.9689,44.2520],[3.9728,44.2495],[3.9723,44.2476],[3.9779,44.2481],[3.9773,44.2436],[3.9791,44.2417],[3.9809,44.2425]]}},{"type":"Feature","properties":{"name":"Le Gardon d\u0027Alès"},"geometry":{"type":"LineString","coordinates":[[3.9849,44.2397],[3.9859,44.2375],[3.9841,44.2349],[3.9856,44.2335],[3.9904,44.2341],[3.9916,44.2312],[3.9987,44.2284],[4.0003,44.2291],[4.0011,44.2315],[4.0054,44.2310]]}},{"type":"Feature","properties":{"name":"Le Gardon d\u0027Alès"},"geometry":{"type":"LineString","coordinates":[[3.9716,44.2502],[3.9723,44.2482]]}},{"type":"Feature","properties":{"name":"Le Gardon d\u0027Alès"},"geometry":{"type":"LineString","coordinates":[[3.9821,44.2430],[3.9858,44.2434],[3.9849,44.2397]]}},{"type":"Feature","properties":{"name":"Le Gardon d\u0027Alès"},"geometry":{"type":"LineString","coordinates":[[3.9809,44.2425],[3.9821,44.2430]]}},{"type":"Feature","properties":{"name":"La Claysse"},"geometry":{"type":"LineString","coordinates":[[4.2719,44.2712],[4.2753,44.2691],[4.2750,44.2651],[4.2802,44.2621],[4.2794,44.2589],[4.2803,44.2568]]}},{"type":"Feature","properties":{"name":"La Claysse"},"geometry":{"type":"LineString","coordinates":[[4.1562,44.3260],[4.1589,44.3242],[4.1586,44.3231],[4.1620,44.3227]]}},{"type":"Feature","properties":{"name":"La Claysse"},"geometry":{"type":"LineString","coordinates":[[4.2803,44.2568],[4.2805,44.2556],[4.2847,44.2510],[4.2837,44.2479],[4.2892,44.2444],[4.2887,44.2413]]}},{"type":"Feature","properties":{"name":"La Claysse"},"geometry":{"type":"LineString","coordinates":[[4.1524,44.3372],[4.1503,44.3343]]}},{"type":"Feature","properties":{"name":"La Claysse"},"geometry":{"type":"LineString","coordinates":[[4.2455,44.3023],[4.2522,44.2991],[4.2547,44.2955],[4.2602,44.2924],[4.2588,44.2903],[4.2632,44.2850],[4.2613,44.2825],[4.2622,44.2817],[4.2609,44.2791],[4.2647,44.2793],[4.2652,44.2776],[4.2692,44.2744],[4.2689,44.2723],[4.2719,44.2712]]}},{"type":"Feature","properties":{"name":"La Claysse"},"geometry":{"type":"LineString","coordinates":[[4.1503,44.3342],[4.1494,44.3311],[4.1504,44.3295]]}},{"type":"Feature","properties":{"name":"La Claysse"},"geometry":{"type":"LineString","coordinates":[[4.1503,44.3343],[4.1503,44.3342]]}},{"type":"Feature","properties":{"name":"La Claysse"},"geometry":{"type":"LineString","coordinates":[[4.1505,44.3294],[4.1528,44.3277],[4.1532,44.3263],[4.1562,44.3260]]}},{"type":"Feature","properties":{"name":"La Claysse"},"geometry":{"type":"LineString","coordinates":[[4.1504,44.3295],[4.1505,44.3294]]}},{"type":"Feature","properties":{"name":"Palhères"},"geometry":{"type":"LineString","coordinates":[[3.8773,44.4068],[3.8808,44.4084],[3.8844,44.4075],[3.8865,44.4081],[3.8890,44.4072],[3.8904,44.4083],[3.8969,44.4074]]}},{"type":"Feature","properties":{"name":"Palhères"},"geometry":{"type":"LineString","coordinates":[[3.8744,44.4063],[3.8773,44.4068]]}},{"type":"Feature","properties":{"name":"Palhères"},"geometry":{"type":"LineString","coordinates":[[3.8969,44.4074],[3.8989,44.4084]]}},{"type":"Feature","properties":{"name":"Palhères"},"geometry":{"type":"LineString","coordinates":[[3.8989,44.4084],[3.9010,44.4097],[3.9079,44.4101],[3.9108,44.4123]]}},{"type":"Feature","properties":{"name":"Palhères"},"geometry":{"type":"LineString","coordinates":[[3.9108,44.4123],[3.9108,44.4159]]}},{"type":"Feature","properties":{"name":"Palhères"},"geometry":{"type":"LineString","coordinates":[[3.9108,44.4159],[3.9095,44.4220],[3.9108,44.4226]]}},{"type":"Feature","properties":{"name":"La Beaume"},"geometry":{"type":"LineString","coordinates":[[4.1904,44.5430],[4.1904,44.5415],[4.1926,44.5382],[4.1970,44.5370],[4.1936,44.5358],[4.1932,44.5340],[4.1951,44.5326],[4.1920,44.5318],[4.1946,44.5299],[4.1970,44.5267],[4.1955,44.5259],[4.1956,44.5246],[4.1986,44.5235],[4.2010,44.5194],[4.2007,44.5181],[4.1972,44.5161],[4.1968,44.5140],[4.2006,44.5115],[4.2028,44.5112],[4.2079,44.5154],[4.2101,44.5162],[4.2124,44.5157],[4.2137,44.5131],[4.2110,44.5105],[4.2140,44.5082],[4.2097,44.5027],[4.2099,44.5002],[4.2111,44.4986],[4.2260,44.4995],[4.2333,44.4977],[4.2393,44.4999],[4.2399,44.4973],[4.2348,44.4929],[4.2352,44.4895],[4.2400,44.4820],[4.2439,44.4809],[4.2497,44.4818],[4.2626,44.4773],[4.2704,44.4674],[4.2703,44.4640],[4.2758,44.4556],[4.2780,44.4550],[4.2822,44.4555],[4.2842,44.4544],[4.2818,44.4506],[4.2878,44.4511],[4.2898,44.4536],[4.2914,44.4535],[4.2950,44.4495],[4.2974,44.4513],[4.2992,44.4511],[4.3031,44.4469],[4.3064,44.4463],[4.3085,44.4472],[4.3088,44.4493],[4.3100,44.4501],[4.3134,44.4499],[4.3154,44.4478],[4.3170,44.4478],[4.3178,44.4516],[4.3201,44.4512],[4.3217,44.4494],[4.3235,44.4495],[4.3248,44.4510],[4.3235,44.4528],[4.3262,44.4536],[4.3295,44.4512],[4.3280,44.4499],[4.3304,44.4470],[4.3299,44.4429],[4.3311,44.4386],[4.3332,44.4365]]}},{"type":"Feature","properties":{"name":"La Beaume"},"geometry":{"type":"LineString","coordinates":[[4.2381,44.4995],[4.2394,44.4997]]}},{"type":"Feature","properties":{"name":"La Beaume"},"geometry":{"type":"LineString","coordinates":[[4.2098,44.5006],[4.2103,44.4996]]}},{"type":"Feature","properties":{"name":"La Beaume"},"geometry":{"type":"LineString","coordinates":[[4.1937,44.5321],[4.1925,44.5322]]}},{"type":"Feature","properties":{"name":"La Beaume"},"geometry":{"type":"LineString","coordinates":[[4.2137,44.5129],[4.2140,44.5121],[4.2131,44.5118]]}},{"type":"Feature","properties":{"name":"La Beaume"},"geometry":{"type":"LineString","coordinates":[[4.1917,44.5638],[4.1911,44.5600],[4.1935,44.5575],[4.1918,44.5555],[4.1947,44.5527],[4.1923,44.5499],[4.1943,44.5452],[4.1904,44.5430]]}},{"type":"Feature","properties":{"name":"La Beaume"},"geometry":{"type":"LineString","coordinates":[[4.0882,44.5939],[4.0932,44.5945],[4.0970,44.5920],[4.1055,44.5935],[4.1098,44.5926],[4.1119,44.5907]]}},{"type":"Feature","properties":{"name":"La Beaume"},"geometry":{"type":"LineString","coordinates":[[4.1429,44.5818],[4.1480,44.5807],[4.1497,44.5786],[4.1565,44.5769],[4.1584,44.5758],[4.1597,44.5733],[4.1632,44.5731],[4.1671,44.5704],[4.1740,44.5702],[4.1761,44.5678],[4.1832,44.5645],[4.1892,44.5666],[4.1903,44.5645],[4.1917,44.5638]]}},{"type":"Feature","properties":{"name":"La Beaume"},"geometry":{"type":"LineString","coordinates":[[4.1119,44.5907],[4.1193,44.5896],[4.1261,44.5858],[4.1329,44.5851],[4.1364,44.5825],[4.1401,44.5813],[4.1429,44.5818]]}},{"type":"Feature","properties":{"name":"Le Frayol"},"geometry":{"type":"LineString","coordinates":[[4.6908,44.5441],[4.6928,44.5445]]}},{"type":"Feature","properties":{"name":"Le Frayol"},"geometry":{"type":"LineString","coordinates":[[4.6325,44.5800],[4.6334,44.5753],[4.6319,44.5744],[4.6331,44.5736],[4.6330,44.5723],[4.6346,44.5716],[4.6353,44.5687],[4.6478,44.5642],[4.6490,44.5617],[4.6510,44.5617],[4.6537,44.5582],[4.6555,44.5585],[4.6551,44.5567],[4.6567,44.5557],[4.6615,44.5448],[4.6690,44.5417],[4.6735,44.5411],[4.6780,44.5423],[4.6798,44.5407],[4.6908,44.5441]]}},{"type":"Feature","properties":{"name":"Le Roubreau"},"geometry":{"type":"LineString","coordinates":[[4.2891,44.5339],[4.2894,44.5305],[4.2943,44.5317],[4.2957,44.5302]]}},{"type":"Feature","properties":{"name":"Le Roubreau"},"geometry":{"type":"LineString","coordinates":[[4.2592,44.5475],[4.2611,44.5476],[4.2610,44.5461],[4.2625,44.5463],[4.2691,44.5418],[4.2718,44.5439],[4.2738,44.5435],[4.2777,44.5415],[4.2793,44.5383],[4.2840,44.5366]]}},{"type":"Feature","properties":{"name":"Le Roubreau"},"geometry":{"type":"LineString","coordinates":[[4.2851,44.5358],[4.2891,44.5339]]}},{"type":"Feature","properties":{"name":"Le Roubreau"},"geometry":{"type":"LineString","coordinates":[[4.2840,44.5366],[4.2851,44.5358]]}},{"type":"Feature","properties":{"name":"Le Salindres"},"geometry":{"type":"LineString","coordinates":[[4.1814,44.4164],[4.1771,44.4143],[4.1793,44.4126],[4.1788,44.4118],[4.1746,44.4123]]}},{"type":"Feature","properties":{"name":"Le Salindres"},"geometry":{"type":"LineString","coordinates":[[4.1966,44.4429],[4.1957,44.4386],[4.1942,44.4391],[4.1919,44.4379],[4.1978,44.4354],[4.1974,44.4328],[4.1917,44.4331],[4.1897,44.4293],[4.1846,44.4290],[4.1846,44.4251],[4.1832,44.4238],[4.1802,44.4250],[4.1786,44.4241],[4.1794,44.4222],[4.1835,44.4219],[4.1828,44.4208],[4.1780,44.4200],[4.1770,44.4191],[4.1780,44.4179],[4.1809,44.4191],[4.1819,44.4178],[4.1814,44.4164]]}},{"type":"Feature","properties":{"name":"Le Salindres"},"geometry":{"type":"LineString","coordinates":[[4.1879,44.4599],[4.1930,44.4569],[4.1927,44.4559],[4.1909,44.4556],[4.1941,44.4509],[4.1917,44.4487],[4.1931,44.4470],[4.1917,44.4443],[4.1931,44.4442],[4.1950,44.4459],[4.1966,44.4429]]}},{"type":"Feature","properties":{"name":"Le Salindres"},"geometry":{"type":"LineString","coordinates":[[4.1241,44.4975],[4.1235,44.4941],[4.1247,44.4915],[4.1220,44.4884],[4.1246,44.4856],[4.1267,44.4859],[4.1293,44.4836],[4.1274,44.4829],[4.1263,44.4807],[4.1271,44.4761],[4.1308,44.4739],[4.1304,44.4724],[4.1316,44.4727],[4.1344,44.4710],[4.1386,44.4719],[4.1440,44.4690],[4.1466,44.4651],[4.1489,44.4641],[4.1488,44.4626],[4.1523,44.4603],[4.1523,44.4584],[4.1551,44.4580],[4.1567,44.4539],[4.1587,44.4552],[4.1603,44.4534],[4.1626,44.4556],[4.1641,44.4544],[4.1684,44.4545],[4.1719,44.4568],[4.1747,44.4574],[4.1771,44.4602],[4.1822,44.4582],[4.1859,44.4604],[4.1879,44.4599]]}},{"type":"Feature","properties":{"name":"Le Vermenon"},"geometry":{"type":"LineString","coordinates":[[4.8145,44.5479],[4.8122,44.5448]]}},{"type":"Feature","properties":{"name":"Le Vermenon"},"geometry":{"type":"LineString","coordinates":[[4.8776,44.5640],[4.8736,44.5644],[4.8728,44.5629],[4.8678,44.5625],[4.8618,44.5593],[4.8591,44.5609],[4.8562,44.5606],[4.8543,44.5587],[4.8490,44.5597],[4.8473,44.5579],[4.8412,44.5568],[4.8396,44.5555],[4.8351,44.5559],[4.8322,44.5553],[4.8237,44.5503],[4.8145,44.5479]]}},{"type":"Feature","properties":{"name":"Le Vermenon"},"geometry":{"type":"LineString","coordinates":[[4.8777,44.5641],[4.8776,44.5640]]}},{"type":"Feature","properties":{"name":"Le Vermenon"},"geometry":{"type":"LineString","coordinates":[[4.9151,44.5648],[4.9065,44.5653],[4.9001,44.5643],[4.8949,44.5615],[4.8917,44.5613],[4.8885,44.5621],[4.8866,44.5641],[4.8830,44.5626],[4.8805,44.5642],[4.8777,44.5641]]}},{"type":"Feature","properties":{"name":"L\u0027Homol"},"geometry":{"type":"LineString","coordinates":[[3.9849,44.3337],[3.9919,44.3304],[3.9949,44.3299],[4.0014,44.3251],[4.0024,44.3230],[4.0035,44.3232],[4.0035,44.3254],[4.0057,44.3234],[4.0096,44.3253],[4.0098,44.3220],[4.0171,44.3211],[4.0182,44.3231],[4.0208,44.3221],[4.0215,44.3235],[4.0230,44.3221],[4.0293,44.3209],[4.0296,44.3195],[4.0340,44.3174],[4.0368,44.3172],[4.0374,44.3194],[4.0451,44.3175],[4.0468,44.3189]]}},{"type":"Feature","properties":{"name":"L\u0027Homol"},"geometry":{"type":"LineString","coordinates":[[3.9523,44.3419],[3.9541,44.3383],[3.9575,44.3357],[3.9612,44.3363],[3.9638,44.3349],[3.9658,44.3358],[3.9749,44.3332],[3.9849,44.3337]]}},{"type":"Feature","properties":{"name":"Le Lauzon"},"geometry":{"type":"LineString","coordinates":[[4.7143,44.3042],[4.7120,44.2993],[4.7117,44.2962],[4.7094,44.2925],[4.7022,44.2877]]}},{"type":"Feature","properties":{"name":"Le Lauzon"},"geometry":{"type":"LineString","coordinates":[[4.6957,44.2833],[4.6956,44.2832]]}},{"type":"Feature","properties":{"name":"Le Lauzon"},"geometry":{"type":"LineString","coordinates":[[4.6956,44.2832],[4.6849,44.2758],[4.6821,44.2750],[4.6781,44.2760],[4.6757,44.2726],[4.6728,44.2705],[4.6678,44.2696],[4.6604,44.2724],[4.6569,44.2711]]}},{"type":"Feature","properties":{"name":"Le Lauzon"},"geometry":{"type":"LineString","coordinates":[[4.6569,44.2711],[4.6557,44.2687],[4.6561,44.2638],[4.6590,44.2551]]}},{"type":"Feature","properties":{"name":"Le Lauzon"},"geometry":{"type":"LineString","coordinates":[[4.7171,44.3145],[4.7190,44.3134],[4.7149,44.3070],[4.7143,44.3042]]}},{"type":"Feature","properties":{"name":"Le Lauzon"},"geometry":{"type":"LineString","coordinates":[[4.7312,44.3432],[4.7301,44.3378],[4.7268,44.3348],[4.7264,44.3333],[4.7289,44.3242],[4.7229,44.3216],[4.7223,44.3204]]}},{"type":"Feature","properties":{"name":"Le Lauzon"},"geometry":{"type":"LineString","coordinates":[[4.7316,44.3433],[4.7312,44.3432]]}},{"type":"Feature","properties":{"name":"Le Lauzon"},"geometry":{"type":"LineString","coordinates":[[4.7222,44.3201],[4.7204,44.3196]]}},{"type":"Feature","properties":{"name":"Le Lauzon"},"geometry":{"type":"LineString","coordinates":[[4.7223,44.3204],[4.7222,44.3201]]}},{"type":"Feature","properties":{"name":"Le Lauzon"},"geometry":{"type":"LineString","coordinates":[[4.7171,44.3146],[4.7171,44.3145]]}},{"type":"Feature","properties":{"name":"Le Lauzon"},"geometry":{"type":"LineString","coordinates":[[4.7204,44.3196],[4.7197,44.3166],[4.7171,44.3146]]}},{"type":"Feature","properties":{"name":"Le Lauzon"},"geometry":{"type":"LineString","coordinates":[[4.6591,44.2549],[4.6630,44.2485],[4.6619,44.2472]]}},{"type":"Feature","properties":{"name":"Le Lauzon"},"geometry":{"type":"LineString","coordinates":[[4.6590,44.2551],[4.6591,44.2549]]}},{"type":"Feature","properties":{"name":"Le Lauzon"},"geometry":{"type":"LineString","coordinates":[[4.7011,44.2870],[4.6957,44.2833]]}},{"type":"Feature","properties":{"name":"Le Lauzon"},"geometry":{"type":"LineString","coordinates":[[4.7020,44.2875],[4.7011,44.2870]]}},{"type":"Feature","properties":{"name":"Le Lauzon"},"geometry":{"type":"LineString","coordinates":[[4.7021,44.2876],[4.7020,44.2875]]}},{"type":"Feature","properties":{"name":"Le Lauzon"},"geometry":{"type":"LineString","coordinates":[[4.7022,44.2877],[4.7021,44.2876]]}},{"type":"Feature","properties":{"name":"Le Rieussec"},"geometry":{"type":"LineString","coordinates":[[4.3702,44.3708],[4.3720,44.3731],[4.3709,44.3746],[4.3711,44.3779],[4.3784,44.3825],[4.3806,44.3818],[4.3817,44.3834],[4.3856,44.3858],[4.3856,44.3868],[4.3930,44.3838],[4.3942,44.3823],[4.3967,44.3841],[4.4022,44.3833],[4.4051,44.3865],[4.4080,44.3864]]}},{"type":"Feature","properties":{"name":"Le Rieussec"},"geometry":{"type":"LineString","coordinates":[[4.3252,44.3676],[4.3312,44.3681],[4.3317,44.3692],[4.3342,44.3696],[4.3335,44.3703],[4.3362,44.3705],[4.3412,44.3682],[4.3438,44.3655],[4.3455,44.3658],[4.3462,44.3641],[4.3493,44.3641],[4.3499,44.3650],[4.3511,44.3640],[4.3538,44.3653],[4.3530,44.3672],[4.3564,44.3681],[4.3594,44.3668],[4.3660,44.3667],[4.3678,44.3685],[4.3697,44.3689],[4.3702,44.3708]]}},{"type":"Feature","properties":{"name":"Ruisseau des Morangiès"},"geometry":{"type":"LineString","coordinates":[[3.9233,44.4836],[3.9233,44.4758],[3.9245,44.4703]]}},{"type":"Feature","properties":{"name":"Ruisseau des Morangiès"},"geometry":{"type":"LineString","coordinates":[[3.9243,44.4702],[3.9262,44.4577],[3.9299,44.4541]]}},{"type":"Feature","properties":{"name":"Ruisseau des Morangiès"},"geometry":{"type":"LineString","coordinates":[[3.9245,44.4703],[3.9243,44.4702]]}},{"type":"Feature","properties":{"name":"L\u0027Auzonnet"},"geometry":{"type":"LineString","coordinates":[[4.0589,44.2465],[4.0619,44.2505],[4.0660,44.2515],[4.0650,44.2536],[4.0681,44.2534],[4.0644,44.2546],[4.0665,44.2562],[4.0655,44.2570],[4.0674,44.2572],[4.0683,44.2583],[4.0725,44.2586],[4.0753,44.2564],[4.0832,44.2562],[4.0856,44.2551],[4.0874,44.2525]]}},{"type":"Feature","properties":{"name":"L\u0027Auzonnet"},"geometry":{"type":"LineString","coordinates":[[4.0874,44.2525],[4.0885,44.2519]]}},{"type":"Feature","properties":{"name":"L\u0027Auzonnet"},"geometry":{"type":"LineString","coordinates":[[4.0885,44.2519],[4.0956,44.2465],[4.1000,44.2476],[4.1024,44.2451],[4.1055,44.2377],[4.1111,44.2365],[4.1173,44.2338],[4.1196,44.2340],[4.1263,44.2377],[4.1282,44.2359],[4.1312,44.2349],[4.1339,44.2348],[4.1338,44.2361],[4.1350,44.2360],[4.1381,44.2347],[4.1453,44.2286],[4.1516,44.2256],[4.1525,44.2262],[4.1523,44.2286],[4.1572,44.2278],[4.1583,44.2222],[4.1671,44.2208],[4.1682,44.2198],[4.1676,44.2185],[4.1683,44.2177],[4.1697,44.2176],[4.1705,44.2201],[4.1724,44.2214],[4.1736,44.2197],[4.1738,44.2155],[4.1751,44.2142],[4.1785,44.2150],[4.1838,44.2138],[4.1864,44.2113],[4.1978,44.2068],[4.2006,44.2044],[4.2129,44.2023],[4.2203,44.1993]]}},{"type":"Feature","properties":{"name":"La Ganière"},"geometry":{"type":"LineString","coordinates":[[4.0874,44.3779],[4.0866,44.3770],[4.0932,44.3767],[4.0939,44.3725],[4.0915,44.3702],[4.0921,44.3685],[4.0952,44.3653],[4.1014,44.3609],[4.1101,44.3587],[4.1066,44.3555],[4.1040,44.3544],[4.1050,44.3525],[4.1046,44.3504],[4.1017,44.3478],[4.1009,44.3447],[4.0991,44.3435],[4.0934,44.3432],[4.0942,44.3390],[4.0957,44.3371],[4.1038,44.3342],[4.1131,44.3294],[4.1168,44.3262],[4.1203,44.3212],[4.1276,44.3189],[4.1295,44.3164],[4.1283,44.3107],[4.1267,44.3102],[4.1210,44.3117],[4.1184,44.3108],[4.1178,44.3090],[4.1219,44.3059],[4.1261,44.3061],[4.1276,44.3048],[4.1277,44.3020],[4.1265,44.3009],[4.1219,44.3004],[4.1206,44.2993],[4.1225,44.2970],[4.1300,44.2933],[4.1281,44.2918],[4.1210,44.2900],[4.1199,44.2868],[4.1276,44.2816]]}},{"type":"Feature","properties":{"name":"La Ganière"},"geometry":{"type":"LineString","coordinates":[[4.0756,44.3862],[4.0773,44.3869],[4.0773,44.3885],[4.0792,44.3880],[4.0789,44.3863],[4.0831,44.3842],[4.0818,44.3826],[4.0856,44.3812],[4.0826,44.3802],[4.0874,44.3779]]}},{"type":"Feature","properties":{"name":"La Ligne"},"geometry":{"type":"LineString","coordinates":[[4.2907,44.5490],[4.2923,44.5474],[4.2919,44.5449],[4.2947,44.5424],[4.2924,44.5414],[4.2912,44.5385],[4.2966,44.5354],[4.2969,44.5314],[4.2957,44.5302],[4.2989,44.5246],[4.3031,44.5199],[4.3101,44.5163],[4.3109,44.5130],[4.3157,44.5115],[4.3146,44.5082],[4.3155,44.5071],[4.3221,44.5041],[4.3220,44.5002],[4.3184,44.4999],[4.3162,44.4983],[4.3175,44.4936],[4.3195,44.4927],[4.3239,44.4931],[4.3263,44.4905],[4.3279,44.4913],[4.3306,44.4894],[4.3271,44.4872],[4.3278,44.4859],[4.3321,44.4848],[4.3314,44.4830],[4.3299,44.4825],[4.3276,44.4844],[4.3269,44.4833],[4.3327,44.4794],[4.3373,44.4749]]}},{"type":"Feature","properties":{"name":"La Ligne"},"geometry":{"type":"LineString","coordinates":[[4.2843,44.5606],[4.2849,44.5588],[4.2875,44.5572],[4.2869,44.5536],[4.2896,44.5517],[4.2907,44.5490]]}},{"type":"Feature","properties":{"name":"Le Luech"},"geometry":{"type":"LineString","coordinates":[[3.9616,44.3169],[3.9653,44.3155],[3.9674,44.3133],[3.9658,44.3092],[3.9663,44.3081],[3.9694,44.3082],[3.9770,44.3055],[3.9835,44.3054],[3.9860,44.3043],[3.9891,44.3057],[3.9906,44.3030],[3.9938,44.3048],[3.9971,44.3050],[3.9982,44.3035],[3.9958,44.3004],[3.9965,44.2994],[3.9999,44.3018],[3.9992,44.3062],[4.0003,44.3068],[4.0029,44.3050],[4.0060,44.3045],[4.0111,44.3055],[4.0197,44.3011],[4.0223,44.3022],[4.0258,44.3003],[4.0248,44.3022],[4.0269,44.3033],[4.0287,44.2998],[4.0349,44.2984],[4.0357,44.2992],[4.0351,44.3010],[4.0363,44.3022],[4.0359,44.3038],[4.0370,44.3049],[4.0389,44.3036],[4.0381,44.3019],[4.0391,44.3007],[4.0403,44.3006],[4.0401,44.3018],[4.0427,44.3027],[4.0413,44.3066],[4.0421,44.3071],[4.0468,44.3055],[4.0463,44.3023],[4.0487,44.3015],[4.0475,44.2993],[4.0495,44.2982],[4.0510,44.2987],[4.0525,44.3011],[4.0553,44.3020],[4.0531,44.3031],[4.0535,44.3037],[4.0612,44.3025],[4.0630,44.3033]]}},{"type":"Feature","properties":{"name":"L\u0027Auzon"},"geometry":{"type":"LineString","coordinates":[[4.4556,44.5547],[4.4541,44.5537],[4.4525,44.5488],[4.4483,44.5459],[4.4445,44.5457],[4.4409,44.5470],[4.4381,44.5465],[4.4359,44.5447],[4.4322,44.5456],[4.4282,44.5434],[4.4242,44.5439],[4.4214,44.5406],[4.4194,44.5433],[4.4154,44.5405],[4.4152,44.5364],[4.4112,44.5309],[4.4058,44.5289],[4.3994,44.5286]]}},{"type":"Feature","properties":{"name":"L\u0027Auzon"},"geometry":{"type":"LineString","coordinates":[[4.3994,44.5743],[4.3991,44.5712],[4.4015,44.5688]]}},{"type":"Feature","properties":{"name":"L\u0027Auzon"},"geometry":{"type":"LineString","coordinates":[[4.4044,44.5646],[4.4058,44.5642]]}},{"type":"Feature","properties":{"name":"L\u0027Auzon"},"geometry":{"type":"LineString","coordinates":[[4.3909,44.5766],[4.3947,44.5771]]}},{"type":"Feature","properties":{"name":"L\u0027Auzon"},"geometry":{"type":"LineString","coordinates":[[4.4015,44.5688],[4.4019,44.5652],[4.4044,44.5646]]}},{"type":"Feature","properties":{"name":"L\u0027Auzon"},"geometry":{"type":"LineString","coordinates":[[4.3947,44.5771],[4.3991,44.5753],[4.3994,44.5743]]}},{"type":"Feature","properties":{"name":"L\u0027Auzon"},"geometry":{"type":"LineString","coordinates":[[4.3831,44.5837],[4.3837,44.5821],[4.3906,44.5777],[4.3909,44.5766]]}},{"type":"Feature","properties":{"name":"Rivière de Sure"},"geometry":{"type":"LineString","coordinates":[[4.0925,44.4962],[4.0940,44.4939],[4.0930,44.4930],[4.0935,44.4917],[4.0953,44.4897],[4.0946,44.4853],[4.0998,44.4832],[4.1003,44.4816],[4.1030,44.4807],[4.1072,44.4760],[4.1117,44.4766],[4.1135,44.4733],[4.1131,44.4714],[4.1152,44.4710],[4.1129,44.4702],[4.1146,44.4692],[4.1137,44.4666],[4.1148,44.4646],[4.1161,44.4650],[4.1167,44.4639],[4.1227,44.4614],[4.1230,44.4597],[4.1258,44.4562],[4.1255,44.4532],[4.1282,44.4532],[4.1294,44.4541],[4.1302,44.4519],[4.1273,44.4485],[4.1283,44.4461],[4.1263,44.4453],[4.1271,44.4444],[4.1252,44.4402],[4.1288,44.4392],[4.1296,44.4379],[4.1264,44.4359],[4.1262,44.4323],[4.1319,44.4313],[4.1344,44.4250],[4.1367,44.4237]]}},{"type":"Feature","properties":{"name":"L\u0027Ardèche"},"geometry":{"type":"LineString","coordinates":[[4.3500,44.4310],[4.3543,44.4324],[4.3569,44.4306],[4.3573,44.4286],[4.3530,44.4237],[4.3485,44.4221],[4.3460,44.4191],[4.3475,44.4110],[4.3515,44.4070],[4.3579,44.4047],[4.3679,44.4040],[4.3725,44.4046],[4.3824,44.4030],[4.3845,44.3990],[4.3875,44.3963],[4.3900,44.3950],[4.3963,44.3951],[4.3992,44.3934],[4.4018,44.3898],[4.4074,44.3882],[4.4084,44.3857],[4.4070,44.3819],[4.4176,44.3816],[4.4164,44.3767],[4.4193,44.3743],[4.4241,44.3744],[4.4323,44.3781],[4.4354,44.3775],[4.4351,44.3742],[4.4331,44.3717],[4.4301,44.3714],[4.4252,44.3727],[4.4239,44.3720],[4.4243,44.3705],[4.4276,44.3683],[4.4435,44.3652],[4.4483,44.3623],[4.4479,44.3609],[4.4425,44.3594],[4.4431,44.3580],[4.4471,44.3558],[4.4503,44.3561],[4.4540,44.3584],[4.4539,44.3632],[4.4548,44.3645],[4.4570,44.3645],[4.4594,44.3623],[4.4660,44.3615],[4.4682,44.3596],[4.4664,44.3569],[4.4620,44.3553],[4.4583,44.3522],[4.4631,44.3486],[4.4656,44.3406],[4.4749,44.3420],[4.4808,44.3367],[4.4897,44.3389],[4.4968,44.3379],[4.5031,44.3395],[4.5036,44.3405],[4.5022,44.3433],[4.5054,44.3442],[4.5072,44.3423],[4.5071,44.3374],[4.5122,44.3354]]}},{"type":"Feature","properties":{"name":"L\u0027Ardèche"},"geometry":{"type":"LineString","coordinates":[[4.3768,44.4821],[4.3773,44.4790],[4.3742,44.4781]]}},{"type":"Feature","properties":{"name":"L\u0027Ardèche"},"geometry":{"type":"LineString","coordinates":[[4.3938,44.5217],[4.3915,44.5209],[4.3834,44.5142]]}},{"type":"Feature","properties":{"name":"L\u0027Ardèche"},"geometry":{"type":"LineString","coordinates":[[4.4040,44.5335],[4.4024,44.5329],[4.4010,44.5302]]}},{"type":"Feature","properties":{"name":"L\u0027Ardèche"},"geometry":{"type":"LineString","coordinates":[[4.5531,44.3093],[4.5606,44.3017],[4.5696,44.3000]]}},{"type":"Feature","properties":{"name":"L\u0027Ardèche"},"geometry":{"type":"LineString","coordinates":[[4.5122,44.3354],[4.5132,44.3342],[4.5114,44.3314],[4.5126,44.3281],[4.5227,44.3306],[4.5249,44.3296],[4.5285,44.3254],[4.5327,44.3226],[4.5406,44.3235],[4.5451,44.3263],[4.5483,44.3262],[4.5491,44.3235],[4.5453,44.3220],[4.5448,44.3207],[4.5509,44.3138],[4.5519,44.3112]]}},{"type":"Feature","properties":{"name":"L\u0027Ardèche"},"geometry":{"type":"LineString","coordinates":[[4.6473,44.2655],[4.6484,44.2632]]}},{"type":"Feature","properties":{"name":"L\u0027Ardèche"},"geometry":{"type":"LineString","coordinates":[[4.3700,44.4051],[4.3712,44.4045]]}},{"type":"Feature","properties":{"name":"L\u0027Ardèche"},"geometry":{"type":"LineString","coordinates":[[4.3691,44.4042],[4.3698,44.4051]]}},{"type":"Feature","properties":{"name":"L\u0027Ardèche"},"geometry":{"type":"LineString","coordinates":[[4.3698,44.4051],[4.3700,44.4051]]}},{"type":"Feature","properties":{"name":"L\u0027Ardèche"},"geometry":{"type":"LineString","coordinates":[[4.4071,44.5668],[4.4075,44.5648],[4.4061,44.5629]]}},{"type":"Feature","properties":{"name":"L\u0027Ardèche"},"geometry":{"type":"LineString","coordinates":[[4.5519,44.3112],[4.5531,44.3093]]}},{"type":"Feature","properties":{"name":"L\u0027Ardèche"},"geometry":{"type":"LineString","coordinates":[[4.3742,44.4781],[4.3655,44.4765],[4.3554,44.4784],[4.3507,44.4741],[4.3495,44.4748],[4.3496,44.4768],[4.3462,44.4773],[4.3463,44.4790],[4.3445,44.4797],[4.3435,44.4790],[4.3432,44.4768],[4.3362,44.4738],[4.3335,44.4655],[4.3334,44.4610],[4.3340,44.4547],[4.3387,44.4454],[4.3390,44.4391],[4.3281,44.4331],[4.3236,44.4320],[4.3207,44.4289],[4.3208,44.4275],[4.3250,44.4259],[4.3289,44.4223],[4.3319,44.4217],[4.3500,44.4310]]}},{"type":"Feature","properties":{"name":"L\u0027Ardèche"},"geometry":{"type":"LineString","coordinates":[[4.5946,44.2880],[4.5965,44.2856]]}},{"type":"Feature","properties":{"name":"L\u0027Ardèche"},"geometry":{"type":"LineString","coordinates":[[4.5742,44.2978],[4.5823,44.2961]]}},{"type":"Feature","properties":{"name":"L\u0027Ardèche"},"geometry":{"type":"LineString","coordinates":[[4.3834,44.5142],[4.3789,44.5101],[4.3731,44.5123],[4.3717,44.5120],[4.3704,44.5101],[4.3665,44.5092],[4.3657,44.5064],[4.3600,44.5029],[4.3589,44.4985],[4.3586,44.4953],[4.3598,44.4941],[4.3689,44.4917],[4.3739,44.4885],[4.3768,44.4846],[4.3768,44.4821]]}},{"type":"Feature","properties":{"name":"L\u0027Ardèche"},"geometry":{"type":"LineString","coordinates":[[4.3768,44.4821],[4.3743,44.4809],[4.3742,44.4781]]}},{"type":"Feature","properties":{"name":"L\u0027Ardèche"},"geometry":{"type":"LineString","coordinates":[[4.5680,44.3003],[4.5684,44.2992]]}},{"type":"Feature","properties":{"name":"L\u0027Ardèche"},"geometry":{"type":"LineString","coordinates":[[4.5696,44.3000],[4.5702,44.2991]]}},{"type":"Feature","properties":{"name":"L\u0027Ardèche"},"geometry":{"type":"LineString","coordinates":[[4.5702,44.2991],[4.5742,44.2978],[4.5785,44.2979],[4.5832,44.2957],[4.5946,44.2880],[4.5974,44.2876],[4.5975,44.2847],[4.5996,44.2828],[4.6064,44.2861],[4.6117,44.2864],[4.6135,44.2807],[4.6157,44.2786],[4.6193,44.2791],[4.6323,44.2862],[4.6367,44.2856],[4.6404,44.2818],[4.6426,44.2748],[4.6468,44.2693],[4.6473,44.2655]]}},{"type":"Feature","properties":{"name":"L\u0027Ardèche"},"geometry":{"type":"LineString","coordinates":[[4.3658,44.5079],[4.3658,44.5069]]}},{"type":"Feature","properties":{"name":"La Nègue"},"geometry":{"type":"LineString","coordinates":[[4.5689,44.4598],[4.5753,44.4596],[4.5819,44.4643],[4.5868,44.4627],[4.5902,44.4629],[4.5929,44.4645],[4.5955,44.4670],[4.5947,44.4683],[4.5949,44.4710],[4.5982,44.4743],[4.6006,44.4750],[4.5986,44.4768],[4.5994,44.4785],[4.6078,44.4805],[4.6149,44.4870],[4.6195,44.4876],[4.6211,44.4894],[4.6241,44.4898],[4.6272,44.4929],[4.6260,44.4963],[4.6301,44.4997]]}},{"type":"Feature","properties":{"name":"Le Gardon"},"geometry":{"type":"LineString","coordinates":[[4.4764,44.4656],[4.4742,44.4686],[4.4649,44.4715],[4.4601,44.4713],[4.4580,44.4701]]}},{"type":"Feature","properties":{"name":"L\u0027Escoutay"},"geometry":{"type":"LineString","coordinates":[[4.5623,44.5827],[4.5631,44.5820],[4.5657,44.5827],[4.5669,44.5809],[4.5703,44.5818],[4.5720,44.5802],[4.5745,44.5797],[4.5773,44.5729],[4.5823,44.5724],[4.5842,44.5704],[4.5857,44.5702]]}},{"type":"Feature","properties":{"name":"L\u0027Escoutay"},"geometry":{"type":"LineString","coordinates":[[4.5857,44.5702],[4.5872,44.5689],[4.5903,44.5612],[4.5928,44.5574],[4.5988,44.5568],[4.6053,44.5526],[4.6063,44.5495],[4.6133,44.5424],[4.6145,44.5368],[4.6120,44.5321],[4.6134,44.5281]]}},{"type":"Feature","properties":{"name":"L\u0027Escoutay"},"geometry":{"type":"LineString","coordinates":[[4.6458,44.4952],[4.6496,44.4933],[4.6542,44.4947],[4.6601,44.4952],[4.6620,44.4930],[4.6628,44.4888],[4.6641,44.4879],[4.6699,44.4889],[4.6790,44.4875],[4.6848,44.4894],[4.6868,44.4885],[4.6930,44.4883]]}},{"type":"Feature","properties":{"name":"L\u0027Escoutay"},"geometry":{"type":"LineString","coordinates":[[4.6422,44.4957],[4.6430,44.4947],[4.6447,44.4953]]}},{"type":"Feature","properties":{"name":"L\u0027Escoutay"},"geometry":{"type":"LineString","coordinates":[[4.6159,44.5224],[4.6271,44.5145],[4.6255,44.5088],[4.6210,44.5091],[4.6178,44.5078],[4.6180,44.5067],[4.6240,44.5056],[4.6257,44.5037],[4.6298,44.5020],[4.6304,44.4994],[4.6370,44.4994],[4.6383,44.4987]]}},{"type":"Feature","properties":{"name":"L\u0027Escoutay"},"geometry":{"type":"LineString","coordinates":[[4.6134,44.5281],[4.6149,44.5270],[4.6141,44.5236],[4.6159,44.5224]]}},{"type":"Feature","properties":{"name":"L\u0027Escoutay"},"geometry":{"type":"LineString","coordinates":[[4.6447,44.4953],[4.6458,44.4952]]}},{"type":"Feature","properties":{"name":"L\u0027Escoutay"},"geometry":{"type":"LineString","coordinates":[[4.6383,44.4987],[4.6422,44.4957]]}},{"type":"Feature","properties":{"name":"Le Jabron"},"geometry":{"type":"LineString","coordinates":[[4.9350,44.5434],[4.9322,44.5435],[4.9314,44.5421],[4.9274,44.5436],[4.9241,44.5422],[4.9235,44.5436],[4.9222,44.5436],[4.9196,44.5418],[4.9173,44.5424],[4.9187,44.5440],[4.9158,44.5464],[4.9135,44.5450],[4.9065,44.5439],[4.9070,44.5460],[4.9064,44.5465],[4.9043,44.5452],[4.9014,44.5462],[4.8997,44.5453],[4.8987,44.5462],[4.8923,44.5466],[4.8910,44.5475],[4.8877,44.5468],[4.8869,44.5480],[4.8825,44.5473],[4.8778,44.5486],[4.8754,44.5482],[4.8729,44.5455],[4.8676,44.5461],[4.8665,44.5476],[4.8637,44.5469],[4.8626,44.5452],[4.8606,44.5461],[4.8607,44.5489],[4.8575,44.5511],[4.8565,44.5509],[4.8558,44.5475],[4.8545,44.5466],[4.8515,44.5480],[4.8453,44.5456],[4.8347,44.5480],[4.8317,44.5441],[4.8322,44.5423],[4.8298,44.5410],[4.8253,44.5416],[4.8196,44.5406],[4.8176,44.5437],[4.8071,44.5457],[4.7988,44.5453],[4.7924,44.5431],[4.7847,44.5445],[4.7790,44.5445],[4.7733,44.5463]]}},{"type":"Feature","properties":{"name":"Le Jabron"},"geometry":{"type":"LineString","coordinates":[[4.7733,44.5463],[4.7634,44.5482],[4.7602,44.5502],[4.7524,44.5504],[4.7474,44.5521]]}},{"type":"Feature","properties":{"name":"L\u0027Altier"},"geometry":{"type":"LineString","coordinates":[[3.8931,44.4519],[3.8955,44.4501],[3.8995,44.4495],[3.9003,44.4497],[3.9006,44.4514],[3.9031,44.4502],[3.9045,44.4513],[3.9048,44.4487],[3.9100,44.4497],[3.9110,44.4489],[3.9099,44.4474],[3.9141,44.4465],[3.9161,44.4477],[3.9203,44.4479],[3.9222,44.4510],[3.9270,44.4533],[3.9316,44.4540]]}},{"type":"Feature","properties":{"name":"L\u0027Altier"},"geometry":{"type":"LineString","coordinates":[[3.8663,44.4766],[3.8690,44.4752],[3.8697,44.4722],[3.8672,44.4723],[3.8666,44.4663],[3.8704,44.4662],[3.8705,44.4641],[3.8723,44.4640],[3.8736,44.4617],[3.8766,44.4646],[3.8795,44.4625],[3.8831,44.4632],[3.8843,44.4606],[3.8861,44.4607],[3.8865,44.4591],[3.8893,44.4601],[3.8919,44.4578],[3.8913,44.4571],[3.8884,44.4571],[3.8890,44.4546],[3.8900,44.4537],[3.8932,44.4537],[3.8931,44.4519]]}},{"type":"Feature","properties":{"name":"L\u0027Altier"},"geometry":{"type":"LineString","coordinates":[[3.9318,44.4540],[3.9374,44.4546],[3.9387,44.4539],[3.9387,44.4525],[3.9405,44.4524],[3.9441,44.4555],[3.9484,44.4576],[3.9510,44.4576],[3.9526,44.4591],[3.9658,44.4585],[3.9695,44.4610]]}},{"type":"Feature","properties":{"name":"L\u0027Altier"},"geometry":{"type":"LineString","coordinates":[[3.9316,44.4540],[3.9318,44.4540]]}},{"type":"Feature","properties":{"name":"L\u0027Altier"},"geometry":{"type":"LineString","coordinates":[[3.8418,44.4705],[3.8441,44.4690]]}},{"type":"Feature","properties":{"name":"L\u0027Altier"},"geometry":{"type":"LineString","coordinates":[[3.9695,44.4610],[3.9709,44.4645],[3.9735,44.4642],[3.9743,44.4685],[3.9776,44.4697],[3.9745,44.4710],[3.9759,44.4718],[3.9766,44.4740],[3.9787,44.4740],[3.9800,44.4756]]}},{"type":"Feature","properties":{"name":"L\u0027Altier"},"geometry":{"type":"LineString","coordinates":[[3.8441,44.4690],[3.8465,44.4702],[3.8483,44.4693],[3.8484,44.4702],[3.8504,44.4704],[3.8511,44.4716],[3.8521,44.4709],[3.8522,44.4690],[3.8566,44.4694],[3.8596,44.4682],[3.8594,44.4718],[3.8607,44.4735],[3.8637,44.4745],[3.8629,44.4770],[3.8648,44.4773]]}},{"type":"Feature","properties":{"name":"L\u0027Altier"},"geometry":{"type":"LineString","coordinates":[[3.8648,44.4773],[3.8663,44.4766]]}},{"type":"Feature","properties":{"name":"L\u0027Ibie"},"geometry":{"type":"LineString","coordinates":[[4.4819,44.5003],[4.4858,44.4973],[4.4837,44.4965],[4.4800,44.4931],[4.4720,44.4894],[4.4705,44.4836],[4.4682,44.4829],[4.4647,44.4796],[4.4643,44.4773],[4.4584,44.4716],[4.4573,44.4676],[4.4510,44.4663],[4.4477,44.4685],[4.4427,44.4692],[4.4390,44.4670],[4.4381,44.4643]]}},{"type":"Feature","properties":{"name":"L\u0027Ibie"},"geometry":{"type":"LineString","coordinates":[[4.4455,44.4575],[4.4426,44.4572],[4.4417,44.4536],[4.4397,44.4528],[4.4449,44.4478],[4.4452,44.4460],[4.4466,44.4454]]}},{"type":"Feature","properties":{"name":"L\u0027Ibie"},"geometry":{"type":"LineString","coordinates":[[4.4823,44.5151],[4.4773,44.5117],[4.4763,44.5074],[4.4699,44.5038],[4.4712,44.5020],[4.4802,44.5021],[4.4819,44.5003]]}},{"type":"Feature","properties":{"name":"L\u0027Ibie"},"geometry":{"type":"LineString","coordinates":[[4.4466,44.4454],[4.4513,44.4430],[4.4470,44.4406],[4.4492,44.4374],[4.4486,44.4364],[4.4423,44.4347],[4.4385,44.4372],[4.4355,44.4374],[4.4282,44.4345],[4.4267,44.4308],[4.4277,44.4279],[4.4271,44.4244],[4.4172,44.4163],[4.4199,44.4136],[4.4121,44.4073],[4.4140,44.4052],[4.4159,44.4002],[4.4177,44.3991],[4.4168,44.3970],[4.4056,44.3955],[4.3994,44.3932]]}},{"type":"Feature","properties":{"name":"L\u0027Ibie"},"geometry":{"type":"LineString","coordinates":[[4.4381,44.4643],[4.4404,44.4613],[4.4458,44.4609],[4.4462,44.4582],[4.4455,44.4575]]}},{"type":"Feature","properties":{"name":"La Thines"},"geometry":{"type":"LineString","coordinates":[[4.0426,44.4942],[4.0447,44.4934]]}},{"type":"Feature","properties":{"name":"La Thines"},"geometry":{"type":"LineString","coordinates":[[4.0495,44.4910],[4.0527,44.4903],[4.0548,44.4842]]}},{"type":"Feature","properties":{"name":"La Thines"},"geometry":{"type":"LineString","coordinates":[[4.0548,44.4842],[4.0555,44.4793],[4.0576,44.4765],[4.0556,44.4761],[4.0576,44.4750],[4.0559,44.4744],[4.0562,44.4729],[4.0572,44.4728],[4.0547,44.4701],[4.0571,44.4701],[4.0576,44.4683],[4.0552,44.4673],[4.0562,44.4654],[4.0487,44.4626],[4.0469,44.4580],[4.0507,44.4552],[4.0497,44.4530],[4.0514,44.4520],[4.0508,44.4507]]}},{"type":"Feature","properties":{"name":"La Thines"},"geometry":{"type":"LineString","coordinates":[[4.0192,44.5200],[4.0217,44.5182],[4.0218,44.5159],[4.0259,44.5150],[4.0244,44.5126],[4.0249,44.5105],[4.0233,44.5092],[4.0242,44.5071],[4.0300,44.5051]]}},{"type":"Feature","properties":{"name":"La Thines"},"geometry":{"type":"LineString","coordinates":[[4.0300,44.5051],[4.0341,44.5049],[4.0355,44.5041],[4.0372,44.4981],[4.0393,44.4967],[4.0394,44.4949],[4.0414,44.4950],[4.0455,44.4925],[4.0479,44.4934],[4.0477,44.4923],[4.0495,44.4910]]}},{"type":"Feature","properties":{"name":"La Riaille"},"geometry":{"type":"LineString","coordinates":[[4.7666,44.4899],[4.7640,44.4899],[4.7615,44.4878],[4.7539,44.4866],[4.7476,44.4869],[4.7459,44.4883],[4.7443,44.4922],[4.7403,44.4926],[4.7379,44.4960],[4.7377,44.4976],[4.7353,44.5000],[4.7312,44.5010],[4.7208,44.5004],[4.7157,44.4985],[4.7086,44.4887],[4.6991,44.4826]]}},{"type":"Feature","properties":{"name":"L\u0027Allier"},"geometry":{"type":"LineString","coordinates":[[3.8823,44.5666],[3.8835,44.5655],[3.8861,44.5652],[3.8894,44.5690],[3.8932,44.5698],[3.8927,44.5732],[3.8943,44.5757],[3.8941,44.5778],[3.8988,44.5810],[3.8981,44.5822],[3.8987,44.5834],[3.9027,44.5846],[3.9049,44.5883],[3.9040,44.5907],[3.9050,44.5928]]}},{"type":"Feature","properties":{"name":"L\u0027Allier"},"geometry":{"type":"LineString","coordinates":[[3.8634,44.5702],[3.8688,44.5693],[3.8713,44.5676],[3.8757,44.5682],[3.8823,44.5666]]}},{"type":"Feature","properties":{"name":"La Borne"},"geometry":{"type":"LineString","coordinates":[[3.9811,44.5930],[3.9757,44.5905],[3.9720,44.5848],[3.9694,44.5855],[3.9702,44.5877],[3.9680,44.5883],[3.9668,44.5866],[3.9680,44.5847],[3.9648,44.5831],[3.9637,44.5802],[3.9614,44.5781],[3.9583,44.5770],[3.9564,44.5750],[3.9521,44.5739],[3.9508,44.5741],[3.9499,44.5763],[3.9486,44.5730]]}},{"type":"Feature","properties":{"name":"La Borne"},"geometry":{"type":"LineString","coordinates":[[3.9486,44.5730],[3.9485,44.5713],[3.9512,44.5708],[3.9526,44.5681],[3.9551,44.5666],[3.9545,44.5649],[3.9563,44.5639],[3.9576,44.5599],[3.9589,44.5589],[3.9581,44.5566],[3.9607,44.5537]]}},{"type":"Feature","properties":{"name":"La Borne"},"geometry":{"type":"LineString","coordinates":[[3.9660,44.5374],[3.9662,44.5358],[3.9696,44.5336],[3.9713,44.5299],[3.9699,44.5289],[3.9722,44.5279],[3.9711,44.5268],[3.9761,44.5233],[3.9791,44.5228],[3.9798,44.5200],[3.9793,44.5182],[3.9770,44.5173]]}},{"type":"Feature","properties":{"name":"La Borne"},"geometry":{"type":"LineString","coordinates":[[3.9607,44.5537],[3.9593,44.5514],[3.9619,44.5494],[3.9615,44.5479],[3.9630,44.5442],[3.9661,44.5402],[3.9660,44.5374]]}},{"type":"Feature","properties":{"name":"La Borne"},"geometry":{"type":"LineString","coordinates":[[3.9770,44.5173],[3.9772,44.5163],[3.9816,44.5158],[3.9843,44.5110],[3.9835,44.5085],[3.9888,44.5039],[3.9861,44.5022],[3.9863,44.5007],[3.9885,44.4993],[3.9863,44.4972],[3.9871,44.4952],[3.9844,44.4941],[3.9870,44.4914],[3.9845,44.4886],[3.9872,44.4868],[3.9849,44.4841],[3.9875,44.4808],[3.9870,44.4800],[3.9878,44.4790],[3.9856,44.4780],[3.9867,44.4757]]}},{"type":"Feature","properties":{"name":"La Borne"},"geometry":{"type":"LineString","coordinates":[[3.9774,44.5952],[3.9777,44.5936],[3.9811,44.5941],[3.9818,44.5934],[3.9811,44.5930]]}},{"type":"Feature","properties":{"name":"Le Rhône"},"geometry":{"type":"LineString","coordinates":[[4.7100,44.5819],[4.7060,44.5764]]}},{"type":"Feature","properties":{"name":"Le Rhône"},"geometry":{"type":"LineString","coordinates":[[4.6707,44.4346],[4.6684,44.4324],[4.6657,44.4267],[4.6632,44.4075]]}},{"type":"Feature","properties":{"name":"Le Rhône"},"geometry":{"type":"LineString","coordinates":[[4.6987,44.5648],[4.6963,44.5629]]}},{"type":"Feature","properties":{"name":"Le Rhône"},"geometry":{"type":"LineString","coordinates":[[4.6632,44.4075],[4.6635,44.4008]]}},{"type":"Feature","properties":{"name":"Le Rhône"},"geometry":{"type":"LineString","coordinates":[[4.6622,44.3931],[4.6569,44.3861]]}},{"type":"Feature","properties":{"name":"Le Rhône"},"geometry":{"type":"LineString","coordinates":[[4.6541,44.2544],[4.6614,44.2476],[4.6735,44.2395],[4.6777,44.2348],[4.6781,44.2303],[4.6730,44.2186]]}},{"type":"Feature","properties":{"name":"Le Rhône"},"geometry":{"type":"LineString","coordinates":[[4.7060,44.5764],[4.7047,44.5740]]}},{"type":"Feature","properties":{"name":"Le Rhône"},"geometry":{"type":"LineString","coordinates":[[4.7047,44.5740],[4.7013,44.5675],[4.6987,44.5648]]}},{"type":"Feature","properties":{"name":"Le Rhône"},"geometry":{"type":"LineString","coordinates":[[4.6993,44.5228],[4.6912,44.5151],[4.6877,44.5011],[4.6884,44.4954],[4.6899,44.4918],[4.6992,44.4818]]}},{"type":"Feature","properties":{"name":"Le Rhône"},"geometry":{"type":"LineString","coordinates":[[4.6495,44.2702],[4.6485,44.2626],[4.6541,44.2544]]}},{"type":"Feature","properties":{"name":"Le Rhône"},"geometry":{"type":"LineString","coordinates":[[4.6474,44.3469],[4.6490,44.3410]]}},{"type":"Feature","properties":{"name":"Le Rhône"},"geometry":{"type":"LineString","coordinates":[[4.6525,44.3810],[4.6502,44.3764],[4.6486,44.3672],[4.6469,44.3513],[4.6474,44.3469]]}},{"type":"Feature","properties":{"name":"Le Rhône"},"geometry":{"type":"LineString","coordinates":[[4.6569,44.3861],[4.6525,44.3810]]}},{"type":"Feature","properties":{"name":"Le Rhône"},"geometry":{"type":"LineString","coordinates":[[4.6490,44.3410],[4.6518,44.3250],[4.6497,44.3125],[4.6503,44.3089],[4.6533,44.3036],[4.6535,44.3001],[4.6528,44.2920],[4.6508,44.2839],[4.6512,44.2761],[4.6495,44.2702]]}},{"type":"Feature","properties":{"name":"Le Rhône"},"geometry":{"type":"LineString","coordinates":[[4.6933,44.5427],[4.7000,44.5317],[4.7005,44.5274],[4.6993,44.5228]]}},{"type":"Feature","properties":{"name":"Le Rhône"},"geometry":{"type":"LineString","coordinates":[[4.6963,44.5629],[4.6932,44.5602],[4.6921,44.5519]]}},{"type":"Feature","properties":{"name":"Le Rhône"},"geometry":{"type":"LineString","coordinates":[[4.7331,44.5962],[4.7173,44.5882],[4.7100,44.5819]]}},{"type":"Feature","properties":{"name":"Le Rhône"},"geometry":{"type":"LineString","coordinates":[[4.6868,44.4395],[4.6775,44.4370]]}},{"type":"Feature","properties":{"name":"Le Rhône"},"geometry":{"type":"LineString","coordinates":[[4.6992,44.4818],[4.7004,44.4694]]}},{"type":"Feature","properties":{"name":"Le Rhône"},"geometry":{"type":"LineString","coordinates":[[4.7004,44.4694],[4.6993,44.4561],[4.6963,44.4477]]}},{"type":"Feature","properties":{"name":"Le Rhône"},"geometry":{"type":"LineString","coordinates":[[4.6921,44.5519],[4.6911,44.5509],[4.6922,44.5477]]}},{"type":"Feature","properties":{"name":"Le Rhône"},"geometry":{"type":"LineString","coordinates":[[4.6921,44.5519],[4.6930,44.5508],[4.6922,44.5477]]}},{"type":"Feature","properties":{"name":"Le Rhône"},"geometry":{"type":"LineString","coordinates":[[4.6922,44.5477],[4.6933,44.5427]]}},{"type":"Feature","properties":{"name":"Le Rhône"},"geometry":{"type":"LineString","coordinates":[[4.6634,44.3991],[4.6639,44.3967],[4.6622,44.3931]]}},{"type":"Feature","properties":{"name":"Le Rhône"},"geometry":{"type":"LineString","coordinates":[[4.6635,44.4008],[4.6634,44.3991]]}},{"type":"Feature","properties":{"name":"Le Rhône"},"geometry":{"type":"LineString","coordinates":[[4.6775,44.4370],[4.6732,44.4361],[4.6707,44.4346]]}},{"type":"Feature","properties":{"name":"Le Rhône"},"geometry":{"type":"LineString","coordinates":[[4.6963,44.4477],[4.6919,44.4419],[4.6868,44.4395]]}},{"type":"Feature","properties":{"name":"La Drobie"},"geometry":{"type":"LineString","coordinates":[[4.0533,44.5413],[4.0569,44.5335],[4.0598,44.5316]]}},{"type":"Feature","properties":{"name":"La Drobie"},"geometry":{"type":"LineString","coordinates":[[4.1214,44.5259],[4.1236,44.5272],[4.1320,44.5248],[4.1365,44.5244],[4.1378,44.5251],[4.1384,44.5233],[4.1361,44.5228],[4.1360,44.5210],[4.1378,44.5199],[4.1409,44.5206],[4.1408,44.5189],[4.1419,44.5185],[4.1484,44.5197],[4.1485,44.5211],[4.1495,44.5213],[4.1527,44.5196],[4.1562,44.5195],[4.1565,44.5213],[4.1586,44.5225],[4.1605,44.5221],[4.1601,44.5206],[4.1615,44.5189],[4.1634,44.5191],[4.1633,44.5206]]}},{"type":"Feature","properties":{"name":"La Drobie"},"geometry":{"type":"LineString","coordinates":[[4.1633,44.5206],[4.1682,44.5239],[4.1699,44.5222],[4.1721,44.5223],[4.1724,44.5183],[4.1756,44.5188]]}},{"type":"Feature","properties":{"name":"La Drobie"},"geometry":{"type":"LineString","coordinates":[[4.1756,44.5188],[4.1762,44.5192]]}},{"type":"Feature","properties":{"name":"La Drobie"},"geometry":{"type":"LineString","coordinates":[[4.1762,44.5192],[4.1766,44.5209]]}},{"type":"Feature","properties":{"name":"La Drobie"},"geometry":{"type":"LineString","coordinates":[[4.1766,44.5209],[4.1766,44.5211]]}},{"type":"Feature","properties":{"name":"La Drobie"},"geometry":{"type":"LineString","coordinates":[[4.1766,44.5211],[4.1782,44.5218]]}},{"type":"Feature","properties":{"name":"La Drobie"},"geometry":{"type":"LineString","coordinates":[[4.1782,44.5218],[4.1788,44.5216]]}},{"type":"Feature","properties":{"name":"La Drobie"},"geometry":{"type":"LineString","coordinates":[[4.1788,44.5216],[4.1805,44.5196],[4.1888,44.5187],[4.1898,44.5180],[4.1885,44.5170],[4.1889,44.5161],[4.1968,44.5140]]}},{"type":"Feature","properties":{"name":"La Drobie"},"geometry":{"type":"LineString","coordinates":[[4.1070,44.5260],[4.1078,44.5270],[4.1091,44.5267],[4.1094,44.5241],[4.1134,44.5252],[4.1136,44.5260],[4.1156,44.5248],[4.1165,44.5259],[4.1214,44.5259]]}},{"type":"Feature","properties":{"name":"La Drobie"},"geometry":{"type":"LineString","coordinates":[[4.0741,44.5287],[4.0764,44.5259],[4.0786,44.5270],[4.0876,44.5246],[4.0936,44.5262],[4.0964,44.5247],[4.0978,44.5262],[4.1065,44.5244],[4.1070,44.5260]]}},{"type":"Feature","properties":{"name":"La Drobie"},"geometry":{"type":"LineString","coordinates":[[4.0598,44.5316],[4.0632,44.5335],[4.0656,44.5315],[4.0701,44.5313],[4.0719,44.5293],[4.0741,44.5287]]}},{"type":"Feature","properties":{"name":"La Coronne"},"geometry":{"type":"LineString","coordinates":[[4.8879,44.3585],[4.8853,44.3581],[4.8847,44.3564],[4.8805,44.3552],[4.8809,44.3536],[4.8774,44.3529],[4.8746,44.3511],[4.8732,44.3515]]}},{"type":"Feature","properties":{"name":"La Coronne"},"geometry":{"type":"LineString","coordinates":[[4.9279,44.3640],[4.9212,44.3615],[4.9165,44.3574],[4.9115,44.3580],[4.9080,44.3573],[4.9046,44.3581],[4.9011,44.3565],[4.8931,44.3565],[4.8879,44.3585]]}},{"type":"Feature","properties":{"name":"Le Lez"},"geometry":{"type":"LineString","coordinates":[[4.8666,44.3406],[4.8652,44.3393],[4.8601,44.3379],[4.8596,44.3346],[4.8606,44.3337],[4.8610,44.3298],[4.8566,44.3254],[4.8588,44.3214],[4.8569,44.3190],[4.8578,44.3166],[4.8547,44.3138],[4.8514,44.3140],[4.8495,44.3131],[4.8487,44.3110],[4.8463,44.3094],[4.8461,44.3061],[4.8475,44.3046],[4.8473,44.3036],[4.8509,44.3007],[4.8520,44.2984],[4.8522,44.2970],[4.8506,44.2954],[4.8456,44.2950],[4.8385,44.2915],[4.8337,44.2930],[4.8282,44.2923],[4.8258,44.2907],[4.8208,44.2912],[4.8133,44.2889],[4.8111,44.2898],[4.8037,44.2872],[4.7979,44.2874],[4.7951,44.2858],[4.7925,44.2867],[4.7871,44.2835],[4.7847,44.2847],[4.7770,44.2820],[4.7726,44.2817],[4.7693,44.2830],[4.7579,44.2815],[4.7448,44.2826],[4.7367,44.2816],[4.7303,44.2749],[4.7210,44.2595]]}},{"type":"Feature","properties":{"name":"Le Lez"},"geometry":{"type":"LineString","coordinates":[[4.7101,44.2370],[4.7101,44.2368]]}},{"type":"Feature","properties":{"name":"Le Lez"},"geometry":{"type":"LineString","coordinates":[[4.7101,44.2368],[4.7097,44.2337],[4.7058,44.2274],[4.7040,44.2261],[4.7063,44.2238],[4.7061,44.2227],[4.7100,44.2171]]}},{"type":"Feature","properties":{"name":"Le Lez"},"geometry":{"type":"LineString","coordinates":[[4.8908,44.3890],[4.8915,44.3876],[4.8901,44.3834],[4.8887,44.3817],[4.8851,44.3804],[4.8854,44.3774],[4.8834,44.3762],[4.8836,44.3734],[4.8824,44.3719]]}},{"type":"Feature","properties":{"name":"Le Lez"},"geometry":{"type":"LineString","coordinates":[[4.8827,44.3660],[4.8851,44.3639],[4.8833,44.3624],[4.8822,44.3591],[4.8786,44.3563],[4.8751,44.3558],[4.8732,44.3515]]}},{"type":"Feature","properties":{"name":"Le Lez"},"geometry":{"type":"LineString","coordinates":[[4.9887,44.4231],[4.9777,44.4237],[4.9774,44.4280],[4.9728,44.4312],[4.9591,44.4194],[4.9534,44.4206],[4.9493,44.4171],[4.9445,44.4150],[4.9443,44.4139],[4.9402,44.4151],[4.9368,44.4124],[4.9343,44.4117],[4.9284,44.4119],[4.9242,44.4077],[4.9226,44.4097],[4.9181,44.4078],[4.9128,44.4112],[4.9064,44.4062],[4.9055,44.4033],[4.9062,44.4023],[4.9025,44.4003],[4.9018,44.3979],[4.8986,44.3944],[4.8936,44.3924],[4.8908,44.3890]]}},{"type":"Feature","properties":{"name":"Le Lez"},"geometry":{"type":"LineString","coordinates":[[4.8695,44.3451],[4.8688,44.3428],[4.8666,44.3406]]}},{"type":"Feature","properties":{"name":"Le Lez"},"geometry":{"type":"LineString","coordinates":[[4.8732,44.3515],[4.8701,44.3483],[4.8695,44.3451]]}},{"type":"Feature","properties":{"name":"Le Lez"},"geometry":{"type":"LineString","coordinates":[[4.7210,44.2595],[4.7178,44.2593],[4.7133,44.2609]]}},{"type":"Feature","properties":{"name":"Le Lez"},"geometry":{"type":"LineString","coordinates":[[4.7210,44.2595],[4.7208,44.2568],[4.7183,44.2522],[4.7155,44.2506],[4.7156,44.2492],[4.7137,44.2475],[4.7132,44.2456],[4.7088,44.2429],[4.7101,44.2370]]}},{"type":"Feature","properties":{"name":"Le Lez"},"geometry":{"type":"LineString","coordinates":[[4.8824,44.3719],[4.8833,44.3686],[4.8827,44.3660]]}},{"type":"Feature","properties":{"name":"Rivière d\u0027Alune"},"geometry":{"type":"LineString","coordinates":[[4.1881,44.4849],[4.1911,44.4846],[4.1923,44.4859],[4.1966,44.4871],[4.2049,44.4874],[4.2068,44.4896],[4.2102,44.4894],[4.2161,44.4919],[4.2177,44.4935],[4.2171,44.4947],[4.2187,44.4960],[4.2174,44.4979],[4.2180,44.4986]]}},{"type":"Feature","properties":{"name":"La Cèze"},"geometry":{"type":"LineString","coordinates":[[4.1819,44.2690],[4.1837,44.2686],[4.1880,44.2716],[4.1908,44.2717],[4.1964,44.2640],[4.2038,44.2622],[4.2038,44.2593],[4.2048,44.2583],[4.2077,44.2591],[4.2102,44.2627],[4.2120,44.2637],[4.2137,44.2636],[4.2168,44.2617],[4.2191,44.2570],[4.2179,44.2538],[4.2152,44.2517],[4.2024,44.2510],[4.1977,44.2448],[4.1992,44.2411],[4.2014,44.2399]]}},{"type":"Feature","properties":{"name":"La Cèze"},"geometry":{"type":"LineString","coordinates":[[4.2014,44.2399],[4.2036,44.2387],[4.2129,44.2375],[4.2155,44.2356],[4.2210,44.2340]]}},{"type":"Feature","properties":{"name":"La Cèze"},"geometry":{"type":"LineString","coordinates":[[4.4496,44.2473],[4.4489,44.2457],[4.4499,44.2433],[4.4449,44.2400],[4.4437,44.2337],[4.4452,44.2324],[4.4497,44.2327],[4.4531,44.2272],[4.4585,44.2267],[4.4633,44.2234],[4.4667,44.2242],[4.4791,44.2172],[4.4784,44.2157],[4.4741,44.2160],[4.4711,44.2142],[4.4685,44.2066],[4.4692,44.2047],[4.4739,44.2023],[4.4769,44.1975],[4.4794,44.1959],[4.4828,44.1950],[4.4920,44.1966],[4.4935,44.1936],[4.4977,44.1898],[4.5023,44.1895],[4.5038,44.1905],[4.5059,44.1958],[4.5095,44.2009],[4.5092,44.2102],[4.5152,44.2107],[4.5208,44.2090],[4.5233,44.2063],[4.5233,44.2040],[4.5183,44.2016],[4.5181,44.1989],[4.5271,44.1898],[4.5270,44.1838],[4.5287,44.1817],[4.5328,44.1821],[4.5398,44.1855],[4.5427,44.1855],[4.5478,44.1799],[4.5582,44.1809],[4.5643,44.1801],[4.5740,44.1756],[4.5783,44.1761],[4.5836,44.1737],[4.5903,44.1745],[4.5914,44.1715],[4.5939,44.1701],[4.6035,44.1714],[4.6054,44.1700],[4.6100,44.1693],[4.6181,44.1698],[4.6269,44.1733],[4.6307,44.1764],[4.6346,44.1750],[4.6354,44.1738],[4.6344,44.1714],[4.6355,44.1701],[4.6346,44.1664],[4.6329,44.1635],[4.6332,44.1616],[4.6342,44.1601],[4.6385,44.1578],[4.6402,44.1577],[4.6438,44.1602],[4.6502,44.1582],[4.6518,44.1589],[4.6532,44.1626],[4.6554,44.1629],[4.6605,44.1608],[4.6634,44.1573],[4.6613,44.1526],[4.6631,44.1488],[4.6653,44.1483],[4.6722,44.1498],[4.6817,44.1466],[4.6877,44.1462],[4.6895,44.1434],[4.6907,44.1383],[4.6861,44.1325]]}},{"type":"Feature","properties":{"name":"La Cèze"},"geometry":{"type":"LineString","coordinates":[[3.9488,44.4154],[3.9482,44.4111],[3.9494,44.4100],[3.9487,44.4098],[3.9486,44.4053],[3.9504,44.4021],[3.9568,44.4019],[3.9602,44.4043],[3.9625,44.4035],[3.9659,44.4017],[3.9671,44.3988],[3.9751,44.3963],[3.9799,44.3937],[3.9815,44.3897],[3.9801,44.3868],[3.9832,44.3879],[3.9848,44.3870],[3.9802,44.3842],[3.9809,44.3822],[3.9830,44.3831],[3.9851,44.3814],[3.9815,44.3780],[3.9794,44.3733],[3.9821,44.3719],[3.9844,44.3686],[3.9860,44.3694],[3.9891,44.3659],[3.9919,44.3653],[3.9941,44.3614],[3.9988,44.3640],[3.9997,44.3627],[3.9983,44.3606],[3.9990,44.3597],[4.0032,44.3617],[4.0040,44.3609],[4.0029,44.3577],[4.0053,44.3567],[4.0052,44.3560],[4.0032,44.3562],[4.0026,44.3540],[4.0015,44.3537],[3.9959,44.3571],[3.9898,44.3520],[3.9910,44.3485],[3.9967,44.3488],[4.0014,44.3472],[4.0035,44.3448],[4.0030,44.3432],[4.0050,44.3406],[4.0208,44.3380],[4.0198,44.3359],[4.0227,44.3354],[4.0228,44.3326],[4.0271,44.3303],[4.0281,44.3316],[4.0310,44.3321],[4.0327,44.3345],[4.0331,44.3325],[4.0352,44.3314],[4.0333,44.3305],[4.0355,44.3297]]}},{"type":"Feature","properties":{"name":"La Cèze"},"geometry":{"type":"LineString","coordinates":[[4.0484,44.3187],[4.0533,44.3159],[4.0522,44.3131],[4.0571,44.3107],[4.0616,44.3102],[4.0608,44.3051],[4.0616,44.3033],[4.0630,44.3033],[4.0640,44.3045],[4.0666,44.3038],[4.0682,44.3071],[4.0700,44.3063],[4.0697,44.3016],[4.0643,44.2989],[4.0652,44.2980],[4.0673,44.2991],[4.0691,44.2987],[4.0648,44.2938],[4.0642,44.2915],[4.0683,44.2887],[4.0714,44.2897],[4.0739,44.2962],[4.0774,44.2977],[4.0784,44.3002],[4.0800,44.3012],[4.0829,44.3019],[4.0931,44.2973],[4.0931,44.2930],[4.0980,44.2901],[4.1048,44.2880],[4.1147,44.2829],[4.1276,44.2816],[4.1273,44.2757],[4.1308,44.2730],[4.1400,44.2768],[4.1513,44.2742],[4.1529,44.2719],[4.1527,44.2653],[4.1544,44.2625],[4.1612,44.2618],[4.1638,44.2626],[4.1658,44.2680],[4.1679,44.2696],[4.1697,44.2690],[4.1787,44.2699],[4.1819,44.2690]]}},{"type":"Feature","properties":{"name":"La Cèze"},"geometry":{"type":"LineString","coordinates":[[3.9484,44.4179],[3.9488,44.4154]]}},{"type":"Feature","properties":{"name":"La Cèze"},"geometry":{"type":"LineString","coordinates":[[4.2210,44.2340],[4.2281,44.2340],[4.2320,44.2353]]}},{"type":"Feature","properties":{"name":"La Cèze"},"geometry":{"type":"LineString","coordinates":[[4.2801,44.2346],[4.2820,44.2353],[4.2832,44.2370],[4.2830,44.2404],[4.2887,44.2413]]}},{"type":"Feature","properties":{"name":"La Cèze"},"geometry":{"type":"LineString","coordinates":[[4.2998,44.2438],[4.3018,44.2456],[4.3056,44.2459],[4.3101,44.2447],[4.3138,44.2420],[4.3178,44.2419],[4.3211,44.2466],[4.3222,44.2549],[4.3252,44.2561],[4.3258,44.2607],[4.3277,44.2611],[4.3295,44.2632],[4.3308,44.2630],[4.3320,44.2605],[4.3333,44.2608],[4.3356,44.2641],[4.3408,44.2625],[4.3473,44.2642],[4.3500,44.2616],[4.3537,44.2612],[4.3626,44.2628],[4.3628,44.2639],[4.3607,44.2654],[4.3614,44.2667],[4.3699,44.2688],[4.3763,44.2682],[4.3826,44.2702],[4.3861,44.2675],[4.3878,44.2643],[4.3922,44.2632],[4.3925,44.2606],[4.3940,44.2599],[4.3977,44.2624],[4.3978,44.2651],[4.3960,44.2677],[4.4021,44.2690],[4.4079,44.2670],[4.4133,44.2731],[4.4146,44.2731],[4.4210,44.2686],[4.4212,44.2667],[4.4192,44.2643],[4.4197,44.2625],[4.4186,44.2599],[4.4192,44.2593],[4.4240,44.2567],[4.4291,44.2569],[4.4304,44.2594],[4.4304,44.2642],[4.4369,44.2633],[4.4386,44.2618],[4.4419,44.2520],[4.4441,44.2498],[4.4486,44.2493],[4.4496,44.2473]]}},{"type":"Feature","properties":{"name":"La Cèze"},"geometry":{"type":"LineString","coordinates":[[4.2887,44.2413],[4.2970,44.2415],[4.2998,44.2438]]}},{"type":"Feature","properties":{"name":"La Cèze"},"geometry":{"type":"LineString","coordinates":[[4.0481,44.3189],[4.0484,44.3187]]}},{"type":"Feature","properties":{"name":"La Cèze"},"geometry":{"type":"LineString","coordinates":[[4.0355,44.3297],[4.0367,44.3282],[4.0421,44.3256],[4.0431,44.3241],[4.0468,44.3240],[4.0460,44.3219],[4.0487,44.3214],[4.0467,44.3195],[4.0481,44.3189]]}},{"type":"Feature","properties":{"name":"La Cèze"},"geometry":{"type":"LineString","coordinates":[[4.2631,44.2312],[4.2664,44.2321],[4.2680,44.2300],[4.2723,44.2317],[4.2733,44.2353],[4.2748,44.2368],[4.2776,44.2347],[4.2801,44.2346]]}},{"type":"Feature","properties":{"name":"La Cèze"},"geometry":{"type":"LineString","coordinates":[[4.2320,44.2353],[4.2414,44.2359],[4.2485,44.2287]]}},{"type":"Feature","properties":{"name":"La Lande"},"geometry":{"type":"LineString","coordinates":[[4.3163,44.5560],[4.3168,44.5535],[4.3217,44.5535],[4.3225,44.5514],[4.3181,44.5466],[4.3160,44.5462],[4.3177,44.5437],[4.3175,44.5422],[4.3119,44.5434]]}},{"type":"Feature","properties":{"name":"La Lande"},"geometry":{"type":"LineString","coordinates":[[4.3237,44.5273],[4.3269,44.5258],[4.3311,44.5211],[4.3264,44.5171],[4.3214,44.5146],[4.3180,44.5108],[4.3180,44.5097],[4.3230,44.5082],[4.3221,44.5041]]}},{"type":"Feature","properties":{"name":"La Lande"},"geometry":{"type":"LineString","coordinates":[[4.3219,44.5356],[4.3231,44.5350],[4.3212,44.5322],[4.3246,44.5312],[4.3228,44.5287],[4.3237,44.5273]]}},{"type":"Feature","properties":{"name":"La Lande"},"geometry":{"type":"LineString","coordinates":[[4.3119,44.5434],[4.3099,44.5430],[4.3109,44.5371],[4.3158,44.5372],[4.3177,44.5355],[4.3219,44.5356]]}},{"type":"Feature","properties":{"name":"La Lande"},"geometry":{"type":"LineString","coordinates":[[4.3170,44.5572],[4.3163,44.5560]]}},{"type":"Feature","properties":{"name":"Le Dourdon"},"geometry":{"type":"LineString","coordinates":[[3.9087,44.2781],[3.9070,44.2769],[3.9067,44.2749],[3.9053,44.2745],[3.9055,44.2735],[3.9076,44.2724],[3.9058,44.2712],[3.9057,44.2692],[3.9062,44.2680],[3.9074,44.2689],[3.9085,44.2672],[3.9098,44.2675],[3.9104,44.2651],[3.9122,44.2650],[3.9139,44.2614],[3.9165,44.2595],[3.9165,44.2588],[3.9148,44.2581],[3.9180,44.2537],[3.9167,44.2511],[3.9222,44.2485],[3.9200,44.2453],[3.9176,44.2459]]}},{"type":"Feature","properties":{"name":"Le Roubion"},"geometry":{"type":"LineString","coordinates":[[4.7092,44.5430],[4.7086,44.5395],[4.7060,44.5369],[4.7068,44.5352]]}},{"type":"Feature","properties":{"name":"Le Roubion"},"geometry":{"type":"LineString","coordinates":[[4.8274,44.5928],[4.8132,44.5896],[4.8124,44.5881],[4.8086,44.5871],[4.8072,44.5845],[4.8017,44.5831],[4.7972,44.5769],[4.7973,44.5735],[4.7937,44.5729],[4.7931,44.5704],[4.7903,44.5689]]}},{"type":"Feature","properties":{"name":"Le Roubion"},"geometry":{"type":"LineString","coordinates":[[4.9078,44.5839],[4.9011,44.5835],[4.8974,44.5852],[4.8940,44.5853],[4.8906,44.5878],[4.8832,44.5900]]}},{"type":"Feature","properties":{"name":"Le Roubion"},"geometry":{"type":"LineString","coordinates":[[4.7071,44.5351],[4.7081,44.5341],[4.7071,44.5327],[4.7073,44.5307],[4.7043,44.5286],[4.7030,44.5240],[4.6961,44.5202]]}},{"type":"Feature","properties":{"name":"Le Roubion"},"geometry":{"type":"LineString","coordinates":[[4.7903,44.5689],[4.7888,44.5665],[4.7851,44.5656],[4.7831,44.5634],[4.7817,44.5646],[4.7787,44.5644],[4.7776,44.5626],[4.7732,44.5618],[4.7738,44.5605],[4.7702,44.5604],[4.7632,44.5575],[4.7610,44.5573],[4.7581,44.5585],[4.7555,44.5580],[4.7485,44.5522],[4.7317,44.5546],[4.7180,44.5490]]}},{"type":"Feature","properties":{"name":"Le Roubion"},"geometry":{"type":"LineString","coordinates":[[4.8343,44.5939],[4.8325,44.5933]]}},{"type":"Feature","properties":{"name":"Le Roubion"},"geometry":{"type":"LineString","coordinates":[[4.7068,44.5352],[4.7071,44.5351]]}},{"type":"Feature","properties":{"name":"Le Roubion"},"geometry":{"type":"LineString","coordinates":[[4.7092,44.5430],[4.7092,44.5430]]}},{"type":"Feature","properties":{"name":"Le Roubion"},"geometry":{"type":"LineString","coordinates":[[4.7165,44.5485],[4.7089,44.5461],[4.7092,44.5430]]}},{"type":"Feature","properties":{"name":"Ruisseau de Palhères"},"geometry":{"type":"LineString","coordinates":[[3.9108,44.4226],[3.9142,44.4247],[3.9115,44.4269],[3.9142,44.4271],[3.9163,44.4285],[3.9155,44.4298],[3.9165,44.4318],[3.9154,44.4331],[3.9170,44.4349],[3.9173,44.4378],[3.9215,44.4407],[3.9312,44.4416],[3.9333,44.4444],[3.9314,44.4449],[3.9331,44.4467],[3.9322,44.4489],[3.9361,44.4490],[3.9397,44.4523]]}},{"type":"Feature","properties":{"name":"Le Lavézon"},"geometry":{"type":"LineString","coordinates":[[4.7228,44.5927],[4.7236,44.5908]]}},{"type":"Feature","properties":{"name":"Le Chassezac"},"geometry":{"type":"LineString","coordinates":[[4.1848,44.4082],[4.1886,44.4050],[4.1952,44.4052],[4.1952,44.4042],[4.1916,44.4027],[4.1927,44.3983],[4.1957,44.3947],[4.2025,44.3989],[4.1994,44.4028],[4.2004,44.4061],[4.2031,44.4079],[4.2059,44.4070],[4.2122,44.4073],[4.2158,44.4063],[4.2186,44.4039],[4.2218,44.4027]]}},{"type":"Feature","properties":{"name":"Le Chassezac"},"geometry":{"type":"LineString","coordinates":[[4.2308,44.3914],[4.2438,44.3909],[4.2489,44.3925],[4.2555,44.3953],[4.2609,44.4017],[4.2641,44.4036],[4.2673,44.4107],[4.2781,44.4145],[4.2893,44.4153],[4.3020,44.4192],[4.3064,44.4175],[4.3105,44.4247],[4.3161,44.4274],[4.3208,44.4275]]}},{"type":"Feature","properties":{"name":"Le Chassezac"},"geometry":{"type":"LineString","coordinates":[[3.9984,44.4597],[4.0022,44.4590],[4.0044,44.4564],[4.0095,44.4566],[4.0109,44.4548],[4.0152,44.4546],[4.0153,44.4537]]}},{"type":"Feature","properties":{"name":"Le Chassezac"},"geometry":{"type":"LineString","coordinates":[[3.9213,44.5081],[3.9234,44.5064],[3.9261,44.5064],[3.9279,44.5051],[3.9338,44.5002],[3.9346,44.4976],[3.9382,44.4977],[3.9418,44.4922]]}},{"type":"Feature","properties":{"name":"Le Chassezac"},"geometry":{"type":"LineString","coordinates":[[3.9102,44.5094],[3.9147,44.5064],[3.9130,44.5046],[3.9135,44.5037],[3.9164,44.5027],[3.9178,44.5028],[3.9198,44.5078],[3.9213,44.5081]]}},{"type":"Feature","properties":{"name":"Le Chassezac"},"geometry":{"type":"LineString","coordinates":[[3.8454,44.5339],[3.8472,44.5330],[3.8488,44.5346],[3.8537,44.5344],[3.8632,44.5382],[3.8729,44.5313],[3.8755,44.5257],[3.8778,44.5248],[3.8803,44.5266],[3.8848,44.5276],[3.8886,44.5313],[3.8921,44.5301],[3.8969,44.5309],[3.8973,44.5319]]}},{"type":"Feature","properties":{"name":"Le Chassezac"},"geometry":{"type":"LineString","coordinates":[[3.9867,44.4757],[3.9877,44.4729],[3.9923,44.4703],[3.9924,44.4673],[3.9969,44.4660],[3.9971,44.4616],[3.9984,44.4597]]}},{"type":"Feature","properties":{"name":"Le Chassezac"},"geometry":{"type":"LineString","coordinates":[[3.8973,44.5319],[3.9006,44.5337],[3.9022,44.5322],[3.9018,44.5296],[3.9027,44.5279],[3.9080,44.5278],[3.9072,44.5239],[3.9088,44.5188],[3.9073,44.5167],[3.9089,44.5151],[3.9125,44.5142],[3.9121,44.5130],[3.9101,44.5136],[3.9076,44.5124],[3.9102,44.5115],[3.9102,44.5094]]}},{"type":"Feature","properties":{"name":"Le Chassezac"},"geometry":{"type":"LineString","coordinates":[[4.1419,44.4230],[4.1474,44.4225],[4.1536,44.4177]]}},{"type":"Feature","properties":{"name":"Le Chassezac"},"geometry":{"type":"LineString","coordinates":[[4.0851,44.4344],[4.0861,44.4334],[4.0842,44.4296],[4.0850,44.4273],[4.0967,44.4246],[4.1030,44.4194],[4.1016,44.4160],[4.1034,44.4141],[4.1057,44.4142],[4.1078,44.4158],[4.1097,44.4213],[4.1099,44.4230],[4.1087,44.4242],[4.1100,44.4264],[4.1133,44.4262],[4.1182,44.4235],[4.1207,44.4151],[4.1269,44.4136],[4.1331,44.4134],[4.1355,44.4151],[4.1352,44.4175],[4.1306,44.4195],[4.1311,44.4214],[4.1370,44.4238],[4.1419,44.4230]]}},{"type":"Feature","properties":{"name":"Le Chassezac"},"geometry":{"type":"LineString","coordinates":[[4.0153,44.4537],[4.0149,44.4508],[4.0221,44.4500],[4.0213,44.4473],[4.0232,44.4457],[4.0269,44.4456],[4.0280,44.4446],[4.0291,44.4464],[4.0307,44.4465],[4.0327,44.4459],[4.0342,44.4436],[4.0372,44.4461]]}},{"type":"Feature","properties":{"name":"Le Chassezac"},"geometry":{"type":"LineString","coordinates":[[4.0372,44.4461],[4.0396,44.4477]]}},{"type":"Feature","properties":{"name":"Le Chassezac"},"geometry":{"type":"LineString","coordinates":[[3.9418,44.4922],[3.9436,44.4922],[3.9446,44.4883],[3.9386,44.4829],[3.9390,44.4816],[3.9418,44.4816],[3.9414,44.4802]]}},{"type":"Feature","properties":{"name":"Le Chassezac"},"geometry":{"type":"LineString","coordinates":[[3.9609,44.4785],[3.9626,44.4789],[3.9655,44.4774],[3.9691,44.4786],[3.9720,44.4780],[3.9728,44.4768],[3.9800,44.4756],[3.9845,44.4766],[3.9867,44.4757]]}},{"type":"Feature","properties":{"name":"Le Chassezac"},"geometry":{"type":"LineString","coordinates":[[4.0396,44.4477],[4.0403,44.4477]]}},{"type":"Feature","properties":{"name":"Le Chassezac"},"geometry":{"type":"LineString","coordinates":[[4.0641,44.4442],[4.0663,44.4427],[4.0697,44.4433],[4.0703,44.4419],[4.0695,44.4395],[4.0707,44.4386],[4.0735,44.4389],[4.0735,44.4415],[4.0752,44.4431],[4.0793,44.4420],[4.0794,44.4405],[4.0750,44.4346],[4.0761,44.4326],[4.0776,44.4326],[4.0806,44.4347],[4.0851,44.4344]]}},{"type":"Feature","properties":{"name":"Le Chassezac"},"geometry":{"type":"LineString","coordinates":[[4.1568,44.4157],[4.1614,44.4136],[4.1732,44.4139],[4.1771,44.4082],[4.1827,44.4092],[4.1848,44.4082]]}},{"type":"Feature","properties":{"name":"Le Chassezac"},"geometry":{"type":"LineString","coordinates":[[4.1536,44.4177],[4.1568,44.4157]]}},{"type":"Feature","properties":{"name":"Le Chassezac"},"geometry":{"type":"LineString","coordinates":[[4.0403,44.4477],[4.0445,44.4500],[4.0507,44.4507],[4.0536,44.4487],[4.0574,44.4481],[4.0589,44.4442],[4.0629,44.4459],[4.0641,44.4442]]}},{"type":"Feature","properties":{"name":"Le Chassezac"},"geometry":{"type":"LineString","coordinates":[[4.2873,44.4153],[4.2900,44.4158]]}},{"type":"Feature","properties":{"name":"Le Chassezac"},"geometry":{"type":"LineString","coordinates":[[4.2807,44.4146],[4.2853,44.4150]]}},{"type":"Feature","properties":{"name":"Le Chassezac"},"geometry":{"type":"LineString","coordinates":[[4.3127,44.4259],[4.3152,44.4271]]}},{"type":"Feature","properties":{"name":"Le Chassezac"},"geometry":{"type":"LineString","coordinates":[[4.1880,44.4061],[4.1892,44.4051]]}},{"type":"Feature","properties":{"name":"Le Chassezac"},"geometry":{"type":"LineString","coordinates":[[4.0986,44.4228],[4.1003,44.4216]]}},{"type":"Feature","properties":{"name":"Le Chassezac"},"geometry":{"type":"LineString","coordinates":[[3.9414,44.4802],[3.9461,44.4790],[3.9474,44.4800],[3.9520,44.4789],[3.9566,44.4756],[3.9603,44.4767],[3.9609,44.4785]]}},{"type":"Feature","properties":{"name":"Le Chassezac"},"geometry":{"type":"LineString","coordinates":[[3.8271,44.5471],[3.8301,44.5439],[3.8290,44.5433],[3.8376,44.5364],[3.8399,44.5360],[3.8426,44.5336],[3.8454,44.5339]]}},{"type":"Feature","properties":{"name":"La Berre"},"geometry":{"type":"LineString","coordinates":[[4.9278,44.4475],[4.9241,44.4452],[4.9228,44.4417],[4.9208,44.4412],[4.9211,44.4399],[4.9194,44.4390],[4.9194,44.4370],[4.9110,44.4337],[4.9071,44.4347],[4.8990,44.4308],[4.8958,44.4324],[4.8870,44.4277],[4.8776,44.4288],[4.8780,44.4267],[4.8681,44.4222],[4.8646,44.4220],[4.8618,44.4240],[4.8592,44.4240],[4.8581,44.4226],[4.8521,44.4225],[4.8514,44.4202],[4.8450,44.4205],[4.8409,44.4194]]}},{"type":"Feature","properties":{"name":"La Berre"},"geometry":{"type":"LineString","coordinates":[[4.8121,44.4165],[4.8057,44.4154],[4.8019,44.4137],[4.7953,44.4140],[4.7904,44.4127],[4.7846,44.4151],[4.7797,44.4125],[4.7729,44.4144],[4.7704,44.4125],[4.7671,44.4143],[4.7591,44.4129],[4.7565,44.4138],[4.7515,44.4122],[4.7357,44.4132],[4.7240,44.4121],[4.7211,44.4099]]}},{"type":"Feature","properties":{"name":"La Berre"},"geometry":{"type":"LineString","coordinates":[[4.8409,44.4194],[4.8389,44.4188],[4.8376,44.4203],[4.8365,44.4202],[4.8312,44.4180],[4.8308,44.4166],[4.8267,44.4157],[4.8202,44.4169],[4.8179,44.4158],[4.8121,44.4165]]}},{"type":"Feature","properties":{"name":"La Berre"},"geometry":{"type":"LineString","coordinates":[[4.7211,44.4098],[4.7205,44.4094]]}},{"type":"Feature","properties":{"name":"La Berre"},"geometry":{"type":"LineString","coordinates":[[4.7211,44.4099],[4.7211,44.4098]]}},{"type":"Feature","properties":{"name":"L\u0027Aygues"},"geometry":{"type":"LineString","coordinates":[[4.9258,44.2528],[4.9245,44.2491],[4.9211,44.2493],[4.9199,44.2483],[4.9200,44.2452],[4.9182,44.2430],[4.9182,44.2409],[4.9167,44.2397],[4.9140,44.2400],[4.9134,44.2387],[4.9180,44.2366],[4.9179,44.2336],[4.9216,44.2315],[4.9226,44.2291],[4.9214,44.2264]]}},{"type":"Feature","properties":{"name":"Le Roubion"},"geometry":{"type":"LineString","coordinates":[[4.9576,44.5950],[4.9531,44.5936],[4.9495,44.5952],[4.9477,44.5950],[4.9477,44.5924],[4.9443,44.5917],[4.9370,44.5933],[4.9299,44.5932],[4.9153,44.5880],[4.9123,44.5855],[4.9095,44.5859],[4.9078,44.5839]]}}]}