{"type":"FeatureCollection","features":[{"type":"Feature","properties":{"name":"La Résie"},"geometry":{"type":"LineString","coordinates":[[5.5201,47.3177],[5.5191,47.3163]]}},{"type":"Feature","properties":{"name":"La Résie"},"geometry":{"type":"LineString","coordinates":[[5.5541,47.3230],[5.5497,47.3206],[5.5455,47.3204],[5.5400,47.3246],[5.5236,47.3255],[5.5209,47.3237],[5.5197,47.3193],[5.5203,47.3170],[5.5191,47.3163],[5.5183,47.3137],[5.5081,47.3079]]}},{"type":"Feature","properties":{"name":"La Résie"},"geometry":{"type":"LineString","coordinates":[[5.5541,47.3230],[5.5530,47.3208],[5.5463,47.3204]]}},{"type":"Feature","properties":{"name":"La Cure"},"geometry":{"type":"LineString","coordinates":[[4.0570,47.1970],[4.0539,47.1971],[4.0549,47.1947],[4.0543,47.1935],[4.0447,47.1946],[4.0452,47.1910],[4.0416,47.1882],[4.0404,47.1880],[4.0404,47.1892],[4.0395,47.1894],[4.0362,47.1880],[4.0351,47.1865],[4.0263,47.1875],[4.0239,47.1886],[4.0253,47.1908],[4.0241,47.1932],[4.0265,47.1943],[4.0277,47.1971],[4.0264,47.2028],[4.0246,47.2032],[4.0271,47.2055],[4.0287,47.2058],[4.0273,47.2077],[4.0285,47.2092],[4.0332,47.2103],[4.0337,47.2119],[4.0328,47.2131],[4.0356,47.2139],[4.0376,47.2157],[4.0373,47.2165]]}},{"type":"Feature","properties":{"name":"La Cure"},"geometry":{"type":"LineString","coordinates":[[4.0572,47.1969],[4.0570,47.1970]]}},{"type":"Feature","properties":{"name":"La Cure"},"geometry":{"type":"LineString","coordinates":[[4.0414,47.2726],[4.0409,47.2781],[4.0386,47.2816],[4.0397,47.2850],[4.0393,47.2876],[4.0330,47.2939]]}},{"type":"Feature","properties":{"name":"La Cure"},"geometry":{"type":"LineString","coordinates":[[4.0456,47.2640],[4.0437,47.2658],[4.0434,47.2681],[4.0411,47.2701],[4.0414,47.2726]]}},{"type":"Feature","properties":{"name":"La Cure"},"geometry":{"type":"LineString","coordinates":[[4.0611,47.2464],[4.0603,47.2506],[4.0572,47.2501],[4.0565,47.2535],[4.0529,47.2564],[4.0500,47.2616],[4.0456,47.2640]]}},{"type":"Feature","properties":{"name":"La Cure"},"geometry":{"type":"LineString","coordinates":[[4.0561,47.2442],[4.0601,47.2454]]}},{"type":"Feature","properties":{"name":"La Cure"},"geometry":{"type":"LineString","coordinates":[[4.0601,47.2454],[4.0611,47.2464]]}},{"type":"Feature","properties":{"name":"La Cure"},"geometry":{"type":"LineString","coordinates":[[4.0384,47.2374],[4.0396,47.2370],[4.0434,47.2389],[4.0458,47.2426],[4.0476,47.2429],[4.0485,47.2444],[4.0527,47.2452],[4.0561,47.2442]]}},{"type":"Feature","properties":{"name":"La Cure"},"geometry":{"type":"LineString","coordinates":[[4.0373,47.2165],[4.0368,47.2191],[4.0393,47.2211],[4.0391,47.2230],[4.0412,47.2232],[4.0394,47.2261],[4.0376,47.2261],[4.0353,47.2283],[4.0365,47.2315],[4.0348,47.2346],[4.0384,47.2374]]}},{"type":"Feature","properties":{"name":"La Cure"},"geometry":{"type":"LineString","coordinates":[[4.0668,47.1752],[4.0676,47.1767],[4.0664,47.1772],[4.0666,47.1784],[4.0643,47.1817],[4.0641,47.1842],[4.0632,47.1845],[4.0631,47.1865],[4.0651,47.1891],[4.0639,47.1934],[4.0631,47.1947],[4.0589,47.1956],[4.0572,47.1969]]}},{"type":"Feature","properties":{"name":"La Cure"},"geometry":{"type":"LineString","coordinates":[[4.0569,47.1961],[4.0568,47.1961]]}},{"type":"Feature","properties":{"name":"La Cure"},"geometry":{"type":"LineString","coordinates":[[4.0581,47.1961],[4.0569,47.1961]]}},{"type":"Feature","properties":{"name":"La Cure"},"geometry":{"type":"LineString","coordinates":[[4.0568,47.1961],[4.0556,47.1971]]}},{"type":"Feature","properties":{"name":"Le Brévon"},"geometry":{"type":"LineString","coordinates":[[4.7165,47.7337],[4.7132,47.7355],[4.7127,47.7388],[4.7098,47.7380],[4.7096,47.7397],[4.7048,47.7402],[4.7015,47.7427],[4.7018,47.7442],[4.6988,47.7423],[4.6958,47.7449],[4.6915,47.7449],[4.6862,47.7472],[4.6817,47.7468]]}},{"type":"Feature","properties":{"name":"Le Brévon"},"geometry":{"type":"LineString","coordinates":[[4.6651,47.7380],[4.6630,47.7371],[4.6582,47.7373],[4.6506,47.7381],[4.6486,47.7394],[4.6467,47.7387],[4.6440,47.7393],[4.6404,47.7374],[4.6369,47.7373],[4.6293,47.7393],[4.6252,47.7410],[4.6230,47.7430],[4.6206,47.7433],[4.6173,47.7400],[4.6103,47.7404],[4.6046,47.7391],[4.6032,47.7398]]}},{"type":"Feature","properties":{"name":"Le Brévon"},"geometry":{"type":"LineString","coordinates":[[4.6817,47.7468],[4.6796,47.7470],[4.6651,47.7380]]}},{"type":"Feature","properties":{"name":"Le Brévon"},"geometry":{"type":"LineString","coordinates":[[4.7261,47.7286],[4.7249,47.7285],[4.7207,47.7314]]}},{"type":"Feature","properties":{"name":"Le Brévon"},"geometry":{"type":"LineString","coordinates":[[4.7207,47.7314],[4.7176,47.7332]]}},{"type":"Feature","properties":{"name":"Le Brévon"},"geometry":{"type":"LineString","coordinates":[[4.7176,47.7332],[4.7165,47.7337]]}},{"type":"Feature","properties":{"name":"Le Brévon"},"geometry":{"type":"LineString","coordinates":[[4.7591,47.7053],[4.7574,47.7075],[4.7540,47.7075]]}},{"type":"Feature","properties":{"name":"Le Brévon"},"geometry":{"type":"LineString","coordinates":[[4.7540,47.7075],[4.7504,47.7096],[4.7506,47.7111],[4.7493,47.7101],[4.7482,47.7111],[4.7477,47.7128],[4.7493,47.7140],[4.7440,47.7172],[4.7436,47.7206],[4.7418,47.7214],[4.7422,47.7223]]}},{"type":"Feature","properties":{"name":"Le Brévon"},"geometry":{"type":"LineString","coordinates":[[4.7422,47.7223],[4.7421,47.7233]]}},{"type":"Feature","properties":{"name":"Le Brévon"},"geometry":{"type":"LineString","coordinates":[[4.7421,47.7233],[4.7388,47.7239]]}},{"type":"Feature","properties":{"name":"Le Brévon"},"geometry":{"type":"LineString","coordinates":[[4.7388,47.7239],[4.7377,47.7249]]}},{"type":"Feature","properties":{"name":"Le Brévon"},"geometry":{"type":"LineString","coordinates":[[4.7377,47.7249],[4.7346,47.7247],[4.7331,47.7264],[4.7310,47.7263],[4.7301,47.7282],[4.7274,47.7279],[4.7261,47.7286]]}},{"type":"Feature","properties":{"name":"L\u0027Arnisson"},"geometry":{"type":"LineString","coordinates":[[5.2882,47.2213],[5.2878,47.2212]]}},{"type":"Feature","properties":{"name":"L\u0027Arnisson"},"geometry":{"type":"LineString","coordinates":[[5.2876,47.2685],[5.2895,47.2662],[5.2917,47.2660],[5.2923,47.2637],[5.2893,47.2606],[5.2892,47.2581],[5.2877,47.2573],[5.2860,47.2536],[5.2820,47.2511],[5.2842,47.2466],[5.2821,47.2453],[5.2815,47.2435],[5.2830,47.2395],[5.2789,47.2350],[5.2813,47.2330],[5.2842,47.2277],[5.2888,47.2284],[5.2902,47.2221],[5.2882,47.2213]]}},{"type":"Feature","properties":{"name":"L\u0027Arnisson"},"geometry":{"type":"LineString","coordinates":[[5.2878,47.2212],[5.2877,47.2183],[5.2893,47.2171],[5.2898,47.2153],[5.2900,47.2106],[5.2891,47.2096],[5.2906,47.2079],[5.2899,47.2059],[5.2925,47.2055],[5.2943,47.2038],[5.2932,47.1997],[5.2950,47.1990],[5.2942,47.1964],[5.2962,47.1956],[5.2955,47.1952],[5.2956,47.1936],[5.2967,47.1913],[5.2939,47.1900],[5.2939,47.1854]]}},{"type":"Feature","properties":{"name":"L\u0027Arnisson"},"geometry":{"type":"LineString","coordinates":[[5.2774,47.3093],[5.2823,47.3086],[5.2850,47.3060],[5.2857,47.3048],[5.2846,47.2956],[5.2864,47.2937],[5.2870,47.2888],[5.2880,47.2877],[5.2926,47.2866],[5.2873,47.2819]]}},{"type":"Feature","properties":{"name":"L\u0027Arnisson"},"geometry":{"type":"LineString","coordinates":[[5.2873,47.2819],[5.2872,47.2818]]}},{"type":"Feature","properties":{"name":"L\u0027Arnisson"},"geometry":{"type":"LineString","coordinates":[[5.2872,47.2818],[5.2846,47.2810],[5.2806,47.2770],[5.2825,47.2729],[5.2856,47.2717],[5.2875,47.2685]]}},{"type":"Feature","properties":{"name":"L\u0027Arnisson"},"geometry":{"type":"LineString","coordinates":[[5.2875,47.2685],[5.2876,47.2685]]}},{"type":"Feature","properties":{"name":"L\u0027Oucherotte"},"geometry":{"type":"LineString","coordinates":[[5.1587,47.1880],[5.1636,47.1784],[5.1648,47.1737],[5.1639,47.1727]]}},{"type":"Feature","properties":{"name":"L\u0027Oucherotte"},"geometry":{"type":"LineString","coordinates":[[5.1519,47.2030],[5.1498,47.2017],[5.1522,47.1989],[5.1529,47.1953],[5.1587,47.1880]]}},{"type":"Feature","properties":{"name":"L\u0027Oucherotte"},"geometry":{"type":"LineString","coordinates":[[5.1639,47.1727],[5.1640,47.1726]]}},{"type":"Feature","properties":{"name":"L\u0027Oucherotte"},"geometry":{"type":"LineString","coordinates":[[5.1640,47.1726],[5.1737,47.1696],[5.1974,47.1569]]}},{"type":"Feature","properties":{"name":"Le Salon"},"geometry":{"type":"LineString","coordinates":[[5.5243,47.7342],[5.5265,47.7314],[5.5265,47.7286],[5.5317,47.7263],[5.5330,47.7247],[5.5317,47.7193],[5.5148,47.7124],[5.5076,47.7130],[5.5043,47.7105],[5.4936,47.7077],[5.4899,47.7080],[5.4854,47.7022],[5.4828,47.7020],[5.4794,47.6989],[5.4762,47.6998],[5.4754,47.6979],[5.4774,47.6962],[5.4738,47.6949],[5.4718,47.6921],[5.4696,47.6923],[5.4683,47.6949],[5.4660,47.6947],[5.4658,47.6911],[5.4632,47.6911],[5.4623,47.6903],[5.4659,47.6878],[5.4659,47.6869],[5.4607,47.6852]]}},{"type":"Feature","properties":{"name":"Le Salon"},"geometry":{"type":"LineString","coordinates":[[5.4607,47.6852],[5.4607,47.6835],[5.4625,47.6811],[5.4607,47.6800],[5.4570,47.6799],[5.4560,47.6735],[5.4528,47.6730],[5.4515,47.6717],[5.4536,47.6707],[5.4586,47.6721],[5.4615,47.6711],[5.4634,47.6694],[5.4607,47.6664],[5.4614,47.6654],[5.4677,47.6620],[5.4716,47.6612],[5.4732,47.6578],[5.4787,47.6569],[5.4784,47.6556],[5.4751,47.6554],[5.4756,47.6541],[5.4839,47.6500],[5.4908,47.6515],[5.4938,47.6498],[5.5006,47.6508],[5.5040,47.6488],[5.5005,47.6466],[5.5008,47.6441],[5.5046,47.6415],[5.5118,47.6439],[5.5158,47.6438],[5.5170,47.6414],[5.5154,47.6397],[5.5154,47.6374],[5.5139,47.6379],[5.5162,47.6341],[5.5164,47.6313],[5.5120,47.6297],[5.5102,47.6306],[5.5093,47.6274],[5.5117,47.6250],[5.5162,47.6254],[5.5193,47.6235],[5.5197,47.6223],[5.5187,47.6209],[5.5171,47.6208],[5.5162,47.6182],[5.5194,47.6124],[5.5202,47.6135],[5.5218,47.6124],[5.5264,47.6117],[5.5270,47.6133],[5.5296,47.6137],[5.5322,47.6112],[5.5350,47.6109],[5.5345,47.6065],[5.5417,47.6045],[5.5425,47.6021],[5.5397,47.6024],[5.5392,47.6016],[5.5394,47.5996],[5.5406,47.5985],[5.5373,47.5970],[5.5387,47.5959],[5.5413,47.5964],[5.5434,47.5952],[5.5434,47.5904],[5.5446,47.5901],[5.5455,47.5910],[5.5479,47.5897],[5.5459,47.5888],[5.5463,47.5880],[5.5508,47.5885],[5.5530,47.5915],[5.5566,47.5924],[5.5558,47.5931],[5.5598,47.5928],[5.5591,47.5914],[5.5610,47.5909],[5.5624,47.5890],[5.5616,47.5870],[5.5601,47.5867],[5.5622,47.5859],[5.5615,47.5851],[5.5624,47.5846],[5.5615,47.5842],[5.5627,47.5832],[5.5620,47.5824],[5.5628,47.5813],[5.5619,47.5805],[5.5639,47.5794],[5.5662,47.5801],[5.5671,47.5789],[5.5720,47.5792],[5.5776,47.5767],[5.5784,47.5755],[5.5819,47.5752],[5.5828,47.5733],[5.5800,47.5723],[5.5769,47.5694],[5.5827,47.5670],[5.5915,47.5657],[5.5972,47.5662],[5.5994,47.5677],[5.6012,47.5710],[5.6044,47.5717],[5.6131,47.5693],[5.6141,47.5679],[5.6165,47.5683],[5.6161,47.5666],[5.6174,47.5654],[5.6221,47.5671],[5.6238,47.5663],[5.6268,47.5691],[5.6299,47.5681],[5.6330,47.5648],[5.6355,47.5648],[5.6373,47.5653],[5.6382,47.5671],[5.6342,47.5695],[5.6344,47.5732],[5.6385,47.5757],[5.6402,47.5759],[5.6432,47.5742],[5.6436,47.5750],[5.6446,47.5737],[5.6483,47.5725],[5.6476,47.5693],[5.6509,47.5654],[5.6493,47.5646],[5.6497,47.5633],[5.6615,47.5621],[5.6626,47.5636],[5.6647,47.5640],[5.6684,47.5617],[5.6668,47.5608],[5.6680,47.5601],[5.6695,47.5563],[5.6734,47.5543],[5.6811,47.5536],[5.6919,47.5486],[5.6914,47.5475],[5.6938,47.5459],[5.6914,47.5435],[5.6932,47.5419],[5.6908,47.5409],[5.6913,47.5395],[5.6895,47.5382],[5.6831,47.5349]]}},{"type":"Feature","properties":{"name":"La Dorme"},"geometry":{"type":"LineString","coordinates":[[5.4488,46.9024],[5.4491,46.8979]]}},{"type":"Feature","properties":{"name":"La Dorme"},"geometry":{"type":"LineString","coordinates":[[5.4528,46.8846],[5.4533,46.8831],[5.4497,46.8799]]}},{"type":"Feature","properties":{"name":"La Dorme"},"geometry":{"type":"LineString","coordinates":[[5.4491,46.8979],[5.4499,46.8954]]}},{"type":"Feature","properties":{"name":"La Dorme"},"geometry":{"type":"LineString","coordinates":[[5.4497,46.8799],[5.4473,46.8787],[5.4395,46.8701]]}},{"type":"Feature","properties":{"name":"La Dorme"},"geometry":{"type":"LineString","coordinates":[[5.4495,46.8867],[5.4522,46.8849]]}},{"type":"Feature","properties":{"name":"La Dorme"},"geometry":{"type":"LineString","coordinates":[[5.4495,46.8868],[5.4495,46.8867]]}},{"type":"Feature","properties":{"name":"La Dorme"},"geometry":{"type":"LineString","coordinates":[[5.4522,46.8849],[5.4528,46.8846]]}},{"type":"Feature","properties":{"name":"La Dorme"},"geometry":{"type":"LineString","coordinates":[[5.4492,46.9035],[5.4488,46.9024]]}},{"type":"Feature","properties":{"name":"La Dorme"},"geometry":{"type":"LineString","coordinates":[[5.4499,46.8954],[5.4484,46.8938],[5.4494,46.8930],[5.4486,46.8896],[5.4495,46.8868]]}},{"type":"Feature","properties":{"name":"La Meuse"},"geometry":{"type":"LineString","coordinates":[[5.5571,47.9899],[5.5500,47.9927],[5.5493,47.9938],[5.5477,47.9938],[5.5472,47.9951],[5.5480,47.9961],[5.5474,47.9965],[5.5482,47.9975],[5.5462,47.9981],[5.5456,48.0003],[5.5433,48.0000],[5.5416,48.0012],[5.5413,48.0032],[5.5422,48.0043],[5.5401,48.0045],[5.5392,48.0037],[5.5354,48.0044],[5.5355,48.0060],[5.5405,48.0086],[5.5416,48.0106],[5.5389,48.0127],[5.5364,48.0121],[5.5344,48.0135],[5.5349,48.0165],[5.5380,48.0189],[5.5367,48.0196],[5.5308,48.0188],[5.5299,48.0195]]}},{"type":"Feature","properties":{"name":"Le Trinquelin"},"geometry":{"type":"LineString","coordinates":[[4.0763,47.3366],[4.0775,47.3378],[4.0777,47.3410],[4.0747,47.3436],[4.0756,47.3468],[4.0743,47.3491],[4.0705,47.3498],[4.0688,47.3513],[4.0663,47.3549],[4.0611,47.3570],[4.0529,47.3577],[4.0483,47.3620],[4.0410,47.3611],[4.0379,47.3579],[4.0350,47.3564],[4.0312,47.3592],[4.0310,47.3611],[4.0327,47.3623],[4.0325,47.3637],[4.0285,47.3673]]}},{"type":"Feature","properties":{"name":"Le Trinquelin"},"geometry":{"type":"LineString","coordinates":[[4.0765,47.3364],[4.0763,47.3365]]}},{"type":"Feature","properties":{"name":"Le Trinquelin"},"geometry":{"type":"LineString","coordinates":[[4.0763,47.3365],[4.0763,47.3366]]}},{"type":"Feature","properties":{"name":"Le Trinquelin"},"geometry":{"type":"LineString","coordinates":[[4.0763,47.3365],[4.0763,47.3365]]}},{"type":"Feature","properties":{"name":"Canal du Moulin"},"geometry":{"type":"LineString","coordinates":[[5.4135,46.9680],[5.4135,46.9666],[5.4100,46.9670]]}},{"type":"Feature","properties":{"name":"Canal du Moulin"},"geometry":{"type":"LineString","coordinates":[[5.4098,46.9668],[5.4061,46.9640]]}},{"type":"Feature","properties":{"name":"Canal du Moulin"},"geometry":{"type":"LineString","coordinates":[[5.4100,46.9670],[5.4098,46.9668]]}},{"type":"Feature","properties":{"name":"Canal du Moulin"},"geometry":{"type":"LineString","coordinates":[[5.4236,46.9752],[5.4224,46.9723],[5.4196,46.9698],[5.4173,46.9685],[5.4135,46.9680]]}},{"type":"Feature","properties":{"name":"Canal du Moulin"},"geometry":{"type":"LineString","coordinates":[[5.4370,46.9894],[5.4320,46.9897],[5.4314,46.9862],[5.4297,46.9851],[5.4276,46.9808],[5.4240,46.9802],[5.4233,46.9781]]}},{"type":"Feature","properties":{"name":"Canal du Moulin"},"geometry":{"type":"LineString","coordinates":[[5.4233,46.9781],[5.4236,46.9752]]}},{"type":"Feature","properties":{"name":"La Canche"},"geometry":{"type":"LineString","coordinates":[[4.5425,47.0706],[4.5389,47.0693],[4.5355,47.0698],[4.5334,47.0685]]}},{"type":"Feature","properties":{"name":"La Canche"},"geometry":{"type":"LineString","coordinates":[[4.5628,47.0766],[4.5623,47.0766]]}},{"type":"Feature","properties":{"name":"La Canche"},"geometry":{"type":"LineString","coordinates":[[4.5623,47.0766],[4.5614,47.0757]]}},{"type":"Feature","properties":{"name":"La Canche"},"geometry":{"type":"LineString","coordinates":[[4.5614,47.0757],[4.5590,47.0746]]}},{"type":"Feature","properties":{"name":"La Canche"},"geometry":{"type":"LineString","coordinates":[[4.5334,47.0685],[4.5229,47.0686],[4.5137,47.0664],[4.5117,47.0648],[4.5097,47.0614],[4.4927,47.0605],[4.4892,47.0575],[4.4860,47.0577],[4.4814,47.0558],[4.4785,47.0564],[4.4767,47.0543],[4.4776,47.0530],[4.4723,47.0513],[4.4717,47.0485],[4.4701,47.0472],[4.4627,47.0482]]}},{"type":"Feature","properties":{"name":"La Canche"},"geometry":{"type":"LineString","coordinates":[[4.4627,47.0482],[4.4457,47.0429]]}},{"type":"Feature","properties":{"name":"La Canche"},"geometry":{"type":"LineString","coordinates":[[4.1035,47.0068],[4.1029,47.0077],[4.1036,47.0089],[4.1056,47.0092],[4.1049,47.0131],[4.1084,47.0150],[4.1161,47.0168],[4.1216,47.0162],[4.1277,47.0191],[4.1318,47.0182],[4.1372,47.0217],[4.1420,47.0222],[4.1448,47.0215],[4.1533,47.0232],[4.1600,47.0192]]}},{"type":"Feature","properties":{"name":"La Canche"},"geometry":{"type":"LineString","coordinates":[[4.5641,47.0773],[4.5628,47.0766]]}},{"type":"Feature","properties":{"name":"La Canche"},"geometry":{"type":"LineString","coordinates":[[4.1600,47.0192],[4.1620,47.0164],[4.1647,47.0150],[4.1669,47.0103],[4.1693,47.0089],[4.1742,47.0087],[4.1782,47.0099],[4.1833,47.0085],[4.1870,47.0085],[4.1940,47.0113]]}},{"type":"Feature","properties":{"name":"La Canche"},"geometry":{"type":"LineString","coordinates":[[4.4457,47.0429],[4.4437,47.0434],[4.4425,47.0417],[4.4447,47.0392],[4.4395,47.0381],[4.4394,47.0367],[4.4422,47.0350],[4.4405,47.0321],[4.4387,47.0311],[4.4368,47.0318],[4.4293,47.0299],[4.4255,47.0303],[4.4231,47.0295],[4.4202,47.0306],[4.4183,47.0299],[4.4117,47.0330],[4.3999,47.0342],[4.3982,47.0335],[4.3971,47.0351],[4.3945,47.0338],[4.3923,47.0352],[4.3915,47.0343],[4.3875,47.0346],[4.3829,47.0329],[4.3750,47.0352]]}},{"type":"Feature","properties":{"name":"La Canche"},"geometry":{"type":"LineString","coordinates":[[4.5590,47.0746],[4.5559,47.0734],[4.5475,47.0730],[4.5425,47.0706]]}},{"type":"Feature","properties":{"name":"La Romanée"},"geometry":{"type":"LineString","coordinates":[[4.1130,47.3981],[4.1118,47.4007],[4.1073,47.4014],[4.1076,47.4030],[4.1040,47.4062],[4.1047,47.4090],[4.1037,47.4105],[4.1012,47.4105],[4.1013,47.4119],[4.0994,47.4131],[4.0943,47.4145],[4.0936,47.4158],[4.0889,47.4174]]}},{"type":"Feature","properties":{"name":"La Romanée"},"geometry":{"type":"LineString","coordinates":[[4.0889,47.4174],[4.0872,47.4190],[4.0864,47.4183],[4.0863,47.4192],[4.0838,47.4197],[4.0846,47.4208],[4.0831,47.4223],[4.0819,47.4222],[4.0822,47.4234],[4.0797,47.4265],[4.0800,47.4280],[4.0754,47.4310],[4.0727,47.4317],[4.0710,47.4309],[4.0676,47.4324],[4.0648,47.4306],[4.0610,47.4329],[4.0589,47.4321],[4.0578,47.4302],[4.0558,47.4304],[4.0543,47.4324],[4.0556,47.4333],[4.0548,47.4360],[4.0489,47.4370],[4.0472,47.4401],[4.0462,47.4394],[4.0431,47.4401],[4.0420,47.4418],[4.0430,47.4424],[4.0421,47.4428],[4.0420,47.4446],[4.0379,47.4461],[4.0387,47.4480],[4.0349,47.4479],[4.0351,47.4498],[4.0321,47.4516],[4.0241,47.4499],[4.0214,47.4503],[4.0191,47.4493]]}},{"type":"Feature","properties":{"name":"La Romanée"},"geometry":{"type":"LineString","coordinates":[[4.1197,47.3835],[4.1174,47.3851],[4.1169,47.3871],[4.1150,47.3876],[4.1128,47.3908],[4.1139,47.3926],[4.1118,47.3944],[4.1130,47.3981]]}},{"type":"Feature","properties":{"name":"La Romanée"},"geometry":{"type":"LineString","coordinates":[[4.1349,47.3741],[4.1317,47.3743],[4.1322,47.3758],[4.1309,47.3762],[4.1308,47.3774],[4.1263,47.3799],[4.1264,47.3820],[4.1230,47.3821],[4.1197,47.3835]]}},{"type":"Feature","properties":{"name":"La Romanée"},"geometry":{"type":"LineString","coordinates":[[4.1394,47.3691],[4.1390,47.3715],[4.1349,47.3741]]}},{"type":"Feature","properties":{"name":"La Romanée"},"geometry":{"type":"LineString","coordinates":[[4.1396,47.3689],[4.1394,47.3691]]}},{"type":"Feature","properties":{"name":"La Romanée"},"geometry":{"type":"LineString","coordinates":[[4.1399,47.3688],[4.1396,47.3689]]}},{"type":"Feature","properties":{"name":"Le Meuzin"},"geometry":{"type":"LineString","coordinates":[[4.9030,47.1429],[4.9056,47.1428],[4.9069,47.1442],[4.9097,47.1448],[4.9127,47.1444]]}},{"type":"Feature","properties":{"name":"Le Meuzin"},"geometry":{"type":"LineString","coordinates":[[4.8847,47.1546],[4.8859,47.1520],[4.8858,47.1480],[4.8879,47.1463],[4.8872,47.1456],[4.8877,47.1444],[4.8968,47.1425],[4.9030,47.1429]]}},{"type":"Feature","properties":{"name":"Le Meuzin"},"geometry":{"type":"LineString","coordinates":[[4.8791,47.1644],[4.8803,47.1636],[4.8813,47.1617],[4.8807,47.1602],[4.8825,47.1590],[4.8844,47.1551]]}},{"type":"Feature","properties":{"name":"Le Meuzin"},"geometry":{"type":"LineString","coordinates":[[4.8844,47.1551],[4.8847,47.1546]]}},{"type":"Feature","properties":{"name":"Le Meuzin"},"geometry":{"type":"LineString","coordinates":[[4.8761,47.1702],[4.8756,47.1678],[4.8791,47.1644]]}},{"type":"Feature","properties":{"name":"Le Meuzin"},"geometry":{"type":"LineString","coordinates":[[4.9466,47.1362],[4.9483,47.1345]]}},{"type":"Feature","properties":{"name":"Le Meuzin"},"geometry":{"type":"LineString","coordinates":[[4.9127,47.1444],[4.9151,47.1443],[4.9174,47.1459],[4.9261,47.1459],[4.9286,47.1449],[4.9336,47.1463],[4.9351,47.1448],[4.9408,47.1434],[4.9467,47.1379],[4.9466,47.1362]]}},{"type":"Feature","properties":{"name":"Le Meuzin"},"geometry":{"type":"LineString","coordinates":[[4.9671,47.1052],[4.9688,47.1026],[4.9774,47.0994],[4.9827,47.0954],[4.9894,47.0958],[4.9965,47.0930],[4.9952,47.0875],[4.9965,47.0837],[5.0034,47.0763],[5.0036,47.0731],[5.0052,47.0714],[5.0046,47.0656],[5.0022,47.0640],[5.0012,47.0608],[5.0024,47.0586],[5.0017,47.0533],[5.0006,47.0521],[5.0017,47.0503],[4.9987,47.0445],[4.9967,47.0430],[4.9984,47.0358],[4.9977,47.0340],[4.9982,47.0311],[4.9955,47.0267],[4.9961,47.0257],[4.9953,47.0236],[4.9967,47.0215],[4.9944,47.0197],[4.9942,47.0174],[4.9924,47.0152],[4.9883,47.0120]]}},{"type":"Feature","properties":{"name":"Le Meuzin"},"geometry":{"type":"LineString","coordinates":[[4.9883,47.0120],[4.9842,47.0086],[4.9809,46.9990]]}},{"type":"Feature","properties":{"name":"Le Meuzin"},"geometry":{"type":"LineString","coordinates":[[4.9809,46.9990],[4.9803,46.9953],[4.9823,46.9945],[4.9824,46.9920],[4.9840,46.9902],[4.9867,46.9894],[4.9887,46.9869],[4.9888,46.9851],[4.9965,46.9829],[5.0024,46.9762],[5.0074,46.9755],[5.0103,46.9729],[5.0146,46.9714],[5.0169,46.9684]]}},{"type":"Feature","properties":{"name":"Le Meuzin"},"geometry":{"type":"LineString","coordinates":[[5.0244,46.9616],[5.0278,46.9556],[5.0302,46.9542],[5.0286,46.9528]]}},{"type":"Feature","properties":{"name":"Le Meuzin"},"geometry":{"type":"LineString","coordinates":[[4.9483,47.1345],[4.9533,47.1300],[4.9561,47.1291],[4.9594,47.1256],[4.9563,47.1230],[4.9581,47.1213],[4.9621,47.1200],[4.9621,47.1169],[4.9639,47.1143],[4.9640,47.1119],[4.9664,47.1084],[4.9671,47.1052]]}},{"type":"Feature","properties":{"name":"Le Meuzin"},"geometry":{"type":"LineString","coordinates":[[4.9887,46.9852],[4.9883,46.9849]]}},{"type":"Feature","properties":{"name":"Le Meuzin"},"geometry":{"type":"LineString","coordinates":[[5.0169,46.9684],[5.0194,46.9645],[5.0244,46.9617]]}},{"type":"Feature","properties":{"name":"Le Meuzin"},"geometry":{"type":"LineString","coordinates":[[5.0244,46.9617],[5.0244,46.9616]]}},{"type":"Feature","properties":{"name":"Le Meuzin"},"geometry":{"type":"LineString","coordinates":[[4.8767,47.1715],[4.8761,47.1702]]}},{"type":"Feature","properties":{"name":"La Traire"},"geometry":{"type":"LineString","coordinates":[[5.4385,47.9721],[5.4374,47.9765],[5.4381,47.9780],[5.4365,47.9812],[5.4367,47.9822],[5.4383,47.9825],[5.4382,47.9849],[5.4404,47.9917],[5.4358,47.9967],[5.4354,47.9986],[5.4334,47.9985],[5.4335,47.9995],[5.4299,47.9997],[5.4284,48.0009]]}},{"type":"Feature","properties":{"name":"La Coquille"},"geometry":{"type":"LineString","coordinates":[[4.7662,47.6452],[4.7649,47.6428],[4.7621,47.6409],[4.7575,47.6412],[4.7505,47.6485],[4.7494,47.6523],[4.7497,47.6551],[4.7473,47.6557],[4.7436,47.6588],[4.7446,47.6606],[4.7410,47.6616],[4.7379,47.6639],[4.7377,47.6657],[4.7316,47.6648],[4.7308,47.6661],[4.7290,47.6665],[4.7281,47.6679],[4.7290,47.6683],[4.7262,47.6707],[4.7187,47.6718],[4.7155,47.6738],[4.7100,47.6739],[4.7064,47.6764],[4.7036,47.6804],[4.6941,47.6750],[4.6886,47.6760],[4.6857,47.6750],[4.6813,47.6762],[4.6801,47.6752]]}},{"type":"Feature","properties":{"name":"La Clauge"},"geometry":{"type":"LineString","coordinates":[[5.5404,47.0365],[5.5394,47.0349],[5.5369,47.0336],[5.5317,47.0330],[5.5219,47.0348],[5.5217,47.0372],[5.5200,47.0384],[5.5167,47.0385],[5.5144,47.0358],[5.5123,47.0357],[5.4924,47.0442],[5.4874,47.0443],[5.4792,47.0413],[5.4757,47.0413],[5.4704,47.0369],[5.4710,47.0342],[5.4695,47.0324],[5.4635,47.0308],[5.4591,47.0270],[5.4515,47.0271],[5.4480,47.0245],[5.4490,47.0237],[5.4486,47.0221]]}},{"type":"Feature","properties":{"name":"La Clauge"},"geometry":{"type":"LineString","coordinates":[[5.4486,47.0221],[5.4473,47.0196]]}},{"type":"Feature","properties":{"name":"L\u0027Aubette"},"geometry":{"type":"LineString","coordinates":[[4.9339,47.8304],[4.9350,47.8309],[4.9346,47.8323],[4.9355,47.8335],[4.9390,47.8345],[4.9406,47.8360],[4.9399,47.8388],[4.9416,47.8432],[4.9405,47.8467],[4.9359,47.8525],[4.9339,47.8570],[4.9350,47.8576],[4.9334,47.8583],[4.9335,47.8599],[4.9229,47.8690],[4.9134,47.8722],[4.9119,47.8741],[4.9126,47.8777],[4.9117,47.8797],[4.9087,47.8807],[4.9059,47.8842],[4.9025,47.8845],[4.8972,47.8877],[4.8978,47.8888],[4.8946,47.8906],[4.8953,47.8914],[4.8911,47.8934],[4.8897,47.8970],[4.8908,47.8973],[4.8909,47.8986],[4.8891,47.9004],[4.8846,47.9018],[4.8831,47.9031],[4.8825,47.9055],[4.8784,47.9100],[4.8808,47.9115],[4.8778,47.9165],[4.8753,47.9166],[4.8715,47.9183]]}},{"type":"Feature","properties":{"name":"La Vingeanne"},"geometry":{"type":"LineString","coordinates":[[5.3736,47.4743],[5.3733,47.4717],[5.3757,47.4713]]}},{"type":"Feature","properties":{"name":"La Vingeanne"},"geometry":{"type":"LineString","coordinates":[[5.3802,47.4518],[5.3807,47.4512],[5.3796,47.4505]]}},{"type":"Feature","properties":{"name":"La Vingeanne"},"geometry":{"type":"LineString","coordinates":[[5.3717,47.4618],[5.3720,47.4620]]}},{"type":"Feature","properties":{"name":"La Vingeanne"},"geometry":{"type":"LineString","coordinates":[[5.3929,47.5925],[5.3935,47.5912]]}},{"type":"Feature","properties":{"name":"La Vingeanne"},"geometry":{"type":"LineString","coordinates":[[5.4366,47.5636],[5.4348,47.5609],[5.4339,47.5573],[5.4346,47.5558],[5.4330,47.5555],[5.4329,47.5532]]}},{"type":"Feature","properties":{"name":"La Vingeanne"},"geometry":{"type":"LineString","coordinates":[[5.4316,47.5680],[5.4331,47.5674]]}},{"type":"Feature","properties":{"name":"La Vingeanne"},"geometry":{"type":"LineString","coordinates":[[5.4255,47.5321],[5.4255,47.5312],[5.4221,47.5294]]}},{"type":"Feature","properties":{"name":"La Vingeanne"},"geometry":{"type":"LineString","coordinates":[[5.3718,47.4658],[5.3716,47.4660]]}},{"type":"Feature","properties":{"name":"La Vingeanne"},"geometry":{"type":"LineString","coordinates":[[5.3716,47.4660],[5.3686,47.4670],[5.3672,47.4641]]}},{"type":"Feature","properties":{"name":"La Vingeanne"},"geometry":{"type":"LineString","coordinates":[[5.4096,47.5118],[5.4086,47.5112],[5.4100,47.5107],[5.4083,47.5106],[5.4083,47.5098],[5.4040,47.5077],[5.4048,47.5074],[5.4038,47.5062],[5.4023,47.5062],[5.4033,47.5056],[5.4020,47.5051],[5.4020,47.5040],[5.4001,47.5034],[5.4010,47.5029],[5.3993,47.4990],[5.3969,47.4957],[5.3955,47.4952],[5.3957,47.4941],[5.3902,47.4866],[5.3884,47.4854],[5.3891,47.4846],[5.3873,47.4812],[5.3840,47.4781],[5.3825,47.4786],[5.3808,47.4771],[5.3762,47.4767],[5.3738,47.4751],[5.3736,47.4743],[5.3749,47.4735],[5.3823,47.4714],[5.3819,47.4700],[5.3832,47.4694],[5.3827,47.4668]]}},{"type":"Feature","properties":{"name":"La Vingeanne"},"geometry":{"type":"LineString","coordinates":[[5.3672,47.4641],[5.3657,47.4634],[5.3696,47.4606],[5.3717,47.4618]]}},{"type":"Feature","properties":{"name":"La Vingeanne"},"geometry":{"type":"LineString","coordinates":[[5.3967,47.3882],[5.3966,47.3857],[5.3993,47.3840],[5.4062,47.3820],[5.4092,47.3823],[5.4110,47.3804],[5.4134,47.3796],[5.4148,47.3774],[5.4188,47.3744],[5.4242,47.3729],[5.4291,47.3695],[5.4314,47.3640],[5.4334,47.3625],[5.4331,47.3606],[5.4339,47.3596]]}},{"type":"Feature","properties":{"name":"La Vingeanne"},"geometry":{"type":"LineString","coordinates":[[5.3827,47.4668],[5.3824,47.4652],[5.3799,47.4646],[5.3766,47.4645],[5.3718,47.4658]]}},{"type":"Feature","properties":{"name":"La Vingeanne"},"geometry":{"type":"LineString","coordinates":[[5.3718,47.6145],[5.3732,47.6085],[5.3722,47.6073],[5.3738,47.6066],[5.3739,47.6044],[5.3779,47.6052],[5.3779,47.6063],[5.3829,47.6077],[5.3842,47.6092],[5.3895,47.6078],[5.3897,47.6071],[5.3884,47.6071],[5.3872,47.6052],[5.3867,47.6012],[5.3857,47.6009],[5.3877,47.6003],[5.3864,47.5994],[5.3880,47.5989],[5.3866,47.5981],[5.3879,47.5977],[5.3871,47.5963],[5.3929,47.5925],[5.3962,47.5919],[5.3970,47.5902],[5.3997,47.5896],[5.4001,47.5883],[5.4032,47.5864],[5.4040,47.5852],[5.4035,47.5845],[5.4064,47.5824],[5.4062,47.5811],[5.4083,47.5802],[5.4079,47.5784],[5.4041,47.5766],[5.4036,47.5745],[5.4155,47.5720],[5.4235,47.5717],[5.4265,47.5689],[5.4314,47.5681],[5.4314,47.5668],[5.4345,47.5666],[5.4366,47.5636]]}},{"type":"Feature","properties":{"name":"La Vingeanne"},"geometry":{"type":"LineString","coordinates":[[5.3536,47.6545],[5.3544,47.6533],[5.3483,47.6521],[5.3487,47.6497],[5.3521,47.6481],[5.3512,47.6468],[5.3462,47.6465],[5.3478,47.6438],[5.3475,47.6425],[5.3441,47.6423],[5.3421,47.6432],[5.3358,47.6426],[5.3354,47.6413],[5.3368,47.6402],[5.3357,47.6376],[5.3362,47.6345],[5.3418,47.6306],[5.3380,47.6271],[5.3412,47.6253],[5.3466,47.6253],[5.3507,47.6266],[5.3540,47.6251],[5.3548,47.6230],[5.3570,47.6220],[5.3565,47.6213],[5.3586,47.6198],[5.3575,47.6160],[5.3613,47.6103],[5.3655,47.6121],[5.3643,47.6134],[5.3661,47.6154],[5.3683,47.6162],[5.3705,47.6158],[5.3718,47.6145]]}},{"type":"Feature","properties":{"name":"La Vingeanne"},"geometry":{"type":"LineString","coordinates":[[5.4323,47.5444],[5.4307,47.5436],[5.4308,47.5427],[5.4332,47.5403]]}},{"type":"Feature","properties":{"name":"La Vingeanne"},"geometry":{"type":"LineString","coordinates":[[5.4332,47.5403],[5.4354,47.5407]]}},{"type":"Feature","properties":{"name":"La Vingeanne"},"geometry":{"type":"LineString","coordinates":[[5.4216,47.5185],[5.4216,47.5185]]}},{"type":"Feature","properties":{"name":"La Vingeanne"},"geometry":{"type":"LineString","coordinates":[[5.4217,47.5185],[5.4215,47.5184]]}},{"type":"Feature","properties":{"name":"La Vingeanne"},"geometry":{"type":"LineString","coordinates":[[5.4219,47.5187],[5.4211,47.5188]]}},{"type":"Feature","properties":{"name":"La Vingeanne"},"geometry":{"type":"LineString","coordinates":[[5.4216,47.5185],[5.4209,47.5186]]}},{"type":"Feature","properties":{"name":"La Vingeanne"},"geometry":{"type":"LineString","coordinates":[[5.4252,47.5211],[5.4217,47.5185]]}},{"type":"Feature","properties":{"name":"La Vingeanne"},"geometry":{"type":"LineString","coordinates":[[5.4215,47.5184],[5.4197,47.5178]]}},{"type":"Feature","properties":{"name":"La Vingeanne"},"geometry":{"type":"LineString","coordinates":[[5.4194,47.5261],[5.4195,47.5245],[5.4209,47.5244],[5.4209,47.5235],[5.4234,47.5238],[5.4248,47.5228],[5.4250,47.5183],[5.4219,47.5187]]}},{"type":"Feature","properties":{"name":"La Vingeanne"},"geometry":{"type":"LineString","coordinates":[[5.4224,47.5190],[5.4205,47.5181]]}},{"type":"Feature","properties":{"name":"La Vingeanne"},"geometry":{"type":"LineString","coordinates":[[5.3840,47.4807],[5.3855,47.4805]]}},{"type":"Feature","properties":{"name":"La Vingeanne"},"geometry":{"type":"LineString","coordinates":[[5.3873,47.4872],[5.3836,47.4808]]}},{"type":"Feature","properties":{"name":"La Vingeanne"},"geometry":{"type":"LineString","coordinates":[[5.3906,47.4875],[5.3880,47.4877]]}},{"type":"Feature","properties":{"name":"La Vingeanne"},"geometry":{"type":"LineString","coordinates":[[5.3825,47.4806],[5.3824,47.4804]]}},{"type":"Feature","properties":{"name":"La Vingeanne"},"geometry":{"type":"LineString","coordinates":[[5.3880,47.4877],[5.3873,47.4872]]}},{"type":"Feature","properties":{"name":"La Vingeanne"},"geometry":{"type":"LineString","coordinates":[[5.3836,47.4808],[5.3840,47.4807]]}},{"type":"Feature","properties":{"name":"La Vingeanne"},"geometry":{"type":"LineString","coordinates":[[5.3824,47.4804],[5.3803,47.4791],[5.3753,47.4788],[5.3715,47.4774],[5.3702,47.4740],[5.3728,47.4726]]}},{"type":"Feature","properties":{"name":"La Vingeanne"},"geometry":{"type":"LineString","coordinates":[[5.3834,47.4812],[5.3825,47.4806]]}},{"type":"Feature","properties":{"name":"La Vingeanne"},"geometry":{"type":"LineString","coordinates":[[5.3740,47.4716],[5.3770,47.4711]]}},{"type":"Feature","properties":{"name":"La Vingeanne"},"geometry":{"type":"LineString","coordinates":[[5.3733,47.4726],[5.3733,47.4725]]}},{"type":"Feature","properties":{"name":"La Vingeanne"},"geometry":{"type":"LineString","coordinates":[[5.3728,47.4726],[5.3733,47.4726]]}},{"type":"Feature","properties":{"name":"La Vingeanne"},"geometry":{"type":"LineString","coordinates":[[5.3856,47.4804],[5.3860,47.4800]]}},{"type":"Feature","properties":{"name":"La Vingeanne"},"geometry":{"type":"LineString","coordinates":[[5.3855,47.4805],[5.3856,47.4804]]}},{"type":"Feature","properties":{"name":"La Vingeanne"},"geometry":{"type":"LineString","coordinates":[[5.3720,47.4620],[5.3758,47.4601],[5.3782,47.4601],[5.3792,47.4594],[5.3786,47.4586],[5.3839,47.4601],[5.3862,47.4591],[5.3804,47.4531],[5.3802,47.4518],[5.3791,47.4516],[5.3820,47.4489],[5.3885,47.4473],[5.3885,47.4437],[5.3867,47.4423],[5.3881,47.4416],[5.3855,47.4376],[5.3779,47.4333],[5.3737,47.4326],[5.3707,47.4300],[5.3635,47.4303],[5.3616,47.4296],[5.3620,47.4286],[5.3631,47.4286],[5.3634,47.4278],[5.3626,47.4277],[5.3639,47.4245],[5.3654,47.4244],[5.3661,47.4226],[5.3701,47.4196],[5.3717,47.4158],[5.3750,47.4133],[5.3769,47.4098],[5.3818,47.4077],[5.3871,47.4084],[5.3879,47.4072],[5.3911,47.4063],[5.4019,47.4059],[5.4058,47.3984],[5.4047,47.3982],[5.4041,47.3963],[5.4032,47.3965],[5.3985,47.3914]]}},{"type":"Feature","properties":{"name":"La Vingeanne"},"geometry":{"type":"LineString","coordinates":[[5.3759,47.4713],[5.3787,47.4712],[5.3826,47.4689]]}},{"type":"Feature","properties":{"name":"La Vingeanne"},"geometry":{"type":"LineString","coordinates":[[5.3757,47.4713],[5.3759,47.4713]]}},{"type":"Feature","properties":{"name":"La Vingeanne"},"geometry":{"type":"LineString","coordinates":[[5.3947,47.3896],[5.3946,47.3889],[5.3967,47.3882]]}},{"type":"Feature","properties":{"name":"La Vingeanne"},"geometry":{"type":"LineString","coordinates":[[5.4339,47.3596],[5.4372,47.3538]]}},{"type":"Feature","properties":{"name":"La Vingeanne"},"geometry":{"type":"LineString","coordinates":[[5.4355,47.3541],[5.4421,47.3520],[5.4434,47.3503]]}},{"type":"Feature","properties":{"name":"La Vingeanne"},"geometry":{"type":"LineString","coordinates":[[5.4421,47.3520],[5.4454,47.3530],[5.4512,47.3527],[5.4591,47.3489]]}},{"type":"Feature","properties":{"name":"La Vingeanne"},"geometry":{"type":"LineString","coordinates":[[5.2585,47.7524],[5.2616,47.7513],[5.2694,47.7523],[5.2738,47.7519],[5.2767,47.7529],[5.2777,47.7521],[5.2857,47.7517],[5.2918,47.7530],[5.2950,47.7525],[5.2948,47.7517],[5.3026,47.7483],[5.3133,47.7465],[5.3159,47.7386]]}},{"type":"Feature","properties":{"name":"La Vingeanne"},"geometry":{"type":"LineString","coordinates":[[5.3159,47.7386],[5.3221,47.7364],[5.3199,47.7293],[5.3222,47.7252],[5.3242,47.7237],[5.3242,47.7220],[5.3255,47.7214],[5.3257,47.7199],[5.3234,47.7188],[5.3231,47.7177],[5.3221,47.7180],[5.3200,47.7117],[5.3218,47.7064],[5.3213,47.7056],[5.3231,47.7024],[5.3269,47.7017],[5.3303,47.7032],[5.3318,47.7024],[5.3339,47.6970],[5.3371,47.6928],[5.3370,47.6914],[5.3425,47.6901],[5.3442,47.6886],[5.3450,47.6855],[5.3477,47.6838],[5.3496,47.6810],[5.3500,47.6793],[5.3517,47.6785],[5.3560,47.6796],[5.3561,47.6745],[5.3580,47.6734],[5.3613,47.6732],[5.3622,47.6719],[5.3580,47.6659],[5.3541,47.6650],[5.3540,47.6616],[5.3550,47.6605],[5.3544,47.6593],[5.3490,47.6587],[5.3475,47.6574],[5.3485,47.6562],[5.3536,47.6545]]}},{"type":"Feature","properties":{"name":"La Vingeanne"},"geometry":{"type":"LineString","coordinates":[[5.3935,47.5912],[5.3935,47.5911]]}},{"type":"Feature","properties":{"name":"La Vingeanne"},"geometry":{"type":"LineString","coordinates":[[5.3935,47.5911],[5.3952,47.5893],[5.3970,47.5902]]}},{"type":"Feature","properties":{"name":"La Vingeanne"},"geometry":{"type":"LineString","coordinates":[[5.3844,47.4575],[5.3806,47.4569],[5.3784,47.4556],[5.3793,47.4495],[5.3845,47.4443],[5.3846,47.4427],[5.3831,47.4414],[5.3810,47.4415],[5.3784,47.4390],[5.3791,47.4381],[5.3779,47.4370],[5.3784,47.4340]]}},{"type":"Feature","properties":{"name":"La Vingeanne"},"geometry":{"type":"LineString","coordinates":[[5.4198,47.3575],[5.4192,47.3566],[5.4204,47.3563]]}},{"type":"Feature","properties":{"name":"La Vingeanne"},"geometry":{"type":"LineString","coordinates":[[5.3947,47.3896],[5.3937,47.3883],[5.3951,47.3865],[5.3947,47.3834],[5.3937,47.3831],[5.3953,47.3825],[5.3945,47.3814],[5.3967,47.3799],[5.4014,47.3797],[5.4049,47.3765],[5.4049,47.3753],[5.4040,47.3749],[5.4051,47.3735],[5.4074,47.3733],[5.4089,47.3693],[5.4105,47.3696],[5.4152,47.3675],[5.4150,47.3667],[5.4171,47.3655],[5.4161,47.3626],[5.4187,47.3605],[5.4201,47.3577]]}},{"type":"Feature","properties":{"name":"La Vingeanne"},"geometry":{"type":"LineString","coordinates":[[5.4208,47.3564],[5.4284,47.3542],[5.4287,47.3554],[5.4324,47.3568]]}},{"type":"Feature","properties":{"name":"La Vingeanne"},"geometry":{"type":"LineString","coordinates":[[5.4015,47.3832],[5.4037,47.3829]]}},{"type":"Feature","properties":{"name":"La Vingeanne"},"geometry":{"type":"LineString","coordinates":[[5.3331,47.6367],[5.3384,47.6325]]}},{"type":"Feature","properties":{"name":"La Vingeanne"},"geometry":{"type":"LineString","coordinates":[[5.4331,47.5674],[5.4338,47.5672]]}},{"type":"Feature","properties":{"name":"La Vingeanne"},"geometry":{"type":"LineString","coordinates":[[5.4338,47.5672],[5.4345,47.5666]]}},{"type":"Feature","properties":{"name":"La Vingeanne"},"geometry":{"type":"LineString","coordinates":[[5.4366,47.5636],[5.4379,47.5613],[5.4368,47.5598],[5.4381,47.5594],[5.4378,47.5560],[5.4329,47.5532]]}},{"type":"Feature","properties":{"name":"La Vingeanne"},"geometry":{"type":"LineString","coordinates":[[5.4329,47.5532],[5.4330,47.5515],[5.4346,47.5496],[5.4333,47.5496],[5.4337,47.5473],[5.4324,47.5438],[5.4328,47.5424],[5.4349,47.5418],[5.4358,47.5399],[5.4316,47.5386],[5.4271,47.5392],[5.4246,47.5380],[5.4249,47.5362],[5.4232,47.5338],[5.4250,47.5340],[5.4258,47.5309],[5.4221,47.5294],[5.4201,47.5279],[5.4194,47.5261],[5.4174,47.5261],[5.4169,47.5252],[5.4183,47.5245],[5.4181,47.5237],[5.4200,47.5215],[5.4201,47.5198],[5.4191,47.5196],[5.4203,47.5187],[5.4185,47.5167],[5.4157,47.5172],[5.4149,47.5161],[5.4128,47.5158],[5.4134,47.5146],[5.4101,47.5151],[5.4106,47.5145],[5.4093,47.5142],[5.4107,47.5138],[5.4098,47.5132],[5.4115,47.5125],[5.4096,47.5118]]}},{"type":"Feature","properties":{"name":"La Vingeanne"},"geometry":{"type":"LineString","coordinates":[[5.3977,47.3907],[5.3982,47.3888],[5.3967,47.3882]]}},{"type":"Feature","properties":{"name":"La Vingeanne"},"geometry":{"type":"LineString","coordinates":[[5.3985,47.3914],[5.3977,47.3907]]}},{"type":"Feature","properties":{"name":"La Vingeanne"},"geometry":{"type":"LineString","coordinates":[[5.3977,47.3907],[5.3947,47.3896]]}},{"type":"Feature","properties":{"name":"La Vingeanne"},"geometry":{"type":"LineString","coordinates":[[5.4339,47.3596],[5.4327,47.3589],[5.4324,47.3568]]}},{"type":"Feature","properties":{"name":"La Vingeanne"},"geometry":{"type":"LineString","coordinates":[[5.4324,47.3568],[5.4360,47.3537],[5.4443,47.3500],[5.4469,47.3471],[5.4479,47.3479],[5.4562,47.3474],[5.4675,47.3538],[5.4739,47.3558],[5.4800,47.3560],[5.4851,47.3550],[5.4889,47.3560]]}},{"type":"Feature","properties":{"name":"La Varaude"},"geometry":{"type":"LineString","coordinates":[[5.0801,47.2001],[5.0866,47.1990],[5.0920,47.1943],[5.1116,47.1881],[5.1120,47.1859],[5.1159,47.1808],[5.1222,47.1776],[5.1314,47.1751],[5.1338,47.1728],[5.1358,47.1694],[5.1354,47.1686],[5.1390,47.1641],[5.1490,47.1601]]}},{"type":"Feature","properties":{"name":"La Guyotte"},"geometry":{"type":"LineString","coordinates":[[5.1878,46.8828],[5.1855,46.8834],[5.1850,46.8873],[5.1837,46.8886],[5.1844,46.8893],[5.1830,46.8904],[5.1822,46.8936],[5.1807,46.8941],[5.1790,46.8984],[5.1772,46.8995],[5.1792,46.9006],[5.1780,46.9030],[5.1699,46.9036],[5.1621,46.9079],[5.1570,46.9064],[5.1502,46.9102],[5.1509,46.9114],[5.1502,46.9120],[5.1446,46.9149],[5.1424,46.9233],[5.1456,46.9280],[5.1445,46.9293],[5.1484,46.9307],[5.1480,46.9335],[5.1467,46.9341],[5.1474,46.9357],[5.1466,46.9364],[5.1477,46.9381],[5.1396,46.9402]]}},{"type":"Feature","properties":{"name":"La Guyotte"},"geometry":{"type":"LineString","coordinates":[[5.1805,46.8758],[5.1864,46.8770],[5.1864,46.8787],[5.1881,46.8781],[5.1873,46.8791],[5.1884,46.8793],[5.1885,46.8803],[5.1899,46.8802],[5.1897,46.8821],[5.1878,46.8828]]}},{"type":"Feature","properties":{"name":"La Guyotte"},"geometry":{"type":"LineString","coordinates":[[5.1783,46.8764],[5.1805,46.8758]]}},{"type":"Feature","properties":{"name":"La Guyotte"},"geometry":{"type":"LineString","coordinates":[[5.1928,46.8426],[5.1923,46.8430],[5.1930,46.8435],[5.1885,46.8433],[5.1879,46.8442],[5.1839,46.8427],[5.1807,46.8427],[5.1752,46.8470],[5.1749,46.8493],[5.1782,46.8526],[5.1798,46.8558],[5.1813,46.8562],[5.1805,46.8570],[5.1814,46.8588],[5.1797,46.8596],[5.1811,46.8599],[5.1794,46.8605],[5.1801,46.8613],[5.1819,46.8609],[5.1809,46.8618],[5.1805,46.8645],[5.1820,46.8643],[5.1828,46.8656],[5.1806,46.8669],[5.1778,46.8669],[5.1770,46.8697],[5.1781,46.8711],[5.1775,46.8721],[5.1794,46.8714],[5.1786,46.8726],[5.1805,46.8725],[5.1809,46.8736],[5.1795,46.8750],[5.1785,46.8745],[5.1783,46.8764]]}},{"type":"Feature","properties":{"name":"L\u0027Ignon"},"geometry":{"type":"LineString","coordinates":[[5.0679,47.5184],[5.0703,47.5171],[5.0743,47.5175]]}},{"type":"Feature","properties":{"name":"L\u0027Ignon"},"geometry":{"type":"LineString","coordinates":[[5.1087,47.5231],[5.1082,47.5245],[5.1109,47.5257],[5.1132,47.5252],[5.1146,47.5238]]}},{"type":"Feature","properties":{"name":"L\u0027Ignon"},"geometry":{"type":"LineString","coordinates":[[5.1048,47.5194],[5.1123,47.5232]]}},{"type":"Feature","properties":{"name":"L\u0027Ignon"},"geometry":{"type":"LineString","coordinates":[[5.1158,47.5239],[5.1195,47.5238],[5.1217,47.5216],[5.1236,47.5215],[5.1246,47.5225]]}},{"type":"Feature","properties":{"name":"L\u0027Ignon"},"geometry":{"type":"LineString","coordinates":[[5.1167,47.5239],[5.1174,47.5244]]}},{"type":"Feature","properties":{"name":"L\u0027Ignon"},"geometry":{"type":"LineString","coordinates":[[5.1192,47.5238],[5.1203,47.5244]]}},{"type":"Feature","properties":{"name":"L\u0027Ignon"},"geometry":{"type":"LineString","coordinates":[[5.1195,47.5236],[5.1203,47.5243]]}},{"type":"Feature","properties":{"name":"L\u0027Ignon"},"geometry":{"type":"LineString","coordinates":[[5.1217,47.5216],[5.1288,47.5197]]}},{"type":"Feature","properties":{"name":"L\u0027Ignon"},"geometry":{"type":"LineString","coordinates":[[5.1079,47.5223],[5.1100,47.5231]]}},{"type":"Feature","properties":{"name":"L\u0027Ignon"},"geometry":{"type":"LineString","coordinates":[[5.0328,47.5139],[5.0377,47.5145],[5.0388,47.5138],[5.0378,47.5132],[5.0400,47.5112],[5.0433,47.5126],[5.0441,47.5120],[5.0449,47.5130],[5.0467,47.5115],[5.0495,47.5126],[5.0492,47.5113]]}},{"type":"Feature","properties":{"name":"L\u0027Ignon"},"geometry":{"type":"LineString","coordinates":[[5.0444,47.5100],[5.0463,47.5110]]}},{"type":"Feature","properties":{"name":"L\u0027Ignon"},"geometry":{"type":"LineString","coordinates":[[4.9863,47.5329],[4.9853,47.5325],[4.9866,47.5312]]}},{"type":"Feature","properties":{"name":"L\u0027Ignon"},"geometry":{"type":"LineString","coordinates":[[4.9858,47.5345],[4.9866,47.5312],[4.9892,47.5304]]}},{"type":"Feature","properties":{"name":"L\u0027Ignon"},"geometry":{"type":"LineString","coordinates":[[4.9547,47.5402],[4.9631,47.5397],[4.9744,47.5405],[4.9775,47.5391]]}},{"type":"Feature","properties":{"name":"L\u0027Ignon"},"geometry":{"type":"LineString","coordinates":[[4.9260,47.5438],[4.9288,47.5433]]}},{"type":"Feature","properties":{"name":"L\u0027Ignon"},"geometry":{"type":"LineString","coordinates":[[4.7491,47.4767],[4.7501,47.4778],[4.7532,47.4781],[4.7553,47.4829]]}},{"type":"Feature","properties":{"name":"L\u0027Ignon"},"geometry":{"type":"LineString","coordinates":[[4.8395,47.5321],[4.8431,47.5320]]}},{"type":"Feature","properties":{"name":"L\u0027Ignon"},"geometry":{"type":"LineString","coordinates":[[4.8307,47.5295],[4.8336,47.5306]]}},{"type":"Feature","properties":{"name":"L\u0027Ignon"},"geometry":{"type":"LineString","coordinates":[[4.7557,47.4832],[4.7576,47.4863],[4.7571,47.4878],[4.7580,47.4905],[4.7635,47.4961],[4.7727,47.5000]]}},{"type":"Feature","properties":{"name":"L\u0027Ignon"},"geometry":{"type":"LineString","coordinates":[[4.7727,47.5000],[4.7771,47.5021],[4.7788,47.5049],[4.7812,47.5065]]}},{"type":"Feature","properties":{"name":"L\u0027Ignon"},"geometry":{"type":"LineString","coordinates":[[4.7553,47.4829],[4.7557,47.4832]]}},{"type":"Feature","properties":{"name":"L\u0027Ignon"},"geometry":{"type":"LineString","coordinates":[[4.8157,47.5141],[4.8244,47.5214],[4.8254,47.5244],[4.8276,47.5262],[4.8283,47.5282],[4.8327,47.5305],[4.8377,47.5308],[4.8399,47.5323],[4.8421,47.5323]]}},{"type":"Feature","properties":{"name":"L\u0027Ignon"},"geometry":{"type":"LineString","coordinates":[[4.7812,47.5065],[4.7813,47.5065]]}},{"type":"Feature","properties":{"name":"L\u0027Ignon"},"geometry":{"type":"LineString","coordinates":[[4.7813,47.5065],[4.7909,47.5093],[4.7982,47.5136],[4.8048,47.5135],[4.8087,47.5123],[4.8157,47.5141]]}},{"type":"Feature","properties":{"name":"L\u0027Ignon"},"geometry":{"type":"LineString","coordinates":[[4.8421,47.5323],[4.8422,47.5323]]}},{"type":"Feature","properties":{"name":"L\u0027Ignon"},"geometry":{"type":"LineString","coordinates":[[4.8422,47.5323],[4.8458,47.5317],[4.8485,47.5328],[4.8501,47.5301],[4.8536,47.5293],[4.8587,47.5315],[4.8632,47.5321]]}},{"type":"Feature","properties":{"name":"L\u0027Ignon"},"geometry":{"type":"LineString","coordinates":[[4.8632,47.5321],[4.8672,47.5324],[4.8706,47.5310],[4.8723,47.5318],[4.8738,47.5314],[4.8743,47.5331],[4.8751,47.5326],[4.8832,47.5340],[4.8881,47.5331],[4.8957,47.5339],[4.8970,47.5328],[4.9024,47.5352],[4.9031,47.5365],[4.9025,47.5369],[4.9096,47.5388],[4.9137,47.5421],[4.9142,47.5446],[4.9161,47.5453]]}},{"type":"Feature","properties":{"name":"L\u0027Ignon"},"geometry":{"type":"LineString","coordinates":[[4.9161,47.5453],[4.9182,47.5456],[4.9258,47.5438],[4.9297,47.5447],[4.9336,47.5437],[4.9339,47.5409],[4.9377,47.5380],[4.9426,47.5396],[4.9457,47.5395],[4.9449,47.5390],[4.9464,47.5384],[4.9464,47.5399],[4.9478,47.5393],[4.9498,47.5400]]}},{"type":"Feature","properties":{"name":"L\u0027Ignon"},"geometry":{"type":"LineString","coordinates":[[4.9498,47.5400],[4.9544,47.5403],[4.9586,47.5393],[4.9597,47.5399],[4.9641,47.5380],[4.9660,47.5389],[4.9725,47.5380],[4.9753,47.5393],[4.9788,47.5386]]}},{"type":"Feature","properties":{"name":"L\u0027Ignon"},"geometry":{"type":"LineString","coordinates":[[4.9788,47.5386],[4.9848,47.5345],[4.9883,47.5342],[4.9891,47.5324],[4.9885,47.5308],[4.9938,47.5274],[4.9923,47.5262],[4.9976,47.5215],[4.9964,47.5201],[4.9979,47.5180],[5.0022,47.5144],[5.0056,47.5145]]}},{"type":"Feature","properties":{"name":"L\u0027Ignon"},"geometry":{"type":"LineString","coordinates":[[5.0056,47.5145],[5.0073,47.5136],[5.0067,47.5129],[5.0084,47.5109],[5.0109,47.5110],[5.0126,47.5124],[5.0159,47.5118],[5.0202,47.5127],[5.0229,47.5121],[5.0245,47.5130],[5.0266,47.5119],[5.0323,47.5145],[5.0353,47.5118],[5.0398,47.5099],[5.0451,47.5100],[5.0492,47.5113]]}},{"type":"Feature","properties":{"name":"L\u0027Ignon"},"geometry":{"type":"LineString","coordinates":[[5.0492,47.5113],[5.0523,47.5133],[5.0521,47.5140],[5.0560,47.5139],[5.0575,47.5150],[5.0567,47.5162],[5.0599,47.5157],[5.0599,47.5168],[5.0653,47.5191],[5.0812,47.5170]]}},{"type":"Feature","properties":{"name":"L\u0027Ignon"},"geometry":{"type":"LineString","coordinates":[[5.0812,47.5170],[5.0984,47.5162],[5.1048,47.5194],[5.1061,47.5222],[5.1120,47.5243],[5.1152,47.5238],[5.1195,47.5251],[5.1208,47.5236],[5.1259,47.5225]]}},{"type":"Feature","properties":{"name":"L\u0027Ignon"},"geometry":{"type":"LineString","coordinates":[[5.1535,47.5235],[5.1586,47.5243],[5.1613,47.5238],[5.1626,47.5223],[5.1643,47.5227],[5.1668,47.5206],[5.1710,47.5204],[5.1717,47.5211]]}},{"type":"Feature","properties":{"name":"L\u0027Ignon"},"geometry":{"type":"LineString","coordinates":[[5.1259,47.5225],[5.1287,47.5220],[5.1301,47.5229],[5.1345,47.5224],[5.1383,47.5232],[5.1400,47.5225],[5.1439,47.5252],[5.1482,47.5236],[5.1519,47.5251],[5.1516,47.5236],[5.1535,47.5235]]}},{"type":"Feature","properties":{"name":"L\u0027Ignon"},"geometry":{"type":"LineString","coordinates":[[4.9303,47.5427],[4.9306,47.5426]]}},{"type":"Feature","properties":{"name":"L\u0027Ignon"},"geometry":{"type":"LineString","coordinates":[[4.9288,47.5433],[4.9290,47.5433]]}},{"type":"Feature","properties":{"name":"L\u0027Ignon"},"geometry":{"type":"LineString","coordinates":[[4.9290,47.5433],[4.9303,47.5427]]}},{"type":"Feature","properties":{"name":"L\u0027Ignon"},"geometry":{"type":"LineString","coordinates":[[4.9306,47.5426],[4.9340,47.5409]]}},{"type":"Feature","properties":{"name":"L\u0027Ignon"},"geometry":{"type":"LineString","coordinates":[[5.1123,47.5232],[5.1141,47.5239]]}},{"type":"Feature","properties":{"name":"L\u0027Ignon"},"geometry":{"type":"LineString","coordinates":[[5.1288,47.5197],[5.1293,47.5196]]}},{"type":"Feature","properties":{"name":"L\u0027Ignon"},"geometry":{"type":"LineString","coordinates":[[5.1293,47.5196],[5.1312,47.5210],[5.1415,47.5221],[5.1404,47.5227]]}},{"type":"Feature","properties":{"name":"La Suze"},"geometry":{"type":"LineString","coordinates":[[4.3624,47.1634],[4.3623,47.1626],[4.3641,47.1618],[4.3642,47.1601],[4.3672,47.1583],[4.3673,47.1569],[4.3743,47.1530],[4.3736,47.1515],[4.3764,47.1503],[4.3761,47.1476],[4.3790,47.1470],[4.3794,47.1456],[4.3785,47.1448],[4.3801,47.1443],[4.3802,47.1433],[4.3792,47.1426],[4.3789,47.1399],[4.3824,47.1372],[4.3830,47.1353],[4.3858,47.1349],[4.3882,47.1333],[4.3879,47.1278],[4.3863,47.1269],[4.3869,47.1263],[4.3862,47.1257],[4.3877,47.1245],[4.3857,47.1230],[4.3868,47.1220],[4.3857,47.1207],[4.3888,47.1173],[4.3875,47.1154],[4.3935,47.1120],[4.3929,47.1114],[4.3947,47.1082]]}},{"type":"Feature","properties":{"name":"Le Ternin"},"geometry":{"type":"LineString","coordinates":[[4.1818,47.1708],[4.1832,47.1693],[4.1821,47.1669],[4.1856,47.1623],[4.1848,47.1582],[4.1890,47.1530],[4.1879,47.1508],[4.1885,47.1493],[4.1919,47.1479],[4.1918,47.1460],[4.1969,47.1438],[4.2065,47.1426],[4.2091,47.1415],[4.2095,47.1402],[4.2108,47.1396],[4.2115,47.1355],[4.2138,47.1356]]}},{"type":"Feature","properties":{"name":"Le Ternin"},"geometry":{"type":"LineString","coordinates":[[4.2467,47.0735],[4.2456,47.0716],[4.2453,47.0671],[4.2422,47.0671],[4.2338,47.0638],[4.2338,47.0617],[4.2315,47.0613],[4.2309,47.0586],[4.2321,47.0551],[4.2308,47.0541],[4.2316,47.0533],[4.2296,47.0520],[4.2296,47.0492],[4.2272,47.0475],[4.2277,47.0451],[4.2266,47.0414],[4.2284,47.0393],[4.2252,47.0357],[4.2247,47.0330],[4.2260,47.0304],[4.2231,47.0250],[4.2252,47.0198],[4.2299,47.0186],[4.2310,47.0165],[4.2323,47.0161],[4.2317,47.0145],[4.2384,47.0059],[4.2412,47.0036],[4.2462,47.0023],[4.2448,47.0000],[4.2512,46.9928],[4.2538,46.9930],[4.2555,46.9918],[4.2612,46.9906],[4.2612,46.9892]]}},{"type":"Feature","properties":{"name":"Le Ternin"},"geometry":{"type":"LineString","coordinates":[[4.2457,47.0768],[4.2446,47.0760],[4.2467,47.0735]]}},{"type":"Feature","properties":{"name":"Le Ternin"},"geometry":{"type":"LineString","coordinates":[[4.2612,46.9892],[4.2630,46.9885],[4.2636,46.9867],[4.2675,46.9864],[4.2692,46.9842],[4.2729,46.9836],[4.2755,46.9804],[4.2768,46.9804],[4.2759,46.9782],[4.2788,46.9774],[4.2796,46.9763],[4.2783,46.9745],[4.2809,46.9747],[4.2829,46.9734],[4.2861,46.9737],[4.2878,46.9721],[4.2909,46.9713],[4.2886,46.9658],[4.2911,46.9644],[4.2926,46.9609],[4.2939,46.9603]]}},{"type":"Feature","properties":{"name":"Le Ternin"},"geometry":{"type":"LineString","coordinates":[[4.1782,47.2322],[4.1752,47.2262],[4.1777,47.2240],[4.1765,47.2187],[4.1791,47.2140],[4.1786,47.2090],[4.1772,47.2067],[4.1780,47.2046],[4.1767,47.2020],[4.1794,47.1986],[4.1798,47.1947],[4.1777,47.1932],[4.1781,47.1910],[4.1759,47.1889],[4.1807,47.1865],[4.1805,47.1845],[4.1815,47.1828],[4.1794,47.1815],[4.1794,47.1779],[4.1818,47.1762],[4.1808,47.1744],[4.1818,47.1708]]}},{"type":"Feature","properties":{"name":"Le Ternin"},"geometry":{"type":"LineString","coordinates":[[4.1890,47.2444],[4.1884,47.2441]]}},{"type":"Feature","properties":{"name":"Le Ternin"},"geometry":{"type":"LineString","coordinates":[[4.1884,47.2441],[4.1867,47.2441],[4.1874,47.2409],[4.1826,47.2404],[4.1785,47.2374],[4.1777,47.2348],[4.1782,47.2322]]}},{"type":"Feature","properties":{"name":"Le Ternin"},"geometry":{"type":"LineString","coordinates":[[4.2138,47.1356],[4.2175,47.1324],[4.2177,47.1302],[4.2163,47.1292],[4.2181,47.1284],[4.2181,47.1265],[4.2191,47.1257],[4.2184,47.1205],[4.2210,47.1177],[4.2259,47.1164],[4.2288,47.1145],[4.2310,47.1020],[4.2328,47.0994],[4.2295,47.0974],[4.2295,47.0963],[4.2339,47.0958],[4.2350,47.0908],[4.2422,47.0837],[4.2440,47.0797]]}},{"type":"Feature","properties":{"name":"Le Ternin"},"geometry":{"type":"LineString","coordinates":[[4.2292,47.1129],[4.2293,47.1099]]}},{"type":"Feature","properties":{"name":"Le Ternin"},"geometry":{"type":"LineString","coordinates":[[4.2450,47.0764],[4.2446,47.0761]]}},{"type":"Feature","properties":{"name":"Le Ternin"},"geometry":{"type":"LineString","coordinates":[[4.2477,47.0742],[4.2467,47.0735]]}},{"type":"Feature","properties":{"name":"Le Ternin"},"geometry":{"type":"LineString","coordinates":[[4.2440,47.0797],[4.2458,47.0779],[4.2457,47.0768]]}},{"type":"Feature","properties":{"name":"Le Ternin"},"geometry":{"type":"LineString","coordinates":[[4.2787,46.9756],[4.2797,46.9745]]}},{"type":"Feature","properties":{"name":"Le Ternin"},"geometry":{"type":"LineString","coordinates":[[4.2680,46.9854],[4.2701,46.9843]]}},{"type":"Feature","properties":{"name":"Le Ternin"},"geometry":{"type":"LineString","coordinates":[[4.2672,46.9864],[4.2679,46.9859]]}},{"type":"Feature","properties":{"name":"Bief de la Vigne"},"geometry":{"type":"LineString","coordinates":[[5.4229,47.2426],[5.4222,47.2393],[5.4156,47.2344],[5.4145,47.2287],[5.4132,47.2274],[5.4107,47.2280],[5.4096,47.2313],[5.4082,47.2314],[5.4067,47.2305],[5.4053,47.2268],[5.4031,47.2269]]}},{"type":"Feature","properties":{"name":"Le Petit Ognon"},"geometry":{"type":"LineString","coordinates":[[5.4731,47.3165],[5.4688,47.3152],[5.4676,47.3135],[5.4654,47.3153],[5.4647,47.3138],[5.4631,47.3149],[5.4593,47.3145],[5.4547,47.3129],[5.4541,47.3118],[5.4499,47.3137],[5.4422,47.3130],[5.4384,47.3141],[5.4364,47.3132],[5.4338,47.3145]]}},{"type":"Feature","properties":{"name":"Le Petit Ognon"},"geometry":{"type":"LineString","coordinates":[[5.4541,47.3118],[5.4526,47.3112],[5.4519,47.3123]]}},{"type":"Feature","properties":{"name":"Le Badin"},"geometry":{"type":"LineString","coordinates":[[5.2995,47.6521],[5.3012,47.6505],[5.3018,47.6479],[5.3065,47.6447],[5.3162,47.6466],[5.3175,47.6464],[5.3197,47.6436],[5.3212,47.6431],[5.3251,47.6447],[5.3279,47.6446],[5.3282,47.6436],[5.3271,47.6429],[5.3279,47.6418],[5.3335,47.6397],[5.3331,47.6367]]}},{"type":"Feature","properties":{"name":"Le Badin"},"geometry":{"type":"LineString","coordinates":[[5.2300,47.7043],[5.2370,47.6987],[5.2371,47.6969],[5.2425,47.6927],[5.2461,47.6875],[5.2491,47.6860],[5.2491,47.6840],[5.2510,47.6825],[5.2498,47.6792],[5.2568,47.6766]]}},{"type":"Feature","properties":{"name":"Le Badin"},"geometry":{"type":"LineString","coordinates":[[5.2735,47.6619],[5.2770,47.6600]]}},{"type":"Feature","properties":{"name":"Le Badin"},"geometry":{"type":"LineString","coordinates":[[5.2568,47.6766],[5.2586,47.6759],[5.2588,47.6744],[5.2677,47.6663],[5.2700,47.6656],[5.2712,47.6630],[5.2739,47.6610],[5.2840,47.6571],[5.2959,47.6561],[5.2995,47.6521]]}},{"type":"Feature","properties":{"name":"Le Doubs"},"geometry":{"type":"LineString","coordinates":[[5.4975,47.0890],[5.4905,47.0867]]}},{"type":"Feature","properties":{"name":"Le Doubs"},"geometry":{"type":"LineString","coordinates":[[5.5490,47.1062],[5.5491,47.0988],[5.5408,47.0965],[5.5312,47.0913],[5.5292,47.0869],[5.5289,47.0833],[5.5280,47.0826]]}},{"type":"Feature","properties":{"name":"Le Doubs"},"geometry":{"type":"LineString","coordinates":[[5.4833,47.0822],[5.4819,47.0791],[5.4842,47.0770],[5.4848,47.0734],[5.4711,47.0683],[5.4688,47.0655],[5.4697,47.0634],[5.4762,47.0583],[5.4773,47.0564],[5.4765,47.0537],[5.4742,47.0533]]}},{"type":"Feature","properties":{"name":"Le Doubs"},"geometry":{"type":"LineString","coordinates":[[5.4905,47.0867],[5.4833,47.0822]]}},{"type":"Feature","properties":{"name":"Le Doubs"},"geometry":{"type":"LineString","coordinates":[[5.1416,46.9405],[5.1357,46.9392],[5.1271,46.9412],[5.1217,46.9409]]}},{"type":"Feature","properties":{"name":"Le Doubs"},"geometry":{"type":"LineString","coordinates":[[5.5280,47.0826],[5.5172,47.0798],[5.5142,47.0828],[5.5086,47.0861],[5.4975,47.0890]]}},{"type":"Feature","properties":{"name":"Le Doubs"},"geometry":{"type":"LineString","coordinates":[[5.4742,47.0533],[5.4656,47.0556],[5.4488,47.0467],[5.4487,47.0453],[5.4525,47.0425],[5.4540,47.0371],[5.4497,47.0312],[5.4441,47.0263],[5.4441,47.0237],[5.4473,47.0196],[5.4478,47.0132],[5.4461,47.0071],[5.4421,47.0039],[5.4346,47.0028],[5.4279,47.0031],[5.4242,47.0062],[5.4202,47.0123],[5.4126,47.0132],[5.4068,47.0115],[5.4029,47.0124],[5.4002,47.0119],[5.3974,47.0079],[5.3965,47.0024],[5.3947,47.0002],[5.3834,47.0032],[5.3773,47.0028],[5.3742,46.9964],[5.3769,46.9901],[5.3797,46.9878],[5.3797,46.9845],[5.3746,46.9771],[5.3740,46.9740],[5.3824,46.9613],[5.3829,46.9573],[5.3817,46.9541]]}},{"type":"Feature","properties":{"name":"Le Doubs"},"geometry":{"type":"LineString","coordinates":[[5.0395,46.8937],[5.0311,46.8920],[5.0274,46.8925]]}},{"type":"Feature","properties":{"name":"Le Doubs"},"geometry":{"type":"LineString","coordinates":[[5.0684,46.8927],[5.0642,46.8916],[5.0606,46.8925]]}},{"type":"Feature","properties":{"name":"Le Doubs"},"geometry":{"type":"LineString","coordinates":[[5.1115,46.9325],[5.1085,46.9298]]}},{"type":"Feature","properties":{"name":"Le Doubs"},"geometry":{"type":"LineString","coordinates":[[5.1085,46.9298],[5.1070,46.9281]]}},{"type":"Feature","properties":{"name":"Le Doubs"},"geometry":{"type":"LineString","coordinates":[[5.0274,46.8925],[5.0268,46.8929]]}},{"type":"Feature","properties":{"name":"Le Doubs"},"geometry":{"type":"LineString","coordinates":[[5.1070,46.9281],[5.0939,46.9215]]}},{"type":"Feature","properties":{"name":"Le Doubs"},"geometry":{"type":"LineString","coordinates":[[5.0268,46.8929],[5.0256,46.8979],[5.0226,46.9024]]}},{"type":"Feature","properties":{"name":"Le Doubs"},"geometry":{"type":"LineString","coordinates":[[5.3817,46.9541],[5.3762,46.9514],[5.3691,46.9494],[5.3628,46.9454],[5.3616,46.9417],[5.3652,46.9354],[5.3644,46.9289],[5.3592,46.9236],[5.3513,46.9225],[5.3354,46.9237],[5.3212,46.9228],[5.3057,46.9260],[5.3019,46.9260],[5.3003,46.9363],[5.2991,46.9378],[5.2873,46.9401],[5.2853,46.9392],[5.2841,46.9366],[5.2802,46.9337],[5.2744,46.9300],[5.2695,46.9285],[5.2626,46.9280],[5.2584,46.9290],[5.2563,46.9307],[5.2449,46.9309],[5.2369,46.9287],[5.2353,46.9270],[5.2348,46.9235],[5.2328,46.9223],[5.2259,46.9223],[5.2202,46.9208],[5.2164,46.9235],[5.2086,46.9233],[5.2046,46.9206],[5.2046,46.9163],[5.2031,46.9145],[5.2020,46.9151],[5.2015,46.9182],[5.1987,46.9227],[5.1914,46.9265],[5.1888,46.9365],[5.1863,46.9353],[5.1840,46.9310],[5.1815,46.9291],[5.1624,46.9258],[5.1536,46.9298],[5.1532,46.9322],[5.1551,46.9345],[5.1533,46.9371],[5.1464,46.9403],[5.1416,46.9405]]}},{"type":"Feature","properties":{"name":"Le Doubs"},"geometry":{"type":"LineString","coordinates":[[5.1217,46.9409],[5.1167,46.9398]]}},{"type":"Feature","properties":{"name":"Le Doubs"},"geometry":{"type":"LineString","coordinates":[[5.1147,46.9378],[5.1115,46.9325]]}},{"type":"Feature","properties":{"name":"Le Doubs"},"geometry":{"type":"LineString","coordinates":[[5.1167,46.9398],[5.1147,46.9378]]}},{"type":"Feature","properties":{"name":"Le Doubs"},"geometry":{"type":"LineString","coordinates":[[5.0606,46.8925],[5.0514,46.8938],[5.0395,46.8937]]}},{"type":"Feature","properties":{"name":"Le Doubs"},"geometry":{"type":"LineString","coordinates":[[5.0939,46.9215],[5.0907,46.9188],[5.0887,46.9145]]}},{"type":"Feature","properties":{"name":"Le Doubs"},"geometry":{"type":"LineString","coordinates":[[5.0887,46.9145],[5.0839,46.9097],[5.0853,46.9042],[5.0823,46.9011]]}},{"type":"Feature","properties":{"name":"Le Doubs"},"geometry":{"type":"LineString","coordinates":[[5.0722,46.8955],[5.0684,46.8927]]}},{"type":"Feature","properties":{"name":"Le Doubs"},"geometry":{"type":"LineString","coordinates":[[5.0823,46.9011],[5.0722,46.8955]]}},{"type":"Feature","properties":{"name":"Le Doubs"},"geometry":{"type":"LineString","coordinates":[[5.2572,46.9295],[5.2555,46.9285],[5.2513,46.9302]]}},{"type":"Feature","properties":{"name":"Le Doubs"},"geometry":{"type":"LineString","coordinates":[[5.2410,46.9308],[5.2372,46.9289]]}},{"type":"Feature","properties":{"name":"Le Doubs"},"geometry":{"type":"LineString","coordinates":[[5.2410,46.9310],[5.2416,46.9299]]}},{"type":"Feature","properties":{"name":"Le Doubs"},"geometry":{"type":"LineString","coordinates":[[5.2443,46.9307],[5.2384,46.9305],[5.2362,46.9282]]}},{"type":"Feature","properties":{"name":"Le Doubs"},"geometry":{"type":"LineString","coordinates":[[5.2278,46.9219],[5.2217,46.9209]]}},{"type":"Feature","properties":{"name":"Le Doubs"},"geometry":{"type":"LineString","coordinates":[[5.1899,46.9312],[5.1892,46.9317],[5.1898,46.9336]]}},{"type":"Feature","properties":{"name":"Le Doubs"},"geometry":{"type":"LineString","coordinates":[[5.1900,46.9302],[5.1908,46.9306],[5.1902,46.9323]]}},{"type":"Feature","properties":{"name":"Le Doubs"},"geometry":{"type":"LineString","coordinates":[[5.1955,46.9248],[5.1901,46.9294]]}},{"type":"Feature","properties":{"name":"Le Doubs"},"geometry":{"type":"LineString","coordinates":[[5.2965,46.9385],[5.2961,46.9368],[5.2931,46.9387]]}},{"type":"Feature","properties":{"name":"Le Doubs"},"geometry":{"type":"LineString","coordinates":[[5.2570,46.9301],[5.2582,46.9299],[5.2580,46.9310],[5.2563,46.9307]]}},{"type":"Feature","properties":{"name":"Le Doubs"},"geometry":{"type":"LineString","coordinates":[[5.4567,47.0510],[5.4468,47.0483],[5.4470,47.0461],[5.4493,47.0447]]}},{"type":"Feature","properties":{"name":"La Norges"},"geometry":{"type":"LineString","coordinates":[[5.1400,47.3164],[5.1390,47.3136],[5.1439,47.3090],[5.1424,47.3051],[5.1427,47.3013],[5.1470,47.2909],[5.1571,47.2880]]}},{"type":"Feature","properties":{"name":"La Norges"},"geometry":{"type":"LineString","coordinates":[[5.0780,47.4066],[5.0828,47.4024],[5.0958,47.3996],[5.0984,47.3981],[5.1049,47.3983],[5.1054,47.3992],[5.1112,47.4002]]}},{"type":"Feature","properties":{"name":"La Norges"},"geometry":{"type":"LineString","coordinates":[[5.1112,47.4002],[5.1164,47.4030]]}},{"type":"Feature","properties":{"name":"La Norges"},"geometry":{"type":"LineString","coordinates":[[5.1269,47.4021],[5.1303,47.4006],[5.1404,47.4005],[5.1421,47.3997],[5.1448,47.4014],[5.1472,47.4014],[5.1552,47.3956],[5.1591,47.3915],[5.1650,47.3801]]}},{"type":"Feature","properties":{"name":"La Norges"},"geometry":{"type":"LineString","coordinates":[[5.1164,47.4030],[5.1171,47.4032]]}},{"type":"Feature","properties":{"name":"La Norges"},"geometry":{"type":"LineString","coordinates":[[5.1171,47.4032],[5.1269,47.4021]]}},{"type":"Feature","properties":{"name":"La Norges"},"geometry":{"type":"LineString","coordinates":[[5.1650,47.3801],[5.1664,47.3775],[5.1640,47.3729],[5.1648,47.3720],[5.1642,47.3682],[5.1587,47.3635],[5.1574,47.3503],[5.1551,47.3462],[5.1530,47.3449]]}},{"type":"Feature","properties":{"name":"La Norges"},"geometry":{"type":"LineString","coordinates":[[5.1530,47.3449],[5.1531,47.3415],[5.1560,47.3373],[5.1558,47.3342],[5.1464,47.3268],[5.1435,47.3219],[5.1434,47.3194],[5.1400,47.3164]]}},{"type":"Feature","properties":{"name":"La Norges"},"geometry":{"type":"LineString","coordinates":[[5.1571,47.2880],[5.1591,47.2865],[5.1644,47.2850],[5.1698,47.2782],[5.1753,47.2747],[5.1850,47.2728],[5.1880,47.2668]]}},{"type":"Feature","properties":{"name":"La Norges"},"geometry":{"type":"LineString","coordinates":[[5.2003,47.2503],[5.2086,47.2437],[5.2178,47.2413],[5.2256,47.2342],[5.2281,47.2334],[5.2280,47.2306],[5.2291,47.2283],[5.2311,47.2271],[5.2390,47.2180],[5.2406,47.2132]]}},{"type":"Feature","properties":{"name":"La Norges"},"geometry":{"type":"LineString","coordinates":[[5.2406,47.2132],[5.2479,47.2047]]}},{"type":"Feature","properties":{"name":"La Norges"},"geometry":{"type":"LineString","coordinates":[[5.1880,47.2668],[5.1882,47.2664]]}},{"type":"Feature","properties":{"name":"La Norges"},"geometry":{"type":"LineString","coordinates":[[5.1882,47.2664],[5.2003,47.2503]]}},{"type":"Feature","properties":{"name":"La Norges"},"geometry":{"type":"LineString","coordinates":[[5.1078,47.3994],[5.1105,47.3996]]}},{"type":"Feature","properties":{"name":"L\u0027Ource"},"geometry":{"type":"LineString","coordinates":[[4.9785,47.6902],[4.9907,47.7002],[4.9907,47.7038],[4.9918,47.7060],[4.9899,47.7100],[4.9940,47.7140],[4.9931,47.7141]]}},{"type":"Feature","properties":{"name":"L\u0027Ource"},"geometry":{"type":"LineString","coordinates":[[4.7187,47.8346],[4.7130,47.8359],[4.7039,47.8338],[4.7002,47.8340],[4.6889,47.8401],[4.6895,47.8407],[4.6885,47.8422],[4.6865,47.8428],[4.6856,47.8450],[4.6790,47.8470],[4.6789,47.8491]]}},{"type":"Feature","properties":{"name":"L\u0027Ource"},"geometry":{"type":"LineString","coordinates":[[4.7042,47.8339],[4.6972,47.8363],[4.6963,47.8376],[4.6940,47.8372],[4.6933,47.8386],[4.6923,47.8380]]}},{"type":"Feature","properties":{"name":"L\u0027Ource"},"geometry":{"type":"LineString","coordinates":[[4.6428,47.9789],[4.6413,47.9783]]}},{"type":"Feature","properties":{"name":"L\u0027Ource"},"geometry":{"type":"LineString","coordinates":[[4.6727,47.9306],[4.6734,47.9337],[4.6694,47.9355],[4.6680,47.9392],[4.6599,47.9433],[4.6583,47.9429],[4.6585,47.9444],[4.6574,47.9457],[4.6581,47.9466],[4.6544,47.9479],[4.6525,47.9543],[4.6541,47.9549],[4.6521,47.9564],[4.6531,47.9574],[4.6525,47.9586],[4.6540,47.9598],[4.6543,47.9613],[4.6532,47.9623],[4.6540,47.9638],[4.6498,47.9662],[4.6503,47.9669],[4.6485,47.9673],[4.6460,47.9693],[4.6459,47.9706],[4.6446,47.9710],[4.6469,47.9739],[4.6464,47.9750],[4.6414,47.9774],[4.6414,47.9783],[4.6370,47.9789],[4.6370,47.9803],[4.6336,47.9827],[4.6303,47.9823],[4.6301,47.9835],[4.6278,47.9842],[4.6278,47.9850],[4.6256,47.9842],[4.6265,47.9859],[4.6213,47.9868],[4.6197,47.9928],[4.6146,47.9949],[4.6150,48.0002],[4.6137,48.0016],[4.6145,48.0023],[4.6117,48.0042],[4.6090,48.0048],[4.6078,48.0063],[4.6030,48.0068],[4.6027,48.0061],[4.6020,48.0068],[4.6012,48.0060],[4.5978,48.0078],[4.5963,48.0074],[4.5962,48.0082],[4.5872,48.0125],[4.5869,48.0143],[4.5840,48.0138],[4.5844,48.0145]]}},{"type":"Feature","properties":{"name":"L\u0027Ource"},"geometry":{"type":"LineString","coordinates":[[4.7355,47.8218],[4.7329,47.8252],[4.7334,47.8258],[4.7296,47.8265],[4.7294,47.8290],[4.7264,47.8331],[4.7237,47.8352],[4.7122,47.8378],[4.7070,47.8352],[4.7056,47.8368],[4.6974,47.8375],[4.6902,47.8418],[4.6870,47.8454],[4.6823,47.8464],[4.6786,47.8493],[4.6795,47.8507],[4.6822,47.8513],[4.6809,47.8548],[4.6793,47.8555],[4.6798,47.8571],[4.6727,47.8624],[4.6725,47.8693],[4.6742,47.8713],[4.6727,47.8738],[4.6695,47.8760],[4.6566,47.8777],[4.6544,47.8800],[4.6556,47.8808],[4.6548,47.8831],[4.6559,47.8843],[4.6553,47.8882],[4.6563,47.8904],[4.6554,47.8922],[4.6565,47.8936],[4.6551,47.8976],[4.6526,47.8992],[4.6544,47.8992],[4.6541,47.9043],[4.6519,47.9037],[4.6515,47.9046],[4.6471,47.9047],[4.6463,47.9060],[4.6450,47.9056],[4.6442,47.9068],[4.6452,47.9074],[4.6437,47.9073],[4.6447,47.9081],[4.6440,47.9092],[4.6460,47.9102],[4.6506,47.9099],[4.6525,47.9108],[4.6587,47.9095],[4.6591,47.9080],[4.6610,47.9086],[4.6637,47.9149],[4.6668,47.9170],[4.6692,47.9206]]}},{"type":"Feature","properties":{"name":"L\u0027Ource"},"geometry":{"type":"LineString","coordinates":[[4.8866,47.7709],[4.8807,47.7741],[4.8729,47.7734],[4.8660,47.7767],[4.8578,47.7775],[4.8495,47.7839],[4.8432,47.7862],[4.8368,47.7871],[4.8351,47.7889],[4.8369,47.7910],[4.8395,47.7920],[4.8363,47.7957],[4.8305,47.7990],[4.8239,47.7977],[4.8231,47.8000],[4.8211,47.8013],[4.8193,47.8010],[4.8180,47.8023],[4.8177,47.8040],[4.8186,47.8051],[4.8172,47.8067],[4.8178,47.8093],[4.8133,47.8102],[4.8116,47.8120],[4.8079,47.8121],[4.8075,47.8110],[4.8037,47.8097],[4.7991,47.8112],[4.7931,47.8149],[4.7876,47.8137],[4.7876,47.8145],[4.7851,47.8144],[4.7808,47.8159],[4.7722,47.8152],[4.7600,47.8163]]}},{"type":"Feature","properties":{"name":"L\u0027Ource"},"geometry":{"type":"LineString","coordinates":[[4.6197,47.9928],[4.6174,47.9975],[4.6150,47.9986]]}},{"type":"Feature","properties":{"name":"L\u0027Ource"},"geometry":{"type":"LineString","coordinates":[[4.9904,47.7382],[4.9888,47.7412],[4.9905,47.7433],[4.9900,47.7462],[4.9794,47.7499],[4.9754,47.7560],[4.9796,47.7611],[4.9798,47.7634],[4.9810,47.7646],[4.9779,47.7681],[4.9744,47.7659],[4.9691,47.7653],[4.9624,47.7662],[4.9554,47.7655],[4.9531,47.7662],[4.9520,47.7677],[4.9474,47.7683],[4.9419,47.7666],[4.9391,47.7683],[4.9334,47.7663],[4.9298,47.7668],[4.9274,47.7660],[4.9228,47.7669],[4.9195,47.7662],[4.9137,47.7679],[4.9097,47.7680],[4.9004,47.7664],[4.8913,47.7681],[4.8866,47.7709]]}},{"type":"Feature","properties":{"name":"L\u0027Ource"},"geometry":{"type":"LineString","coordinates":[[4.9931,47.7141],[4.9890,47.7158],[4.9884,47.7170],[4.9880,47.7225],[4.9908,47.7281],[4.9920,47.7345],[4.9904,47.7382]]}},{"type":"Feature","properties":{"name":"L\u0027Ource"},"geometry":{"type":"LineString","coordinates":[[4.6637,47.9133],[4.6663,47.9168]]}},{"type":"Feature","properties":{"name":"L\u0027Ource"},"geometry":{"type":"LineString","coordinates":[[4.7292,47.8274],[4.7264,47.8286],[4.7239,47.8329],[4.7203,47.8333],[4.7175,47.8355]]}},{"type":"Feature","properties":{"name":"L\u0027Ource"},"geometry":{"type":"LineString","coordinates":[[4.7175,47.8355],[4.7162,47.8365]]}},{"type":"Feature","properties":{"name":"L\u0027Ource"},"geometry":{"type":"LineString","coordinates":[[4.7727,47.8154],[4.7723,47.8154]]}},{"type":"Feature","properties":{"name":"L\u0027Ource"},"geometry":{"type":"LineString","coordinates":[[4.7600,47.8163],[4.7553,47.8170],[4.7549,47.8159],[4.7512,47.8161],[4.7495,47.8148],[4.7466,47.8167],[4.7392,47.8183],[4.7355,47.8218]]}},{"type":"Feature","properties":{"name":"L\u0027Ource"},"geometry":{"type":"LineString","coordinates":[[4.8361,47.7946],[4.8273,47.7984]]}},{"type":"Feature","properties":{"name":"L\u0027Ource"},"geometry":{"type":"LineString","coordinates":[[4.8173,47.8071],[4.8171,47.8071]]}},{"type":"Feature","properties":{"name":"L\u0027Ource"},"geometry":{"type":"LineString","coordinates":[[4.8377,47.7942],[4.8361,47.7946]]}},{"type":"Feature","properties":{"name":"L\u0027Ource"},"geometry":{"type":"LineString","coordinates":[[4.6614,47.9420],[4.6582,47.9422],[4.6583,47.9429]]}},{"type":"Feature","properties":{"name":"L\u0027Ource"},"geometry":{"type":"LineString","coordinates":[[4.6726,47.9304],[4.6727,47.9306]]}},{"type":"Feature","properties":{"name":"L\u0027Ource"},"geometry":{"type":"LineString","coordinates":[[4.6692,47.9206],[4.6686,47.9218],[4.6698,47.9231],[4.6681,47.9237],[4.6679,47.9257],[4.6686,47.9283],[4.6726,47.9304]]}},{"type":"Feature","properties":{"name":"La Mouche"},"geometry":{"type":"LineString","coordinates":[[5.2591,47.8843],[5.2637,47.8860],[5.2696,47.8867],[5.2703,47.8880],[5.2749,47.8892],[5.2774,47.8910],[5.2768,47.8918],[5.2804,47.8930],[5.2812,47.8925],[5.2818,47.8934],[5.2827,47.8929],[5.2838,47.8945],[5.2889,47.8948],[5.2905,47.8968],[5.2931,47.8970],[5.3006,47.9009],[5.3010,47.9022],[5.3033,47.9035],[5.3036,47.9062]]}},{"type":"Feature","properties":{"name":"La Mouche"},"geometry":{"type":"LineString","coordinates":[[5.3006,47.9009],[5.3027,47.9031]]}},{"type":"Feature","properties":{"name":"La Mouche"},"geometry":{"type":"LineString","coordinates":[[5.2589,47.8843],[5.2591,47.8843]]}},{"type":"Feature","properties":{"name":"La Mouche"},"geometry":{"type":"LineString","coordinates":[[5.2575,47.8827],[5.2589,47.8843]]}},{"type":"Feature","properties":{"name":"La Mouche"},"geometry":{"type":"LineString","coordinates":[[5.2575,47.8826],[5.2575,47.8827]]}},{"type":"Feature","properties":{"name":"La Mouche"},"geometry":{"type":"LineString","coordinates":[[5.3036,47.9063],[5.3042,47.9069]]}},{"type":"Feature","properties":{"name":"La Mouche"},"geometry":{"type":"LineString","coordinates":[[5.3036,47.9062],[5.3036,47.9063]]}},{"type":"Feature","properties":{"name":"La Mouche"},"geometry":{"type":"LineString","coordinates":[[5.2788,47.8926],[5.2792,47.8927]]}},{"type":"Feature","properties":{"name":"La Mouche"},"geometry":{"type":"LineString","coordinates":[[5.2777,47.8922],[5.2788,47.8926]]}},{"type":"Feature","properties":{"name":"La Mouche"},"geometry":{"type":"LineString","coordinates":[[5.2792,47.8927],[5.2800,47.8926]]}},{"type":"Feature","properties":{"name":"Le Serein"},"geometry":{"type":"LineString","coordinates":[[4.1182,47.4787],[4.1153,47.4819],[4.1163,47.4859],[4.1202,47.4894],[4.1235,47.4905]]}},{"type":"Feature","properties":{"name":"Le Serein"},"geometry":{"type":"LineString","coordinates":[[4.0564,47.5445],[4.0534,47.5453],[4.0493,47.5443],[4.0457,47.5446],[4.0456,47.5457],[4.0434,47.5468],[4.0445,47.5477],[4.0429,47.5474],[4.0404,47.5486],[4.0405,47.5500],[4.0382,47.5494],[4.0373,47.5507],[4.0345,47.5497]]}},{"type":"Feature","properties":{"name":"Le Serein"},"geometry":{"type":"LineString","coordinates":[[4.0873,47.5251],[4.0841,47.5231],[4.0817,47.5250],[4.0825,47.5269],[4.0770,47.5272]]}},{"type":"Feature","properties":{"name":"Le Serein"},"geometry":{"type":"LineString","coordinates":[[4.0770,47.5272],[4.0763,47.5272]]}},{"type":"Feature","properties":{"name":"Le Serein"},"geometry":{"type":"LineString","coordinates":[[4.0602,47.5422],[4.0564,47.5445]]}},{"type":"Feature","properties":{"name":"Le Serein"},"geometry":{"type":"LineString","coordinates":[[4.1207,47.4778],[4.1182,47.4787]]}},{"type":"Feature","properties":{"name":"Le Serein"},"geometry":{"type":"LineString","coordinates":[[4.0727,47.5294],[4.0702,47.5297],[4.0670,47.5333]]}},{"type":"Feature","properties":{"name":"Le Serein"},"geometry":{"type":"LineString","coordinates":[[4.0670,47.5333],[4.0626,47.5362],[4.0626,47.5388],[4.0587,47.5400],[4.0588,47.5420],[4.0602,47.5422]]}},{"type":"Feature","properties":{"name":"Le Serein"},"geometry":{"type":"LineString","coordinates":[[4.0758,47.5282],[4.0727,47.5294]]}},{"type":"Feature","properties":{"name":"Le Serein"},"geometry":{"type":"LineString","coordinates":[[4.0761,47.5278],[4.0761,47.5280]]}},{"type":"Feature","properties":{"name":"Le Serein"},"geometry":{"type":"LineString","coordinates":[[4.0884,47.5251],[4.0822,47.5271]]}},{"type":"Feature","properties":{"name":"Le Serein"},"geometry":{"type":"LineString","coordinates":[[4.0907,47.5175],[4.0945,47.5196],[4.0951,47.5238],[4.0924,47.5235],[4.0918,47.5246],[4.0873,47.5251]]}},{"type":"Feature","properties":{"name":"Le Serein"},"geometry":{"type":"LineString","coordinates":[[4.1177,47.5061],[4.1172,47.5121],[4.1142,47.5148]]}},{"type":"Feature","properties":{"name":"Le Serein"},"geometry":{"type":"LineString","coordinates":[[4.1142,47.5148],[4.1113,47.5161],[4.1088,47.5158],[4.1082,47.5144],[4.1052,47.5134],[4.1029,47.5114],[4.0965,47.5135],[4.0910,47.5119],[4.0889,47.5157],[4.0907,47.5175]]}},{"type":"Feature","properties":{"name":"Le Serein"},"geometry":{"type":"LineString","coordinates":[[4.1235,47.4905],[4.1259,47.4910],[4.1274,47.4936],[4.1241,47.4969],[4.1196,47.4996],[4.1176,47.5042],[4.1177,47.5061]]}},{"type":"Feature","properties":{"name":"Le Serein"},"geometry":{"type":"LineString","coordinates":[[4.3690,47.2895],[4.3659,47.2917],[4.3639,47.2921],[4.3611,47.2909],[4.3582,47.2923],[4.3582,47.2941],[4.3595,47.2956],[4.3591,47.2968],[4.3528,47.3006],[4.3533,47.3016],[4.3518,47.3034],[4.3525,47.3045],[4.3497,47.3058],[4.3490,47.3071],[4.3500,47.3074],[4.3481,47.3079],[4.3480,47.3089],[4.3462,47.3100],[4.3481,47.3108],[4.3472,47.3112],[4.3480,47.3124],[4.3467,47.3129],[4.3473,47.3155],[4.3461,47.3154],[4.3452,47.3178],[4.3443,47.3178],[4.3450,47.3191],[4.3391,47.3210],[4.3352,47.3254],[4.3268,47.3264],[4.3277,47.3270],[4.3270,47.3277],[4.3244,47.3291],[4.3218,47.3326],[4.3186,47.3338],[4.3186,47.3347]]}},{"type":"Feature","properties":{"name":"Le Serein"},"geometry":{"type":"LineString","coordinates":[[4.3116,47.3781],[4.3122,47.3790],[4.3111,47.3799],[4.3113,47.3808],[4.3096,47.3805],[4.3077,47.3830],[4.3058,47.3820],[4.3053,47.3835],[4.3040,47.3839],[4.3051,47.3844],[4.3032,47.3844],[4.3040,47.3858],[4.3030,47.3863],[4.3048,47.3875],[4.3025,47.3879],[4.3036,47.3889],[4.3033,47.3898],[4.3010,47.3912],[4.3011,47.3922],[4.3034,47.3933],[4.2993,47.3963],[4.3051,47.4041],[4.3031,47.4045],[4.3023,47.4061],[4.2993,47.4075],[4.2970,47.4114],[4.2950,47.4113],[4.2926,47.4146],[4.2904,47.4151],[4.2901,47.4163],[4.2917,47.4189],[4.2912,47.4198],[4.2894,47.4189],[4.2892,47.4203],[4.2878,47.4207],[4.2803,47.4163],[4.2758,47.4168],[4.2760,47.4182],[4.2771,47.4186],[4.2752,47.4197],[4.2752,47.4222],[4.2729,47.4245],[4.2737,47.4255],[4.2667,47.4309],[4.2674,47.4315],[4.2663,47.4334],[4.2691,47.4340],[4.2692,47.4351],[4.2656,47.4373],[4.2601,47.4346],[4.2554,47.4361],[4.2597,47.4407],[4.2633,47.4418],[4.2622,47.4433],[4.2603,47.4431],[4.2597,47.4417],[4.2572,47.4406],[4.2522,47.4411],[4.2492,47.4403],[4.2492,47.4434],[4.2515,47.4451],[4.2522,47.4471],[4.2499,47.4493],[4.2437,47.4506],[4.2405,47.4495],[4.2369,47.4516],[4.2378,47.4530],[4.2372,47.4538],[4.2346,47.4532],[4.2324,47.4558],[4.2266,47.4542],[4.2255,47.4555],[4.2216,47.4562],[4.2208,47.4542],[4.2189,47.4541],[4.2186,47.4528],[4.2148,47.4512],[4.2063,47.4502],[4.2060,47.4483],[4.2099,47.4472],[4.2111,47.4454],[4.2164,47.4471],[4.2172,47.4460],[4.2149,47.4436],[4.2085,47.4409],[4.2071,47.4430],[4.2082,47.4445],[4.2078,47.4459],[4.2049,47.4453],[4.2064,47.4376],[4.2023,47.4362],[4.1969,47.4385],[4.1962,47.4376],[4.1966,47.4354],[4.1958,47.4350],[4.1923,47.4376],[4.1894,47.4383],[4.1882,47.4376],[4.1883,47.4352],[4.1867,47.4346],[4.1855,47.4357],[4.1856,47.4380],[4.1874,47.4400],[4.1856,47.4416],[4.1823,47.4421],[4.1803,47.4396],[4.1790,47.4393],[4.1742,47.4438],[4.1651,47.4420],[4.1646,47.4435],[4.1686,47.4452],[4.1693,47.4476],[4.1675,47.4489],[4.1651,47.4481],[4.1628,47.4496],[4.1619,47.4488],[4.1619,47.4458],[4.1591,47.4454],[4.1566,47.4468],[4.1561,47.4497],[4.1549,47.4511],[4.1499,47.4538],[4.1539,47.4556],[4.1544,47.4584],[4.1498,47.4573],[4.1459,47.4583],[4.1422,47.4566],[4.1404,47.4574],[4.1385,47.4608],[4.1347,47.4643],[4.1362,47.4680],[4.1335,47.4684],[4.1301,47.4646],[4.1284,47.4660]]}},{"type":"Feature","properties":{"name":"Le Serein"},"geometry":{"type":"LineString","coordinates":[[4.3816,47.2765],[4.3783,47.2785],[4.3770,47.2817],[4.3745,47.2835],[4.3734,47.2832],[4.3742,47.2840],[4.3722,47.2851],[4.3727,47.2857],[4.3715,47.2880],[4.3690,47.2895]]}},{"type":"Feature","properties":{"name":"Le Serein"},"geometry":{"type":"LineString","coordinates":[[4.3186,47.3347],[4.3186,47.3348]]}},{"type":"Feature","properties":{"name":"Le Serein"},"geometry":{"type":"LineString","coordinates":[[4.3186,47.3348],[4.3175,47.3407],[4.3142,47.3422],[4.3132,47.3437],[4.3109,47.3441],[4.3099,47.3450],[4.3104,47.3468],[4.3091,47.3477],[4.3116,47.3487],[4.3111,47.3503],[4.3118,47.3526],[4.3097,47.3528],[4.3118,47.3564],[4.3123,47.3596],[4.3172,47.3644],[4.3166,47.3653],[4.3150,47.3650],[4.3142,47.3673],[4.3122,47.3674],[4.3113,47.3704],[4.3074,47.3735],[4.3070,47.3763],[4.3116,47.3781]]}},{"type":"Feature","properties":{"name":"Le Serein"},"geometry":{"type":"LineString","coordinates":[[4.3185,47.3346],[4.3181,47.3352]]}},{"type":"Feature","properties":{"name":"Le Serein"},"geometry":{"type":"LineString","coordinates":[[4.1284,47.4660],[4.1262,47.4675],[4.1303,47.4712],[4.1302,47.4747],[4.1261,47.4738],[4.1256,47.4777],[4.1207,47.4778]]}},{"type":"Feature","properties":{"name":"Le Serein"},"geometry":{"type":"LineString","coordinates":[[4.3116,47.3781],[4.3131,47.3802],[4.3118,47.3816],[4.3091,47.3810]]}},{"type":"Feature","properties":{"name":"Le Serein"},"geometry":{"type":"LineString","coordinates":[[4.3904,47.2690],[4.3900,47.2705],[4.3848,47.2746]]}},{"type":"Feature","properties":{"name":"Le Serein"},"geometry":{"type":"LineString","coordinates":[[4.0949,47.5131],[4.0926,47.5124]]}},{"type":"Feature","properties":{"name":"Le Serein"},"geometry":{"type":"LineString","coordinates":[[4.1074,47.5148],[4.1073,47.5147]]}},{"type":"Feature","properties":{"name":"Le Serein"},"geometry":{"type":"LineString","coordinates":[[4.1081,47.5153],[4.1074,47.5148]]}},{"type":"Feature","properties":{"name":"Le Serein"},"geometry":{"type":"LineString","coordinates":[[4.1073,47.5147],[4.1063,47.5137]]}},{"type":"Feature","properties":{"name":"Le Serein"},"geometry":{"type":"LineString","coordinates":[[4.1141,47.5150],[4.1140,47.5152]]}},{"type":"Feature","properties":{"name":"Le Serein"},"geometry":{"type":"LineString","coordinates":[[4.1142,47.5148],[4.1141,47.5150]]}},{"type":"Feature","properties":{"name":"Le Méchet"},"geometry":{"type":"LineString","coordinates":[[4.1345,46.9553],[4.1339,46.9569],[4.1384,46.9601],[4.1383,46.9621],[4.1396,46.9638],[4.1432,46.9641],[4.1454,46.9663],[4.1571,46.9699],[4.1592,46.9724],[4.1591,46.9737],[4.1614,46.9748],[4.1673,46.9750],[4.1743,46.9774],[4.1784,46.9758],[4.1782,46.9747],[4.1798,46.9738],[4.1813,46.9708]]}},{"type":"Feature","properties":{"name":"Le Méchet"},"geometry":{"type":"LineString","coordinates":[[4.1813,46.9708],[4.1862,46.9681],[4.1864,46.9657],[4.1879,46.9635],[4.1868,46.9600],[4.1890,46.9586],[4.1884,46.9576],[4.1959,46.9534],[4.1971,46.9485],[4.1983,46.9482],[4.1969,46.9461],[4.1976,46.9439],[4.2009,46.9414],[4.2011,46.9401],[4.2051,46.9390],[4.2079,46.9369],[4.2098,46.9308],[4.2138,46.9293]]}},{"type":"Feature","properties":{"name":"Le Méchet"},"geometry":{"type":"LineString","coordinates":[[4.1214,46.9462],[4.1244,46.9484],[4.1262,46.9486],[4.1275,46.9506],[4.1324,46.9522],[4.1329,46.9528],[4.1321,46.9531],[4.1348,46.9540],[4.1345,46.9553]]}},{"type":"Feature","properties":{"name":"Le Méchet"},"geometry":{"type":"LineString","coordinates":[[4.0918,46.9350],[4.1016,46.9345],[4.1035,46.9363],[4.1056,46.9362],[4.1084,46.9378],[4.1148,46.9449],[4.1182,46.9453],[4.1201,46.9466],[4.1214,46.9462]]}},{"type":"Feature","properties":{"name":"L\u0027Aujon"},"geometry":{"type":"LineString","coordinates":[[4.9474,47.9759],[4.9474,47.9770],[4.9435,47.9774]]}},{"type":"Feature","properties":{"name":"L\u0027Aujon"},"geometry":{"type":"LineString","coordinates":[[5.0060,47.9484],[5.0044,47.9508],[5.0039,47.9541],[5.0003,47.9549],[5.0001,47.9560],[4.9983,47.9559],[4.9973,47.9569],[4.9945,47.9572],[4.9938,47.9565],[4.9924,47.9576],[4.9903,47.9576],[4.9906,47.9588],[4.9896,47.9596],[4.9885,47.9592],[4.9872,47.9606],[4.9864,47.9599],[4.9854,47.9643],[4.9731,47.9658],[4.9713,47.9691],[4.9696,47.9690],[4.9696,47.9706],[4.9682,47.9724],[4.9589,47.9699],[4.9525,47.9713],[4.9498,47.9705],[4.9486,47.9716],[4.9480,47.9758],[4.9434,47.9764],[4.9422,47.9792],[4.9362,47.9821],[4.9349,47.9847],[4.9366,47.9868],[4.9362,47.9888],[4.9333,47.9899],[4.9316,47.9944],[4.9279,47.9970],[4.9290,48.0002],[4.9300,48.0001],[4.9313,48.0028],[4.9274,48.0043],[4.9212,48.0043],[4.9191,48.0077],[4.9247,48.0109],[4.9253,48.0131],[4.9244,48.0137],[4.9266,48.0170],[4.9236,48.0195],[4.9310,48.0245],[4.9311,48.0268],[4.9331,48.0284],[4.9345,48.0320],[4.9320,48.0319],[4.9277,48.0336],[4.9232,48.0373],[4.9213,48.0349],[4.9223,48.0336],[4.9216,48.0323],[4.9189,48.0318],[4.9156,48.0344]]}},{"type":"Feature","properties":{"name":"L\u0027Aujon"},"geometry":{"type":"LineString","coordinates":[[5.0067,47.9470],[5.0062,47.9483]]}},{"type":"Feature","properties":{"name":"L\u0027Aujon"},"geometry":{"type":"LineString","coordinates":[[5.0062,47.9483],[5.0060,47.9484]]}},{"type":"Feature","properties":{"name":"L\u0027Aujon"},"geometry":{"type":"LineString","coordinates":[[5.0068,47.9467],[5.0067,47.9470]]}},{"type":"Feature","properties":{"name":"L\u0027Aujon"},"geometry":{"type":"LineString","coordinates":[[5.0067,47.9463],[5.0068,47.9467]]}},{"type":"Feature","properties":{"name":"L\u0027Aujon"},"geometry":{"type":"LineString","coordinates":[[5.0959,47.8956],[5.0926,47.8978],[5.0902,47.8970],[5.0852,47.8985],[5.0821,47.8977],[5.0778,47.8988],[5.0769,47.9010],[5.0778,47.9033],[5.0768,47.9053],[5.0693,47.9079],[5.0614,47.9145],[5.0561,47.9164],[5.0557,47.9186],[5.0535,47.9200],[5.0445,47.9221],[5.0427,47.9243],[5.0420,47.9238],[5.0384,47.9256],[5.0381,47.9269],[5.0347,47.9289],[5.0255,47.9292],[5.0215,47.9306],[5.0220,47.9322],[5.0192,47.9370],[5.0163,47.9376],[5.0152,47.9369],[5.0084,47.9395],[5.0092,47.9410],[5.0067,47.9463]]}},{"type":"Feature","properties":{"name":"L\u0027Aujon"},"geometry":{"type":"LineString","coordinates":[[5.0933,47.8924],[5.0936,47.8925]]}},{"type":"Feature","properties":{"name":"L\u0027Aujon"},"geometry":{"type":"LineString","coordinates":[[5.0936,47.8925],[5.0959,47.8956]]}},{"type":"Feature","properties":{"name":"L\u0027Aujon"},"geometry":{"type":"LineString","coordinates":[[4.9713,47.9691],[4.9704,47.9716],[4.9687,47.9721]]}},{"type":"Feature","properties":{"name":"L\u0027Aujon"},"geometry":{"type":"LineString","coordinates":[[5.0215,47.9306],[5.0204,47.9318],[5.0197,47.9356],[5.0158,47.9372]]}},{"type":"Feature","properties":{"name":"L\u0027Aujon"},"geometry":{"type":"LineString","coordinates":[[5.1163,47.8616],[5.1116,47.8697],[5.1110,47.8723],[5.1088,47.8748],[5.1092,47.8774],[5.1073,47.8779],[5.1062,47.8807],[5.1022,47.8828],[5.0962,47.8834],[5.0928,47.8858],[5.0923,47.8899],[5.0933,47.8924]]}},{"type":"Feature","properties":{"name":"Bras du Serein"},"geometry":{"type":"LineString","coordinates":[[4.1325,47.4665],[4.1285,47.4659]]}},{"type":"Feature","properties":{"name":"L\u0027Albane"},"geometry":{"type":"LineString","coordinates":[[5.2542,47.3989],[5.2542,47.3967],[5.2605,47.3929],[5.2577,47.3816]]}},{"type":"Feature","properties":{"name":"L\u0027Albane"},"geometry":{"type":"LineString","coordinates":[[5.2577,47.3815],[5.2559,47.3747],[5.2567,47.3690],[5.2561,47.3655],[5.2573,47.3609],[5.2603,47.3578]]}},{"type":"Feature","properties":{"name":"L\u0027Albane"},"geometry":{"type":"LineString","coordinates":[[5.2577,47.3816],[5.2577,47.3815]]}},{"type":"Feature","properties":{"name":"L\u0027Albane"},"geometry":{"type":"LineString","coordinates":[[5.2677,47.3566],[5.2791,47.3577],[5.2804,47.3526],[5.2839,47.3505],[5.2892,47.3498],[5.2918,47.3482],[5.2992,47.3485],[5.3021,47.3466]]}},{"type":"Feature","properties":{"name":"L\u0027Albane"},"geometry":{"type":"LineString","coordinates":[[5.2608,47.3577],[5.2641,47.3582],[5.2649,47.3572],[5.2677,47.3566]]}},{"type":"Feature","properties":{"name":"L\u0027Albane"},"geometry":{"type":"LineString","coordinates":[[5.2607,47.3578],[5.2608,47.3577]]}},{"type":"Feature","properties":{"name":"L\u0027Albane"},"geometry":{"type":"LineString","coordinates":[[5.3110,47.3420],[5.3250,47.3395],[5.3297,47.3345],[5.3351,47.3311],[5.3374,47.3307],[5.3396,47.3284],[5.3511,47.3280],[5.3606,47.3243],[5.3648,47.3204],[5.3738,47.3161],[5.3756,47.3161],[5.3772,47.3135],[5.3768,47.3126]]}},{"type":"Feature","properties":{"name":"L\u0027Albane"},"geometry":{"type":"LineString","coordinates":[[5.3021,47.3466],[5.3022,47.3463]]}},{"type":"Feature","properties":{"name":"L\u0027Albane"},"geometry":{"type":"LineString","coordinates":[[5.3108,47.3420],[5.3110,47.3420]]}},{"type":"Feature","properties":{"name":"L\u0027Albane"},"geometry":{"type":"LineString","coordinates":[[5.3022,47.3463],[5.3035,47.3435],[5.3060,47.3428]]}},{"type":"Feature","properties":{"name":"L\u0027Albane"},"geometry":{"type":"LineString","coordinates":[[5.3768,47.3126],[5.3807,47.3111]]}},{"type":"Feature","properties":{"name":"L\u0027Albane"},"geometry":{"type":"LineString","coordinates":[[5.3060,47.3428],[5.3061,47.3424]]}},{"type":"Feature","properties":{"name":"L\u0027Albane"},"geometry":{"type":"LineString","coordinates":[[5.3063,47.3424],[5.3102,47.3420]]}},{"type":"Feature","properties":{"name":"L\u0027Albane"},"geometry":{"type":"LineString","coordinates":[[5.3061,47.3424],[5.3063,47.3424]]}},{"type":"Feature","properties":{"name":"L\u0027Albane"},"geometry":{"type":"LineString","coordinates":[[5.3062,47.3427],[5.3108,47.3420]]}},{"type":"Feature","properties":{"name":"L\u0027Albane"},"geometry":{"type":"LineString","coordinates":[[5.3060,47.3428],[5.3062,47.3427]]}},{"type":"Feature","properties":{"name":"L\u0027Albane"},"geometry":{"type":"LineString","coordinates":[[5.3102,47.3420],[5.3116,47.3418]]}},{"type":"Feature","properties":{"name":"L\u0027Albane"},"geometry":{"type":"LineString","coordinates":[[5.2604,47.3578],[5.2607,47.3578]]}},{"type":"Feature","properties":{"name":"L\u0027Albane"},"geometry":{"type":"LineString","coordinates":[[5.2603,47.3578],[5.2604,47.3578]]}},{"type":"Feature","properties":{"name":"La Sablonne"},"geometry":{"type":"LineString","coordinates":[[5.2550,46.9795],[5.2533,46.9783],[5.2563,46.9764],[5.2536,46.9742],[5.2566,46.9720],[5.2545,46.9709],[5.2589,46.9685],[5.2566,46.9672],[5.2631,46.9645],[5.2628,46.9602],[5.2651,46.9580],[5.2636,46.9567],[5.2633,46.9525],[5.2610,46.9462],[5.2600,46.9456],[5.2575,46.9476],[5.2545,46.9478],[5.2525,46.9467],[5.2520,46.9443]]}},{"type":"Feature","properties":{"name":"La Sablonne"},"geometry":{"type":"LineString","coordinates":[[5.2520,46.9443],[5.2521,46.9440]]}},{"type":"Feature","properties":{"name":"La Sablonne"},"geometry":{"type":"LineString","coordinates":[[5.2530,46.9332],[5.2488,46.9304]]}},{"type":"Feature","properties":{"name":"La Sablonne"},"geometry":{"type":"LineString","coordinates":[[5.2529,46.9333],[5.2530,46.9332]]}},{"type":"Feature","properties":{"name":"La Sablonne"},"geometry":{"type":"LineString","coordinates":[[5.2521,46.9440],[5.2492,46.9435],[5.2480,46.9416],[5.2526,46.9372],[5.2529,46.9333]]}},{"type":"Feature","properties":{"name":"La Sablonne"},"geometry":{"type":"LineString","coordinates":[[5.3070,47.0070],[5.3025,47.0051],[5.3029,47.0030],[5.2958,47.0009],[5.2945,47.0016],[5.2882,47.0012],[5.2804,46.9986],[5.2764,47.0006],[5.2733,47.0008],[5.2758,46.9962],[5.2746,46.9948],[5.2725,46.9944],[5.2695,46.9906],[5.2702,46.9893],[5.2660,46.9880],[5.2606,46.9837],[5.2575,46.9836],[5.2571,46.9828],[5.2581,46.9813],[5.2550,46.9795]]}},{"type":"Feature","properties":{"name":"La Tille de Villemervry"},"geometry":{"type":"LineString","coordinates":[[5.0686,47.6639],[5.0686,47.6611],[5.0699,47.6592],[5.0694,47.6583],[5.0733,47.6545],[5.0743,47.6506],[5.0771,47.6496],[5.0783,47.6469],[5.0752,47.6454],[5.0745,47.6437],[5.0753,47.6418],[5.0738,47.6408],[5.0713,47.6353],[5.0709,47.6320],[5.0644,47.6257],[5.0644,47.6234]]}},{"type":"Feature","properties":{"name":"La Tille de Villemervry"},"geometry":{"type":"LineString","coordinates":[[5.0745,47.6437],[5.0729,47.6376]]}},{"type":"Feature","properties":{"name":"L\u0027Armançon"},"geometry":{"type":"LineString","coordinates":[[4.1034,47.7736],[4.1042,47.7746],[4.1024,47.7784],[4.0955,47.7785],[4.0925,47.7805],[4.0889,47.7797],[4.0765,47.7810]]}},{"type":"Feature","properties":{"name":"L\u0027Armançon"},"geometry":{"type":"LineString","coordinates":[[4.0765,47.7810],[4.0744,47.7809],[4.0736,47.7824],[4.0710,47.7835]]}},{"type":"Feature","properties":{"name":"L\u0027Armançon"},"geometry":{"type":"LineString","coordinates":[[4.1382,47.7651],[4.1349,47.7639],[4.1301,47.7659],[4.1185,47.7621],[4.1159,47.7635],[4.1131,47.7626],[4.1122,47.7628],[4.1129,47.7637],[4.1114,47.7656],[4.1065,47.7655],[4.1031,47.7670],[4.1037,47.7682],[4.1026,47.7690],[4.1039,47.7696]]}},{"type":"Feature","properties":{"name":"L\u0027Armançon"},"geometry":{"type":"LineString","coordinates":[[4.2558,47.6146],[4.2557,47.6165],[4.2601,47.6224],[4.2597,47.6241],[4.2605,47.6248],[4.2613,47.6242],[4.2621,47.6252],[4.2620,47.6265],[4.2609,47.6270],[4.2626,47.6279],[4.2621,47.6302],[4.2648,47.6318],[4.2638,47.6327],[4.2676,47.6339],[4.2667,47.6368],[4.2623,47.6371],[4.2596,47.6397],[4.2597,47.6411],[4.2621,47.6422],[4.2669,47.6419],[4.2684,47.6398],[4.2719,47.6387],[4.2759,47.6425],[4.2760,47.6437],[4.2736,47.6470],[4.2719,47.6467],[4.2683,47.6496],[4.2614,47.6473],[4.2543,47.6497],[4.2529,47.6519],[4.2538,47.6569],[4.2516,47.6594],[4.2430,47.6634],[4.2391,47.6639],[4.2375,47.6660],[4.2351,47.6662],[4.2327,47.6678],[4.2298,47.6668]]}},{"type":"Feature","properties":{"name":"L\u0027Armançon"},"geometry":{"type":"LineString","coordinates":[[4.0710,47.7835],[4.0701,47.7867]]}},{"type":"Feature","properties":{"name":"L\u0027Armançon"},"geometry":{"type":"LineString","coordinates":[[4.2321,47.6834],[4.2324,47.6862],[4.2390,47.6887],[4.2456,47.6929],[4.2442,47.6942],[4.2444,47.6967],[4.2425,47.6966],[4.2405,47.7012],[4.2396,47.7045],[4.2406,47.7066]]}},{"type":"Feature","properties":{"name":"L\u0027Armançon"},"geometry":{"type":"LineString","coordinates":[[4.2396,47.7045],[4.2392,47.7058],[4.2404,47.7069]]}},{"type":"Feature","properties":{"name":"L\u0027Armançon"},"geometry":{"type":"LineString","coordinates":[[4.2381,47.6888],[4.2397,47.6893]]}},{"type":"Feature","properties":{"name":"L\u0027Armançon"},"geometry":{"type":"LineString","coordinates":[[4.0701,47.7867],[4.0721,47.7881],[4.0720,47.7892],[4.0702,47.7897],[4.0721,47.7925],[4.0812,47.7978],[4.0817,47.7991],[4.0918,47.7979],[4.1061,47.8018],[4.1141,47.8017],[4.1171,47.8028],[4.1183,47.8046],[4.1178,47.8067],[4.1191,47.8099],[4.1185,47.8120],[4.1171,47.8142],[4.1139,47.8148],[4.1104,47.8194]]}},{"type":"Feature","properties":{"name":"L\u0027Armançon"},"geometry":{"type":"LineString","coordinates":[[4.1712,47.7656],[4.1578,47.7694],[4.1507,47.7659],[4.1445,47.7662],[4.1382,47.7651]]}},{"type":"Feature","properties":{"name":"L\u0027Armançon"},"geometry":{"type":"LineString","coordinates":[[4.3326,47.4968],[4.3329,47.4977],[4.3392,47.4981],[4.3383,47.5021],[4.3360,47.5038]]}},{"type":"Feature","properties":{"name":"L\u0027Armançon"},"geometry":{"type":"LineString","coordinates":[[4.2332,47.7142],[4.2239,47.7107],[4.2198,47.7124],[4.2137,47.7177],[4.2131,47.7220],[4.2158,47.7283]]}},{"type":"Feature","properties":{"name":"L\u0027Armançon"},"geometry":{"type":"LineString","coordinates":[[4.2298,47.6668],[4.2282,47.6676],[4.2282,47.6689],[4.2256,47.6711],[4.2251,47.6729],[4.2234,47.6734],[4.2248,47.6753],[4.2233,47.6754],[4.2255,47.6760],[4.2261,47.6786],[4.2293,47.6820],[4.2321,47.6834]]}},{"type":"Feature","properties":{"name":"L\u0027Armançon"},"geometry":{"type":"LineString","coordinates":[[4.3680,47.4349],[4.3648,47.4342],[4.3635,47.4362],[4.3595,47.4382],[4.3589,47.4405],[4.3569,47.4411],[4.3549,47.4435],[4.3504,47.4443],[4.3493,47.4460],[4.3512,47.4477],[4.3547,47.4484],[4.3570,47.4517],[4.3557,47.4525],[4.3526,47.4523],[4.3545,47.4570],[4.3502,47.4602],[4.3594,47.4685]]}},{"type":"Feature","properties":{"name":"L\u0027Armançon"},"geometry":{"type":"LineString","coordinates":[[4.5129,47.2790],[4.5114,47.2811],[4.5116,47.2837],[4.5101,47.2841],[4.5106,47.2857],[4.5098,47.2858],[4.5108,47.2872],[4.5090,47.2922]]}},{"type":"Feature","properties":{"name":"L\u0027Armançon"},"geometry":{"type":"LineString","coordinates":[[4.5199,47.2633],[4.5209,47.2642],[4.5205,47.2654],[4.5189,47.2668],[4.5181,47.2662],[4.5147,47.2692],[4.5161,47.2726],[4.5145,47.2755],[4.5130,47.2759],[4.5129,47.2790]]}},{"type":"Feature","properties":{"name":"L\u0027Armançon"},"geometry":{"type":"LineString","coordinates":[[4.5196,47.2631],[4.5199,47.2633]]}},{"type":"Feature","properties":{"name":"L\u0027Armançon"},"geometry":{"type":"LineString","coordinates":[[4.2640,47.5900],[4.2647,47.5921],[4.2661,47.5926],[4.2639,47.5940],[4.2650,47.5969],[4.2617,47.5982]]}},{"type":"Feature","properties":{"name":"L\u0027Armançon"},"geometry":{"type":"LineString","coordinates":[[4.2593,47.5755],[4.2562,47.5771],[4.2582,47.5790],[4.2616,47.5799],[4.2618,47.5808],[4.2614,47.5820],[4.2595,47.5824],[4.2601,47.5840],[4.2585,47.5842],[4.2588,47.5856],[4.2576,47.5860],[4.2585,47.5876],[4.2620,47.5878],[4.2621,47.5896],[4.2640,47.5900]]}},{"type":"Feature","properties":{"name":"L\u0027Armançon"},"geometry":{"type":"LineString","coordinates":[[4.2601,47.5572],[4.2601,47.5600],[4.2579,47.5605],[4.2566,47.5638],[4.2583,47.5673],[4.2613,47.5690],[4.2616,47.5721],[4.2593,47.5755]]}},{"type":"Feature","properties":{"name":"L\u0027Armançon"},"geometry":{"type":"LineString","coordinates":[[4.2742,47.5472],[4.2694,47.5529],[4.2620,47.5552],[4.2598,47.5565],[4.2601,47.5572]]}},{"type":"Feature","properties":{"name":"L\u0027Armançon"},"geometry":{"type":"LineString","coordinates":[[4.2874,47.5399],[4.2827,47.5408],[4.2798,47.5441],[4.2771,47.5449],[4.2761,47.5464],[4.2742,47.5472]]}},{"type":"Feature","properties":{"name":"L\u0027Armançon"},"geometry":{"type":"LineString","coordinates":[[4.3360,47.5038],[4.3358,47.5057],[4.3344,47.5067],[4.3321,47.5036],[4.3300,47.5033],[4.3268,47.5045],[4.3280,47.5063],[4.3275,47.5078],[4.3349,47.5110],[4.3352,47.5130],[4.3314,47.5138],[4.3306,47.5126],[4.3293,47.5126],[4.3252,47.5137],[4.3244,47.5132],[4.3245,47.5119],[4.3235,47.5117],[4.3164,47.5148],[4.3128,47.5145],[4.3089,47.5176],[4.3052,47.5176]]}},{"type":"Feature","properties":{"name":"L\u0027Armançon"},"geometry":{"type":"LineString","coordinates":[[4.3323,47.4820],[4.3323,47.4842],[4.3336,47.4859],[4.3313,47.4896],[4.3295,47.4897],[4.3271,47.4871],[4.3242,47.4888],[4.3262,47.4913],[4.3302,47.4916],[4.3326,47.4968]]}},{"type":"Feature","properties":{"name":"L\u0027Armançon"},"geometry":{"type":"LineString","coordinates":[[4.3444,47.4713],[4.3419,47.4726],[4.3413,47.4755],[4.3402,47.4760],[4.3370,47.4747],[4.3364,47.4728],[4.3347,47.4720],[4.3317,47.4740],[4.3306,47.4767],[4.3338,47.4786],[4.3334,47.4794],[4.3312,47.4792],[4.3323,47.4820]]}},{"type":"Feature","properties":{"name":"L\u0027Armançon"},"geometry":{"type":"LineString","coordinates":[[4.4208,47.3818],[4.4181,47.3829],[4.4147,47.3821],[4.4119,47.3831],[4.4115,47.3845],[4.4092,47.3849],[4.4048,47.3834],[4.4017,47.3858],[4.3975,47.3860],[4.3962,47.3869],[4.3967,47.3893],[4.3953,47.3910],[4.3953,47.3928],[4.3899,47.3951],[4.3917,47.3997],[4.3913,47.4015],[4.3880,47.4035],[4.3869,47.4028],[4.3844,47.4035],[4.3834,47.4053],[4.3845,47.4061],[4.3830,47.4066],[4.3857,47.4096],[4.3818,47.4113],[4.3807,47.4159],[4.3757,47.4163],[4.3748,47.4171],[4.3793,47.4199],[4.3783,47.4210],[4.3794,47.4228],[4.3775,47.4231],[4.3789,47.4254],[4.3771,47.4253],[4.3753,47.4305],[4.3688,47.4315],[4.3694,47.4327],[4.3680,47.4349]]}},{"type":"Feature","properties":{"name":"L\u0027Armançon"},"geometry":{"type":"LineString","coordinates":[[4.4281,47.3742],[4.4254,47.3753],[4.4234,47.3800],[4.4220,47.3807],[4.4218,47.3821],[4.4208,47.3818]]}},{"type":"Feature","properties":{"name":"L\u0027Armançon"},"geometry":{"type":"LineString","coordinates":[[4.4486,47.3652],[4.4432,47.3658],[4.4425,47.3667],[4.4383,47.3667],[4.4395,47.3668],[4.4394,47.3677],[4.4380,47.3676],[4.4321,47.3713],[4.4324,47.3727],[4.4281,47.3742]]}},{"type":"Feature","properties":{"name":"L\u0027Armançon"},"geometry":{"type":"LineString","coordinates":[[4.4617,47.3583],[4.4596,47.3608],[4.4566,47.3618],[4.4556,47.3612],[4.4486,47.3652]]}},{"type":"Feature","properties":{"name":"L\u0027Armançon"},"geometry":{"type":"LineString","coordinates":[[4.4882,47.3347],[4.4872,47.3373],[4.4845,47.3387],[4.4833,47.3381],[4.4824,47.3405],[4.4797,47.3418],[4.4801,47.3431],[4.4787,47.3436],[4.4777,47.3458],[4.4759,47.3463],[4.4721,47.3453],[4.4685,47.3464],[4.4697,47.3470],[4.4697,47.3482],[4.4681,47.3489],[4.4689,47.3512],[4.4676,47.3516],[4.4684,47.3525],[4.4656,47.3537],[4.4652,47.3560],[4.4627,47.3569],[4.4617,47.3583]]}},{"type":"Feature","properties":{"name":"L\u0027Armançon"},"geometry":{"type":"LineString","coordinates":[[4.5090,47.2922],[4.5088,47.2963],[4.5067,47.2971],[4.5079,47.2993],[4.5064,47.3022],[4.5062,47.3052],[4.5057,47.3067],[4.5031,47.3071],[4.5036,47.3085],[4.5026,47.3093],[4.5015,47.3153],[4.4969,47.3191],[4.4932,47.3196],[4.4922,47.3206],[4.4921,47.3227],[4.4909,47.3241],[4.4921,47.3242],[4.4927,47.3254],[4.4900,47.3273],[4.4882,47.3347]]}},{"type":"Feature","properties":{"name":"L\u0027Armançon"},"geometry":{"type":"LineString","coordinates":[[4.5187,47.2506],[4.5187,47.2507]]}},{"type":"Feature","properties":{"name":"L\u0027Armançon"},"geometry":{"type":"LineString","coordinates":[[4.5187,47.2507],[4.5200,47.2529],[4.5172,47.2553],[4.5196,47.2631]]}},{"type":"Feature","properties":{"name":"L\u0027Armançon"},"geometry":{"type":"LineString","coordinates":[[4.5211,47.2401],[4.5192,47.2406],[4.5191,47.2425],[4.5171,47.2430],[4.5163,47.2445],[4.5189,47.2470],[4.5194,47.2491],[4.5187,47.2506]]}},{"type":"Feature","properties":{"name":"L\u0027Armançon"},"geometry":{"type":"LineString","coordinates":[[4.2174,47.7307],[4.2140,47.7357],[4.2139,47.7376],[4.2153,47.7385],[4.2126,47.7390],[4.2117,47.7448],[4.2099,47.7465],[4.2099,47.7486],[4.2088,47.7496]]}},{"type":"Feature","properties":{"name":"L\u0027Armançon"},"geometry":{"type":"LineString","coordinates":[[4.2173,47.7296],[4.2173,47.7303]]}},{"type":"Feature","properties":{"name":"L\u0027Armançon"},"geometry":{"type":"LineString","coordinates":[[4.2063,47.7501],[4.2034,47.7503],[4.2006,47.7488],[4.1967,47.7459],[4.1957,47.7430],[4.1892,47.7416],[4.1864,47.7436],[4.1804,47.7455],[4.1781,47.7452],[4.1794,47.7441],[4.1781,47.7436],[4.1700,47.7452]]}},{"type":"Feature","properties":{"name":"L\u0027Armançon"},"geometry":{"type":"LineString","coordinates":[[4.2070,47.7501],[4.2063,47.7501]]}},{"type":"Feature","properties":{"name":"L\u0027Armançon"},"geometry":{"type":"LineString","coordinates":[[4.2158,47.7283],[4.2157,47.7290]]}},{"type":"Feature","properties":{"name":"L\u0027Armançon"},"geometry":{"type":"LineString","coordinates":[[4.2088,47.7496],[4.2070,47.7501]]}},{"type":"Feature","properties":{"name":"L\u0027Armançon"},"geometry":{"type":"LineString","coordinates":[[4.2673,47.6496],[4.2585,47.6484]]}},{"type":"Feature","properties":{"name":"L\u0027Armançon"},"geometry":{"type":"LineString","coordinates":[[4.1700,47.7452],[4.1688,47.7480],[4.1705,47.7496],[4.1728,47.7562],[4.1707,47.7592],[4.1695,47.7644],[4.1712,47.7656]]}},{"type":"Feature","properties":{"name":"L\u0027Armançon"},"geometry":{"type":"LineString","coordinates":[[4.1104,47.8194],[4.1054,47.8226],[4.1014,47.8227],[4.0985,47.8205],[4.0862,47.8249],[4.0803,47.8246],[4.0716,47.8277],[4.0678,47.8269],[4.0662,47.8275],[4.0657,47.8295],[4.0672,47.8301],[4.0679,47.8329],[4.0669,47.8358],[4.0691,47.8385],[4.0693,47.8420],[4.0717,47.8459],[4.0744,47.8474],[4.0759,47.8503],[4.0740,47.8530],[4.0676,47.8550],[4.0645,47.8570],[4.0575,47.8581],[4.0547,47.8576],[4.0512,47.8567],[4.0459,47.8534],[4.0406,47.8526],[4.0372,47.8531],[4.0350,47.8559],[4.0299,47.8566],[4.0241,47.8599],[4.0233,47.8591],[4.0241,47.8581],[4.0233,47.8575],[4.0206,47.8582],[4.0191,47.8603],[4.0169,47.8586],[4.0150,47.8583],[4.0044,47.8613],[4.0013,47.8594],[3.9907,47.8602],[3.9815,47.8583]]}},{"type":"Feature","properties":{"name":"L\u0027Armançon"},"geometry":{"type":"LineString","coordinates":[[4.0581,47.8576],[4.0532,47.8571]]}},{"type":"Feature","properties":{"name":"L\u0027Armançon"},"geometry":{"type":"LineString","coordinates":[[4.3047,47.5188],[4.2997,47.5247],[4.3007,47.5295],[4.2995,47.5323],[4.2983,47.5332],[4.2952,47.5328],[4.2943,47.5344],[4.2918,47.5349],[4.2915,47.5376],[4.2874,47.5399]]}},{"type":"Feature","properties":{"name":"L\u0027Armançon"},"geometry":{"type":"LineString","coordinates":[[4.3052,47.5176],[4.3047,47.5188]]}},{"type":"Feature","properties":{"name":"L\u0027Armançon"},"geometry":{"type":"LineString","coordinates":[[4.2157,47.7290],[4.2174,47.7307]]}},{"type":"Feature","properties":{"name":"L\u0027Armançon"},"geometry":{"type":"LineString","coordinates":[[4.3596,47.4686],[4.3615,47.4712],[4.3587,47.4722],[4.3540,47.4714],[4.3497,47.4747],[4.3444,47.4713]]}},{"type":"Feature","properties":{"name":"L\u0027Armançon"},"geometry":{"type":"LineString","coordinates":[[4.2406,47.7075],[4.2404,47.7110],[4.2360,47.7115],[4.2332,47.7142]]}},{"type":"Feature","properties":{"name":"L\u0027Armançon"},"geometry":{"type":"LineString","coordinates":[[4.2406,47.7066],[4.2406,47.7075]]}},{"type":"Feature","properties":{"name":"L\u0027Armançon"},"geometry":{"type":"LineString","coordinates":[[4.2145,47.7349],[4.2141,47.7356]]}},{"type":"Feature","properties":{"name":"L\u0027Armançon"},"geometry":{"type":"LineString","coordinates":[[4.2163,47.7319],[4.2168,47.7323]]}},{"type":"Feature","properties":{"name":"L\u0027Armançon"},"geometry":{"type":"LineString","coordinates":[[4.1043,47.7726],[4.1034,47.7736]]}},{"type":"Feature","properties":{"name":"L\u0027Armançon"},"geometry":{"type":"LineString","coordinates":[[4.1043,47.7726],[4.1011,47.7725],[4.1021,47.7741],[4.1034,47.7736]]}},{"type":"Feature","properties":{"name":"L\u0027Armançon"},"geometry":{"type":"LineString","coordinates":[[4.1039,47.7696],[4.1043,47.7726]]}},{"type":"Feature","properties":{"name":"L\u0027Armançon"},"geometry":{"type":"LineString","coordinates":[[4.2374,47.6884],[4.2377,47.6887]]}},{"type":"Feature","properties":{"name":"L\u0027Armançon"},"geometry":{"type":"LineString","coordinates":[[4.2377,47.6887],[4.2381,47.6888]]}},{"type":"Feature","properties":{"name":"L\u0027Armançon"},"geometry":{"type":"LineString","coordinates":[[4.2617,47.5982],[4.2624,47.5990],[4.2617,47.5995],[4.2633,47.5995],[4.2647,47.6008],[4.2616,47.6032],[4.2622,47.6043],[4.2609,47.6057],[4.2625,47.6086]]}},{"type":"Feature","properties":{"name":"L\u0027Armançon"},"geometry":{"type":"LineString","coordinates":[[4.2559,47.6145],[4.2558,47.6146]]}},{"type":"Feature","properties":{"name":"L\u0027Armançon"},"geometry":{"type":"LineString","coordinates":[[4.2625,47.6087],[4.2617,47.6109],[4.2587,47.6119],[4.2579,47.6134],[4.2559,47.6145]]}},{"type":"Feature","properties":{"name":"L\u0027Armançon"},"geometry":{"type":"LineString","coordinates":[[4.2625,47.6086],[4.2625,47.6087]]}},{"type":"Feature","properties":{"name":"L\u0027Armançon"},"geometry":{"type":"LineString","coordinates":[[4.3594,47.4685],[4.3596,47.4686]]}},{"type":"Feature","properties":{"name":"L\u0027Armançon"},"geometry":{"type":"LineString","coordinates":[[4.0582,47.8577],[4.0581,47.8576]]}},{"type":"Feature","properties":{"name":"L\u0027Armançon"},"geometry":{"type":"LineString","coordinates":[[4.0582,47.8579],[4.0582,47.8577]]}},{"type":"Feature","properties":{"name":"L\u0027Armançon"},"geometry":{"type":"LineString","coordinates":[[4.0701,47.7867],[4.0715,47.7875]]}},{"type":"Feature","properties":{"name":"La Vandenesse"},"geometry":{"type":"LineString","coordinates":[[4.6370,47.2048],[4.6383,47.2036],[4.6406,47.2035],[4.6409,47.2022],[4.6432,47.2012],[4.6491,47.2010],[4.6590,47.1977],[4.6638,47.1952],[4.6692,47.1895],[4.6746,47.1862],[4.6833,47.1850],[4.6841,47.1839],[4.6868,47.1835],[4.6869,47.1818],[4.6852,47.1809],[4.6918,47.1766],[4.6932,47.1711],[4.7018,47.1681]]}},{"type":"Feature","properties":{"name":"L\u0027Aube"},"geometry":{"type":"LineString","coordinates":[[4.7922,47.9907],[4.7931,47.9919],[4.7917,47.9936],[4.7935,47.9960],[4.7896,47.9964],[4.7908,47.9972],[4.7906,47.9984],[4.7928,47.9991],[4.7913,48.0005],[4.7939,48.0033],[4.7922,48.0036],[4.7920,48.0051],[4.7932,48.0060],[4.7920,48.0067],[4.7935,48.0078],[4.7915,48.0085],[4.7916,48.0129]]}},{"type":"Feature","properties":{"name":"L\u0027Aube"},"geometry":{"type":"LineString","coordinates":[[5.1236,47.7609],[5.1138,47.7606],[5.1116,47.7598],[5.1102,47.7583],[5.1103,47.7569],[5.1074,47.7555],[5.1015,47.7553],[5.0991,47.7570],[5.0989,47.7597],[5.0949,47.7603],[5.0937,47.7610],[5.0942,47.7616],[5.0893,47.7631],[5.0855,47.7662],[5.0833,47.7731],[5.0796,47.7761],[5.0821,47.7786]]}},{"type":"Feature","properties":{"name":"L\u0027Aube"},"geometry":{"type":"LineString","coordinates":[[5.0821,47.7786],[5.0825,47.7790]]}},{"type":"Feature","properties":{"name":"L\u0027Aube"},"geometry":{"type":"LineString","coordinates":[[5.0825,47.7790],[5.0807,47.7814],[5.0744,47.7829],[5.0676,47.7875],[5.0608,47.7878],[5.0583,47.7903],[5.0571,47.7903],[5.0564,47.7944],[5.0582,47.7974],[5.0597,47.7982],[5.0597,47.7999],[5.0612,47.8009],[5.0608,47.8076],[5.0629,47.8098],[5.0629,47.8113],[5.0648,47.8123],[5.0632,47.8149],[5.0661,47.8169],[5.0662,47.8198],[5.0644,47.8212],[5.0644,47.8223],[5.0665,47.8259],[5.0652,47.8273],[5.0611,47.8289],[5.0601,47.8316],[5.0567,47.8330],[5.0536,47.8365],[5.0535,47.8378],[5.0450,47.8384],[5.0403,47.8406],[5.0322,47.8412],[5.0303,47.8424],[5.0251,47.8422],[5.0245,47.8453],[5.0195,47.8455],[5.0171,47.8469],[5.0153,47.8464],[5.0125,47.8475],[5.0115,47.8508],[5.0098,47.8524],[5.0002,47.8535],[4.9987,47.8551],[4.9945,47.8561]]}},{"type":"Feature","properties":{"name":"L\u0027Aube"},"geometry":{"type":"LineString","coordinates":[[4.7863,47.9532],[4.7799,47.9570],[4.7793,47.9591],[4.7815,47.9601],[4.7778,47.9608],[4.7792,47.9626],[4.7777,47.9625],[4.7787,47.9632],[4.7770,47.9645],[4.7794,47.9648],[4.7780,47.9660],[4.7814,47.9672],[4.7812,47.9684],[4.7830,47.9697],[4.7830,47.9722],[4.7855,47.9735],[4.7852,47.9754],[4.7867,47.9759],[4.7861,47.9781],[4.7893,47.9814],[4.7884,47.9824],[4.7905,47.9849],[4.7894,47.9853],[4.7895,47.9867],[4.7906,47.9873],[4.7907,47.9892],[4.7922,47.9907]]}},{"type":"Feature","properties":{"name":"L\u0027Aube"},"geometry":{"type":"LineString","coordinates":[[4.9997,47.8537],[4.9979,47.8552],[4.9940,47.8557]]}},{"type":"Feature","properties":{"name":"L\u0027Aube"},"geometry":{"type":"LineString","coordinates":[[4.9945,47.8561],[4.9910,47.8574],[4.9911,47.8597],[4.9859,47.8625],[4.9843,47.8659],[4.9823,47.8669],[4.9810,47.8694],[4.9792,47.8703],[4.9777,47.8696],[4.9738,47.8706],[4.9722,47.8732],[4.9699,47.8746],[4.9688,47.8741],[4.9692,47.8751],[4.9657,47.8776],[4.9633,47.8821],[4.9609,47.8828],[4.9595,47.8859],[4.9558,47.8872],[4.9560,47.8882],[4.9526,47.8898],[4.9494,47.8895],[4.9414,47.8931],[4.9396,47.8958],[4.9396,47.8978],[4.9412,47.9013],[4.9429,47.9026],[4.9402,47.9073],[4.9387,47.9069],[4.9358,47.9083],[4.9328,47.9121],[4.9308,47.9126],[4.9311,47.9139],[4.9288,47.9168],[4.9225,47.9185],[4.9192,47.9173],[4.9159,47.9178],[4.9133,47.9163],[4.9071,47.9200],[4.9045,47.9248],[4.8963,47.9242],[4.8929,47.9250],[4.8902,47.9271],[4.8898,47.9264],[4.8764,47.9245],[4.8754,47.9236],[4.8707,47.9241],[4.8681,47.9222],[4.8681,47.9197],[4.8578,47.9208],[4.8572,47.9220],[4.8587,47.9221],[4.8564,47.9230],[4.8565,47.9242],[4.8514,47.9267],[4.8471,47.9248],[4.8493,47.9188],[4.8432,47.9188],[4.8435,47.9195],[4.8413,47.9203],[4.8411,47.9217],[4.8392,47.9233],[4.8336,47.9264],[4.8356,47.9294],[4.8376,47.9305],[4.8376,47.9321],[4.8326,47.9352],[4.8309,47.9400],[4.8319,47.9443],[4.8309,47.9462],[4.8239,47.9462],[4.8172,47.9436],[4.8143,47.9430],[4.8138,47.9437],[4.8106,47.9419],[4.8084,47.9420],[4.8043,47.9457],[4.8041,47.9486],[4.8014,47.9505],[4.7959,47.9486],[4.7863,47.9532]]}},{"type":"Feature","properties":{"name":"L\u0027Aube"},"geometry":{"type":"LineString","coordinates":[[4.7793,47.9664],[4.7790,47.9678],[4.7808,47.9689],[4.7818,47.9719],[4.7809,47.9730],[4.7822,47.9733],[4.7806,47.9747],[4.7831,47.9755],[4.7821,47.9761],[4.7831,47.9767],[4.7822,47.9774],[4.7849,47.9795],[4.7857,47.9822],[4.7877,47.9827],[4.7887,47.9842],[4.7891,47.9887],[4.7909,47.9907],[4.7922,47.9907]]}},{"type":"Feature","properties":{"name":"L\u0027Aube"},"geometry":{"type":"LineString","coordinates":[[4.7797,47.9681],[4.7812,47.9684]]}},{"type":"Feature","properties":{"name":"La Coulange"},"geometry":{"type":"LineString","coordinates":[[5.2349,47.6584],[5.2371,47.6555]]}},{"type":"Feature","properties":{"name":"La Coulange"},"geometry":{"type":"LineString","coordinates":[[5.2758,47.6417],[5.2788,47.6415],[5.2831,47.6429],[5.2868,47.6417],[5.2899,47.6430],[5.2989,47.6427],[5.3023,47.6446],[5.3076,47.6446]]}},{"type":"Feature","properties":{"name":"La Coulange"},"geometry":{"type":"LineString","coordinates":[[5.2345,47.6591],[5.2347,47.6585]]}},{"type":"Feature","properties":{"name":"La Coulange"},"geometry":{"type":"LineString","coordinates":[[5.2344,47.6592],[5.2345,47.6591]]}},{"type":"Feature","properties":{"name":"La Coulange"},"geometry":{"type":"LineString","coordinates":[[5.2350,47.6585],[5.2349,47.6584]]}},{"type":"Feature","properties":{"name":"La Coulange"},"geometry":{"type":"LineString","coordinates":[[5.2343,47.6592],[5.2344,47.6592]]}},{"type":"Feature","properties":{"name":"La Coulange"},"geometry":{"type":"LineString","coordinates":[[5.2371,47.6555],[5.2372,47.6554]]}},{"type":"Feature","properties":{"name":"La Coulange"},"geometry":{"type":"LineString","coordinates":[[5.2755,47.6418],[5.2758,47.6417]]}},{"type":"Feature","properties":{"name":"La Coulange"},"geometry":{"type":"LineString","coordinates":[[5.2372,47.6554],[5.2409,47.6503],[5.2517,47.6410],[5.2605,47.6402],[5.2679,47.6423],[5.2755,47.6418]]}},{"type":"Feature","properties":{"name":"La Coulange"},"geometry":{"type":"LineString","coordinates":[[5.2296,47.6628],[5.2343,47.6592]]}},{"type":"Feature","properties":{"name":"La Coulange"},"geometry":{"type":"LineString","coordinates":[[5.2347,47.6585],[5.2350,47.6585]]}},{"type":"Feature","properties":{"name":"Dérivation de la Loue"},"geometry":{"type":"LineString","coordinates":[[5.5188,47.0167],[5.5130,47.0169],[5.5002,47.0195],[5.4955,47.0169],[5.4914,47.0173]]}},{"type":"Feature","properties":{"name":"Dérivation de la Loue"},"geometry":{"type":"LineString","coordinates":[[5.4914,47.0173],[5.4907,47.0173]]}},{"type":"Feature","properties":{"name":"Dérivation de la Loue"},"geometry":{"type":"LineString","coordinates":[[5.4907,47.0173],[5.4836,47.0171],[5.4800,47.0195],[5.4735,47.0181],[5.4697,47.0191],[5.4675,47.0219],[5.4561,47.0207],[5.4550,47.0217],[5.4561,47.0234],[5.4540,47.0243],[5.4528,47.0216],[5.4513,47.0227],[5.4486,47.0221]]}},{"type":"Feature","properties":{"name":"Dérivation de la Loue"},"geometry":{"type":"LineString","coordinates":[[5.4943,47.0170],[5.4931,47.0162],[5.4899,47.0171]]}},{"type":"Feature","properties":{"name":"L\u0027Oze"},"geometry":{"type":"LineString","coordinates":[[4.4970,47.5477],[4.4928,47.5480],[4.4865,47.5455],[4.4839,47.5477],[4.4820,47.5454],[4.4803,47.5472],[4.4774,47.5466],[4.4760,47.5475],[4.4733,47.5473],[4.4710,47.5458],[4.4696,47.5468],[4.4659,47.5453],[4.4630,47.5464],[4.4593,47.5459],[4.4583,47.5472],[4.4536,47.5489],[4.4514,47.5484],[4.4509,47.5501],[4.4481,47.5494],[4.4443,47.5506],[4.4423,47.5500],[4.4427,47.5513],[4.4419,47.5517],[4.4430,47.5540],[4.4404,47.5539],[4.4403,47.5548],[4.4381,47.5551],[4.4371,47.5540]]}},{"type":"Feature","properties":{"name":"L\u0027Oze"},"geometry":{"type":"LineString","coordinates":[[4.6689,47.4385],[4.6652,47.4395],[4.6617,47.4440],[4.6590,47.4454],[4.6593,47.4467],[4.6576,47.4469],[4.6559,47.4505],[4.6501,47.4560],[4.6505,47.4590],[4.6493,47.4602],[4.6497,47.4614],[4.6488,47.4616],[4.6494,47.4620],[4.6482,47.4645],[4.6487,47.4658],[4.6469,47.4664],[4.6472,47.4678],[4.6455,47.4685],[4.6464,47.4696],[4.6430,47.4740],[4.6393,47.4758],[4.6399,47.4766],[4.6389,47.4774],[4.6375,47.4773],[4.6377,47.4784],[4.6364,47.4782],[4.6346,47.4795],[4.6354,47.4806],[4.6337,47.4830],[4.6299,47.4848],[4.6305,47.4859],[4.6293,47.4860],[4.6299,47.4869],[4.6264,47.4885],[4.6202,47.4942],[4.6085,47.4970],[4.6039,47.5001],[4.5991,47.5019],[4.5976,47.5037]]}},{"type":"Feature","properties":{"name":"L\u0027Oze"},"geometry":{"type":"LineString","coordinates":[[4.7238,47.3974],[4.7194,47.4039]]}},{"type":"Feature","properties":{"name":"L\u0027Oze"},"geometry":{"type":"LineString","coordinates":[[4.7272,47.3949],[4.7244,47.3960],[4.7238,47.3974],[4.7246,47.3989],[4.7233,47.3995],[4.7214,47.4036],[4.7192,47.4041],[4.7197,47.4047],[4.7185,47.4070],[4.7105,47.4123],[4.7073,47.4131],[4.7055,47.4146],[4.7024,47.4148],[4.7024,47.4160],[4.6978,47.4203]]}},{"type":"Feature","properties":{"name":"L\u0027Oze"},"geometry":{"type":"LineString","coordinates":[[4.6487,47.4658],[4.6477,47.4661]]}},{"type":"Feature","properties":{"name":"L\u0027Oze"},"geometry":{"type":"LineString","coordinates":[[4.5977,47.5038],[4.5976,47.5048],[4.5930,47.5078],[4.5912,47.5107],[4.5872,47.5119],[4.5802,47.5174],[4.5797,47.5187],[4.5781,47.5186],[4.5696,47.5258],[4.5673,47.5260],[4.5609,47.5304],[4.5589,47.5331],[4.5467,47.5344],[4.5441,47.5338],[4.5409,47.5350],[4.5376,47.5350],[4.5360,47.5340],[4.5307,47.5347],[4.5286,47.5362],[4.5215,47.5379],[4.5194,47.5400],[4.5171,47.5399],[4.5159,47.5420],[4.5108,47.5433],[4.5086,47.5456],[4.5035,47.5477],[4.4970,47.5477]]}},{"type":"Feature","properties":{"name":"L\u0027Oze"},"geometry":{"type":"LineString","coordinates":[[4.5976,47.5037],[4.5977,47.5038]]}},{"type":"Feature","properties":{"name":"L\u0027Oze"},"geometry":{"type":"LineString","coordinates":[[4.6978,47.4203],[4.6946,47.4230],[4.6922,47.4274]]}},{"type":"Feature","properties":{"name":"L\u0027Oze"},"geometry":{"type":"LineString","coordinates":[[4.6922,47.4274],[4.6921,47.4274]]}},{"type":"Feature","properties":{"name":"L\u0027Oze"},"geometry":{"type":"LineString","coordinates":[[4.6921,47.4274],[4.6922,47.4285],[4.6912,47.4282],[4.6878,47.4307],[4.6842,47.4314],[4.6834,47.4325],[4.6787,47.4342],[4.6760,47.4337],[4.6690,47.4385]]}},{"type":"Feature","properties":{"name":"L\u0027Oze"},"geometry":{"type":"LineString","coordinates":[[4.6690,47.4385],[4.6689,47.4385]]}},{"type":"Feature","properties":{"name":"La Suize"},"geometry":{"type":"LineString","coordinates":[[5.2030,47.9371],[5.2058,47.9393],[5.2056,47.9406]]}},{"type":"Feature","properties":{"name":"La Suize"},"geometry":{"type":"LineString","coordinates":[[5.2036,47.9616],[5.2031,47.9632],[5.2038,47.9642]]}},{"type":"Feature","properties":{"name":"La Suize"},"geometry":{"type":"LineString","coordinates":[[5.2047,47.9444],[5.2051,47.9473],[5.2076,47.9482],[5.2080,47.9499],[5.2041,47.9519],[5.2052,47.9540],[5.2034,47.9557],[5.2055,47.9593],[5.2036,47.9616]]}},{"type":"Feature","properties":{"name":"La Suize"},"geometry":{"type":"LineString","coordinates":[[5.2056,47.9406],[5.2046,47.9416],[5.2053,47.9428],[5.2047,47.9444]]}},{"type":"Feature","properties":{"name":"La Suize"},"geometry":{"type":"LineString","coordinates":[[5.2038,47.9642],[5.2031,47.9652],[5.2050,47.9669],[5.2038,47.9702],[5.2061,47.9743],[5.2029,47.9753],[5.2030,47.9760],[5.2001,47.9775],[5.1970,47.9819],[5.1949,47.9820],[5.1897,47.9852],[5.1889,47.9849],[5.1850,47.9904],[5.1779,47.9945],[5.1741,48.0032],[5.1710,48.0069],[5.1743,48.0113],[5.1744,48.0130],[5.1688,48.0137],[5.1677,48.0150],[5.1684,48.0175],[5.1675,48.0183],[5.1684,48.0196],[5.1662,48.0230],[5.1596,48.0240],[5.1596,48.0259],[5.1621,48.0272],[5.1633,48.0297],[5.1583,48.0327],[5.1584,48.0384],[5.1532,48.0394],[5.1513,48.0409],[5.1539,48.0439],[5.1530,48.0468],[5.1492,48.0496],[5.1434,48.0518],[5.1425,48.0542],[5.1433,48.0571],[5.1388,48.0593],[5.1391,48.0609],[5.1373,48.0641],[5.1382,48.0651],[5.1407,48.0648],[5.1437,48.0622],[5.1459,48.0625],[5.1465,48.0644],[5.1432,48.0666],[5.1357,48.0692],[5.1350,48.0703],[5.1374,48.0714],[5.1373,48.0730],[5.1326,48.0733],[5.1314,48.0755],[5.1323,48.0790],[5.1291,48.0794],[5.1262,48.0809],[5.1326,48.0883],[5.1320,48.0893],[5.1278,48.0887],[5.1274,48.0895],[5.1232,48.0904],[5.1260,48.0919],[5.1281,48.0946],[5.1280,48.0967],[5.1247,48.0981]]}},{"type":"Feature","properties":{"name":"La Suize"},"geometry":{"type":"LineString","coordinates":[[5.1920,47.8780],[5.1925,47.8791],[5.1910,47.8821]]}},{"type":"Feature","properties":{"name":"La Suize"},"geometry":{"type":"LineString","coordinates":[[5.1866,47.8560],[5.1844,47.8599],[5.1863,47.8633],[5.1857,47.8649],[5.1865,47.8670],[5.1909,47.8730],[5.1908,47.8761],[5.1920,47.8780]]}},{"type":"Feature","properties":{"name":"La Suize"},"geometry":{"type":"LineString","coordinates":[[5.2023,47.9365],[5.2030,47.9371]]}},{"type":"Feature","properties":{"name":"La Suize"},"geometry":{"type":"LineString","coordinates":[[5.1910,47.8821],[5.1890,47.8828],[5.1874,47.8870],[5.1835,47.8893],[5.1849,47.8943],[5.1834,47.8981],[5.1851,47.9018],[5.1846,47.9048],[5.1854,47.9064],[5.1846,47.9064],[5.1844,47.9085],[5.1865,47.9114],[5.1859,47.9145],[5.1875,47.9185],[5.1974,47.9226],[5.1980,47.9242],[5.1963,47.9265],[5.1972,47.9270],[5.1973,47.9305],[5.2023,47.9365]]}},{"type":"Feature","properties":{"name":"L\u0027Amance"},"geometry":{"type":"LineString","coordinates":[[5.5226,47.8240],[5.5258,47.8217],[5.5329,47.8211],[5.5408,47.8247],[5.5505,47.8264],[5.5619,47.8267],[5.5655,47.8258],[5.5689,47.8266],[5.5896,47.8194],[5.5961,47.8185],[5.6082,47.8208]]}},{"type":"Feature","properties":{"name":"La Laignes"},"geometry":{"type":"LineString","coordinates":[[4.3642,47.9907],[4.3649,47.9913]]}},{"type":"Feature","properties":{"name":"La Laignes"},"geometry":{"type":"LineString","coordinates":[[4.3643,47.9882],[4.3625,47.9890],[4.3669,47.9945]]}},{"type":"Feature","properties":{"name":"La Laignes"},"geometry":{"type":"LineString","coordinates":[[4.3671,47.9945],[4.3672,47.9961]]}},{"type":"Feature","properties":{"name":"La Laignes"},"geometry":{"type":"LineString","coordinates":[[4.3601,47.9793],[4.3647,47.9846],[4.3644,47.9891],[4.3674,47.9928],[4.3677,47.9979],[4.3696,47.9987],[4.3679,47.9995],[4.3689,47.9994],[4.3683,48.0003],[4.3693,48.0007]]}},{"type":"Feature","properties":{"name":"La Laignes"},"geometry":{"type":"LineString","coordinates":[[4.3578,47.9761],[4.3601,47.9793]]}},{"type":"Feature","properties":{"name":"La Laignes"},"geometry":{"type":"LineString","coordinates":[[4.3578,47.9761],[4.3601,47.9793]]}},{"type":"Feature","properties":{"name":"La Laignes"},"geometry":{"type":"LineString","coordinates":[[4.3683,47.9980],[4.3692,47.9983]]}},{"type":"Feature","properties":{"name":"La Laignes"},"geometry":{"type":"LineString","coordinates":[[4.3653,47.8429],[4.3651,47.8440]]}},{"type":"Feature","properties":{"name":"La Laignes"},"geometry":{"type":"LineString","coordinates":[[4.3636,47.8469],[4.3623,47.8485],[4.3582,47.8487],[4.3544,47.8539],[4.3525,47.8619]]}},{"type":"Feature","properties":{"name":"La Laignes"},"geometry":{"type":"LineString","coordinates":[[4.3634,47.8467],[4.3636,47.8469]]}},{"type":"Feature","properties":{"name":"La Laignes"},"geometry":{"type":"LineString","coordinates":[[4.3618,47.9420],[4.3642,47.9433],[4.3724,47.9440],[4.3766,47.9464],[4.3776,47.9483],[4.3748,47.9508],[4.3709,47.9611],[4.3646,47.9624],[4.3595,47.9612],[4.3568,47.9621],[4.3542,47.9652],[4.3545,47.9698],[4.3575,47.9703],[4.3585,47.9723],[4.3586,47.9735],[4.3573,47.9749],[4.3578,47.9761]]}},{"type":"Feature","properties":{"name":"La Laignes"},"geometry":{"type":"LineString","coordinates":[[4.3533,47.9011],[4.3550,47.9050],[4.3592,47.9067],[4.3604,47.9082],[4.3613,47.9126],[4.3541,47.9150],[4.3537,47.9174],[4.3525,47.9181],[4.3535,47.9200],[4.3421,47.9282],[4.3465,47.9304],[4.3530,47.9314],[4.3541,47.9341],[4.3526,47.9350],[4.3514,47.9377],[4.3540,47.9412],[4.3574,47.9412],[4.3603,47.9427],[4.3618,47.9420]]}},{"type":"Feature","properties":{"name":"La Laignes"},"geometry":{"type":"LineString","coordinates":[[4.3533,47.9011],[4.3526,47.9016],[4.3543,47.9032]]}},{"type":"Feature","properties":{"name":"La Laignes"},"geometry":{"type":"LineString","coordinates":[[4.3525,47.8619],[4.3533,47.8625],[4.3523,47.8631],[4.3540,47.8659],[4.3540,47.8687],[4.3498,47.8733],[4.3505,47.8767],[4.3496,47.8809],[4.3520,47.8829],[4.3558,47.8896],[4.3559,47.8915],[4.3573,47.8929]]}},{"type":"Feature","properties":{"name":"La Laignes"},"geometry":{"type":"LineString","coordinates":[[4.3651,47.8440],[4.3649,47.8444]]}},{"type":"Feature","properties":{"name":"La Laignes"},"geometry":{"type":"LineString","coordinates":[[4.3649,47.8444],[4.3633,47.8456],[4.3634,47.8467]]}},{"type":"Feature","properties":{"name":"La Laignes"},"geometry":{"type":"LineString","coordinates":[[4.3578,47.8930],[4.3583,47.8945],[4.3571,47.8971],[4.3544,47.8987],[4.3533,47.9011]]}},{"type":"Feature","properties":{"name":"La Laignes"},"geometry":{"type":"LineString","coordinates":[[4.3573,47.8929],[4.3578,47.8930]]}},{"type":"Feature","properties":{"name":"La Laignes"},"geometry":{"type":"LineString","coordinates":[[4.3573,47.9062],[4.3586,47.9058],[4.3592,47.9067]]}},{"type":"Feature","properties":{"name":"La Tille"},"geometry":{"type":"LineString","coordinates":[[5.0738,47.7082],[5.0708,47.7041]]}},{"type":"Feature","properties":{"name":"La Tille"},"geometry":{"type":"LineString","coordinates":[[5.0746,47.7088],[5.0738,47.7082]]}},{"type":"Feature","properties":{"name":"La Tille"},"geometry":{"type":"LineString","coordinates":[[5.0631,47.6778],[5.0628,47.6736],[5.0669,47.6696],[5.0686,47.6639]]}},{"type":"Feature","properties":{"name":"La Tille"},"geometry":{"type":"LineString","coordinates":[[5.0630,47.6792],[5.0631,47.6778]]}},{"type":"Feature","properties":{"name":"La Tille"},"geometry":{"type":"LineString","coordinates":[[5.1144,47.7002],[5.1126,47.6980],[5.1125,47.6953],[5.1078,47.6922],[5.1067,47.6888],[5.1009,47.6790],[5.1007,47.6777],[5.1037,47.6733],[5.1038,47.6700],[5.1050,47.6690],[5.1024,47.6674],[5.1021,47.6662],[5.1035,47.6653],[5.1045,47.6625],[5.0974,47.6570],[5.0970,47.6551],[5.0861,47.6499],[5.0851,47.6485],[5.0813,47.6471],[5.0781,47.6474]]}},{"type":"Feature","properties":{"name":"La Tille"},"geometry":{"type":"LineString","coordinates":[[5.2941,47.1852],[5.3001,47.1787],[5.3093,47.1725],[5.3193,47.1701],[5.3284,47.1662],[5.3325,47.1523],[5.3347,47.1491],[5.3371,47.1478],[5.3459,47.1331],[5.3465,47.1309],[5.3450,47.1293],[5.3453,47.1263]]}},{"type":"Feature","properties":{"name":"La Tille"},"geometry":{"type":"LineString","coordinates":[[5.2096,47.4908],[5.2084,47.4864],[5.2054,47.4817],[5.2052,47.4790],[5.2026,47.4767],[5.2014,47.4681],[5.1987,47.4653],[5.1962,47.4604],[5.1943,47.4597],[5.1922,47.4562],[5.1949,47.4520],[5.1937,47.4511],[5.1942,47.4491],[5.1928,47.4455],[5.1905,47.4442],[5.1896,47.4422],[5.1904,47.4387],[5.1894,47.4330],[5.1937,47.4289],[5.1960,47.4285],[5.1964,47.4271]]}},{"type":"Feature","properties":{"name":"La Tille"},"geometry":{"type":"LineString","coordinates":[[5.0828,47.5975],[5.0843,47.5968],[5.0835,47.5966],[5.0830,47.5939]]}},{"type":"Feature","properties":{"name":"La Tille"},"geometry":{"type":"LineString","coordinates":[[5.1181,47.5684],[5.1170,47.5656]]}},{"type":"Feature","properties":{"name":"La Tille"},"geometry":{"type":"LineString","coordinates":[[4.9511,47.6080],[4.9596,47.6089],[4.9650,47.6082],[4.9728,47.6100],[4.9796,47.6084]]}},{"type":"Feature","properties":{"name":"La Tille"},"geometry":{"type":"LineString","coordinates":[[5.1874,47.5214],[5.1923,47.5201]]}},{"type":"Feature","properties":{"name":"La Tille"},"geometry":{"type":"LineString","coordinates":[[5.1949,47.3443],[5.1961,47.3441],[5.1960,47.3421]]}},{"type":"Feature","properties":{"name":"La Tille"},"geometry":{"type":"LineString","coordinates":[[5.0708,47.7041],[5.0697,47.7037]]}},{"type":"Feature","properties":{"name":"La Tille"},"geometry":{"type":"LineString","coordinates":[[5.1546,47.5329],[5.1585,47.5298],[5.1585,47.5284],[5.1613,47.5272],[5.1672,47.5272],[5.1730,47.5220],[5.1739,47.5223]]}},{"type":"Feature","properties":{"name":"La Tille"},"geometry":{"type":"LineString","coordinates":[[4.9176,47.6157],[4.9222,47.6146]]}},{"type":"Feature","properties":{"name":"La Tille"},"geometry":{"type":"LineString","coordinates":[[4.9173,47.6166],[4.9176,47.6157]]}},{"type":"Feature","properties":{"name":"La Tille"},"geometry":{"type":"LineString","coordinates":[[4.9511,47.6080],[4.9549,47.6092],[4.9568,47.6086]]}},{"type":"Feature","properties":{"name":"La Tille"},"geometry":{"type":"LineString","coordinates":[[5.0633,47.6193],[5.0671,47.6147],[5.0713,47.6121],[5.0735,47.6120],[5.0744,47.6110],[5.0737,47.6098],[5.0750,47.6083],[5.0745,47.6074],[5.0811,47.6048],[5.0787,47.6020],[5.0828,47.5975]]}},{"type":"Feature","properties":{"name":"La Tille"},"geometry":{"type":"LineString","coordinates":[[4.9796,47.6084],[4.9844,47.6105],[4.9901,47.6110],[4.9961,47.6145],[5.0020,47.6155],[5.0147,47.6200],[5.0237,47.6180],[5.0293,47.6186],[5.0349,47.6205],[5.0410,47.6200],[5.0438,47.6188],[5.0514,47.6190]]}},{"type":"Feature","properties":{"name":"La Tille"},"geometry":{"type":"LineString","coordinates":[[5.0828,47.5975],[5.0824,47.5954],[5.0833,47.5927],[5.0856,47.5915],[5.0872,47.5920],[5.0876,47.5908],[5.0898,47.5897],[5.0906,47.5890],[5.0898,47.5886],[5.0906,47.5859],[5.0938,47.5837],[5.0942,47.5823],[5.0984,47.5813],[5.0987,47.5804],[5.0994,47.5808],[5.1010,47.5781],[5.1034,47.5785],[5.1051,47.5777],[5.1064,47.5757],[5.1077,47.5761],[5.1084,47.5743],[5.1125,47.5740],[5.1139,47.5706],[5.1211,47.5678],[5.1229,47.5634],[5.1259,47.5632],[5.1242,47.5584],[5.1245,47.5569]]}},{"type":"Feature","properties":{"name":"La Tille"},"geometry":{"type":"LineString","coordinates":[[5.0514,47.6190],[5.0545,47.6193],[5.0573,47.6216],[5.0632,47.6202],[5.0633,47.6193]]}},{"type":"Feature","properties":{"name":"La Tille"},"geometry":{"type":"LineString","coordinates":[[5.1223,47.5602],[5.1248,47.5563],[5.1258,47.5520],[5.1245,47.5504],[5.1251,47.5492]]}},{"type":"Feature","properties":{"name":"La Tille"},"geometry":{"type":"LineString","coordinates":[[5.1717,47.5211],[5.1743,47.5224],[5.1765,47.5215],[5.1778,47.5237],[5.1874,47.5214],[5.1886,47.5196],[5.1936,47.5197],[5.1961,47.5176],[5.1959,47.5152],[5.2010,47.5093],[5.2000,47.5059]]}},{"type":"Feature","properties":{"name":"La Tille"},"geometry":{"type":"LineString","coordinates":[[5.1251,47.5492],[5.1233,47.5479],[5.1238,47.5456],[5.1252,47.5442],[5.1356,47.5425],[5.1358,47.5412],[5.1393,47.5395],[5.1426,47.5399],[5.1470,47.5385],[5.1546,47.5329]]}},{"type":"Feature","properties":{"name":"La Tille"},"geometry":{"type":"LineString","coordinates":[[5.2000,47.5059],[5.2000,47.5045],[5.2034,47.5006],[5.2068,47.4995],[5.2092,47.4959],[5.2121,47.4947],[5.2096,47.4908]]}},{"type":"Feature","properties":{"name":"La Tille"},"geometry":{"type":"LineString","coordinates":[[5.2070,47.3205],[5.2082,47.3181],[5.2074,47.3158]]}},{"type":"Feature","properties":{"name":"La Tille"},"geometry":{"type":"LineString","coordinates":[[5.2168,47.2853],[5.2179,47.2837],[5.2174,47.2812]]}},{"type":"Feature","properties":{"name":"La Tille"},"geometry":{"type":"LineString","coordinates":[[5.2941,47.1852],[5.2967,47.1831]]}},{"type":"Feature","properties":{"name":"La Tille"},"geometry":{"type":"LineString","coordinates":[[5.1546,47.5329],[5.1542,47.5322],[5.1563,47.5290],[5.1608,47.5260],[5.1625,47.5231],[5.1644,47.5240],[5.1681,47.5233],[5.1702,47.5224],[5.1704,47.5210],[5.1717,47.5211]]}},{"type":"Feature","properties":{"name":"La Tille"},"geometry":{"type":"LineString","coordinates":[[5.2223,47.2581],[5.2225,47.2576]]}},{"type":"Feature","properties":{"name":"La Tille"},"geometry":{"type":"LineString","coordinates":[[5.2225,47.2576],[5.2493,47.2210],[5.2463,47.2172],[5.2490,47.2135],[5.2484,47.2099],[5.2499,47.2068],[5.2479,47.2047],[5.2482,47.2032],[5.2519,47.2017],[5.2532,47.1997],[5.2575,47.1969],[5.2653,47.1939],[5.2760,47.1922],[5.2941,47.1852]]}},{"type":"Feature","properties":{"name":"La Tille"},"geometry":{"type":"LineString","coordinates":[[5.1009,47.5781],[5.1019,47.5766],[5.1063,47.5749],[5.1078,47.5723],[5.1151,47.5687],[5.1223,47.5602]]}},{"type":"Feature","properties":{"name":"La Tille"},"geometry":{"type":"LineString","coordinates":[[4.9222,47.6146],[4.9223,47.6146]]}},{"type":"Feature","properties":{"name":"La Tille"},"geometry":{"type":"LineString","coordinates":[[4.9223,47.6146],[4.9374,47.6124],[4.9434,47.6091],[4.9495,47.6074],[4.9511,47.6080]]}},{"type":"Feature","properties":{"name":"La Tille"},"geometry":{"type":"LineString","coordinates":[[5.1964,47.4271],[5.1965,47.4205],[5.2013,47.4137],[5.2019,47.4103],[5.2011,47.4092]]}},{"type":"Feature","properties":{"name":"La Tille"},"geometry":{"type":"LineString","coordinates":[[5.2011,47.4092],[5.1987,47.4065],[5.2000,47.4052],[5.1974,47.4027],[5.1975,47.4005],[5.1934,47.4005],[5.1949,47.3979],[5.1925,47.3951],[5.1899,47.3945],[5.1881,47.3927],[5.1880,47.3896],[5.1893,47.3868],[5.1889,47.3841],[5.1876,47.3835],[5.1887,47.3791],[5.1879,47.3752],[5.1893,47.3728],[5.1892,47.3704],[5.1926,47.3663],[5.1939,47.3461],[5.1976,47.3381],[5.2005,47.3280],[5.2070,47.3205],[5.2074,47.3150],[5.2087,47.3137],[5.2142,47.2981],[5.2223,47.2581]]}},{"type":"Feature","properties":{"name":"La Tille"},"geometry":{"type":"LineString","coordinates":[[5.0618,47.6948],[5.0623,47.6920],[5.0603,47.6884],[5.0613,47.6872],[5.0610,47.6845],[5.0629,47.6820],[5.0630,47.6792]]}},{"type":"Feature","properties":{"name":"La Tille"},"geometry":{"type":"LineString","coordinates":[[5.0402,47.6380],[5.0404,47.6343],[5.0445,47.6305],[5.0489,47.6292],[5.0506,47.6297],[5.0558,47.6272],[5.0572,47.6276],[5.0599,47.6251],[5.0640,47.6238],[5.0654,47.6213],[5.0636,47.6189]]}},{"type":"Feature","properties":{"name":"La Tille"},"geometry":{"type":"LineString","coordinates":[[5.0607,47.6961],[5.0618,47.6949]]}},{"type":"Feature","properties":{"name":"La Tille"},"geometry":{"type":"LineString","coordinates":[[5.0618,47.6949],[5.0618,47.6948]]}},{"type":"Feature","properties":{"name":"La Tenise"},"geometry":{"type":"LineString","coordinates":[[5.5570,47.4056],[5.5531,47.4077],[5.5479,47.4055]]}},{"type":"Feature","properties":{"name":"La Venelle"},"geometry":{"type":"LineString","coordinates":[[5.1556,47.7083],[5.1562,47.7044],[5.1543,47.7027],[5.1496,47.7015],[5.1486,47.6994],[5.1499,47.6941],[5.1561,47.6898],[5.1581,47.6868],[5.1571,47.6854],[5.1575,47.6841],[5.1606,47.6777]]}},{"type":"Feature","properties":{"name":"La Venelle"},"geometry":{"type":"LineString","coordinates":[[5.1606,47.6777],[5.1611,47.6746],[5.1571,47.6707],[5.1566,47.6681],[5.1494,47.6635],[5.1478,47.6607],[5.1462,47.6598],[5.1464,47.6551],[5.1450,47.6525],[5.1443,47.6474],[5.1457,47.6468],[5.1467,47.6397],[5.1481,47.6381],[5.1477,47.6365],[5.1493,47.6338],[5.1484,47.6298],[5.1506,47.6289],[5.1520,47.6264],[5.1512,47.6245],[5.1551,47.6202],[5.1537,47.6182],[5.1550,47.6173],[5.1558,47.6135],[5.1591,47.6103],[5.1617,47.6045],[5.1653,47.6013]]}},{"type":"Feature","properties":{"name":"La Venelle"},"geometry":{"type":"LineString","coordinates":[[5.1867,47.5873],[5.1887,47.5863]]}},{"type":"Feature","properties":{"name":"La Venelle"},"geometry":{"type":"LineString","coordinates":[[5.1597,47.6087],[5.1596,47.6086]]}},{"type":"Feature","properties":{"name":"La Venelle"},"geometry":{"type":"LineString","coordinates":[[5.2078,47.5661],[5.2098,47.5649],[5.2100,47.5635],[5.2149,47.5617],[5.2240,47.5560],[5.2242,47.5548],[5.2227,47.5532],[5.2258,47.5493],[5.2256,47.5482],[5.2222,47.5463],[5.2272,47.5441],[5.2270,47.5423],[5.2292,47.5408],[5.2286,47.5380],[5.2316,47.5368],[5.2317,47.5332],[5.2333,47.5313],[5.2323,47.5289]]}},{"type":"Feature","properties":{"name":"La Venelle"},"geometry":{"type":"LineString","coordinates":[[5.1844,47.5874],[5.1864,47.5875],[5.1891,47.5861],[5.1910,47.5813],[5.1952,47.5807],[5.1974,47.5792],[5.1974,47.5781],[5.2000,47.5753],[5.2043,47.5727],[5.2048,47.5699],[5.2040,47.5682]]}},{"type":"Feature","properties":{"name":"La Venelle"},"geometry":{"type":"LineString","coordinates":[[5.1821,47.5879],[5.1844,47.5874]]}},{"type":"Feature","properties":{"name":"La Venelle"},"geometry":{"type":"LineString","coordinates":[[5.2049,47.5678],[5.2078,47.5661]]}},{"type":"Feature","properties":{"name":"La Venelle"},"geometry":{"type":"LineString","coordinates":[[5.2043,47.5680],[5.2049,47.5678]]}},{"type":"Feature","properties":{"name":"La Venelle"},"geometry":{"type":"LineString","coordinates":[[5.1596,47.6084],[5.1609,47.6066]]}},{"type":"Feature","properties":{"name":"La Venelle"},"geometry":{"type":"LineString","coordinates":[[5.1596,47.6086],[5.1596,47.6084]]}},{"type":"Feature","properties":{"name":"La Venelle"},"geometry":{"type":"LineString","coordinates":[[5.2161,47.4840],[5.2161,47.4838]]}},{"type":"Feature","properties":{"name":"La Venelle"},"geometry":{"type":"LineString","coordinates":[[5.2161,47.4838],[5.2149,47.4795],[5.2100,47.4788]]}},{"type":"Feature","properties":{"name":"La Venelle"},"geometry":{"type":"LineString","coordinates":[[5.2098,47.4788],[5.2048,47.4785]]}},{"type":"Feature","properties":{"name":"La Venelle"},"geometry":{"type":"LineString","coordinates":[[5.2100,47.4788],[5.2098,47.4788]]}},{"type":"Feature","properties":{"name":"La Venelle"},"geometry":{"type":"LineString","coordinates":[[5.2040,47.5682],[5.2041,47.5681]]}},{"type":"Feature","properties":{"name":"La Venelle"},"geometry":{"type":"LineString","coordinates":[[5.2041,47.5681],[5.2043,47.5680]]}},{"type":"Feature","properties":{"name":"La Venelle"},"geometry":{"type":"LineString","coordinates":[[5.2177,47.5038],[5.2202,47.5012],[5.2195,47.4993],[5.2149,47.4948],[5.2161,47.4840]]}},{"type":"Feature","properties":{"name":"La Venelle"},"geometry":{"type":"LineString","coordinates":[[5.1653,47.6012],[5.1664,47.5957],[5.1678,47.5940],[5.1714,47.5938],[5.1740,47.5905],[5.1781,47.5885],[5.1821,47.5879]]}},{"type":"Feature","properties":{"name":"La Venelle"},"geometry":{"type":"LineString","coordinates":[[5.1653,47.6013],[5.1653,47.6012]]}},{"type":"Feature","properties":{"name":"La Venelle"},"geometry":{"type":"LineString","coordinates":[[5.2322,47.5289],[5.2314,47.5263],[5.2292,47.5247],[5.2267,47.5202],[5.2204,47.5157],[5.2147,47.5135],[5.2143,47.5106],[5.2176,47.5064],[5.2167,47.5050],[5.2177,47.5038]]}},{"type":"Feature","properties":{"name":"La Venelle"},"geometry":{"type":"LineString","coordinates":[[5.2323,47.5289],[5.2322,47.5289]]}},{"type":"Feature","properties":{"name":"La Seine"},"geometry":{"type":"LineString","coordinates":[[4.5801,47.8634],[4.5777,47.8653],[4.5737,47.8654]]}},{"type":"Feature","properties":{"name":"La Seine"},"geometry":{"type":"LineString","coordinates":[[4.5056,47.9457],[4.5043,47.9484],[4.5020,47.9498],[4.4978,47.9581],[4.4985,47.9602],[4.4976,47.9635],[4.4989,47.9682]]}},{"type":"Feature","properties":{"name":"La Seine"},"geometry":{"type":"LineString","coordinates":[[4.5909,47.7451],[4.5896,47.7470],[4.5833,47.7482],[4.5802,47.7509]]}},{"type":"Feature","properties":{"name":"La Seine"},"geometry":{"type":"LineString","coordinates":[[4.5082,47.9420],[4.5082,47.9435],[4.5066,47.9440]]}},{"type":"Feature","properties":{"name":"La Seine"},"geometry":{"type":"LineString","coordinates":[[4.5064,47.9435],[4.5059,47.9442]]}},{"type":"Feature","properties":{"name":"La Seine"},"geometry":{"type":"LineString","coordinates":[[4.5080,47.9423],[4.5066,47.9430],[4.5041,47.9469],[4.5043,47.9484]]}},{"type":"Feature","properties":{"name":"La Seine"},"geometry":{"type":"LineString","coordinates":[[4.5056,47.9450],[4.5056,47.9457]]}},{"type":"Feature","properties":{"name":"La Seine"},"geometry":{"type":"LineString","coordinates":[[4.5653,47.8578],[4.5632,47.8578],[4.5625,47.8596]]}},{"type":"Feature","properties":{"name":"La Seine"},"geometry":{"type":"LineString","coordinates":[[4.5673,47.8525],[4.5711,47.8542]]}},{"type":"Feature","properties":{"name":"La Seine"},"geometry":{"type":"LineString","coordinates":[[4.5697,47.8605],[4.5725,47.8600]]}},{"type":"Feature","properties":{"name":"La Seine"},"geometry":{"type":"LineString","coordinates":[[4.5793,47.8609],[4.5790,47.8613]]}},{"type":"Feature","properties":{"name":"La Seine"},"geometry":{"type":"LineString","coordinates":[[4.5738,47.8599],[4.5790,47.8613],[4.5799,47.8624],[4.5795,47.8641]]}},{"type":"Feature","properties":{"name":"La Seine"},"geometry":{"type":"LineString","coordinates":[[4.5782,47.8604],[4.5792,47.8609]]}},{"type":"Feature","properties":{"name":"La Seine"},"geometry":{"type":"LineString","coordinates":[[4.5753,47.8649],[4.5730,47.8646]]}},{"type":"Feature","properties":{"name":"La Seine"},"geometry":{"type":"LineString","coordinates":[[4.5696,47.8552],[4.5694,47.8554]]}},{"type":"Feature","properties":{"name":"La Seine"},"geometry":{"type":"LineString","coordinates":[[4.5803,47.8623],[4.5799,47.8624]]}},{"type":"Feature","properties":{"name":"La Seine"},"geometry":{"type":"LineString","coordinates":[[4.5419,47.8690],[4.5432,47.8699]]}},{"type":"Feature","properties":{"name":"La Seine"},"geometry":{"type":"LineString","coordinates":[[4.5686,47.8570],[4.5688,47.8577]]}},{"type":"Feature","properties":{"name":"La Seine"},"geometry":{"type":"LineString","coordinates":[[4.5737,47.8654],[4.5701,47.8656]]}},{"type":"Feature","properties":{"name":"La Seine"},"geometry":{"type":"LineString","coordinates":[[4.5670,47.8672],[4.5652,47.8671],[4.5622,47.8688],[4.5608,47.8669],[4.5507,47.8685],[4.5477,47.8685],[4.5446,47.8669],[4.5430,47.8687]]}},{"type":"Feature","properties":{"name":"La Seine"},"geometry":{"type":"LineString","coordinates":[[4.5730,47.8421],[4.5691,47.8452],[4.5676,47.8454],[4.5644,47.8498],[4.5694,47.8553],[4.5675,47.8576]]}},{"type":"Feature","properties":{"name":"La Seine"},"geometry":{"type":"LineString","coordinates":[[4.5430,47.8687],[4.5419,47.8691],[4.5420,47.8699],[4.5449,47.8722]]}},{"type":"Feature","properties":{"name":"La Seine"},"geometry":{"type":"LineString","coordinates":[[4.5675,47.8576],[4.5637,47.8582],[4.5620,47.8610],[4.5665,47.8617],[4.5697,47.8606],[4.5700,47.8593],[4.5746,47.8586],[4.5796,47.8611],[4.5806,47.8628],[4.5801,47.8634]]}},{"type":"Feature","properties":{"name":"La Seine"},"geometry":{"type":"LineString","coordinates":[[4.7170,47.4859],[4.7170,47.4860]]}},{"type":"Feature","properties":{"name":"La Seine"},"geometry":{"type":"LineString","coordinates":[[4.6795,47.6533],[4.6759,47.6600],[4.6730,47.6604],[4.6734,47.6610],[4.6714,47.6619],[4.6696,47.6648],[4.6711,47.6681],[4.6729,47.6685],[4.6712,47.6709],[4.6726,47.6715],[4.6730,47.6763],[4.6709,47.6763],[4.6695,47.6771],[4.6700,47.6779],[4.6674,47.6791],[4.6653,47.6787],[4.6644,47.6799],[4.6633,47.6793],[4.6613,47.6820],[4.6596,47.6815],[4.6601,47.6831],[4.6556,47.6838],[4.6545,47.6850],[4.6556,47.6856],[4.6504,47.6883],[4.6501,47.6898],[4.6488,47.6895],[4.6406,47.6951],[4.6384,47.6940],[4.6297,47.6970],[4.6260,47.6969],[4.6257,47.6982],[4.6217,47.6982],[4.6159,47.7002],[4.6104,47.7008],[4.6085,47.6999],[4.6044,47.7022],[4.6018,47.7051],[4.6008,47.7049],[4.5997,47.7074],[4.6019,47.7084],[4.6022,47.7138],[4.6008,47.7146],[4.6015,47.7151],[4.5990,47.7162],[4.5982,47.7188],[4.5994,47.7189],[4.5989,47.7200],[4.6023,47.7239],[4.6012,47.7247],[4.6019,47.7264],[4.6010,47.7266],[4.6017,47.7272],[4.6009,47.7273],[4.6009,47.7284],[4.6029,47.7311],[4.5979,47.7348],[4.5988,47.7364],[4.6017,47.7373],[4.6032,47.7398],[4.6004,47.7409],[4.5925,47.7405],[4.5909,47.7419],[4.5909,47.7451]]}},{"type":"Feature","properties":{"name":"La Seine"},"geometry":{"type":"LineString","coordinates":[[4.5737,47.8599],[4.5738,47.8599]]}},{"type":"Feature","properties":{"name":"La Seine"},"geometry":{"type":"LineString","coordinates":[[4.5530,47.9001],[4.5507,47.9007]]}},{"type":"Feature","properties":{"name":"La Seine"},"geometry":{"type":"LineString","coordinates":[[4.4989,47.9682],[4.4975,47.9689],[4.4994,47.9742],[4.4984,47.9753],[4.5006,47.9761],[4.5008,47.9773],[4.4994,47.9800],[4.4902,47.9839],[4.4867,47.9833]]}},{"type":"Feature","properties":{"name":"La Seine"},"geometry":{"type":"LineString","coordinates":[[4.4867,47.9833],[4.4808,47.9831],[4.4781,47.9859],[4.4778,47.9883],[4.4767,47.9893],[4.4789,47.9916],[4.4797,47.9940],[4.4812,47.9949],[4.4788,47.9978],[4.4751,47.9984],[4.4700,48.0019],[4.4661,48.0025],[4.4681,48.0054],[4.4723,48.0074],[4.4705,48.0106],[4.4735,48.0113],[4.4714,48.0128],[4.4671,48.0131],[4.4649,48.0146],[4.4609,48.0142],[4.4610,48.0122],[4.4536,48.0115],[4.4468,48.0136],[4.4436,48.0156],[4.4445,48.0166]]}},{"type":"Feature","properties":{"name":"La Seine"},"geometry":{"type":"LineString","coordinates":[[4.4909,47.9836],[4.4894,47.9839]]}},{"type":"Feature","properties":{"name":"La Seine"},"geometry":{"type":"LineString","coordinates":[[4.6951,47.5315],[4.6954,47.5319]]}},{"type":"Feature","properties":{"name":"La Seine"},"geometry":{"type":"LineString","coordinates":[[4.6954,47.5319],[4.7017,47.5383],[4.7029,47.5412],[4.7057,47.5414],[4.7072,47.5429],[4.7065,47.5438],[4.7085,47.5481],[4.7118,47.5511],[4.7074,47.5532],[4.7121,47.5584],[4.7152,47.5587],[4.7148,47.5600],[4.7123,47.5615],[4.7129,47.5632],[4.7153,47.5649],[4.7140,47.5668],[4.7098,47.5690],[4.7053,47.5697],[4.7041,47.5728],[4.7008,47.5750],[4.6998,47.5788],[4.6982,47.5798],[4.6994,47.5825],[4.6967,47.5829],[4.6948,47.5853],[4.6866,47.5882],[4.6864,47.5904],[4.6835,47.5926],[4.6829,47.5955],[4.6838,47.5962],[4.6819,47.5966],[4.6825,47.5972],[4.6808,47.5982],[4.6798,47.6002],[4.6817,47.6066],[4.6797,47.6094],[4.6757,47.6114],[4.6749,47.6140],[4.6769,47.6192],[4.6781,47.6193],[4.6784,47.6207],[4.6816,47.6241],[4.6811,47.6246],[4.6826,47.6250],[4.6827,47.6271],[4.6868,47.6308],[4.6865,47.6400],[4.6883,47.6421],[4.6869,47.6442],[4.6820,47.6472],[4.6816,47.6480],[4.6828,47.6497],[4.6823,47.6520],[4.6795,47.6533]]}},{"type":"Feature","properties":{"name":"La Seine"},"geometry":{"type":"LineString","coordinates":[[4.4982,47.9597],[4.4977,47.9629]]}},{"type":"Feature","properties":{"name":"La Seine"},"geometry":{"type":"LineString","coordinates":[[4.5082,47.9420],[4.5056,47.9457]]}},{"type":"Feature","properties":{"name":"La Seine"},"geometry":{"type":"LineString","coordinates":[[4.5430,47.8687],[4.5452,47.8738],[4.5434,47.8756],[4.5407,47.8825],[4.5359,47.8848],[4.5278,47.8844],[4.5253,47.8860],[4.5246,47.8895],[4.5275,47.8928],[4.5370,47.8967],[4.5402,47.8969],[4.5479,47.9008],[4.5486,47.9037],[4.5472,47.9048],[4.5427,47.9042],[4.5428,47.9057],[4.5407,47.9055],[4.5393,47.9067],[4.5387,47.9090],[4.5354,47.9107],[4.5353,47.9129],[4.5329,47.9136],[4.5333,47.9161],[4.5312,47.9157],[4.5318,47.9171],[4.5301,47.9168],[4.5292,47.9187],[4.5263,47.9201],[4.5307,47.9227],[4.5300,47.9238],[4.5281,47.9242]]}},{"type":"Feature","properties":{"name":"La Seine"},"geometry":{"type":"LineString","coordinates":[[4.5281,47.9242],[4.5256,47.9286],[4.5215,47.9305],[4.5120,47.9377],[4.5117,47.9392],[4.5082,47.9420]]}},{"type":"Feature","properties":{"name":"La Seine"},"geometry":{"type":"LineString","coordinates":[[4.6370,47.6946],[4.6324,47.6958]]}},{"type":"Feature","properties":{"name":"La Seine"},"geometry":{"type":"LineString","coordinates":[[4.5701,47.8656],[4.5670,47.8672]]}},{"type":"Feature","properties":{"name":"La Seine"},"geometry":{"type":"LineString","coordinates":[[4.5802,47.7509],[4.5822,47.7558],[4.5806,47.7578],[4.5775,47.7585],[4.5744,47.7622],[4.5722,47.7625],[4.5684,47.7669],[4.5664,47.7670],[4.5674,47.7680],[4.5659,47.7684],[4.5660,47.7710],[4.5624,47.7728],[4.5582,47.7721],[4.5577,47.7730],[4.5536,47.7738],[4.5550,47.7811],[4.5531,47.7823],[4.5481,47.7823],[4.5412,47.7841],[4.5401,47.7867],[4.5401,47.7894],[4.5419,47.7916],[4.5405,47.7938],[4.5417,47.7970],[4.5434,47.7978],[4.5410,47.7994],[4.5464,47.8054],[4.5465,47.8080],[4.5438,47.8115],[4.5397,47.8128],[4.5388,47.8149],[4.5416,47.8179],[4.5446,47.8164],[4.5452,47.8172],[4.5480,47.8170],[4.5494,47.8180],[4.5499,47.8198],[4.5588,47.8246],[4.5598,47.8279],[4.5620,47.8278],[4.5626,47.8284],[4.5616,47.8290],[4.5667,47.8311],[4.5672,47.8334],[4.5689,47.8338],[4.5724,47.8372],[4.5738,47.8397],[4.5730,47.8421]]}},{"type":"Feature","properties":{"name":"La Seine"},"geometry":{"type":"LineString","coordinates":[[4.5757,47.7609],[4.5758,47.7618],[4.5744,47.7622]]}},{"type":"Feature","properties":{"name":"La Seine"},"geometry":{"type":"LineString","coordinates":[[4.7122,47.5045],[4.7104,47.5078],[4.7106,47.5137],[4.7085,47.5173],[4.7033,47.5235],[4.6982,47.5260],[4.6951,47.5315]]}},{"type":"Feature","properties":{"name":"La Seine"},"geometry":{"type":"LineString","coordinates":[[4.7170,47.4860],[4.7170,47.4860]]}},{"type":"Feature","properties":{"name":"La Seine"},"geometry":{"type":"LineString","coordinates":[[4.5725,47.8600],[4.5737,47.8599]]}},{"type":"Feature","properties":{"name":"La Seine"},"geometry":{"type":"LineString","coordinates":[[4.5725,47.8600],[4.5725,47.8600]]}},{"type":"Feature","properties":{"name":"La Seine"},"geometry":{"type":"LineString","coordinates":[[4.5711,47.8542],[4.5711,47.8542]]}},{"type":"Feature","properties":{"name":"La Seine"},"geometry":{"type":"LineString","coordinates":[[4.5711,47.8542],[4.5715,47.8556],[4.5688,47.8577]]}},{"type":"Feature","properties":{"name":"Petite Seine"},"geometry":{"type":"LineString","coordinates":[[4.5225,47.9211],[4.5228,47.9220]]}},{"type":"Feature","properties":{"name":"Petite Seine"},"geometry":{"type":"LineString","coordinates":[[4.5298,47.9173],[4.5225,47.9211]]}},{"type":"Feature","properties":{"name":"Petite Seine"},"geometry":{"type":"LineString","coordinates":[[4.5228,47.9220],[4.5244,47.9225],[4.5207,47.9260],[4.5182,47.9253],[4.5128,47.9295],[4.5130,47.9305],[4.5105,47.9328],[4.5114,47.9348],[4.5090,47.9372],[4.5102,47.9397]]}},{"type":"Feature","properties":{"name":"Petite Seine"},"geometry":{"type":"LineString","coordinates":[[4.5223,47.9216],[4.5228,47.9220]]}},{"type":"Feature","properties":{"name":"Petite Seine"},"geometry":{"type":"LineString","coordinates":[[4.5224,47.9215],[4.5223,47.9216]]}},{"type":"Feature","properties":{"name":"Petite Seine"},"geometry":{"type":"LineString","coordinates":[[4.5225,47.9211],[4.5224,47.9215]]}},{"type":"Feature","properties":{"name":"Le Gourmerault"},"geometry":{"type":"LineString","coordinates":[[5.1784,47.3369],[5.1767,47.3097],[5.1788,47.3028]]}},{"type":"Feature","properties":{"name":"Le Gourmerault"},"geometry":{"type":"LineString","coordinates":[[5.1789,47.3412],[5.1784,47.3369]]}},{"type":"Feature","properties":{"name":"Le Gourmerault"},"geometry":{"type":"LineString","coordinates":[[5.1792,47.3483],[5.1782,47.3434],[5.1788,47.3415]]}},{"type":"Feature","properties":{"name":"La Resaigne"},"geometry":{"type":"LineString","coordinates":[[5.4446,47.7679],[5.4438,47.7670],[5.4443,47.7650],[5.4452,47.7646],[5.4462,47.7611],[5.4476,47.7608],[5.4477,47.7595],[5.4488,47.7590],[5.4469,47.7563],[5.4480,47.7548],[5.4483,47.7518],[5.4471,47.7506],[5.4470,47.7481],[5.4484,47.7465],[5.4496,47.7466],[5.4506,47.7437],[5.4511,47.7317],[5.4481,47.7291],[5.4498,47.7266],[5.4500,47.7241],[5.4545,47.7238],[5.4480,47.7180],[5.4486,47.7169],[5.4525,47.7162],[5.4503,47.7142],[5.4509,47.7135],[5.4490,47.7116],[5.4492,47.7098],[5.4480,47.7095],[5.4489,47.7084],[5.4463,47.7069],[5.4473,47.7068],[5.4467,47.7055],[5.4485,47.7035],[5.4470,47.7016],[5.4497,47.6999],[5.4495,47.6977],[5.4480,47.6963],[5.4499,47.6959],[5.4519,47.6973],[5.4542,47.6970],[5.4545,47.6946],[5.4586,47.6946],[5.4557,47.6918],[5.4624,47.6898]]}},{"type":"Feature","properties":{"name":"La Resaigne"},"geometry":{"type":"LineString","coordinates":[[5.4415,47.7733],[5.4438,47.7705],[5.4433,47.7698],[5.4450,47.7691],[5.4446,47.7679]]}},{"type":"Feature","properties":{"name":"La Resaigne"},"geometry":{"type":"LineString","coordinates":[[5.4395,47.7802],[5.4404,47.7767],[5.4397,47.7763]]}},{"type":"Feature","properties":{"name":"La Resaigne"},"geometry":{"type":"LineString","coordinates":[[5.4397,47.7763],[5.4415,47.7733]]}},{"type":"Feature","properties":{"name":"La Resaigne"},"geometry":{"type":"LineString","coordinates":[[5.4386,47.7811],[5.4395,47.7802]]}},{"type":"Feature","properties":{"name":"La Biètre"},"geometry":{"type":"LineString","coordinates":[[5.1946,47.1843],[5.1950,47.1831],[5.1913,47.1794],[5.1925,47.1753],[5.1896,47.1702],[5.1902,47.1675]]}},{"type":"Feature","properties":{"name":"La Biètre"},"geometry":{"type":"LineString","coordinates":[[5.1991,47.1521],[5.2010,47.1505],[5.2032,47.1416],[5.2079,47.1361],[5.2113,47.1344],[5.2212,47.1260],[5.2252,47.1199],[5.2375,47.1138],[5.2433,47.1134],[5.2457,47.1120],[5.2468,47.1093],[5.2479,47.1090],[5.2482,47.1080],[5.2466,47.1054],[5.2404,47.1030],[5.2392,47.0999],[5.2358,47.0981],[5.2364,47.0957],[5.2359,47.0919],[5.2318,47.0900]]}},{"type":"Feature","properties":{"name":"La Biètre"},"geometry":{"type":"LineString","coordinates":[[5.1989,47.1523],[5.1991,47.1521]]}},{"type":"Feature","properties":{"name":"La Biètre"},"geometry":{"type":"LineString","coordinates":[[5.1836,47.2123],[5.1837,47.2122]]}},{"type":"Feature","properties":{"name":"La Biètre"},"geometry":{"type":"LineString","coordinates":[[5.1947,47.1845],[5.1946,47.1843]]}},{"type":"Feature","properties":{"name":"La Biètre"},"geometry":{"type":"LineString","coordinates":[[5.1902,47.1675],[5.1898,47.1673]]}},{"type":"Feature","properties":{"name":"La Biètre"},"geometry":{"type":"LineString","coordinates":[[5.1833,47.2158],[5.1812,47.2146],[5.1836,47.2123]]}},{"type":"Feature","properties":{"name":"La Biètre"},"geometry":{"type":"LineString","coordinates":[[5.1837,47.2122],[5.1920,47.1959]]}},{"type":"Feature","properties":{"name":"La Biètre"},"geometry":{"type":"LineString","coordinates":[[5.1898,47.1673],[5.1957,47.1617],[5.1989,47.1523]]}},{"type":"Feature","properties":{"name":"La Biètre"},"geometry":{"type":"LineString","coordinates":[[5.1920,47.1959],[5.1926,47.1921],[5.1951,47.1865],[5.1947,47.1845]]}},{"type":"Feature","properties":{"name":"La Biètre"},"geometry":{"type":"LineString","coordinates":[[5.1920,47.1959],[5.1920,47.1959]]}},{"type":"Feature","properties":{"name":"La Sarce"},"geometry":{"type":"LineString","coordinates":[[4.2614,47.9704],[4.2658,47.9702]]}},{"type":"Feature","properties":{"name":"La Sarce"},"geometry":{"type":"LineString","coordinates":[[4.2682,47.9702],[4.2729,47.9709],[4.2774,47.9678]]}},{"type":"Feature","properties":{"name":"La Sarce"},"geometry":{"type":"LineString","coordinates":[[4.2970,47.9677],[4.2971,47.9678]]}},{"type":"Feature","properties":{"name":"La Sarce"},"geometry":{"type":"LineString","coordinates":[[4.2944,47.9645],[4.2967,47.9660]]}},{"type":"Feature","properties":{"name":"La Sarce"},"geometry":{"type":"LineString","coordinates":[[4.2658,47.9702],[4.2679,47.9701]]}},{"type":"Feature","properties":{"name":"La Sarce"},"geometry":{"type":"LineString","coordinates":[[4.2971,47.9678],[4.2994,47.9754],[4.3028,47.9785],[4.3024,47.9790]]}},{"type":"Feature","properties":{"name":"La Sarce"},"geometry":{"type":"LineString","coordinates":[[4.2775,47.9678],[4.2798,47.9665],[4.2874,47.9662],[4.2918,47.9649],[4.2922,47.9658],[4.2944,47.9653]]}},{"type":"Feature","properties":{"name":"La Sarce"},"geometry":{"type":"LineString","coordinates":[[4.2969,47.9665],[4.2970,47.9677]]}},{"type":"Feature","properties":{"name":"La Sarce"},"geometry":{"type":"LineString","coordinates":[[4.2967,47.9660],[4.2969,47.9665]]}},{"type":"Feature","properties":{"name":"La Sarce"},"geometry":{"type":"LineString","coordinates":[[4.2944,47.9653],[4.2952,47.9652]]}},{"type":"Feature","properties":{"name":"La Sarce"},"geometry":{"type":"LineString","coordinates":[[4.3024,47.9790],[4.3024,47.9791]]}},{"type":"Feature","properties":{"name":"La Sarce"},"geometry":{"type":"LineString","coordinates":[[4.2679,47.9701],[4.2681,47.9702]]}},{"type":"Feature","properties":{"name":"La Sarce"},"geometry":{"type":"LineString","coordinates":[[4.2681,47.9702],[4.2682,47.9702]]}},{"type":"Feature","properties":{"name":"La Sarce"},"geometry":{"type":"LineString","coordinates":[[4.2775,47.9678],[4.2775,47.9678]]}},{"type":"Feature","properties":{"name":"La Sarce"},"geometry":{"type":"LineString","coordinates":[[4.2774,47.9678],[4.2775,47.9678]]}},{"type":"Feature","properties":{"name":"La Sarce"},"geometry":{"type":"LineString","coordinates":[[4.2938,47.9647],[4.2944,47.9645]]}},{"type":"Feature","properties":{"name":"La Sarce"},"geometry":{"type":"LineString","coordinates":[[4.2918,47.9649],[4.2938,47.9647]]}},{"type":"Feature","properties":{"name":"La Sarce"},"geometry":{"type":"LineString","coordinates":[[4.2944,47.9643],[4.2952,47.9645]]}},{"type":"Feature","properties":{"name":"La Sarce"},"geometry":{"type":"LineString","coordinates":[[4.2952,47.9652],[4.2966,47.9655]]}},{"type":"Feature","properties":{"name":"Rivière de Courcelles"},"geometry":{"type":"LineString","coordinates":[[4.5452,47.8979],[4.5503,47.9000],[4.5544,47.9040],[4.5553,47.9056],[4.5541,47.9086],[4.5545,47.9101],[4.5528,47.9108],[4.5507,47.9096],[4.5492,47.9103],[4.5481,47.9125],[4.5435,47.9147],[4.5437,47.9163],[4.5418,47.9159],[4.5409,47.9172],[4.5399,47.9171],[4.5333,47.9237],[4.5305,47.9246],[4.5281,47.9242]]}},{"type":"Feature","properties":{"name":"Rivière de Courcelles"},"geometry":{"type":"LineString","coordinates":[[4.5481,47.9011],[4.5495,47.9005],[4.5473,47.8990]]}},{"type":"Feature","properties":{"name":"Rivière de Courcelles"},"geometry":{"type":"LineString","coordinates":[[4.5473,47.8990],[4.5473,47.8988]]}},{"type":"Feature","properties":{"name":"Bras de l\u0027Armançon"},"geometry":{"type":"LineString","coordinates":[[4.2696,47.5519],[4.2677,47.5522],[4.2662,47.5514],[4.2632,47.5542],[4.2594,47.5547],[4.2583,47.5561],[4.2588,47.5570],[4.2575,47.5575],[4.2586,47.5587],[4.2556,47.5615],[4.2553,47.5645]]}},{"type":"Feature","properties":{"name":"Bras de l\u0027Armançon"},"geometry":{"type":"LineString","coordinates":[[4.2553,47.5645],[4.2553,47.5647]]}},{"type":"Feature","properties":{"name":"Bras de l\u0027Armançon"},"geometry":{"type":"LineString","coordinates":[[4.2553,47.5647],[4.2579,47.5661]]}},{"type":"Feature","properties":{"name":"La Brenne"},"geometry":{"type":"LineString","coordinates":[[4.4267,47.5702],[4.4259,47.5731],[4.4234,47.5758],[4.4200,47.5754],[4.4182,47.5775],[4.4142,47.5779],[4.4145,47.5787],[4.4125,47.5793],[4.4125,47.5812],[4.4113,47.5820],[4.4123,47.5846],[4.4104,47.5856],[4.4146,47.5883],[4.4136,47.5892],[4.4124,47.5882],[4.4109,47.5890],[4.4099,47.5905],[4.4110,47.5911],[4.4104,47.5936],[4.4068,47.5938],[4.4050,47.5951],[4.4041,47.5975],[4.4022,47.5978],[4.4019,47.5995],[4.4001,47.6003],[4.3995,47.6029],[4.3964,47.6037],[4.3926,47.6081],[4.3828,47.6105],[4.3821,47.6121],[4.3832,47.6133]]}},{"type":"Feature","properties":{"name":"La Brenne"},"geometry":{"type":"LineString","coordinates":[[4.3345,47.6293],[4.3336,47.6285],[4.3320,47.6288]]}},{"type":"Feature","properties":{"name":"La Brenne"},"geometry":{"type":"LineString","coordinates":[[4.3832,47.6133],[4.3831,47.6144],[4.3788,47.6142],[4.3789,47.6155],[4.3771,47.6148],[4.3765,47.6157],[4.3705,47.6136],[4.3691,47.6137],[4.3685,47.6148],[4.3640,47.6138],[4.3621,47.6143],[4.3605,47.6164],[4.3614,47.6174],[4.3598,47.6169],[4.3569,47.6181]]}},{"type":"Feature","properties":{"name":"La Brenne"},"geometry":{"type":"LineString","coordinates":[[4.4918,47.4967],[4.4895,47.4976],[4.4890,47.4991],[4.4858,47.5007],[4.4869,47.5015],[4.4814,47.5043],[4.4813,47.5052],[4.4752,47.5056],[4.4748,47.5073],[4.4722,47.5084],[4.4706,47.5105],[4.4698,47.5135],[4.4707,47.5145],[4.4672,47.5166]]}},{"type":"Feature","properties":{"name":"La Brenne"},"geometry":{"type":"LineString","coordinates":[[4.5053,47.4492],[4.5050,47.4497]]}},{"type":"Feature","properties":{"name":"La Brenne"},"geometry":{"type":"LineString","coordinates":[[4.4642,47.5230],[4.4625,47.5264],[4.4604,47.5274],[4.4590,47.5308],[4.4566,47.5321],[4.4558,47.5389],[4.4514,47.5431],[4.4496,47.5434],[4.4506,47.5451],[4.4502,47.5465],[4.4472,47.5449],[4.4433,47.5464],[4.4428,47.5483],[4.4382,47.5477],[4.4388,47.5522],[4.4365,47.5550],[4.4357,47.5548],[4.4351,47.5564],[4.4312,47.5579],[4.4326,47.5609],[4.4312,47.5635],[4.4318,47.5660],[4.4303,47.5661],[4.4319,47.5683],[4.4302,47.5693],[4.4297,47.5682],[4.4274,47.5680],[4.4268,47.5686],[4.4275,47.5695],[4.4267,47.5702]]}},{"type":"Feature","properties":{"name":"La Brenne"},"geometry":{"type":"LineString","coordinates":[[4.4953,47.4820],[4.4918,47.4843],[4.4932,47.4879],[4.4915,47.4899],[4.4923,47.4908],[4.4910,47.4911],[4.4923,47.4942],[4.4902,47.4958],[4.4918,47.4967]]}},{"type":"Feature","properties":{"name":"La Brenne"},"geometry":{"type":"LineString","coordinates":[[4.5018,47.4552],[4.5003,47.4560],[4.5017,47.4566],[4.5014,47.4573],[4.5030,47.4574],[4.5020,47.4578],[4.5029,47.4596],[4.5013,47.4596],[4.5012,47.4607],[4.4996,47.4613],[4.5004,47.4629],[4.4992,47.4651],[4.4999,47.4665],[4.4978,47.4679],[4.4985,47.4688],[4.4971,47.4704]]}},{"type":"Feature","properties":{"name":"La Brenne"},"geometry":{"type":"LineString","coordinates":[[4.5147,47.4305],[4.5154,47.4317],[4.5137,47.4329],[4.5145,47.4337],[4.5133,47.4340],[4.5139,47.4349],[4.5117,47.4353],[4.5122,47.4361],[4.5112,47.4376],[4.5124,47.4382],[4.5114,47.4384],[4.5123,47.4393],[4.5113,47.4400],[4.5123,47.4400],[4.5121,47.4406],[4.5109,47.4411],[4.5113,47.4421],[4.5084,47.4425],[4.5081,47.4442],[4.5066,47.4438],[4.5046,47.4461],[4.5059,47.4469],[4.5041,47.4481],[4.5053,47.4483],[4.5053,47.4495],[4.5029,47.4495],[4.5038,47.4507],[4.5012,47.4529],[4.5018,47.4552]]}},{"type":"Feature","properties":{"name":"La Brenne"},"geometry":{"type":"LineString","coordinates":[[4.4971,47.4704],[4.4965,47.4716],[4.4979,47.4718],[4.4962,47.4724],[4.4972,47.4728],[4.4966,47.4731],[4.4974,47.4742],[4.4957,47.4744],[4.4961,47.4752],[4.4948,47.4756],[4.4957,47.4766],[4.4923,47.4788],[4.4931,47.4812],[4.4949,47.4808],[4.4953,47.4820]]}},{"type":"Feature","properties":{"name":"La Brenne"},"geometry":{"type":"LineString","coordinates":[[4.4788,47.5055],[4.4752,47.5065]]}},{"type":"Feature","properties":{"name":"La Brenne"},"geometry":{"type":"LineString","coordinates":[[4.5585,47.3798],[4.5558,47.3807],[4.5546,47.3821],[4.5510,47.3828],[4.5485,47.3875],[4.5475,47.3879],[4.5469,47.3901],[4.5481,47.3915],[4.5409,47.3960],[4.5423,47.4017],[4.5396,47.4045],[4.5395,47.4058],[4.5375,47.4066],[4.5360,47.4096]]}},{"type":"Feature","properties":{"name":"La Brenne"},"geometry":{"type":"LineString","coordinates":[[4.5360,47.4096],[4.5347,47.4119],[4.5350,47.4132],[4.5305,47.4148],[4.5273,47.4176],[4.5227,47.4185],[4.5211,47.4213],[4.5197,47.4219],[4.5194,47.4261],[4.5177,47.4271],[4.5176,47.4282],[4.5156,47.4288],[4.5159,47.4298],[4.5147,47.4305]]}},{"type":"Feature","properties":{"name":"La Brenne"},"geometry":{"type":"LineString","coordinates":[[4.5812,47.3368],[4.5802,47.3367],[4.5810,47.3379],[4.5801,47.3383],[4.5812,47.3385],[4.5808,47.3391],[4.5795,47.3387],[4.5785,47.3398],[4.5788,47.3409],[4.5749,47.3435],[4.5761,47.3453],[4.5728,47.3475],[4.5733,47.3480],[4.5722,47.3497],[4.5735,47.3502],[4.5706,47.3524],[4.5709,47.3548],[4.5691,47.3549],[4.5687,47.3556],[4.5695,47.3562],[4.5671,47.3579],[4.5660,47.3577],[4.5673,47.3591],[4.5657,47.3596],[4.5673,47.3610],[4.5661,47.3637],[4.5595,47.3663],[4.5585,47.3693],[4.5594,47.3703],[4.5607,47.3698],[4.5606,47.3724],[4.5618,47.3731],[4.5614,47.3772],[4.5585,47.3798]]}},{"type":"Feature","properties":{"name":"La Brenne"},"geometry":{"type":"LineString","coordinates":[[4.4672,47.5166],[4.4659,47.5172],[4.4667,47.5184],[4.4646,47.5189],[4.4663,47.5198],[4.4642,47.5204],[4.4642,47.5230]]}},{"type":"Feature","properties":{"name":"La Brenne"},"geometry":{"type":"LineString","coordinates":[[4.6011,47.3134],[4.5976,47.3170],[4.5920,47.3201],[4.5933,47.3209],[4.5891,47.3234],[4.5893,47.3252],[4.5873,47.3252],[4.5885,47.3264],[4.5874,47.3261],[4.5848,47.3278],[4.5853,47.3290],[4.5840,47.3308],[4.5847,47.3311],[4.5822,47.3325],[4.5830,47.3335],[4.5809,47.3360],[4.5812,47.3368]]}},{"type":"Feature","properties":{"name":"La Brenne"},"geometry":{"type":"LineString","coordinates":[[4.3569,47.6181],[4.3563,47.6195]]}},{"type":"Feature","properties":{"name":"La Brenne"},"geometry":{"type":"LineString","coordinates":[[4.3563,47.6195],[4.3529,47.6192],[4.3495,47.6218],[4.3404,47.6240],[4.3368,47.6281],[4.3345,47.6293],[4.3281,47.6266],[4.3257,47.6235],[4.3226,47.6236],[4.3195,47.6247],[4.3198,47.6259],[4.3106,47.6305],[4.3103,47.6318],[4.3089,47.6318],[4.3085,47.6340],[4.3072,47.6343],[4.3054,47.6371],[4.2962,47.6393]]}},{"type":"Feature","properties":{"name":"La Brenne"},"geometry":{"type":"LineString","coordinates":[[4.2961,47.6393],[4.2903,47.6391],[4.2821,47.6406],[4.2827,47.6415],[4.2792,47.6411],[4.2760,47.6437]]}},{"type":"Feature","properties":{"name":"La Brenne"},"geometry":{"type":"LineString","coordinates":[[4.2962,47.6393],[4.2961,47.6393]]}},{"type":"Feature","properties":{"name":"Rivière d\u0027Anost"},"geometry":{"type":"LineString","coordinates":[[4.1139,47.0581],[4.1178,47.0590],[4.1216,47.0573],[4.1279,47.0565],[4.1350,47.0532],[4.1400,47.0528],[4.1414,47.0515],[4.1454,47.0519],[4.1535,47.0493],[4.1568,47.0495]]}},{"type":"Feature","properties":{"name":"La Solonge"},"geometry":{"type":"LineString","coordinates":[[4.4549,47.1430],[4.4538,47.1419],[4.4547,47.1404],[4.4543,47.1387]]}},{"type":"Feature","properties":{"name":"La Solonge"},"geometry":{"type":"LineString","coordinates":[[4.4648,47.1514],[4.4631,47.1502],[4.4625,47.1508],[4.4605,47.1501],[4.4603,47.1482],[4.4552,47.1455],[4.4549,47.1430]]}},{"type":"Feature","properties":{"name":"La Solonge"},"geometry":{"type":"LineString","coordinates":[[4.4651,47.1519],[4.4648,47.1514]]}},{"type":"Feature","properties":{"name":"La Solonge"},"geometry":{"type":"LineString","coordinates":[[4.4691,47.1527],[4.4668,47.1516],[4.4651,47.1519]]}},{"type":"Feature","properties":{"name":"La Solonge"},"geometry":{"type":"LineString","coordinates":[[4.4740,47.1586],[4.4717,47.1565],[4.4733,47.1543],[4.4719,47.1532],[4.4721,47.1522],[4.4707,47.1516],[4.4691,47.1519],[4.4691,47.1527]]}},{"type":"Feature","properties":{"name":"La Digeanne"},"geometry":{"type":"LineString","coordinates":[[4.8605,47.6656],[4.8605,47.6659]]}},{"type":"Feature","properties":{"name":"La Digeanne"},"geometry":{"type":"LineString","coordinates":[[4.8605,47.6659],[4.8605,47.6724],[4.8618,47.6744],[4.8613,47.6757],[4.8635,47.6773],[4.8631,47.6792],[4.8644,47.6806],[4.8619,47.6823],[4.8637,47.6851],[4.8679,47.6876],[4.8667,47.6898],[4.8692,47.6938],[4.8674,47.6972],[4.8686,47.6983],[4.8683,47.6998],[4.8664,47.7013],[4.8663,47.7027],[4.8631,47.7041],[4.8578,47.7018],[4.8494,47.7045],[4.8385,47.7044],[4.8358,47.7064],[4.8324,47.7066],[4.8286,47.7081],[4.8271,47.7076],[4.8260,47.7088]]}},{"type":"Feature","properties":{"name":"La Digeanne"},"geometry":{"type":"LineString","coordinates":[[4.8260,47.7088],[4.8208,47.7111],[4.8202,47.7128],[4.8160,47.7159],[4.8147,47.7190],[4.8123,47.7201]]}},{"type":"Feature","properties":{"name":"La Digeanne"},"geometry":{"type":"LineString","coordinates":[[4.8014,47.7661],[4.8026,47.7673],[4.8016,47.7691],[4.7933,47.7761],[4.7927,47.7794],[4.7885,47.7823],[4.7891,47.7855],[4.7850,47.7864],[4.7807,47.7887],[4.7801,47.7898],[4.7809,47.7907],[4.7792,47.7914],[4.7791,47.7930],[4.7798,47.7932],[4.7785,47.7950],[4.7812,47.7978],[4.7811,47.7996],[4.7796,47.7994],[4.7792,47.8002],[4.7804,47.8016],[4.7793,47.8038],[4.7818,47.8094],[4.7808,47.8159]]}},{"type":"Feature","properties":{"name":"La Digeanne"},"geometry":{"type":"LineString","coordinates":[[4.7922,47.7613],[4.7973,47.7620],[4.7974,47.7633],[4.7984,47.7630],[4.8014,47.7661]]}},{"type":"Feature","properties":{"name":"La Digeanne"},"geometry":{"type":"LineString","coordinates":[[4.8122,47.7201],[4.8105,47.7206],[4.8096,47.7222],[4.8104,47.7229],[4.8096,47.7232],[4.8097,47.7248]]}},{"type":"Feature","properties":{"name":"La Digeanne"},"geometry":{"type":"LineString","coordinates":[[4.8097,47.7248],[4.8096,47.7263],[4.8073,47.7279],[4.7929,47.7347],[4.7866,47.7399],[4.7875,47.7426],[4.7891,47.7439],[4.7891,47.7524],[4.7913,47.7545],[4.7898,47.7575],[4.7922,47.7613]]}},{"type":"Feature","properties":{"name":"La Digeanne"},"geometry":{"type":"LineString","coordinates":[[4.8632,47.6614],[4.8615,47.6625],[4.8605,47.6656]]}},{"type":"Feature","properties":{"name":"La Marne"},"geometry":{"type":"LineString","coordinates":[[5.3418,47.8794],[5.3351,47.8839]]}},{"type":"Feature","properties":{"name":"La Marne"},"geometry":{"type":"LineString","coordinates":[[5.3301,47.8884],[5.3271,47.8913],[5.3250,47.8920],[5.3256,47.8923],[5.3248,47.8939],[5.3231,47.8942],[5.3235,47.8982],[5.3212,47.9008],[5.3171,47.9009],[5.3151,47.8997],[5.3153,47.9006],[5.3134,47.9008],[5.3145,47.9014],[5.3134,47.9024],[5.3061,47.9019],[5.3038,47.9041],[5.3050,47.9059],[5.3039,47.9061],[5.3042,47.9069],[5.2995,47.9075],[5.2995,47.9085],[5.2961,47.9101],[5.2964,47.9110],[5.2934,47.9132],[5.2925,47.9156],[5.2936,47.9177],[5.2948,47.9179],[5.2939,47.9183],[5.2956,47.9192],[5.2950,47.9195],[5.2958,47.9200],[5.2955,47.9208],[5.2986,47.9248],[5.2972,47.9277],[5.2970,47.9331],[5.2919,47.9403],[5.2922,47.9416],[5.2944,47.9426],[5.2894,47.9457],[5.2860,47.9516],[5.2808,47.9572],[5.2789,47.9624],[5.2771,47.9622],[5.2763,47.9629],[5.2772,47.9633],[5.2767,47.9645],[5.2734,47.9662],[5.2753,47.9687],[5.2735,47.9691],[5.2742,47.9705],[5.2725,47.9717],[5.2735,47.9720],[5.2717,47.9787],[5.2723,47.9797],[5.2706,47.9827],[5.2679,47.9834],[5.2678,47.9855],[5.2663,47.9863],[5.2652,47.9892],[5.2657,47.9948],[5.2668,47.9957],[5.2650,47.9966],[5.2659,47.9977],[5.2623,47.9994],[5.2573,48.0041],[5.2531,48.0048],[5.2513,48.0062],[5.2473,48.0152],[5.2480,48.0176],[5.2507,48.0191],[5.2504,48.0206],[5.2441,48.0212],[5.2385,48.0192],[5.2351,48.0212],[5.2358,48.0246],[5.2424,48.0260],[5.2427,48.0275],[5.2408,48.0303],[5.2441,48.0331],[5.2440,48.0346],[5.2390,48.0365],[5.2339,48.0399],[5.2171,48.0391],[5.2137,48.0415],[5.2146,48.0453],[5.2128,48.0471],[5.2086,48.0476],[5.2050,48.0448],[5.2020,48.0441],[5.1958,48.0459],[5.1934,48.0484],[5.1907,48.0485],[5.1872,48.0506],[5.1840,48.0504],[5.1823,48.0514],[5.1805,48.0541],[5.1811,48.0562],[5.1829,48.0578],[5.1831,48.0611],[5.1821,48.0621]]}},{"type":"Feature","properties":{"name":"La Marne"},"geometry":{"type":"LineString","coordinates":[[5.3665,47.8667],[5.3605,47.8711],[5.3512,47.8743],[5.3445,47.8790]]}},{"type":"Feature","properties":{"name":"La Marne"},"geometry":{"type":"LineString","coordinates":[[5.3346,47.8841],[5.3301,47.8884]]}},{"type":"Feature","properties":{"name":"La Marne"},"geometry":{"type":"LineString","coordinates":[[5.3351,47.8839],[5.3346,47.8841]]}},{"type":"Feature","properties":{"name":"La Marne"},"geometry":{"type":"LineString","coordinates":[[5.3445,47.8790],[5.3418,47.8794]]}},{"type":"Feature","properties":{"name":"La Celle"},"geometry":{"type":"LineString","coordinates":[[4.2291,46.9577],[4.2315,46.9565],[4.2303,46.9540],[4.2324,46.9520],[4.2311,46.9503],[4.2321,46.9492],[4.2299,46.9484],[4.2308,46.9464],[4.2343,46.9463],[4.2373,46.9432],[4.2402,46.9419]]}},{"type":"Feature","properties":{"name":"La Celle"},"geometry":{"type":"LineString","coordinates":[[4.2240,46.9641],[4.2259,46.9645],[4.2281,46.9624],[4.2294,46.9597],[4.2291,46.9577]]}},{"type":"Feature","properties":{"name":"La Celle"},"geometry":{"type":"LineString","coordinates":[[4.1940,47.0113],[4.1965,47.0088],[4.1968,47.0049],[4.2026,46.9951],[4.2020,46.9932],[4.2038,46.9914],[4.2059,46.9916],[4.2073,46.9901],[4.2059,46.9894],[4.2069,46.9848],[4.2063,46.9825],[4.2084,46.9815],[4.2101,46.9781],[4.2098,46.9751],[4.2136,46.9747],[4.2219,46.9692],[4.2237,46.9666],[4.2231,46.9649],[4.2240,46.9641]]}},{"type":"Feature","properties":{"name":"L\u0027Ouche"},"geometry":{"type":"LineString","coordinates":[[5.0073,47.3242],[5.0074,47.3227],[5.0107,47.3212],[5.0127,47.3183],[5.0169,47.3181],[5.0196,47.3191],[5.0243,47.3185],[5.0295,47.3154]]}},{"type":"Feature","properties":{"name":"L\u0027Ouche"},"geometry":{"type":"LineString","coordinates":[[5.0569,47.2880],[5.0625,47.2852],[5.0671,47.2848],[5.0710,47.2828]]}},{"type":"Feature","properties":{"name":"L\u0027Ouche"},"geometry":{"type":"LineString","coordinates":[[4.9808,47.3322],[4.9861,47.3283],[4.9885,47.3279],[4.9898,47.3290],[4.9927,47.3291],[5.0028,47.3268],[5.0073,47.3242]]}},{"type":"Feature","properties":{"name":"L\u0027Ouche"},"geometry":{"type":"LineString","coordinates":[[4.7136,47.1780],[4.7115,47.1784],[4.7111,47.1799],[4.7160,47.1844]]}},{"type":"Feature","properties":{"name":"L\u0027Ouche"},"geometry":{"type":"LineString","coordinates":[[4.7018,47.1681],[4.7044,47.1669],[4.7097,47.1672],[4.7134,47.1711],[4.7126,47.1715],[4.7132,47.1724],[4.7159,47.1742],[4.7161,47.1758],[4.7125,47.1793],[4.7172,47.1845],[4.7175,47.1872],[4.7165,47.1886],[4.7139,47.1896],[4.7181,47.1929],[4.7188,47.1944],[4.7179,47.1963],[4.7194,47.1984],[4.7245,47.2005],[4.7250,47.2016],[4.7242,47.2035],[4.7280,47.2073],[4.7275,47.2103],[4.7230,47.2105],[4.7224,47.2094],[4.7209,47.2100],[4.7198,47.2118],[4.7200,47.2131],[4.7246,47.2141],[4.7276,47.2162],[4.7280,47.2178],[4.7269,47.2187],[4.7283,47.2190],[4.7271,47.2208]]}},{"type":"Feature","properties":{"name":"L\u0027Ouche"},"geometry":{"type":"LineString","coordinates":[[5.1147,47.2701],[5.1205,47.2621],[5.1218,47.2582],[5.1260,47.2584],[5.1305,47.2565],[5.1334,47.2567],[5.1400,47.2529],[5.1433,47.2530],[5.1457,47.2516],[5.1495,47.2539],[5.1555,47.2543],[5.1600,47.2527],[5.1637,47.2528],[5.1726,47.2490],[5.1786,47.2491],[5.1826,47.2454],[5.1898,47.2426],[5.1988,47.2363],[5.2014,47.2268],[5.2033,47.2248],[5.2029,47.2233],[5.2064,47.2214],[5.2120,47.2154],[5.2188,47.2122],[5.2227,47.2093],[5.2250,47.2059],[5.2344,47.2025],[5.2395,47.1976],[5.2459,47.1858],[5.2550,47.1797],[5.2608,47.1781],[5.2643,47.1744],[5.2677,47.1685],[5.2706,47.1669],[5.2713,47.1655],[5.2784,47.1637],[5.2784,47.1612],[5.2770,47.1584],[5.2795,47.1544],[5.2777,47.1506],[5.2778,47.1472],[5.2757,47.1369],[5.2740,47.1336],[5.2753,47.1298],[5.2769,47.1283],[5.2766,47.1274],[5.2805,47.1236],[5.2823,47.1187],[5.2828,47.1161],[5.2799,47.1137],[5.2809,47.1102],[5.2836,47.1094],[5.2874,47.1062],[5.2853,47.1029]]}},{"type":"Feature","properties":{"name":"L\u0027Ouche"},"geometry":{"type":"LineString","coordinates":[[4.6663,47.1094],[4.6649,47.1110],[4.6686,47.1144],[4.6678,47.1161],[4.6688,47.1166],[4.6692,47.1208],[4.6708,47.1231],[4.6791,47.1294],[4.6839,47.1358],[4.6846,47.1354],[4.6872,47.1374],[4.6891,47.1422],[4.6943,47.1440],[4.6934,47.1492],[4.6946,47.1511],[4.6964,47.1518],[4.6971,47.1539],[4.6948,47.1571],[4.6962,47.1605],[4.6947,47.1614],[4.6960,47.1626],[4.6965,47.1649],[4.7018,47.1681]]}},{"type":"Feature","properties":{"name":"L\u0027Ouche"},"geometry":{"type":"LineString","coordinates":[[4.8413,47.3076],[4.8462,47.3107],[4.8589,47.3149],[4.8653,47.3137],[4.8691,47.3106],[4.8742,47.3105],[4.8777,47.3126],[4.8831,47.3126],[4.8948,47.3163],[4.8979,47.3166],[4.8989,47.3157],[4.9044,47.3155],[4.9090,47.3175],[4.9088,47.3204],[4.9102,47.3201],[4.9138,47.3224],[4.9175,47.3227],[4.9198,47.3200],[4.9312,47.3222],[4.9337,47.3276],[4.9370,47.3282],[4.9362,47.3299],[4.9379,47.3318],[4.9422,47.3326],[4.9405,47.3328],[4.9406,47.3336],[4.9429,47.3353],[4.9484,47.3343],[4.9562,47.3389],[4.9679,47.3389],[4.9808,47.3322]]}},{"type":"Feature","properties":{"name":"L\u0027Ouche"},"geometry":{"type":"LineString","coordinates":[[4.8011,47.2876],[4.8024,47.2904],[4.8023,47.2922],[4.8051,47.2927],[4.8080,47.2918],[4.8103,47.2894],[4.8128,47.2894],[4.8150,47.2910],[4.8156,47.2917],[4.8129,47.2974],[4.8163,47.3008],[4.8197,47.3023],[4.8213,47.3015],[4.8218,47.3026],[4.8228,47.3020],[4.8274,47.3030],[4.8280,47.3035],[4.8271,47.3045],[4.8289,47.3043],[4.8319,47.3061],[4.8367,47.3059],[4.8413,47.3076]]}},{"type":"Feature","properties":{"name":"L\u0027Ouche"},"geometry":{"type":"LineString","coordinates":[[4.7458,47.2349],[4.7509,47.2391],[4.7557,47.2410],[4.7561,47.2433],[4.7547,47.2446],[4.7556,47.2461],[4.7550,47.2472],[4.7569,47.2495],[4.7620,47.2520],[4.7612,47.2568],[4.7625,47.2603],[4.7717,47.2632],[4.7738,47.2650],[4.7765,47.2649],[4.7794,47.2662],[4.7808,47.2700],[4.7798,47.2715]]}},{"type":"Feature","properties":{"name":"L\u0027Ouche"},"geometry":{"type":"LineString","coordinates":[[4.7881,47.2808],[4.7859,47.2849],[4.7874,47.2869],[4.7930,47.2876],[4.7971,47.2856]]}},{"type":"Feature","properties":{"name":"L\u0027Ouche"},"geometry":{"type":"LineString","coordinates":[[4.7971,47.2856],[4.7999,47.2856],[4.8011,47.2876]]}},{"type":"Feature","properties":{"name":"L\u0027Ouche"},"geometry":{"type":"LineString","coordinates":[[4.7798,47.2715],[4.7779,47.2740],[4.7784,47.2765],[4.7817,47.2786],[4.7872,47.2797],[4.7881,47.2808]]}},{"type":"Feature","properties":{"name":"L\u0027Ouche"},"geometry":{"type":"LineString","coordinates":[[4.7973,47.2855],[4.7982,47.2859],[4.7983,47.2851]]}},{"type":"Feature","properties":{"name":"L\u0027Ouche"},"geometry":{"type":"LineString","coordinates":[[4.7970,47.2856],[4.7974,47.2851]]}},{"type":"Feature","properties":{"name":"L\u0027Ouche"},"geometry":{"type":"LineString","coordinates":[[4.7971,47.2856],[4.7986,47.2851]]}},{"type":"Feature","properties":{"name":"L\u0027Ouche"},"geometry":{"type":"LineString","coordinates":[[5.0553,47.2869],[5.0560,47.2869]]}},{"type":"Feature","properties":{"name":"L\u0027Ouche"},"geometry":{"type":"LineString","coordinates":[[5.0295,47.3154],[5.0296,47.3149]]}},{"type":"Feature","properties":{"name":"L\u0027Ouche"},"geometry":{"type":"LineString","coordinates":[[5.0296,47.3149],[5.0295,47.3105],[5.0362,47.3096],[5.0358,47.3047],[5.0364,47.3027],[5.0383,47.3011],[5.0385,47.2991],[5.0468,47.2951],[5.0472,47.2938],[5.0456,47.2922],[5.0490,47.2917]]}},{"type":"Feature","properties":{"name":"L\u0027Ouche"},"geometry":{"type":"LineString","coordinates":[[5.0527,47.2897],[5.0528,47.2893]]}},{"type":"Feature","properties":{"name":"L\u0027Ouche"},"geometry":{"type":"LineString","coordinates":[[5.0528,47.2893],[5.0541,47.2872],[5.0553,47.2869]]}},{"type":"Feature","properties":{"name":"L\u0027Ouche"},"geometry":{"type":"LineString","coordinates":[[4.7160,47.1844],[4.7170,47.1862]]}},{"type":"Feature","properties":{"name":"L\u0027Ouche"},"geometry":{"type":"LineString","coordinates":[[4.7434,47.2338],[4.7440,47.2342]]}},{"type":"Feature","properties":{"name":"L\u0027Ouche"},"geometry":{"type":"LineString","coordinates":[[5.2799,47.1216],[5.2817,47.1189],[5.2818,47.1166]]}},{"type":"Feature","properties":{"name":"L\u0027Ouche"},"geometry":{"type":"LineString","coordinates":[[5.2798,47.1217],[5.2799,47.1216]]}},{"type":"Feature","properties":{"name":"L\u0027Ouche"},"geometry":{"type":"LineString","coordinates":[[5.2818,47.1166],[5.2816,47.1165]]}},{"type":"Feature","properties":{"name":"L\u0027Ouche"},"geometry":{"type":"LineString","coordinates":[[5.2766,47.1276],[5.2780,47.1237],[5.2798,47.1217]]}},{"type":"Feature","properties":{"name":"L\u0027Ouche"},"geometry":{"type":"LineString","coordinates":[[5.2816,47.1165],[5.2809,47.1145]]}},{"type":"Feature","properties":{"name":"L\u0027Ouche"},"geometry":{"type":"LineString","coordinates":[[5.2769,47.1281],[5.2768,47.1272]]}},{"type":"Feature","properties":{"name":"L\u0027Ouche"},"geometry":{"type":"LineString","coordinates":[[4.7154,47.1886],[4.7143,47.1880],[4.7140,47.1896]]}},{"type":"Feature","properties":{"name":"L\u0027Ouche"},"geometry":{"type":"LineString","coordinates":[[5.0710,47.2828],[5.0753,47.2819],[5.0778,47.2826],[5.0794,47.2837],[5.0791,47.2862],[5.0800,47.2869],[5.0834,47.2865],[5.0869,47.2833],[5.0953,47.2850],[5.0975,47.2839],[5.0986,47.2816],[5.1139,47.2721],[5.1147,47.2701]]}},{"type":"Feature","properties":{"name":"L\u0027Ouche"},"geometry":{"type":"LineString","coordinates":[[5.0560,47.2869],[5.0594,47.2861],[5.0625,47.2838]]}},{"type":"Feature","properties":{"name":"L\u0027Ouche"},"geometry":{"type":"LineString","coordinates":[[5.0631,47.2838],[5.0710,47.2828]]}},{"type":"Feature","properties":{"name":"L\u0027Ouche"},"geometry":{"type":"LineString","coordinates":[[4.9702,47.3378],[4.9713,47.3373]]}},{"type":"Feature","properties":{"name":"L\u0027Ouche"},"geometry":{"type":"LineString","coordinates":[[5.0490,47.2917],[5.0527,47.2897]]}},{"type":"Feature","properties":{"name":"L\u0027Ouche"},"geometry":{"type":"LineString","coordinates":[[4.6775,47.0789],[4.6766,47.0801],[4.6740,47.0800],[4.6731,47.0812],[4.6738,47.0827],[4.6727,47.0901],[4.6740,47.0931],[4.6716,47.0983],[4.6717,47.1009],[4.6678,47.1057]]}},{"type":"Feature","properties":{"name":"L\u0027Ouche"},"geometry":{"type":"LineString","coordinates":[[4.6666,47.1089],[4.6653,47.1105]]}},{"type":"Feature","properties":{"name":"L\u0027Ouche"},"geometry":{"type":"LineString","coordinates":[[4.6734,47.0939],[4.6730,47.0943]]}},{"type":"Feature","properties":{"name":"L\u0027Ouche"},"geometry":{"type":"LineString","coordinates":[[4.6717,47.1002],[4.6717,47.1002]]}},{"type":"Feature","properties":{"name":"L\u0027Ouche"},"geometry":{"type":"LineString","coordinates":[[4.6718,47.1000],[4.6717,47.1002]]}},{"type":"Feature","properties":{"name":"L\u0027Ouche"},"geometry":{"type":"LineString","coordinates":[[4.6717,47.0999],[4.6718,47.1000]]}},{"type":"Feature","properties":{"name":"L\u0027Ouche"},"geometry":{"type":"LineString","coordinates":[[4.6717,47.0997],[4.6717,47.0999]]}},{"type":"Feature","properties":{"name":"L\u0027Ouche"},"geometry":{"type":"LineString","coordinates":[[4.6717,47.1002],[4.6717,47.1006]]}},{"type":"Feature","properties":{"name":"L\u0027Ouche"},"geometry":{"type":"LineString","coordinates":[[5.0490,47.2917],[5.0512,47.2920],[5.0565,47.2881]]}},{"type":"Feature","properties":{"name":"L\u0027Ouche"},"geometry":{"type":"LineString","coordinates":[[5.0565,47.2881],[5.0569,47.2880]]}},{"type":"Feature","properties":{"name":"L\u0027Ouche"},"geometry":{"type":"LineString","coordinates":[[4.6675,47.1059],[4.6676,47.1065]]}},{"type":"Feature","properties":{"name":"L\u0027Ouche"},"geometry":{"type":"LineString","coordinates":[[4.6678,47.1057],[4.6675,47.1059]]}},{"type":"Feature","properties":{"name":"L\u0027Ouche"},"geometry":{"type":"LineString","coordinates":[[4.6665,47.1092],[4.6663,47.1094]]}},{"type":"Feature","properties":{"name":"L\u0027Ouche"},"geometry":{"type":"LineString","coordinates":[[4.6676,47.1065],[4.6665,47.1092]]}},{"type":"Feature","properties":{"name":"L\u0027Ouche"},"geometry":{"type":"LineString","coordinates":[[4.6770,47.0799],[4.6766,47.0801]]}},{"type":"Feature","properties":{"name":"L\u0027Ouche"},"geometry":{"type":"LineString","coordinates":[[4.7271,47.2208],[4.7281,47.2204],[4.7283,47.2223],[4.7302,47.2228],[4.7307,47.2245],[4.7317,47.2250],[4.7313,47.2256],[4.7326,47.2258],[4.7319,47.2266],[4.7342,47.2283],[4.7343,47.2297],[4.7362,47.2307],[4.7375,47.2303],[4.7401,47.2327],[4.7458,47.2349]]}},{"type":"Feature","properties":{"name":"L\u0027Ouche"},"geometry":{"type":"LineString","coordinates":[[4.7271,47.2208],[4.7283,47.2220]]}},{"type":"Feature","properties":{"name":"La Lauve"},"geometry":{"type":"LineString","coordinates":[[4.9134,47.0192],[4.9161,47.0121],[4.9272,47.0073],[4.9345,47.0020]]}},{"type":"Feature","properties":{"name":"La Lauve"},"geometry":{"type":"LineString","coordinates":[[4.9345,47.0020],[4.9391,46.9981]]}},{"type":"Feature","properties":{"name":"Bief de Nacey"},"geometry":{"type":"LineString","coordinates":[[5.4780,47.2561],[5.4724,47.2550],[5.4581,47.2577],[5.4538,47.2453],[5.4485,47.2411],[5.4415,47.2413],[5.4372,47.2389],[5.4351,47.2387],[5.4269,47.2412],[5.4228,47.2412]]}},{"type":"Feature","properties":{"name":"La Flacière"},"geometry":{"type":"LineString","coordinates":[[5.1490,47.4230],[5.1385,47.4145],[5.1396,47.4096],[5.1429,47.4070],[5.1448,47.4014]]}},{"type":"Feature","properties":{"name":"La Flacière"},"geometry":{"type":"LineString","coordinates":[[5.1450,47.4302],[5.1475,47.4282],[5.1490,47.4230]]}},{"type":"Feature","properties":{"name":"La Drée"},"geometry":{"type":"LineString","coordinates":[[4.4849,47.0092],[4.4842,47.0099],[4.4850,47.0116],[4.4821,47.0111],[4.4815,47.0117],[4.4824,47.0124],[4.4758,47.0139],[4.4739,47.0128],[4.4686,47.0134],[4.4691,47.0146],[4.4673,47.0140],[4.4624,47.0165],[4.4612,47.0147],[4.4596,47.0150],[4.4577,47.0127],[4.4519,47.0159],[4.4483,47.0151],[4.4424,47.0151],[4.4403,47.0164],[4.4397,47.0158],[4.4358,47.0189],[4.4321,47.0188],[4.4299,47.0212],[4.4191,47.0193],[4.4063,47.0222],[4.4058,47.0219],[4.4064,47.0211],[4.4038,47.0198],[4.4017,47.0202],[4.4017,47.0211],[4.4002,47.0208],[4.4006,47.0221],[4.3994,47.0232],[4.3937,47.0241],[4.3933,47.0233],[4.3915,47.0240],[4.3876,47.0229],[4.3840,47.0202],[4.3808,47.0197],[4.3777,47.0206],[4.3754,47.0191],[4.3725,47.0202],[4.3670,47.0172],[4.3647,47.0185],[4.3627,47.0162],[4.3555,47.0162],[4.3534,47.0141],[4.3492,47.0142],[4.3488,47.0149],[4.3469,47.0139],[4.3476,47.0131],[4.3457,47.0129],[4.3466,47.0120],[4.3431,47.0110],[4.3415,47.0092],[4.3366,47.0091],[4.3371,47.0081],[4.3356,47.0083],[4.3358,47.0068],[4.3349,47.0070],[4.3352,47.0081],[4.3332,47.0082],[4.3284,47.0034],[4.3261,47.0027]]}},{"type":"Feature","properties":{"name":"La Drée"},"geometry":{"type":"LineString","coordinates":[[4.4916,46.9673],[4.4941,46.9693],[4.4920,46.9707],[4.4936,46.9708],[4.4924,46.9723]]}},{"type":"Feature","properties":{"name":"La Drée"},"geometry":{"type":"LineString","coordinates":[[4.4924,46.9723],[4.4971,46.9729],[4.4995,46.9748],[4.5004,46.9772],[4.4991,46.9784],[4.4993,46.9807],[4.5039,46.9828],[4.5054,46.9857],[4.5108,46.9893],[4.5077,46.9916],[4.5061,46.9910],[4.5012,46.9938],[4.4985,46.9936],[4.4971,46.9951],[4.4922,46.9934],[4.4884,46.9948],[4.4892,46.9954],[4.4881,46.9972],[4.4891,46.9976],[4.4873,46.9978],[4.4880,46.9992],[4.4868,46.9985],[4.4838,47.0003],[4.4816,47.0004],[4.4831,47.0016],[4.4827,47.0022],[4.4837,47.0021],[4.4830,47.0030],[4.4849,47.0030],[4.4837,47.0054],[4.4849,47.0092]]}},{"type":"Feature","properties":{"name":"La Drée"},"geometry":{"type":"LineString","coordinates":[[4.4653,47.0152],[4.4645,47.0154]]}},{"type":"Feature","properties":{"name":"La Drée"},"geometry":{"type":"LineString","coordinates":[[4.4916,46.9673],[4.4890,46.9703],[4.4924,46.9723]]}},{"type":"Feature","properties":{"name":"La Drée"},"geometry":{"type":"LineString","coordinates":[[4.4852,46.9557],[4.4870,46.9586],[4.4875,46.9625],[4.4916,46.9673]]}},{"type":"Feature","properties":{"name":"L\u0027Ozerain"},"geometry":{"type":"LineString","coordinates":[[4.6437,47.3319],[4.6471,47.3341],[4.6483,47.3374],[4.6505,47.3399]]}},{"type":"Feature","properties":{"name":"L\u0027Ozerain"},"geometry":{"type":"LineString","coordinates":[[4.5270,47.5241],[4.5256,47.5241],[4.5252,47.5254],[4.5184,47.5290],[4.5145,47.5294],[4.5073,47.5283],[4.5055,47.5293],[4.5016,47.5289],[4.4984,47.5305],[4.4937,47.5301],[4.4891,47.5314]]}},{"type":"Feature","properties":{"name":"L\u0027Ozerain"},"geometry":{"type":"LineString","coordinates":[[4.6009,47.4524],[4.6002,47.4533],[4.6010,47.4545],[4.5994,47.4565],[4.6010,47.4580],[4.5991,47.4602],[4.5951,47.4612],[4.5965,47.4621],[4.5949,47.4628],[4.5947,47.4647],[4.5921,47.4661],[4.5919,47.4691],[4.5892,47.4724],[4.5896,47.4729],[4.5887,47.4728],[4.5895,47.4740],[4.5885,47.4741],[4.5891,47.4746],[4.5880,47.4754],[4.5882,47.4773],[4.5845,47.4792],[4.5855,47.4796],[4.5839,47.4806],[4.5849,47.4813],[4.5840,47.4820],[4.5846,47.4820],[4.5815,47.4832],[4.5809,47.4850],[4.5819,47.4857],[4.5798,47.4860],[4.5805,47.4887],[4.5769,47.4910],[4.5774,47.4918],[4.5754,47.4930],[4.5742,47.4965],[4.5702,47.4987],[4.5699,47.5003],[4.5689,47.5003],[4.5689,47.5015],[4.5678,47.5020],[4.5688,47.5027],[4.5671,47.5027],[4.5658,47.5043],[4.5625,47.5051],[4.5599,47.5071],[4.5554,47.5085],[4.5525,47.5084],[4.5481,47.5107],[4.5480,47.5115],[4.5446,47.5118],[4.5433,47.5133],[4.5397,47.5139],[4.5386,47.5163],[4.5358,47.5185],[4.5345,47.5184],[4.5352,47.5188],[4.5343,47.5203],[4.5318,47.5213],[4.5313,47.5229],[4.5279,47.5231],[4.5270,47.5241]]}},{"type":"Feature","properties":{"name":"L\u0027Ozerain"},"geometry":{"type":"LineString","coordinates":[[4.6541,47.3771],[4.6550,47.3788],[4.6541,47.3810],[4.6550,47.3835],[4.6545,47.3844],[4.6555,47.3851],[4.6543,47.3856],[4.6557,47.3860],[4.6550,47.3864],[4.6560,47.3874],[4.6548,47.3880],[4.6554,47.3889],[4.6511,47.3963],[4.6524,47.3985],[4.6510,47.4021],[4.6497,47.4031],[4.6495,47.4087],[4.6413,47.4150],[4.6385,47.4149],[4.6386,47.4161],[4.6343,47.4192],[4.6330,47.4189],[4.6309,47.4215],[4.6219,47.4253],[4.6227,47.4272],[4.6206,47.4278],[4.6218,47.4292],[4.6202,47.4297],[4.6200,47.4315],[4.6176,47.4320],[4.6181,47.4341],[4.6167,47.4340],[4.6149,47.4361],[4.6152,47.4370],[4.6133,47.4369],[4.6131,47.4379],[4.6112,47.4386],[4.6111,47.4424],[4.6077,47.4428],[4.6044,47.4471],[4.6026,47.4484],[4.6008,47.4481],[4.6001,47.4511],[4.6009,47.4524]]}},{"type":"Feature","properties":{"name":"L\u0027Ozerain"},"geometry":{"type":"LineString","coordinates":[[4.6504,47.3400],[4.6495,47.3428],[4.6523,47.3465],[4.6505,47.3486],[4.6481,47.3547]]}},{"type":"Feature","properties":{"name":"L\u0027Ozerain"},"geometry":{"type":"LineString","coordinates":[[4.6505,47.3399],[4.6504,47.3400]]}},{"type":"Feature","properties":{"name":"L\u0027Ozerain"},"geometry":{"type":"LineString","coordinates":[[4.6481,47.3547],[4.6472,47.3571],[4.6485,47.3598],[4.6483,47.3639],[4.6493,47.3643],[4.6488,47.3647],[4.6508,47.3680],[4.6493,47.3689],[4.6508,47.3699],[4.6500,47.3709],[4.6518,47.3718],[4.6513,47.3726],[4.6524,47.3728],[4.6521,47.3736],[4.6536,47.3745],[4.6541,47.3771]]}},{"type":"Feature","properties":{"name":"L\u0027Ozerain"},"geometry":{"type":"LineString","coordinates":[[4.4890,47.5315],[4.4851,47.5307],[4.4770,47.5319],[4.4740,47.5308],[4.4656,47.5303],[4.4572,47.5319]]}},{"type":"Feature","properties":{"name":"L\u0027Ozerain"},"geometry":{"type":"LineString","coordinates":[[4.4891,47.5314],[4.4890,47.5315]]}},{"type":"Feature","properties":{"name":"La Bèze"},"geometry":{"type":"LineString","coordinates":[[5.3160,47.4237],[5.3163,47.4224]]}},{"type":"Feature","properties":{"name":"La Bèze"},"geometry":{"type":"LineString","coordinates":[[5.3290,47.3776],[5.3294,47.3747],[5.3316,47.3731],[5.3311,47.3707],[5.3339,47.3692],[5.3351,47.3668],[5.3379,47.3663],[5.3386,47.3629],[5.3404,47.3614]]}},{"type":"Feature","properties":{"name":"La Bèze"},"geometry":{"type":"LineString","coordinates":[[5.3797,47.3203],[5.3787,47.3190],[5.3785,47.3153],[5.3807,47.3111]]}},{"type":"Feature","properties":{"name":"La Bèze"},"geometry":{"type":"LineString","coordinates":[[5.3745,47.3322],[5.3746,47.3309],[5.3775,47.3302],[5.3787,47.3289],[5.3777,47.3274],[5.3786,47.3251],[5.3830,47.3228],[5.3815,47.3205],[5.3797,47.3203]]}},{"type":"Feature","properties":{"name":"La Bèze"},"geometry":{"type":"LineString","coordinates":[[5.3860,47.3025],[5.3910,47.2997]]}},{"type":"Feature","properties":{"name":"La Bèze"},"geometry":{"type":"LineString","coordinates":[[5.3807,47.3111],[5.3833,47.3103],[5.3860,47.3025]]}},{"type":"Feature","properties":{"name":"La Bèze"},"geometry":{"type":"LineString","coordinates":[[5.2706,47.4707],[5.2687,47.4699],[5.2694,47.4681],[5.2733,47.4671],[5.2751,47.4650]]}},{"type":"Feature","properties":{"name":"La Bèze"},"geometry":{"type":"LineString","coordinates":[[5.2751,47.4650],[5.2752,47.4648]]}},{"type":"Feature","properties":{"name":"La Bèze"},"geometry":{"type":"LineString","coordinates":[[5.2752,47.4648],[5.2789,47.4535],[5.2876,47.4513]]}},{"type":"Feature","properties":{"name":"La Bèze"},"geometry":{"type":"LineString","coordinates":[[5.2876,47.4513],[5.2888,47.4509],[5.2910,47.4470],[5.2960,47.4443],[5.2961,47.4431],[5.2949,47.4423],[5.2960,47.4409],[5.2948,47.4372],[5.2978,47.4358],[5.3048,47.4369],[5.3051,47.4357],[5.3039,47.4335],[5.3061,47.4301]]}},{"type":"Feature","properties":{"name":"La Bèze"},"geometry":{"type":"LineString","coordinates":[[5.3030,47.4368],[5.3051,47.4363]]}},{"type":"Feature","properties":{"name":"La Bèze"},"geometry":{"type":"LineString","coordinates":[[5.3914,47.2993],[5.3925,47.2995]]}},{"type":"Feature","properties":{"name":"La Bèze"},"geometry":{"type":"LineString","coordinates":[[5.3607,47.3364],[5.3608,47.3363]]}},{"type":"Feature","properties":{"name":"La Bèze"},"geometry":{"type":"LineString","coordinates":[[5.3608,47.3363],[5.3745,47.3322]]}},{"type":"Feature","properties":{"name":"La Bèze"},"geometry":{"type":"LineString","coordinates":[[5.3163,47.4224],[5.3187,47.4205],[5.3209,47.4203],[5.3201,47.4170],[5.3215,47.4131],[5.3214,47.4119],[5.3175,47.4103],[5.3187,47.4083],[5.3170,47.4081],[5.3164,47.4070],[5.3176,47.4068],[5.3179,47.4006],[5.3193,47.3996],[5.3169,47.3968]]}},{"type":"Feature","properties":{"name":"La Bèze"},"geometry":{"type":"LineString","coordinates":[[5.3987,47.2878],[5.3982,47.2870]]}},{"type":"Feature","properties":{"name":"La Bèze"},"geometry":{"type":"LineString","coordinates":[[5.3982,47.2870],[5.3975,47.2857]]}},{"type":"Feature","properties":{"name":"La Bèze"},"geometry":{"type":"LineString","coordinates":[[5.3994,47.2885],[5.3987,47.2878]]}},{"type":"Feature","properties":{"name":"La Bèze"},"geometry":{"type":"LineString","coordinates":[[5.3404,47.3614],[5.3402,47.3597],[5.3414,47.3564],[5.3484,47.3525]]}},{"type":"Feature","properties":{"name":"La Bèze"},"geometry":{"type":"LineString","coordinates":[[5.3910,47.2997],[5.3993,47.2947],[5.4011,47.2925],[5.4002,47.2891]]}},{"type":"Feature","properties":{"name":"La Bèze"},"geometry":{"type":"LineString","coordinates":[[5.3061,47.4301],[5.3073,47.4286],[5.3063,47.4273],[5.3068,47.4264],[5.3099,47.4261],[5.3100,47.4252],[5.3117,47.4263],[5.3144,47.4260],[5.3142,47.4247],[5.3160,47.4237]]}},{"type":"Feature","properties":{"name":"La Bèze"},"geometry":{"type":"LineString","coordinates":[[5.3925,47.2995],[5.3989,47.2982],[5.4012,47.2956],[5.4040,47.2908],[5.4000,47.2890]]}},{"type":"Feature","properties":{"name":"La Bèze"},"geometry":{"type":"LineString","coordinates":[[5.3283,47.3799],[5.3290,47.3776]]}},{"type":"Feature","properties":{"name":"La Bèze"},"geometry":{"type":"LineString","coordinates":[[5.3484,47.3525],[5.3488,47.3484],[5.3526,47.3463],[5.3546,47.3437],[5.3545,47.3419],[5.3591,47.3378],[5.3592,47.3368],[5.3607,47.3364]]}},{"type":"Feature","properties":{"name":"La Bèze"},"geometry":{"type":"LineString","coordinates":[[5.3975,47.2857],[5.3977,47.2844],[5.3966,47.2844],[5.3974,47.2836],[5.3969,47.2820],[5.3953,47.2815],[5.3956,47.2805],[5.3939,47.2795],[5.3958,47.2784],[5.3937,47.2776],[5.3930,47.2761]]}},{"type":"Feature","properties":{"name":"La Bèze"},"geometry":{"type":"LineString","coordinates":[[5.4000,47.2890],[5.3994,47.2885]]}},{"type":"Feature","properties":{"name":"La Bèze"},"geometry":{"type":"LineString","coordinates":[[5.2778,47.4573],[5.2781,47.4562]]}},{"type":"Feature","properties":{"name":"La Bèze"},"geometry":{"type":"LineString","coordinates":[[5.2749,47.4655],[5.2755,47.4637]]}},{"type":"Feature","properties":{"name":"La Bèze"},"geometry":{"type":"LineString","coordinates":[[5.3169,47.3968],[5.3169,47.3966]]}},{"type":"Feature","properties":{"name":"La Bèze"},"geometry":{"type":"LineString","coordinates":[[5.3169,47.3966],[5.3163,47.3951],[5.3195,47.3952],[5.3216,47.3929],[5.3267,47.3904],[5.3254,47.3880],[5.3258,47.3869],[5.3314,47.3862],[5.3304,47.3845],[5.3277,47.3851],[5.3261,47.3834],[5.3283,47.3799]]}},{"type":"Feature","properties":{"name":"La Bèze"},"geometry":{"type":"LineString","coordinates":[[5.3183,47.3989],[5.3180,47.3985]]}},{"type":"Feature","properties":{"name":"La Bèze"},"geometry":{"type":"LineString","coordinates":[[5.3185,47.3989],[5.3183,47.3989]]}},{"type":"Feature","properties":{"name":"La Bèze"},"geometry":{"type":"LineString","coordinates":[[5.3180,47.3985],[5.3172,47.3977]]}},{"type":"Feature","properties":{"name":"Le Crosne"},"geometry":{"type":"LineString","coordinates":[[5.2517,47.2257],[5.2516,47.2249]]}},{"type":"Feature","properties":{"name":"Le Crosne"},"geometry":{"type":"LineString","coordinates":[[5.2447,47.2452],[5.2446,47.2450]]}},{"type":"Feature","properties":{"name":"Le Crosne"},"geometry":{"type":"LineString","coordinates":[[5.2446,47.2450],[5.2441,47.2441]]}},{"type":"Feature","properties":{"name":"Le Crosne"},"geometry":{"type":"LineString","coordinates":[[5.2506,47.2173],[5.2516,47.2114],[5.2530,47.2098],[5.2499,47.2066]]}},{"type":"Feature","properties":{"name":"Le Crosne"},"geometry":{"type":"LineString","coordinates":[[5.2441,47.2441],[5.2458,47.2352],[5.2492,47.2323],[5.2519,47.2271],[5.2517,47.2257]]}},{"type":"Feature","properties":{"name":"Le Crosne"},"geometry":{"type":"LineString","coordinates":[[5.2426,47.2717],[5.2424,47.2682],[5.2448,47.2626],[5.2448,47.2599],[5.2435,47.2585],[5.2467,47.2531],[5.2467,47.2494],[5.2447,47.2452]]}},{"type":"Feature","properties":{"name":"Le Crosne"},"geometry":{"type":"LineString","coordinates":[[5.2517,47.2244],[5.2516,47.2225],[5.2500,47.2200],[5.2506,47.2173]]}},{"type":"Feature","properties":{"name":"Le Crosne"},"geometry":{"type":"LineString","coordinates":[[5.2516,47.2249],[5.2517,47.2244]]}},{"type":"Feature","properties":{"name":"Le Crosne"},"geometry":{"type":"LineString","coordinates":[[5.2425,47.2966],[5.2391,47.2883],[5.2430,47.2828],[5.2426,47.2814],[5.2409,47.2805],[5.2425,47.2763],[5.2416,47.2746],[5.2428,47.2732],[5.2426,47.2717]]}},{"type":"Feature","properties":{"name":"Ruisseau du Val de Gris"},"geometry":{"type":"LineString","coordinates":[[5.3549,47.9178],[5.3525,47.9177],[5.3529,47.9182],[5.3519,47.9181],[5.3524,47.9186],[5.3515,47.9191],[5.3489,47.9185],[5.3465,47.9222],[5.3441,47.9227],[5.3419,47.9248],[5.3376,47.9251],[5.3337,47.9295],[5.3340,47.9305],[5.3317,47.9310],[5.3299,47.9336],[5.3274,47.9338],[5.3230,47.9368]]}},{"type":"Feature","properties":{"name":"Ruisseau du Val de Gris"},"geometry":{"type":"LineString","coordinates":[[5.2945,47.9425],[5.2944,47.9425]]}},{"type":"Feature","properties":{"name":"Ruisseau du Val de Gris"},"geometry":{"type":"LineString","coordinates":[[5.2949,47.9426],[5.2945,47.9425]]}},{"type":"Feature","properties":{"name":"Ruisseau du Val de Gris"},"geometry":{"type":"LineString","coordinates":[[5.3230,47.9368],[5.3198,47.9384],[5.3203,47.9394],[5.3180,47.9394],[5.3186,47.9410],[5.3169,47.9420],[5.3076,47.9420],[5.3060,47.9431],[5.2997,47.9418],[5.2955,47.9436],[5.2949,47.9426]]}},{"type":"Feature","properties":{"name":"La Saône"},"geometry":{"type":"LineString","coordinates":[[5.2020,47.0722],[5.1992,47.0745],[5.2003,47.0782],[5.1993,47.0798],[5.1968,47.0803],[5.1933,47.0794],[5.1906,47.0755],[5.1919,47.0703],[5.1954,47.0678],[5.1919,47.0651]]}},{"type":"Feature","properties":{"name":"La Saône"},"geometry":{"type":"LineString","coordinates":[[5.3966,47.2418],[5.3926,47.2373],[5.3918,47.2342],[5.3956,47.2315],[5.4004,47.2311],[5.4031,47.2297]]}},{"type":"Feature","properties":{"name":"La Saône"},"geometry":{"type":"LineString","coordinates":[[5.4345,47.3195],[5.4287,47.3223]]}},{"type":"Feature","properties":{"name":"La Saône"},"geometry":{"type":"LineString","coordinates":[[5.4704,47.3298],[5.4652,47.3297],[5.4609,47.3253],[5.4539,47.3254],[5.4443,47.3211],[5.4390,47.3196],[5.4345,47.3195]]}},{"type":"Feature","properties":{"name":"La Saône"},"geometry":{"type":"LineString","coordinates":[[5.4259,47.3111],[5.4248,47.3101]]}},{"type":"Feature","properties":{"name":"La Saône"},"geometry":{"type":"LineString","coordinates":[[5.4098,47.2830],[5.4103,47.2777],[5.4069,47.2753],[5.3994,47.2748],[5.3930,47.2761]]}},{"type":"Feature","properties":{"name":"La Saône"},"geometry":{"type":"LineString","coordinates":[[5.1186,47.0522],[5.1197,47.0505],[5.1257,47.0472]]}},{"type":"Feature","properties":{"name":"La Saône"},"geometry":{"type":"LineString","coordinates":[[5.1257,47.0472],[5.1256,47.0448],[5.1221,47.0437],[5.1190,47.0443],[5.1135,47.0475],[5.1108,47.0468],[5.1153,47.0370],[5.1165,47.0311]]}},{"type":"Feature","properties":{"name":"La Saône"},"geometry":{"type":"LineString","coordinates":[[5.1165,47.0311],[5.1163,47.0301]]}},{"type":"Feature","properties":{"name":"La Saône"},"geometry":{"type":"LineString","coordinates":[[5.1185,46.9672],[5.1203,46.9626]]}},{"type":"Feature","properties":{"name":"La Saône"},"geometry":{"type":"LineString","coordinates":[[5.1416,46.9862],[5.1377,46.9847]]}},{"type":"Feature","properties":{"name":"La Saône"},"geometry":{"type":"LineString","coordinates":[[5.1163,47.0301],[5.1162,47.0270],[5.1192,47.0222],[5.1281,47.0180],[5.1306,47.0153],[5.1313,47.0130]]}},{"type":"Feature","properties":{"name":"La Saône"},"geometry":{"type":"LineString","coordinates":[[5.1203,46.9626],[5.1201,46.9610],[5.1182,46.9601],[5.1086,46.9596],[5.1067,46.9587],[5.1057,46.9571],[5.1070,46.9528],[5.1034,46.9492]]}},{"type":"Feature","properties":{"name":"La Saône"},"geometry":{"type":"LineString","coordinates":[[5.1348,46.9836],[5.1306,46.9814],[5.1300,46.9800],[5.1309,46.9765],[5.1301,46.9748],[5.1212,46.9727],[5.1194,46.9711],[5.1185,46.9672]]}},{"type":"Feature","properties":{"name":"La Saône"},"geometry":{"type":"LineString","coordinates":[[5.2049,47.0741],[5.2029,47.0728]]}},{"type":"Feature","properties":{"name":"La Saône"},"geometry":{"type":"LineString","coordinates":[[5.3121,47.1083],[5.3044,47.1068],[5.2968,47.1023],[5.2853,47.1029],[5.2698,47.1002],[5.2606,47.1006]]}},{"type":"Feature","properties":{"name":"La Saône"},"geometry":{"type":"LineString","coordinates":[[5.2606,47.1006],[5.2530,47.0994],[5.2439,47.0937],[5.2400,47.0887],[5.2292,47.0855],[5.2235,47.0809],[5.2130,47.0790],[5.2049,47.0741]]}},{"type":"Feature","properties":{"name":"La Saône"},"geometry":{"type":"LineString","coordinates":[[5.1706,47.0672],[5.1696,47.0722],[5.1655,47.0738],[5.1614,47.0734],[5.1556,47.0690],[5.1507,47.0676]]}},{"type":"Feature","properties":{"name":"La Saône"},"geometry":{"type":"LineString","coordinates":[[5.0073,46.9071],[4.9987,46.9020]]}},{"type":"Feature","properties":{"name":"La Saône"},"geometry":{"type":"LineString","coordinates":[[5.5038,47.4036],[5.4995,47.4029],[5.4971,47.3961],[5.4997,47.3901],[5.4964,47.3884],[5.4937,47.3844],[5.4934,47.3811],[5.4950,47.3762],[5.4887,47.3693],[5.4898,47.3661],[5.4881,47.3622],[5.4884,47.3576],[5.4953,47.3437],[5.4954,47.3385],[5.4940,47.3343],[5.4904,47.3282],[5.4868,47.3266],[5.4836,47.3274],[5.4812,47.3316],[5.4787,47.3320],[5.4769,47.3313]]}},{"type":"Feature","properties":{"name":"La Saône"},"geometry":{"type":"LineString","coordinates":[[5.4769,47.3313],[5.4742,47.3290],[5.4710,47.3293]]}},{"type":"Feature","properties":{"name":"La Saône"},"geometry":{"type":"LineString","coordinates":[[5.5420,47.4133],[5.5459,47.4118],[5.5465,47.4073],[5.5491,47.4041],[5.5478,47.3984],[5.5438,47.3957],[5.5315,47.3958],[5.5186,47.3992],[5.5103,47.4000],[5.5038,47.4036]]}},{"type":"Feature","properties":{"name":"La Saône"},"geometry":{"type":"LineString","coordinates":[[5.4079,47.2452],[5.4071,47.2448]]}},{"type":"Feature","properties":{"name":"La Saône"},"geometry":{"type":"LineString","coordinates":[[5.1507,47.0676],[5.1444,47.0682],[5.1407,47.0676],[5.1400,47.0652],[5.1430,47.0619]]}},{"type":"Feature","properties":{"name":"La Saône"},"geometry":{"type":"LineString","coordinates":[[5.1432,47.0613],[5.1375,47.0571]]}},{"type":"Feature","properties":{"name":"La Saône"},"geometry":{"type":"LineString","coordinates":[[5.0966,46.9446],[5.0929,46.9438],[5.0879,46.9401]]}},{"type":"Feature","properties":{"name":"La Saône"},"geometry":{"type":"LineString","coordinates":[[5.1034,46.9492],[5.0973,46.9448]]}},{"type":"Feature","properties":{"name":"La Saône"},"geometry":{"type":"LineString","coordinates":[[5.0202,46.9032],[5.0105,46.9070],[5.0073,46.9071]]}},{"type":"Feature","properties":{"name":"La Saône"},"geometry":{"type":"LineString","coordinates":[[5.0973,46.9448],[5.0966,46.9446]]}},{"type":"Feature","properties":{"name":"La Saône"},"geometry":{"type":"LineString","coordinates":[[5.0572,46.9403],[5.0534,46.9387],[5.0472,46.9319],[5.0488,46.9256],[5.0535,46.9214]]}},{"type":"Feature","properties":{"name":"La Saône"},"geometry":{"type":"LineString","coordinates":[[5.4190,47.3047],[5.4173,47.3051]]}},{"type":"Feature","properties":{"name":"La Saône"},"geometry":{"type":"LineString","coordinates":[[5.2020,47.0722],[5.1962,47.0667],[5.1919,47.0651],[5.1746,47.0643],[5.1706,47.0672]]}},{"type":"Feature","properties":{"name":"La Saône"},"geometry":{"type":"LineString","coordinates":[[5.3556,47.1745],[5.3567,47.1661],[5.3628,47.1595],[5.3705,47.1451],[5.3717,47.1396],[5.3703,47.1338],[5.3678,47.1307],[5.3632,47.1277],[5.3531,47.1258],[5.3435,47.1261],[5.3331,47.1221],[5.3249,47.1156],[5.3216,47.1110],[5.3121,47.1083]]}},{"type":"Feature","properties":{"name":"La Saône"},"geometry":{"type":"LineString","coordinates":[[5.3818,47.1923],[5.3779,47.1908],[5.3752,47.1879],[5.3714,47.1874],[5.3649,47.1888],[5.3629,47.1884],[5.3602,47.1834],[5.3565,47.1808],[5.3550,47.1781],[5.3555,47.1749]]}},{"type":"Feature","properties":{"name":"La Saône"},"geometry":{"type":"LineString","coordinates":[[5.3807,47.2146],[5.3804,47.2085],[5.3841,47.2047]]}},{"type":"Feature","properties":{"name":"La Saône"},"geometry":{"type":"LineString","coordinates":[[5.4169,47.3052],[5.4144,47.3062],[5.4126,47.3056],[5.4124,47.2999],[5.4144,47.2989],[5.4149,47.2971],[5.4112,47.2916],[5.4118,47.2907]]}},{"type":"Feature","properties":{"name":"La Saône"},"geometry":{"type":"LineString","coordinates":[[4.9987,46.9020],[4.9936,46.8967]]}},{"type":"Feature","properties":{"name":"La Saône"},"geometry":{"type":"LineString","coordinates":[[4.9936,46.8967],[4.9759,46.8983],[4.9651,46.8932]]}},{"type":"Feature","properties":{"name":"La Saône"},"geometry":{"type":"LineString","coordinates":[[5.0535,46.9214],[5.0561,46.9175],[5.0544,46.9120],[5.0546,46.9088]]}},{"type":"Feature","properties":{"name":"La Saône"},"geometry":{"type":"LineString","coordinates":[[4.9651,46.8932],[4.9574,46.8922],[4.9540,46.8906],[4.9515,46.8843]]}},{"type":"Feature","properties":{"name":"La Saône"},"geometry":{"type":"LineString","coordinates":[[4.9526,46.8815],[4.9566,46.8781],[4.9633,46.8748],[4.9654,46.8722],[4.9645,46.8700],[4.9571,46.8659],[4.9553,46.8633],[4.9579,46.8595],[4.9630,46.8565]]}},{"type":"Feature","properties":{"name":"La Saône"},"geometry":{"type":"LineString","coordinates":[[5.0293,46.8985],[5.0256,46.9015],[5.0226,46.9024]]}},{"type":"Feature","properties":{"name":"La Saône"},"geometry":{"type":"LineString","coordinates":[[5.0226,46.9024],[5.0202,46.9032]]}},{"type":"Feature","properties":{"name":"La Saône"},"geometry":{"type":"LineString","coordinates":[[5.1377,46.9847],[5.1348,46.9836]]}},{"type":"Feature","properties":{"name":"La Saône"},"geometry":{"type":"LineString","coordinates":[[5.0664,46.9424],[5.0572,46.9403]]}},{"type":"Feature","properties":{"name":"La Saône"},"geometry":{"type":"LineString","coordinates":[[5.1443,46.9920],[5.1442,46.9880]]}},{"type":"Feature","properties":{"name":"La Saône"},"geometry":{"type":"LineString","coordinates":[[4.9515,46.8843],[4.9526,46.8815]]}},{"type":"Feature","properties":{"name":"La Saône"},"geometry":{"type":"LineString","coordinates":[[5.1442,46.9880],[5.1416,46.9862]]}},{"type":"Feature","properties":{"name":"La Saône"},"geometry":{"type":"LineString","coordinates":[[5.1313,47.0130],[5.1348,47.0064],[5.1395,47.0013]]}},{"type":"Feature","properties":{"name":"La Saône"},"geometry":{"type":"LineString","coordinates":[[5.0879,46.9401],[5.0844,46.9357],[5.0818,46.9355],[5.0781,46.9379],[5.0761,46.9381],[5.0710,46.9346],[5.0695,46.9360],[5.0701,46.9409],[5.0664,46.9424]]}},{"type":"Feature","properties":{"name":"La Saône"},"geometry":{"type":"LineString","coordinates":[[5.1375,47.0571],[5.1370,47.0533],[5.1347,47.0521],[5.1287,47.0516],[5.1217,47.0540],[5.1195,47.0535],[5.1186,47.0522]]}},{"type":"Feature","properties":{"name":"La Saône"},"geometry":{"type":"LineString","coordinates":[[5.1313,47.0130],[5.1335,47.0051],[5.1363,47.0020],[5.1395,47.0013]]}},{"type":"Feature","properties":{"name":"La Saône"},"geometry":{"type":"LineString","coordinates":[[5.1421,47.0002],[5.1443,46.9920]]}},{"type":"Feature","properties":{"name":"La Saône"},"geometry":{"type":"LineString","coordinates":[[5.1395,47.0013],[5.1421,47.0002]]}},{"type":"Feature","properties":{"name":"La Saône"},"geometry":{"type":"LineString","coordinates":[[5.4171,47.3071],[5.4169,47.3052]]}},{"type":"Feature","properties":{"name":"La Saône"},"geometry":{"type":"LineString","coordinates":[[5.4248,47.3101],[5.4190,47.3047],[5.4195,47.3016],[5.4217,47.2994],[5.4217,47.2979],[5.4114,47.2901]]}},{"type":"Feature","properties":{"name":"La Saône"},"geometry":{"type":"LineString","coordinates":[[5.3930,47.2761],[5.3899,47.2764],[5.3879,47.2752],[5.3877,47.2730],[5.3900,47.2684],[5.4040,47.2553],[5.4044,47.2537],[5.4084,47.2488],[5.4079,47.2452]]}},{"type":"Feature","properties":{"name":"La Saône"},"geometry":{"type":"LineString","coordinates":[[5.4710,47.3293],[5.4704,47.3298]]}},{"type":"Feature","properties":{"name":"La Saône"},"geometry":{"type":"LineString","coordinates":[[5.4114,47.2901],[5.4097,47.2864],[5.4098,47.2830]]}},{"type":"Feature","properties":{"name":"La Saône"},"geometry":{"type":"LineString","coordinates":[[5.4723,47.3284],[5.4721,47.3285]]}},{"type":"Feature","properties":{"name":"La Saône"},"geometry":{"type":"LineString","coordinates":[[5.4731,47.3288],[5.4723,47.3284]]}},{"type":"Feature","properties":{"name":"La Saône"},"geometry":{"type":"LineString","coordinates":[[5.4721,47.3285],[5.4714,47.3292]]}},{"type":"Feature","properties":{"name":"La Saône"},"geometry":{"type":"LineString","coordinates":[[5.4031,47.2297],[5.4033,47.2273],[5.4023,47.2252],[5.4037,47.2201],[5.4017,47.2167],[5.3995,47.2156],[5.3934,47.2156],[5.3866,47.2202],[5.3828,47.2193],[5.3802,47.2162],[5.3834,47.2093],[5.3841,47.2047],[5.3868,47.2008],[5.3818,47.1923]]}},{"type":"Feature","properties":{"name":"La Saône"},"geometry":{"type":"LineString","coordinates":[[5.5882,47.4499],[5.5813,47.4503],[5.5688,47.4478],[5.5653,47.4477],[5.5623,47.4488],[5.5550,47.4454],[5.5519,47.4414],[5.5518,47.4355],[5.5538,47.4319],[5.5533,47.4304],[5.5499,47.4289],[5.5438,47.4285],[5.5400,47.4262],[5.5338,47.4256],[5.5323,47.4240],[5.5330,47.4204],[5.5360,47.4162],[5.5420,47.4133]]}},{"type":"Feature","properties":{"name":"La Saône"},"geometry":{"type":"LineString","coordinates":[[5.0546,46.9088],[5.0515,46.9049],[5.0454,46.9020],[5.0403,46.8982],[5.0342,46.8974],[5.0293,46.8985]]}},{"type":"Feature","properties":{"name":"La Saône"},"geometry":{"type":"LineString","coordinates":[[5.4287,47.3223],[5.4265,47.3209],[5.4262,47.3187],[5.4336,47.3148],[5.4339,47.3134],[5.4317,47.3119],[5.4259,47.3111]]}},{"type":"Feature","properties":{"name":"La Saône"},"geometry":{"type":"LineString","coordinates":[[5.4652,47.3317],[5.4652,47.3297]]}},{"type":"Feature","properties":{"name":"La Saône"},"geometry":{"type":"LineString","coordinates":[[5.4191,47.3216],[5.4171,47.3180],[5.4179,47.3140],[5.4143,47.3108],[5.4185,47.3087],[5.4187,47.3073],[5.4171,47.3071]]}},{"type":"Feature","properties":{"name":"La Saône"},"geometry":{"type":"LineString","coordinates":[[5.4979,47.3983],[5.4983,47.3968],[5.4973,47.3954]]}},{"type":"Feature","properties":{"name":"La Saône"},"geometry":{"type":"LineString","coordinates":[[5.3727,47.1875],[5.3704,47.1890],[5.3660,47.1886]]}},{"type":"Feature","properties":{"name":"La Saône"},"geometry":{"type":"LineString","coordinates":[[5.1434,46.9977],[5.1468,46.9930],[5.1446,46.9902]]}},{"type":"Feature","properties":{"name":"La Saône"},"geometry":{"type":"LineString","coordinates":[[5.2029,47.0728],[5.2020,47.0722]]}},{"type":"Feature","properties":{"name":"La Saône"},"geometry":{"type":"LineString","coordinates":[[5.3555,47.1749],[5.3556,47.1745]]}},{"type":"Feature","properties":{"name":"La Saône"},"geometry":{"type":"LineString","coordinates":[[5.1430,47.0619],[5.1432,47.0613]]}},{"type":"Feature","properties":{"name":"La Saône"},"geometry":{"type":"LineString","coordinates":[[5.4071,47.2448],[5.3966,47.2418]]}},{"type":"Feature","properties":{"name":"La Saône"},"geometry":{"type":"LineString","coordinates":[[5.4173,47.3051],[5.4169,47.3052]]}},{"type":"Feature","properties":{"name":"La Saône"},"geometry":{"type":"LineString","coordinates":[[5.4171,47.3071],[5.4144,47.3062]]}},{"type":"Feature","properties":{"name":"Le Saôlon"},"geometry":{"type":"LineString","coordinates":[[5.4698,47.7948],[5.4731,47.7933],[5.4739,47.7916],[5.4762,47.7911],[5.4816,47.7819],[5.4892,47.7768],[5.4920,47.7724],[5.4931,47.7685],[5.5008,47.7599],[5.5032,47.7587]]}},{"type":"Feature","properties":{"name":"Le Saôlon"},"geometry":{"type":"LineString","coordinates":[[5.5033,47.7586],[5.5048,47.7571],[5.5045,47.7541],[5.5063,47.7510],[5.5166,47.7412],[5.5172,47.7387],[5.5243,47.7342]]}},{"type":"Feature","properties":{"name":"Le Saôlon"},"geometry":{"type":"LineString","coordinates":[[5.5032,47.7587],[5.5033,47.7586]]}},{"type":"Feature","properties":{"name":"Le Saôlon"},"geometry":{"type":"LineString","coordinates":[[5.4638,47.8366],[5.4553,47.8342],[5.4471,47.8295],[5.4453,47.8282],[5.4454,47.8252],[5.4406,47.8204],[5.4411,47.8168],[5.4425,47.8151],[5.4472,47.8125],[5.4496,47.8124],[5.4542,47.8089],[5.4614,47.8059],[5.4643,47.8028]]}},{"type":"Feature","properties":{"name":"Le Saôlon"},"geometry":{"type":"LineString","coordinates":[[5.4643,47.8028],[5.4644,47.8028]]}},{"type":"Feature","properties":{"name":"Le Saôlon"},"geometry":{"type":"LineString","coordinates":[[5.4644,47.8028],[5.4655,47.8015],[5.4655,47.7996],[5.4676,47.7972],[5.4672,47.7964],[5.4697,47.7949]]}},{"type":"Feature","properties":{"name":"Le Saôlon"},"geometry":{"type":"LineString","coordinates":[[5.4697,47.7949],[5.4698,47.7948]]}},{"type":"Feature","properties":{"name":"La Courtavaux"},"geometry":{"type":"LineString","coordinates":[[4.9672,47.0785],[4.9764,47.0747]]}},{"type":"Feature","properties":{"name":"La Courtavaux"},"geometry":{"type":"LineString","coordinates":[[4.9764,47.0747],[4.9815,47.0756],[4.9867,47.0736],[4.9888,47.0739],[4.9919,47.0713],[4.9956,47.0706],[4.9982,47.0715],[5.0049,47.0692]]}},{"type":"Feature","properties":{"name":"La Courtavaux"},"geometry":{"type":"LineString","coordinates":[[4.9419,47.1034],[4.9418,47.1027]]}},{"type":"Feature","properties":{"name":"La Courtavaux"},"geometry":{"type":"LineString","coordinates":[[4.9420,47.1037],[4.9419,47.1034]]}},{"type":"Feature","properties":{"name":"La Courtavaux"},"geometry":{"type":"LineString","coordinates":[[4.9385,47.1091],[4.9409,47.1080]]}},{"type":"Feature","properties":{"name":"La Courtavaux"},"geometry":{"type":"LineString","coordinates":[[4.9381,47.1092],[4.9385,47.1091]]}},{"type":"Feature","properties":{"name":"La Courtavaux"},"geometry":{"type":"LineString","coordinates":[[4.9406,47.1082],[4.9424,47.1057],[4.9420,47.1037]]}},{"type":"Feature","properties":{"name":"La Courtavaux"},"geometry":{"type":"LineString","coordinates":[[4.9409,47.1080],[4.9433,47.1060],[4.9418,47.1027],[4.9443,47.0956]]}},{"type":"Feature","properties":{"name":"La Courtavaux"},"geometry":{"type":"LineString","coordinates":[[4.9358,47.1105],[4.9381,47.1092]]}},{"type":"Feature","properties":{"name":"La Courtavaux"},"geometry":{"type":"LineString","coordinates":[[4.9552,47.0826],[4.9672,47.0785]]}},{"type":"Feature","properties":{"name":"La Courtavaux"},"geometry":{"type":"LineString","coordinates":[[4.9550,47.0826],[4.9552,47.0826]]}},{"type":"Feature","properties":{"name":"La Courtavaux"},"geometry":{"type":"LineString","coordinates":[[4.9458,47.0900],[4.9476,47.0880],[4.9472,47.0847],[4.9550,47.0826]]}},{"type":"Feature","properties":{"name":"La Courtavaux"},"geometry":{"type":"LineString","coordinates":[[4.9457,47.0901],[4.9458,47.0900]]}},{"type":"Feature","properties":{"name":"La Courtavaux"},"geometry":{"type":"LineString","coordinates":[[4.9437,47.0919],[4.9457,47.0901]]}},{"type":"Feature","properties":{"name":"La Courtavaux"},"geometry":{"type":"LineString","coordinates":[[4.9435,47.0920],[4.9437,47.0919]]}},{"type":"Feature","properties":{"name":"La Courtavaux"},"geometry":{"type":"LineString","coordinates":[[4.9443,47.0956],[4.9430,47.0932],[4.9435,47.0920]]}},{"type":"Feature","properties":{"name":"La Sansfond"},"geometry":{"type":"LineString","coordinates":[[5.0784,47.2176],[5.0807,47.2170]]}},{"type":"Feature","properties":{"name":"La Sansfond"},"geometry":{"type":"LineString","coordinates":[[5.0454,47.2366],[5.0448,47.2350],[5.0461,47.2348]]}},{"type":"Feature","properties":{"name":"La Sansfond"},"geometry":{"type":"LineString","coordinates":[[5.0380,47.2464],[5.0392,47.2443],[5.0481,47.2399],[5.0484,47.2384],[5.0464,47.2368],[5.0460,47.2350],[5.0491,47.2324],[5.0617,47.2254],[5.0634,47.2254],[5.0799,47.2172]]}},{"type":"Feature","properties":{"name":"La Sansfond"},"geometry":{"type":"LineString","coordinates":[[5.0482,47.2397],[5.0482,47.2385],[5.0455,47.2367]]}},{"type":"Feature","properties":{"name":"La Sansfond"},"geometry":{"type":"LineString","coordinates":[[5.0455,47.2367],[5.0454,47.2366]]}},{"type":"Feature","properties":{"name":"La Sansfond"},"geometry":{"type":"LineString","coordinates":[[5.0799,47.2172],[5.0802,47.2171]]}},{"type":"Feature","properties":{"name":"La Sansfond"},"geometry":{"type":"LineString","coordinates":[[5.0452,47.2358],[5.0462,47.2356]]}},{"type":"Feature","properties":{"name":"La Sansfond"},"geometry":{"type":"LineString","coordinates":[[5.0802,47.2171],[5.0855,47.2157],[5.0866,47.2139],[5.0839,47.1993]]}},{"type":"Feature","properties":{"name":"Ruisseau de Breuil"},"geometry":{"type":"LineString","coordinates":[[4.4459,47.0849],[4.4456,47.0836],[4.4366,47.0819],[4.4358,47.0810],[4.4332,47.0813],[4.4287,47.0790],[4.4264,47.0797],[4.4249,47.0785],[4.4235,47.0791],[4.4210,47.0784],[4.4194,47.0796],[4.4146,47.0791],[4.4114,47.0813],[4.4082,47.0812],[4.4000,47.0839],[4.3921,47.0837],[4.3910,47.0829],[4.3879,47.0838],[4.3857,47.0827],[4.3826,47.0835],[4.3800,47.0823],[4.3728,47.0831],[4.3702,47.0842]]}},{"type":"Feature","properties":{"name":"La Chaloire"},"geometry":{"type":"LineString","coordinates":[[4.1568,47.0495],[4.1585,47.0464],[4.1581,47.0441],[4.1604,47.0435],[4.1656,47.0399],[4.1662,47.0368],[4.1683,47.0345],[4.1722,47.0327],[4.1726,47.0308],[4.1717,47.0298],[4.1729,47.0274],[4.1770,47.0256],[4.1769,47.0246],[4.1801,47.0227],[4.1801,47.0214],[4.1842,47.0190],[4.1835,47.0184],[4.1851,47.0158],[4.1898,47.0153],[4.1940,47.0113]]}},{"type":"Feature","properties":{"name":"Torrent de Bougeon"},"geometry":{"type":"LineString","coordinates":[[4.8059,47.9038],[4.8013,47.9064],[4.7968,47.9052],[4.7980,47.9097],[4.7937,47.9119],[4.7968,47.9147],[4.7965,47.9164],[4.7925,47.9200],[4.7913,47.9230],[4.7881,47.9226],[4.7877,47.9253]]}},{"type":"Feature","properties":{"name":"L\u0027Ognon"},"geometry":{"type":"LineString","coordinates":[[5.4519,47.3123],[5.4518,47.3125]]}},{"type":"Feature","properties":{"name":"L\u0027Ognon"},"geometry":{"type":"LineString","coordinates":[[5.4518,47.3125],[5.4517,47.3128]]}},{"type":"Feature","properties":{"name":"L\u0027Ognon"},"geometry":{"type":"LineString","coordinates":[[5.5698,47.2698],[5.5698,47.2715],[5.5727,47.2730],[5.5723,47.2740],[5.5697,47.2746],[5.5711,47.2755],[5.5704,47.2768],[5.5604,47.2777],[5.5548,47.2801],[5.5487,47.2801],[5.5478,47.2813],[5.5485,47.2853],[5.5513,47.2872],[5.5496,47.2882],[5.5463,47.2877],[5.5443,47.2885],[5.5437,47.2900],[5.5463,47.2918],[5.5415,47.2959],[5.5384,47.2964],[5.5398,47.2941],[5.5376,47.2934],[5.5339,47.2951],[5.5353,47.2964],[5.5342,47.2977],[5.5294,47.2975],[5.5285,47.2984],[5.5295,47.2996],[5.5289,47.3001],[5.5265,47.2995],[5.5233,47.3001],[5.5225,47.3010],[5.5243,47.3037],[5.5231,47.3057],[5.5206,47.3057],[5.5172,47.3041],[5.5162,47.3062],[5.5128,47.3083],[5.5058,47.3082],[5.5048,47.3093],[5.5045,47.3133],[5.5001,47.3131],[5.4979,47.3160],[5.4956,47.3145],[5.4897,47.3145],[5.4858,47.3167],[5.4803,47.3167],[5.4797,47.3160],[5.4808,47.3138],[5.4801,47.3128],[5.4785,47.3146],[5.4750,47.3134],[5.4753,47.3152],[5.4727,47.3168],[5.4692,47.3163],[5.4699,47.3181],[5.4731,47.3185],[5.4736,47.3214],[5.4768,47.3210],[5.4764,47.3241],[5.4736,47.3242],[5.4726,47.3268],[5.4697,47.3272],[5.4710,47.3293]]}},{"type":"Feature","properties":{"name":"La Cozanne"},"geometry":{"type":"LineString","coordinates":[[4.6265,46.9426],[4.6290,46.9394],[4.6289,46.9355],[4.6303,46.9318],[4.6317,46.9310],[4.6317,46.9268],[4.6330,46.9239],[4.6324,46.9229],[4.6337,46.9221],[4.6317,46.9205],[4.6317,46.9187],[4.6347,46.9173],[4.6346,46.9161],[4.6383,46.9136],[4.6391,46.9113],[4.6405,46.9116],[4.6436,46.9096],[4.6444,46.9069],[4.6504,46.9068],[4.6530,46.9050],[4.6556,46.9056],[4.6578,46.9048],[4.6606,46.9022],[4.6622,46.9025],[4.6649,46.9008],[4.6644,46.9002],[4.6665,46.8985],[4.6715,46.8970],[4.6719,46.8958],[4.6803,46.8912]]}},{"type":"Feature","properties":{"name":"La Dheune"},"geometry":{"type":"LineString","coordinates":[[4.9646,46.9619],[4.9657,46.9628],[4.9652,46.9643],[4.9671,46.9654],[4.9726,46.9654],[4.9735,46.9642],[4.9759,46.9648],[4.9793,46.9632],[4.9885,46.9634],[4.9901,46.9618],[4.9919,46.9622],[4.9997,46.9597],[5.0019,46.9600],[5.0024,46.9592],[5.0074,46.9592],[5.0074,46.9582],[5.0106,46.9583]]}},{"type":"Feature","properties":{"name":"La Dheune"},"geometry":{"type":"LineString","coordinates":[[4.9652,46.9616],[4.9646,46.9619]]}},{"type":"Feature","properties":{"name":"La Dheune"},"geometry":{"type":"LineString","coordinates":[[4.8224,46.9334],[4.8247,46.9340],[4.8269,46.9381],[4.8300,46.9393],[4.8315,46.9386],[4.8317,46.9398],[4.8334,46.9392],[4.8348,46.9397],[4.8343,46.9402],[4.8360,46.9401],[4.8358,46.9409],[4.8391,46.9423],[4.8384,46.9436],[4.8438,46.9462],[4.8458,46.9454],[4.8491,46.9473],[4.8491,46.9464],[4.8500,46.9462],[4.8501,46.9471],[4.8518,46.9470],[4.8516,46.9459],[4.8574,46.9467],[4.8570,46.9460],[4.8581,46.9454],[4.8641,46.9474],[4.8634,46.9480],[4.8647,46.9488],[4.8684,46.9481],[4.8691,46.9486],[4.8685,46.9492],[4.8731,46.9493],[4.8751,46.9500],[4.8757,46.9514],[4.8772,46.9504],[4.8782,46.9512],[4.8835,46.9497],[4.8859,46.9523],[4.8952,46.9528]]}},{"type":"Feature","properties":{"name":"La Dheune"},"geometry":{"type":"LineString","coordinates":[[4.7552,46.9169],[4.7571,46.9159]]}},{"type":"Feature","properties":{"name":"La Dheune"},"geometry":{"type":"LineString","coordinates":[[4.7582,46.9156],[4.7599,46.9170]]}},{"type":"Feature","properties":{"name":"La Dheune"},"geometry":{"type":"LineString","coordinates":[[4.8073,46.9274],[4.8095,46.9286],[4.8104,46.9281],[4.8097,46.9292],[4.8151,46.9302],[4.8174,46.9327],[4.8218,46.9335]]}},{"type":"Feature","properties":{"name":"La Dheune"},"geometry":{"type":"LineString","coordinates":[[4.8218,46.9335],[4.8224,46.9334]]}},{"type":"Feature","properties":{"name":"La Dheune"},"geometry":{"type":"LineString","coordinates":[[4.6544,46.8733],[4.6546,46.8741],[4.6561,46.8741]]}},{"type":"Feature","properties":{"name":"La Dheune"},"geometry":{"type":"LineString","coordinates":[[4.6119,46.8338],[4.6165,46.8341],[4.6180,46.8364],[4.6144,46.8398],[4.6178,46.8408],[4.6209,46.8443],[4.6262,46.8429],[4.6291,46.8442],[4.6281,46.8460],[4.6306,46.8503],[4.6345,46.8545],[4.6412,46.8584],[4.6440,46.8620],[4.6427,46.8628],[4.6457,46.8646],[4.6447,46.8663],[4.6451,46.8681],[4.6484,46.8702],[4.6479,46.8712],[4.6546,46.8721],[4.6545,46.8730],[4.6575,46.8752],[4.6568,46.8757],[4.6575,46.8777],[4.6651,46.8816],[4.6642,46.8842],[4.6651,46.8847],[4.6638,46.8850],[4.6663,46.8860],[4.6654,46.8864]]}},{"type":"Feature","properties":{"name":"La Dheune"},"geometry":{"type":"LineString","coordinates":[[5.0061,46.9093],[5.0075,46.9109],[5.0106,46.9091],[5.0072,46.9082]]}},{"type":"Feature","properties":{"name":"La Dheune"},"geometry":{"type":"LineString","coordinates":[[4.8952,46.9528],[4.8991,46.9518],[4.9000,46.9525],[4.9011,46.9520],[4.9014,46.9530],[4.9036,46.9521],[4.9056,46.9526],[4.9065,46.9518],[4.9127,46.9520],[4.9146,46.9534],[4.9197,46.9534],[4.9223,46.9547],[4.9274,46.9545],[4.9290,46.9556],[4.9306,46.9553],[4.9308,46.9563],[4.9330,46.9558]]}},{"type":"Feature","properties":{"name":"La Dheune"},"geometry":{"type":"LineString","coordinates":[[5.0106,46.9583],[5.0117,46.9569],[5.0243,46.9567],[5.0238,46.9558],[5.0285,46.9529],[5.0294,46.9512],[5.0281,46.9511],[5.0256,46.9479],[5.0236,46.9476],[5.0214,46.9448],[5.0154,46.9415],[5.0153,46.9395],[5.0173,46.9381],[5.0156,46.9375],[5.0143,46.9341],[5.0114,46.9334],[5.0121,46.9328],[5.0108,46.9318],[5.0114,46.9314],[5.0093,46.9308],[5.0101,46.9303],[5.0065,46.9267],[5.0069,46.9257],[5.0046,46.9258],[5.0036,46.9250],[5.0037,46.9156],[5.0021,46.9152],[5.0026,46.9144],[5.0009,46.9119],[5.0052,46.9118],[5.0037,46.9104],[5.0068,46.9089],[5.0073,46.9071]]}},{"type":"Feature","properties":{"name":"La Dheune"},"geometry":{"type":"LineString","coordinates":[[4.6503,46.8714],[4.6503,46.8726],[4.6516,46.8734],[4.6544,46.8733]]}},{"type":"Feature","properties":{"name":"La Dheune"},"geometry":{"type":"LineString","coordinates":[[4.7571,46.9159],[4.7582,46.9156]]}},{"type":"Feature","properties":{"name":"La Dheune"},"geometry":{"type":"LineString","coordinates":[[4.7552,46.9169],[4.7599,46.9170]]}},{"type":"Feature","properties":{"name":"La Dheune"},"geometry":{"type":"LineString","coordinates":[[4.7599,46.9170],[4.7635,46.9187],[4.7676,46.9185],[4.7670,46.9194],[4.7680,46.9193],[4.7680,46.9202],[4.7710,46.9207],[4.7749,46.9177],[4.7771,46.9184],[4.7772,46.9195],[4.7783,46.9184],[4.7806,46.9183],[4.7810,46.9206],[4.7837,46.9201],[4.7835,46.9210],[4.7855,46.9221],[4.7854,46.9231],[4.7842,46.9234],[4.7911,46.9273],[4.7968,46.9265],[4.7990,46.9283],[4.8025,46.9278],[4.8024,46.9271],[4.8033,46.9276],[4.8035,46.9264],[4.8073,46.9274]]}},{"type":"Feature","properties":{"name":"La Dheune"},"geometry":{"type":"LineString","coordinates":[[4.6654,46.8864],[4.6665,46.8872],[4.6676,46.8864]]}},{"type":"Feature","properties":{"name":"La Dheune"},"geometry":{"type":"LineString","coordinates":[[4.6676,46.8864],[4.6728,46.8882],[4.6738,46.8902],[4.6785,46.8903],[4.6828,46.8926],[4.6823,46.8940],[4.6838,46.8935],[4.6846,46.8941],[4.6879,46.8985],[4.6882,46.8992],[4.6873,46.8994],[4.6887,46.9005],[4.6893,46.9029],[4.6921,46.9027],[4.6958,46.9074],[4.6993,46.9079],[4.6993,46.9087],[4.7071,46.9082],[4.7097,46.9095],[4.7098,46.9107],[4.7126,46.9106],[4.7173,46.9124],[4.7281,46.9108],[4.7364,46.9133],[4.7474,46.9123],[4.7538,46.9145],[4.7552,46.9169]]}},{"type":"Feature","properties":{"name":"La Dheune"},"geometry":{"type":"LineString","coordinates":[[4.9330,46.9558],[4.9329,46.9570],[4.9351,46.9571],[4.9352,46.9581],[4.9375,46.9573],[4.9385,46.9585],[4.9411,46.9583],[4.9446,46.9593],[4.9443,46.9599],[4.9474,46.9598],[4.9511,46.9618],[4.9528,46.9606],[4.9530,46.9616],[4.9550,46.9621],[4.9585,46.9594],[4.9612,46.9591],[4.9641,46.9598],[4.9657,46.9620],[4.9743,46.9625],[4.9807,46.9604],[4.9810,46.9594],[4.9832,46.9596],[4.9868,46.9582],[4.9886,46.9588],[4.9942,46.9566],[5.0021,46.9567],[5.0054,46.9551],[5.0067,46.9552],[5.0071,46.9566],[5.0091,46.9567],[5.0106,46.9583]]}},{"type":"Feature","properties":{"name":"L\u0027Arroux"},"geometry":{"type":"LineString","coordinates":[[4.2968,46.9661],[4.2983,46.9643],[4.2975,46.9619]]}},{"type":"Feature","properties":{"name":"L\u0027Arroux"},"geometry":{"type":"LineString","coordinates":[[4.2524,46.9401],[4.2490,46.9396],[4.2483,46.9409],[4.2449,46.9429],[4.2407,46.9423],[4.2400,46.9401],[4.2413,46.9375],[4.2314,46.9323],[4.2153,46.9327],[4.2143,46.9318],[4.2147,46.9299],[4.2076,46.9245],[4.2037,46.9194],[4.2011,46.9183],[4.1975,46.9193],[4.1974,46.9172],[4.1995,46.9132],[4.1973,46.9110],[4.1976,46.9071],[4.1954,46.9032],[4.1980,46.9012],[4.1980,46.8992],[4.1995,46.8979],[4.1988,46.8945],[4.1994,46.8930],[4.1979,46.8908],[4.1956,46.8898],[4.1918,46.8863],[4.1892,46.8824],[4.1891,46.8810],[4.1907,46.8786],[4.1895,46.8755]]}},{"type":"Feature","properties":{"name":"L\u0027Arroux"},"geometry":{"type":"LineString","coordinates":[[4.3303,47.0137],[4.3287,47.0131],[4.3291,47.0120],[4.3273,47.0103],[4.3250,47.0090],[4.3236,47.0093],[4.3229,47.0079],[4.3260,47.0052],[4.3261,47.0027],[4.3217,47.0007],[4.3178,47.0022],[4.3177,47.0004],[4.3127,47.0002],[4.3125,46.9994],[4.3144,46.9983],[4.3112,46.9983],[4.3118,46.9958],[4.3085,46.9957],[4.3110,46.9945],[4.3109,46.9913],[4.3098,46.9902],[4.3114,46.9886],[4.3099,46.9881],[4.3089,46.9893],[4.3078,46.9893],[4.3083,46.9880],[4.3068,46.9857],[4.3077,46.9822],[4.3035,46.9814],[4.3047,46.9793],[4.3011,46.9768],[4.3037,46.9754]]}},{"type":"Feature","properties":{"name":"L\u0027Arroux"},"geometry":{"type":"LineString","coordinates":[[4.3037,46.9754],[4.3025,46.9731],[4.2990,46.9713],[4.2968,46.9661]]}},{"type":"Feature","properties":{"name":"L\u0027Arroux"},"geometry":{"type":"LineString","coordinates":[[4.3947,47.1082],[4.3940,47.1057],[4.3952,47.1011],[4.3935,47.0984],[4.3920,47.0986],[4.3891,47.0967],[4.3865,47.0964],[4.3854,47.0955],[4.3865,47.0950],[4.3834,47.0922],[4.3818,47.0925],[4.3770,47.0910],[4.3745,47.0890],[4.3742,47.0871],[4.3710,47.0856],[4.3715,47.0848],[4.3701,47.0842],[4.3678,47.0856],[4.3659,47.0842],[4.3676,47.0812],[4.3664,47.0804],[4.3672,47.0800],[4.3669,47.0788],[4.3684,47.0784],[4.3689,47.0767],[4.3676,47.0752],[4.3689,47.0742],[4.3664,47.0736],[4.3660,47.0714],[4.3613,47.0684],[4.3626,47.0675],[4.3620,47.0637],[4.3587,47.0595],[4.3617,47.0568],[4.3633,47.0569],[4.3639,47.0558],[4.3680,47.0543],[4.3682,47.0464],[4.3731,47.0468],[4.3743,47.0433],[4.3756,47.0424],[4.3747,47.0412],[4.3759,47.0408],[4.3750,47.0390],[4.3750,47.0352]]}},{"type":"Feature","properties":{"name":"L\u0027Arroux"},"geometry":{"type":"LineString","coordinates":[[4.5138,47.1326],[4.5002,47.1318],[4.4826,47.1355]]}},{"type":"Feature","properties":{"name":"L\u0027Arroux"},"geometry":{"type":"LineString","coordinates":[[4.4826,47.1355],[4.4824,47.1354]]}},{"type":"Feature","properties":{"name":"L\u0027Arroux"},"geometry":{"type":"LineString","coordinates":[[4.4824,47.1354],[4.4761,47.1349],[4.4729,47.1357],[4.4721,47.1370],[4.4603,47.1374],[4.4587,47.1391],[4.4543,47.1387]]}},{"type":"Feature","properties":{"name":"L\u0027Arroux"},"geometry":{"type":"LineString","coordinates":[[4.4543,47.1387],[4.4527,47.1375],[4.4483,47.1384],[4.4458,47.1367],[4.4469,47.1349],[4.4459,47.1336],[4.4428,47.1340],[4.4413,47.1324]]}},{"type":"Feature","properties":{"name":"L\u0027Arroux"},"geometry":{"type":"LineString","coordinates":[[4.2975,46.9619],[4.2953,46.9610]]}},{"type":"Feature","properties":{"name":"L\u0027Arroux"},"geometry":{"type":"LineString","coordinates":[[4.2953,46.9610],[4.2908,46.9569],[4.2776,46.9515],[4.2757,46.9495],[4.2732,46.9498],[4.2730,46.9491],[4.2745,46.9487],[4.2741,46.9475],[4.2709,46.9470],[4.2697,46.9456],[4.2670,46.9450],[4.2652,46.9456],[4.2665,46.9467],[4.2663,46.9478],[4.2652,46.9477],[4.2617,46.9458],[4.2628,46.9428],[4.2524,46.9401]]}},{"type":"Feature","properties":{"name":"L\u0027Arroux"},"geometry":{"type":"LineString","coordinates":[[4.1895,46.8755],[4.1861,46.8673],[4.1920,46.8588]]}},{"type":"Feature","properties":{"name":"L\u0027Arroux"},"geometry":{"type":"LineString","coordinates":[[4.4413,47.1327],[4.4390,47.1324],[4.4382,47.1313],[4.4354,47.1312]]}},{"type":"Feature","properties":{"name":"L\u0027Arroux"},"geometry":{"type":"LineString","coordinates":[[4.4413,47.1324],[4.4383,47.1302],[4.4336,47.1323],[4.4303,47.1298],[4.4280,47.1312],[4.4264,47.1300],[4.4237,47.1297],[4.4236,47.1286],[4.4195,47.1293],[4.4171,47.1289],[4.4160,47.1272],[4.4126,47.1274],[4.4080,47.1228],[4.4027,47.1202],[4.4032,47.1187],[4.4004,47.1166],[4.4001,47.1143],[4.3983,47.1136],[4.3995,47.1108],[4.3978,47.1090],[4.3947,47.1082]]}},{"type":"Feature","properties":{"name":"L\u0027Arroux"},"geometry":{"type":"LineString","coordinates":[[4.3750,47.0352],[4.3733,47.0344],[4.3711,47.0349],[4.3696,47.0331],[4.3653,47.0336],[4.3649,47.0326],[4.3596,47.0319],[4.3509,47.0349],[4.3495,47.0340],[4.3502,47.0330],[4.3482,47.0319],[4.3457,47.0326],[4.3425,47.0312],[4.3404,47.0315],[4.3408,47.0306],[4.3377,47.0270],[4.3346,47.0265],[4.3344,47.0251],[4.3353,47.0245],[4.3321,47.0238],[4.3326,47.0224],[4.3343,47.0216],[4.3316,47.0211],[4.3322,47.0202],[4.3315,47.0191],[4.3342,47.0155],[4.3324,47.0125],[4.3303,47.0137]]}},{"type":"Feature","properties":{"name":"L\u0027Arroux"},"geometry":{"type":"LineString","coordinates":[[4.2721,46.9471],[4.2703,46.9461]]}},{"type":"Feature","properties":{"name":"Bief du Moulin"},"geometry":{"type":"LineString","coordinates":[[4.0995,47.7683],[4.0985,47.7689],[4.0994,47.7738],[4.0945,47.7791]]}},{"type":"Feature","properties":{"name":"Bief du Moulin"},"geometry":{"type":"LineString","coordinates":[[4.1200,47.7617],[4.1128,47.7593],[4.1071,47.7607],[4.1003,47.7610],[4.0982,47.7641],[4.0988,47.7675],[4.1001,47.7680],[4.0995,47.7683]]}},{"type":"Feature","properties":{"name":"Bief du Moulin"},"geometry":{"type":"LineString","coordinates":[[4.1237,47.7632],[4.1200,47.7617]]}},{"type":"Feature","properties":{"name":"Bief du Moulin"},"geometry":{"type":"LineString","coordinates":[[5.5353,47.6095],[5.5355,47.6090]]}},{"type":"Feature","properties":{"name":"Bief du Moulin"},"geometry":{"type":"LineString","coordinates":[[5.3743,47.1462],[5.3705,47.1447]]}},{"type":"Feature","properties":{"name":"Bief du Moulin"},"geometry":{"type":"LineString","coordinates":[[5.3748,47.1462],[5.3743,47.1462]]}},{"type":"Feature","properties":{"name":"Bief du Moulin"},"geometry":{"type":"LineString","coordinates":[[5.3941,47.1529],[5.3852,47.1462],[5.3748,47.1462]]}},{"type":"Feature","properties":{"name":"Bief du Moulin"},"geometry":{"type":"LineString","coordinates":[[5.5354,47.6088],[5.5349,47.6082]]}},{"type":"Feature","properties":{"name":"Bief du Moulin"},"geometry":{"type":"LineString","coordinates":[[5.5355,47.6090],[5.5354,47.6088]]}},{"type":"Feature","properties":{"name":"La Vouge"},"geometry":{"type":"LineString","coordinates":[[5.0717,47.1273],[5.0810,47.1288],[5.0917,47.1247],[5.1028,47.1249],[5.1134,47.1291],[5.1194,47.1340],[5.1172,47.1425],[5.1265,47.1483],[5.1330,47.1551]]}},{"type":"Feature","properties":{"name":"La Vouge"},"geometry":{"type":"LineString","coordinates":[[5.2118,47.1079],[5.2201,47.1035],[5.2212,47.1007],[5.2243,47.0996]]}},{"type":"Feature","properties":{"name":"La Vouge"},"geometry":{"type":"LineString","coordinates":[[5.2243,47.0996],[5.2277,47.0991],[5.2315,47.0967],[5.2310,47.0916],[5.2318,47.0907],[5.2319,47.0862]]}},{"type":"Feature","properties":{"name":"La Vouge"},"geometry":{"type":"LineString","coordinates":[[5.1330,47.1551],[5.1335,47.1558],[5.1363,47.1548],[5.1378,47.1555],[5.1381,47.1578],[5.1403,47.1573],[5.1431,47.1585],[5.1451,47.1577],[5.1483,47.1589],[5.1490,47.1601],[5.1523,47.1593],[5.1591,47.1601],[5.1615,47.1578],[5.1641,47.1574],[5.1688,47.1544],[5.1695,47.1527],[5.1713,47.1517],[5.1722,47.1494],[5.1717,47.1445],[5.1738,47.1426],[5.1743,47.1370],[5.1808,47.1338],[5.1832,47.1304],[5.1902,47.1279],[5.1936,47.1248],[5.1961,47.1214],[5.1960,47.1198],[5.1994,47.1133],[5.2048,47.1148],[5.2118,47.1079]]}},{"type":"Feature","properties":{"name":"La Vouge"},"geometry":{"type":"LineString","coordinates":[[5.1685,47.1538],[5.1686,47.1536]]}},{"type":"Feature","properties":{"name":"La Vouge"},"geometry":{"type":"LineString","coordinates":[[5.1686,47.1536],[5.1694,47.1530]]}},{"type":"Feature","properties":{"name":"La Vouge"},"geometry":{"type":"LineString","coordinates":[[5.1680,47.1543],[5.1685,47.1538]]}},{"type":"Feature","properties":{"name":"La Vouge"},"geometry":{"type":"LineString","coordinates":[[4.9645,47.1766],[4.9696,47.1740]]}},{"type":"Feature","properties":{"name":"La Vouge"},"geometry":{"type":"LineString","coordinates":[[4.9643,47.1768],[4.9645,47.1766]]}},{"type":"Feature","properties":{"name":"La Vouge"},"geometry":{"type":"LineString","coordinates":[[4.9696,47.1740],[4.9697,47.1738]]}},{"type":"Feature","properties":{"name":"La Vouge"},"geometry":{"type":"LineString","coordinates":[[4.9597,47.1795],[4.9598,47.1788],[4.9632,47.1787],[4.9643,47.1768]]}},{"type":"Feature","properties":{"name":"La Vouge"},"geometry":{"type":"LineString","coordinates":[[4.9697,47.1738],[4.9744,47.1734],[4.9794,47.1711],[4.9829,47.1707]]}},{"type":"Feature","properties":{"name":"La Vouge"},"geometry":{"type":"LineString","coordinates":[[5.0334,47.1384],[5.0369,47.1358],[5.0415,47.1353],[5.0583,47.1302],[5.0712,47.1295],[5.0717,47.1273]]}},{"type":"Feature","properties":{"name":"La Vouge"},"geometry":{"type":"LineString","coordinates":[[4.9829,47.1707],[4.9837,47.1709]]}},{"type":"Feature","properties":{"name":"La Vouge"},"geometry":{"type":"LineString","coordinates":[[5.0011,47.1698],[5.0042,47.1692],[5.0078,47.1612],[5.0106,47.1598],[5.0108,47.1539],[5.0195,47.1444]]}},{"type":"Feature","properties":{"name":"La Vouge"},"geometry":{"type":"LineString","coordinates":[[4.9672,47.1749],[4.9700,47.1735]]}},{"type":"Feature","properties":{"name":"La Vouge"},"geometry":{"type":"LineString","coordinates":[[4.9837,47.1709],[4.9843,47.1710]]}},{"type":"Feature","properties":{"name":"La Vouge"},"geometry":{"type":"LineString","coordinates":[[5.0005,47.1699],[5.0011,47.1698]]}},{"type":"Feature","properties":{"name":"La Vouge"},"geometry":{"type":"LineString","coordinates":[[4.9861,47.1716],[4.9892,47.1715],[4.9914,47.1728],[5.0005,47.1699]]}},{"type":"Feature","properties":{"name":"La Vouge"},"geometry":{"type":"LineString","coordinates":[[4.9843,47.1710],[4.9861,47.1716]]}},{"type":"Feature","properties":{"name":"La Vouge"},"geometry":{"type":"LineString","coordinates":[[5.0332,47.1385],[5.0334,47.1384]]}},{"type":"Feature","properties":{"name":"La Vouge"},"geometry":{"type":"LineString","coordinates":[[5.0195,47.1444],[5.0253,47.1410],[5.0332,47.1385]]}},{"type":"Feature","properties":{"name":"La Loue"},"geometry":{"type":"LineString","coordinates":[[5.5709,47.0064],[5.5607,47.0092],[5.5488,47.0058],[5.5453,47.0078],[5.5443,47.0091],[5.5447,47.0112],[5.5435,47.0123],[5.5377,47.0105],[5.5323,47.0112],[5.5295,47.0125],[5.5288,47.0158],[5.5212,47.0187],[5.5193,47.0177],[5.5192,47.0159]]}},{"type":"Feature","properties":{"name":"La Loue"},"geometry":{"type":"LineString","coordinates":[[5.5192,47.0159],[5.5200,47.0134],[5.5165,47.0111],[5.5082,47.0120],[5.5054,47.0156],[5.4997,47.0164],[5.4874,47.0138],[5.4758,47.0163],[5.4601,47.0168],[5.4516,47.0151],[5.4478,47.0132]]}},{"type":"Feature","properties":{"name":"L\u0027Orain"},"geometry":{"type":"LineString","coordinates":[[5.5547,46.9214],[5.5522,46.9252],[5.5498,46.9258],[5.5438,46.9323],[5.5368,46.9347],[5.5276,46.9415],[5.5174,46.9433],[5.5150,46.9458],[5.5157,46.9494],[5.5124,46.9529],[5.5077,46.9549],[5.5066,46.9586],[5.5080,46.9614],[5.5053,46.9638],[5.5022,46.9647],[5.5018,46.9693],[5.5007,46.9702],[5.4827,46.9727],[5.4750,46.9748],[5.4732,46.9741]]}},{"type":"Feature","properties":{"name":"L\u0027Orain"},"geometry":{"type":"LineString","coordinates":[[5.4732,46.9741],[5.4674,46.9751],[5.4667,46.9774],[5.4618,46.9790],[5.4565,46.9832],[5.4529,46.9831],[5.4440,46.9895],[5.4378,46.9890],[5.4305,46.9905],[5.4280,46.9889],[5.4273,46.9870],[5.4219,46.9864],[5.4179,46.9787],[5.4060,46.9781],[5.4028,46.9750],[5.3995,46.9735],[5.3995,46.9710],[5.3979,46.9699],[5.3894,46.9713],[5.3893,46.9593],[5.3878,46.9580],[5.3843,46.9575],[5.3834,46.9552],[5.3817,46.9541]]}},{"type":"Feature","properties":{"name":"Le Cousin"},"geometry":{"type":"LineString","coordinates":[[4.0988,47.3185],[4.0998,47.3195],[4.0972,47.3229],[4.0844,47.3318],[4.0775,47.3348],[4.0765,47.3364]]}},{"type":"Feature","properties":{"name":"Le Cousin"},"geometry":{"type":"LineString","coordinates":[[4.1064,47.3132],[4.1008,47.3153],[4.0995,47.3169],[4.1002,47.3182]]}},{"type":"Feature","properties":{"name":"Le Cousin"},"geometry":{"type":"LineString","coordinates":[[4.1204,47.2981],[4.1213,47.3000],[4.1208,47.3010],[4.1158,47.3033],[4.1156,47.3048],[4.1084,47.3091],[4.1086,47.3101]]}},{"type":"Feature","properties":{"name":"Le Cousin"},"geometry":{"type":"LineString","coordinates":[[4.1433,47.2754],[4.1430,47.2756]]}},{"type":"Feature","properties":{"name":"Le Cousin"},"geometry":{"type":"LineString","coordinates":[[4.1437,47.2753],[4.1435,47.2753]]}},{"type":"Feature","properties":{"name":"Le Cousin"},"geometry":{"type":"LineString","coordinates":[[4.1435,47.2753],[4.1433,47.2754]]}},{"type":"Feature","properties":{"name":"Le Cousin"},"geometry":{"type":"LineString","coordinates":[[4.1086,47.3101],[4.1064,47.3132],[4.1028,47.3132],[4.0992,47.3150],[4.0978,47.3180],[4.0988,47.3185]]}},{"type":"Feature","properties":{"name":"La Petite Rivière"},"geometry":{"type":"LineString","coordinates":[[4.2212,47.7134],[4.2197,47.7164],[4.2204,47.7166],[4.2207,47.7201],[4.2196,47.7200],[4.2192,47.7216],[4.2179,47.7224],[4.2191,47.7234],[4.2176,47.7252],[4.2176,47.7291],[4.2192,47.7303],[4.2193,47.7330],[4.2230,47.7363],[4.2162,47.7417],[4.2168,47.7437],[4.2138,47.7442],[4.2128,47.7460],[4.2099,47.7468]]}},{"type":"Feature","properties":{"name":"La Petite Rivière"},"geometry":{"type":"LineString","coordinates":[[4.2217,47.7118],[4.2212,47.7134],[4.2165,47.7167],[4.2180,47.7189],[4.2170,47.7210],[4.2153,47.7221],[4.2169,47.7231],[4.2159,47.7248],[4.2166,47.7257],[4.2161,47.7276]]}},{"type":"Feature","properties":{"name":"La Vèze"},"geometry":{"type":"LineString","coordinates":[[5.4218,47.1462],[5.4203,47.1459]]}},{"type":"Feature","properties":{"name":"La Vèze"},"geometry":{"type":"LineString","coordinates":[[5.4203,47.1459],[5.4201,47.1459]]}},{"type":"Feature","properties":{"name":"La Vèze"},"geometry":{"type":"LineString","coordinates":[[5.4201,47.1459],[5.4173,47.1458],[5.4141,47.1476],[5.4130,47.1505],[5.4087,47.1554],[5.3989,47.1554],[5.3941,47.1529]]}},{"type":"Feature","properties":{"name":"La Bouzaise"},"geometry":{"type":"LineString","coordinates":[[4.8333,47.0247],[4.8334,47.0221],[4.8359,47.0207]]}},{"type":"Feature","properties":{"name":"La Bouzaise"},"geometry":{"type":"LineString","coordinates":[[4.8500,47.0097],[4.8532,47.0064],[4.8569,47.0059],[4.8617,47.0033],[4.8691,46.9971],[4.8708,46.9929],[4.8726,46.9919],[4.8807,46.9932],[4.8851,46.9923],[4.8896,46.9937],[4.8931,46.9925],[4.8961,46.9945],[4.8993,46.9939],[4.9001,46.9921],[4.9024,46.9914],[4.9069,46.9920],[4.9118,46.9951],[4.9135,46.9976],[4.9170,46.9988],[4.9287,46.9990],[4.9325,46.9980],[4.9391,46.9981],[4.9416,46.9971]]}},{"type":"Feature","properties":{"name":"La Bouzaise"},"geometry":{"type":"LineString","coordinates":[[4.9545,46.9926],[4.9560,46.9934],[4.9598,46.9932]]}},{"type":"Feature","properties":{"name":"La Bouzaise"},"geometry":{"type":"LineString","coordinates":[[4.9598,46.9932],[4.9713,46.9901],[4.9720,46.9888],[4.9711,46.9874],[4.9764,46.9852],[4.9814,46.9867],[4.9833,46.9857]]}},{"type":"Feature","properties":{"name":"La Bouzaise"},"geometry":{"type":"LineString","coordinates":[[4.9416,46.9971],[4.9437,46.9939],[4.9455,46.9931],[4.9472,46.9941],[4.9556,46.9923],[4.9598,46.9932]]}},{"type":"Feature","properties":{"name":"La Bouzaise"},"geometry":{"type":"LineString","coordinates":[[4.9833,46.9857],[4.9870,46.9857],[4.9976,46.9810],[5.0029,46.9754],[5.0024,46.9731],[5.0033,46.9721],[5.0021,46.9703],[5.0064,46.9684],[5.0071,46.9660],[5.0108,46.9630],[5.0153,46.9634],[5.0184,46.9627],[5.0203,46.9608],[5.0243,46.9604],[5.0259,46.9581],[5.0244,46.9566]]}},{"type":"Feature","properties":{"name":"La Bouzaise"},"geometry":{"type":"LineString","coordinates":[[4.8367,47.0208],[4.8368,47.0204]]}},{"type":"Feature","properties":{"name":"La Bouzaise"},"geometry":{"type":"LineString","coordinates":[[4.8359,47.0207],[4.8367,47.0208]]}},{"type":"Feature","properties":{"name":"La Bouzaise"},"geometry":{"type":"LineString","coordinates":[[4.8420,47.0170],[4.8446,47.0151],[4.8463,47.0121],[4.8500,47.0097]]}},{"type":"Feature","properties":{"name":"La Bouzaise"},"geometry":{"type":"LineString","coordinates":[[4.8368,47.0204],[4.8369,47.0202]]}},{"type":"Feature","properties":{"name":"La Bouzaise"},"geometry":{"type":"LineString","coordinates":[[4.8418,47.0172],[4.8420,47.0170]]}},{"type":"Feature","properties":{"name":"La Bouzaise"},"geometry":{"type":"LineString","coordinates":[[4.8369,47.0202],[4.8378,47.0188],[4.8418,47.0172]]}},{"type":"Feature","properties":{"name":"L\u0027Armance"},"geometry":{"type":"LineString","coordinates":[[4.1398,48.0619],[4.1374,48.0644],[4.1339,48.0650],[4.1316,48.0674],[4.1269,48.0689],[4.1249,48.0681],[4.1224,48.0708],[4.1197,48.0709],[4.1159,48.0765],[4.1098,48.0778],[4.1073,48.0803],[4.1010,48.0803],[4.0990,48.0789],[4.0989,48.0774],[4.0827,48.0730],[4.0744,48.0683],[4.0663,48.0657],[4.0560,48.0646],[4.0350,48.0544]]}},{"type":"Feature","properties":{"name":"L\u0027Armance"},"geometry":{"type":"LineString","coordinates":[[4.1401,48.0560],[4.1398,48.0619]]}},{"type":"Feature","properties":{"name":"L\u0027Ource"},"geometry":{"type":"LineString","coordinates":[[4.5442,48.0545],[4.5429,48.0541],[4.5425,48.0556]]}},{"type":"Feature","properties":{"name":"L\u0027Ource"},"geometry":{"type":"LineString","coordinates":[[4.5483,48.0540],[4.5428,48.0571],[4.5395,48.0602],[4.5360,48.0590]]}},{"type":"Feature","properties":{"name":"L\u0027Ource"},"geometry":{"type":"LineString","coordinates":[[4.5844,48.0145],[4.5833,48.0180],[4.5801,48.0189],[4.5796,48.0215],[4.5782,48.0220],[4.5772,48.0250],[4.5793,48.0254],[4.5788,48.0271],[4.5830,48.0301],[4.5836,48.0330],[4.5826,48.0345],[4.5799,48.0356],[4.5792,48.0372],[4.5780,48.0368],[4.5763,48.0380],[4.5664,48.0391],[4.5622,48.0406],[4.5601,48.0401],[4.5572,48.0417],[4.5517,48.0416],[4.5497,48.0449],[4.5513,48.0459],[4.5503,48.0467],[4.5503,48.0492],[4.5524,48.0500],[4.5506,48.0504],[4.5508,48.0515],[4.5488,48.0523],[4.5485,48.0539],[4.5460,48.0529],[4.5432,48.0557],[4.5401,48.0554],[4.5372,48.0572],[4.5364,48.0589],[4.5322,48.0597],[4.5185,48.0559],[4.5124,48.0556],[4.5122,48.0542],[4.5112,48.0537],[4.5098,48.0552],[4.5055,48.0547],[4.5018,48.0561],[4.5007,48.0591],[4.4971,48.0633],[4.4902,48.0673],[4.4891,48.0672],[4.4891,48.0663],[4.4852,48.0665],[4.4832,48.0676],[4.4796,48.0660],[4.4750,48.0670],[4.4736,48.0658],[4.4678,48.0668]]}},{"type":"Feature","properties":{"name":"L\u0027Ource"},"geometry":{"type":"LineString","coordinates":[[4.5955,48.0083],[4.5892,48.0092],[4.5848,48.0115],[4.5826,48.0142],[4.5837,48.0158]]}},{"type":"Feature","properties":{"name":"L\u0027Ource"},"geometry":{"type":"LineString","coordinates":[[4.5196,48.0564],[4.5176,48.0577],[4.5150,48.0558]]}},{"type":"Feature","properties":{"name":"L\u0027Ource"},"geometry":{"type":"LineString","coordinates":[[4.5676,48.0392],[4.5664,48.0401],[4.5638,48.0398]]}},{"type":"Feature","properties":{"name":"L\u0027Ource"},"geometry":{"type":"LineString","coordinates":[[4.5339,48.0594],[4.5340,48.0596]]}},{"type":"Feature","properties":{"name":"L\u0027Ource"},"geometry":{"type":"LineString","coordinates":[[4.5360,48.0590],[4.5321,48.0598]]}},{"type":"Feature","properties":{"name":"La Meuse"},"geometry":{"type":"LineString","coordinates":[[5.5299,48.0195],[5.5295,48.0200]]}},{"type":"Feature","properties":{"name":"La Meuse"},"geometry":{"type":"LineString","coordinates":[[5.5295,48.0200],[5.5291,48.0209],[5.5301,48.0219],[5.5289,48.0233],[5.5302,48.0248],[5.5352,48.0255],[5.5376,48.0281],[5.5387,48.0282],[5.5386,48.0291],[5.5409,48.0294],[5.5411,48.0317],[5.5396,48.0336],[5.5402,48.0356],[5.5417,48.0358],[5.5406,48.0375],[5.5411,48.0387],[5.5389,48.0432],[5.5369,48.0440],[5.5373,48.0454],[5.5353,48.0462],[5.5366,48.0468],[5.5318,48.0477],[5.5326,48.0490],[5.5314,48.0500],[5.5323,48.0512],[5.5314,48.0522],[5.5349,48.0536],[5.5363,48.0551],[5.5344,48.0585],[5.5345,48.0596],[5.5357,48.0601],[5.5352,48.0613],[5.5369,48.0615],[5.5388,48.0650],[5.5435,48.0677],[5.5446,48.0699],[5.5438,48.0739],[5.5419,48.0754],[5.5412,48.0780],[5.5433,48.0801],[5.5447,48.0846]]}},{"type":"Feature","properties":{"name":"Canal du Moulin"},"geometry":{"type":"LineString","coordinates":[[4.4266,48.0300],[4.4262,48.0300]]}},{"type":"Feature","properties":{"name":"La Sarce"},"geometry":{"type":"LineString","coordinates":[[4.3007,48.0265],[4.3001,48.0285],[4.2952,48.0318]]}},{"type":"Feature","properties":{"name":"La Sarce"},"geometry":{"type":"LineString","coordinates":[[4.3138,48.0162],[4.3113,48.0189],[4.3057,48.0211],[4.3012,48.0259]]}},{"type":"Feature","properties":{"name":"La Sarce"},"geometry":{"type":"LineString","coordinates":[[4.3140,48.0161],[4.3138,48.0162]]}},{"type":"Feature","properties":{"name":"La Sarce"},"geometry":{"type":"LineString","coordinates":[[4.2952,48.0318],[4.2952,48.0320]]}},{"type":"Feature","properties":{"name":"La Sarce"},"geometry":{"type":"LineString","coordinates":[[4.3012,48.0259],[4.3007,48.0265]]}},{"type":"Feature","properties":{"name":"La Sarce"},"geometry":{"type":"LineString","coordinates":[[4.2952,48.0320],[4.2892,48.0370],[4.2876,48.0373],[4.2851,48.0362],[4.2841,48.0370],[4.2801,48.0424],[4.2802,48.0477],[4.2780,48.0490],[4.2748,48.0535],[4.2758,48.0544],[4.2750,48.0561],[4.2761,48.0562],[4.2763,48.0585],[4.2778,48.0600],[4.2798,48.0593],[4.2817,48.0607],[4.2818,48.0628],[4.2853,48.0683]]}},{"type":"Feature","properties":{"name":"La Seine"},"geometry":{"type":"LineString","coordinates":[[4.4102,48.0406],[4.4085,48.0421],[4.4037,48.0421]]}},{"type":"Feature","properties":{"name":"La Seine"},"geometry":{"type":"LineString","coordinates":[[4.4037,48.0421],[4.3954,48.0442],[4.3944,48.0460],[4.3964,48.0463],[4.3944,48.0484]]}},{"type":"Feature","properties":{"name":"La Seine"},"geometry":{"type":"LineString","coordinates":[[4.3944,48.0484],[4.3926,48.0495],[4.3938,48.0522],[4.3922,48.0585],[4.3893,48.0635],[4.3852,48.0643],[4.3792,48.0640],[4.3757,48.0665]]}},{"type":"Feature","properties":{"name":"La Seine"},"geometry":{"type":"LineString","coordinates":[[4.4445,48.0169],[4.4424,48.0188],[4.4418,48.0213],[4.4368,48.0262],[4.4284,48.0268],[4.4238,48.0318],[4.4195,48.0327],[4.4207,48.0345],[4.4176,48.0356],[4.4177,48.0374],[4.4156,48.0375],[4.4148,48.0393],[4.4102,48.0406]]}},{"type":"Feature","properties":{"name":"La Seine"},"geometry":{"type":"LineString","coordinates":[[4.4445,48.0166],[4.4445,48.0184],[4.4428,48.0183]]}},{"type":"Feature","properties":{"name":"La Laignes"},"geometry":{"type":"LineString","coordinates":[[4.3693,48.0007],[4.3695,48.0033],[4.3711,48.0044],[4.3730,48.0107],[4.3721,48.0113],[4.3737,48.0121],[4.3724,48.0134],[4.3743,48.0133],[4.3732,48.0143],[4.3747,48.0148],[4.3738,48.0157],[4.3744,48.0166],[4.3800,48.0188],[4.3793,48.0198],[4.3814,48.0217],[4.3805,48.0221],[4.3815,48.0231],[4.3800,48.0228],[4.3803,48.0238],[4.3784,48.0251],[4.3755,48.0254],[4.3737,48.0271]]}},{"type":"Feature","properties":{"name":"La Laignes"},"geometry":{"type":"LineString","coordinates":[[4.3700,48.0039],[4.3697,48.0050],[4.3716,48.0073]]}},{"type":"Feature","properties":{"name":"La Laignes"},"geometry":{"type":"LineString","coordinates":[[4.3722,48.0112],[4.3695,48.0110],[4.3715,48.0151],[4.3739,48.0156]]}},{"type":"Feature","properties":{"name":"La Laignes"},"geometry":{"type":"LineString","coordinates":[[4.3693,48.0007],[4.3738,48.0050],[4.3737,48.0068],[4.3765,48.0118],[4.3818,48.0152],[4.3827,48.0175],[4.3811,48.0174],[4.3812,48.0183],[4.3831,48.0187],[4.3849,48.0209]]}},{"type":"Feature","properties":{"name":"La Laignes"},"geometry":{"type":"LineString","coordinates":[[4.3823,48.0462],[4.3822,48.0475]]}},{"type":"Feature","properties":{"name":"La Laignes"},"geometry":{"type":"LineString","coordinates":[[4.3819,48.0478],[4.3812,48.0507],[4.3821,48.0518],[4.3809,48.0526],[4.3818,48.0535],[4.3812,48.0568],[4.3833,48.0603],[4.3818,48.0639]]}},{"type":"Feature","properties":{"name":"La Laignes"},"geometry":{"type":"LineString","coordinates":[[4.3748,48.0307],[4.3758,48.0379],[4.3831,48.0432],[4.3833,48.0451],[4.3823,48.0462]]}},{"type":"Feature","properties":{"name":"La Laignes"},"geometry":{"type":"LineString","coordinates":[[4.3822,48.0475],[4.3819,48.0478]]}},{"type":"Feature","properties":{"name":"La Laignes"},"geometry":{"type":"LineString","coordinates":[[4.3849,48.0209],[4.3834,48.0244],[4.3791,48.0255],[4.3767,48.0279],[4.3772,48.0286],[4.3764,48.0303],[4.3748,48.0307]]}},{"type":"Feature","properties":{"name":"La Laignes"},"geometry":{"type":"LineString","coordinates":[[4.3736,48.0272],[4.3734,48.0302],[4.3748,48.0307]]}},{"type":"Feature","properties":{"name":"La Laignes"},"geometry":{"type":"LineString","coordinates":[[4.3737,48.0271],[4.3736,48.0272]]}},{"type":"Feature","properties":{"name":"La Traire"},"geometry":{"type":"LineString","coordinates":[[5.2358,48.0390],[5.2355,48.0389]]}},{"type":"Feature","properties":{"name":"La Traire"},"geometry":{"type":"LineString","coordinates":[[5.2361,48.0392],[5.2358,48.0390]]}},{"type":"Feature","properties":{"name":"La Traire"},"geometry":{"type":"LineString","coordinates":[[5.4284,48.0009],[5.4121,48.0103],[5.4096,48.0112],[5.3983,48.0115],[5.3973,48.0135],[5.3943,48.0129],[5.3932,48.0155],[5.3904,48.0158],[5.3883,48.0184],[5.3835,48.0178],[5.3831,48.0200],[5.3801,48.0226],[5.3769,48.0222],[5.3757,48.0245],[5.3730,48.0234],[5.3698,48.0258],[5.3640,48.0266],[5.3596,48.0242],[5.3583,48.0249],[5.3530,48.0217],[5.3450,48.0220],[5.3397,48.0209],[5.3397,48.0215],[5.3380,48.0211],[5.3387,48.0220],[5.3380,48.0227],[5.3342,48.0222],[5.3325,48.0239],[5.3300,48.0240],[5.3281,48.0256],[5.3258,48.0258],[5.3179,48.0313],[5.3159,48.0315],[5.3158,48.0327],[5.3129,48.0345],[5.3121,48.0373],[5.3091,48.0384],[5.3047,48.0379],[5.2985,48.0398],[5.2931,48.0389],[5.2869,48.0398],[5.2837,48.0384],[5.2814,48.0390],[5.2781,48.0377],[5.2761,48.0389],[5.2730,48.0385],[5.2701,48.0393],[5.2622,48.0379],[5.2586,48.0390],[5.2552,48.0375],[5.2512,48.0398],[5.2504,48.0422],[5.2477,48.0411],[5.2461,48.0389],[5.2361,48.0392]]}},{"type":"Feature","properties":{"name":"L\u0027Aujon"},"geometry":{"type":"LineString","coordinates":[[4.9156,48.0344],[4.9149,48.0349],[4.9158,48.0372]]}},{"type":"Feature","properties":{"name":"L\u0027Aujon"},"geometry":{"type":"LineString","coordinates":[[4.9156,48.0344],[4.9168,48.0371],[4.9106,48.0392],[4.9096,48.0430],[4.9066,48.0452],[4.9088,48.0468],[4.9129,48.0476],[4.9128,48.0486],[4.9148,48.0494],[4.9141,48.0521],[4.9118,48.0548],[4.9114,48.0573],[4.9051,48.0635],[4.8965,48.0699],[4.8969,48.0716],[4.8921,48.0767],[4.8932,48.0807],[4.8928,48.0844],[4.8969,48.0940],[4.8985,48.0955],[4.8973,48.0991],[4.8953,48.1010],[4.8923,48.1069],[4.8900,48.1089],[4.8876,48.1092],[4.8836,48.1144],[4.8803,48.1141],[4.8764,48.1167],[4.8751,48.1202],[4.8750,48.1243],[4.8767,48.1252],[4.8754,48.1287],[4.8768,48.1293],[4.8752,48.1316],[4.8720,48.1330],[4.8701,48.1375],[4.8679,48.1385],[4.8627,48.1369],[4.8561,48.1377],[4.8523,48.1411],[4.8499,48.1417]]}},{"type":"Feature","properties":{"name":"L\u0027Aujon"},"geometry":{"type":"LineString","coordinates":[[4.9168,48.0372],[4.9164,48.0374]]}},{"type":"Feature","properties":{"name":"L\u0027Aujon"},"geometry":{"type":"LineString","coordinates":[[4.9164,48.0374],[4.9161,48.0374]]}},{"type":"Feature","properties":{"name":"L\u0027Aujon"},"geometry":{"type":"LineString","coordinates":[[4.9161,48.0374],[4.9156,48.0374]]}},{"type":"Feature","properties":{"name":"L\u0027Aube"},"geometry":{"type":"LineString","coordinates":[[4.7916,48.0129],[4.7922,48.0156],[4.7909,48.0163]]}},{"type":"Feature","properties":{"name":"L\u0027Aube"},"geometry":{"type":"LineString","coordinates":[[4.7916,48.0129],[4.7903,48.0132],[4.7912,48.0144],[4.7911,48.0174],[4.7863,48.0204],[4.7863,48.0219],[4.7885,48.0231],[4.7867,48.0264],[4.7881,48.0272],[4.7871,48.0281],[4.7885,48.0301],[4.7850,48.0328],[4.7862,48.0334],[4.7876,48.0370],[4.7858,48.0416],[4.7884,48.0429],[4.7884,48.0444],[4.7880,48.0455],[4.7847,48.0459],[4.7860,48.0503],[4.7872,48.0508],[4.7871,48.0532],[4.7856,48.0559],[4.7842,48.0564],[4.7843,48.0575],[4.7819,48.0586],[4.7850,48.0681],[4.7833,48.0716],[4.7822,48.0710],[4.7817,48.0717],[4.7831,48.0738],[4.7806,48.0769],[4.7835,48.0775],[4.7827,48.0783],[4.7836,48.0793],[4.7821,48.0795],[4.7812,48.0809],[4.7829,48.0808],[4.7838,48.0817],[4.7840,48.0838],[4.7825,48.0845],[4.7851,48.0867],[4.7843,48.0882],[4.7857,48.0887],[4.7856,48.0905],[4.7874,48.0931],[4.7872,48.0971],[4.7859,48.0981],[4.7878,48.0998],[4.7860,48.1004],[4.7876,48.1129],[4.7904,48.1165],[4.7940,48.1184],[4.7929,48.1191],[4.7944,48.1193],[4.7932,48.1200],[4.7934,48.1215],[4.7949,48.1218],[4.7951,48.1227],[4.7977,48.1228],[4.7978,48.1255],[4.7963,48.1284],[4.7997,48.1316],[4.7999,48.1332],[4.7979,48.1333],[4.7998,48.1343],[4.7996,48.1356],[4.8008,48.1357],[4.8013,48.1384],[4.7982,48.1381],[4.7968,48.1391],[4.7974,48.1410],[4.7956,48.1418],[4.7950,48.1446],[4.7963,48.1529],[4.7950,48.1536],[4.7968,48.1537],[4.7961,48.1540],[4.7965,48.1566],[4.7988,48.1608],[4.7970,48.1614],[4.7962,48.1630],[4.7928,48.1640],[4.7858,48.1649],[4.7840,48.1644],[4.7824,48.1656],[4.7772,48.1666],[4.7789,48.1671],[4.7780,48.1686],[4.7792,48.1700],[4.7779,48.1710],[4.7796,48.1708],[4.7801,48.1718],[4.7816,48.1712],[4.7860,48.1771],[4.7854,48.1788],[4.7834,48.1787],[4.7848,48.1804],[4.7871,48.1806],[4.7896,48.1834],[4.7947,48.1836],[4.7957,48.1849],[4.7978,48.1852],[4.7965,48.1868],[4.7973,48.1880],[4.7962,48.1891],[4.7937,48.1895],[4.7927,48.1881],[4.7897,48.1873],[4.7891,48.1877],[4.7902,48.1889],[4.7884,48.1892],[4.7868,48.1877],[4.7826,48.1894],[4.7813,48.1926],[4.7833,48.1938],[4.7834,48.1958],[4.7820,48.1969],[4.7801,48.1958],[4.7795,48.1965],[4.7807,48.1986],[4.7831,48.2002],[4.7824,48.2040],[4.7769,48.2074],[4.7763,48.2087],[4.7687,48.2101],[4.7674,48.2113],[4.7656,48.2107],[4.7605,48.2115],[4.7595,48.2098],[4.7580,48.2103],[4.7579,48.2133],[4.7565,48.2142],[4.7565,48.2157],[4.7529,48.2169],[4.7525,48.2180],[4.7461,48.2178],[4.7465,48.2156],[4.7452,48.2150],[4.7412,48.2159],[4.7417,48.2177],[4.7382,48.2175],[4.7356,48.2192],[4.7256,48.2146],[4.7207,48.2155],[4.7151,48.2143]]}},{"type":"Feature","properties":{"name":"L\u0027Aube"},"geometry":{"type":"LineString","coordinates":[[4.7862,48.0334],[4.7879,48.0357],[4.7875,48.0367]]}},{"type":"Feature","properties":{"name":"La Seine - Bras"},"geometry":{"type":"LineString","coordinates":[[4.5686,47.8547],[4.5697,47.8553],[4.5690,47.8574],[4.5675,47.8576]]}},{"type":"Feature","properties":{"name":"La Seine - Bras"},"geometry":{"type":"LineString","coordinates":[[4.5670,47.8672],[4.5642,47.8678]]}}]}