{"type":"FeatureCollection","features":[{"type":"Feature","properties":{"name":"La Gargouille"},"geometry":{"type":"LineString","coordinates":[[0.1785,44.8967],[0.1807,44.9032],[0.1792,44.9066]]}},{"type":"Feature","properties":{"name":"La Gargouille"},"geometry":{"type":"LineString","coordinates":[[0.1792,44.9066],[0.1782,44.9087]]}},{"type":"Feature","properties":{"name":"La Gargouille"},"geometry":{"type":"LineString","coordinates":[[0.1777,44.9109],[0.1777,44.9110]]}},{"type":"Feature","properties":{"name":"La Gargouille"},"geometry":{"type":"LineString","coordinates":[[0.1792,44.9066],[0.1792,44.9066]]}},{"type":"Feature","properties":{"name":"La Gargouille"},"geometry":{"type":"LineString","coordinates":[[0.1777,44.9110],[0.1766,44.9139],[0.1783,44.9178],[0.1799,44.9193],[0.1848,44.9210]]}},{"type":"Feature","properties":{"name":"La Gargouille"},"geometry":{"type":"LineString","coordinates":[[0.1782,44.9087],[0.1782,44.9088]]}},{"type":"Feature","properties":{"name":"La Gargouille"},"geometry":{"type":"LineString","coordinates":[[0.1782,44.9088],[0.1777,44.9109]]}},{"type":"Feature","properties":{"name":"La Nouère"},"geometry":{"type":"LineString","coordinates":[[-0.0617,45.7766],[-0.0600,45.7740],[-0.0584,45.7735],[-0.0490,45.7754],[-0.0428,45.7737],[-0.0307,45.7730],[-0.0273,45.7707],[-0.0247,45.7666],[-0.0187,45.7678],[-0.0188,45.7670],[-0.0135,45.7668],[-0.0138,45.7661],[-0.0103,45.7646],[-0.0098,45.7624],[-0.0045,45.7575],[0.0065,45.7527],[0.0074,45.7496],[0.0059,45.7488],[0.0091,45.7478],[0.0100,45.7466],[0.0096,45.7448],[0.0108,45.7440],[0.0161,45.7330],[0.0206,45.7272],[0.0230,45.7257],[0.0238,45.7261],[0.0242,45.7248],[0.0257,45.7242],[0.0257,45.7213],[0.0291,45.7197],[0.0298,45.7174],[0.0311,45.7167],[0.0319,45.7129],[0.0295,45.7113],[0.0289,45.7090],[0.0306,45.7059],[0.0310,45.7021],[0.0323,45.7021],[0.0350,45.6974],[0.0384,45.6970]]}},{"type":"Feature","properties":{"name":"La Nouère"},"geometry":{"type":"LineString","coordinates":[[0.0607,45.6714],[0.0615,45.6671],[0.0705,45.6634],[0.0724,45.6598],[0.0716,45.6573],[0.0792,45.6520],[0.0795,45.6495],[0.0839,45.6436]]}},{"type":"Feature","properties":{"name":"La Nouère"},"geometry":{"type":"LineString","coordinates":[[0.0384,45.6970],[0.0387,45.6969]]}},{"type":"Feature","properties":{"name":"La Nouère"},"geometry":{"type":"LineString","coordinates":[[0.0608,45.6719],[0.0607,45.6714]]}},{"type":"Feature","properties":{"name":"La Nouère"},"geometry":{"type":"LineString","coordinates":[[0.0599,45.6736],[0.0608,45.6719]]}},{"type":"Feature","properties":{"name":"La Nouère"},"geometry":{"type":"LineString","coordinates":[[0.0599,45.6736],[0.0599,45.6736]]}},{"type":"Feature","properties":{"name":"La Nouère"},"geometry":{"type":"LineString","coordinates":[[0.0387,45.6969],[0.0492,45.6889],[0.0499,45.6857],[0.0529,45.6850],[0.0577,45.6761]]}},{"type":"Feature","properties":{"name":"La Nouère"},"geometry":{"type":"LineString","coordinates":[[0.0583,45.6753],[0.0599,45.6736]]}},{"type":"Feature","properties":{"name":"La Nouère"},"geometry":{"type":"LineString","coordinates":[[0.0582,45.6754],[0.0583,45.6753]]}},{"type":"Feature","properties":{"name":"La Nouère"},"geometry":{"type":"LineString","coordinates":[[0.0577,45.6761],[0.0582,45.6754]]}},{"type":"Feature","properties":{"name":"La Nouère"},"geometry":{"type":"LineString","coordinates":[[0.0577,45.6761],[0.0577,45.6761]]}},{"type":"Feature","properties":{"name":"Le Caudeau"},"geometry":{"type":"LineString","coordinates":[[0.6062,44.9081],[0.6045,44.9080],[0.6027,44.9056],[0.6032,44.9036],[0.6020,44.8998],[0.5926,44.8975],[0.5896,44.8957],[0.5882,44.8934],[0.5888,44.8900],[0.5879,44.8890],[0.5829,44.8878],[0.5812,44.8886],[0.5715,44.8878],[0.5643,44.8841],[0.5537,44.8853]]}},{"type":"Feature","properties":{"name":"Le Caudeau"},"geometry":{"type":"LineString","coordinates":[[0.5882,44.8934],[0.5866,44.8906],[0.5852,44.8899],[0.5750,44.8894],[0.5725,44.8878]]}},{"type":"Feature","properties":{"name":"Le Caudeau"},"geometry":{"type":"LineString","coordinates":[[0.5676,44.8887],[0.5643,44.8841]]}},{"type":"Feature","properties":{"name":"L\u0027Argence"},"geometry":{"type":"LineString","coordinates":[[0.1807,45.7414],[0.1738,45.7383],[0.1732,45.7368],[0.1692,45.7357],[0.1640,45.7295]]}},{"type":"Feature","properties":{"name":"L\u0027Argence"},"geometry":{"type":"LineString","coordinates":[[0.1875,45.7462],[0.1859,45.7456],[0.1853,45.7433],[0.1808,45.7415]]}},{"type":"Feature","properties":{"name":"L\u0027Argence"},"geometry":{"type":"LineString","coordinates":[[0.1808,45.7415],[0.1807,45.7414]]}},{"type":"Feature","properties":{"name":"L\u0027Argence"},"geometry":{"type":"LineString","coordinates":[[0.1563,45.7194],[0.1560,45.7193]]}},{"type":"Feature","properties":{"name":"L\u0027Argence"},"geometry":{"type":"LineString","coordinates":[[0.1560,45.7193],[0.1540,45.7159],[0.1506,45.7152],[0.1496,45.7107],[0.1485,45.7104],[0.1486,45.7087],[0.1502,45.7066],[0.1494,45.7051],[0.1448,45.7018],[0.1447,45.7004],[0.1432,45.7000],[0.1407,45.6968]]}},{"type":"Feature","properties":{"name":"L\u0027Argence"},"geometry":{"type":"LineString","coordinates":[[0.1639,45.7294],[0.1645,45.7275],[0.1637,45.7254],[0.1644,45.7247],[0.1627,45.7222],[0.1600,45.7199],[0.1563,45.7194]]}},{"type":"Feature","properties":{"name":"L\u0027Argence"},"geometry":{"type":"LineString","coordinates":[[0.1640,45.7295],[0.1639,45.7294]]}},{"type":"Feature","properties":{"name":"La Rizonne"},"geometry":{"type":"LineString","coordinates":[[0.1780,45.2035],[0.1763,45.2025],[0.1756,45.2032],[0.1715,45.2034],[0.1712,45.2049],[0.1723,45.2062],[0.1703,45.2070],[0.1705,45.2076],[0.1686,45.2070],[0.1690,45.2078],[0.1655,45.2078],[0.1651,45.2071],[0.1647,45.2080],[0.1632,45.2073],[0.1615,45.2103],[0.1571,45.2133],[0.1526,45.2139],[0.1525,45.2168],[0.1505,45.2174],[0.1471,45.2170],[0.1470,45.2156],[0.1422,45.2137],[0.1418,45.2124],[0.1394,45.2110]]}},{"type":"Feature","properties":{"name":"La Rizonne"},"geometry":{"type":"LineString","coordinates":[[0.1370,45.2077],[0.1359,45.2082]]}},{"type":"Feature","properties":{"name":"La Rizonne"},"geometry":{"type":"LineString","coordinates":[[0.2651,45.1868],[0.2572,45.1893],[0.2541,45.1926],[0.2498,45.1940],[0.2454,45.1939],[0.2447,45.1923],[0.2426,45.1913],[0.2376,45.1930],[0.2340,45.1912],[0.2209,45.1910],[0.2183,45.1932],[0.2131,45.1944],[0.2105,45.1976],[0.2055,45.1965],[0.2026,45.1988],[0.1978,45.1984],[0.1954,45.2000],[0.1898,45.2010],[0.1877,45.2001],[0.1826,45.2034],[0.1780,45.2035]]}},{"type":"Feature","properties":{"name":"La Rizonne"},"geometry":{"type":"LineString","coordinates":[[0.1394,45.2109],[0.1368,45.2074],[0.1341,45.2063]]}},{"type":"Feature","properties":{"name":"La Rizonne"},"geometry":{"type":"LineString","coordinates":[[0.1394,45.2110],[0.1394,45.2109]]}},{"type":"Feature","properties":{"name":"Vert"},"geometry":{"type":"LineString","coordinates":[[1.4433,44.5824],[1.4416,44.5819],[1.4371,44.5834],[1.4329,44.5833],[1.4315,44.5815],[1.4289,44.5802],[1.4272,44.5777],[1.4206,44.5754],[1.4187,44.5742],[1.4169,44.5712],[1.4087,44.5676],[1.4035,44.5640],[1.3983,44.5629],[1.3847,44.5636]]}},{"type":"Feature","properties":{"name":"Vert"},"geometry":{"type":"LineString","coordinates":[[1.3421,44.5560],[1.3370,44.5555],[1.3290,44.5525],[1.3270,44.5498],[1.3260,44.5461]]}},{"type":"Feature","properties":{"name":"Vert"},"geometry":{"type":"LineString","coordinates":[[1.3651,44.5602],[1.3520,44.5581],[1.3474,44.5561],[1.3421,44.5560]]}},{"type":"Feature","properties":{"name":"Vert"},"geometry":{"type":"LineString","coordinates":[[1.3651,44.5602],[1.3651,44.5602]]}},{"type":"Feature","properties":{"name":"Vert"},"geometry":{"type":"LineString","coordinates":[[1.3847,44.5636],[1.3847,44.5636]]}},{"type":"Feature","properties":{"name":"Vert"},"geometry":{"type":"LineString","coordinates":[[1.3847,44.5636],[1.3756,44.5629]]}},{"type":"Feature","properties":{"name":"Vert"},"geometry":{"type":"LineString","coordinates":[[1.3756,44.5629],[1.3755,44.5629]]}},{"type":"Feature","properties":{"name":"Vert"},"geometry":{"type":"LineString","coordinates":[[1.3755,44.5629],[1.3651,44.5602]]}},{"type":"Feature","properties":{"name":"La Dronne"},"geometry":{"type":"LineString","coordinates":[[0.6469,45.3633],[0.6462,45.3621],[0.6488,45.3567],[0.6498,45.3500],[0.6461,45.3498],[0.6419,45.3515],[0.6391,45.3548],[0.6363,45.3530],[0.6312,45.3557],[0.6281,45.3545],[0.6254,45.3503],[0.6258,45.3479],[0.6275,45.3464],[0.6265,45.3435],[0.6265,45.3376],[0.6254,45.3357],[0.6191,45.3341],[0.6102,45.3344],[0.6035,45.3317],[0.6014,45.3318],[0.6007,45.3308],[0.5969,45.3319],[0.5949,45.3340],[0.5928,45.3340],[0.5919,45.3330],[0.5917,45.3267],[0.5900,45.3233],[0.5826,45.3222],[0.5682,45.3234],[0.5621,45.3192],[0.5607,45.3139],[0.5655,45.3092],[0.5691,45.3076],[0.5683,45.3053],[0.5563,45.3031],[0.5458,45.3064],[0.5452,45.3046],[0.5475,45.3009],[0.5453,45.2992],[0.5407,45.2986],[0.5384,45.3014],[0.5362,45.3018],[0.5323,45.3003],[0.5279,45.2970],[0.5274,45.2956],[0.5282,45.2941],[0.5319,45.2958],[0.5328,45.2919],[0.5284,45.2881],[0.5287,45.2873],[0.5304,45.2853],[0.5385,45.2808],[0.5428,45.2754],[0.5443,45.2716],[0.5468,45.2701],[0.5458,45.2687],[0.5402,45.2665],[0.5340,45.2668],[0.5279,45.2679],[0.5230,45.2704],[0.5202,45.2690],[0.5107,45.2678],[0.5093,45.2639],[0.5040,45.2623],[0.5029,45.2611],[0.5032,45.2596],[0.5005,45.2578],[0.4965,45.2577],[0.4969,45.2595],[0.4956,45.2598],[0.4817,45.2591]]}},{"type":"Feature","properties":{"name":"La Dronne"},"geometry":{"type":"LineString","coordinates":[[-0.0568,45.0992],[-0.0550,45.0942],[-0.0590,45.0875],[-0.0660,45.0843],[-0.0698,45.0882],[-0.0747,45.0879],[-0.0808,45.0837],[-0.0845,45.0780]]}},{"type":"Feature","properties":{"name":"La Dronne"},"geometry":{"type":"LineString","coordinates":[[-0.0400,45.1025],[-0.0405,45.1008],[-0.0468,45.0978],[-0.0483,45.0978],[-0.0506,45.1006],[-0.0524,45.1013],[-0.0555,45.1009],[-0.0568,45.0992]]}},{"type":"Feature","properties":{"name":"La Dronne"},"geometry":{"type":"LineString","coordinates":[[-0.0366,45.1409],[-0.0373,45.1393],[-0.0323,45.1344],[-0.0290,45.1289],[-0.0315,45.1244],[-0.0417,45.1138],[-0.0416,45.1096],[-0.0389,45.1077],[-0.0410,45.1040],[-0.0400,45.1025]]}},{"type":"Feature","properties":{"name":"La Dronne"},"geometry":{"type":"LineString","coordinates":[[0.0052,45.1925],[0.0025,45.1879],[0.0017,45.1836]]}},{"type":"Feature","properties":{"name":"La Dronne"},"geometry":{"type":"LineString","coordinates":[[0.2124,45.2790],[0.2103,45.2738],[0.2106,45.2707],[0.2044,45.2637],[0.2030,45.2639],[0.2030,45.2625],[0.2002,45.2612],[0.1930,45.2620],[0.1888,45.2643],[0.1832,45.2734],[0.1784,45.2727],[0.1747,45.2697]]}},{"type":"Feature","properties":{"name":"La Dronne"},"geometry":{"type":"LineString","coordinates":[[0.0123,45.2028],[0.0090,45.2030],[0.0075,45.2022],[0.0063,45.1996],[0.0052,45.1925]]}},{"type":"Feature","properties":{"name":"La Dronne"},"geometry":{"type":"LineString","coordinates":[[0.0925,45.2278],[0.0851,45.2232],[0.0780,45.2203],[0.0656,45.2207],[0.0583,45.2244],[0.0583,45.2260],[0.0559,45.2273]]}},{"type":"Feature","properties":{"name":"La Dronne"},"geometry":{"type":"LineString","coordinates":[[0.0559,45.2273],[0.0543,45.2273],[0.0492,45.2245]]}},{"type":"Feature","properties":{"name":"La Dronne"},"geometry":{"type":"LineString","coordinates":[[0.1158,45.2137],[0.1146,45.2144]]}},{"type":"Feature","properties":{"name":"La Dronne"},"geometry":{"type":"LineString","coordinates":[[1.0200,45.6216],[1.0169,45.6236],[1.0165,45.6251],[1.0135,45.6255],[1.0100,45.6240],[1.0081,45.6251],[1.0041,45.6253],[1.0027,45.6236],[0.9993,45.6233],[0.9977,45.6201],[0.9984,45.6165],[0.9960,45.6143],[0.9946,45.6102],[0.9878,45.6070],[0.9859,45.6040],[0.9811,45.6032],[0.9755,45.6044],[0.9716,45.6098],[0.9694,45.6094],[0.9690,45.6112],[0.9657,45.6107],[0.9664,45.6128],[0.9654,45.6141],[0.9592,45.6172],[0.9576,45.6170]]}},{"type":"Feature","properties":{"name":"La Dronne"},"geometry":{"type":"LineString","coordinates":[[0.8605,45.5589],[0.8618,45.5585],[0.8609,45.5556],[0.8589,45.5543],[0.8511,45.5529],[0.8521,45.5509],[0.8456,45.5525],[0.8422,45.5519],[0.8422,45.5497],[0.8385,45.5479],[0.8405,45.5456],[0.8391,45.5419],[0.8339,45.5407],[0.8356,45.5362],[0.8324,45.5361],[0.8282,45.5332],[0.8239,45.5335],[0.8199,45.5323],[0.8186,45.5303],[0.8150,45.5312],[0.8147,45.5328],[0.8133,45.5335],[0.8133,45.5316],[0.8091,45.5308],[0.8095,45.5292],[0.8085,45.5284],[0.8057,45.5292],[0.8045,45.5283],[0.8024,45.5289],[0.8004,45.5272],[0.7992,45.5294],[0.7971,45.5276],[0.7934,45.5265],[0.7894,45.5273],[0.7889,45.5253],[0.7828,45.5210],[0.7796,45.5217],[0.7752,45.5199],[0.7731,45.5214],[0.7704,45.5214],[0.7701,45.5201],[0.7719,45.5198],[0.7725,45.5183]]}},{"type":"Feature","properties":{"name":"La Dronne"},"geometry":{"type":"LineString","coordinates":[[0.9576,45.6170],[0.9529,45.6151],[0.9461,45.6155],[0.9450,45.6146],[0.9457,45.6130],[0.9433,45.6120],[0.9444,45.6110],[0.9419,45.6093],[0.9396,45.6100],[0.9401,45.6116],[0.9368,45.6108],[0.9336,45.6120],[0.9326,45.6100],[0.9258,45.6090],[0.9258,45.6076],[0.9223,45.6060]]}},{"type":"Feature","properties":{"name":"La Dronne"},"geometry":{"type":"LineString","coordinates":[[0.7725,45.5183],[0.7718,45.5174],[0.7684,45.5176],[0.7666,45.5202],[0.7658,45.5202],[0.7617,45.5182],[0.7596,45.5143],[0.7534,45.5152],[0.7487,45.5128],[0.7493,45.5113],[0.7475,45.5109],[0.7492,45.5085],[0.7466,45.5069],[0.7481,45.4994],[0.7454,45.4972],[0.7484,45.4956],[0.7476,45.4941],[0.7483,45.4923],[0.7429,45.4891],[0.7370,45.4839],[0.7357,45.4838],[0.7348,45.4848],[0.7328,45.4845],[0.7293,45.4803],[0.7263,45.4799],[0.7239,45.4766],[0.7230,45.4734],[0.7235,45.4721],[0.7225,45.4709],[0.7244,45.4697],[0.7247,45.4674],[0.7220,45.4664],[0.7216,45.4652],[0.7220,45.4634],[0.7238,45.4629],[0.7237,45.4618],[0.7196,45.4579],[0.7234,45.4558],[0.7232,45.4535],[0.7172,45.4503],[0.7171,45.4491],[0.7151,45.4489],[0.7154,45.4465],[0.7125,45.4435],[0.7123,45.4365],[0.7096,45.4347],[0.7055,45.4340],[0.7049,45.4328],[0.7020,45.4321],[0.7019,45.4305],[0.7029,45.4297],[0.6999,45.4283],[0.7008,45.4269],[0.7000,45.4252],[0.7018,45.4238],[0.7011,45.4224],[0.7020,45.4209],[0.6960,45.4158],[0.6968,45.4140],[0.6993,45.4123],[0.6987,45.4090],[0.6957,45.4063],[0.6977,45.4023],[0.6969,45.4000],[0.6981,45.3959],[0.6955,45.3923],[0.6918,45.3901],[0.6859,45.3890],[0.6886,45.3872],[0.6885,45.3860],[0.6871,45.3856],[0.6898,45.3842],[0.6905,45.3828]]}},{"type":"Feature","properties":{"name":"La Dronne"},"geometry":{"type":"LineString","coordinates":[[0.6905,45.3828],[0.6893,45.3803],[0.6914,45.3779],[0.6904,45.3754],[0.6856,45.3740],[0.6848,45.3718],[0.6854,45.3700],[0.6825,45.3672],[0.6806,45.3599],[0.6820,45.3560],[0.6834,45.3548],[0.6821,45.3538],[0.6752,45.3529],[0.6684,45.3588],[0.6658,45.3584],[0.6634,45.3596],[0.6611,45.3586],[0.6577,45.3595],[0.6520,45.3640]]}},{"type":"Feature","properties":{"name":"La Dronne"},"geometry":{"type":"LineString","coordinates":[[0.0017,45.1836],[-0.0062,45.1793],[-0.0093,45.1742],[-0.0167,45.1705],[-0.0191,45.1649],[-0.0182,45.1618],[-0.0141,45.1601],[-0.0058,45.1587],[-0.0014,45.1596],[0.0024,45.1570],[0.0048,45.1535],[0.0017,45.1516],[-0.0129,45.1482]]}},{"type":"Feature","properties":{"name":"La Dronne"},"geometry":{"type":"LineString","coordinates":[[0.0086,45.2029],[0.0083,45.2016],[0.0072,45.2013]]}},{"type":"Feature","properties":{"name":"La Dronne"},"geometry":{"type":"LineString","coordinates":[[0.0352,45.2094],[0.0351,45.2082],[0.0330,45.2081]]}},{"type":"Feature","properties":{"name":"La Dronne"},"geometry":{"type":"LineString","coordinates":[[0.0364,45.2113],[0.0348,45.2089],[0.0299,45.2069],[0.0217,45.2042],[0.0123,45.2028]]}},{"type":"Feature","properties":{"name":"La Dronne"},"geometry":{"type":"LineString","coordinates":[[0.1146,45.2144],[0.1095,45.2187],[0.1044,45.2208],[0.1004,45.2273],[0.0925,45.2278]]}},{"type":"Feature","properties":{"name":"La Dronne"},"geometry":{"type":"LineString","coordinates":[[0.0492,45.2245],[0.0434,45.2189],[0.0386,45.2166],[0.0364,45.2113]]}},{"type":"Feature","properties":{"name":"La Dronne"},"geometry":{"type":"LineString","coordinates":[[0.1747,45.2697],[0.1728,45.2661],[0.1750,45.2606],[0.1754,45.2571],[0.1782,45.2544],[0.1722,45.2518],[0.1660,45.2525],[0.1600,45.2504],[0.1575,45.2512],[0.1543,45.2495],[0.1508,45.2451],[0.1507,45.2412],[0.1533,45.2334],[0.1519,45.2309],[0.1467,45.2289],[0.1451,45.2266],[0.1411,45.2270],[0.1346,45.2236],[0.1344,45.2207],[0.1362,45.2174],[0.1355,45.2069]]}},{"type":"Feature","properties":{"name":"La Dronne"},"geometry":{"type":"LineString","coordinates":[[0.1354,45.2068],[0.1321,45.2062],[0.1303,45.2081]]}},{"type":"Feature","properties":{"name":"La Dronne"},"geometry":{"type":"LineString","coordinates":[[0.1360,45.2101],[0.1303,45.2081]]}},{"type":"Feature","properties":{"name":"La Dronne"},"geometry":{"type":"LineString","coordinates":[[0.1355,45.2069],[0.1354,45.2068]]}},{"type":"Feature","properties":{"name":"La Dronne"},"geometry":{"type":"LineString","coordinates":[[0.1360,45.2086],[0.1344,45.2064]]}},{"type":"Feature","properties":{"name":"La Dronne"},"geometry":{"type":"LineString","coordinates":[[0.2263,45.2908],[0.2254,45.2894],[0.2239,45.2895],[0.2227,45.2909],[0.2204,45.2902]]}},{"type":"Feature","properties":{"name":"La Dronne"},"geometry":{"type":"LineString","coordinates":[[0.2275,45.2913],[0.2279,45.2908],[0.2247,45.2882],[0.2235,45.2885],[0.2203,45.2864]]}},{"type":"Feature","properties":{"name":"La Dronne"},"geometry":{"type":"LineString","coordinates":[[0.2192,45.2854],[0.2168,45.2850]]}},{"type":"Feature","properties":{"name":"La Dronne"},"geometry":{"type":"LineString","coordinates":[[0.2205,45.2830],[0.2200,45.2832]]}},{"type":"Feature","properties":{"name":"La Dronne"},"geometry":{"type":"LineString","coordinates":[[0.2241,45.2894],[0.2232,45.2883]]}},{"type":"Feature","properties":{"name":"La Dronne"},"geometry":{"type":"LineString","coordinates":[[0.2407,45.2914],[0.2357,45.2929],[0.2263,45.2908],[0.2264,45.2918],[0.2250,45.2920],[0.2234,45.2909],[0.2211,45.2910],[0.2198,45.2898],[0.2197,45.2876],[0.2214,45.2847],[0.2179,45.2856],[0.2136,45.2841],[0.2134,45.2824],[0.2149,45.2805],[0.2124,45.2790]]}},{"type":"Feature","properties":{"name":"La Dronne"},"geometry":{"type":"LineString","coordinates":[[0.2562,45.2856],[0.2563,45.2880],[0.2540,45.2894],[0.2534,45.2883],[0.2527,45.2895],[0.2487,45.2887],[0.2446,45.2920],[0.2434,45.2910],[0.2407,45.2914]]}},{"type":"Feature","properties":{"name":"La Dronne"},"geometry":{"type":"LineString","coordinates":[[0.2285,45.2916],[0.2272,45.2901]]}},{"type":"Feature","properties":{"name":"La Dronne"},"geometry":{"type":"LineString","coordinates":[[0.4817,45.2591],[0.4802,45.2579],[0.4740,45.2579],[0.4725,45.2563],[0.4689,45.2573],[0.4636,45.2546],[0.4581,45.2532],[0.4558,45.2535],[0.4530,45.2518],[0.4470,45.2521],[0.4428,45.2535],[0.4375,45.2525],[0.4349,45.2503],[0.4315,45.2509],[0.4291,45.2539],[0.4258,45.2538],[0.4263,45.2547],[0.4235,45.2573],[0.4209,45.2565],[0.4196,45.2570],[0.4110,45.2524],[0.4065,45.2520],[0.4044,45.2533],[0.4031,45.2523],[0.4005,45.2538],[0.3983,45.2535],[0.3956,45.2550],[0.3794,45.2592],[0.3784,45.2612],[0.3742,45.2608],[0.3685,45.2571],[0.3572,45.2603],[0.3544,45.2588],[0.3525,45.2590],[0.3512,45.2569],[0.3485,45.2554],[0.3376,45.2575],[0.3345,45.2594],[0.3348,45.2614],[0.3299,45.2633],[0.3253,45.2639],[0.3218,45.2619],[0.3163,45.2625],[0.3085,45.2610],[0.3075,45.2624],[0.3019,45.2632],[0.3019,45.2650],[0.2992,45.2672],[0.2996,45.2690],[0.2951,45.2697],[0.2953,45.2708],[0.2861,45.2707],[0.2799,45.2683],[0.2753,45.2693],[0.2733,45.2682],[0.2631,45.2808],[0.2562,45.2856]]}},{"type":"Feature","properties":{"name":"La Dronne"},"geometry":{"type":"LineString","coordinates":[[0.1303,45.2081],[0.1253,45.2095],[0.1209,45.2125],[0.1158,45.2137]]}},{"type":"Feature","properties":{"name":"La Dronne"},"geometry":{"type":"LineString","coordinates":[[0.3521,45.2585],[0.3485,45.2592],[0.3455,45.2585],[0.3405,45.2596],[0.3387,45.2574]]}},{"type":"Feature","properties":{"name":"La Dronne"},"geometry":{"type":"LineString","coordinates":[[0.6520,45.3640],[0.6492,45.3628],[0.6469,45.3633]]}},{"type":"Feature","properties":{"name":"La Dronne"},"geometry":{"type":"LineString","coordinates":[[0.2562,45.2856],[0.2519,45.2871],[0.2486,45.2870],[0.2407,45.2914]]}},{"type":"Feature","properties":{"name":"La Dronne"},"geometry":{"type":"LineString","coordinates":[[0.2790,45.2684],[0.2735,45.2683]]}},{"type":"Feature","properties":{"name":"La Dronne"},"geometry":{"type":"LineString","coordinates":[[0.3845,45.2583],[0.3841,45.2604],[0.3809,45.2590]]}},{"type":"Feature","properties":{"name":"La Dronne"},"geometry":{"type":"LineString","coordinates":[[0.4797,45.2581],[0.4788,45.2595],[0.4756,45.2581]]}},{"type":"Feature","properties":{"name":"La Dronne"},"geometry":{"type":"LineString","coordinates":[[0.5917,45.3272],[0.5915,45.3265]]}},{"type":"Feature","properties":{"name":"La Dronne"},"geometry":{"type":"LineString","coordinates":[[0.1642,45.2518],[0.1612,45.2529],[0.1575,45.2512]]}},{"type":"Feature","properties":{"name":"La Dronne"},"geometry":{"type":"LineString","coordinates":[[0.1357,45.2074],[0.1347,45.2073]]}},{"type":"Feature","properties":{"name":"La Dronne"},"geometry":{"type":"LineString","coordinates":[[0.1526,45.2365],[0.1542,45.2364],[0.1548,45.2353],[0.1532,45.2332]]}},{"type":"Feature","properties":{"name":"La Dronne"},"geometry":{"type":"LineString","coordinates":[[0.2275,45.2913],[0.2264,45.2918]]}},{"type":"Feature","properties":{"name":"La Dronne"},"geometry":{"type":"LineString","coordinates":[[0.2250,45.2885],[0.2243,45.2882]]}},{"type":"Feature","properties":{"name":"La Dronne"},"geometry":{"type":"LineString","coordinates":[[1.0297,45.6153],[1.0294,45.6153]]}},{"type":"Feature","properties":{"name":"La Dronne"},"geometry":{"type":"LineString","coordinates":[[1.0537,45.6196],[1.0512,45.6190],[1.0486,45.6197],[1.0464,45.6172],[1.0408,45.6150],[1.0373,45.6146],[1.0365,45.6160],[1.0339,45.6151],[1.0297,45.6153]]}},{"type":"Feature","properties":{"name":"La Dronne"},"geometry":{"type":"LineString","coordinates":[[1.0539,45.6197],[1.0537,45.6196]]}},{"type":"Feature","properties":{"name":"La Dronne"},"geometry":{"type":"LineString","coordinates":[[1.0636,45.6332],[1.0637,45.6331]]}},{"type":"Feature","properties":{"name":"La Dronne"},"geometry":{"type":"LineString","coordinates":[[1.0637,45.6331],[1.0634,45.6300],[1.0660,45.6293],[1.0672,45.6275],[1.0613,45.6228],[1.0539,45.6197]]}},{"type":"Feature","properties":{"name":"La Dronne"},"geometry":{"type":"LineString","coordinates":[[1.0763,45.6461],[1.0760,45.6451],[1.0719,45.6434],[1.0698,45.6387],[1.0671,45.6378],[1.0669,45.6362],[1.0638,45.6342],[1.0636,45.6332]]}},{"type":"Feature","properties":{"name":"La Dronne"},"geometry":{"type":"LineString","coordinates":[[1.0294,45.6153],[1.0259,45.6160],[1.0232,45.6181],[1.0245,45.6212],[1.0202,45.6216]]}},{"type":"Feature","properties":{"name":"La Dronne"},"geometry":{"type":"LineString","coordinates":[[1.0202,45.6216],[1.0200,45.6216]]}},{"type":"Feature","properties":{"name":"La Dronne"},"geometry":{"type":"LineString","coordinates":[[0.6963,45.4074],[0.6957,45.4063]]}},{"type":"Feature","properties":{"name":"La Dronne"},"geometry":{"type":"LineString","coordinates":[[-0.0129,45.1482],[-0.0202,45.1466],[-0.0269,45.1421],[-0.0366,45.1409]]}},{"type":"Feature","properties":{"name":"La Dronne"},"geometry":{"type":"LineString","coordinates":[[0.5866,45.3229],[0.5843,45.3227]]}},{"type":"Feature","properties":{"name":"La Dronne"},"geometry":{"type":"LineString","coordinates":[[0.6815,45.3636],[0.6814,45.3635]]}},{"type":"Feature","properties":{"name":"La Dronne"},"geometry":{"type":"LineString","coordinates":[[0.6814,45.3633],[0.6814,45.3622]]}},{"type":"Feature","properties":{"name":"La Dronne"},"geometry":{"type":"LineString","coordinates":[[0.7112,45.4359],[0.7106,45.4352]]}},{"type":"Feature","properties":{"name":"La Dronne"},"geometry":{"type":"LineString","coordinates":[[0.7111,45.4357],[0.7108,45.4353]]}},{"type":"Feature","properties":{"name":"La Dronne"},"geometry":{"type":"LineString","coordinates":[[0.7124,45.4424],[0.7123,45.4415]]}},{"type":"Feature","properties":{"name":"La Dronne"},"geometry":{"type":"LineString","coordinates":[[0.7194,45.4509],[0.7173,45.4494]]}},{"type":"Feature","properties":{"name":"La Dronne"},"geometry":{"type":"LineString","coordinates":[[0.7225,45.4606],[0.7221,45.4600]]}},{"type":"Feature","properties":{"name":"La Dronne"},"geometry":{"type":"LineString","coordinates":[[0.7218,45.4643],[0.7236,45.4630]]}},{"type":"Feature","properties":{"name":"La Dronne"},"geometry":{"type":"LineString","coordinates":[[0.7249,45.4779],[0.7242,45.4770]]}},{"type":"Feature","properties":{"name":"La Dronne"},"geometry":{"type":"LineString","coordinates":[[0.7372,45.4841],[0.7353,45.4834],[0.7351,45.4845]]}},{"type":"Feature","properties":{"name":"La Dronne"},"geometry":{"type":"LineString","coordinates":[[0.7364,45.4838],[0.7350,45.4848]]}},{"type":"Feature","properties":{"name":"La Dronne"},"geometry":{"type":"LineString","coordinates":[[0.7683,45.5180],[0.7677,45.5186]]}},{"type":"Feature","properties":{"name":"La Dronne"},"geometry":{"type":"LineString","coordinates":[[0.7682,45.5186],[0.7675,45.5189]]}},{"type":"Feature","properties":{"name":"La Dronne"},"geometry":{"type":"LineString","coordinates":[[0.4261,45.2538],[0.4245,45.2533],[0.4202,45.2560]]}},{"type":"Feature","properties":{"name":"La Dronne"},"geometry":{"type":"LineString","coordinates":[[0.4211,45.2565],[0.4155,45.2538]]}},{"type":"Feature","properties":{"name":"La Dronne"},"geometry":{"type":"LineString","coordinates":[[0.4962,45.2597],[0.4938,45.2590]]}},{"type":"Feature","properties":{"name":"La Dronne"},"geometry":{"type":"LineString","coordinates":[[0.2955,45.2697],[0.2901,45.2690],[0.2890,45.2704]]}},{"type":"Feature","properties":{"name":"La Dronne"},"geometry":{"type":"LineString","coordinates":[[0.8142,45.5332],[0.8136,45.5335]]}},{"type":"Feature","properties":{"name":"La Dronne"},"geometry":{"type":"LineString","coordinates":[[0.8134,45.5335],[0.8131,45.5331]]}},{"type":"Feature","properties":{"name":"La Dronne"},"geometry":{"type":"LineString","coordinates":[[0.8192,45.5320],[0.8191,45.5315]]}},{"type":"Feature","properties":{"name":"La Dronne"},"geometry":{"type":"LineString","coordinates":[[0.8192,45.5320],[0.8191,45.5315]]}},{"type":"Feature","properties":{"name":"La Dronne"},"geometry":{"type":"LineString","coordinates":[[0.8405,45.5458],[0.8403,45.5453]]}},{"type":"Feature","properties":{"name":"La Dronne"},"geometry":{"type":"LineString","coordinates":[[0.8329,45.5360],[0.8319,45.5358]]}},{"type":"Feature","properties":{"name":"La Dronne"},"geometry":{"type":"LineString","coordinates":[[0.8327,45.5361],[0.8324,45.5359]]}},{"type":"Feature","properties":{"name":"La Dronne"},"geometry":{"type":"LineString","coordinates":[[0.8410,45.5489],[0.8402,45.5487]]}},{"type":"Feature","properties":{"name":"La Dronne"},"geometry":{"type":"LineString","coordinates":[[0.8423,45.5501],[0.8421,45.5497]]}},{"type":"Feature","properties":{"name":"La Dronne"},"geometry":{"type":"LineString","coordinates":[[0.8595,45.5547],[0.8586,45.5543]]}},{"type":"Feature","properties":{"name":"La Dronne"},"geometry":{"type":"LineString","coordinates":[[0.8703,45.5715],[0.8685,45.5714],[0.8634,45.5682],[0.8643,45.5663],[0.8686,45.5651],[0.8685,45.5644],[0.8632,45.5628],[0.8605,45.5589]]}},{"type":"Feature","properties":{"name":"La Dronne"},"geometry":{"type":"LineString","coordinates":[[0.9223,45.6060],[0.9145,45.6039],[0.9107,45.6045],[0.9096,45.6049],[0.9106,45.6059],[0.9094,45.6073],[0.9061,45.6090],[0.9055,45.6070],[0.9007,45.6036],[0.9017,45.6023],[0.9011,45.6013],[0.8981,45.6000],[0.8909,45.6020],[0.8856,45.6018],[0.8841,45.6043],[0.8804,45.6030],[0.8767,45.6004],[0.8793,45.5980],[0.8748,45.5972],[0.8735,45.5955],[0.8742,45.5938],[0.8710,45.5936],[0.8731,45.5921],[0.8726,45.5910],[0.8708,45.5909],[0.8677,45.5884],[0.8696,45.5867],[0.8689,45.5840],[0.8727,45.5838],[0.8717,45.5823],[0.8673,45.5802],[0.8685,45.5761],[0.8705,45.5731],[0.8749,45.5740],[0.8744,45.5717],[0.8703,45.5715]]}},{"type":"Feature","properties":{"name":"La Dronne"},"geometry":{"type":"LineString","coordinates":[[0.8703,45.5835],[0.8706,45.5837]]}},{"type":"Feature","properties":{"name":"La Dronne"},"geometry":{"type":"LineString","coordinates":[[0.8717,45.5907],[0.8711,45.5909]]}},{"type":"Feature","properties":{"name":"La Dronne"},"geometry":{"type":"LineString","coordinates":[[0.8741,45.5945],[0.8742,45.5940]]}},{"type":"Feature","properties":{"name":"La Dronne"},"geometry":{"type":"LineString","coordinates":[[0.8831,45.6043],[0.8822,45.6040]]}},{"type":"Feature","properties":{"name":"La Dronne"},"geometry":{"type":"LineString","coordinates":[[0.8827,45.6044],[0.8825,45.6041]]}},{"type":"Feature","properties":{"name":"La Dronne"},"geometry":{"type":"LineString","coordinates":[[0.8990,45.6002],[0.8984,45.6002]]}},{"type":"Feature","properties":{"name":"La Dronne"},"geometry":{"type":"LineString","coordinates":[[0.9080,45.6082],[0.9076,45.6084]]}},{"type":"Feature","properties":{"name":"La Dronne"},"geometry":{"type":"LineString","coordinates":[[0.9100,45.6053],[0.9103,45.6057]]}},{"type":"Feature","properties":{"name":"La Gorre"},"geometry":{"type":"LineString","coordinates":[[0.9851,45.7234],[0.9844,45.7289],[0.9872,45.7307],[0.9842,45.7330],[0.9868,45.7349],[0.9829,45.7366],[0.9821,45.7389],[0.9797,45.7390],[0.9747,45.7426],[0.9738,45.7472],[0.9712,45.7506],[0.9716,45.7524],[0.9696,45.7545],[0.9651,45.7548],[0.9637,45.7589],[0.9596,45.7614],[0.9598,45.7629],[0.9564,45.7676],[0.9576,45.7685],[0.9555,45.7696],[0.9563,45.7706],[0.9550,45.7719],[0.9556,45.7740],[0.9573,45.7747],[0.9562,45.7760],[0.9569,45.7800],[0.9602,45.7798],[0.9600,45.7821],[0.9530,45.7871],[0.9487,45.7886]]}},{"type":"Feature","properties":{"name":"La Gorre"},"geometry":{"type":"LineString","coordinates":[[1.0020,45.7040],[1.0025,45.7062],[0.9986,45.7083],[0.9942,45.7151],[0.9905,45.7173]]}},{"type":"Feature","properties":{"name":"La Gorre"},"geometry":{"type":"LineString","coordinates":[[0.9904,45.7173],[0.9851,45.7234]]}},{"type":"Feature","properties":{"name":"La Gorre"},"geometry":{"type":"LineString","coordinates":[[0.9905,45.7173],[0.9904,45.7173]]}},{"type":"Feature","properties":{"name":"La Gorre"},"geometry":{"type":"LineString","coordinates":[[1.0021,45.7039],[1.0020,45.7040]]}},{"type":"Feature","properties":{"name":"La Gorre"},"geometry":{"type":"LineString","coordinates":[[1.0024,45.7037],[1.0021,45.7039]]}},{"type":"Feature","properties":{"name":"La Ligoure"},"geometry":{"type":"LineString","coordinates":[[1.2959,45.6534],[1.2941,45.6563],[1.2970,45.6603],[1.2966,45.6641],[1.2992,45.6657],[1.2992,45.6677],[1.2978,45.6694],[1.3002,45.6701],[1.3000,45.6711],[1.3012,45.6718],[1.2996,45.6738],[1.2996,45.6762],[1.3030,45.6772],[1.3046,45.6792],[1.3047,45.6821],[1.3037,45.6823],[1.3059,45.6853],[1.3059,45.6900],[1.3133,45.6949],[1.3121,45.6967],[1.3134,45.6976],[1.3118,45.6994],[1.3117,45.7023],[1.3154,45.7052],[1.3151,45.7073],[1.3170,45.7085],[1.3144,45.7097],[1.3152,45.7107],[1.3142,45.7122],[1.3150,45.7127],[1.3146,45.7141],[1.3110,45.7161],[1.3109,45.7174],[1.3096,45.7181],[1.3105,45.7203],[1.3128,45.7201],[1.3128,45.7210],[1.3104,45.7224],[1.3116,45.7237],[1.3080,45.7257],[1.3090,45.7301],[1.3084,45.7328],[1.3111,45.7333],[1.3124,45.7372]]}},{"type":"Feature","properties":{"name":"La Lidoire"},"geometry":{"type":"LineString","coordinates":[[0.1134,44.9255],[0.1096,44.9237],[0.1108,44.9211],[0.1098,44.9196],[0.1050,44.9168]]}},{"type":"Feature","properties":{"name":"La Lidoire"},"geometry":{"type":"LineString","coordinates":[[0.1274,44.9266],[0.1203,44.9260]]}},{"type":"Feature","properties":{"name":"La Lidoire"},"geometry":{"type":"LineString","coordinates":[[0.0583,44.8935],[0.0546,44.8916],[0.0479,44.8933],[0.0438,44.8923],[0.0419,44.8908],[0.0406,44.8869],[0.0390,44.8866],[0.0373,44.8846],[0.0344,44.8853],[0.0333,44.8846],[0.0326,44.8854],[0.0314,44.8847],[0.0286,44.8856],[0.0291,44.8870],[0.0255,44.8883],[0.0180,44.8868],[0.0174,44.8878],[0.0142,44.8881],[0.0134,44.8867],[0.0146,44.8859],[0.0128,44.8857],[0.0120,44.8845],[0.0090,44.8835],[0.0093,44.8830],[0.0060,44.8836],[0.0032,44.8820],[0.0034,44.8807],[0.0021,44.8793],[0.0026,44.8785],[0.0013,44.8778],[0.0022,44.8773],[0.0010,44.8765],[0.0017,44.8756]]}},{"type":"Feature","properties":{"name":"La Lidoire"},"geometry":{"type":"LineString","coordinates":[[-0.0101,44.8586],[-0.0252,44.8572],[-0.0317,44.8560],[-0.0314,44.8550],[-0.0322,44.8547],[-0.0330,44.8560],[-0.0348,44.8549],[-0.0336,44.8539],[-0.0340,44.8522]]}},{"type":"Feature","properties":{"name":"La Lidoire"},"geometry":{"type":"LineString","coordinates":[[-0.0049,44.8688],[-0.0070,44.8689],[-0.0072,44.8676],[-0.0086,44.8677],[-0.0089,44.8640],[-0.0077,44.8632],[-0.0087,44.8616]]}},{"type":"Feature","properties":{"name":"La Lidoire"},"geometry":{"type":"LineString","coordinates":[[0.0841,44.9032],[0.0775,44.9033],[0.0754,44.9022],[0.0756,44.8999],[0.0728,44.8989],[0.0705,44.8964],[0.0636,44.8978],[0.0590,44.8948]]}},{"type":"Feature","properties":{"name":"La Lidoire"},"geometry":{"type":"LineString","coordinates":[[0.1050,44.9168],[0.1008,44.9163],[0.1001,44.9137],[0.1009,44.9126],[0.0999,44.9125],[0.1000,44.9106],[0.0984,44.9090],[0.0989,44.9084],[0.0974,44.9083],[0.0974,44.9073],[0.0953,44.9074],[0.0913,44.9046],[0.0870,44.9046],[0.0868,44.9037],[0.0841,44.9032]]}},{"type":"Feature","properties":{"name":"La Lidoire"},"geometry":{"type":"LineString","coordinates":[[0.0212,44.8873],[0.0200,44.8882],[0.0174,44.8878]]}},{"type":"Feature","properties":{"name":"La Lidoire"},"geometry":{"type":"LineString","coordinates":[[0.0409,44.8886],[0.0408,44.8874]]}},{"type":"Feature","properties":{"name":"La Lidoire"},"geometry":{"type":"LineString","coordinates":[[0.0073,44.8831],[0.0055,44.8827]]}},{"type":"Feature","properties":{"name":"La Lidoire"},"geometry":{"type":"LineString","coordinates":[[0.0590,44.8948],[0.0589,44.8948]]}},{"type":"Feature","properties":{"name":"La Lidoire"},"geometry":{"type":"LineString","coordinates":[[0.0017,44.8756],[0.0033,44.8746],[0.0029,44.8739],[-0.0004,44.8723],[0.0000,44.8710],[-0.0009,44.8701],[-0.0050,44.8694],[-0.0049,44.8688]]}},{"type":"Feature","properties":{"name":"La Lidoire"},"geometry":{"type":"LineString","coordinates":[[-0.0087,44.8616],[-0.0089,44.8601]]}},{"type":"Feature","properties":{"name":"La Lidoire"},"geometry":{"type":"LineString","coordinates":[[-0.0089,44.8601],[-0.0101,44.8586]]}},{"type":"Feature","properties":{"name":"La Lidoire"},"geometry":{"type":"LineString","coordinates":[[0.0589,44.8948],[0.0583,44.8935]]}},{"type":"Feature","properties":{"name":"La Lidoire"},"geometry":{"type":"LineString","coordinates":[[0.1203,44.9260],[0.1190,44.9256],[0.1172,44.9271],[0.1134,44.9255]]}},{"type":"Feature","properties":{"name":"La Lidoire"},"geometry":{"type":"LineString","coordinates":[[0.1203,44.9260],[0.1203,44.9260]]}},{"type":"Feature","properties":{"name":"La Boucheuse"},"geometry":{"type":"LineString","coordinates":[[1.4342,45.5649],[1.4340,45.5617]]}},{"type":"Feature","properties":{"name":"La Boucheuse"},"geometry":{"type":"LineString","coordinates":[[1.2542,45.4497],[1.2519,45.4461],[1.2533,45.4440],[1.2563,45.4425],[1.2556,45.4386],[1.2590,45.4372],[1.2597,45.4349],[1.2586,45.4320],[1.2560,45.4313],[1.2563,45.4292],[1.2641,45.4244],[1.2694,45.4241]]}},{"type":"Feature","properties":{"name":"La Boucheuse"},"geometry":{"type":"LineString","coordinates":[[1.2666,45.4598],[1.2651,45.4575],[1.2629,45.4574],[1.2624,45.4551],[1.2646,45.4541],[1.2648,45.4531],[1.2630,45.4507],[1.2566,45.4523],[1.2542,45.4497]]}},{"type":"Feature","properties":{"name":"La Boucheuse"},"geometry":{"type":"LineString","coordinates":[[1.3486,45.4888],[1.3381,45.4876],[1.3363,45.4886],[1.3324,45.4869],[1.3330,45.4852],[1.3292,45.4855],[1.3271,45.4841],[1.3264,45.4866],[1.3231,45.4861],[1.3235,45.4877],[1.3252,45.4883],[1.3242,45.4896],[1.3146,45.4911],[1.3142,45.4928],[1.3084,45.4924],[1.3064,45.4907],[1.3086,45.4885],[1.3071,45.4865],[1.3014,45.4863],[1.3025,45.4837],[1.2980,45.4812],[1.2975,45.4763],[1.2936,45.4769],[1.2953,45.4747],[1.2943,45.4702],[1.2853,45.4664],[1.2838,45.4665],[1.2827,45.4678],[1.2807,45.4671],[1.2776,45.4629],[1.2740,45.4603],[1.2666,45.4598]]}},{"type":"Feature","properties":{"name":"La Boucheuse"},"geometry":{"type":"LineString","coordinates":[[1.3498,45.4923],[1.3484,45.4916],[1.3495,45.4894],[1.3486,45.4888]]}},{"type":"Feature","properties":{"name":"La Boucheuse"},"geometry":{"type":"LineString","coordinates":[[1.3498,45.4923],[1.3471,45.4914],[1.3487,45.4900],[1.3486,45.4888]]}},{"type":"Feature","properties":{"name":"La Boucheuse"},"geometry":{"type":"LineString","coordinates":[[1.4340,45.5617],[1.4345,45.5606],[1.4336,45.5571],[1.4321,45.5556],[1.4325,45.5529],[1.4269,45.5453],[1.4278,45.5435],[1.4246,45.5428],[1.4249,45.5404],[1.4210,45.5364],[1.4202,45.5315],[1.4165,45.5298],[1.4161,45.5284],[1.4132,45.5290],[1.4108,45.5273],[1.4073,45.5270],[1.4077,45.5242],[1.4035,45.5215],[1.4022,45.5189],[1.3984,45.5172],[1.3991,45.5169],[1.3977,45.5156],[1.3983,45.5149],[1.3975,45.5146],[1.3982,45.5129],[1.3975,45.5124],[1.3987,45.5117],[1.3959,45.5099],[1.3944,45.5066],[1.3915,45.5076]]}},{"type":"Feature","properties":{"name":"La Boucheuse"},"geometry":{"type":"LineString","coordinates":[[1.3915,45.5076],[1.3914,45.5077]]}},{"type":"Feature","properties":{"name":"La Boucheuse"},"geometry":{"type":"LineString","coordinates":[[1.3914,45.5077],[1.3835,45.5089],[1.3834,45.5100],[1.3819,45.5100],[1.3811,45.5112],[1.3747,45.5108],[1.3717,45.5076],[1.3667,45.5056],[1.3662,45.5045],[1.3676,45.5043],[1.3682,45.5030],[1.3678,45.5012],[1.3640,45.4982],[1.3597,45.4976],[1.3580,45.4963],[1.3579,45.4946],[1.3542,45.4946],[1.3537,45.4935],[1.3553,45.4924],[1.3552,45.4911],[1.3498,45.4923]]}},{"type":"Feature","properties":{"name":"La Dourdenne"},"geometry":{"type":"LineString","coordinates":[[0.3438,44.6173],[0.3424,44.6190],[0.3399,44.6190],[0.3391,44.6201],[0.3377,44.6199],[0.3317,44.6232],[0.3307,44.6252],[0.3234,44.6279],[0.3200,44.6318]]}},{"type":"Feature","properties":{"name":"La Dourdenne"},"geometry":{"type":"LineString","coordinates":[[0.3772,44.5986],[0.3618,44.6038]]}},{"type":"Feature","properties":{"name":"La Dourdenne"},"geometry":{"type":"LineString","coordinates":[[0.3874,44.5931],[0.3873,44.5942],[0.3847,44.5961],[0.3791,44.5973],[0.3772,44.5986]]}},{"type":"Feature","properties":{"name":"La Dourdenne"},"geometry":{"type":"LineString","coordinates":[[0.3490,44.6152],[0.3477,44.6170],[0.3438,44.6173]]}},{"type":"Feature","properties":{"name":"La Dourdenne"},"geometry":{"type":"LineString","coordinates":[[0.3618,44.6038],[0.3589,44.6046]]}},{"type":"Feature","properties":{"name":"La Dourdenne"},"geometry":{"type":"LineString","coordinates":[[0.3515,44.6132],[0.3490,44.6152]]}},{"type":"Feature","properties":{"name":"La Dourdenne"},"geometry":{"type":"LineString","coordinates":[[0.3589,44.6046],[0.3541,44.6074],[0.3515,44.6132]]}},{"type":"Feature","properties":{"name":"La Nizonne"},"geometry":{"type":"LineString","coordinates":[[0.4069,45.4918],[0.3975,45.4890],[0.3907,45.4854],[0.3808,45.4861],[0.3783,45.4836],[0.3788,45.4791],[0.3770,45.4765],[0.3662,45.4747],[0.3628,45.4766],[0.3604,45.4765],[0.3589,45.4737],[0.3592,45.4702],[0.3606,45.4677],[0.3593,45.4663],[0.3494,45.4644],[0.3474,45.4619],[0.3442,45.4605],[0.3425,45.4608],[0.3409,45.4625],[0.3382,45.4626],[0.3367,45.4611],[0.3333,45.4597]]}},{"type":"Feature","properties":{"name":"La Nizonne"},"geometry":{"type":"LineString","coordinates":[[0.3778,45.4842],[0.3750,45.4763]]}},{"type":"Feature","properties":{"name":"La Nizonne"},"geometry":{"type":"LineString","coordinates":[[0.3781,45.4847],[0.3778,45.4842]]}},{"type":"Feature","properties":{"name":"La Nizonne"},"geometry":{"type":"LineString","coordinates":[[0.3785,45.4825],[0.3775,45.4825]]}},{"type":"Feature","properties":{"name":"La Lizonne"},"geometry":{"type":"LineString","coordinates":[[0.3333,45.4597],[0.3325,45.4591],[0.3333,45.4553],[0.3301,45.4432],[0.3256,45.4411],[0.3258,45.4402],[0.3238,45.4392],[0.3209,45.4356],[0.3175,45.4359],[0.3130,45.4327],[0.3065,45.4337],[0.3030,45.4320],[0.2923,45.4338],[0.2864,45.4313],[0.2818,45.4278],[0.2762,45.4269],[0.2709,45.4207],[0.2717,45.4162],[0.2690,45.4133],[0.2700,45.4123],[0.2686,45.4105],[0.2690,45.4090],[0.2651,45.4054],[0.2664,45.4026],[0.2628,45.3969],[0.2586,45.3950],[0.2593,45.3929],[0.2570,45.3890],[0.2577,45.3874],[0.2539,45.3832],[0.2535,45.3803],[0.2518,45.3785],[0.2510,45.3761],[0.2522,45.3745],[0.2479,45.3694],[0.2501,45.3678],[0.2492,45.3644],[0.2502,45.3606],[0.2542,45.3565],[0.2537,45.3554],[0.2566,45.3540],[0.2588,45.3509],[0.2581,45.3490],[0.2589,45.3462]]}},{"type":"Feature","properties":{"name":"La Lizonne"},"geometry":{"type":"LineString","coordinates":[[0.2621,45.2957],[0.2606,45.2949],[0.2590,45.2921],[0.2525,45.2895]]}},{"type":"Feature","properties":{"name":"La Lizonne"},"geometry":{"type":"LineString","coordinates":[[0.2620,45.2957],[0.2581,45.2954],[0.2573,45.2935],[0.2520,45.2911],[0.2464,45.2903]]}},{"type":"Feature","properties":{"name":"La Lizonne"},"geometry":{"type":"LineString","coordinates":[[0.2607,45.2950],[0.2595,45.2952]]}},{"type":"Feature","properties":{"name":"La Lizonne"},"geometry":{"type":"LineString","coordinates":[[0.2528,45.2914],[0.2527,45.2899]]}},{"type":"Feature","properties":{"name":"La Lizonne"},"geometry":{"type":"LineString","coordinates":[[0.2395,45.2947],[0.2381,45.2945],[0.2368,45.2929]]}},{"type":"Feature","properties":{"name":"La Lizonne"},"geometry":{"type":"LineString","coordinates":[[0.2692,45.3065],[0.2704,45.3046],[0.2692,45.3007],[0.2670,45.2982],[0.2621,45.2957]]}},{"type":"Feature","properties":{"name":"La Lizonne"},"geometry":{"type":"LineString","coordinates":[[0.2699,45.3051],[0.2672,45.3024],[0.2672,45.2985]]}},{"type":"Feature","properties":{"name":"La Lizonne"},"geometry":{"type":"LineString","coordinates":[[0.2698,45.3147],[0.2720,45.3107],[0.2715,45.3069],[0.2731,45.3016]]}},{"type":"Feature","properties":{"name":"La Lizonne"},"geometry":{"type":"LineString","coordinates":[[0.2731,45.3016],[0.2713,45.3009]]}},{"type":"Feature","properties":{"name":"La Lizonne"},"geometry":{"type":"LineString","coordinates":[[0.2713,45.3009],[0.2672,45.2985]]}},{"type":"Feature","properties":{"name":"La Lizonne"},"geometry":{"type":"LineString","coordinates":[[0.2718,45.3052],[0.2699,45.3051]]}},{"type":"Feature","properties":{"name":"La Lizonne"},"geometry":{"type":"LineString","coordinates":[[0.2644,45.3040],[0.2675,45.3026]]}},{"type":"Feature","properties":{"name":"La Lizonne"},"geometry":{"type":"LineString","coordinates":[[0.2641,45.3021],[0.2665,45.3020],[0.2671,45.3000]]}},{"type":"Feature","properties":{"name":"La Lizonne"},"geometry":{"type":"LineString","coordinates":[[0.2696,45.3114],[0.2714,45.3078]]}},{"type":"Feature","properties":{"name":"La Lizonne"},"geometry":{"type":"LineString","coordinates":[[0.2703,45.3099],[0.2698,45.3096]]}},{"type":"Feature","properties":{"name":"La Lizonne"},"geometry":{"type":"LineString","coordinates":[[0.2710,45.3084],[0.2693,45.3081]]}},{"type":"Feature","properties":{"name":"La Lizonne"},"geometry":{"type":"LineString","coordinates":[[0.2690,45.3186],[0.2686,45.3152],[0.2700,45.3072],[0.2692,45.3065]]}},{"type":"Feature","properties":{"name":"La Lizonne"},"geometry":{"type":"LineString","coordinates":[[0.2690,45.3186],[0.2710,45.3157],[0.2692,45.3137]]}},{"type":"Feature","properties":{"name":"La Lizonne"},"geometry":{"type":"LineString","coordinates":[[0.2606,45.3371],[0.2607,45.3370]]}},{"type":"Feature","properties":{"name":"La Lizonne"},"geometry":{"type":"LineString","coordinates":[[0.2635,45.3367],[0.2624,45.3362]]}},{"type":"Feature","properties":{"name":"La Lizonne"},"geometry":{"type":"LineString","coordinates":[[0.2635,45.3367],[0.2665,45.3328],[0.2656,45.3295],[0.2669,45.3228],[0.2690,45.3186]]}},{"type":"Feature","properties":{"name":"La Lizonne"},"geometry":{"type":"LineString","coordinates":[[0.2635,45.3367],[0.2640,45.3360]]}},{"type":"Feature","properties":{"name":"La Lizonne"},"geometry":{"type":"LineString","coordinates":[[0.2665,45.3327],[0.2707,45.3260],[0.2712,45.3229],[0.2704,45.3205],[0.2757,45.3183],[0.2736,45.3162]]}},{"type":"Feature","properties":{"name":"La Lizonne"},"geometry":{"type":"LineString","coordinates":[[0.2707,45.3260],[0.2707,45.3256]]}},{"type":"Feature","properties":{"name":"La Lizonne"},"geometry":{"type":"LineString","coordinates":[[0.2707,45.3260],[0.2707,45.3256]]}},{"type":"Feature","properties":{"name":"La Lizonne"},"geometry":{"type":"LineString","coordinates":[[0.2707,45.3256],[0.2707,45.3254]]}},{"type":"Feature","properties":{"name":"La Lizonne"},"geometry":{"type":"LineString","coordinates":[[0.2589,45.3462],[0.2635,45.3367]]}},{"type":"Feature","properties":{"name":"Canal du Bandiat"},"geometry":{"type":"LineString","coordinates":[[0.3531,45.6588],[0.3557,45.6595],[0.3566,45.6587]]}},{"type":"Feature","properties":{"name":"Canal du Bandiat"},"geometry":{"type":"LineString","coordinates":[[0.3504,45.6713],[0.3487,45.6729],[0.3457,45.6795]]}},{"type":"Feature","properties":{"name":"Canal du Bandiat"},"geometry":{"type":"LineString","coordinates":[[0.3672,45.6455],[0.3632,45.6514],[0.3606,45.6531],[0.3605,45.6558]]}},{"type":"Feature","properties":{"name":"Canal du Bandiat"},"geometry":{"type":"LineString","coordinates":[[0.3457,45.6795],[0.3457,45.6795]]}},{"type":"Feature","properties":{"name":"Canal du Bandiat"},"geometry":{"type":"LineString","coordinates":[[0.3457,45.6795],[0.3452,45.6828]]}},{"type":"Feature","properties":{"name":"Canal du Bandiat"},"geometry":{"type":"LineString","coordinates":[[0.3605,45.6559],[0.3567,45.6586],[0.3527,45.6631],[0.3508,45.6707]]}},{"type":"Feature","properties":{"name":"Canal du Bandiat"},"geometry":{"type":"LineString","coordinates":[[0.3605,45.6558],[0.3605,45.6559]]}},{"type":"Feature","properties":{"name":"L\u0027Isle"},"geometry":{"type":"LineString","coordinates":[[0.4920,45.1148],[0.4936,45.1122],[0.4943,45.1086],[0.4914,45.1046],[0.4883,45.1023],[0.4814,45.1017],[0.4663,45.1082],[0.4594,45.1081],[0.4499,45.1006],[0.4478,45.0975],[0.4404,45.0966],[0.4330,45.0886],[0.4327,45.0834],[0.4373,45.0790],[0.4359,45.0774],[0.4324,45.0760]]}},{"type":"Feature","properties":{"name":"L\u0027Isle"},"geometry":{"type":"LineString","coordinates":[[0.3511,45.0464],[0.3506,45.0442],[0.3347,45.0476],[0.3338,45.0489],[0.3344,45.0520],[0.3328,45.0533],[0.3304,45.0522],[0.3312,45.0498],[0.3303,45.0491],[0.3271,45.0484],[0.3232,45.0497],[0.3194,45.0456],[0.3193,45.0435],[0.3184,45.0432],[0.3146,45.0455],[0.3139,45.0473],[0.3117,45.0474],[0.3100,45.0454],[0.3076,45.0470],[0.3061,45.0458],[0.3056,45.0433],[0.3062,45.0418],[0.3055,45.0412],[0.2990,45.0395],[0.2986,45.0377],[0.2912,45.0372],[0.2858,45.0351],[0.2834,45.0269],[0.2788,45.0295],[0.2772,45.0297],[0.2747,45.0283],[0.2740,45.0304],[0.2723,45.0311],[0.2702,45.0294],[0.2657,45.0283],[0.2648,45.0261],[0.2626,45.0245],[0.2584,45.0249],[0.2604,45.0227],[0.2587,45.0218],[0.2568,45.0220],[0.2526,45.0261],[0.2483,45.0268],[0.2470,45.0297],[0.2431,45.0297],[0.2394,45.0263],[0.2337,45.0266],[0.2310,45.0255],[0.2262,45.0288],[0.2266,45.0306],[0.2230,45.0322],[0.2186,45.0298],[0.2129,45.0320],[0.2124,45.0288],[0.2093,45.0271],[0.2080,45.0246]]}},{"type":"Feature","properties":{"name":"L\u0027Isle"},"geometry":{"type":"LineString","coordinates":[[0.2080,45.0246],[0.2064,45.0234],[0.2040,45.0237],[0.1997,45.0264],[0.1982,45.0287],[0.1906,45.0293],[0.1859,45.0318],[0.1813,45.0314],[0.1728,45.0285],[0.1705,45.0246],[0.1703,45.0208],[0.1717,45.0179],[0.1653,45.0117],[0.1617,45.0111],[0.1577,45.0134],[0.1528,45.0146],[0.1444,45.0152],[0.1380,45.0134],[0.1369,45.0121],[0.1369,45.0096],[0.1357,45.0091],[0.1344,45.0098],[0.1337,45.0137],[0.1360,45.0199],[0.1324,45.0243],[0.1256,45.0244],[0.1244,45.0239],[0.1222,45.0198],[0.1168,45.0194],[0.1116,45.0170],[0.1067,45.0199],[0.1046,45.0238],[0.0992,45.0213],[0.0923,45.0205],[0.0896,45.0221],[0.0879,45.0251],[0.0853,45.0268],[0.0792,45.0225],[0.0783,45.0176],[0.0791,45.0154],[0.0784,45.0147],[0.0658,45.0171],[0.0586,45.0137]]}},{"type":"Feature","properties":{"name":"L\u0027Isle"},"geometry":{"type":"LineString","coordinates":[[0.0586,45.0137],[0.0552,45.0117],[0.0440,45.0164],[0.0424,45.0177],[0.0407,45.0222]]}},{"type":"Feature","properties":{"name":"L\u0027Isle"},"geometry":{"type":"LineString","coordinates":[[0.7399,45.1877],[0.7320,45.1884]]}},{"type":"Feature","properties":{"name":"L\u0027Isle"},"geometry":{"type":"LineString","coordinates":[[0.8112,45.2056],[0.8079,45.2051],[0.8033,45.2022],[0.8013,45.1989],[0.8011,45.1929],[0.7974,45.1917]]}},{"type":"Feature","properties":{"name":"L\u0027Isle"},"geometry":{"type":"LineString","coordinates":[[0.7974,45.1917],[0.7841,45.1893],[0.7709,45.1901],[0.7629,45.1874],[0.7537,45.1822],[0.7499,45.1830],[0.7443,45.1873],[0.7399,45.1877]]}},{"type":"Feature","properties":{"name":"L\u0027Isle"},"geometry":{"type":"LineString","coordinates":[[0.8638,45.2273],[0.8667,45.2198],[0.8654,45.2181],[0.8649,45.2155],[0.8626,45.2136],[0.8496,45.2127],[0.8453,45.2150],[0.8441,45.2183],[0.8381,45.2172],[0.8387,45.2155],[0.8412,45.2146],[0.8415,45.2135],[0.8359,45.2102],[0.8346,45.2046],[0.8349,45.2031],[0.8371,45.2017],[0.8371,45.1999],[0.8405,45.1976],[0.8399,45.1968],[0.8375,45.1971],[0.8370,45.1960],[0.8400,45.1953]]}},{"type":"Feature","properties":{"name":"L\u0027Isle"},"geometry":{"type":"LineString","coordinates":[[0.0165,45.0266],[0.0123,45.0277],[0.0039,45.0239],[0.0007,45.0241],[-0.0015,45.0209],[-0.0026,45.0163],[-0.0057,45.0161],[-0.0110,45.0182],[-0.0129,45.0232],[-0.0146,45.0243],[-0.0196,45.0229],[-0.0246,45.0181],[-0.0276,45.0182]]}},{"type":"Feature","properties":{"name":"L\u0027Isle"},"geometry":{"type":"LineString","coordinates":[[-0.0276,45.0182],[-0.0306,45.0181],[-0.0318,45.0205],[-0.0299,45.0240],[-0.0304,45.0268]]}},{"type":"Feature","properties":{"name":"L\u0027Isle"},"geometry":{"type":"LineString","coordinates":[[0.0166,45.0173],[0.0202,45.0238],[0.0165,45.0266]]}},{"type":"Feature","properties":{"name":"L\u0027Isle"},"geometry":{"type":"LineString","coordinates":[[-0.0423,45.0208],[-0.0437,45.0196],[-0.0496,45.0209],[-0.0572,45.0203],[-0.0627,45.0240],[-0.0694,45.0228],[-0.0714,45.0199],[-0.0734,45.0194],[-0.0786,45.0215],[-0.0806,45.0260],[-0.0908,45.0271],[-0.0930,45.0251],[-0.0928,45.0227],[-0.0923,45.0210],[-0.0892,45.0180]]}},{"type":"Feature","properties":{"name":"L\u0027Isle"},"geometry":{"type":"LineString","coordinates":[[0.0391,45.0244],[0.0349,45.0242],[0.0309,45.0229],[0.0312,45.0185],[0.0289,45.0164],[0.0243,45.0166],[0.0174,45.0140]]}},{"type":"Feature","properties":{"name":"L\u0027Isle"},"geometry":{"type":"LineString","coordinates":[[-0.0304,45.0268],[-0.0317,45.0281],[-0.0385,45.0296],[-0.0423,45.0290],[-0.0435,45.0277],[-0.0437,45.0257],[-0.0423,45.0208]]}},{"type":"Feature","properties":{"name":"L\u0027Isle"},"geometry":{"type":"LineString","coordinates":[[0.0407,45.0222],[0.0391,45.0244]]}},{"type":"Feature","properties":{"name":"L\u0027Isle"},"geometry":{"type":"LineString","coordinates":[[0.8940,45.2472],[0.8905,45.2426],[0.8824,45.2466],[0.8768,45.2441],[0.8752,45.2424],[0.8769,45.2382],[0.8768,45.2342],[0.8758,45.2330],[0.8657,45.2293],[0.8638,45.2273]]}},{"type":"Feature","properties":{"name":"L\u0027Isle"},"geometry":{"type":"LineString","coordinates":[[0.6583,45.1896],[0.6475,45.1858],[0.6397,45.1869],[0.6335,45.1893],[0.6318,45.1935],[0.6285,45.1971],[0.6231,45.1959]]}},{"type":"Feature","properties":{"name":"L\u0027Isle"},"geometry":{"type":"LineString","coordinates":[[0.6231,45.1959],[0.6218,45.1943],[0.6206,45.1882],[0.6191,45.1856],[0.6183,45.1804]]}},{"type":"Feature","properties":{"name":"L\u0027Isle"},"geometry":{"type":"LineString","coordinates":[[0.6183,45.1804],[0.6130,45.1765],[0.6074,45.1771],[0.6043,45.1754],[0.5978,45.1744],[0.5879,45.1693],[0.5871,45.1677],[0.5875,45.1653],[0.5850,45.1632],[0.5849,45.1584],[0.5862,45.1564],[0.5845,45.1536]]}},{"type":"Feature","properties":{"name":"L\u0027Isle"},"geometry":{"type":"LineString","coordinates":[[0.9504,45.3789],[0.9496,45.3779],[0.9499,45.3759],[0.9465,45.3731],[0.9467,45.3716],[0.9485,45.3710],[0.9474,45.3685],[0.9482,45.3665],[0.9518,45.3651],[0.9526,45.3630],[0.9560,45.3623],[0.9535,45.3613],[0.9542,45.3582],[0.9514,45.3553],[0.9520,45.3529],[0.9548,45.3514],[0.9518,45.3488],[0.9513,45.3471],[0.9520,45.3458],[0.9503,45.3452],[0.9515,45.3415],[0.9503,45.3397],[0.9515,45.3387],[0.9496,45.3377],[0.9526,45.3366],[0.9543,45.3300],[0.9577,45.3274],[0.9579,45.3255],[0.9565,45.3232],[0.9582,45.3199],[0.9569,45.3183],[0.9625,45.3141],[0.9710,45.3120],[0.9736,45.3087],[0.9738,45.3063],[0.9725,45.3054],[0.9668,45.3056],[0.9662,45.3042],[0.9625,45.3022],[0.9603,45.2973],[0.9620,45.2954],[0.9587,45.2922],[0.9438,45.2882],[0.9430,45.2867],[0.9452,45.2823],[0.9420,45.2810],[0.9359,45.2823],[0.9357,45.2800],[0.9419,45.2730],[0.9409,45.2710],[0.9326,45.2706],[0.9283,45.2713],[0.9241,45.2733],[0.9157,45.2705]]}},{"type":"Feature","properties":{"name":"L\u0027Isle"},"geometry":{"type":"LineString","coordinates":[[0.8115,45.2055],[0.8112,45.2056]]}},{"type":"Feature","properties":{"name":"L\u0027Isle"},"geometry":{"type":"LineString","coordinates":[[0.8400,45.1953],[0.8386,45.1943],[0.8332,45.1960],[0.8240,45.1970],[0.8216,45.1984],[0.8201,45.2016],[0.8177,45.2028],[0.8174,45.2055],[0.8115,45.2055]]}},{"type":"Feature","properties":{"name":"L\u0027Isle"},"geometry":{"type":"LineString","coordinates":[[0.7202,45.1748],[0.7120,45.1751],[0.7063,45.1784]]}},{"type":"Feature","properties":{"name":"L\u0027Isle"},"geometry":{"type":"LineString","coordinates":[[0.6757,45.1899],[0.6646,45.1879],[0.6583,45.1896]]}},{"type":"Feature","properties":{"name":"L\u0027Isle"},"geometry":{"type":"LineString","coordinates":[[0.7248,45.1835],[0.7217,45.1761],[0.7202,45.1748]]}},{"type":"Feature","properties":{"name":"L\u0027Isle"},"geometry":{"type":"LineString","coordinates":[[0.6766,45.1903],[0.6757,45.1899]]}},{"type":"Feature","properties":{"name":"L\u0027Isle"},"geometry":{"type":"LineString","coordinates":[[1.0858,45.5310],[1.0878,45.5288],[1.0866,45.5267],[1.0819,45.5265],[1.0814,45.5249],[1.0770,45.5228],[1.0764,45.5210],[1.0736,45.5225],[1.0720,45.5199],[1.0728,45.5179],[1.0695,45.5140],[1.0650,45.5104],[1.0625,45.5107],[1.0604,45.5094],[1.0624,45.5065],[1.0619,45.5025],[1.0606,45.5021],[1.0602,45.5007],[1.0616,45.4985],[1.0576,45.4988],[1.0558,45.4978],[1.0589,45.4939],[1.0555,45.4931],[1.0570,45.4908],[1.0545,45.4880],[1.0544,45.4835],[1.0458,45.4803],[1.0442,45.4810],[1.0396,45.4783],[1.0380,45.4748],[1.0328,45.4734],[1.0348,45.4723],[1.0348,45.4712],[1.0316,45.4710],[1.0295,45.4719],[1.0280,45.4743],[1.0270,45.4740],[1.0259,45.4722],[1.0272,45.4719],[1.0288,45.4697],[1.0256,45.4670],[1.0246,45.4630],[1.0221,45.4610],[1.0176,45.4610]]}},{"type":"Feature","properties":{"name":"L\u0027Isle"},"geometry":{"type":"LineString","coordinates":[[0.5684,45.1645],[0.5622,45.1659],[0.5551,45.1637],[0.5525,45.1610],[0.5522,45.1534],[0.5496,45.1527],[0.5463,45.1535],[0.5463,45.1513],[0.5455,45.1509],[0.5427,45.1517],[0.5367,45.1556],[0.5347,45.1550],[0.5324,45.1525],[0.5310,45.1481],[0.5345,45.1421],[0.5334,45.1331],[0.5304,45.1280],[0.5265,45.1251],[0.5164,45.1225],[0.5025,45.1223],[0.4947,45.1204],[0.4945,45.1175],[0.4920,45.1148]]}},{"type":"Feature","properties":{"name":"L\u0027Isle"},"geometry":{"type":"LineString","coordinates":[[0.0424,45.0177],[0.0405,45.0198],[0.0413,45.0213]]}},{"type":"Feature","properties":{"name":"L\u0027Isle"},"geometry":{"type":"LineString","coordinates":[[0.0766,45.0159],[0.0741,45.0159]]}},{"type":"Feature","properties":{"name":"L\u0027Isle"},"geometry":{"type":"LineString","coordinates":[[0.1668,45.0127],[0.1658,45.0109],[0.1640,45.0106]]}},{"type":"Feature","properties":{"name":"L\u0027Isle"},"geometry":{"type":"LineString","coordinates":[[0.1653,45.0117],[0.1634,45.0103],[0.1617,45.0111]]}},{"type":"Feature","properties":{"name":"L\u0027Isle"},"geometry":{"type":"LineString","coordinates":[[0.1894,45.0302],[0.1892,45.0311],[0.1872,45.0315]]}},{"type":"Feature","properties":{"name":"L\u0027Isle"},"geometry":{"type":"LineString","coordinates":[[0.1930,45.0292],[0.1890,45.0286],[0.1873,45.0294],[0.1863,45.0317]]}},{"type":"Feature","properties":{"name":"L\u0027Isle"},"geometry":{"type":"LineString","coordinates":[[0.1560,45.0138],[0.1545,45.0148]]}},{"type":"Feature","properties":{"name":"L\u0027Isle"},"geometry":{"type":"LineString","coordinates":[[0.1539,45.0141],[0.1492,45.0145]]}},{"type":"Feature","properties":{"name":"L\u0027Isle"},"geometry":{"type":"LineString","coordinates":[[0.1155,45.0189],[0.1150,45.0171],[0.1120,45.0170]]}},{"type":"Feature","properties":{"name":"L\u0027Isle"},"geometry":{"type":"LineString","coordinates":[[0.2563,45.0224],[0.2497,45.0263]]}},{"type":"Feature","properties":{"name":"L\u0027Isle"},"geometry":{"type":"LineString","coordinates":[[0.2772,45.0297],[0.2735,45.0307]]}},{"type":"Feature","properties":{"name":"L\u0027Isle"},"geometry":{"type":"LineString","coordinates":[[0.2783,45.0296],[0.2779,45.0308],[0.2757,45.0304]]}},{"type":"Feature","properties":{"name":"L\u0027Isle"},"geometry":{"type":"LineString","coordinates":[[0.9832,45.4497],[0.9828,45.4472],[0.9889,45.4463],[0.9896,45.4455],[0.9889,45.4442],[0.9822,45.4401],[0.9789,45.4359],[0.9790,45.4341],[0.9733,45.4316],[0.9702,45.4322],[0.9687,45.4315],[0.9700,45.4289],[0.9685,45.4262],[0.9765,45.4254],[0.9779,45.4243],[0.9773,45.4235]]}},{"type":"Feature","properties":{"name":"L\u0027Isle"},"geometry":{"type":"LineString","coordinates":[[0.5706,45.1589],[0.5713,45.1611],[0.5703,45.1627]]}},{"type":"Feature","properties":{"name":"L\u0027Isle"},"geometry":{"type":"LineString","coordinates":[[0.5896,45.1697],[0.5896,45.1681],[0.5876,45.1655]]}},{"type":"Feature","properties":{"name":"L\u0027Isle"},"geometry":{"type":"LineString","coordinates":[[1.0176,45.4610],[1.0141,45.4582],[1.0117,45.4598],[1.0093,45.4598],[1.0082,45.4584],[1.0059,45.4597],[0.9928,45.4525],[0.9932,45.4501],[0.9873,45.4499],[0.9838,45.4543],[0.9818,45.4548],[0.9811,45.4539],[0.9833,45.4511],[0.9832,45.4497]]}},{"type":"Feature","properties":{"name":"L\u0027Isle"},"geometry":{"type":"LineString","coordinates":[[0.4085,45.0694],[0.4044,45.0698],[0.4017,45.0681],[0.3986,45.0679]]}},{"type":"Feature","properties":{"name":"L\u0027Isle"},"geometry":{"type":"LineString","coordinates":[[0.4324,45.0760],[0.4245,45.0728],[0.4209,45.0696],[0.4124,45.0691]]}},{"type":"Feature","properties":{"name":"L\u0027Isle"},"geometry":{"type":"LineString","coordinates":[[0.3947,45.0662],[0.3934,45.0625],[0.3940,45.0602],[0.4048,45.0547],[0.4059,45.0535],[0.4050,45.0523]]}},{"type":"Feature","properties":{"name":"L\u0027Isle"},"geometry":{"type":"LineString","coordinates":[[0.3771,45.0374],[0.3727,45.0372],[0.3584,45.0432],[0.3552,45.0462],[0.3511,45.0464]]}},{"type":"Feature","properties":{"name":"L\u0027Isle"},"geometry":{"type":"LineString","coordinates":[[0.3768,45.0390],[0.3771,45.0374]]}},{"type":"Feature","properties":{"name":"L\u0027Isle"},"geometry":{"type":"LineString","coordinates":[[0.4034,45.0524],[0.3871,45.0524],[0.3793,45.0568]]}},{"type":"Feature","properties":{"name":"L\u0027Isle"},"geometry":{"type":"LineString","coordinates":[[0.4050,45.0523],[0.4034,45.0524]]}},{"type":"Feature","properties":{"name":"L\u0027Isle"},"geometry":{"type":"LineString","coordinates":[[0.3647,45.0526],[0.3647,45.0510]]}},{"type":"Feature","properties":{"name":"L\u0027Isle"},"geometry":{"type":"LineString","coordinates":[[0.4124,45.0691],[0.4085,45.0694]]}},{"type":"Feature","properties":{"name":"L\u0027Isle"},"geometry":{"type":"LineString","coordinates":[[0.3986,45.0679],[0.3947,45.0662]]}},{"type":"Feature","properties":{"name":"L\u0027Isle"},"geometry":{"type":"LineString","coordinates":[[0.3754,45.0423],[0.3768,45.0390]]}},{"type":"Feature","properties":{"name":"L\u0027Isle"},"geometry":{"type":"LineString","coordinates":[[0.3647,45.0510],[0.3664,45.0488],[0.3724,45.0465],[0.3754,45.0423]]}},{"type":"Feature","properties":{"name":"L\u0027Isle"},"geometry":{"type":"LineString","coordinates":[[0.3793,45.0568],[0.3734,45.0567],[0.3647,45.0526]]}},{"type":"Feature","properties":{"name":"L\u0027Isle"},"geometry":{"type":"LineString","coordinates":[[0.9157,45.2705],[0.9081,45.2675],[0.9071,45.2644],[0.9035,45.2606],[0.9034,45.2545],[0.8996,45.2514]]}},{"type":"Feature","properties":{"name":"L\u0027Isle"},"geometry":{"type":"LineString","coordinates":[[0.8996,45.2514],[0.8957,45.2499],[0.8940,45.2472]]}},{"type":"Feature","properties":{"name":"L\u0027Isle"},"geometry":{"type":"LineString","coordinates":[[0.6132,45.1766],[0.6093,45.1769]]}},{"type":"Feature","properties":{"name":"L\u0027Isle"},"geometry":{"type":"LineString","coordinates":[[0.7021,45.1829],[0.6951,45.1981],[0.6920,45.2011]]}},{"type":"Feature","properties":{"name":"L\u0027Isle"},"geometry":{"type":"LineString","coordinates":[[1.1709,45.5706],[1.1694,45.5711],[1.1676,45.5678],[1.1656,45.5689],[1.1641,45.5686],[1.1646,45.5679],[1.1639,45.5666],[1.1655,45.5658],[1.1608,45.5630],[1.1597,45.5634],[1.1570,45.5593],[1.1550,45.5581]]}},{"type":"Feature","properties":{"name":"L\u0027Isle"},"geometry":{"type":"LineString","coordinates":[[1.2179,45.6438],[1.2197,45.6423],[1.2192,45.6384],[1.2209,45.6348],[1.2202,45.6323],[1.2210,45.6310],[1.2183,45.6271],[1.2193,45.6246],[1.2180,45.6224],[1.2184,45.6211]]}},{"type":"Feature","properties":{"name":"L\u0027Isle"},"geometry":{"type":"LineString","coordinates":[[1.1838,45.5736],[1.1838,45.5735]]}},{"type":"Feature","properties":{"name":"L\u0027Isle"},"geometry":{"type":"LineString","coordinates":[[1.1885,45.5753],[1.1853,45.5757],[1.1838,45.5736]]}},{"type":"Feature","properties":{"name":"L\u0027Isle"},"geometry":{"type":"LineString","coordinates":[[1.1710,45.5706],[1.1709,45.5706]]}},{"type":"Feature","properties":{"name":"L\u0027Isle"},"geometry":{"type":"LineString","coordinates":[[1.1838,45.5735],[1.1830,45.5725],[1.1793,45.5736],[1.1768,45.5716],[1.1748,45.5721],[1.1740,45.5705],[1.1710,45.5706]]}},{"type":"Feature","properties":{"name":"L\u0027Isle"},"geometry":{"type":"LineString","coordinates":[[1.1550,45.5581],[1.1549,45.5581]]}},{"type":"Feature","properties":{"name":"L\u0027Isle"},"geometry":{"type":"LineString","coordinates":[[1.1549,45.5581],[1.1514,45.5567],[1.1478,45.5529],[1.1505,45.5516],[1.1499,45.5503],[1.1454,45.5488],[1.1422,45.5440],[1.1369,45.5446],[1.1376,45.5432]]}},{"type":"Feature","properties":{"name":"L\u0027Isle"},"geometry":{"type":"LineString","coordinates":[[1.1376,45.5432],[1.1376,45.5432]]}},{"type":"Feature","properties":{"name":"L\u0027Isle"},"geometry":{"type":"LineString","coordinates":[[1.1376,45.5432],[1.1389,45.5425],[1.1382,45.5414],[1.1332,45.5423],[1.1320,45.5410]]}},{"type":"Feature","properties":{"name":"L\u0027Isle"},"geometry":{"type":"LineString","coordinates":[[1.1320,45.5410],[1.1318,45.5409]]}},{"type":"Feature","properties":{"name":"L\u0027Isle"},"geometry":{"type":"LineString","coordinates":[[1.1318,45.5409],[1.1293,45.5409],[1.1291,45.5446],[1.1260,45.5453],[1.1203,45.5439],[1.1188,45.5459],[1.1201,45.5467],[1.1199,45.5475],[1.1170,45.5478],[1.1161,45.5468],[1.1178,45.5461],[1.1137,45.5458],[1.1123,45.5440],[1.1094,45.5453],[1.1062,45.5446],[1.1057,45.5426],[1.1068,45.5405],[1.1038,45.5369],[1.0970,45.5383],[1.0927,45.5352],[1.0866,45.5374],[1.0857,45.5361],[1.0858,45.5310]]}},{"type":"Feature","properties":{"name":"L\u0027Isle"},"geometry":{"type":"LineString","coordinates":[[1.2184,45.6211],[1.2186,45.6210]]}},{"type":"Feature","properties":{"name":"L\u0027Isle"},"geometry":{"type":"LineString","coordinates":[[1.2186,45.6210],[1.2199,45.6189],[1.2183,45.6143]]}},{"type":"Feature","properties":{"name":"L\u0027Isle"},"geometry":{"type":"LineString","coordinates":[[1.2183,45.6143],[1.2155,45.6108],[1.2144,45.6076]]}},{"type":"Feature","properties":{"name":"L\u0027Isle"},"geometry":{"type":"LineString","coordinates":[[1.2144,45.6076],[1.2143,45.6076]]}},{"type":"Feature","properties":{"name":"L\u0027Isle"},"geometry":{"type":"LineString","coordinates":[[1.2143,45.6076],[1.2093,45.6009]]}},{"type":"Feature","properties":{"name":"L\u0027Isle"},"geometry":{"type":"LineString","coordinates":[[1.2093,45.6009],[1.2093,45.6008]]}},{"type":"Feature","properties":{"name":"L\u0027Isle"},"geometry":{"type":"LineString","coordinates":[[1.2093,45.6008],[1.2095,45.5997],[1.2074,45.5976],[1.2084,45.5969],[1.2096,45.5923],[1.1997,45.5855]]}},{"type":"Feature","properties":{"name":"L\u0027Isle"},"geometry":{"type":"LineString","coordinates":[[1.1997,45.5855],[1.1997,45.5854]]}},{"type":"Feature","properties":{"name":"L\u0027Isle"},"geometry":{"type":"LineString","coordinates":[[1.1997,45.5854],[1.1997,45.5823],[1.1971,45.5779],[1.1897,45.5754]]}},{"type":"Feature","properties":{"name":"L\u0027Isle"},"geometry":{"type":"LineString","coordinates":[[1.1897,45.5754],[1.1895,45.5754]]}},{"type":"Feature","properties":{"name":"L\u0027Isle"},"geometry":{"type":"LineString","coordinates":[[1.1895,45.5754],[1.1885,45.5753]]}},{"type":"Feature","properties":{"name":"L\u0027Isle"},"geometry":{"type":"LineString","coordinates":[[0.9519,45.3925],[0.9511,45.3918],[0.9522,45.3900]]}},{"type":"Feature","properties":{"name":"L\u0027Isle"},"geometry":{"type":"LineString","coordinates":[[0.9522,45.3900],[0.9528,45.3884]]}},{"type":"Feature","properties":{"name":"L\u0027Isle"},"geometry":{"type":"LineString","coordinates":[[0.9528,45.3884],[0.9558,45.3849],[0.9596,45.3837]]}},{"type":"Feature","properties":{"name":"L\u0027Isle"},"geometry":{"type":"LineString","coordinates":[[0.9773,45.4235],[0.9743,45.4208],[0.9720,45.4167],[0.9717,45.4150],[0.9744,45.4112],[0.9718,45.4053],[0.9682,45.4036],[0.9635,45.3977],[0.9556,45.3950],[0.9519,45.3925]]}},{"type":"Feature","properties":{"name":"L\u0027Isle"},"geometry":{"type":"LineString","coordinates":[[1.2179,45.6438],[1.2179,45.6438]]}},{"type":"Feature","properties":{"name":"L\u0027Isle"},"geometry":{"type":"LineString","coordinates":[[1.2160,45.6469],[1.2179,45.6438]]}},{"type":"Feature","properties":{"name":"L\u0027Isle"},"geometry":{"type":"LineString","coordinates":[[0.0174,45.0140],[0.0163,45.0150],[0.0165,45.0172]]}},{"type":"Feature","properties":{"name":"L\u0027Isle"},"geometry":{"type":"LineString","coordinates":[[0.0165,45.0172],[0.0166,45.0173]]}},{"type":"Feature","properties":{"name":"L\u0027Isle"},"geometry":{"type":"LineString","coordinates":[[0.1541,45.0148],[0.1528,45.0146]]}},{"type":"Feature","properties":{"name":"L\u0027Isle"},"geometry":{"type":"LineString","coordinates":[[0.0786,45.0167],[0.0769,45.0161]]}},{"type":"Feature","properties":{"name":"L\u0027Isle"},"geometry":{"type":"LineString","coordinates":[[0.5849,45.1614],[0.5867,45.1593],[0.5862,45.1564]]}},{"type":"Feature","properties":{"name":"L\u0027Isle"},"geometry":{"type":"LineString","coordinates":[[0.5850,45.1605],[0.5863,45.1602]]}},{"type":"Feature","properties":{"name":"L\u0027Isle"},"geometry":{"type":"LineString","coordinates":[[0.5911,45.1709],[0.5898,45.1685]]}},{"type":"Feature","properties":{"name":"L\u0027Isle"},"geometry":{"type":"LineString","coordinates":[[0.6920,45.2011],[0.6864,45.2010],[0.6836,45.1966],[0.6766,45.1903]]}},{"type":"Feature","properties":{"name":"L\u0027Isle"},"geometry":{"type":"LineString","coordinates":[[0.7063,45.1784],[0.7021,45.1829]]}},{"type":"Feature","properties":{"name":"L\u0027Isle"},"geometry":{"type":"LineString","coordinates":[[0.7320,45.1884],[0.7275,45.1861],[0.7248,45.1835]]}},{"type":"Feature","properties":{"name":"L\u0027Isle"},"geometry":{"type":"LineString","coordinates":[[0.5850,45.1601],[0.5858,45.1570]]}},{"type":"Feature","properties":{"name":"Le Bandiat"},"geometry":{"type":"LineString","coordinates":[[0.5907,45.5464],[0.5870,45.5471],[0.5858,45.5485],[0.5870,45.5491],[0.5867,45.5506]]}},{"type":"Feature","properties":{"name":"Le Bandiat"},"geometry":{"type":"LineString","coordinates":[[0.6272,45.5317],[0.6252,45.5320],[0.6239,45.5333]]}},{"type":"Feature","properties":{"name":"Le Bandiat"},"geometry":{"type":"LineString","coordinates":[[0.7365,45.5848],[0.7369,45.5831],[0.7387,45.5820],[0.7382,45.5808],[0.7350,45.5791],[0.7337,45.5764],[0.7318,45.5757],[0.7326,45.5737],[0.7308,45.5729],[0.7295,45.5704],[0.7298,45.5693],[0.7201,45.5663],[0.7224,45.5640],[0.7216,45.5624]]}},{"type":"Feature","properties":{"name":"Le Bandiat"},"geometry":{"type":"LineString","coordinates":[[0.7018,45.5399],[0.7014,45.5383],[0.6983,45.5377],[0.6974,45.5366],[0.6982,45.5346],[0.6934,45.5344],[0.6930,45.5318],[0.6886,45.5333],[0.6868,45.5327],[0.6862,45.5294],[0.6829,45.5303],[0.6831,45.5278],[0.6821,45.5265],[0.6791,45.5271],[0.6801,45.5286],[0.6788,45.5297],[0.6765,45.5265],[0.6739,45.5270],[0.6711,45.5257],[0.6621,45.5266],[0.6620,45.5193],[0.6598,45.5182],[0.6573,45.5181],[0.6559,45.5196],[0.6518,45.5178],[0.6503,45.5186],[0.6515,45.5207],[0.6494,45.5239],[0.6444,45.5264],[0.6419,45.5293],[0.6381,45.5297],[0.6376,45.5284],[0.6393,45.5271],[0.6359,45.5256],[0.6315,45.5266],[0.6317,45.5277],[0.6292,45.5279],[0.6297,45.5309],[0.6272,45.5317]]}},{"type":"Feature","properties":{"name":"Le Bandiat"},"geometry":{"type":"LineString","coordinates":[[0.4087,45.6206],[0.4042,45.6226],[0.3903,45.6248],[0.3776,45.6311],[0.3749,45.6314],[0.3657,45.6419]]}},{"type":"Feature","properties":{"name":"Le Bandiat"},"geometry":{"type":"LineString","coordinates":[[0.3410,45.6963],[0.3410,45.6982],[0.3424,45.6997],[0.3411,45.7059],[0.3393,45.7076],[0.3394,45.7093],[0.3385,45.7099],[0.3401,45.7107],[0.3406,45.7123],[0.3386,45.7167],[0.3388,45.7200],[0.3405,45.7214],[0.3393,45.7232],[0.3402,45.7257],[0.3394,45.7282],[0.3404,45.7370],[0.3369,45.7406],[0.3347,45.7417]]}},{"type":"Feature","properties":{"name":"Le Bandiat"},"geometry":{"type":"LineString","coordinates":[[0.3452,45.6854],[0.3452,45.6871],[0.3406,45.6890],[0.3415,45.6944],[0.3410,45.6963]]}},{"type":"Feature","properties":{"name":"Le Bandiat"},"geometry":{"type":"LineString","coordinates":[[0.4087,45.6206],[0.4093,45.6228],[0.4066,45.6228],[0.4066,45.6249],[0.4052,45.6258],[0.4015,45.6252],[0.3996,45.6268],[0.3972,45.6257],[0.3926,45.6263],[0.3908,45.6276],[0.3856,45.6286],[0.3859,45.6295],[0.3833,45.6303],[0.3834,45.6318],[0.3822,45.6318],[0.3815,45.6332],[0.3770,45.6327],[0.3747,45.6356],[0.3756,45.6370],[0.3756,45.6398],[0.3730,45.6404],[0.3716,45.6421]]}},{"type":"Feature","properties":{"name":"Le Bandiat"},"geometry":{"type":"LineString","coordinates":[[0.3657,45.6419],[0.3537,45.6543],[0.3525,45.6568],[0.3505,45.6579],[0.3473,45.6619],[0.3456,45.6623],[0.3459,45.6656],[0.3430,45.6666],[0.3419,45.6681],[0.3417,45.6727],[0.3401,45.6743],[0.3435,45.6771],[0.3438,45.6787],[0.3449,45.6793],[0.3439,45.6796],[0.3452,45.6828],[0.3442,45.6845],[0.3452,45.6854]]}},{"type":"Feature","properties":{"name":"Le Bandiat"},"geometry":{"type":"LineString","coordinates":[[0.5733,45.5530],[0.5698,45.5538],[0.5693,45.5550],[0.5700,45.5616],[0.5713,45.5626],[0.5692,45.5648],[0.5606,45.5667],[0.5564,45.5708],[0.5558,45.5726],[0.5533,45.5727],[0.5499,45.5762],[0.5433,45.5771],[0.5401,45.5820],[0.5302,45.5842],[0.5236,45.5882],[0.5201,45.5872],[0.5165,45.5881],[0.5109,45.5929],[0.5097,45.5924],[0.4980,45.5962],[0.4968,45.5971],[0.4976,45.5983],[0.4949,45.5987],[0.4939,45.6017],[0.4922,45.6020],[0.4903,45.6009],[0.4893,45.6031],[0.4873,45.6019],[0.4839,45.6018],[0.4825,45.6026],[0.4830,45.6036],[0.4813,45.6055],[0.4800,45.6058],[0.4777,45.6059],[0.4744,45.6042],[0.4725,45.6072],[0.4728,45.6085],[0.4705,45.6098],[0.4683,45.6095],[0.4668,45.6112],[0.4641,45.6102],[0.4520,45.6132],[0.4365,45.6126],[0.4351,45.6141],[0.4359,45.6154],[0.4350,45.6166],[0.4341,45.6157],[0.4313,45.6176],[0.4249,45.6186],[0.4211,45.6175],[0.4167,45.6181],[0.4163,45.6174],[0.4150,45.6186],[0.4138,45.6177],[0.4087,45.6206]]}},{"type":"Feature","properties":{"name":"Le Bandiat"},"geometry":{"type":"LineString","coordinates":[[0.3347,45.7417],[0.3316,45.7455],[0.3343,45.7548]]}},{"type":"Feature","properties":{"name":"Le Bandiat"},"geometry":{"type":"LineString","coordinates":[[0.7159,45.5623],[0.7114,45.5573],[0.7143,45.5560],[0.7138,45.5494],[0.7101,45.5473],[0.7060,45.5473],[0.7042,45.5448],[0.7059,45.5437],[0.7039,45.5413],[0.7043,45.5397],[0.7018,45.5399]]}},{"type":"Feature","properties":{"name":"Le Bandiat"},"geometry":{"type":"LineString","coordinates":[[0.5962,45.5441],[0.5931,45.5463],[0.5907,45.5464]]}},{"type":"Feature","properties":{"name":"Le Bandiat"},"geometry":{"type":"LineString","coordinates":[[0.5859,45.5512],[0.5844,45.5515],[0.5822,45.5503]]}},{"type":"Feature","properties":{"name":"Le Bandiat"},"geometry":{"type":"LineString","coordinates":[[0.5822,45.5503],[0.5784,45.5513]]}},{"type":"Feature","properties":{"name":"Le Bandiat"},"geometry":{"type":"LineString","coordinates":[[0.6173,45.5340],[0.6139,45.5350],[0.6118,45.5374],[0.6122,45.5390],[0.6082,45.5408],[0.6051,45.5393],[0.6036,45.5399],[0.6033,45.5392]]}},{"type":"Feature","properties":{"name":"Le Bandiat"},"geometry":{"type":"LineString","coordinates":[[0.6200,45.5346],[0.6173,45.5340]]}},{"type":"Feature","properties":{"name":"Le Bandiat"},"geometry":{"type":"LineString","coordinates":[[0.5784,45.5513],[0.5767,45.5527],[0.5743,45.5523],[0.5733,45.5530]]}},{"type":"Feature","properties":{"name":"Le Bandiat"},"geometry":{"type":"LineString","coordinates":[[0.5867,45.5506],[0.5859,45.5512]]}},{"type":"Feature","properties":{"name":"Le Bandiat"},"geometry":{"type":"LineString","coordinates":[[0.6033,45.5392],[0.6010,45.5400],[0.5962,45.5441]]}},{"type":"Feature","properties":{"name":"Le Bandiat"},"geometry":{"type":"LineString","coordinates":[[0.6239,45.5333],[0.6200,45.5346]]}},{"type":"Feature","properties":{"name":"Le Bandiat"},"geometry":{"type":"LineString","coordinates":[[0.8513,45.6346],[0.8495,45.6339],[0.8501,45.6313],[0.8512,45.6308],[0.8495,45.6288],[0.8507,45.6276],[0.8495,45.6261],[0.8499,45.6217],[0.8488,45.6202],[0.8442,45.6204],[0.8434,45.6190],[0.8408,45.6179],[0.8376,45.6170],[0.8361,45.6175],[0.8327,45.6156],[0.8278,45.6159],[0.8256,45.6129],[0.8222,45.6131],[0.8212,45.6106],[0.8214,45.6068],[0.8169,45.6044],[0.8140,45.6052]]}},{"type":"Feature","properties":{"name":"Le Bandiat"},"geometry":{"type":"LineString","coordinates":[[0.7216,45.5624],[0.7199,45.5599],[0.7176,45.5631],[0.7159,45.5623]]}},{"type":"Feature","properties":{"name":"Le Bandiat"},"geometry":{"type":"LineString","coordinates":[[0.7831,45.6011],[0.7813,45.6010],[0.7773,45.6028],[0.7752,45.6053],[0.7745,45.6033],[0.7731,45.6029],[0.7711,45.6050],[0.7680,45.6044],[0.7664,45.6062],[0.7619,45.6055],[0.7604,45.6043],[0.7598,45.6009],[0.7561,45.6004],[0.7578,45.5980],[0.7568,45.5966],[0.7531,45.5958],[0.7547,45.5934],[0.7521,45.5934],[0.7513,45.5945],[0.7491,45.5949],[0.7497,45.5921],[0.7470,45.5888],[0.7395,45.5926],[0.7380,45.5895],[0.7380,45.5866],[0.7365,45.5848]]}},{"type":"Feature","properties":{"name":"Le Bandiat"},"geometry":{"type":"LineString","coordinates":[[0.8552,45.6439],[0.8551,45.6433]]}},{"type":"Feature","properties":{"name":"Le Bandiat"},"geometry":{"type":"LineString","coordinates":[[0.8642,45.6510],[0.8615,45.6497],[0.8616,45.6467],[0.8600,45.6453],[0.8556,45.6449],[0.8552,45.6439]]}},{"type":"Feature","properties":{"name":"Le Bandiat"},"geometry":{"type":"LineString","coordinates":[[0.8515,45.6347],[0.8513,45.6346]]}},{"type":"Feature","properties":{"name":"Le Bandiat"},"geometry":{"type":"LineString","coordinates":[[0.8551,45.6433],[0.8519,45.6383],[0.8515,45.6347]]}},{"type":"Feature","properties":{"name":"Le Bandiat"},"geometry":{"type":"LineString","coordinates":[[0.8140,45.6052],[0.8117,45.6038],[0.8021,45.6019],[0.8009,45.6000],[0.7996,45.6012],[0.7996,45.6027],[0.7977,45.6037],[0.7881,45.6037],[0.7893,45.6009],[0.7871,45.5985],[0.7832,45.6011]]}},{"type":"Feature","properties":{"name":"Le Bandiat"},"geometry":{"type":"LineString","coordinates":[[0.7832,45.6011],[0.7831,45.6011]]}},{"type":"Feature","properties":{"name":"Le Bandiat"},"geometry":{"type":"LineString","coordinates":[[0.6707,45.5257],[0.6682,45.5259]]}},{"type":"Feature","properties":{"name":"La Borréze"},"geometry":{"type":"LineString","coordinates":[[1.4246,44.9383],[1.4246,44.9383]]}},{"type":"Feature","properties":{"name":"La Borréze"},"geometry":{"type":"LineString","coordinates":[[1.4246,44.9383],[1.4337,44.9374],[1.4372,44.9355],[1.4370,44.9338],[1.4381,44.9318],[1.4443,44.9291],[1.4485,44.9259],[1.4513,44.9262],[1.4583,44.9216],[1.4625,44.9203],[1.4635,44.9153],[1.4677,44.9125],[1.4721,44.9063]]}},{"type":"Feature","properties":{"name":"La Côle"},"geometry":{"type":"LineString","coordinates":[[0.9052,45.5391],[0.9051,45.5391]]}},{"type":"Feature","properties":{"name":"La Côle"},"geometry":{"type":"LineString","coordinates":[[0.9169,45.5473],[0.9141,45.5465],[0.9122,45.5449]]}},{"type":"Feature","properties":{"name":"La Côle"},"geometry":{"type":"LineString","coordinates":[[0.9122,45.5448],[0.9116,45.5435],[0.9076,45.5429],[0.9064,45.5398],[0.9052,45.5391]]}},{"type":"Feature","properties":{"name":"La Côle"},"geometry":{"type":"LineString","coordinates":[[0.9122,45.5449],[0.9122,45.5448]]}},{"type":"Feature","properties":{"name":"La Côle"},"geometry":{"type":"LineString","coordinates":[[0.7348,45.3680],[0.7331,45.3676]]}},{"type":"Feature","properties":{"name":"La Côle"},"geometry":{"type":"LineString","coordinates":[[0.7180,45.3658],[0.7159,45.3665]]}},{"type":"Feature","properties":{"name":"La Côle"},"geometry":{"type":"LineString","coordinates":[[0.7175,45.3663],[0.7169,45.3664]]}},{"type":"Feature","properties":{"name":"La Côle"},"geometry":{"type":"LineString","coordinates":[[0.7177,45.3661],[0.7175,45.3660]]}},{"type":"Feature","properties":{"name":"La Côle"},"geometry":{"type":"LineString","coordinates":[[0.7175,45.3663],[0.7175,45.3660]]}},{"type":"Feature","properties":{"name":"La Côle"},"geometry":{"type":"LineString","coordinates":[[0.7093,45.3670],[0.7064,45.3667]]}},{"type":"Feature","properties":{"name":"La Côle"},"geometry":{"type":"LineString","coordinates":[[0.7028,45.3672],[0.7022,45.3674]]}},{"type":"Feature","properties":{"name":"La Côle"},"geometry":{"type":"LineString","coordinates":[[0.6954,45.3685],[0.6952,45.3680]]}},{"type":"Feature","properties":{"name":"La Côle"},"geometry":{"type":"LineString","coordinates":[[0.6902,45.3669],[0.6891,45.3681]]}},{"type":"Feature","properties":{"name":"La Côle"},"geometry":{"type":"LineString","coordinates":[[0.7920,45.3725],[0.7862,45.3703],[0.7823,45.3726],[0.7773,45.3700],[0.7667,45.3681],[0.7582,45.3646],[0.7559,45.3650],[0.7556,45.3679],[0.7512,45.3687],[0.7469,45.3670],[0.7455,45.3639],[0.7440,45.3629],[0.7383,45.3634],[0.7355,45.3681],[0.7322,45.3670],[0.7296,45.3691],[0.7197,45.3656],[0.7103,45.3672],[0.7038,45.3670],[0.6981,45.3694],[0.6956,45.3687],[0.6940,45.3668],[0.6918,45.3665],[0.6865,45.3692],[0.6846,45.3689]]}},{"type":"Feature","properties":{"name":"La Côle"},"geometry":{"type":"LineString","coordinates":[[0.7918,45.3724],[0.7904,45.3721]]}},{"type":"Feature","properties":{"name":"La Côle"},"geometry":{"type":"LineString","coordinates":[[0.7883,45.3711],[0.7866,45.3713],[0.7866,45.3722],[0.7854,45.3715],[0.7860,45.3705]]}},{"type":"Feature","properties":{"name":"La Côle"},"geometry":{"type":"LineString","coordinates":[[0.7771,45.3699],[0.7755,45.3695]]}},{"type":"Feature","properties":{"name":"La Côle"},"geometry":{"type":"LineString","coordinates":[[0.7767,45.3698],[0.7761,45.3699]]}},{"type":"Feature","properties":{"name":"La Côle"},"geometry":{"type":"LineString","coordinates":[[0.7749,45.3693],[0.7739,45.3695]]}},{"type":"Feature","properties":{"name":"La Côle"},"geometry":{"type":"LineString","coordinates":[[0.7669,45.3680],[0.7661,45.3675]]}},{"type":"Feature","properties":{"name":"La Côle"},"geometry":{"type":"LineString","coordinates":[[0.7582,45.3646],[0.7560,45.3649]]}},{"type":"Feature","properties":{"name":"La Côle"},"geometry":{"type":"LineString","coordinates":[[0.7565,45.3646],[0.7566,45.3648]]}},{"type":"Feature","properties":{"name":"La Côle"},"geometry":{"type":"LineString","coordinates":[[0.7544,45.3683],[0.7532,45.3686]]}},{"type":"Feature","properties":{"name":"La Côle"},"geometry":{"type":"LineString","coordinates":[[0.7548,45.3682],[0.7541,45.3682]]}},{"type":"Feature","properties":{"name":"La Côle"},"geometry":{"type":"LineString","coordinates":[[0.7530,45.3687],[0.7522,45.3688]]}},{"type":"Feature","properties":{"name":"La Côle"},"geometry":{"type":"LineString","coordinates":[[0.7435,45.3629],[0.7404,45.3630]]}},{"type":"Feature","properties":{"name":"La Côle"},"geometry":{"type":"LineString","coordinates":[[0.7406,45.3629],[0.7402,45.3629]]}},{"type":"Feature","properties":{"name":"La Côle"},"geometry":{"type":"LineString","coordinates":[[0.7432,45.3627],[0.7426,45.3629]]}},{"type":"Feature","properties":{"name":"La Côle"},"geometry":{"type":"LineString","coordinates":[[0.7370,45.3651],[0.7368,45.3656]]}},{"type":"Feature","properties":{"name":"La Côle"},"geometry":{"type":"LineString","coordinates":[[0.8238,45.3999],[0.8237,45.3988],[0.8200,45.3985],[0.8190,45.3994],[0.8158,45.3974],[0.8155,45.3948],[0.8134,45.3941],[0.8127,45.3921],[0.8136,45.3894],[0.8080,45.3878],[0.8068,45.3860],[0.8068,45.3838],[0.8052,45.3835],[0.8047,45.3810],[0.8013,45.3796],[0.8002,45.3775],[0.7975,45.3755],[0.7956,45.3759],[0.7920,45.3725]]}},{"type":"Feature","properties":{"name":"La Côle"},"geometry":{"type":"LineString","coordinates":[[0.8238,45.3995],[0.8224,45.3991]]}},{"type":"Feature","properties":{"name":"La Côle"},"geometry":{"type":"LineString","coordinates":[[0.8238,45.3992],[0.8229,45.3990]]}},{"type":"Feature","properties":{"name":"La Côle"},"geometry":{"type":"LineString","coordinates":[[0.8233,45.3994],[0.8238,45.3993]]}},{"type":"Feature","properties":{"name":"La Côle"},"geometry":{"type":"LineString","coordinates":[[0.8236,45.3988],[0.8223,45.3987]]}},{"type":"Feature","properties":{"name":"La Côle"},"geometry":{"type":"LineString","coordinates":[[0.8220,45.3988],[0.8217,45.3989]]}},{"type":"Feature","properties":{"name":"La Côle"},"geometry":{"type":"LineString","coordinates":[[0.8223,45.3987],[0.8220,45.3988]]}},{"type":"Feature","properties":{"name":"La Côle"},"geometry":{"type":"LineString","coordinates":[[0.8468,45.4273],[0.8349,45.4209],[0.8349,45.4194],[0.8340,45.4190],[0.8356,45.4182],[0.8341,45.4177],[0.8359,45.4162],[0.8352,45.4140],[0.8362,45.4135],[0.8311,45.4109],[0.8309,45.4087],[0.8269,45.4077],[0.8236,45.4020],[0.8238,45.3999]]}},{"type":"Feature","properties":{"name":"La Côle"},"geometry":{"type":"LineString","coordinates":[[0.8386,45.4224],[0.8370,45.4219]]}},{"type":"Feature","properties":{"name":"La Côle"},"geometry":{"type":"LineString","coordinates":[[0.8258,45.4058],[0.8255,45.4054]]}},{"type":"Feature","properties":{"name":"La Côle"},"geometry":{"type":"LineString","coordinates":[[0.8649,45.4301],[0.8605,45.4304],[0.8597,45.4286],[0.8583,45.4279],[0.8468,45.4273]]}},{"type":"Feature","properties":{"name":"La Côle"},"geometry":{"type":"LineString","coordinates":[[0.8509,45.4269],[0.8475,45.4272]]}},{"type":"Feature","properties":{"name":"La Côle"},"geometry":{"type":"LineString","coordinates":[[0.8568,45.4278],[0.8556,45.4280]]}},{"type":"Feature","properties":{"name":"La Côle"},"geometry":{"type":"LineString","coordinates":[[0.8864,45.4331],[0.8838,45.4318],[0.8828,45.4332],[0.8805,45.4338],[0.8699,45.4306],[0.8668,45.4287],[0.8649,45.4301]]}},{"type":"Feature","properties":{"name":"La Côle"},"geometry":{"type":"LineString","coordinates":[[0.8717,45.4310],[0.8712,45.4311]]}},{"type":"Feature","properties":{"name":"La Côle"},"geometry":{"type":"LineString","coordinates":[[0.8828,45.4324],[0.8815,45.4335]]}},{"type":"Feature","properties":{"name":"La Côle"},"geometry":{"type":"LineString","coordinates":[[0.8915,45.4443],[0.8935,45.4425],[0.8929,45.4387],[0.8982,45.4382],[0.8983,45.4374],[0.8940,45.4355],[0.8892,45.4364],[0.8864,45.4331]]}},{"type":"Feature","properties":{"name":"La Côle"},"geometry":{"type":"LineString","coordinates":[[0.8932,45.4428],[0.8933,45.4420]]}},{"type":"Feature","properties":{"name":"La Côle"},"geometry":{"type":"LineString","coordinates":[[0.8933,45.4420],[0.8932,45.4415]]}},{"type":"Feature","properties":{"name":"La Côle"},"geometry":{"type":"LineString","coordinates":[[0.8930,45.4398],[0.8930,45.4396]]}},{"type":"Feature","properties":{"name":"La Côle"},"geometry":{"type":"LineString","coordinates":[[0.8889,45.4356],[0.8887,45.4350]]}},{"type":"Feature","properties":{"name":"La Côle"},"geometry":{"type":"LineString","coordinates":[[0.8878,45.4644],[0.8872,45.4632],[0.8832,45.4629],[0.8814,45.4605],[0.8819,45.4594],[0.8870,45.4588],[0.8866,45.4568],[0.8842,45.4544],[0.8857,45.4536],[0.8867,45.4517],[0.8886,45.4511],[0.8872,45.4490],[0.8900,45.4490],[0.8915,45.4443]]}},{"type":"Feature","properties":{"name":"La Côle"},"geometry":{"type":"LineString","coordinates":[[0.8878,45.4636],[0.8868,45.4631]]}},{"type":"Feature","properties":{"name":"La Côle"},"geometry":{"type":"LineString","coordinates":[[0.8874,45.4632],[0.8870,45.4632]]}},{"type":"Feature","properties":{"name":"La Côle"},"geometry":{"type":"LineString","coordinates":[[0.8816,45.4610],[0.8814,45.4606]]}},{"type":"Feature","properties":{"name":"La Côle"},"geometry":{"type":"LineString","coordinates":[[0.8824,45.4816],[0.8806,45.4783],[0.8837,45.4777],[0.8823,45.4758],[0.8855,45.4749],[0.8858,45.4741],[0.8820,45.4729],[0.8832,45.4717],[0.8855,45.4713],[0.8821,45.4689],[0.8825,45.4679],[0.8856,45.4669],[0.8824,45.4646],[0.8878,45.4644]]}},{"type":"Feature","properties":{"name":"La Côle"},"geometry":{"type":"LineString","coordinates":[[0.8945,45.4982],[0.8943,45.4959],[0.8954,45.4951],[0.8939,45.4905],[0.8911,45.4900],[0.8903,45.4885],[0.8917,45.4873],[0.8888,45.4865],[0.8885,45.4847],[0.8858,45.4841],[0.8888,45.4822],[0.8872,45.4813],[0.8838,45.4824],[0.8824,45.4816]]}},{"type":"Feature","properties":{"name":"La Côle"},"geometry":{"type":"LineString","coordinates":[[0.8977,45.5144],[0.8980,45.5131],[0.8953,45.5082],[0.8924,45.5084],[0.8909,45.5075],[0.8916,45.5035],[0.8903,45.5007],[0.8946,45.5002],[0.8945,45.4982]]}},{"type":"Feature","properties":{"name":"La Côle"},"geometry":{"type":"LineString","coordinates":[[0.8908,45.5062],[0.8910,45.5060]]}},{"type":"Feature","properties":{"name":"La Côle"},"geometry":{"type":"LineString","coordinates":[[0.8906,45.5010],[0.8903,45.5007]]}},{"type":"Feature","properties":{"name":"La Côle"},"geometry":{"type":"LineString","coordinates":[[0.8927,45.5287],[0.8919,45.5266],[0.8942,45.5267],[0.8948,45.5248],[0.8976,45.5233],[0.9003,45.5177],[0.8977,45.5161],[0.8977,45.5144]]}},{"type":"Feature","properties":{"name":"La Côle"},"geometry":{"type":"LineString","coordinates":[[0.9051,45.5391],[0.9014,45.5368],[0.8995,45.5369],[0.8986,45.5355]]}},{"type":"Feature","properties":{"name":"La Côle"},"geometry":{"type":"LineString","coordinates":[[0.8986,45.5355],[0.8933,45.5321],[0.8927,45.5287]]}},{"type":"Feature","properties":{"name":"La Côle"},"geometry":{"type":"LineString","coordinates":[[0.8966,45.5338],[0.8935,45.5306],[0.8933,45.5288]]}},{"type":"Feature","properties":{"name":"La Côle"},"geometry":{"type":"LineString","coordinates":[[0.8933,45.5288],[0.8929,45.5285]]}},{"type":"Feature","properties":{"name":"La Côle"},"geometry":{"type":"LineString","coordinates":[[0.8929,45.5285],[0.8928,45.5284]]}},{"type":"Feature","properties":{"name":"La Côle"},"geometry":{"type":"LineString","coordinates":[[0.8928,45.5284],[0.8926,45.5284]]}},{"type":"Feature","properties":{"name":"La Côle"},"geometry":{"type":"LineString","coordinates":[[0.8926,45.5284],[0.8925,45.5284]]}},{"type":"Feature","properties":{"name":"Le Céou"},"geometry":{"type":"LineString","coordinates":[[1.3470,44.7039],[1.3432,44.7040],[1.3390,44.7070],[1.3375,44.7065],[1.3320,44.7084]]}},{"type":"Feature","properties":{"name":"Le Céou"},"geometry":{"type":"LineString","coordinates":[[1.1800,44.7703],[1.1816,44.7710],[1.1807,44.7717],[1.1804,44.7753],[1.1812,44.7778],[1.1793,44.7782],[1.1799,44.7790],[1.1734,44.7885],[1.1647,44.7925],[1.1622,44.7926],[1.1634,44.7941],[1.1621,44.7943],[1.1626,44.7964],[1.1619,44.8005],[1.1583,44.8030],[1.1567,44.8065],[1.1546,44.8070],[1.1542,44.8093],[1.1558,44.8111],[1.1540,44.8145]]}},{"type":"Feature","properties":{"name":"Le Céou"},"geometry":{"type":"LineString","coordinates":[[1.1951,44.7478],[1.1953,44.7497],[1.1979,44.7515],[1.1970,44.7528],[1.1977,44.7537],[1.1954,44.7544],[1.1936,44.7569],[1.1835,44.7569],[1.1819,44.7576],[1.1819,44.7589],[1.1799,44.7588],[1.1803,44.7602],[1.1783,44.7604],[1.1762,44.7648],[1.1780,44.7667],[1.1799,44.7670],[1.1800,44.7703]]}},{"type":"Feature","properties":{"name":"Le Céou"},"geometry":{"type":"LineString","coordinates":[[1.3546,44.6977],[1.3543,44.6980]]}},{"type":"Feature","properties":{"name":"Le Céou"},"geometry":{"type":"LineString","coordinates":[[1.4883,44.6739],[1.4856,44.6729],[1.4848,44.6738],[1.4752,44.6735],[1.4709,44.6708],[1.4603,44.6690],[1.4595,44.6681],[1.4582,44.6690],[1.4551,44.6687],[1.4534,44.6675],[1.4519,44.6631],[1.4522,44.6581],[1.4407,44.6509],[1.4327,44.6486],[1.4244,44.6484],[1.4221,44.6500],[1.4167,44.6501],[1.4140,44.6525],[1.4091,44.6541],[1.4028,44.6538],[1.3998,44.6555],[1.3955,44.6549]]}},{"type":"Feature","properties":{"name":"Le Céou"},"geometry":{"type":"LineString","coordinates":[[1.3320,44.7084],[1.3252,44.7082],[1.3218,44.7110],[1.3131,44.7096],[1.3100,44.7111],[1.3062,44.7085],[1.3012,44.7083],[1.2972,44.7064],[1.2941,44.7079],[1.2905,44.7073],[1.2883,44.7082],[1.2890,44.7105],[1.2879,44.7115],[1.2872,44.7145],[1.2797,44.7159],[1.2746,44.7191],[1.2751,44.7217],[1.2722,44.7230],[1.2678,44.7222],[1.2644,44.7247],[1.2645,44.7288],[1.2627,44.7309],[1.2592,44.7309],[1.2566,44.7288],[1.2533,44.7282],[1.2494,44.7261],[1.2454,44.7267],[1.2447,44.7283],[1.2378,44.7307],[1.2317,44.7277],[1.2263,44.7288],[1.2225,44.7285],[1.2197,44.7264],[1.2176,44.7265],[1.2162,44.7279],[1.2161,44.7301],[1.2173,44.7329],[1.2166,44.7338],[1.2130,44.7349],[1.2113,44.7342],[1.2103,44.7322],[1.2079,44.7316],[1.2059,44.7322],[1.2060,44.7341],[1.2090,44.7376],[1.2083,44.7388],[1.2054,44.7397],[1.2019,44.7385],[1.1999,44.7364],[1.1973,44.7359],[1.1961,44.7367],[1.1981,44.7407],[1.1947,44.7427],[1.1951,44.7443],[1.1942,44.7461],[1.1951,44.7478]]}},{"type":"Feature","properties":{"name":"Le Céou"},"geometry":{"type":"LineString","coordinates":[[1.3600,44.6890],[1.3578,44.6908],[1.3547,44.6961]]}},{"type":"Feature","properties":{"name":"Le Céou"},"geometry":{"type":"LineString","coordinates":[[1.3501,44.7061],[1.3470,44.7039]]}},{"type":"Feature","properties":{"name":"Le Céou"},"geometry":{"type":"LineString","coordinates":[[1.3543,44.7010],[1.3550,44.7047],[1.3530,44.7061],[1.3501,44.7061]]}},{"type":"Feature","properties":{"name":"Le Céou"},"geometry":{"type":"LineString","coordinates":[[1.3955,44.6549],[1.3940,44.6552],[1.3927,44.6572],[1.3903,44.6573],[1.3835,44.6602],[1.3826,44.6632],[1.3795,44.6648],[1.3775,44.6687],[1.3725,44.6719],[1.3707,44.6767],[1.3715,44.6784],[1.3695,44.6800],[1.3700,44.6814],[1.3676,44.6857],[1.3636,44.6885],[1.3600,44.6890]]}},{"type":"Feature","properties":{"name":"Le Céou"},"geometry":{"type":"LineString","coordinates":[[1.3543,44.6980],[1.3542,44.6981]]}},{"type":"Feature","properties":{"name":"Le Céou"},"geometry":{"type":"LineString","coordinates":[[1.3547,44.6961],[1.3546,44.6977]]}},{"type":"Feature","properties":{"name":"Le Céou"},"geometry":{"type":"LineString","coordinates":[[1.3542,44.6981],[1.3543,44.7010]]}},{"type":"Feature","properties":{"name":"Le Nauzon"},"geometry":{"type":"LineString","coordinates":[[0.7109,45.6928],[0.7079,45.6896],[0.7019,45.6871],[0.6969,45.6885],[0.6949,45.6923],[0.6910,45.6899],[0.6926,45.6880],[0.6907,45.6879],[0.6911,45.6885],[0.6884,45.6898],[0.6879,45.6885],[0.6858,45.6874],[0.6812,45.6875]]}},{"type":"Feature","properties":{"name":"Le Né"},"geometry":{"type":"LineString","coordinates":[[0.0989,45.5086],[0.0995,45.5066],[0.1025,45.5056],[0.1025,45.5022],[0.1049,45.4979],[0.1022,45.4930],[0.0965,45.4915],[0.0924,45.4889],[0.0829,45.4852],[0.0771,45.4839],[0.0730,45.4818],[0.0688,45.4813]]}},{"type":"Feature","properties":{"name":"Le Né"},"geometry":{"type":"LineString","coordinates":[[0.0518,45.4793],[0.0477,45.4779],[0.0410,45.4778]]}},{"type":"Feature","properties":{"name":"Le Né"},"geometry":{"type":"LineString","coordinates":[[-0.0278,45.4788],[-0.0275,45.4810],[-0.0288,45.4811],[-0.0280,45.4818],[-0.0301,45.4831],[-0.0291,45.4838],[-0.0303,45.4850],[-0.0296,45.4858],[-0.0311,45.4856],[-0.0307,45.4868],[-0.0346,45.4887],[-0.0357,45.4898],[-0.0350,45.4907],[-0.0379,45.4926],[-0.0397,45.4929],[-0.0401,45.4938],[-0.0426,45.4934],[-0.0471,45.4959],[-0.0478,45.4973],[-0.0472,45.4982],[-0.0509,45.5005],[-0.0503,45.5011],[-0.0514,45.5012],[-0.0515,45.5026],[-0.0562,45.5043],[-0.0573,45.5065],[-0.0591,45.5075],[-0.0616,45.5123],[-0.0659,45.5143],[-0.0731,45.5155],[-0.0749,45.5148],[-0.0750,45.5158],[-0.0766,45.5159]]}},{"type":"Feature","properties":{"name":"Le Né"},"geometry":{"type":"LineString","coordinates":[[0.0410,45.4778],[0.0383,45.4776],[0.0326,45.4742]]}},{"type":"Feature","properties":{"name":"Le Né"},"geometry":{"type":"LineString","coordinates":[[0.0291,45.4735],[0.0289,45.4735]]}},{"type":"Feature","properties":{"name":"Le Né"},"geometry":{"type":"LineString","coordinates":[[0.0289,45.4735],[0.0237,45.4698],[0.0193,45.4692],[0.0171,45.4707],[0.0148,45.4709],[0.0125,45.4689],[0.0104,45.4690],[0.0056,45.4660],[-0.0013,45.4672],[-0.0016,45.4661],[-0.0042,45.4666],[-0.0131,45.4652],[-0.0177,45.4678],[-0.0202,45.4670],[-0.0210,45.4715],[-0.0229,45.4733],[-0.0247,45.4734],[-0.0274,45.4762],[-0.0266,45.4782],[-0.0278,45.4788]]}},{"type":"Feature","properties":{"name":"Le Né"},"geometry":{"type":"LineString","coordinates":[[0.0323,45.4744],[0.0291,45.4735]]}},{"type":"Feature","properties":{"name":"Le Né"},"geometry":{"type":"LineString","coordinates":[[0.0326,45.4742],[0.0323,45.4744]]}},{"type":"Feature","properties":{"name":"Le Né"},"geometry":{"type":"LineString","coordinates":[[0.0688,45.4813],[0.0605,45.4813],[0.0518,45.4793]]}},{"type":"Feature","properties":{"name":"Le Né"},"geometry":{"type":"LineString","coordinates":[[0.0688,45.4813],[0.0688,45.4813]]}},{"type":"Feature","properties":{"name":"L\u0027Aixette"},"geometry":{"type":"LineString","coordinates":[[1.1215,45.7432],[1.1218,45.7462]]}},{"type":"Feature","properties":{"name":"L\u0027Aixette"},"geometry":{"type":"LineString","coordinates":[[1.1212,45.7331],[1.1206,45.7339],[1.1223,45.7344],[1.1235,45.7365],[1.1212,45.7401],[1.1187,45.7411],[1.1218,45.7421],[1.1215,45.7432]]}},{"type":"Feature","properties":{"name":"L\u0027Aixette"},"geometry":{"type":"LineString","coordinates":[[1.1491,45.6794],[1.1538,45.6823],[1.1521,45.6850],[1.1519,45.6875],[1.1494,45.6891],[1.1474,45.6925],[1.1427,45.6932],[1.1435,45.6943],[1.1426,45.6951],[1.1445,45.6970],[1.1439,45.6976],[1.1423,45.6981],[1.1377,45.6966],[1.1359,45.6985],[1.1398,45.7021],[1.1388,45.7050],[1.1371,45.7058],[1.1381,45.7071],[1.1373,45.7105],[1.1397,45.7127],[1.1398,45.7163],[1.1362,45.7178],[1.1357,45.7195],[1.1277,45.7211],[1.1254,45.7251],[1.1200,45.7273],[1.1192,45.7288],[1.1195,45.7310],[1.1212,45.7331]]}},{"type":"Feature","properties":{"name":"La Charreau"},"geometry":{"type":"LineString","coordinates":[[0.2317,45.5578],[0.2299,45.5592],[0.2300,45.5623],[0.2250,45.5638],[0.2224,45.5631],[0.2188,45.5644],[0.2085,45.5646],[0.1976,45.5680],[0.1950,45.5679],[0.1928,45.5690],[0.1914,45.5727],[0.1870,45.5728],[0.1841,45.5747],[0.1832,45.5783],[0.1692,45.5793],[0.1613,45.5835],[0.1492,45.5858],[0.1425,45.5890],[0.1419,45.5908]]}},{"type":"Feature","properties":{"name":"La Charreau"},"geometry":{"type":"LineString","coordinates":[[0.1414,45.5911],[0.1425,45.5976],[0.1407,45.6017],[0.1429,45.6046],[0.1430,45.6063],[0.1336,45.6126],[0.1319,45.6159],[0.1295,45.6165],[0.1290,45.6177],[0.1253,45.6171],[0.1210,45.6189]]}},{"type":"Feature","properties":{"name":"La Charreau"},"geometry":{"type":"LineString","coordinates":[[0.1058,45.6393],[0.1052,45.6394]]}},{"type":"Feature","properties":{"name":"La Charreau"},"geometry":{"type":"LineString","coordinates":[[0.1049,45.6394],[0.1048,45.6396]]}},{"type":"Feature","properties":{"name":"La Charreau"},"geometry":{"type":"LineString","coordinates":[[0.1419,45.5908],[0.1414,45.5911]]}},{"type":"Feature","properties":{"name":"La Charreau"},"geometry":{"type":"LineString","coordinates":[[0.1048,45.6396],[0.1009,45.6447]]}},{"type":"Feature","properties":{"name":"La Charreau"},"geometry":{"type":"LineString","coordinates":[[0.1136,45.6304],[0.1058,45.6393]]}},{"type":"Feature","properties":{"name":"La Charreau"},"geometry":{"type":"LineString","coordinates":[[0.1210,45.6189],[0.1207,45.6191]]}},{"type":"Feature","properties":{"name":"La Charreau"},"geometry":{"type":"LineString","coordinates":[[0.1170,45.6277],[0.1169,45.6279]]}},{"type":"Feature","properties":{"name":"La Charreau"},"geometry":{"type":"LineString","coordinates":[[0.1172,45.6276],[0.1170,45.6277]]}},{"type":"Feature","properties":{"name":"La Charreau"},"geometry":{"type":"LineString","coordinates":[[0.1173,45.6275],[0.1172,45.6276]]}},{"type":"Feature","properties":{"name":"La Charreau"},"geometry":{"type":"LineString","coordinates":[[0.1175,45.6190],[0.1160,45.6211],[0.1187,45.6252],[0.1173,45.6275]]}},{"type":"Feature","properties":{"name":"La Charreau"},"geometry":{"type":"LineString","coordinates":[[0.1138,45.6289],[0.1140,45.6301]]}},{"type":"Feature","properties":{"name":"La Charreau"},"geometry":{"type":"LineString","coordinates":[[0.1139,45.6289],[0.1138,45.6289]]}},{"type":"Feature","properties":{"name":"La Charreau"},"geometry":{"type":"LineString","coordinates":[[0.1140,45.6301],[0.1136,45.6304]]}},{"type":"Feature","properties":{"name":"La Charreau"},"geometry":{"type":"LineString","coordinates":[[0.1169,45.6279],[0.1139,45.6289]]}},{"type":"Feature","properties":{"name":"La Charreau"},"geometry":{"type":"LineString","coordinates":[[0.1176,45.6190],[0.1175,45.6190]]}},{"type":"Feature","properties":{"name":"La Charreau"},"geometry":{"type":"LineString","coordinates":[[0.1179,45.6188],[0.1176,45.6190]]}},{"type":"Feature","properties":{"name":"La Charreau"},"geometry":{"type":"LineString","coordinates":[[0.1180,45.6188],[0.1179,45.6188]]}},{"type":"Feature","properties":{"name":"La Charreau"},"geometry":{"type":"LineString","coordinates":[[0.1201,45.6194],[0.1188,45.6187]]}},{"type":"Feature","properties":{"name":"La Charreau"},"geometry":{"type":"LineString","coordinates":[[0.1207,45.6191],[0.1201,45.6194]]}},{"type":"Feature","properties":{"name":"La Charreau"},"geometry":{"type":"LineString","coordinates":[[0.1188,45.6187],[0.1180,45.6188]]}},{"type":"Feature","properties":{"name":"La Charreau"},"geometry":{"type":"LineString","coordinates":[[0.1052,45.6394],[0.1049,45.6394]]}},{"type":"Feature","properties":{"name":"Le Drot"},"geometry":{"type":"LineString","coordinates":[[0.1678,44.6685],[0.1635,44.6696],[0.1628,44.6706]]}},{"type":"Feature","properties":{"name":"Le Drot"},"geometry":{"type":"LineString","coordinates":[[0.1828,44.6614],[0.1804,44.6641],[0.1783,44.6644],[0.1770,44.6673],[0.1728,44.6676],[0.1707,44.6689],[0.1678,44.6685]]}},{"type":"Feature","properties":{"name":"Le Drot"},"geometry":{"type":"LineString","coordinates":[[0.1335,44.6680],[0.1305,44.6684],[0.1225,44.6644],[0.1132,44.6662],[0.1074,44.6688],[0.1052,44.6678],[0.1058,44.6673],[0.1029,44.6655],[0.1030,44.6644]]}},{"type":"Feature","properties":{"name":"Le Drot"},"geometry":{"type":"LineString","coordinates":[[0.1030,44.6644],[0.1018,44.6631],[0.0957,44.6622],[0.0923,44.6638],[0.0896,44.6624]]}},{"type":"Feature","properties":{"name":"Le Drot"},"geometry":{"type":"LineString","coordinates":[[0.0896,44.6624],[0.0871,44.6613],[0.0880,44.6571],[0.0898,44.6552],[0.0876,44.6535],[0.0792,44.6542],[0.0777,44.6552],[0.0763,44.6542],[0.0722,44.6556],[0.0717,44.6539],[0.0687,44.6548],[0.0659,44.6529],[0.0662,44.6507],[0.0637,44.6495],[0.0619,44.6499],[0.0605,44.6483],[0.0613,44.6476],[0.0565,44.6473]]}},{"type":"Feature","properties":{"name":"Le Drot"},"geometry":{"type":"LineString","coordinates":[[0.0302,44.6413],[0.0286,44.6419],[0.0275,44.6412],[0.0264,44.6420],[0.0246,44.6392]]}},{"type":"Feature","properties":{"name":"Le Drot"},"geometry":{"type":"LineString","coordinates":[[0.0009,44.6366],[-0.0036,44.6357]]}},{"type":"Feature","properties":{"name":"Le Drot"},"geometry":{"type":"LineString","coordinates":[[-0.0327,44.6327],[-0.0386,44.6315],[-0.0412,44.6327],[-0.0419,44.6311],[-0.0447,44.6324]]}},{"type":"Feature","properties":{"name":"Le Drot"},"geometry":{"type":"LineString","coordinates":[[0.0402,44.6429],[0.0379,44.6419],[0.0355,44.6426],[0.0350,44.6418],[0.0326,44.6420],[0.0320,44.6406],[0.0309,44.6410],[0.0311,44.6422],[0.0302,44.6413]]}},{"type":"Feature","properties":{"name":"Le Drot"},"geometry":{"type":"LineString","coordinates":[[0.0246,44.6392],[0.0214,44.6368],[0.0226,44.6357],[0.0198,44.6349],[0.0166,44.6360],[0.0152,44.6346],[0.0075,44.6342],[0.0058,44.6354],[0.0050,44.6343],[0.0032,44.6350],[0.0036,44.6358],[0.0009,44.6366]]}},{"type":"Feature","properties":{"name":"Le Drot"},"geometry":{"type":"LineString","coordinates":[[-0.0287,44.6339],[-0.0307,44.6322],[-0.0327,44.6327]]}},{"type":"Feature","properties":{"name":"Le Drot"},"geometry":{"type":"LineString","coordinates":[[-0.0036,44.6357],[-0.0073,44.6359],[-0.0096,44.6339],[-0.0133,44.6341],[-0.0164,44.6355],[-0.0161,44.6376],[-0.0190,44.6382],[-0.0199,44.6396],[-0.0238,44.6392],[-0.0268,44.6369],[-0.0261,44.6340],[-0.0287,44.6339]]}},{"type":"Feature","properties":{"name":"Le Drot"},"geometry":{"type":"LineString","coordinates":[[-0.0652,44.6243],[-0.0704,44.6240],[-0.0727,44.6208],[-0.0725,44.6194],[-0.0741,44.6189]]}},{"type":"Feature","properties":{"name":"Le Drot"},"geometry":{"type":"LineString","coordinates":[[-0.0470,44.6321],[-0.0483,44.6308],[-0.0501,44.6307],[-0.0517,44.6294],[-0.0528,44.6301],[-0.0546,44.6282],[-0.0585,44.6276],[-0.0612,44.6255],[-0.0636,44.6256],[-0.0652,44.6243]]}},{"type":"Feature","properties":{"name":"Le Drot"},"geometry":{"type":"LineString","coordinates":[[-0.0447,44.6324],[-0.0470,44.6321]]}},{"type":"Feature","properties":{"name":"Le Drot"},"geometry":{"type":"LineString","coordinates":[[0.0565,44.6473],[0.0547,44.6471],[0.0542,44.6452],[0.0531,44.6447],[0.0459,44.6445],[0.0446,44.6454],[0.0439,44.6443],[0.0439,44.6464],[0.0402,44.6429]]}},{"type":"Feature","properties":{"name":"Le Drot"},"geometry":{"type":"LineString","coordinates":[[0.1628,44.6706],[0.1591,44.6683],[0.1567,44.6690],[0.1546,44.6678],[0.1536,44.6685],[0.1551,44.6691],[0.1543,44.6695],[0.1518,44.6689],[0.1514,44.6679],[0.1483,44.6684],[0.1473,44.6662],[0.1447,44.6655],[0.1411,44.6657],[0.1376,44.6676],[0.1378,44.6665],[0.1351,44.6669],[0.1346,44.6660],[0.1335,44.6680]]}},{"type":"Feature","properties":{"name":"La Dordogne"},"geometry":{"type":"LineString","coordinates":[[0.7789,44.8412],[0.7660,44.8379],[0.7564,44.8378],[0.7419,44.8349],[0.7192,44.8321],[0.7050,44.8317],[0.6827,44.8356],[0.6660,44.8405],[0.6565,44.8402],[0.6408,44.8419],[0.6370,44.8428],[0.6298,44.8465],[0.6148,44.8487],[0.5987,44.8539],[0.5613,44.8533],[0.5491,44.8493],[0.5450,44.8493],[0.5130,44.8383],[0.5034,44.8370],[0.4994,44.8370],[0.4952,44.8383],[0.4832,44.8481]]}},{"type":"Feature","properties":{"name":"La Dordogne"},"geometry":{"type":"LineString","coordinates":[[0.3148,44.8457],[0.3081,44.8520],[0.2872,44.8639],[0.2795,44.8668],[0.2747,44.8679],[0.2537,44.8679],[0.2419,44.8730],[0.2388,44.8725],[0.2370,44.8707],[0.2438,44.8622],[0.2431,44.8592],[0.2414,44.8569],[0.2322,44.8514],[0.2257,44.8461],[0.2219,44.8447]]}},{"type":"Feature","properties":{"name":"La Dordogne"},"geometry":{"type":"LineString","coordinates":[[1.6736,44.9287],[1.6711,44.9270],[1.6662,44.9262],[1.6542,44.9261],[1.6499,44.9239],[1.6483,44.9219],[1.6481,44.9188],[1.6470,44.9172],[1.6378,44.9139],[1.6384,44.9105],[1.6421,44.9062],[1.6372,44.9029],[1.6348,44.9026],[1.6262,44.9083],[1.6215,44.9092],[1.6184,44.9063],[1.6158,44.9004],[1.6142,44.8988],[1.6151,44.8969],[1.6120,44.8901],[1.6110,44.8852],[1.6121,44.8817],[1.6115,44.8785],[1.6082,44.8779],[1.6012,44.8789],[1.5975,44.8814],[1.5898,44.8905],[1.5759,44.8910],[1.5743,44.8892],[1.5729,44.8845],[1.5754,44.8802],[1.5765,44.8690],[1.5701,44.8696],[1.5664,44.8716],[1.5553,44.8669],[1.5576,44.8628],[1.5589,44.8558],[1.5565,44.8516],[1.5501,44.8470],[1.5458,44.8493],[1.5398,44.8563],[1.5336,44.8602],[1.5308,44.8608],[1.5262,44.8598],[1.5239,44.8583],[1.5240,44.8559],[1.5260,44.8532],[1.5258,44.8509],[1.5202,44.8454],[1.5146,44.8430],[1.5098,44.8419],[1.5038,44.8424],[1.4975,44.8453],[1.4941,44.8496],[1.4918,44.8488],[1.4881,44.8493],[1.4863,44.8513],[1.4857,44.8535],[1.4907,44.8595],[1.4906,44.8642],[1.4966,44.8716],[1.4956,44.8748],[1.4887,44.8787],[1.4880,44.8807],[1.4813,44.8866],[1.4762,44.8882],[1.4636,44.8886],[1.4539,44.8940],[1.4512,44.8944],[1.4402,44.8898],[1.4397,44.8877],[1.4426,44.8800],[1.4396,44.8749],[1.4352,44.8727],[1.4273,44.8713],[1.4240,44.8696],[1.4107,44.8732],[1.4008,44.8822],[1.3963,44.8830],[1.3875,44.8823],[1.3827,44.8829],[1.3806,44.8797],[1.3724,44.8737],[1.3718,44.8718],[1.3738,44.8685],[1.3730,44.8670],[1.3605,44.8669],[1.3571,44.8661],[1.3508,44.8615],[1.3458,44.8561],[1.3259,44.8445],[1.3098,44.8423],[1.3081,44.8407],[1.3080,44.8364],[1.2992,44.8339],[1.2960,44.8298],[1.2952,44.8270],[1.2925,44.8259],[1.2796,44.8237],[1.2664,44.8269],[1.2647,44.8291],[1.2625,44.8420],[1.2613,44.8431],[1.2512,44.8421],[1.2506,44.8363],[1.2524,44.8342],[1.2576,44.8311],[1.2596,44.8273],[1.2597,44.8251],[1.2572,44.8235],[1.2532,44.8226],[1.2439,44.8239],[1.2281,44.8279],[1.2189,44.8242],[1.2164,44.8224],[1.2158,44.8205],[1.2178,44.8130],[1.2212,44.8083],[1.2204,44.8062],[1.2190,44.8056],[1.2044,44.8060],[1.1904,44.8086],[1.1840,44.8112],[1.1798,44.8145],[1.1801,44.8161],[1.1839,44.8202],[1.1837,44.8233],[1.1821,44.8256],[1.1790,44.8266],[1.1768,44.8263],[1.1697,44.8214],[1.1651,44.8160],[1.1614,44.8149]]}},{"type":"Feature","properties":{"name":"La Dordogne"},"geometry":{"type":"LineString","coordinates":[[0.2219,44.8447],[0.2134,44.8433],[0.2102,44.8417]]}},{"type":"Feature","properties":{"name":"La Dordogne"},"geometry":{"type":"LineString","coordinates":[[0.0475,44.8247],[0.0423,44.8264],[0.0381,44.8292],[0.0391,44.8361],[0.0378,44.8396],[0.0303,44.8425],[0.0228,44.8492],[0.0185,44.8498],[0.0089,44.8464]]}},{"type":"Feature","properties":{"name":"La Dordogne"},"geometry":{"type":"LineString","coordinates":[[-0.0340,44.8522],[-0.0432,44.8509],[-0.0497,44.8481]]}},{"type":"Feature","properties":{"name":"La Dordogne"},"geometry":{"type":"LineString","coordinates":[[-0.0678,44.8384],[-0.0831,44.8335]]}},{"type":"Feature","properties":{"name":"La Dordogne"},"geometry":{"type":"LineString","coordinates":[[-0.0497,44.8481],[-0.0509,44.8473]]}},{"type":"Feature","properties":{"name":"La Dordogne"},"geometry":{"type":"LineString","coordinates":[[-0.0509,44.8473],[-0.0599,44.8418],[-0.0678,44.8384]]}},{"type":"Feature","properties":{"name":"La Dordogne"},"geometry":{"type":"LineString","coordinates":[[0.0757,44.8195],[0.0713,44.8188],[0.0651,44.8248],[0.0625,44.8257],[0.0512,44.8246]]}},{"type":"Feature","properties":{"name":"La Dordogne"},"geometry":{"type":"LineString","coordinates":[[0.0928,44.8325],[0.0831,44.8316]]}},{"type":"Feature","properties":{"name":"La Dordogne"},"geometry":{"type":"LineString","coordinates":[[0.0831,44.8316],[0.0805,44.8286],[0.0785,44.8222],[0.0757,44.8195]]}},{"type":"Feature","properties":{"name":"La Dordogne"},"geometry":{"type":"LineString","coordinates":[[0.0089,44.8464],[-0.0013,44.8464],[-0.0249,44.8515],[-0.0340,44.8522]]}},{"type":"Feature","properties":{"name":"La Dordogne"},"geometry":{"type":"LineString","coordinates":[[1.3179,44.8430],[1.3144,44.8438],[1.3118,44.8429]]}},{"type":"Feature","properties":{"name":"La Dordogne"},"geometry":{"type":"LineString","coordinates":[[0.0954,44.8330],[0.0928,44.8325]]}},{"type":"Feature","properties":{"name":"La Dordogne"},"geometry":{"type":"LineString","coordinates":[[0.0512,44.8246],[0.0475,44.8247]]}},{"type":"Feature","properties":{"name":"La Dordogne"},"geometry":{"type":"LineString","coordinates":[[1.1519,44.8148],[1.1518,44.8158]]}},{"type":"Feature","properties":{"name":"La Dordogne"},"geometry":{"type":"LineString","coordinates":[[1.3875,44.8823],[1.3844,44.8819],[1.3806,44.8797]]}},{"type":"Feature","properties":{"name":"La Dordogne"},"geometry":{"type":"LineString","coordinates":[[1.1553,44.8145],[1.1512,44.8151],[1.1502,44.8169]]}},{"type":"Feature","properties":{"name":"La Dordogne"},"geometry":{"type":"LineString","coordinates":[[0.8633,44.8747],[0.8619,44.8693],[0.8627,44.8661],[0.8650,44.8631]]}},{"type":"Feature","properties":{"name":"La Dordogne"},"geometry":{"type":"LineString","coordinates":[[0.4816,44.8489],[0.4738,44.8499]]}},{"type":"Feature","properties":{"name":"La Dordogne"},"geometry":{"type":"LineString","coordinates":[[0.1841,44.8237],[0.1823,44.8250]]}},{"type":"Feature","properties":{"name":"La Dordogne"},"geometry":{"type":"LineString","coordinates":[[0.1823,44.8250],[0.1727,44.8272],[0.1642,44.8262],[0.1567,44.8267],[0.1482,44.8294],[0.1354,44.8281],[0.1258,44.8284],[0.1224,44.8273],[0.1137,44.8193],[0.1113,44.8189],[0.1086,44.8208],[0.1080,44.8244]]}},{"type":"Feature","properties":{"name":"La Dordogne"},"geometry":{"type":"LineString","coordinates":[[0.1929,44.8211],[0.1895,44.8201],[0.1841,44.8237]]}},{"type":"Feature","properties":{"name":"La Dordogne"},"geometry":{"type":"LineString","coordinates":[[0.2102,44.8417],[0.2074,44.8400],[0.1929,44.8211]]}},{"type":"Feature","properties":{"name":"La Dordogne"},"geometry":{"type":"LineString","coordinates":[[0.4832,44.8481],[0.4792,44.8503],[0.4760,44.8506],[0.4654,44.8455],[0.4545,44.8462]]}},{"type":"Feature","properties":{"name":"La Dordogne"},"geometry":{"type":"LineString","coordinates":[[1.0957,44.8256],[1.0881,44.8330],[1.0858,44.8406],[1.0817,44.8431],[1.0775,44.8436],[1.0710,44.8376],[1.0683,44.8368],[1.0563,44.8464],[1.0468,44.8517],[1.0335,44.8559],[1.0263,44.8570],[1.0230,44.8565],[1.0210,44.8545],[1.0190,44.8434],[1.0202,44.8386],[1.0151,44.8309],[1.0115,44.8286],[0.9984,44.8255],[0.9795,44.8281],[0.9695,44.8250],[0.9584,44.8257],[0.9535,44.8280],[0.9505,44.8308],[0.9495,44.8344],[0.9505,44.8370],[0.9458,44.8414],[0.9380,44.8442],[0.9304,44.8427],[0.9223,44.8521],[0.9167,44.8559],[0.9082,44.8554],[0.8988,44.8531],[0.8918,44.8548],[0.8890,44.8591],[0.8876,44.8638],[0.8881,44.8666],[0.8908,44.8713],[0.8911,44.8758],[0.8901,44.8807],[0.8874,44.8822],[0.8780,44.8830],[0.8735,44.8828],[0.8668,44.8807],[0.8640,44.8769],[0.8633,44.8747],[0.8652,44.8639],[0.8638,44.8593],[0.8622,44.8574],[0.8566,44.8530],[0.8461,44.8502],[0.8336,44.8522],[0.8253,44.8566],[0.8225,44.8631],[0.8228,44.8816],[0.8214,44.8842],[0.8119,44.8855],[0.8045,44.8840],[0.8018,44.8822],[0.7997,44.8794],[0.7984,44.8728],[0.7996,44.8668],[0.8048,44.8561],[0.8048,44.8531],[0.8035,44.8514],[0.7912,44.8450],[0.7789,44.8412]]}},{"type":"Feature","properties":{"name":"La Dordogne"},"geometry":{"type":"LineString","coordinates":[[1.1614,44.8149],[1.1553,44.8145],[1.1502,44.8169],[1.1471,44.8305],[1.1476,44.8371],[1.1457,44.8389],[1.1397,44.8391],[1.1261,44.8360],[1.1183,44.8294],[1.1047,44.8235],[1.0957,44.8256]]}},{"type":"Feature","properties":{"name":"La Dordogne"},"geometry":{"type":"LineString","coordinates":[[0.4545,44.8462],[0.4525,44.8464]]}},{"type":"Feature","properties":{"name":"La Dordogne"},"geometry":{"type":"LineString","coordinates":[[0.1080,44.8244],[0.1083,44.8297],[0.1070,44.8326],[0.0954,44.8330]]}},{"type":"Feature","properties":{"name":"La Dordogne"},"geometry":{"type":"LineString","coordinates":[[0.4525,44.8464],[0.4491,44.8452],[0.4448,44.8381],[0.4404,44.8367],[0.4327,44.8372],[0.4214,44.8430],[0.4129,44.8433]]}},{"type":"Feature","properties":{"name":"La Dordogne"},"geometry":{"type":"LineString","coordinates":[[1.3656,44.8667],[1.3588,44.8664]]}},{"type":"Feature","properties":{"name":"La Dordogne"},"geometry":{"type":"LineString","coordinates":[[0.8227,44.8774],[0.8242,44.8779],[0.8249,44.8811],[0.8236,44.8829],[0.8222,44.8832]]}},{"type":"Feature","properties":{"name":"La Dordogne"},"geometry":{"type":"LineString","coordinates":[[0.4129,44.8433],[0.4074,44.8444],[0.4020,44.8516],[0.3989,44.8518],[0.3865,44.8491],[0.3739,44.8500],[0.3643,44.8541],[0.3591,44.8551],[0.3517,44.8538],[0.3498,44.8518],[0.3469,44.8425],[0.3422,44.8401],[0.3243,44.8399],[0.3198,44.8416],[0.3148,44.8457]]}},{"type":"Feature","properties":{"name":"Bras de La Boëme"},"geometry":{"type":"LineString","coordinates":[[0.0636,45.6192],[0.0622,45.6199]]}},{"type":"Feature","properties":{"name":"Bras de La Boëme"},"geometry":{"type":"LineString","coordinates":[[0.0554,45.6216],[0.0541,45.6223]]}},{"type":"Feature","properties":{"name":"Bras de La Boëme"},"geometry":{"type":"LineString","coordinates":[[0.0509,45.6231],[0.0511,45.6231]]}},{"type":"Feature","properties":{"name":"Bras de La Boëme"},"geometry":{"type":"LineString","coordinates":[[0.0623,45.6206],[0.0587,45.6217],[0.0571,45.6210],[0.0502,45.6232],[0.0473,45.6219],[0.0450,45.6221]]}},{"type":"Feature","properties":{"name":"Bras de La Boëme"},"geometry":{"type":"LineString","coordinates":[[0.0762,45.6149],[0.0749,45.6165],[0.0704,45.6171]]}},{"type":"Feature","properties":{"name":"Bras de La Boëme"},"geometry":{"type":"LineString","coordinates":[[0.0535,45.6233],[0.0512,45.6231]]}},{"type":"Feature","properties":{"name":"Bras de La Boëme"},"geometry":{"type":"LineString","coordinates":[[0.0511,45.6231],[0.0512,45.6231]]}},{"type":"Feature","properties":{"name":"Bras de La Boëme"},"geometry":{"type":"LineString","coordinates":[[0.0587,45.6217],[0.0536,45.6232]]}},{"type":"Feature","properties":{"name":"Bras de La Boëme"},"geometry":{"type":"LineString","coordinates":[[0.0536,45.6232],[0.0535,45.6233]]}},{"type":"Feature","properties":{"name":"La Borrèze"},"geometry":{"type":"LineString","coordinates":[[1.4757,44.8933],[1.4760,44.8927]]}},{"type":"Feature","properties":{"name":"La Borrèze"},"geometry":{"type":"LineString","coordinates":[[1.4756,44.8944],[1.4760,44.8926]]}},{"type":"Feature","properties":{"name":"La Borrèze"},"geometry":{"type":"LineString","coordinates":[[1.4721,44.9063],[1.4745,44.9027],[1.4748,44.9015],[1.4738,44.9008],[1.4762,44.8984],[1.4753,44.8973],[1.4760,44.8951]]}},{"type":"Feature","properties":{"name":"La Borrèze"},"geometry":{"type":"LineString","coordinates":[[1.4635,44.8964],[1.4624,44.8978],[1.4587,44.8974],[1.4561,44.8956],[1.4512,44.8944]]}},{"type":"Feature","properties":{"name":"La Borrèze"},"geometry":{"type":"LineString","coordinates":[[1.4758,44.8931],[1.4758,44.8931]]}},{"type":"Feature","properties":{"name":"La Borrèze"},"geometry":{"type":"LineString","coordinates":[[1.4760,44.8951],[1.4758,44.8931]]}},{"type":"Feature","properties":{"name":"La Borrèze"},"geometry":{"type":"LineString","coordinates":[[1.4758,44.8931],[1.4749,44.8919],[1.4707,44.8930],[1.4635,44.8964]]}},{"type":"Feature","properties":{"name":"La Borrèze"},"geometry":{"type":"LineString","coordinates":[[1.4571,44.8965],[1.4565,44.8958]]}},{"type":"Feature","properties":{"name":"Ruisseau du Cluzeau"},"geometry":{"type":"LineString","coordinates":[[0.2924,44.8993],[0.2938,44.8980]]}},{"type":"Feature","properties":{"name":"Ruisseau du Cluzeau"},"geometry":{"type":"LineString","coordinates":[[0.2648,44.9003],[0.2829,44.9019],[0.2856,44.9010]]}},{"type":"Feature","properties":{"name":"Ruisseau du Cluzeau"},"geometry":{"type":"LineString","coordinates":[[0.2856,44.9010],[0.2858,44.9010]]}},{"type":"Feature","properties":{"name":"Ruisseau du Cluzeau"},"geometry":{"type":"LineString","coordinates":[[0.2938,44.8980],[0.2939,44.8979]]}},{"type":"Feature","properties":{"name":"Ruisseau du Cluzeau"},"geometry":{"type":"LineString","coordinates":[[0.2858,44.9010],[0.2905,44.9002]]}},{"type":"Feature","properties":{"name":"Ruisseau du Cluzeau"},"geometry":{"type":"LineString","coordinates":[[0.2939,44.8979],[0.2969,44.8957],[0.2996,44.8957],[0.3005,44.8937]]}},{"type":"Feature","properties":{"name":"Bras de la Charente"},"geometry":{"type":"LineString","coordinates":[[-0.0622,45.6357],[-0.0622,45.6391],[-0.0653,45.6424],[-0.0712,45.6450],[-0.0728,45.6479],[-0.0768,45.6484]]}},{"type":"Feature","properties":{"name":"La Garonne"},"geometry":{"type":"LineString","coordinates":[[-0.0596,44.5780],[-0.0735,44.5729],[-0.0854,44.5731]]}},{"type":"Feature","properties":{"name":"La Garonne"},"geometry":{"type":"LineString","coordinates":[[0.0203,44.5417],[0.0153,44.5434],[0.0033,44.5508]]}},{"type":"Feature","properties":{"name":"La Garonne"},"geometry":{"type":"LineString","coordinates":[[-0.0112,44.5545],[-0.0132,44.5570],[-0.0171,44.5668]]}},{"type":"Feature","properties":{"name":"La Garonne"},"geometry":{"type":"LineString","coordinates":[[-0.0012,44.5519],[-0.0068,44.5527],[-0.0112,44.5545]]}},{"type":"Feature","properties":{"name":"La Garonne"},"geometry":{"type":"LineString","coordinates":[[-0.0171,44.5668],[-0.0214,44.5729]]}},{"type":"Feature","properties":{"name":"La Garonne"},"geometry":{"type":"LineString","coordinates":[[-0.0302,44.5787],[-0.0494,44.5789],[-0.0596,44.5780]]}},{"type":"Feature","properties":{"name":"La Garonne"},"geometry":{"type":"LineString","coordinates":[[-0.0214,44.5729],[-0.0241,44.5776],[-0.0280,44.5786]]}},{"type":"Feature","properties":{"name":"La Garonne"},"geometry":{"type":"LineString","coordinates":[[-0.0280,44.5786],[-0.0302,44.5787]]}},{"type":"Feature","properties":{"name":"La Garonne"},"geometry":{"type":"LineString","coordinates":[[0.0033,44.5508],[-0.0012,44.5519]]}},{"type":"Feature","properties":{"name":"Le Blanzou"},"geometry":{"type":"LineString","coordinates":[[1.3958,45.6825],[1.3959,45.6842],[1.3930,45.6840],[1.3905,45.6854],[1.3881,45.6854],[1.3829,45.6889],[1.3790,45.6895],[1.3787,45.6912],[1.3726,45.6934],[1.3717,45.6953],[1.3689,45.6950],[1.3676,45.6972],[1.3659,45.6961],[1.3620,45.6959],[1.3575,45.6976]]}},{"type":"Feature","properties":{"name":"Le Blanzou"},"geometry":{"type":"LineString","coordinates":[[1.3575,45.6976],[1.3568,45.6980]]}},{"type":"Feature","properties":{"name":"La Pude"},"geometry":{"type":"LineString","coordinates":[[0.2630,45.3569],[0.2615,45.3479],[0.2652,45.3408],[0.2656,45.3370]]}},{"type":"Feature","properties":{"name":"La Pude"},"geometry":{"type":"LineString","coordinates":[[0.3082,45.3898],[0.3031,45.3881],[0.3035,45.3869],[0.3002,45.3857],[0.2961,45.3807],[0.2936,45.3791],[0.2881,45.3773],[0.2844,45.3772],[0.2814,45.3752],[0.2774,45.3693],[0.2777,45.3658],[0.2741,45.3661],[0.2676,45.3599],[0.2611,45.3563],[0.2594,45.3540],[0.2588,45.3509]]}},{"type":"Feature","properties":{"name":"La Pude"},"geometry":{"type":"LineString","coordinates":[[0.3608,45.4038],[0.3606,45.4040]]}},{"type":"Feature","properties":{"name":"La Pude"},"geometry":{"type":"LineString","coordinates":[[0.4030,45.4002],[0.4011,45.3990],[0.3973,45.3993],[0.3870,45.4045],[0.3803,45.4033]]}},{"type":"Feature","properties":{"name":"La Pude"},"geometry":{"type":"LineString","coordinates":[[0.3723,45.4046],[0.3695,45.4054],[0.3637,45.4043]]}},{"type":"Feature","properties":{"name":"La Pude"},"geometry":{"type":"LineString","coordinates":[[0.3724,45.4046],[0.3723,45.4046]]}},{"type":"Feature","properties":{"name":"La Pude"},"geometry":{"type":"LineString","coordinates":[[0.3605,45.4040],[0.3593,45.4047]]}},{"type":"Feature","properties":{"name":"La Pude"},"geometry":{"type":"LineString","coordinates":[[0.3606,45.4040],[0.3605,45.4040]]}},{"type":"Feature","properties":{"name":"La Pude"},"geometry":{"type":"LineString","coordinates":[[0.3636,45.4043],[0.3608,45.4038]]}},{"type":"Feature","properties":{"name":"La Pude"},"geometry":{"type":"LineString","coordinates":[[0.3637,45.4043],[0.3636,45.4043]]}},{"type":"Feature","properties":{"name":"La Pude"},"geometry":{"type":"LineString","coordinates":[[0.3803,45.4033],[0.3802,45.4033]]}},{"type":"Feature","properties":{"name":"La Pude"},"geometry":{"type":"LineString","coordinates":[[0.3802,45.4033],[0.3773,45.4027]]}},{"type":"Feature","properties":{"name":"La Pude"},"geometry":{"type":"LineString","coordinates":[[0.3773,45.4027],[0.3773,45.4027]]}},{"type":"Feature","properties":{"name":"La Pude"},"geometry":{"type":"LineString","coordinates":[[0.3773,45.4027],[0.3724,45.4046]]}},{"type":"Feature","properties":{"name":"La Pude"},"geometry":{"type":"LineString","coordinates":[[0.3391,45.3992],[0.3371,45.3984],[0.3365,45.3971],[0.3278,45.3939],[0.3236,45.3928],[0.3169,45.3939],[0.3104,45.3911]]}},{"type":"Feature","properties":{"name":"La Pude"},"geometry":{"type":"LineString","coordinates":[[0.3104,45.3911],[0.3082,45.3898]]}},{"type":"Feature","properties":{"name":"La Pude"},"geometry":{"type":"LineString","coordinates":[[0.3394,45.3993],[0.3391,45.3992]]}},{"type":"Feature","properties":{"name":"La Pude"},"geometry":{"type":"LineString","coordinates":[[0.3424,45.3982],[0.3394,45.3993]]}},{"type":"Feature","properties":{"name":"La Pude"},"geometry":{"type":"LineString","coordinates":[[0.4033,45.4003],[0.4030,45.4002]]}},{"type":"Feature","properties":{"name":"La Pude"},"geometry":{"type":"LineString","coordinates":[[0.4048,45.4015],[0.4033,45.4003]]}},{"type":"Feature","properties":{"name":"La Dourdèze"},"geometry":{"type":"LineString","coordinates":[[0.2246,44.7084],[0.2244,44.7083]]}},{"type":"Feature","properties":{"name":"La Dourdèze"},"geometry":{"type":"LineString","coordinates":[[0.2244,44.7083],[0.2241,44.7069],[0.2228,44.7070],[0.2236,44.7064],[0.2207,44.7030],[0.2162,44.7033]]}},{"type":"Feature","properties":{"name":"La Dourdèze"},"geometry":{"type":"LineString","coordinates":[[0.2115,44.7006],[0.2096,44.7010],[0.2079,44.7000],[0.2079,44.6983]]}},{"type":"Feature","properties":{"name":"La Dourdèze"},"geometry":{"type":"LineString","coordinates":[[0.2117,44.7006],[0.2115,44.7006]]}},{"type":"Feature","properties":{"name":"La Dourdèze"},"geometry":{"type":"LineString","coordinates":[[0.2079,44.6983],[0.2077,44.6982]]}},{"type":"Feature","properties":{"name":"La Dourdèze"},"geometry":{"type":"LineString","coordinates":[[0.2077,44.6982],[0.2044,44.6975],[0.2044,44.6967],[0.1998,44.6970],[0.1987,44.6958],[0.1968,44.6959],[0.1961,44.6938],[0.1923,44.6933],[0.1925,44.6941],[0.1918,44.6928],[0.1897,44.6932],[0.1898,44.6918],[0.1864,44.6918],[0.1862,44.6904],[0.1816,44.6883],[0.1802,44.6865],[0.1791,44.6868],[0.1798,44.6845],[0.1767,44.6855],[0.1744,44.6848],[0.1755,44.6837],[0.1735,44.6812],[0.1714,44.6817],[0.1653,44.6804],[0.1642,44.6724],[0.1629,44.6719],[0.1635,44.6710],[0.1628,44.6706]]}},{"type":"Feature","properties":{"name":"La Dourdèze"},"geometry":{"type":"LineString","coordinates":[[0.2186,44.7032],[0.2152,44.7027]]}},{"type":"Feature","properties":{"name":"La Dourdèze"},"geometry":{"type":"LineString","coordinates":[[0.2161,44.7033],[0.2117,44.7006]]}},{"type":"Feature","properties":{"name":"La Dourdèze"},"geometry":{"type":"LineString","coordinates":[[0.2162,44.7033],[0.2161,44.7033]]}},{"type":"Feature","properties":{"name":"La Dourdèze"},"geometry":{"type":"LineString","coordinates":[[0.2388,44.7224],[0.2373,44.7210],[0.2360,44.7217],[0.2339,44.7189]]}},{"type":"Feature","properties":{"name":"La Dourdèze"},"geometry":{"type":"LineString","coordinates":[[0.2338,44.7189],[0.2343,44.7180],[0.2319,44.7163],[0.2325,44.7158],[0.2293,44.7153],[0.2287,44.7111],[0.2267,44.7109],[0.2267,44.7100],[0.2280,44.7096],[0.2246,44.7084]]}},{"type":"Feature","properties":{"name":"La Dourdèze"},"geometry":{"type":"LineString","coordinates":[[0.2339,44.7189],[0.2338,44.7189]]}},{"type":"Feature","properties":{"name":"La Beauronne"},"geometry":{"type":"LineString","coordinates":[[0.7184,45.2727],[0.7165,45.2691],[0.7117,45.2668],[0.7121,45.2656],[0.7112,45.2657],[0.7119,45.2647],[0.7102,45.2639],[0.7107,45.2633],[0.7088,45.2606],[0.7075,45.2614],[0.7042,45.2586],[0.7047,45.2577],[0.7016,45.2560],[0.7012,45.2548],[0.6977,45.2543],[0.6947,45.2524],[0.6929,45.2490],[0.6887,45.2453],[0.6845,45.2447],[0.6815,45.2426],[0.6814,45.2415],[0.6844,45.2390],[0.6841,45.2372],[0.6826,45.2362],[0.6833,45.2348],[0.6807,45.2324],[0.6811,45.2317],[0.6802,45.2320],[0.6802,45.2311],[0.6785,45.2315],[0.6744,45.2295],[0.6731,45.2226],[0.6692,45.2198],[0.6681,45.2174],[0.6686,45.2149],[0.6723,45.2129],[0.6726,45.2112],[0.6665,45.2110],[0.6658,45.2103],[0.6683,45.2080],[0.6703,45.2039],[0.6706,45.2010],[0.6732,45.2006],[0.6752,45.1988],[0.6757,45.1899]]}},{"type":"Feature","properties":{"name":"La Beauronne"},"geometry":{"type":"LineString","coordinates":[[0.6748,45.1963],[0.6749,45.1938],[0.6727,45.1921],[0.6738,45.1895]]}},{"type":"Feature","properties":{"name":"La Beauronne"},"geometry":{"type":"LineString","coordinates":[[0.6749,45.1938],[0.6750,45.1927]]}},{"type":"Feature","properties":{"name":"La Briolance"},"geometry":{"type":"LineString","coordinates":[[0.9696,44.5771],[0.9686,44.5748],[0.9674,44.5747]]}},{"type":"Feature","properties":{"name":"La Briolance"},"geometry":{"type":"LineString","coordinates":[[0.9696,44.5772],[0.9696,44.5771]]}},{"type":"Feature","properties":{"name":"La Briolance"},"geometry":{"type":"LineString","coordinates":[[0.9731,44.6034],[0.9712,44.6003],[0.9688,44.6001],[0.9653,44.5963],[0.9654,44.5942],[0.9671,44.5931],[0.9698,44.5884],[0.9700,44.5849],[0.9711,44.5838],[0.9715,44.5807],[0.9696,44.5772]]}},{"type":"Feature","properties":{"name":"La Roselle"},"geometry":{"type":"LineString","coordinates":[[1.4547,45.7111],[1.4408,45.7189],[1.4407,45.7200],[1.4379,45.7215],[1.4351,45.7204],[1.4310,45.7235],[1.4266,45.7232],[1.4212,45.7262],[1.4176,45.7271],[1.4154,45.7260],[1.4140,45.7272]]}},{"type":"Feature","properties":{"name":"La Roselle"},"geometry":{"type":"LineString","coordinates":[[1.4987,45.7106],[1.4924,45.7103],[1.4784,45.7047],[1.4756,45.7045],[1.4730,45.7056],[1.4704,45.7052],[1.4630,45.7082],[1.4591,45.7068],[1.4581,45.7076],[1.4579,45.7107],[1.4547,45.7111]]}},{"type":"Feature","properties":{"name":"La Roselle"},"geometry":{"type":"LineString","coordinates":[[1.4139,45.7273],[1.4102,45.7311],[1.4100,45.7327],[1.4056,45.7357],[1.4026,45.7337],[1.3982,45.7346],[1.3971,45.7357],[1.3945,45.7352],[1.3935,45.7312],[1.3912,45.7311],[1.3900,45.7290],[1.3887,45.7298],[1.3836,45.7294],[1.3805,45.7319],[1.3786,45.7305],[1.3713,45.7308],[1.3700,45.7324],[1.3659,45.7313],[1.3642,45.7324],[1.3588,45.7322],[1.3558,45.7334],[1.3564,45.7338],[1.3542,45.7363],[1.3521,45.7343],[1.3511,45.7356],[1.3481,45.7357],[1.3464,45.7343],[1.3439,45.7353],[1.3426,45.7332],[1.3407,45.7325]]}},{"type":"Feature","properties":{"name":"La Roselle"},"geometry":{"type":"LineString","coordinates":[[1.4140,45.7272],[1.4139,45.7273]]}},{"type":"Feature","properties":{"name":"La Roselle"},"geometry":{"type":"LineString","coordinates":[[1.3407,45.7325],[1.3400,45.7326]]}},{"type":"Feature","properties":{"name":"La Roselle"},"geometry":{"type":"LineString","coordinates":[[1.3400,45.7326],[1.3355,45.7328],[1.3347,45.7300],[1.3328,45.7288],[1.3288,45.7299],[1.3265,45.7293],[1.3273,45.7291],[1.3271,45.7278],[1.3246,45.7279]]}},{"type":"Feature","properties":{"name":"Le Rêt"},"geometry":{"type":"LineString","coordinates":[[1.4851,44.6903],[1.4843,44.6891],[1.4851,44.6860],[1.4795,44.6803],[1.4801,44.6795],[1.4779,44.6779],[1.4752,44.6735]]}},{"type":"Feature","properties":{"name":"L\u0027Auvézère"},"geometry":{"type":"LineString","coordinates":[[1.2159,45.3653],[1.2149,45.3639]]}},{"type":"Feature","properties":{"name":"L\u0027Auvézère"},"geometry":{"type":"LineString","coordinates":[[0.9373,45.2212],[0.9341,45.2219],[0.9315,45.2209],[0.9298,45.2174],[0.9315,45.2152],[0.9255,45.2086],[0.9274,45.2050],[0.9253,45.2039],[0.9185,45.2042],[0.9139,45.2066],[0.9084,45.2061],[0.9037,45.2128],[0.9024,45.2133],[0.8996,45.2116],[0.8987,45.2109],[0.9000,45.2070],[0.8998,45.2042],[0.8985,45.1977],[0.8995,45.1961]]}},{"type":"Feature","properties":{"name":"L\u0027Auvézère"},"geometry":{"type":"LineString","coordinates":[[0.9918,45.2270],[0.9898,45.2286],[0.9853,45.2284],[0.9846,45.2271],[0.9793,45.2277],[0.9758,45.2307],[0.9700,45.2321],[0.9611,45.2253],[0.9495,45.2237],[0.9458,45.2210]]}},{"type":"Feature","properties":{"name":"L\u0027Auvézère"},"geometry":{"type":"LineString","coordinates":[[0.8902,45.1955],[0.8869,45.1975],[0.8849,45.2014],[0.8902,45.2051],[0.8897,45.2067],[0.8837,45.2084],[0.8778,45.2081],[0.8735,45.2058],[0.8737,45.2025],[0.8788,45.1948],[0.8766,45.1871],[0.8712,45.1846],[0.8644,45.1839],[0.8605,45.1846],[0.8536,45.1876],[0.8510,45.1903],[0.8500,45.1934],[0.8452,45.1961],[0.8425,45.1964],[0.8400,45.1953]]}},{"type":"Feature","properties":{"name":"L\u0027Auvézère"},"geometry":{"type":"LineString","coordinates":[[0.9458,45.2210],[0.9433,45.2193],[0.9393,45.2199],[0.9373,45.2212]]}},{"type":"Feature","properties":{"name":"L\u0027Auvézère"},"geometry":{"type":"LineString","coordinates":[[1.1021,45.2843],[1.0990,45.2828],[1.0949,45.2845],[1.0876,45.2805]]}},{"type":"Feature","properties":{"name":"L\u0027Auvézère"},"geometry":{"type":"LineString","coordinates":[[1.0586,45.2713],[1.0486,45.2699],[1.0458,45.2674],[1.0414,45.2661],[1.0355,45.2675]]}},{"type":"Feature","properties":{"name":"L\u0027Auvézère"},"geometry":{"type":"LineString","coordinates":[[1.1324,45.3017],[1.1262,45.2968],[1.1231,45.2967]]}},{"type":"Feature","properties":{"name":"L\u0027Auvézère"},"geometry":{"type":"LineString","coordinates":[[0.8905,45.1927],[0.8892,45.1936],[0.8908,45.1943]]}},{"type":"Feature","properties":{"name":"L\u0027Auvézère"},"geometry":{"type":"LineString","coordinates":[[0.8995,45.1961],[0.9015,45.1954],[0.9017,45.1944]]}},{"type":"Feature","properties":{"name":"L\u0027Auvézère"},"geometry":{"type":"LineString","coordinates":[[1.3532,45.4258],[1.3506,45.4248],[1.3486,45.4252],[1.3462,45.4223],[1.3445,45.4228],[1.3444,45.4242],[1.3415,45.4246],[1.3391,45.4226],[1.3390,45.4212],[1.3374,45.4215],[1.3363,45.4233]]}},{"type":"Feature","properties":{"name":"L\u0027Auvézère"},"geometry":{"type":"LineString","coordinates":[[1.3026,45.4294],[1.2986,45.4303],[1.2978,45.4324],[1.2955,45.4316],[1.2930,45.4333],[1.2880,45.4312],[1.2883,45.4338],[1.2840,45.4339],[1.2792,45.4296],[1.2813,45.4284],[1.2755,45.4275],[1.2735,45.4255],[1.2700,45.4246],[1.2693,45.4219],[1.2658,45.4207],[1.2652,45.4193],[1.2585,45.4195],[1.2571,45.4164],[1.2598,45.4144],[1.2586,45.4122],[1.2558,45.4125],[1.2555,45.4162],[1.2535,45.4173],[1.2481,45.4131],[1.2480,45.4096],[1.2425,45.4095],[1.2332,45.4040],[1.2293,45.3997],[1.2279,45.3957],[1.2374,45.3908],[1.2397,45.3879],[1.2401,45.3848],[1.2370,45.3840],[1.2370,45.3824],[1.2402,45.3833],[1.2416,45.3822],[1.2465,45.3813],[1.2476,45.3806],[1.2475,45.3778]]}},{"type":"Feature","properties":{"name":"L\u0027Auvézère"},"geometry":{"type":"LineString","coordinates":[[1.3363,45.4233],[1.3348,45.4233],[1.3330,45.4201],[1.3315,45.4202],[1.3286,45.4226],[1.3283,45.4240],[1.3298,45.4256],[1.3287,45.4263],[1.3248,45.4253],[1.3222,45.4258],[1.3181,45.4243],[1.3151,45.4260],[1.3138,45.4292],[1.3102,45.4302],[1.3048,45.4282],[1.3044,45.4289],[1.3067,45.4310],[1.3049,45.4322],[1.3040,45.4319],[1.3036,45.4298]]}},{"type":"Feature","properties":{"name":"L\u0027Auvézère"},"geometry":{"type":"LineString","coordinates":[[1.3036,45.4298],[1.3026,45.4294]]}},{"type":"Feature","properties":{"name":"L\u0027Auvézère"},"geometry":{"type":"LineString","coordinates":[[1.1231,45.2967],[1.1094,45.2918],[1.1073,45.2867],[1.1021,45.2843]]}},{"type":"Feature","properties":{"name":"L\u0027Auvézère"},"geometry":{"type":"LineString","coordinates":[[1.1333,45.3049],[1.1336,45.3021],[1.1324,45.3017]]}},{"type":"Feature","properties":{"name":"L\u0027Auvézère"},"geometry":{"type":"LineString","coordinates":[[1.0876,45.2805],[1.0877,45.2782],[1.0862,45.2778],[1.0850,45.2752],[1.0835,45.2750]]}},{"type":"Feature","properties":{"name":"L\u0027Auvézère"},"geometry":{"type":"LineString","coordinates":[[1.0835,45.2750],[1.0799,45.2772],[1.0763,45.2772],[1.0723,45.2744]]}},{"type":"Feature","properties":{"name":"L\u0027Auvézère"},"geometry":{"type":"LineString","coordinates":[[1.0284,45.2655],[1.0285,45.2626],[1.0265,45.2604],[1.0305,45.2573]]}},{"type":"Feature","properties":{"name":"L\u0027Auvézère"},"geometry":{"type":"LineString","coordinates":[[1.0286,45.2665],[1.0284,45.2655]]}},{"type":"Feature","properties":{"name":"L\u0027Auvézère"},"geometry":{"type":"LineString","coordinates":[[1.0355,45.2675],[1.0286,45.2665]]}},{"type":"Feature","properties":{"name":"L\u0027Auvézère"},"geometry":{"type":"LineString","coordinates":[[1.0305,45.2573],[1.0318,45.2558],[1.0311,45.2543],[1.0264,45.2509],[1.0104,45.2462],[1.0105,45.2449],[1.0144,45.2409],[1.0144,45.2390],[1.0119,45.2380],[1.0099,45.2405]]}},{"type":"Feature","properties":{"name":"L\u0027Auvézère"},"geometry":{"type":"LineString","coordinates":[[1.4770,45.5269],[1.4772,45.5268]]}},{"type":"Feature","properties":{"name":"L\u0027Auvézère"},"geometry":{"type":"LineString","coordinates":[[1.4744,45.4868],[1.4736,45.4846],[1.4718,45.4836]]}},{"type":"Feature","properties":{"name":"L\u0027Auvézère"},"geometry":{"type":"LineString","coordinates":[[1.4772,45.5268],[1.4773,45.5261],[1.4731,45.5229],[1.4732,45.5209],[1.4748,45.5196],[1.4731,45.5193],[1.4734,45.5179],[1.4756,45.5170],[1.4765,45.5145],[1.4758,45.5140],[1.4771,45.5128],[1.4766,45.5113],[1.4774,45.5108],[1.4763,45.5081],[1.4770,45.5059],[1.4756,45.5045],[1.4769,45.5020],[1.4757,45.5006],[1.4762,45.4972],[1.4740,45.4944],[1.4745,45.4923],[1.4757,45.4916],[1.4738,45.4872],[1.4744,45.4868]]}},{"type":"Feature","properties":{"name":"L\u0027Auvézère"},"geometry":{"type":"LineString","coordinates":[[1.4718,45.4836],[1.4673,45.4826],[1.4671,45.4818],[1.4649,45.4818],[1.4632,45.4849],[1.4603,45.4848],[1.4580,45.4864],[1.4551,45.4858],[1.4535,45.4874],[1.4478,45.4894],[1.4461,45.4874],[1.4423,45.4857],[1.4414,45.4838],[1.4381,45.4828],[1.4347,45.4800],[1.4312,45.4794],[1.4303,45.4808],[1.4263,45.4812],[1.4249,45.4807],[1.4240,45.4790],[1.4216,45.4785],[1.4185,45.4803],[1.4132,45.4787],[1.4078,45.4747],[1.4031,45.4746],[1.4007,45.4736],[1.3985,45.4722],[1.3982,45.4701],[1.3965,45.4680],[1.3936,45.4674],[1.3936,45.4659],[1.3948,45.4648],[1.3931,45.4600],[1.3888,45.4590],[1.3861,45.4599],[1.3863,45.4583],[1.3839,45.4565],[1.3797,45.4565],[1.3774,45.4535],[1.3779,45.4514],[1.3748,45.4513],[1.3729,45.4499],[1.3715,45.4521],[1.3702,45.4523],[1.3677,45.4507],[1.3681,45.4479],[1.3645,45.4481],[1.3598,45.4470],[1.3590,45.4455],[1.3612,45.4441],[1.3593,45.4431],[1.3609,45.4422],[1.3600,45.4406],[1.3612,45.4384],[1.3602,45.4373],[1.3624,45.4334],[1.3592,45.4317],[1.3612,45.4304],[1.3607,45.4297],[1.3557,45.4287],[1.3532,45.4258]]}},{"type":"Feature","properties":{"name":"L\u0027Auvézère"},"geometry":{"type":"LineString","coordinates":[[1.4899,45.5395],[1.4849,45.5378],[1.4835,45.5305],[1.4820,45.5295],[1.4825,45.5280],[1.4786,45.5285],[1.4770,45.5269]]}},{"type":"Feature","properties":{"name":"L\u0027Auvézère"},"geometry":{"type":"LineString","coordinates":[[1.0099,45.2405],[1.0087,45.2429],[1.0060,45.2432]]}},{"type":"Feature","properties":{"name":"L\u0027Auvézère"},"geometry":{"type":"LineString","coordinates":[[1.0060,45.2432],[1.0002,45.2429],[0.9986,45.2403],[0.9903,45.2401],[0.9897,45.2374],[0.9947,45.2305],[0.9918,45.2270]]}},{"type":"Feature","properties":{"name":"L\u0027Auvézère"},"geometry":{"type":"LineString","coordinates":[[1.2149,45.3639],[1.2145,45.3628],[1.2186,45.3618],[1.2203,45.3596],[1.2153,45.3582],[1.2136,45.3571],[1.2131,45.3544],[1.2096,45.3534],[1.2046,45.3565],[1.1991,45.3560],[1.1983,45.3550],[1.1985,45.3519],[1.2017,45.3511],[1.2021,45.3497],[1.1960,45.3478],[1.1941,45.3444],[1.1883,45.3426],[1.1842,45.3398],[1.1810,45.3399],[1.1785,45.3419],[1.1787,45.3431],[1.1801,45.3430],[1.1812,45.3442],[1.1797,45.3453],[1.1689,45.3434],[1.1672,45.3442],[1.1659,45.3463],[1.1624,45.3450],[1.1600,45.3466],[1.1577,45.3467],[1.1537,45.3451],[1.1530,45.3443],[1.1552,45.3432],[1.1555,45.3417],[1.1522,45.3419],[1.1481,45.3359],[1.1485,45.3342],[1.1508,45.3332],[1.1499,45.3311],[1.1513,45.3257],[1.1485,45.3248],[1.1468,45.3214],[1.1420,45.3175],[1.1395,45.3126],[1.1383,45.3122],[1.1390,45.3092],[1.1337,45.3062],[1.1333,45.3049]]}},{"type":"Feature","properties":{"name":"L\u0027Auvézère"},"geometry":{"type":"LineString","coordinates":[[1.2475,45.3778],[1.2416,45.3719],[1.2344,45.3717],[1.2283,45.3691],[1.2237,45.3701],[1.2166,45.3689],[1.2145,45.3677],[1.2159,45.3653]]}},{"type":"Feature","properties":{"name":"L\u0027Auvézère"},"geometry":{"type":"LineString","coordinates":[[1.0587,45.2713],[1.0586,45.2713]]}},{"type":"Feature","properties":{"name":"L\u0027Auvézère"},"geometry":{"type":"LineString","coordinates":[[1.0723,45.2744],[1.0647,45.2701],[1.0587,45.2713]]}},{"type":"Feature","properties":{"name":"L\u0027Auvézère"},"geometry":{"type":"LineString","coordinates":[[0.8910,45.1943],[0.8915,45.1947]]}},{"type":"Feature","properties":{"name":"L\u0027Auvézère"},"geometry":{"type":"LineString","coordinates":[[0.8908,45.1943],[0.8910,45.1943]]}},{"type":"Feature","properties":{"name":"L\u0027Auvézère"},"geometry":{"type":"LineString","coordinates":[[0.9001,45.1956],[0.9002,45.1955]]}},{"type":"Feature","properties":{"name":"L\u0027Auvézère"},"geometry":{"type":"LineString","coordinates":[[0.9017,45.1944],[0.9027,45.1928],[0.9001,45.1909],[0.8930,45.1897],[0.8900,45.1910],[0.8905,45.1927],[0.8925,45.1917],[0.8936,45.1922],[0.8902,45.1955]]}},{"type":"Feature","properties":{"name":"L\u0027Auvézère"},"geometry":{"type":"LineString","coordinates":[[0.8995,45.1961],[0.9001,45.1956]]}},{"type":"Feature","properties":{"name":"L\u0027Auvézère"},"geometry":{"type":"LineString","coordinates":[[0.9002,45.1955],[0.9017,45.1944]]}},{"type":"Feature","properties":{"name":"L\u0027Auvézère"},"geometry":{"type":"LineString","coordinates":[[0.9613,45.2254],[0.9608,45.2264],[0.9584,45.2249]]}},{"type":"Feature","properties":{"name":"L\u0027Auvézère"},"geometry":{"type":"LineString","coordinates":[[0.9623,45.2260],[0.9610,45.2263]]}},{"type":"Feature","properties":{"name":"ruisseau du pont sauvé"},"geometry":{"type":"LineString","coordinates":[[1.4114,45.3591],[1.4121,45.3597],[1.4151,45.3591],[1.4187,45.3550],[1.4212,45.3555],[1.4252,45.3524],[1.4249,45.3504],[1.4262,45.3481],[1.4246,45.3475],[1.4252,45.3439],[1.4294,45.3419],[1.4299,45.3404],[1.4288,45.3390],[1.4303,45.3371],[1.4318,45.3372],[1.4323,45.3356],[1.4357,45.3341],[1.4355,45.3322]]}},{"type":"Feature","properties":{"name":"L\u0027Elle"},"geometry":{"type":"LineString","coordinates":[[1.2697,45.2009],[1.2697,45.2001],[1.2657,45.1987],[1.2600,45.1898],[1.2575,45.1875],[1.2581,45.1852],[1.2558,45.1830],[1.2574,45.1808],[1.2568,45.1793],[1.2536,45.1779],[1.2526,45.1759],[1.2489,45.1752],[1.2479,45.1740],[1.2486,45.1703],[1.2463,45.1686],[1.2472,45.1671],[1.2471,45.1635],[1.2493,45.1594],[1.2490,45.1576],[1.2443,45.1563],[1.2529,45.1529],[1.2569,45.1523],[1.2567,45.1502],[1.2619,45.1468],[1.2623,45.1447],[1.2642,45.1445],[1.2693,45.1370],[1.2727,45.1356],[1.2734,45.1325],[1.2722,45.1307]]}},{"type":"Feature","properties":{"name":"Le Trieux"},"geometry":{"type":"LineString","coordinates":[[0.6888,45.6826],[0.6868,45.6824],[0.6860,45.6842],[0.6827,45.6849],[0.6814,45.6875],[0.6784,45.6887],[0.6780,45.6868],[0.6750,45.6863],[0.6725,45.6884],[0.6718,45.6866],[0.6693,45.6858],[0.6681,45.6859],[0.6685,45.6866],[0.6662,45.6883],[0.6635,45.6867],[0.6603,45.6876],[0.6514,45.6822],[0.6472,45.6839],[0.6429,45.6830],[0.6428,45.6804],[0.6400,45.6811],[0.6367,45.6792],[0.6403,45.6769],[0.6373,45.6756],[0.6354,45.6758],[0.6347,45.6745],[0.6327,45.6757],[0.6309,45.6753],[0.6278,45.6720],[0.6262,45.6688],[0.6243,45.6703],[0.6215,45.6694],[0.6223,45.6671],[0.6099,45.6662],[0.6083,45.6656],[0.6081,45.6629],[0.6068,45.6626],[0.6016,45.6641],[0.5983,45.6638],[0.5974,45.6653],[0.5938,45.6639],[0.5919,45.6660],[0.5890,45.6615]]}},{"type":"Feature","properties":{"name":"Le Trieux"},"geometry":{"type":"LineString","coordinates":[[0.6889,45.6826],[0.6888,45.6826]]}},{"type":"Feature","properties":{"name":"Le Trieux"},"geometry":{"type":"LineString","coordinates":[[0.7001,45.6765],[0.6964,45.6771],[0.6971,45.6795],[0.6933,45.6819],[0.6889,45.6826]]}},{"type":"Feature","properties":{"name":"La Charente"},"geometry":{"type":"LineString","coordinates":[[0.0957,45.6451],[0.0931,45.6445]]}},{"type":"Feature","properties":{"name":"La Charente"},"geometry":{"type":"LineString","coordinates":[[0.0237,45.6056],[0.0221,45.6071]]}},{"type":"Feature","properties":{"name":"La Charente"},"geometry":{"type":"LineString","coordinates":[[-0.0139,45.6304],[-0.0230,45.6265]]}},{"type":"Feature","properties":{"name":"La Charente"},"geometry":{"type":"LineString","coordinates":[[0.0931,45.6445],[0.0909,45.6442]]}},{"type":"Feature","properties":{"name":"La Charente"},"geometry":{"type":"LineString","coordinates":[[0.1137,45.6680],[0.1092,45.6712]]}},{"type":"Feature","properties":{"name":"La Charente"},"geometry":{"type":"LineString","coordinates":[[0.1126,45.6690],[0.1092,45.6712]]}},{"type":"Feature","properties":{"name":"La Charente"},"geometry":{"type":"LineString","coordinates":[[0.1052,45.6510],[0.1050,45.6506]]}},{"type":"Feature","properties":{"name":"La Charente"},"geometry":{"type":"LineString","coordinates":[[0.1052,45.6510],[0.1050,45.6497]]}},{"type":"Feature","properties":{"name":"La Charente"},"geometry":{"type":"LineString","coordinates":[[0.1050,45.6503],[0.1050,45.6497]]}},{"type":"Feature","properties":{"name":"La Charente"},"geometry":{"type":"LineString","coordinates":[[0.1050,45.6497],[0.1009,45.6447],[0.0957,45.6451]]}},{"type":"Feature","properties":{"name":"La Charente"},"geometry":{"type":"LineString","coordinates":[[0.1092,45.6712],[0.1050,45.6716],[0.1027,45.6707],[0.1011,45.6691],[0.0997,45.6645],[0.1003,45.6612],[0.1052,45.6510]]}},{"type":"Feature","properties":{"name":"La Charente"},"geometry":{"type":"LineString","coordinates":[[0.0909,45.6442],[0.0866,45.6431],[0.0831,45.6434]]}},{"type":"Feature","properties":{"name":"La Charente"},"geometry":{"type":"LineString","coordinates":[[0.0831,45.6434],[0.0734,45.6401],[0.0600,45.6386]]}},{"type":"Feature","properties":{"name":"La Charente"},"geometry":{"type":"LineString","coordinates":[[0.0885,45.6446],[0.0831,45.6434]]}},{"type":"Feature","properties":{"name":"La Charente"},"geometry":{"type":"LineString","coordinates":[[0.0909,45.6442],[0.0890,45.6446]]}},{"type":"Feature","properties":{"name":"La Charente"},"geometry":{"type":"LineString","coordinates":[[0.0600,45.6386],[0.0593,45.6380]]}},{"type":"Feature","properties":{"name":"La Charente"},"geometry":{"type":"LineString","coordinates":[[0.0565,45.6361],[0.0441,45.6332],[0.0424,45.6278],[0.0430,45.6184],[0.0418,45.6161],[0.0388,45.6136],[0.0358,45.6081],[0.0320,45.6061],[0.0237,45.6056]]}},{"type":"Feature","properties":{"name":"La Charente"},"geometry":{"type":"LineString","coordinates":[[0.0590,45.6377],[0.0565,45.6361]]}},{"type":"Feature","properties":{"name":"La Charente"},"geometry":{"type":"LineString","coordinates":[[0.0221,45.6071],[0.0214,45.6075]]}},{"type":"Feature","properties":{"name":"La Charente"},"geometry":{"type":"LineString","coordinates":[[0.0204,45.6084],[0.0165,45.6078],[0.0092,45.6120],[0.0064,45.6163],[0.0060,45.6199],[0.0030,45.6221],[0.0021,45.6240]]}},{"type":"Feature","properties":{"name":"La Charente"},"geometry":{"type":"LineString","coordinates":[[0.0211,45.6078],[0.0204,45.6084]]}},{"type":"Feature","properties":{"name":"La Charente"},"geometry":{"type":"LineString","coordinates":[[0.1137,45.6680],[0.1129,45.6687]]}},{"type":"Feature","properties":{"name":"La Charente"},"geometry":{"type":"LineString","coordinates":[[0.0600,45.6386],[0.0565,45.6361]]}},{"type":"Feature","properties":{"name":"La Charente"},"geometry":{"type":"LineString","coordinates":[[-0.0046,45.6308],[-0.0069,45.6298]]}},{"type":"Feature","properties":{"name":"La Charente"},"geometry":{"type":"LineString","coordinates":[[0.0021,45.6240],[0.0013,45.6253],[0.0019,45.6272],[0.0002,45.6297],[-0.0026,45.6315],[-0.0043,45.6311]]}},{"type":"Feature","properties":{"name":"La Charente"},"geometry":{"type":"LineString","coordinates":[[-0.0069,45.6298],[-0.0139,45.6304]]}},{"type":"Feature","properties":{"name":"La Charente"},"geometry":{"type":"LineString","coordinates":[[0.0221,45.6071],[0.0204,45.6084]]}},{"type":"Feature","properties":{"name":"La Charente"},"geometry":{"type":"LineString","coordinates":[[-0.0308,45.6163],[-0.0353,45.6081],[-0.0349,45.6055],[-0.0359,45.6036],[-0.0387,45.6012],[-0.0433,45.6004]]}},{"type":"Feature","properties":{"name":"La Charente"},"geometry":{"type":"LineString","coordinates":[[-0.0284,45.6190],[-0.0306,45.6182],[-0.0308,45.6163]]}},{"type":"Feature","properties":{"name":"La Charente"},"geometry":{"type":"LineString","coordinates":[[-0.0258,45.6203],[-0.0279,45.6192]]}},{"type":"Feature","properties":{"name":"La Charente"},"geometry":{"type":"LineString","coordinates":[[-0.0457,45.6005],[-0.0484,45.6005]]}},{"type":"Feature","properties":{"name":"La Charente"},"geometry":{"type":"LineString","coordinates":[[-0.0433,45.6004],[-0.0452,45.6005]]}},{"type":"Feature","properties":{"name":"La Charente"},"geometry":{"type":"LineString","coordinates":[[-0.0484,45.6005],[-0.0506,45.6013],[-0.0542,45.6049],[-0.0574,45.6121],[-0.0563,45.6209],[-0.0539,45.6223],[-0.0528,45.6254],[-0.0558,45.6288],[-0.0589,45.6303],[-0.0586,45.6337],[-0.0617,45.6355]]}},{"type":"Feature","properties":{"name":"La Charente"},"geometry":{"type":"LineString","coordinates":[[-0.0654,45.6354],[-0.0662,45.6354]]}},{"type":"Feature","properties":{"name":"La Charente"},"geometry":{"type":"LineString","coordinates":[[-0.0617,45.6355],[-0.0649,45.6355]]}},{"type":"Feature","properties":{"name":"La Charente"},"geometry":{"type":"LineString","coordinates":[[-0.0662,45.6354],[-0.0677,45.6356],[-0.0680,45.6397],[-0.0733,45.6460],[-0.0768,45.6484],[-0.0867,45.6506]]}},{"type":"Feature","properties":{"name":"La Charente"},"geometry":{"type":"LineString","coordinates":[[0.0021,45.6240],[-0.0005,45.6248],[-0.0015,45.6269],[-0.0069,45.6298]]}},{"type":"Feature","properties":{"name":"La Charente"},"geometry":{"type":"LineString","coordinates":[[-0.0617,45.6355],[-0.0626,45.6341],[-0.0655,45.6339],[-0.0664,45.6342],[-0.0662,45.6354]]}},{"type":"Feature","properties":{"name":"La Charente"},"geometry":{"type":"LineString","coordinates":[[-0.0258,45.6203],[-0.0269,45.6182],[-0.0308,45.6163]]}},{"type":"Feature","properties":{"name":"La Charente"},"geometry":{"type":"LineString","coordinates":[[-0.0433,45.6004],[-0.0457,45.5980],[-0.0484,45.6005]]}},{"type":"Feature","properties":{"name":"La Charente"},"geometry":{"type":"LineString","coordinates":[[-0.0233,45.6262],[-0.0239,45.6254],[-0.0228,45.6241],[-0.0260,45.6229],[-0.0258,45.6203]]}},{"type":"Feature","properties":{"name":"La Charente"},"geometry":{"type":"LineString","coordinates":[[0.1365,45.6586],[0.1252,45.6619],[0.1229,45.6638],[0.1137,45.6680]]}},{"type":"Feature","properties":{"name":"La Charente"},"geometry":{"type":"LineString","coordinates":[[0.1214,45.7841],[0.1242,45.7817],[0.1236,45.7782],[0.1251,45.7771],[0.1225,45.7649],[0.1201,45.7622],[0.1151,45.7591],[0.1096,45.7586],[0.1062,45.7546],[0.1040,45.7539],[0.1025,45.7519],[0.0984,45.7498],[0.0979,45.7486],[0.0927,45.7456],[0.0885,45.7418],[0.0877,45.7385],[0.0886,45.7365],[0.0909,45.7346],[0.0951,45.7334],[0.1069,45.7341]]}},{"type":"Feature","properties":{"name":"La Charente"},"geometry":{"type":"LineString","coordinates":[[0.1181,45.7740],[0.1164,45.7692],[0.1130,45.7667],[0.1089,45.7600],[0.0962,45.7545],[0.0862,45.7478],[0.0840,45.7460],[0.0815,45.7392],[0.0868,45.7338],[0.0934,45.7317],[0.1069,45.7341],[0.1168,45.7343],[0.1284,45.7366],[0.1347,45.7365],[0.1410,45.7348],[0.1435,45.7317],[0.1434,45.7287],[0.1398,45.7245],[0.1347,45.7210],[0.1297,45.7189],[0.1258,45.7180],[0.1235,45.7187],[0.1213,45.7177],[0.1190,45.7152],[0.1184,45.7132],[0.1101,45.7104],[0.1035,45.7060],[0.1016,45.7022],[0.1048,45.6993],[0.1133,45.6968],[0.1407,45.6968],[0.1502,45.6933],[0.1549,45.6898]]}},{"type":"Feature","properties":{"name":"La Charente"},"geometry":{"type":"LineString","coordinates":[[0.1482,45.6549],[0.1365,45.6586]]}},{"type":"Feature","properties":{"name":"La Charente"},"geometry":{"type":"LineString","coordinates":[[0.1525,45.6537],[0.1482,45.6549]]}},{"type":"Feature","properties":{"name":"La Charente"},"geometry":{"type":"LineString","coordinates":[[0.1550,45.6896],[0.1554,45.6851],[0.1539,45.6803],[0.1541,45.6729],[0.1566,45.6695],[0.1570,45.6672],[0.1594,45.6650],[0.1599,45.6600],[0.1581,45.6553],[0.1562,45.6538],[0.1530,45.6536]]}},{"type":"Feature","properties":{"name":"La Charente"},"geometry":{"type":"LineString","coordinates":[[-0.0350,45.6085],[-0.0349,45.6055]]}},{"type":"Feature","properties":{"name":"Le Claix"},"geometry":{"type":"LineString","coordinates":[[0.0550,45.5566],[0.0544,45.5581],[0.0500,45.5605]]}},{"type":"Feature","properties":{"name":"Le Claix"},"geometry":{"type":"LineString","coordinates":[[0.0516,45.5476],[0.0544,45.5561]]}},{"type":"Feature","properties":{"name":"Le Claix"},"geometry":{"type":"LineString","coordinates":[[0.0544,45.5561],[0.0550,45.5566]]}},{"type":"Feature","properties":{"name":"Le Claix"},"geometry":{"type":"LineString","coordinates":[[0.0478,45.5791],[0.0477,45.5792]]}},{"type":"Feature","properties":{"name":"Le Claix"},"geometry":{"type":"LineString","coordinates":[[0.0477,45.5792],[0.0466,45.5817],[0.0457,45.5815]]}},{"type":"Feature","properties":{"name":"Le Claix"},"geometry":{"type":"LineString","coordinates":[[0.0500,45.5605],[0.0499,45.5606]]}},{"type":"Feature","properties":{"name":"Le Claix"},"geometry":{"type":"LineString","coordinates":[[0.0499,45.5606],[0.0475,45.5612],[0.0471,45.5626]]}},{"type":"Feature","properties":{"name":"Le Claix"},"geometry":{"type":"LineString","coordinates":[[0.0471,45.5626],[0.0435,45.5675],[0.0446,45.5674],[0.0464,45.5714],[0.0498,45.5755],[0.0478,45.5791]]}},{"type":"Feature","properties":{"name":"Le Claix"},"geometry":{"type":"LineString","coordinates":[[0.0453,45.5862],[0.0471,45.5925],[0.0442,45.5937],[0.0422,45.5958]]}},{"type":"Feature","properties":{"name":"Le Claix"},"geometry":{"type":"LineString","coordinates":[[0.0369,45.5991],[0.0322,45.6062]]}},{"type":"Feature","properties":{"name":"Le Claix"},"geometry":{"type":"LineString","coordinates":[[0.0422,45.5958],[0.0422,45.5958]]}},{"type":"Feature","properties":{"name":"Le Claix"},"geometry":{"type":"LineString","coordinates":[[0.0458,45.5852],[0.0453,45.5862]]}},{"type":"Feature","properties":{"name":"Le Claix"},"geometry":{"type":"LineString","coordinates":[[0.0457,45.5815],[0.0452,45.5836],[0.0458,45.5852]]}},{"type":"Feature","properties":{"name":"Le Claix"},"geometry":{"type":"LineString","coordinates":[[0.0370,45.5991],[0.0369,45.5991]]}},{"type":"Feature","properties":{"name":"Le Claix"},"geometry":{"type":"LineString","coordinates":[[0.0422,45.5958],[0.0403,45.5958],[0.0370,45.5991]]}},{"type":"Feature","properties":{"name":"La Briance"},"geometry":{"type":"LineString","coordinates":[[1.3608,45.7028],[1.3591,45.7032],[1.3596,45.7006],[1.3551,45.6962],[1.3459,45.6973]]}},{"type":"Feature","properties":{"name":"La Briance"},"geometry":{"type":"LineString","coordinates":[[1.3459,45.6973],[1.3429,45.6984]]}},{"type":"Feature","properties":{"name":"La Briance"},"geometry":{"type":"LineString","coordinates":[[1.3429,45.6984],[1.3381,45.6989],[1.3356,45.7028],[1.3302,45.7055],[1.3295,45.7085],[1.3267,45.7114],[1.3261,45.7138],[1.3277,45.7157],[1.3275,45.7179],[1.3260,45.7192],[1.3261,45.7211],[1.3239,45.7259],[1.3246,45.7279],[1.3205,45.7319],[1.3132,45.7319],[1.3130,45.7337]]}},{"type":"Feature","properties":{"name":"La Briance"},"geometry":{"type":"LineString","coordinates":[[1.5738,45.6152],[1.5682,45.6156],[1.5655,45.6184],[1.5629,45.6155],[1.5599,45.6157],[1.5564,45.6143],[1.5549,45.6155],[1.5549,45.6178],[1.5472,45.6209],[1.5406,45.6253],[1.5397,45.6279],[1.5365,45.6313],[1.5309,45.6332],[1.5300,45.6351],[1.5304,45.6363],[1.5281,45.6382],[1.5238,45.6390],[1.5183,45.6443],[1.5184,45.6461],[1.5148,45.6497],[1.5142,45.6528],[1.5110,45.6544],[1.5109,45.6557],[1.5127,45.6571],[1.5127,45.6611],[1.5097,45.6629],[1.5101,45.6646],[1.5071,45.6667],[1.5091,45.6693],[1.5070,45.6712],[1.5018,45.6715],[1.5021,45.6737],[1.4951,45.6740],[1.4927,45.6724],[1.4921,45.6712],[1.4932,45.6707],[1.4889,45.6705],[1.4809,45.6756],[1.4813,45.6778],[1.4785,45.6781],[1.4770,45.6794],[1.4741,45.6791],[1.4732,45.6812],[1.4708,45.6793],[1.4688,45.6805],[1.4667,45.6784],[1.4646,45.6788],[1.4634,45.6810],[1.4586,45.6798],[1.4566,45.6814],[1.4537,45.6802],[1.4518,45.6781],[1.4481,45.6795],[1.4429,45.6787],[1.4403,45.6797],[1.4401,45.6774],[1.4366,45.6751],[1.4280,45.6732],[1.4266,45.6744],[1.4252,45.6788],[1.4228,45.6791],[1.4151,45.6831],[1.4117,45.6831],[1.4057,45.6859],[1.4023,45.6862],[1.4012,45.6872],[1.4026,45.6892],[1.4020,45.6904],[1.3943,45.6902],[1.3936,45.6916],[1.3957,45.6933],[1.3949,45.6942],[1.3928,45.6944],[1.3891,45.6921],[1.3871,45.6920],[1.3850,45.6953],[1.3870,45.6965],[1.3875,45.6985],[1.3849,45.6993],[1.3792,45.6989],[1.3785,45.7020],[1.3754,45.7017],[1.3744,45.7036],[1.3714,45.7023],[1.3674,45.7027],[1.3657,45.7007],[1.3631,45.7009],[1.3608,45.7028]]}},{"type":"Feature","properties":{"name":"La Briance"},"geometry":{"type":"LineString","coordinates":[[1.3122,45.7384],[1.3116,45.7395],[1.3091,45.7402],[1.3057,45.7391],[1.3061,45.7460],[1.3050,45.7493],[1.3038,45.7499],[1.2977,45.7479],[1.2893,45.7472],[1.2872,45.7480],[1.2857,45.7511],[1.2784,45.7525],[1.2750,45.7521],[1.2705,45.7553],[1.2657,45.7568],[1.2520,45.7537],[1.2512,45.7545],[1.2522,45.7575],[1.2507,45.7612],[1.2433,45.7616],[1.2455,45.7579],[1.2412,45.7565],[1.2374,45.7588],[1.2384,45.7626],[1.2376,45.7639],[1.2286,45.7676]]}},{"type":"Feature","properties":{"name":"La Briance"},"geometry":{"type":"LineString","coordinates":[[1.3130,45.7337],[1.3122,45.7384]]}},{"type":"Feature","properties":{"name":"La Touvre"},"geometry":{"type":"LineString","coordinates":[[0.2546,45.6629],[0.2475,45.6614],[0.2457,45.6618]]}},{"type":"Feature","properties":{"name":"La Touvre"},"geometry":{"type":"LineString","coordinates":[[0.1928,45.6748],[0.1880,45.6744],[0.1827,45.6756]]}},{"type":"Feature","properties":{"name":"La Touvre"},"geometry":{"type":"LineString","coordinates":[[0.1686,45.6728],[0.1651,45.6698],[0.1599,45.6692],[0.1587,45.6660]]}},{"type":"Feature","properties":{"name":"La Touvre"},"geometry":{"type":"LineString","coordinates":[[0.2594,45.6569],[0.2572,45.6579],[0.2568,45.6617]]}},{"type":"Feature","properties":{"name":"La Touvre"},"geometry":{"type":"LineString","coordinates":[[0.2457,45.6618],[0.2419,45.6629]]}},{"type":"Feature","properties":{"name":"La Touvre"},"geometry":{"type":"LineString","coordinates":[[0.2105,45.6809],[0.2016,45.6788],[0.2006,45.6765],[0.1988,45.6767]]}},{"type":"Feature","properties":{"name":"La Touvre"},"geometry":{"type":"LineString","coordinates":[[0.2005,45.6784],[0.2010,45.6777]]}},{"type":"Feature","properties":{"name":"La Touvre"},"geometry":{"type":"LineString","coordinates":[[0.2565,45.6624],[0.2563,45.6619]]}},{"type":"Feature","properties":{"name":"La Touvre"},"geometry":{"type":"LineString","coordinates":[[0.2419,45.6629],[0.2415,45.6631]]}},{"type":"Feature","properties":{"name":"La Touvre"},"geometry":{"type":"LineString","coordinates":[[0.2231,45.6802],[0.2227,45.6802]]}},{"type":"Feature","properties":{"name":"La Touvre"},"geometry":{"type":"LineString","coordinates":[[0.2246,45.6781],[0.2245,45.6784]]}},{"type":"Feature","properties":{"name":"La Touvre"},"geometry":{"type":"LineString","coordinates":[[0.2227,45.6802],[0.2216,45.6803]]}},{"type":"Feature","properties":{"name":"La Touvre"},"geometry":{"type":"LineString","coordinates":[[0.2216,45.6803],[0.2213,45.6804]]}},{"type":"Feature","properties":{"name":"La Touvre"},"geometry":{"type":"LineString","coordinates":[[0.2245,45.6784],[0.2231,45.6802]]}},{"type":"Feature","properties":{"name":"La Touvre"},"geometry":{"type":"LineString","coordinates":[[0.2415,45.6631],[0.2405,45.6652],[0.2413,45.6677],[0.2426,45.6688],[0.2400,45.6744],[0.2347,45.6762],[0.2272,45.6756],[0.2246,45.6781]]}},{"type":"Feature","properties":{"name":"La Touvre"},"geometry":{"type":"LineString","coordinates":[[0.2213,45.6804],[0.2178,45.6804],[0.2148,45.6818],[0.2118,45.6807],[0.2086,45.6814],[0.2011,45.6790],[0.1990,45.6767],[0.1928,45.6748]]}},{"type":"Feature","properties":{"name":"La Touvre"},"geometry":{"type":"LineString","coordinates":[[0.2567,45.6618],[0.2528,45.6626]]}},{"type":"Feature","properties":{"name":"La Touvre"},"geometry":{"type":"LineString","coordinates":[[0.2568,45.6617],[0.2567,45.6618]]}},{"type":"Feature","properties":{"name":"La Touvre"},"geometry":{"type":"LineString","coordinates":[[0.1686,45.6728],[0.1686,45.6728]]}},{"type":"Feature","properties":{"name":"La Touvre"},"geometry":{"type":"LineString","coordinates":[[0.1827,45.6756],[0.1795,45.6748],[0.1738,45.6773],[0.1726,45.6790],[0.1696,45.6790],[0.1684,45.6776],[0.1686,45.6728]]}},{"type":"Feature","properties":{"name":"La Touvre"},"geometry":{"type":"LineString","coordinates":[[0.2546,45.6635],[0.2543,45.6630]]}},{"type":"Feature","properties":{"name":"La Loyre"},"geometry":{"type":"LineString","coordinates":[[1.4089,45.2479],[1.4067,45.2458],[1.4071,45.2442],[1.4100,45.2420],[1.4119,45.2418]]}},{"type":"Feature","properties":{"name":"La Loyre"},"geometry":{"type":"LineString","coordinates":[[1.4164,45.3141],[1.4157,45.3137],[1.4171,45.3119],[1.4169,45.3079],[1.4136,45.3039],[1.4111,45.3038],[1.4105,45.3029],[1.4130,45.2972]]}},{"type":"Feature","properties":{"name":"La Loyre"},"geometry":{"type":"LineString","coordinates":[[1.4354,45.3322],[1.4347,45.3301],[1.4320,45.3289],[1.4316,45.3269],[1.4277,45.3263],[1.4285,45.3248],[1.4280,45.3217],[1.4259,45.3210],[1.4277,45.3191],[1.4246,45.3183],[1.4275,45.3179]]}},{"type":"Feature","properties":{"name":"La Loyre"},"geometry":{"type":"LineString","coordinates":[[1.4227,45.2330],[1.4248,45.2328],[1.4232,45.2308],[1.4279,45.2300],[1.4287,45.2281],[1.4309,45.2286],[1.4318,45.2277]]}},{"type":"Feature","properties":{"name":"La Loyre"},"geometry":{"type":"LineString","coordinates":[[1.4318,45.2277],[1.4328,45.2270],[1.4320,45.2260],[1.4334,45.2254],[1.4330,45.2224],[1.4349,45.2194]]}},{"type":"Feature","properties":{"name":"La Loyre"},"geometry":{"type":"LineString","coordinates":[[1.4601,45.3678],[1.4588,45.3667],[1.4531,45.3683]]}},{"type":"Feature","properties":{"name":"La Loyre"},"geometry":{"type":"LineString","coordinates":[[1.4132,45.2721],[1.4129,45.2655],[1.4108,45.2629],[1.4125,45.2610],[1.4122,45.2593],[1.4065,45.2524],[1.4068,45.2504],[1.4089,45.2479]]}},{"type":"Feature","properties":{"name":"La Loyre"},"geometry":{"type":"LineString","coordinates":[[1.4119,45.2418],[1.4141,45.2393],[1.4167,45.2388],[1.4190,45.2361],[1.4212,45.2356],[1.4196,45.2324],[1.4227,45.2330]]}},{"type":"Feature","properties":{"name":"La Loyre"},"geometry":{"type":"LineString","coordinates":[[1.4531,45.3683],[1.4505,45.3671],[1.4504,45.3640],[1.4480,45.3646],[1.4464,45.3638],[1.4462,45.3626],[1.4476,45.3625],[1.4496,45.3603],[1.4485,45.3595],[1.4488,45.3586],[1.4466,45.3579],[1.4469,45.3565],[1.4431,45.3549],[1.4454,45.3521],[1.4418,45.3499],[1.4468,45.3492],[1.4446,45.3476],[1.4441,45.3447],[1.4416,45.3447],[1.4429,45.3432],[1.4404,45.3418],[1.4403,45.3407],[1.4418,45.3398],[1.4399,45.3388],[1.4404,45.3375],[1.4379,45.3375],[1.4383,45.3348],[1.4398,45.3333],[1.4372,45.3339],[1.4354,45.3322]]}},{"type":"Feature","properties":{"name":"La Loyre"},"geometry":{"type":"LineString","coordinates":[[1.4349,45.2194],[1.4363,45.2193],[1.4393,45.2167],[1.4391,45.2133],[1.4401,45.2126],[1.4402,45.2109],[1.4418,45.2106],[1.4419,45.2067],[1.4436,45.2060],[1.4431,45.2037],[1.4448,45.2033],[1.4460,45.2041],[1.4487,45.2030],[1.4481,45.2004],[1.4550,45.1953],[1.4549,45.1934],[1.4611,45.1923]]}},{"type":"Feature","properties":{"name":"La Loyre"},"geometry":{"type":"LineString","coordinates":[[1.4855,45.4034],[1.4836,45.3924],[1.4822,45.3918],[1.4830,45.3902],[1.4815,45.3885],[1.4828,45.3865],[1.4792,45.3855],[1.4776,45.3863],[1.4759,45.3853],[1.4743,45.3861],[1.4718,45.3840],[1.4737,45.3816],[1.4726,45.3808],[1.4697,45.3817],[1.4686,45.3812],[1.4639,45.3843],[1.4578,45.3799],[1.4626,45.3765],[1.4628,45.3735],[1.4606,45.3728],[1.4612,45.3708],[1.4593,45.3703],[1.4607,45.3693],[1.4601,45.3678]]}},{"type":"Feature","properties":{"name":"La Loyre"},"geometry":{"type":"LineString","coordinates":[[1.4275,45.3179],[1.4263,45.3155],[1.4266,45.3144],[1.4254,45.3154],[1.4227,45.3146],[1.4199,45.3155],[1.4164,45.3141]]}},{"type":"Feature","properties":{"name":"La Loyre"},"geometry":{"type":"LineString","coordinates":[[1.4147,45.2831],[1.4137,45.2814],[1.4147,45.2805],[1.4144,45.2796],[1.4131,45.2792],[1.4130,45.2780],[1.4141,45.2767],[1.4133,45.2756],[1.4141,45.2754],[1.4126,45.2747],[1.4129,45.2732],[1.4115,45.2720],[1.4132,45.2721]]}},{"type":"Feature","properties":{"name":"La Loyre"},"geometry":{"type":"LineString","coordinates":[[1.4130,45.2972],[1.4139,45.2936],[1.4173,45.2900],[1.4185,45.2865],[1.4147,45.2831]]}},{"type":"Feature","properties":{"name":"La Petite Briance"},"geometry":{"type":"LineString","coordinates":[[1.4847,45.6037],[1.4808,45.6043],[1.4801,45.6079],[1.4776,45.6073],[1.4770,45.6080],[1.4776,45.6101],[1.4729,45.6123],[1.4743,45.6158],[1.4717,45.6161],[1.4704,45.6177],[1.4657,45.6199],[1.4668,45.6206],[1.4665,45.6234],[1.4647,45.6251],[1.4659,45.6268],[1.4639,45.6285],[1.4643,45.6310],[1.4608,45.6380],[1.4584,45.6380],[1.4603,45.6420],[1.4590,45.6438],[1.4563,45.6444],[1.4570,45.6488],[1.4548,45.6513],[1.4553,45.6533],[1.4515,45.6545],[1.4520,45.6559],[1.4454,45.6599],[1.4454,45.6617],[1.4422,45.6637],[1.4399,45.6670],[1.4373,45.6670],[1.4367,45.6705],[1.4320,45.6737]]}},{"type":"Feature","properties":{"name":"Le Roseix"},"geometry":{"type":"LineString","coordinates":[[1.4024,45.2526],[1.4068,45.2504]]}},{"type":"Feature","properties":{"name":"Le Roseix"},"geometry":{"type":"LineString","coordinates":[[1.3951,45.2551],[1.3998,45.2518],[1.4024,45.2526]]}},{"type":"Feature","properties":{"name":"Le Roseix"},"geometry":{"type":"LineString","coordinates":[[1.3875,45.2586],[1.3880,45.2583]]}},{"type":"Feature","properties":{"name":"Le Roseix"},"geometry":{"type":"LineString","coordinates":[[1.3824,45.2618],[1.3831,45.2613]]}},{"type":"Feature","properties":{"name":"Le Roseix"},"geometry":{"type":"LineString","coordinates":[[1.3624,45.2698],[1.3668,45.2658],[1.3773,45.2647],[1.3807,45.2620],[1.3843,45.2608],[1.3842,45.2598],[1.3893,45.2581],[1.3921,45.2547],[1.3943,45.2542],[1.3942,45.2551],[1.3951,45.2551]]}},{"type":"Feature","properties":{"name":"La Tardoire"},"geometry":{"type":"LineString","coordinates":[[0.7172,45.7332],[0.7108,45.7341]]}},{"type":"Feature","properties":{"name":"La Tardoire"},"geometry":{"type":"LineString","coordinates":[[0.7349,45.7339],[0.7326,45.7333],[0.7274,45.7349],[0.7258,45.7325],[0.7239,45.7324],[0.7224,45.7347],[0.7207,45.7330],[0.7172,45.7332]]}},{"type":"Feature","properties":{"name":"La Tardoire"},"geometry":{"type":"LineString","coordinates":[[0.8588,45.7126],[0.8559,45.7136],[0.8522,45.7134],[0.8519,45.7148],[0.8494,45.7157],[0.8441,45.7142],[0.8410,45.7161],[0.8402,45.7184],[0.8339,45.7197]]}},{"type":"Feature","properties":{"name":"La Tardoire"},"geometry":{"type":"LineString","coordinates":[[0.8240,45.7200],[0.8180,45.7206],[0.8154,45.7222],[0.8138,45.7221],[0.8142,45.7228],[0.8094,45.7250],[0.8074,45.7243],[0.8076,45.7236],[0.8049,45.7256],[0.8015,45.7254],[0.7940,45.7290],[0.7942,45.7305],[0.7869,45.7331],[0.7777,45.7333],[0.7753,45.7361],[0.7693,45.7389]]}},{"type":"Feature","properties":{"name":"La Tardoire"},"geometry":{"type":"LineString","coordinates":[[0.8339,45.7197],[0.8295,45.7204],[0.8240,45.7200]]}},{"type":"Feature","properties":{"name":"La Tardoire"},"geometry":{"type":"LineString","coordinates":[[0.7693,45.7389],[0.7663,45.7388],[0.7644,45.7371],[0.7626,45.7384],[0.7513,45.7402],[0.7508,45.7387],[0.7496,45.7382],[0.7468,45.7408],[0.7457,45.7398],[0.7463,45.7383],[0.7455,45.7373],[0.7408,45.7395],[0.7432,45.7358],[0.7406,45.7347],[0.7353,45.7347],[0.7349,45.7339]]}},{"type":"Feature","properties":{"name":"La Tardoire"},"geometry":{"type":"LineString","coordinates":[[0.3855,45.7184],[0.3824,45.7199],[0.3811,45.7230],[0.3794,45.7242],[0.3809,45.7255],[0.3795,45.7286],[0.3805,45.7296]]}},{"type":"Feature","properties":{"name":"La Tardoire"},"geometry":{"type":"LineString","coordinates":[[0.5803,45.6602],[0.5786,45.6608],[0.5770,45.6595],[0.5774,45.6568],[0.5743,45.6563],[0.5739,45.6574],[0.5727,45.6575],[0.5704,45.6535],[0.5640,45.6533],[0.5596,45.6562],[0.5607,45.6582],[0.5644,45.6595],[0.5642,45.6613],[0.5629,45.6625],[0.5585,45.6629],[0.5549,45.6600],[0.5475,45.6584],[0.5433,45.6604],[0.5357,45.6616],[0.5358,45.6647],[0.5394,45.6679],[0.5393,45.6697],[0.5364,45.6706],[0.5286,45.6690],[0.5188,45.6687],[0.5163,45.6670],[0.5160,45.6649],[0.5145,45.6646],[0.5149,45.6666],[0.5123,45.6685],[0.5166,45.6741],[0.5158,45.6760],[0.5049,45.6774],[0.5019,45.6787],[0.5004,45.6784],[0.4992,45.6765],[0.4994,45.6730],[0.4971,45.6725],[0.4936,45.6686],[0.4888,45.6693],[0.4846,45.6673],[0.4784,45.6682],[0.4766,45.6677],[0.4764,45.6666],[0.4724,45.6657],[0.4673,45.6697],[0.4603,45.6701],[0.4599,45.6712],[0.4541,45.6736],[0.4482,45.6729],[0.4448,45.6716],[0.4419,45.6733],[0.4397,45.6765],[0.4365,45.6768],[0.4346,45.6781]]}},{"type":"Feature","properties":{"name":"La Tardoire"},"geometry":{"type":"LineString","coordinates":[[0.7108,45.7341],[0.7091,45.7327],[0.7064,45.7326],[0.7015,45.7305],[0.7005,45.7283],[0.6982,45.7275],[0.6959,45.7285],[0.6943,45.7271],[0.6861,45.7258],[0.6829,45.7263],[0.6819,45.7281],[0.6800,45.7274]]}},{"type":"Feature","properties":{"name":"La Tardoire"},"geometry":{"type":"LineString","coordinates":[[0.3805,45.7296],[0.3812,45.7301],[0.3807,45.7335],[0.3827,45.7361],[0.3845,45.7370],[0.3821,45.7394],[0.3822,45.7411],[0.3802,45.7449]]}},{"type":"Feature","properties":{"name":"La Tardoire"},"geometry":{"type":"LineString","coordinates":[[0.6800,45.7274],[0.6774,45.7273],[0.6778,45.7305],[0.6715,45.7289],[0.6684,45.7270],[0.6661,45.7234],[0.6622,45.7217],[0.6617,45.7201],[0.6559,45.7225],[0.6542,45.7199],[0.6496,45.7202],[0.6477,45.7187],[0.6458,45.7199],[0.6450,45.7166],[0.6440,45.7159],[0.6426,45.7160],[0.6391,45.7192],[0.6326,45.7212],[0.6308,45.7182],[0.6313,45.7163],[0.6282,45.7139],[0.6255,45.7134],[0.6293,45.7117],[0.6298,45.7103],[0.6274,45.7087],[0.6287,45.7081],[0.6274,45.7060],[0.6254,45.7063],[0.6219,45.6990],[0.6140,45.6990],[0.6135,45.6982],[0.6153,45.6949],[0.6103,45.6920],[0.6075,45.6917],[0.6041,45.6943],[0.6033,45.6929],[0.6048,45.6889],[0.6015,45.6827],[0.6032,45.6808],[0.5966,45.6765],[0.5911,45.6757],[0.5917,45.6743],[0.5982,45.6738],[0.6007,45.6724],[0.5972,45.6697],[0.5860,45.6678],[0.5860,45.6645],[0.5890,45.6615],[0.5868,45.6597],[0.5825,45.6586],[0.5803,45.6602]]}},{"type":"Feature","properties":{"name":"La Tardoire"},"geometry":{"type":"LineString","coordinates":[[0.9816,45.6549],[0.9797,45.6559]]}},{"type":"Feature","properties":{"name":"La Tardoire"},"geometry":{"type":"LineString","coordinates":[[0.9842,45.6541],[0.9818,45.6547]]}},{"type":"Feature","properties":{"name":"La Tardoire"},"geometry":{"type":"LineString","coordinates":[[0.9111,45.7076],[0.9079,45.7103],[0.9056,45.7109],[0.9023,45.7099],[0.9009,45.7116],[0.8984,45.7094],[0.8940,45.7129],[0.8904,45.7120],[0.8827,45.7130],[0.8811,45.7142],[0.8808,45.7170],[0.8790,45.7178],[0.8756,45.7161],[0.8681,45.7169],[0.8638,45.7130],[0.8598,45.7129]]}},{"type":"Feature","properties":{"name":"La Tardoire"},"geometry":{"type":"LineString","coordinates":[[1.0031,45.6578],[1.0030,45.6578]]}},{"type":"Feature","properties":{"name":"La Tardoire"},"geometry":{"type":"LineString","coordinates":[[0.9797,45.6559],[0.9793,45.6561]]}},{"type":"Feature","properties":{"name":"La Tardoire"},"geometry":{"type":"LineString","coordinates":[[0.9843,45.6540],[0.9842,45.6541]]}},{"type":"Feature","properties":{"name":"La Tardoire"},"geometry":{"type":"LineString","coordinates":[[1.0129,45.6579],[1.0079,45.6575],[1.0075,45.6566],[1.0031,45.6578]]}},{"type":"Feature","properties":{"name":"La Tardoire"},"geometry":{"type":"LineString","coordinates":[[0.9793,45.6561],[0.9707,45.6599],[0.9685,45.6599],[0.9656,45.6626],[0.9606,45.6651],[0.9571,45.6626],[0.9524,45.6642],[0.9509,45.6664],[0.9509,45.6685],[0.9471,45.6695],[0.9456,45.6721],[0.9436,45.6735],[0.9433,45.6755],[0.9413,45.6752],[0.9407,45.6777],[0.9377,45.6792],[0.9384,45.6806],[0.9376,45.6815],[0.9364,45.6814],[0.9354,45.6791],[0.9340,45.6788],[0.9308,45.6825],[0.9255,45.6835],[0.9211,45.6902]]}},{"type":"Feature","properties":{"name":"La Tardoire"},"geometry":{"type":"LineString","coordinates":[[1.0030,45.6578],[0.9998,45.6578],[0.9976,45.6565],[0.9905,45.6562],[0.9867,45.6529],[0.9843,45.6540]]}},{"type":"Feature","properties":{"name":"La Tardoire"},"geometry":{"type":"LineString","coordinates":[[0.8589,45.7125],[0.8588,45.7126]]}},{"type":"Feature","properties":{"name":"La Tardoire"},"geometry":{"type":"LineString","coordinates":[[0.9212,45.6902],[0.9136,45.6997],[0.9108,45.7015],[0.9108,45.7022],[0.9143,45.7031],[0.9137,45.7037],[0.9145,45.7053],[0.9111,45.7076]]}},{"type":"Feature","properties":{"name":"La Tardoire"},"geometry":{"type":"LineString","coordinates":[[0.9211,45.6902],[0.9212,45.6902]]}},{"type":"Feature","properties":{"name":"La Tardoire"},"geometry":{"type":"LineString","coordinates":[[0.3812,45.7301],[0.3807,45.7312]]}},{"type":"Feature","properties":{"name":"La Tardoire"},"geometry":{"type":"LineString","coordinates":[[0.3814,45.7310],[0.3807,45.7320]]}},{"type":"Feature","properties":{"name":"La Tardoire"},"geometry":{"type":"LineString","coordinates":[[0.9818,45.6547],[0.9816,45.6549]]}},{"type":"Feature","properties":{"name":"La Tardoire"},"geometry":{"type":"LineString","coordinates":[[0.4346,45.6781],[0.4322,45.6792],[0.4298,45.6785],[0.4219,45.6794],[0.4212,45.6826],[0.4236,45.6833],[0.4244,45.6848],[0.4201,45.6862],[0.4201,45.6879],[0.4212,45.6888],[0.4186,45.6935],[0.4150,45.6930],[0.4108,45.6938],[0.4082,45.6969],[0.4064,45.6977],[0.4043,45.7011],[0.3971,45.7020],[0.3939,45.7035],[0.3934,45.7046],[0.3945,45.7059],[0.3931,45.7080],[0.3943,45.7105],[0.3919,45.7177],[0.3855,45.7184]]}},{"type":"Feature","properties":{"name":"La Tardoire"},"geometry":{"type":"LineString","coordinates":[[0.4346,45.6781],[0.4346,45.6781]]}},{"type":"Feature","properties":{"name":"La Tardoire"},"geometry":{"type":"LineString","coordinates":[[0.8594,45.7127],[0.8589,45.7125]]}},{"type":"Feature","properties":{"name":"La Tardoire"},"geometry":{"type":"LineString","coordinates":[[0.8598,45.7129],[0.8594,45.7127]]}},{"type":"Feature","properties":{"name":"Le Dropt"},"geometry":{"type":"LineString","coordinates":[[0.2239,44.6491],[0.2206,44.6533],[0.2097,44.6576],[0.2094,44.6591],[0.2076,44.6598],[0.2051,44.6591],[0.2056,44.6610],[0.2036,44.6618],[0.1988,44.6604],[0.1960,44.6628],[0.1934,44.6633],[0.1874,44.6613],[0.1828,44.6614]]}},{"type":"Feature","properties":{"name":"Le Dropt"},"geometry":{"type":"LineString","coordinates":[[0.2424,44.6377],[0.2415,44.6384],[0.2421,44.6407],[0.2407,44.6428],[0.2413,44.6451],[0.2403,44.6472],[0.2360,44.6485],[0.2331,44.6466],[0.2314,44.6474],[0.2298,44.6461],[0.2264,44.6462],[0.2239,44.6491]]}},{"type":"Feature","properties":{"name":"Le Dropt"},"geometry":{"type":"LineString","coordinates":[[0.2900,44.6294],[0.2878,44.6328]]}},{"type":"Feature","properties":{"name":"Le Dropt"},"geometry":{"type":"LineString","coordinates":[[0.2551,44.6394],[0.2504,44.6395],[0.2488,44.6368],[0.2466,44.6361],[0.2424,44.6377]]}},{"type":"Feature","properties":{"name":"Le Dropt"},"geometry":{"type":"LineString","coordinates":[[0.4188,44.6749],[0.4170,44.6750],[0.4167,44.6768],[0.4105,44.6757],[0.4100,44.6742],[0.4126,44.6707],[0.4109,44.6694],[0.4039,44.6708],[0.3990,44.6745],[0.3963,44.6740],[0.3943,44.6704],[0.3941,44.6641],[0.3952,44.6618],[0.3917,44.6585],[0.3852,44.6570]]}},{"type":"Feature","properties":{"name":"Le Dropt"},"geometry":{"type":"LineString","coordinates":[[0.4705,44.6697],[0.4693,44.6704]]}},{"type":"Feature","properties":{"name":"Le Dropt"},"geometry":{"type":"LineString","coordinates":[[0.3256,44.6335],[0.3200,44.6318]]}},{"type":"Feature","properties":{"name":"Le Dropt"},"geometry":{"type":"LineString","coordinates":[[0.5218,44.6786],[0.5217,44.6786]]}},{"type":"Feature","properties":{"name":"Le Dropt"},"geometry":{"type":"LineString","coordinates":[[0.5152,44.6787],[0.5135,44.6794],[0.5114,44.6786]]}},{"type":"Feature","properties":{"name":"Le Dropt"},"geometry":{"type":"LineString","coordinates":[[0.7373,44.6383],[0.7352,44.6367],[0.7324,44.6375],[0.7323,44.6384],[0.7293,44.6387],[0.7243,44.6357]]}},{"type":"Feature","properties":{"name":"Le Dropt"},"geometry":{"type":"LineString","coordinates":[[0.5532,44.6659],[0.5509,44.6662],[0.5504,44.6653],[0.5462,44.6646],[0.5401,44.6653],[0.5386,44.6671],[0.5378,44.6665],[0.5362,44.6675],[0.5360,44.6709],[0.5351,44.6711],[0.5356,44.6717],[0.5333,44.6751],[0.5294,44.6766],[0.5280,44.6786],[0.5259,44.6786],[0.5249,44.6774],[0.5218,44.6786]]}},{"type":"Feature","properties":{"name":"Le Dropt"},"geometry":{"type":"LineString","coordinates":[[0.7434,44.6407],[0.7390,44.6401],[0.7373,44.6383]]}},{"type":"Feature","properties":{"name":"Le Dropt"},"geometry":{"type":"LineString","coordinates":[[0.8095,44.6535],[0.8070,44.6518],[0.8000,44.6526],[0.7948,44.6518],[0.7925,44.6505],[0.7904,44.6508]]}},{"type":"Feature","properties":{"name":"Le Dropt"},"geometry":{"type":"LineString","coordinates":[[0.7574,44.6480],[0.7525,44.6474],[0.7484,44.6448],[0.7489,44.6438],[0.7475,44.6430],[0.7455,44.6439],[0.7441,44.6434],[0.7437,44.6421]]}},{"type":"Feature","properties":{"name":"Le Dropt"},"geometry":{"type":"LineString","coordinates":[[0.3264,44.6405],[0.3265,44.6391],[0.3276,44.6388],[0.3274,44.6363]]}},{"type":"Feature","properties":{"name":"Le Dropt"},"geometry":{"type":"LineString","coordinates":[[0.2878,44.6328],[0.2833,44.6348],[0.2805,44.6346],[0.2801,44.6358],[0.2779,44.6351],[0.2761,44.6371]]}},{"type":"Feature","properties":{"name":"Le Dropt"},"geometry":{"type":"LineString","coordinates":[[0.3274,44.6363],[0.3271,44.6347]]}},{"type":"Feature","properties":{"name":"Le Dropt"},"geometry":{"type":"LineString","coordinates":[[0.2761,44.6371],[0.2750,44.6384],[0.2739,44.6373],[0.2725,44.6385],[0.2697,44.6378],[0.2635,44.6390],[0.2629,44.6376],[0.2596,44.6372],[0.2551,44.6394]]}},{"type":"Feature","properties":{"name":"Le Dropt"},"geometry":{"type":"LineString","coordinates":[[0.3535,44.6545],[0.3541,44.6531]]}},{"type":"Feature","properties":{"name":"Le Dropt"},"geometry":{"type":"LineString","coordinates":[[0.4693,44.6704],[0.4679,44.6722]]}},{"type":"Feature","properties":{"name":"Le Dropt"},"geometry":{"type":"LineString","coordinates":[[0.4308,44.6792],[0.4283,44.6799],[0.4255,44.6786]]}},{"type":"Feature","properties":{"name":"Le Dropt"},"geometry":{"type":"LineString","coordinates":[[0.4627,44.6736],[0.4580,44.6734]]}},{"type":"Feature","properties":{"name":"Le Dropt"},"geometry":{"type":"LineString","coordinates":[[0.5217,44.6786],[0.5194,44.6778],[0.5119,44.6789],[0.5089,44.6769],[0.5081,44.6746],[0.5002,44.6734],[0.4973,44.6717],[0.4965,44.6700]]}},{"type":"Feature","properties":{"name":"Le Dropt"},"geometry":{"type":"LineString","coordinates":[[0.4255,44.6786],[0.4228,44.6762],[0.4188,44.6749]]}},{"type":"Feature","properties":{"name":"Le Dropt"},"geometry":{"type":"LineString","coordinates":[[0.4679,44.6722],[0.4666,44.6746],[0.4639,44.6746],[0.4627,44.6736]]}},{"type":"Feature","properties":{"name":"Le Dropt"},"geometry":{"type":"LineString","coordinates":[[0.2986,44.6295],[0.2937,44.6277],[0.2900,44.6294]]}},{"type":"Feature","properties":{"name":"Le Dropt"},"geometry":{"type":"LineString","coordinates":[[0.3057,44.6321],[0.3047,44.6328],[0.3024,44.6324],[0.3021,44.6313],[0.2986,44.6295]]}},{"type":"Feature","properties":{"name":"Le Dropt"},"geometry":{"type":"LineString","coordinates":[[0.3200,44.6318],[0.3153,44.6337],[0.3104,44.6325],[0.3084,44.6334],[0.3081,44.6324],[0.3057,44.6321]]}},{"type":"Feature","properties":{"name":"Le Dropt"},"geometry":{"type":"LineString","coordinates":[[0.3541,44.6531],[0.3530,44.6520],[0.3547,44.6506],[0.3547,44.6493],[0.3501,44.6462],[0.3408,44.6468]]}},{"type":"Feature","properties":{"name":"Le Dropt"},"geometry":{"type":"LineString","coordinates":[[0.3271,44.6347],[0.3256,44.6335]]}},{"type":"Feature","properties":{"name":"Le Dropt"},"geometry":{"type":"LineString","coordinates":[[0.4320,44.6784],[0.4308,44.6792]]}},{"type":"Feature","properties":{"name":"Le Dropt"},"geometry":{"type":"LineString","coordinates":[[0.4580,44.6734],[0.4563,44.6740],[0.4561,44.6752]]}},{"type":"Feature","properties":{"name":"Le Dropt"},"geometry":{"type":"LineString","coordinates":[[0.3408,44.6468],[0.3377,44.6454],[0.3375,44.6403],[0.3335,44.6400],[0.3283,44.6423],[0.3264,44.6405]]}},{"type":"Feature","properties":{"name":"Le Dropt"},"geometry":{"type":"LineString","coordinates":[[0.3555,44.6551],[0.3535,44.6545]]}},{"type":"Feature","properties":{"name":"Le Dropt"},"geometry":{"type":"LineString","coordinates":[[0.4561,44.6752],[0.4555,44.6768],[0.4526,44.6781],[0.4446,44.6783],[0.4414,44.6772],[0.4410,44.6734],[0.4397,44.6727],[0.4379,44.6735],[0.4379,44.6749],[0.4326,44.6767],[0.4320,44.6784]]}},{"type":"Feature","properties":{"name":"Le Dropt"},"geometry":{"type":"LineString","coordinates":[[0.4965,44.6700],[0.4954,44.6700],[0.4930,44.6675],[0.4882,44.6666],[0.4874,44.6676],[0.4871,44.6667],[0.4850,44.6681],[0.4847,44.6669],[0.4795,44.6668],[0.4766,44.6691],[0.4728,44.6686],[0.4705,44.6697]]}},{"type":"Feature","properties":{"name":"Le Dropt"},"geometry":{"type":"LineString","coordinates":[[0.7678,44.6483],[0.7675,44.6483]]}},{"type":"Feature","properties":{"name":"Le Dropt"},"geometry":{"type":"LineString","coordinates":[[0.7679,44.6482],[0.7678,44.6483]]}},{"type":"Feature","properties":{"name":"Le Dropt"},"geometry":{"type":"LineString","coordinates":[[0.7000,44.6352],[0.6999,44.6353]]}},{"type":"Feature","properties":{"name":"Le Dropt"},"geometry":{"type":"LineString","coordinates":[[0.6999,44.6353],[0.6985,44.6381],[0.6926,44.6397],[0.6899,44.6438],[0.6879,44.6444],[0.6863,44.6472],[0.6873,44.6490],[0.6856,44.6507],[0.6817,44.6518],[0.6794,44.6500],[0.6753,44.6506],[0.6749,44.6522],[0.6723,44.6533],[0.6705,44.6525],[0.6687,44.6537],[0.6679,44.6545],[0.6684,44.6572],[0.6661,44.6583],[0.6654,44.6572],[0.6623,44.6572],[0.6598,44.6560],[0.6558,44.6562],[0.6518,44.6591],[0.6457,44.6580],[0.6457,44.6609],[0.6437,44.6621],[0.6429,44.6638],[0.6391,44.6624],[0.6317,44.6650],[0.6317,44.6657],[0.6270,44.6657],[0.6262,44.6677],[0.6237,44.6696],[0.6216,44.6689],[0.6171,44.6702],[0.6159,44.6689],[0.6133,44.6688],[0.6101,44.6662],[0.6069,44.6661],[0.6071,44.6650],[0.6037,44.6640],[0.5984,44.6656],[0.5982,44.6689],[0.5967,44.6704],[0.5977,44.6716],[0.5942,44.6729],[0.5939,44.6737],[0.5889,44.6730],[0.5880,44.6721],[0.5816,44.6726]]}},{"type":"Feature","properties":{"name":"Le Dropt"},"geometry":{"type":"LineString","coordinates":[[0.5796,44.6735],[0.5780,44.6730],[0.5755,44.6694],[0.5717,44.6683],[0.5689,44.6693],[0.5670,44.6717],[0.5628,44.6725],[0.5578,44.6707],[0.5532,44.6659]]}},{"type":"Feature","properties":{"name":"Le Dropt"},"geometry":{"type":"LineString","coordinates":[[0.8099,44.6534],[0.8095,44.6535]]}},{"type":"Feature","properties":{"name":"Le Dropt"},"geometry":{"type":"LineString","coordinates":[[0.8611,44.6568],[0.8578,44.6560],[0.8567,44.6544],[0.8537,44.6529],[0.8488,44.6529]]}},{"type":"Feature","properties":{"name":"Le Dropt"},"geometry":{"type":"LineString","coordinates":[[0.8488,44.6529],[0.8486,44.6530]]}},{"type":"Feature","properties":{"name":"Le Dropt"},"geometry":{"type":"LineString","coordinates":[[0.8486,44.6530],[0.8389,44.6550],[0.8331,44.6533],[0.8296,44.6510],[0.8246,44.6518],[0.8200,44.6497],[0.8163,44.6495],[0.8138,44.6520],[0.8099,44.6534]]}},{"type":"Feature","properties":{"name":"Le Dropt"},"geometry":{"type":"LineString","coordinates":[[0.7904,44.6508],[0.7903,44.6508]]}},{"type":"Feature","properties":{"name":"Le Dropt"},"geometry":{"type":"LineString","coordinates":[[0.7903,44.6508],[0.7871,44.6515],[0.7858,44.6501],[0.7823,44.6500],[0.7793,44.6474],[0.7765,44.6464],[0.7733,44.6478],[0.7679,44.6482]]}},{"type":"Feature","properties":{"name":"Le Dropt"},"geometry":{"type":"LineString","coordinates":[[0.7575,44.6479],[0.7574,44.6480]]}},{"type":"Feature","properties":{"name":"Le Dropt"},"geometry":{"type":"LineString","coordinates":[[0.7675,44.6483],[0.7617,44.6494],[0.7575,44.6479]]}},{"type":"Feature","properties":{"name":"Le Dropt"},"geometry":{"type":"LineString","coordinates":[[0.7437,44.6421],[0.7437,44.6420]]}},{"type":"Feature","properties":{"name":"Le Dropt"},"geometry":{"type":"LineString","coordinates":[[0.7437,44.6420],[0.7434,44.6407]]}},{"type":"Feature","properties":{"name":"Le Dropt"},"geometry":{"type":"LineString","coordinates":[[0.5816,44.6726],[0.5796,44.6735]]}},{"type":"Feature","properties":{"name":"Le Dropt"},"geometry":{"type":"LineString","coordinates":[[0.1322,44.6685],[0.1306,44.6684]]}},{"type":"Feature","properties":{"name":"Le Dropt"},"geometry":{"type":"LineString","coordinates":[[0.1323,44.6684],[0.1322,44.6685]]}},{"type":"Feature","properties":{"name":"Le Dropt"},"geometry":{"type":"LineString","coordinates":[[0.1337,44.6680],[0.1323,44.6684]]}},{"type":"Feature","properties":{"name":"Le Dropt"},"geometry":{"type":"LineString","coordinates":[[0.7243,44.6357],[0.7242,44.6357]]}},{"type":"Feature","properties":{"name":"Le Dropt"},"geometry":{"type":"LineString","coordinates":[[0.7242,44.6357],[0.7188,44.6351],[0.7185,44.6340],[0.7151,44.6335]]}},{"type":"Feature","properties":{"name":"Le Dropt"},"geometry":{"type":"LineString","coordinates":[[0.7150,44.6334],[0.7124,44.6321],[0.7082,44.6325],[0.7029,44.6336],[0.7000,44.6352]]}},{"type":"Feature","properties":{"name":"Le Dropt"},"geometry":{"type":"LineString","coordinates":[[0.7151,44.6335],[0.7150,44.6334]]}},{"type":"Feature","properties":{"name":"Le Dropt"},"geometry":{"type":"LineString","coordinates":[[0.3852,44.6570],[0.3833,44.6553],[0.3749,44.6530],[0.3726,44.6549],[0.3710,44.6591],[0.3696,44.6591],[0.3688,44.6613],[0.3655,44.6622],[0.3631,44.6618],[0.3635,44.6610],[0.3619,44.6612],[0.3589,44.6593],[0.3570,44.6565],[0.3548,44.6559],[0.3555,44.6551]]}},{"type":"Feature","properties":{"name":"La Couze"},"geometry":{"type":"LineString","coordinates":[[1.4114,45.1135],[1.4142,45.1205]]}},{"type":"Feature","properties":{"name":"La Couze"},"geometry":{"type":"LineString","coordinates":[[0.7043,44.8226],[0.7037,44.8236],[0.7052,44.8240],[0.7065,44.8260],[0.7023,44.8289],[0.7027,44.8320]]}},{"type":"Feature","properties":{"name":"La Couze"},"geometry":{"type":"LineString","coordinates":[[1.4311,45.0939],[1.4261,45.0959]]}},{"type":"Feature","properties":{"name":"La Couze"},"geometry":{"type":"LineString","coordinates":[[1.4142,45.1205],[1.4126,45.1239],[1.4131,45.1251]]}},{"type":"Feature","properties":{"name":"La Couze"},"geometry":{"type":"LineString","coordinates":[[1.4248,45.0965],[1.4244,45.0965]]}},{"type":"Feature","properties":{"name":"La Couze"},"geometry":{"type":"LineString","coordinates":[[1.4195,45.0975],[1.4167,45.0982],[1.4143,45.1045],[1.4117,45.1058],[1.4112,45.1087],[1.4122,45.1129],[1.4114,45.1135]]}},{"type":"Feature","properties":{"name":"La Couze"},"geometry":{"type":"LineString","coordinates":[[1.4753,45.0925],[1.4722,45.0948],[1.4691,45.0950],[1.4655,45.0939]]}},{"type":"Feature","properties":{"name":"La Couze"},"geometry":{"type":"LineString","coordinates":[[1.4756,45.0922],[1.4753,45.0925]]}},{"type":"Feature","properties":{"name":"La Couze"},"geometry":{"type":"LineString","coordinates":[[1.4200,45.0975],[1.4195,45.0975]]}},{"type":"Feature","properties":{"name":"La Couze"},"geometry":{"type":"LineString","coordinates":[[1.4244,45.0965],[1.4200,45.0975]]}},{"type":"Feature","properties":{"name":"La Couze"},"geometry":{"type":"LineString","coordinates":[[1.4330,45.0933],[1.4325,45.0936]]}},{"type":"Feature","properties":{"name":"La Couze"},"geometry":{"type":"LineString","coordinates":[[1.4655,45.0939],[1.4618,45.0969],[1.4566,45.0982],[1.4374,45.0928],[1.4330,45.0933]]}},{"type":"Feature","properties":{"name":"La Couze"},"geometry":{"type":"LineString","coordinates":[[1.4259,45.0962],[1.4248,45.0965]]}},{"type":"Feature","properties":{"name":"La Couze"},"geometry":{"type":"LineString","coordinates":[[1.4261,45.0959],[1.4259,45.0962]]}},{"type":"Feature","properties":{"name":"Ruisseau La Gouyne"},"geometry":{"type":"LineString","coordinates":[[0.3024,44.9064],[0.3011,44.9042],[0.2988,44.9036],[0.2988,44.9014],[0.3003,44.9008],[0.3028,44.8958]]}},{"type":"Feature","properties":{"name":"Ruisseau La Gouyne"},"geometry":{"type":"LineString","coordinates":[[0.3005,44.8937],[0.3023,44.8911],[0.3020,44.8891],[0.3045,44.8883]]}},{"type":"Feature","properties":{"name":"Ruisseau La Gouyne"},"geometry":{"type":"LineString","coordinates":[[0.3028,44.8958],[0.3029,44.8957]]}},{"type":"Feature","properties":{"name":"Ruisseau La Gouyne"},"geometry":{"type":"LineString","coordinates":[[0.3045,44.8883],[0.3045,44.8882]]}},{"type":"Feature","properties":{"name":"Ruisseau La Gouyne"},"geometry":{"type":"LineString","coordinates":[[0.3045,44.8882],[0.3078,44.8872],[0.3077,44.8862],[0.3069,44.8860],[0.3069,44.8839],[0.3033,44.8831],[0.3038,44.8813],[0.3048,44.8810],[0.3030,44.8797]]}},{"type":"Feature","properties":{"name":"Ruisseau La Gouyne"},"geometry":{"type":"LineString","coordinates":[[0.3029,44.8957],[0.3035,44.8944],[0.3005,44.8937]]}},{"type":"Feature","properties":{"name":"La Tude"},"geometry":{"type":"LineString","coordinates":[[0.1029,45.3301],[0.1023,45.3291],[0.1032,45.3285],[0.1016,45.3274],[0.1027,45.3265],[0.1018,45.3264],[0.1003,45.3236],[0.0973,45.3236],[0.0969,45.3212],[0.0940,45.3186],[0.0947,45.3180]]}},{"type":"Feature","properties":{"name":"La Tude"},"geometry":{"type":"LineString","coordinates":[[0.0334,45.2390],[0.0336,45.2369],[0.0316,45.2342],[0.0328,45.2333],[0.0316,45.2300],[0.0334,45.2291]]}},{"type":"Feature","properties":{"name":"La Tude"},"geometry":{"type":"LineString","coordinates":[[0.0641,45.2984],[0.0617,45.2985],[0.0615,45.2973]]}},{"type":"Feature","properties":{"name":"La Tude"},"geometry":{"type":"LineString","coordinates":[[0.0615,45.2973],[0.0602,45.2957],[0.0600,45.2932],[0.0580,45.2923]]}},{"type":"Feature","properties":{"name":"La Tude"},"geometry":{"type":"LineString","coordinates":[[0.0947,45.3180],[0.0909,45.3174],[0.0898,45.3163],[0.0895,45.3129],[0.0826,45.3108],[0.0822,45.3094],[0.0794,45.3082],[0.0777,45.3060],[0.0742,45.3045],[0.0744,45.3035],[0.0717,45.3032],[0.0701,45.3019],[0.0706,45.3013],[0.0656,45.3000],[0.0655,45.2987],[0.0641,45.2984]]}},{"type":"Feature","properties":{"name":"La Tude"},"geometry":{"type":"LineString","coordinates":[[0.0580,45.2923],[0.0571,45.2915],[0.0576,45.2887],[0.0553,45.2859]]}},{"type":"Feature","properties":{"name":"La Tude"},"geometry":{"type":"LineString","coordinates":[[0.0553,45.2859],[0.0436,45.2789],[0.0443,45.2768],[0.0395,45.2693],[0.0396,45.2659],[0.0381,45.2633],[0.0391,45.2577],[0.0342,45.2509],[0.0334,45.2390]]}},{"type":"Feature","properties":{"name":"La Tude"},"geometry":{"type":"LineString","coordinates":[[0.1081,45.3653],[0.1093,45.3609],[0.1125,45.3599],[0.1116,45.3582],[0.1122,45.3556],[0.1113,45.3547],[0.1118,45.3506]]}},{"type":"Feature","properties":{"name":"La Tude"},"geometry":{"type":"LineString","coordinates":[[0.1118,45.3506],[0.1118,45.3487],[0.1132,45.3468],[0.1120,45.3437]]}},{"type":"Feature","properties":{"name":"La Tude"},"geometry":{"type":"LineString","coordinates":[[0.0334,45.2291],[0.0350,45.2278],[0.0339,45.2241],[0.0321,45.2218],[0.0255,45.2189],[0.0287,45.2162],[0.0285,45.2144],[0.0237,45.2132],[0.0198,45.2135],[0.0186,45.2167],[0.0147,45.2167],[0.0140,45.2143],[0.0155,45.2094],[0.0148,45.2065],[0.0125,45.2045],[0.0123,45.2028]]}},{"type":"Feature","properties":{"name":"La Tude"},"geometry":{"type":"LineString","coordinates":[[0.1022,45.3318],[0.1024,45.3314]]}},{"type":"Feature","properties":{"name":"La Tude"},"geometry":{"type":"LineString","coordinates":[[0.1021,45.3319],[0.1022,45.3318]]}},{"type":"Feature","properties":{"name":"La Tude"},"geometry":{"type":"LineString","coordinates":[[0.1024,45.3313],[0.1029,45.3301]]}},{"type":"Feature","properties":{"name":"La Tude"},"geometry":{"type":"LineString","coordinates":[[0.1024,45.3314],[0.1024,45.3313]]}},{"type":"Feature","properties":{"name":"La Tude"},"geometry":{"type":"LineString","coordinates":[[0.1100,45.3404],[0.1031,45.3350],[0.1021,45.3319]]}},{"type":"Feature","properties":{"name":"La Tude"},"geometry":{"type":"LineString","coordinates":[[0.1110,45.3695],[0.1087,45.3681],[0.1081,45.3653]]}},{"type":"Feature","properties":{"name":"La Tude"},"geometry":{"type":"LineString","coordinates":[[0.1216,45.3816],[0.1190,45.3806],[0.1186,45.3790],[0.1155,45.3783],[0.1141,45.3737],[0.1149,45.3722],[0.1142,45.3706]]}},{"type":"Feature","properties":{"name":"La Tude"},"geometry":{"type":"LineString","coordinates":[[0.0384,45.2694],[0.0395,45.2686]]}},{"type":"Feature","properties":{"name":"La Tude"},"geometry":{"type":"LineString","coordinates":[[0.1119,45.3434],[0.1100,45.3404]]}},{"type":"Feature","properties":{"name":"La Tude"},"geometry":{"type":"LineString","coordinates":[[0.1120,45.3437],[0.1119,45.3434]]}},{"type":"Feature","properties":{"name":"La Tude"},"geometry":{"type":"LineString","coordinates":[[0.1217,45.3816],[0.1216,45.3816]]}},{"type":"Feature","properties":{"name":"La Tude"},"geometry":{"type":"LineString","coordinates":[[0.1218,45.3817],[0.1217,45.3816]]}},{"type":"Feature","properties":{"name":"La Tude"},"geometry":{"type":"LineString","coordinates":[[0.1218,45.3817],[0.1218,45.3817]]}},{"type":"Feature","properties":{"name":"La Tude"},"geometry":{"type":"LineString","coordinates":[[0.1219,45.3817],[0.1218,45.3817]]}},{"type":"Feature","properties":{"name":"La Tude"},"geometry":{"type":"LineString","coordinates":[[0.1140,45.3735],[0.1117,45.3699]]}},{"type":"Feature","properties":{"name":"La Tude"},"geometry":{"type":"LineString","coordinates":[[0.1136,45.3697],[0.1110,45.3695]]}},{"type":"Feature","properties":{"name":"La Tude"},"geometry":{"type":"LineString","coordinates":[[0.1139,45.3700],[0.1136,45.3697]]}},{"type":"Feature","properties":{"name":"La Tude"},"geometry":{"type":"LineString","coordinates":[[0.1141,45.3704],[0.1139,45.3700]]}},{"type":"Feature","properties":{"name":"La Tude"},"geometry":{"type":"LineString","coordinates":[[0.1142,45.3706],[0.1141,45.3704]]}},{"type":"Feature","properties":{"name":"Ruisseau de la Gourgue"},"geometry":{"type":"LineString","coordinates":[[0.0762,44.8385],[0.0821,44.8389],[0.0853,44.8379]]}},{"type":"Feature","properties":{"name":"Ruisseau de la Gourgue"},"geometry":{"type":"LineString","coordinates":[[0.0671,44.8382],[0.0760,44.8385]]}},{"type":"Feature","properties":{"name":"Ruisseau de la Gourgue"},"geometry":{"type":"LineString","coordinates":[[0.0519,44.8437],[0.0519,44.8435]]}},{"type":"Feature","properties":{"name":"Ruisseau de la Gourgue"},"geometry":{"type":"LineString","coordinates":[[0.0670,44.8381],[0.0671,44.8382]]}},{"type":"Feature","properties":{"name":"Ruisseau de la Gourgue"},"geometry":{"type":"LineString","coordinates":[[0.0553,44.8348],[0.0553,44.8348]]}},{"type":"Feature","properties":{"name":"Ruisseau de la Gourgue"},"geometry":{"type":"LineString","coordinates":[[0.0760,44.8385],[0.0762,44.8385]]}},{"type":"Feature","properties":{"name":"Ruisseau de la Gourgue"},"geometry":{"type":"LineString","coordinates":[[0.0530,44.8394],[0.0553,44.8348]]}},{"type":"Feature","properties":{"name":"Ruisseau de la Gourgue"},"geometry":{"type":"LineString","coordinates":[[0.0553,44.8348],[0.0603,44.8333],[0.0637,44.8367],[0.0670,44.8381]]}},{"type":"Feature","properties":{"name":"Ruisseau de la Gourgue"},"geometry":{"type":"LineString","coordinates":[[0.0519,44.8435],[0.0519,44.8434]]}},{"type":"Feature","properties":{"name":"Ruisseau de la Gourgue"},"geometry":{"type":"LineString","coordinates":[[0.0519,44.8434],[0.0518,44.8411],[0.0529,44.8394]]}},{"type":"Feature","properties":{"name":"Ruisseau de la Gourgue"},"geometry":{"type":"LineString","coordinates":[[0.0529,44.8394],[0.0530,44.8394]]}},{"type":"Feature","properties":{"name":"La Corrèze"},"geometry":{"type":"LineString","coordinates":[[1.6245,45.1756],[1.6214,45.1724],[1.6184,45.1707],[1.6110,45.1710],[1.6020,45.1757],[1.5964,45.1763],[1.5928,45.1752],[1.5846,45.1753],[1.5749,45.1722],[1.5706,45.1733],[1.5616,45.1659],[1.5539,45.1673],[1.5521,45.1660],[1.5476,45.1654],[1.5441,45.1631],[1.5367,45.1651],[1.5238,45.1642],[1.5178,45.1631],[1.5123,45.1600],[1.5075,45.1624],[1.4978,45.1621],[1.4932,45.1632],[1.4875,45.1583],[1.4802,45.1585],[1.4752,45.1612],[1.4713,45.1621],[1.4692,45.1660],[1.4664,45.1676],[1.4635,45.1678],[1.4598,45.1663]]}},{"type":"Feature","properties":{"name":"Le Chalaure"},"geometry":{"type":"LineString","coordinates":[[-0.0266,45.1143],[-0.0284,45.1131],[-0.0284,45.1101],[-0.0298,45.1098],[-0.0292,45.1091],[-0.0300,45.1079],[-0.0340,45.1051],[-0.0347,45.1035],[-0.0375,45.1032],[-0.0421,45.0988],[-0.0443,45.0989]]}},{"type":"Feature","properties":{"name":"Le Chalaure"},"geometry":{"type":"LineString","coordinates":[[-0.0207,45.1154],[-0.0256,45.1155],[-0.0266,45.1143]]}},{"type":"Feature","properties":{"name":"La Boëme"},"geometry":{"type":"LineString","coordinates":[[0.1186,45.5560],[0.1167,45.5612]]}},{"type":"Feature","properties":{"name":"La Boëme"},"geometry":{"type":"LineString","coordinates":[[0.1167,45.5612],[0.1167,45.5612]]}},{"type":"Feature","properties":{"name":"La Boëme"},"geometry":{"type":"LineString","coordinates":[[0.1403,45.5179],[0.1426,45.5226],[0.1423,45.5243],[0.1404,45.5257],[0.1411,45.5290],[0.1399,45.5300],[0.1356,45.5291],[0.1310,45.5307],[0.1274,45.5305],[0.1251,45.5325],[0.1256,45.5351],[0.1297,45.5361],[0.1313,45.5392],[0.1306,45.5414],[0.1279,45.5428],[0.1246,45.5490],[0.1287,45.5531],[0.1268,45.5551],[0.1256,45.5552]]}},{"type":"Feature","properties":{"name":"La Boëme"},"geometry":{"type":"LineString","coordinates":[[0.1256,45.5552],[0.1210,45.5550],[0.1186,45.5560]]}},{"type":"Feature","properties":{"name":"La Boëme"},"geometry":{"type":"LineString","coordinates":[[0.1167,45.5612],[0.1104,45.5671],[0.1042,45.5701],[0.1013,45.5744],[0.0987,45.5750],[0.0992,45.5757],[0.0971,45.5786],[0.0928,45.5825],[0.0938,45.5855],[0.0934,45.5880],[0.0909,45.5899],[0.0911,45.5918],[0.0895,45.5947],[0.0899,45.5973],[0.0882,45.5984],[0.0885,45.6024],[0.0864,45.6079]]}},{"type":"Feature","properties":{"name":"La Boëme"},"geometry":{"type":"LineString","coordinates":[[0.0864,45.6079],[0.0852,45.6085]]}},{"type":"Feature","properties":{"name":"La Boëme"},"geometry":{"type":"LineString","coordinates":[[0.0852,45.6085],[0.0831,45.6082],[0.0762,45.6149],[0.0709,45.6154],[0.0707,45.6167],[0.0683,45.6183],[0.0643,45.6186],[0.0618,45.6212],[0.0538,45.6240],[0.0468,45.6235],[0.0432,45.6210]]}},{"type":"Feature","properties":{"name":"La Boëme"},"geometry":{"type":"LineString","coordinates":[[0.1308,45.4986],[0.1309,45.4986]]}},{"type":"Feature","properties":{"name":"La Boëme"},"geometry":{"type":"LineString","coordinates":[[0.1305,45.4934],[0.1313,45.4970],[0.1308,45.4986]]}},{"type":"Feature","properties":{"name":"La Boëme"},"geometry":{"type":"LineString","coordinates":[[0.1306,45.4934],[0.1305,45.4934]]}},{"type":"Feature","properties":{"name":"La Boëme"},"geometry":{"type":"LineString","coordinates":[[0.1325,45.4798],[0.1324,45.4822],[0.1290,45.4862],[0.1292,45.4892],[0.1310,45.4926],[0.1306,45.4934]]}},{"type":"Feature","properties":{"name":"La Boëme"},"geometry":{"type":"LineString","coordinates":[[0.1402,45.5178],[0.1403,45.5179]]}},{"type":"Feature","properties":{"name":"La Boëme"},"geometry":{"type":"LineString","coordinates":[[0.1401,45.5177],[0.1402,45.5178]]}},{"type":"Feature","properties":{"name":"La Boëme"},"geometry":{"type":"LineString","coordinates":[[0.1400,45.5176],[0.1401,45.5177]]}},{"type":"Feature","properties":{"name":"La Boëme"},"geometry":{"type":"LineString","coordinates":[[0.1388,45.5153],[0.1400,45.5176]]}},{"type":"Feature","properties":{"name":"La Boëme"},"geometry":{"type":"LineString","coordinates":[[0.1388,45.5153],[0.1388,45.5153]]}},{"type":"Feature","properties":{"name":"La Boëme"},"geometry":{"type":"LineString","coordinates":[[0.1387,45.5151],[0.1388,45.5153]]}},{"type":"Feature","properties":{"name":"La Boëme"},"geometry":{"type":"LineString","coordinates":[[0.1387,45.5150],[0.1387,45.5151]]}},{"type":"Feature","properties":{"name":"La Boëme"},"geometry":{"type":"LineString","coordinates":[[0.1309,45.4986],[0.1326,45.5015],[0.1334,45.5063],[0.1387,45.5150]]}},{"type":"Feature","properties":{"name":"La Vézère"},"geometry":{"type":"LineString","coordinates":[[1.3238,45.1428],[1.3169,45.1420]]}},{"type":"Feature","properties":{"name":"La Vézère"},"geometry":{"type":"LineString","coordinates":[[1.3522,45.1398],[1.3514,45.1419],[1.3484,45.1420],[1.3424,45.1390],[1.3310,45.1377],[1.3274,45.1391],[1.3238,45.1428]]}},{"type":"Feature","properties":{"name":"La Vézère"},"geometry":{"type":"LineString","coordinates":[[1.4565,45.1637],[1.4558,45.1622],[1.4605,45.1566],[1.4586,45.1519],[1.4519,45.1463],[1.4493,45.1406],[1.4420,45.1339],[1.4397,45.1304],[1.4333,45.1247],[1.4285,45.1221],[1.4222,45.1213],[1.4180,45.1221],[1.4107,45.1264],[1.4009,45.1288],[1.3888,45.1332],[1.3845,45.1361],[1.3779,45.1357],[1.3672,45.1323],[1.3572,45.1323],[1.3529,45.1334]]}},{"type":"Feature","properties":{"name":"La Vézère"},"geometry":{"type":"LineString","coordinates":[[1.4558,45.2467],[1.4595,45.2410],[1.4592,45.2398],[1.4558,45.2377],[1.4543,45.2399],[1.4525,45.2399],[1.4493,45.2348],[1.4434,45.2327],[1.4415,45.2302],[1.4424,45.2282],[1.4514,45.2191],[1.4509,45.2167],[1.4495,45.2155],[1.4520,45.2106],[1.4548,45.2093],[1.4567,45.2101],[1.4579,45.2096],[1.4580,45.2083],[1.4555,45.2072],[1.4604,45.2048],[1.4631,45.2009],[1.4624,45.1985],[1.4601,45.1971],[1.4614,45.1946],[1.4618,45.1874],[1.4670,45.1823],[1.4630,45.1764],[1.4642,45.1747],[1.4662,45.1749]]}},{"type":"Feature","properties":{"name":"La Vézère"},"geometry":{"type":"LineString","coordinates":[[1.4673,45.2871],[1.4673,45.2853],[1.4642,45.2851],[1.4637,45.2821],[1.4587,45.2772],[1.4544,45.2704],[1.4539,45.2651],[1.4553,45.2606],[1.4508,45.2550],[1.4558,45.2467]]}},{"type":"Feature","properties":{"name":"La Vézère"},"geometry":{"type":"LineString","coordinates":[[1.3169,45.1420],[1.3107,45.1366],[1.3068,45.1288],[1.2887,45.1272],[1.2687,45.1312],[1.2610,45.1280],[1.2538,45.1193],[1.2457,45.1214],[1.2424,45.1247],[1.2406,45.1288],[1.2376,45.1293],[1.2330,45.1276]]}},{"type":"Feature","properties":{"name":"La Vézère"},"geometry":{"type":"LineString","coordinates":[[1.1767,45.0717],[1.1735,45.0710],[1.1718,45.0685],[1.1690,45.0671],[1.1601,45.0648],[1.1557,45.0548],[1.1474,45.0462],[1.1470,45.0446],[1.1389,45.0417],[1.1333,45.0374],[1.1294,45.0326],[1.1290,45.0306],[1.1310,45.0270],[1.1284,45.0224],[1.1092,45.0183],[1.1090,45.0067],[1.1057,45.0035],[1.1001,45.0012],[1.0932,45.0046],[1.0877,45.0094],[1.0888,45.0137],[1.0857,45.0167],[1.0811,45.0172],[1.0736,45.0152],[1.0725,45.0120],[1.0762,45.0034],[1.0748,44.9966],[1.0719,44.9901],[1.0682,44.9897],[1.0662,44.9910],[1.0625,44.9916],[1.0566,44.9913],[1.0541,44.9898],[1.0530,44.9879],[1.0542,44.9843],[1.0537,44.9798],[1.0523,44.9774],[1.0416,44.9771],[1.0372,44.9752],[1.0341,44.9698],[1.0416,44.9652],[1.0427,44.9635],[1.0420,44.9621],[1.0378,44.9614],[1.0335,44.9679],[1.0271,44.9673],[1.0244,44.9656],[1.0238,44.9623],[1.0250,44.9594],[1.0311,44.9548],[1.0274,44.9500],[1.0202,44.9495],[1.0082,44.9518],[1.0017,44.9513],[0.9996,44.9503],[0.9996,44.9440],[1.0029,44.9410],[1.0074,44.9394],[1.0119,44.9352],[1.0130,44.9315],[1.0113,44.9297],[1.0074,44.9282],[0.9998,44.9281],[0.9883,44.9259],[0.9817,44.9263],[0.9787,44.9249],[0.9755,44.9226],[0.9740,44.9183],[0.9639,44.9152],[0.9610,44.9109],[0.9578,44.8998],[0.9556,44.8967],[0.9533,44.8959],[0.9451,44.8966],[0.9386,44.8994],[0.9303,44.9104],[0.9291,44.9166],[0.9250,44.9179],[0.9192,44.9170],[0.9146,44.9141],[0.9135,44.9110],[0.9155,44.9068],[0.9228,44.9007],[0.9212,44.8967],[0.9126,44.8900],[0.9034,44.8874],[0.8932,44.8821],[0.8889,44.8819]]}},{"type":"Feature","properties":{"name":"La Vézère"},"geometry":{"type":"LineString","coordinates":[[1.4963,45.3459],[1.4944,45.3410],[1.4924,45.3390],[1.4900,45.3387],[1.4904,45.3365],[1.4885,45.3349],[1.4820,45.3323],[1.4804,45.3298],[1.4762,45.3304],[1.4666,45.3251],[1.4668,45.3240],[1.4696,45.3232],[1.4719,45.3232],[1.4742,45.3251],[1.4767,45.3239],[1.4683,45.3167],[1.4626,45.3167],[1.4657,45.3123],[1.4655,45.3097],[1.4686,45.3063],[1.4712,45.3051],[1.4733,45.3057],[1.4749,45.3050],[1.4742,45.3035],[1.4696,45.3021],[1.4702,45.2987],[1.4722,45.2977],[1.4706,45.2963]]}},{"type":"Feature","properties":{"name":"La Vézère"},"geometry":{"type":"LineString","coordinates":[[0.9155,44.9068],[0.9173,44.9044],[0.9205,44.9031]]}},{"type":"Feature","properties":{"name":"La Vézère"},"geometry":{"type":"LineString","coordinates":[[1.3517,45.1364],[1.3522,45.1398]]}},{"type":"Feature","properties":{"name":"La Vézère"},"geometry":{"type":"LineString","coordinates":[[1.2161,45.0909],[1.2124,45.0899],[1.2048,45.0940],[1.1952,45.0964],[1.1920,45.0959],[1.1894,45.0933],[1.1909,45.0862],[1.1885,45.0797],[1.1889,45.0757],[1.1767,45.0717]]}},{"type":"Feature","properties":{"name":"La Vézère"},"geometry":{"type":"LineString","coordinates":[[1.4662,45.1749],[1.4665,45.1733],[1.4646,45.1706],[1.4624,45.1700],[1.4591,45.1708],[1.4599,45.1665],[1.4565,45.1637]]}},{"type":"Feature","properties":{"name":"La Vézère"},"geometry":{"type":"LineString","coordinates":[[1.3529,45.1334],[1.3519,45.1343],[1.3517,45.1364]]}},{"type":"Feature","properties":{"name":"La Vézère"},"geometry":{"type":"LineString","coordinates":[[1.4706,45.2963],[1.4687,45.2937],[1.4688,45.2892],[1.4674,45.2874]]}},{"type":"Feature","properties":{"name":"La Vézère"},"geometry":{"type":"LineString","coordinates":[[1.4674,45.2873],[1.4673,45.2871]]}},{"type":"Feature","properties":{"name":"La Vézère"},"geometry":{"type":"LineString","coordinates":[[1.4674,45.2874],[1.4674,45.2873]]}},{"type":"Feature","properties":{"name":"La Vézère"},"geometry":{"type":"LineString","coordinates":[[1.2330,45.1276],[1.2299,45.1244],[1.2310,45.1190],[1.2255,45.1169],[1.2228,45.1142],[1.2215,45.1065],[1.2222,45.1010],[1.2194,45.0990],[1.2161,45.0909]]}},{"type":"Feature","properties":{"name":"Le Bief"},"geometry":{"type":"LineString","coordinates":[[0.7021,44.8295],[0.7020,44.8301]]}},{"type":"Feature","properties":{"name":"La Loue"},"geometry":{"type":"LineString","coordinates":[[1.0793,45.3459],[1.0722,45.3455],[1.0664,45.3433],[1.0601,45.3376],[1.0582,45.3340]]}},{"type":"Feature","properties":{"name":"La Loue"},"geometry":{"type":"LineString","coordinates":[[1.2046,45.5309],[1.2043,45.5284],[1.2013,45.5258]]}},{"type":"Feature","properties":{"name":"La Loue"},"geometry":{"type":"LineString","coordinates":[[1.1993,45.5185],[1.1990,45.5165],[1.1952,45.5148],[1.1939,45.5120]]}},{"type":"Feature","properties":{"name":"La Loue"},"geometry":{"type":"LineString","coordinates":[[1.2079,45.5319],[1.2064,45.5322]]}},{"type":"Feature","properties":{"name":"La Loue"},"geometry":{"type":"LineString","coordinates":[[1.2083,45.5318],[1.2079,45.5319]]}},{"type":"Feature","properties":{"name":"La Loue"},"geometry":{"type":"LineString","coordinates":[[1.2093,45.5313],[1.2083,45.5318]]}},{"type":"Feature","properties":{"name":"La Loue"},"geometry":{"type":"LineString","coordinates":[[1.1917,45.5026],[1.1889,45.4982]]}},{"type":"Feature","properties":{"name":"La Loue"},"geometry":{"type":"LineString","coordinates":[[1.0353,45.3238],[1.0320,45.3246],[1.0308,45.3234],[1.0268,45.3223],[1.0252,45.3201],[1.0254,45.3179],[1.0230,45.3178],[1.0227,45.3139],[1.0210,45.3126],[1.0158,45.3145],[1.0092,45.3150],[1.0070,45.3165],[1.0002,45.3139],[0.9969,45.3106],[0.9909,45.3129],[0.9835,45.3125],[0.9805,45.3089],[0.9809,45.3025],[0.9779,45.3034],[0.9780,45.3051],[0.9769,45.3061],[0.9759,45.3061],[0.9757,45.3049],[0.9727,45.3055]]}},{"type":"Feature","properties":{"name":"La Loue"},"geometry":{"type":"LineString","coordinates":[[1.0581,45.3342],[1.0591,45.3334]]}},{"type":"Feature","properties":{"name":"La Loue"},"geometry":{"type":"LineString","coordinates":[[1.0582,45.3340],[1.0591,45.3334],[1.0587,45.3324],[1.0555,45.3321]]}},{"type":"Feature","properties":{"name":"La Loue"},"geometry":{"type":"LineString","coordinates":[[1.1889,45.4982],[1.1867,45.4961],[1.1828,45.4956],[1.1777,45.4929]]}},{"type":"Feature","properties":{"name":"La Loue"},"geometry":{"type":"LineString","coordinates":[[1.1939,45.5119],[1.1912,45.5072],[1.1923,45.5038],[1.1917,45.5026]]}},{"type":"Feature","properties":{"name":"La Loue"},"geometry":{"type":"LineString","coordinates":[[1.1776,45.4929],[1.1763,45.4922],[1.1741,45.4932],[1.1728,45.4916],[1.1708,45.4916],[1.1715,45.4896],[1.1679,45.4864],[1.1684,45.4851]]}},{"type":"Feature","properties":{"name":"La Loue"},"geometry":{"type":"LineString","coordinates":[[1.1686,45.4824],[1.1640,45.4789],[1.1596,45.4782],[1.1571,45.4754],[1.1531,45.4733],[1.1421,45.4734],[1.1406,45.4717],[1.1366,45.4718],[1.1357,45.4696]]}},{"type":"Feature","properties":{"name":"La Loue"},"geometry":{"type":"LineString","coordinates":[[1.1684,45.4851],[1.1694,45.4841],[1.1686,45.4824]]}},{"type":"Feature","properties":{"name":"La Loue"},"geometry":{"type":"LineString","coordinates":[[1.1238,45.4406],[1.1275,45.4405],[1.1282,45.4389],[1.1277,45.4376],[1.1242,45.4354],[1.1237,45.4323],[1.1187,45.4319],[1.1169,45.4305]]}},{"type":"Feature","properties":{"name":"La Loue"},"geometry":{"type":"LineString","coordinates":[[1.2059,45.5320],[1.2046,45.5309]]}},{"type":"Feature","properties":{"name":"La Loue"},"geometry":{"type":"LineString","coordinates":[[1.2064,45.5322],[1.2059,45.5320]]}},{"type":"Feature","properties":{"name":"La Loue"},"geometry":{"type":"LineString","coordinates":[[1.0907,45.3708],[1.0911,45.3697],[1.0891,45.3691],[1.0900,45.3682]]}},{"type":"Feature","properties":{"name":"La Loue"},"geometry":{"type":"LineString","coordinates":[[1.0900,45.3682],[1.0886,45.3675],[1.0866,45.3691],[1.0827,45.3665],[1.0835,45.3655],[1.0882,45.3651],[1.0869,45.3611],[1.0882,45.3593],[1.0805,45.3561],[1.0797,45.3537],[1.0810,45.3506],[1.0773,45.3499],[1.0760,45.3486],[1.0776,45.3469],[1.0788,45.3471],[1.0793,45.3459]]}},{"type":"Feature","properties":{"name":"La Loue"},"geometry":{"type":"LineString","coordinates":[[1.1114,45.3993],[1.1080,45.3989],[1.1056,45.4000],[1.1030,45.3994],[1.1043,45.3970],[1.1030,45.3938],[1.0934,45.3881],[1.0939,45.3850],[1.0966,45.3837],[1.0981,45.3818],[1.0977,45.3799],[1.0935,45.3775],[1.0943,45.3758],[1.0919,45.3732],[1.0889,45.3735],[1.0863,45.3723],[1.0870,45.3712],[1.0907,45.3708]]}},{"type":"Feature","properties":{"name":"La Loue"},"geometry":{"type":"LineString","coordinates":[[1.1169,45.4305],[1.1160,45.4284],[1.1179,45.4261],[1.1192,45.4268],[1.1204,45.4261],[1.1227,45.4227],[1.1262,45.4230],[1.1276,45.4199],[1.1296,45.4193],[1.1301,45.4181],[1.1322,45.4179],[1.1320,45.4164],[1.1280,45.4142],[1.1281,45.4110],[1.1252,45.4073],[1.1187,45.4087],[1.1167,45.4063],[1.1192,45.4051],[1.1161,45.4023],[1.1162,45.4009],[1.1114,45.3993]]}},{"type":"Feature","properties":{"name":"La Loue"},"geometry":{"type":"LineString","coordinates":[[1.1357,45.4696],[1.1358,45.4677],[1.1313,45.4661],[1.1258,45.4620],[1.1257,45.4611],[1.1281,45.4596],[1.1274,45.4573],[1.1285,45.4539],[1.1253,45.4496],[1.1256,45.4481],[1.1233,45.4464],[1.1236,45.4444],[1.1222,45.4420],[1.1238,45.4406]]}},{"type":"Feature","properties":{"name":"La Loue"},"geometry":{"type":"LineString","coordinates":[[1.2013,45.5258],[1.1998,45.5245],[1.1991,45.5191]]}},{"type":"Feature","properties":{"name":"La Loue"},"geometry":{"type":"LineString","coordinates":[[1.1939,45.5120],[1.1939,45.5119]]}},{"type":"Feature","properties":{"name":"La Loue"},"geometry":{"type":"LineString","coordinates":[[1.1777,45.4929],[1.1776,45.4929]]}},{"type":"Feature","properties":{"name":"La Loue"},"geometry":{"type":"LineString","coordinates":[[1.0278,45.3230],[1.0270,45.3224]]}},{"type":"Feature","properties":{"name":"La Loue"},"geometry":{"type":"LineString","coordinates":[[1.0281,45.3230],[1.0278,45.3230]]}},{"type":"Feature","properties":{"name":"La Loue"},"geometry":{"type":"LineString","coordinates":[[1.0290,45.3231],[1.0281,45.3230]]}},{"type":"Feature","properties":{"name":"La Loue"},"geometry":{"type":"LineString","coordinates":[[0.9812,45.3067],[0.9806,45.3063]]}},{"type":"Feature","properties":{"name":"La Loue"},"geometry":{"type":"LineString","coordinates":[[0.9812,45.3068],[0.9812,45.3067]]}},{"type":"Feature","properties":{"name":"La Loue"},"geometry":{"type":"LineString","coordinates":[[0.9813,45.3103],[0.9812,45.3068]]}},{"type":"Feature","properties":{"name":"La Loue"},"geometry":{"type":"LineString","coordinates":[[0.9988,45.3127],[0.9982,45.3116]]}},{"type":"Feature","properties":{"name":"La Loue"},"geometry":{"type":"LineString","coordinates":[[1.0088,45.3154],[1.0082,45.3157]]}},{"type":"Feature","properties":{"name":"La Loue"},"geometry":{"type":"LineString","coordinates":[[1.0229,45.3149],[1.0227,45.3139]]}},{"type":"Feature","properties":{"name":"La Loue"},"geometry":{"type":"LineString","coordinates":[[1.0369,45.3234],[1.0353,45.3238]]}},{"type":"Feature","properties":{"name":"La Loue"},"geometry":{"type":"LineString","coordinates":[[1.0555,45.3321],[1.0507,45.3310],[1.0512,45.3297],[1.0431,45.3267],[1.0430,45.3252],[1.0369,45.3234]]}},{"type":"Feature","properties":{"name":"La Loue"},"geometry":{"type":"LineString","coordinates":[[1.0369,45.3234],[1.0353,45.3238]]}},{"type":"Feature","properties":{"name":"La Lède"},"geometry":{"type":"LineString","coordinates":[[0.8284,44.5482],[0.8233,44.5465],[0.8163,44.5419],[0.8131,44.5416]]}},{"type":"Feature","properties":{"name":"La Lède"},"geometry":{"type":"LineString","coordinates":[[0.8652,44.5457],[0.8617,44.5434],[0.8588,44.5449],[0.8539,44.5436],[0.8481,44.5458],[0.8455,44.5456],[0.8392,44.5473],[0.8356,44.5494],[0.8310,44.5494],[0.8284,44.5482]]}},{"type":"Feature","properties":{"name":"La Lède"},"geometry":{"type":"LineString","coordinates":[[0.8280,44.5480],[0.8279,44.5479]]}},{"type":"Feature","properties":{"name":"La Lède"},"geometry":{"type":"LineString","coordinates":[[0.8279,44.5479],[0.8260,44.5470]]}},{"type":"Feature","properties":{"name":"La Lède"},"geometry":{"type":"LineString","coordinates":[[0.8284,44.5482],[0.8280,44.5480]]}},{"type":"Feature","properties":{"name":"Le Maumont"},"geometry":{"type":"LineString","coordinates":[[1.4889,45.1889],[1.4884,45.1870],[1.4912,45.1827],[1.4898,45.1769],[1.4872,45.1734],[1.4842,45.1727],[1.4845,45.1715],[1.4832,45.1718],[1.4829,45.1703],[1.4782,45.1692],[1.4773,45.1667],[1.4782,45.1656],[1.4764,45.1645]]}},{"type":"Feature","properties":{"name":"Le Maumont"},"geometry":{"type":"LineString","coordinates":[[1.4759,45.1641],[1.4723,45.1644],[1.4692,45.1660]]}},{"type":"Feature","properties":{"name":"Le Maumont"},"geometry":{"type":"LineString","coordinates":[[1.4762,45.1643],[1.4759,45.1641]]}},{"type":"Feature","properties":{"name":"Le Maumont"},"geometry":{"type":"LineString","coordinates":[[1.4763,45.1645],[1.4762,45.1643]]}},{"type":"Feature","properties":{"name":"Le Maumont"},"geometry":{"type":"LineString","coordinates":[[1.4764,45.1645],[1.4763,45.1645]]}},{"type":"Feature","properties":{"name":"La Lémance"},"geometry":{"type":"LineString","coordinates":[[1.0354,44.6054],[1.0354,44.6054]]}},{"type":"Feature","properties":{"name":"La Lémance"},"geometry":{"type":"LineString","coordinates":[[1.0378,44.6059],[1.0354,44.6054]]}},{"type":"Feature","properties":{"name":"La Lémance"},"geometry":{"type":"LineString","coordinates":[[1.0354,44.6054],[1.0310,44.6048],[1.0272,44.6012],[1.0237,44.5994],[1.0240,44.5976],[1.0230,44.5960],[1.0240,44.5949],[1.0232,44.5936],[1.0206,44.5939],[1.0139,44.5911],[1.0091,44.5845],[1.0067,44.5843],[1.0046,44.5826],[0.9988,44.5808],[0.9936,44.5812],[0.9843,44.5766],[0.9779,44.5770],[0.9694,44.5742],[0.9637,44.5755],[0.9589,44.5747],[0.9553,44.5705],[0.9556,44.5660],[0.9534,44.5649],[0.9505,44.5607],[0.9460,44.5492],[0.9492,44.5456],[0.9485,44.5446],[0.9453,44.5439]]}},{"type":"Feature","properties":{"name":"La Vieille Boëme"},"geometry":{"type":"LineString","coordinates":[[0.1121,45.5622],[0.0924,45.5748],[0.0911,45.5762],[0.0915,45.5787]]}},{"type":"Feature","properties":{"name":"La Vieille Boëme"},"geometry":{"type":"LineString","coordinates":[[0.0915,45.5787],[0.0913,45.5824],[0.0868,45.5838],[0.0863,45.5853],[0.0849,45.5856],[0.0846,45.5886],[0.0822,45.5907]]}},{"type":"Feature","properties":{"name":"La Vieille Boëme"},"geometry":{"type":"LineString","coordinates":[[0.0915,45.5787],[0.0915,45.5787]]}}]}