{"type":"FeatureCollection","features":[{"type":"Feature","properties":{"name":"Le Touyre"},"geometry":{"type":"LineString","coordinates":[[1.8222,42.9064],[1.8253,42.9079],[1.8256,42.9090],[1.8273,42.9087],[1.8284,42.9100],[1.8301,42.9101],[1.8337,42.9135],[1.8365,42.9136],[1.8371,42.9165],[1.8399,42.9193],[1.8393,42.9206],[1.8418,42.9233],[1.8420,42.9249],[1.8457,42.9249],[1.8456,42.9279],[1.8482,42.9317]]}},{"type":"Feature","properties":{"name":"Le Touyre"},"geometry":{"type":"LineString","coordinates":[[1.8482,42.9317],[1.8500,42.9354]]}},{"type":"Feature","properties":{"name":"Le Touyre"},"geometry":{"type":"LineString","coordinates":[[1.8500,42.9354],[1.8509,42.9375],[1.8499,42.9389],[1.8509,42.9413],[1.8538,42.9417],[1.8590,42.9482],[1.8607,42.9482],[1.8636,42.9508],[1.8627,42.9514],[1.8636,42.9527],[1.8625,42.9545]]}},{"type":"Feature","properties":{"name":"Le Touyre"},"geometry":{"type":"LineString","coordinates":[[1.8625,42.9545],[1.8613,42.9560],[1.8655,42.9582],[1.8660,42.9600],[1.8671,42.9598],[1.8687,42.9616],[1.8693,42.9637],[1.8723,42.9659],[1.8697,42.9707],[1.8707,42.9736],[1.8693,42.9757],[1.8710,42.9792],[1.8789,42.9798],[1.8783,42.9813],[1.8814,42.9819],[1.8808,42.9830],[1.8815,42.9836],[1.8853,42.9837],[1.8902,42.9852],[1.8898,42.9867],[1.8921,42.9874],[1.8929,42.9892],[1.8990,42.9892],[1.8996,42.9904],[1.8987,42.9911],[1.9007,42.9922],[1.9084,42.9916],[1.9135,42.9887],[1.9159,42.9900],[1.9163,42.9916],[1.9230,42.9914],[1.9212,42.9933],[1.9257,42.9956],[1.9257,42.9982],[1.9226,42.9990],[1.9238,43.0003]]}},{"type":"Feature","properties":{"name":"Le Touyre"},"geometry":{"type":"LineString","coordinates":[[1.9238,43.0003],[1.9194,43.0008],[1.9195,43.0026],[1.9166,43.0040],[1.9148,43.0063],[1.9168,43.0096],[1.9160,43.0133],[1.9145,43.0150],[1.9165,43.0171],[1.9171,43.0203],[1.9214,43.0228],[1.9208,43.0251],[1.9177,43.0261],[1.9215,43.0266],[1.9241,43.0291],[1.9235,43.0306],[1.9248,43.0332],[1.9232,43.0343],[1.9214,43.0343],[1.9231,43.0363],[1.9226,43.0387],[1.9263,43.0403],[1.9266,43.0419],[1.9286,43.0403],[1.9340,43.0403]]}},{"type":"Feature","properties":{"name":"Le Touyre"},"geometry":{"type":"LineString","coordinates":[[1.7569,42.8443],[1.7540,42.8528],[1.7513,42.8541],[1.7507,42.8561],[1.7484,42.8574],[1.7476,42.8626],[1.7523,42.8668],[1.7541,42.8667],[1.7583,42.8689],[1.7603,42.8726],[1.7708,42.8796],[1.7745,42.8839],[1.7747,42.8861],[1.7779,42.8893],[1.7862,42.8924],[1.7908,42.8924],[1.7977,42.8970]]}},{"type":"Feature","properties":{"name":"Le Touyre"},"geometry":{"type":"LineString","coordinates":[[1.7977,42.8970],[1.7988,42.8983],[1.8020,42.8988],[1.8106,42.9028],[1.8222,42.9064]]}},{"type":"Feature","properties":{"name":"L\u0027Ariège"},"geometry":{"type":"LineString","coordinates":[[1.7486,42.7661],[1.7453,42.7666],[1.7403,42.7709],[1.7375,42.7708],[1.7327,42.7730],[1.7243,42.7749],[1.7175,42.7725],[1.7139,42.7734],[1.7112,42.7727],[1.7031,42.7759],[1.6981,42.7757],[1.6970,42.7798],[1.6945,42.7807],[1.6935,42.7860],[1.6908,42.7870],[1.6902,42.7888],[1.6863,42.7897],[1.6833,42.7888],[1.6824,42.7904],[1.6792,42.7907],[1.6788,42.7928],[1.6763,42.7948],[1.6753,42.7973],[1.6728,42.7980],[1.6716,42.7994],[1.6679,42.7992],[1.6643,42.8007],[1.6576,42.8010],[1.6487,42.8063],[1.6439,42.8077],[1.6424,42.8096],[1.6364,42.8131],[1.6346,42.8161],[1.6298,42.8158],[1.6235,42.8188],[1.6208,42.8240],[1.6164,42.8277],[1.6153,42.8299],[1.6125,42.8307],[1.6116,42.8322],[1.6088,42.8325],[1.6084,42.8379],[1.6118,42.8410],[1.6079,42.8433],[1.6049,42.8476],[1.6015,42.8502],[1.5996,42.8545],[1.6004,42.8574],[1.6047,42.8632],[1.6101,42.8682],[1.6117,42.8684],[1.6138,42.8669],[1.6247,42.8746],[1.6250,42.8783],[1.6239,42.8836],[1.6267,42.8850],[1.6305,42.8888],[1.6309,42.8941],[1.6343,42.8986],[1.6374,42.9003],[1.6405,42.9050],[1.6410,42.9075],[1.6410,42.9127],[1.6394,42.9151],[1.6361,42.9170],[1.6324,42.9208],[1.6313,42.9239],[1.6323,42.9269],[1.6298,42.9299],[1.6266,42.9316],[1.6208,42.9315],[1.6182,42.9332],[1.6212,42.9440]]}},{"type":"Feature","properties":{"name":"L\u0027Ariège"},"geometry":{"type":"LineString","coordinates":[[1.6212,42.9440],[1.6211,42.9495],[1.6223,42.9557],[1.6202,42.9571],[1.6150,42.9568],[1.6127,42.9586],[1.6122,42.9629],[1.6063,42.9682],[1.6050,42.9730],[1.6055,42.9741],[1.6044,42.9755],[1.6053,42.9788],[1.6099,42.9799],[1.6150,42.9861],[1.6130,42.9899],[1.6150,42.9935],[1.6137,42.9956],[1.6139,42.9992],[1.6128,43.0023]]}},{"type":"Feature","properties":{"name":"L\u0027Ariège"},"geometry":{"type":"LineString","coordinates":[[1.6117,43.0226],[1.6057,43.0252],[1.6084,43.0288],[1.6078,43.0301],[1.6042,43.0315],[1.6055,43.0337],[1.6111,43.0363],[1.6144,43.0358],[1.6193,43.0377],[1.6214,43.0400],[1.6228,43.0449],[1.6379,43.0503],[1.6385,43.0519],[1.6314,43.0550],[1.6252,43.0540],[1.6239,43.0568],[1.6262,43.0612],[1.6256,43.0631],[1.6184,43.0638],[1.6158,43.0653],[1.6164,43.0670],[1.6207,43.0686],[1.6221,43.0706],[1.6220,43.0719],[1.6200,43.0735],[1.6215,43.0758],[1.6199,43.0797],[1.6208,43.0833],[1.6203,43.0851],[1.6167,43.0863],[1.6089,43.0842],[1.6067,43.0857]]}},{"type":"Feature","properties":{"name":"L\u0027Ariège"},"geometry":{"type":"LineString","coordinates":[[1.6121,43.0103],[1.6090,43.0126],[1.6087,43.0181],[1.6117,43.0226]]}},{"type":"Feature","properties":{"name":"L\u0027Ariège"},"geometry":{"type":"LineString","coordinates":[[1.6067,43.0857],[1.6084,43.0877],[1.6119,43.0890],[1.6137,43.0935],[1.6161,43.0956],[1.6157,43.0983],[1.6129,43.0990],[1.6115,43.1006],[1.6169,43.1062],[1.6156,43.1072],[1.6082,43.1053],[1.6044,43.1064],[1.6026,43.1096],[1.6053,43.1116],[1.6052,43.1131],[1.6029,43.1157],[1.5964,43.1200],[1.5990,43.1228],[1.6030,43.1233],[1.6067,43.1254]]}},{"type":"Feature","properties":{"name":"L\u0027Ariège"},"geometry":{"type":"LineString","coordinates":[[1.5928,43.1511],[1.5872,43.1561],[1.5887,43.1607],[1.5869,43.1634],[1.5889,43.1644],[1.5934,43.1622],[1.5968,43.1625],[1.5968,43.1657],[1.5951,43.1680],[1.5912,43.1690],[1.5928,43.1714],[1.5970,43.1738],[1.6009,43.1784],[1.5975,43.1808],[1.6007,43.1852],[1.5987,43.1886],[1.6000,43.1908],[1.5989,43.1936],[1.6027,43.2023],[1.5980,43.2065],[1.5970,43.2085],[1.5991,43.2172],[1.5988,43.2189],[1.5929,43.2228],[1.5900,43.2207],[1.5875,43.2216],[1.5862,43.2235],[1.5864,43.2258],[1.5813,43.2282],[1.5767,43.2335],[1.5816,43.2475],[1.5769,43.2489],[1.5746,43.2533],[1.5696,43.2563],[1.5699,43.2578],[1.5736,43.2619],[1.5738,43.2652],[1.5726,43.2671],[1.5676,43.2693],[1.5680,43.2719],[1.5708,43.2747],[1.5717,43.2778],[1.5694,43.2796],[1.5634,43.2818],[1.5619,43.2836],[1.5617,43.2858],[1.5646,43.2905],[1.5644,43.2923],[1.5573,43.2958],[1.5567,43.2970],[1.5578,43.2984],[1.5577,43.3000],[1.5527,43.3055],[1.5439,43.3081],[1.5427,43.3101],[1.5386,43.3125],[1.5288,43.3088],[1.5219,43.3093],[1.5172,43.3109],[1.5157,43.3137],[1.5167,43.3203],[1.5152,43.3248],[1.5117,43.3268],[1.5049,43.3266],[1.5027,43.3274],[1.4998,43.3305],[1.4995,43.3347]]}},{"type":"Feature","properties":{"name":"L\u0027Ariège"},"geometry":{"type":"LineString","coordinates":[[1.4995,43.3347],[1.4993,43.3373],[1.4966,43.3386],[1.4899,43.3363],[1.4864,43.3361],[1.4813,43.3392],[1.4765,43.3443],[1.4754,43.3509],[1.4737,43.3546],[1.4741,43.3624],[1.4717,43.3657],[1.4650,43.3709],[1.4575,43.3733],[1.4541,43.3891],[1.4515,43.3905]]}},{"type":"Feature","properties":{"name":"L\u0027Ariège"},"geometry":{"type":"LineString","coordinates":[[1.4515,43.3905],[1.4423,43.3931],[1.4396,43.3957]]}},{"type":"Feature","properties":{"name":"L\u0027Ariège"},"geometry":{"type":"LineString","coordinates":[[1.8019,42.5911],[1.8048,42.5945],[1.8064,42.5949],[1.8084,42.5987],[1.8101,42.5997],[1.8124,42.6054],[1.8168,42.6104],[1.8181,42.6146],[1.8198,42.6165],[1.8197,42.6206],[1.8220,42.6219],[1.8254,42.6277],[1.8257,42.6325],[1.8286,42.6354],[1.8316,42.6489],[1.8349,42.6523],[1.8356,42.6616],[1.8340,42.6646],[1.8359,42.6684],[1.8364,42.6734],[1.8356,42.6759],[1.8310,42.6792],[1.8277,42.6832],[1.8242,42.6842],[1.8226,42.6864],[1.8246,42.6878],[1.8260,42.6920],[1.8274,42.6930],[1.8304,42.6924],[1.8334,42.6958],[1.8342,42.6979],[1.8329,42.7008],[1.8360,42.7057],[1.8347,42.7069],[1.8374,42.7121],[1.8348,42.7179],[1.8365,42.7194]]}},{"type":"Feature","properties":{"name":"L\u0027Ariège"},"geometry":{"type":"LineString","coordinates":[[1.4396,43.3957],[1.4389,43.3988],[1.4397,43.4002],[1.4458,43.4036],[1.4410,43.4139],[1.4398,43.4229],[1.4373,43.4308],[1.4384,43.4359],[1.4361,43.4390],[1.4322,43.4415],[1.4315,43.4436],[1.4259,43.4480],[1.4270,43.4510],[1.4315,43.4533],[1.4326,43.4553],[1.4309,43.4568],[1.4209,43.4600],[1.4191,43.4635],[1.4186,43.4669],[1.4197,43.4723],[1.4186,43.4754],[1.4054,43.4850],[1.4061,43.4866],[1.4123,43.4891],[1.4128,43.4910],[1.4096,43.4965],[1.4054,43.5007],[1.3986,43.5031],[1.3959,43.5056],[1.3960,43.5075],[1.3969,43.5081],[1.4035,43.5088],[1.4073,43.5115],[1.4097,43.5187]]}},{"type":"Feature","properties":{"name":"L\u0027Ariège"},"geometry":{"type":"LineString","coordinates":[[1.6102,43.0232],[1.6077,43.0231],[1.6066,43.0245]]}},{"type":"Feature","properties":{"name":"L\u0027Ariège"},"geometry":{"type":"LineString","coordinates":[[1.6078,43.0301],[1.6053,43.0334]]}},{"type":"Feature","properties":{"name":"L\u0027Ariège"},"geometry":{"type":"LineString","coordinates":[[1.6200,42.9396],[1.6209,42.9431]]}},{"type":"Feature","properties":{"name":"L\u0027Ariège"},"geometry":{"type":"LineString","coordinates":[[1.5493,43.3067],[1.5427,43.3101]]}},{"type":"Feature","properties":{"name":"L\u0027Ariège"},"geometry":{"type":"LineString","coordinates":[[1.6117,43.1064],[1.6101,43.1052],[1.6082,43.1053]]}},{"type":"Feature","properties":{"name":"L\u0027Ariège"},"geometry":{"type":"LineString","coordinates":[[1.6131,43.0084],[1.6121,43.0103]]}},{"type":"Feature","properties":{"name":"L\u0027Ariège"},"geometry":{"type":"LineString","coordinates":[[1.6128,43.0023],[1.6131,43.0084]]}},{"type":"Feature","properties":{"name":"L\u0027Ariège"},"geometry":{"type":"LineString","coordinates":[[1.6000,43.1232],[1.6040,43.1241]]}},{"type":"Feature","properties":{"name":"L\u0027Ariège"},"geometry":{"type":"LineString","coordinates":[[1.7937,42.7379],[1.7802,42.7445],[1.7794,42.7474],[1.7753,42.7533],[1.7729,42.7548],[1.7710,42.7544],[1.7723,42.7577],[1.7697,42.7585],[1.7682,42.7603],[1.7660,42.7606],[1.7657,42.7617],[1.7617,42.7620],[1.7571,42.7656],[1.7514,42.7669],[1.7486,42.7661]]}},{"type":"Feature","properties":{"name":"L\u0027Ariège"},"geometry":{"type":"LineString","coordinates":[[1.5936,43.1421],[1.5911,43.1445],[1.5948,43.1486],[1.5928,43.1511]]}},{"type":"Feature","properties":{"name":"L\u0027Ariège"},"geometry":{"type":"LineString","coordinates":[[1.6067,43.1254],[1.6076,43.1264],[1.6073,43.1277],[1.6013,43.1329],[1.5985,43.1320],[1.5970,43.1330],[1.5992,43.1388],[1.5936,43.1421]]}},{"type":"Feature","properties":{"name":"L\u0027Ariège"},"geometry":{"type":"LineString","coordinates":[[1.5708,43.2747],[1.5713,43.2762]]}},{"type":"Feature","properties":{"name":"L\u0027Ariège"},"geometry":{"type":"LineString","coordinates":[[1.8365,42.7194],[1.8365,42.7219],[1.8284,42.7273],[1.8198,42.7278],[1.8153,42.7264],[1.8113,42.7267],[1.8081,42.7284],[1.8061,42.7326],[1.8029,42.7326],[1.8010,42.7350],[1.7942,42.7374]]}},{"type":"Feature","properties":{"name":"L\u0027Estrique"},"geometry":{"type":"LineString","coordinates":[[1.5648,43.1380],[1.5657,43.1398],[1.5674,43.1397],[1.5682,43.1411],[1.5699,43.1399],[1.5735,43.1411],[1.5748,43.1423],[1.5737,43.1436],[1.5772,43.1439],[1.5775,43.1453],[1.5766,43.1461],[1.5787,43.1466],[1.5789,43.1487],[1.5778,43.1488],[1.5780,43.1494],[1.5827,43.1492],[1.5818,43.1508],[1.5833,43.1520],[1.5856,43.1517],[1.5861,43.1549],[1.5875,43.1557]]}},{"type":"Feature","properties":{"name":"L\u0027Estrique"},"geometry":{"type":"LineString","coordinates":[[1.5513,43.1151],[1.5521,43.1156],[1.5512,43.1163],[1.5521,43.1174],[1.5500,43.1198],[1.5510,43.1223],[1.5522,43.1224],[1.5514,43.1251],[1.5534,43.1254],[1.5536,43.1280],[1.5553,43.1281],[1.5561,43.1290],[1.5555,43.1294],[1.5584,43.1300],[1.5593,43.1318],[1.5609,43.1316],[1.5614,43.1355],[1.5633,43.1356],[1.5636,43.1373],[1.5653,43.1370],[1.5648,43.1380]]}},{"type":"Feature","properties":{"name":"Arriu de Toran"},"geometry":{"type":"LineString","coordinates":[[0.8267,42.8153],[0.8212,42.8174],[0.8165,42.8169],[0.8041,42.8191],[0.7943,42.8241],[0.7907,42.8250],[0.7710,42.8246],[0.7575,42.8271],[0.7558,42.8284],[0.7476,42.8293],[0.7454,42.8309],[0.7453,42.8326],[0.7401,42.8343],[0.7333,42.8346],[0.7312,42.8366]]}},{"type":"Feature","properties":{"name":"L\u0027Hers-Mort"},"geometry":{"type":"LineString","coordinates":[[1.5656,43.4713],[1.5613,43.4739],[1.5521,43.4861],[1.5415,43.5082],[1.5208,43.5261],[1.4973,43.5508],[1.4946,43.5578],[1.4945,43.5660],[1.4952,43.5708],[1.4990,43.5773],[1.4996,43.5812],[1.4955,43.5899],[1.4934,43.5975],[1.4859,43.6047],[1.4856,43.6101],[1.4797,43.6288],[1.4786,43.6354]]}},{"type":"Feature","properties":{"name":"L\u0027Hers-Mort"},"geometry":{"type":"LineString","coordinates":[[1.4682,43.6472],[1.4673,43.6510],[1.4687,43.6521],[1.4687,43.6551],[1.4653,43.6595],[1.4599,43.6608]]}},{"type":"Feature","properties":{"name":"L\u0027Hers-Mort"},"geometry":{"type":"LineString","coordinates":[[1.6617,43.4265],[1.6454,43.4321],[1.6345,43.4344],[1.6033,43.4567],[1.5656,43.4713]]}},{"type":"Feature","properties":{"name":"L\u0027Hers-Mort"},"geometry":{"type":"LineString","coordinates":[[1.7036,43.3936],[1.6972,43.4011],[1.6921,43.4040],[1.6897,43.4072],[1.6857,43.4166],[1.6821,43.4200],[1.6617,43.4265]]}},{"type":"Feature","properties":{"name":"L\u0027Hers-Mort"},"geometry":{"type":"LineString","coordinates":[[1.3632,43.7643],[1.3310,43.7754],[1.3290,43.7757],[1.3259,43.7745]]}},{"type":"Feature","properties":{"name":"L\u0027Hers-Mort"},"geometry":{"type":"LineString","coordinates":[[1.3890,43.7334],[1.3873,43.7350],[1.3865,43.7373],[1.3868,43.7410],[1.3806,43.7507],[1.3810,43.7528],[1.3787,43.7538],[1.3791,43.7551],[1.3767,43.7570],[1.3688,43.7600],[1.3632,43.7643]]}},{"type":"Feature","properties":{"name":"L\u0027Hers-Mort"},"geometry":{"type":"LineString","coordinates":[[1.7105,43.3838],[1.7087,43.3863]]}},{"type":"Feature","properties":{"name":"L\u0027Hers-Mort"},"geometry":{"type":"LineString","coordinates":[[1.7087,43.3863],[1.7036,43.3936]]}},{"type":"Feature","properties":{"name":"L\u0027Hers-Mort"},"geometry":{"type":"LineString","coordinates":[[1.7489,43.3497],[1.7490,43.3516],[1.7469,43.3518],[1.7432,43.3550],[1.7435,43.3563],[1.7415,43.3562],[1.7410,43.3571],[1.7389,43.3572],[1.7381,43.3584],[1.7335,43.3595],[1.7354,43.3606],[1.7351,43.3615],[1.7302,43.3628],[1.7235,43.3677],[1.7105,43.3838]]}},{"type":"Feature","properties":{"name":"L\u0027Hers-Mort"},"geometry":{"type":"LineString","coordinates":[[1.4786,43.6354],[1.4777,43.6412],[1.4761,43.6423]]}},{"type":"Feature","properties":{"name":"L\u0027Hers-Mort"},"geometry":{"type":"LineString","coordinates":[[1.4568,43.6622],[1.4446,43.6661],[1.4403,43.6694],[1.4388,43.6756],[1.4375,43.6774],[1.4256,43.6869],[1.4261,43.6901],[1.4253,43.6925],[1.4108,43.7040],[1.4100,43.7162],[1.4051,43.7183],[1.4036,43.7210],[1.4042,43.7257],[1.4029,43.7277],[1.3890,43.7334]]}},{"type":"Feature","properties":{"name":"L\u0027Hers-Mort"},"geometry":{"type":"LineString","coordinates":[[1.4599,43.6608],[1.4568,43.6622]]}},{"type":"Feature","properties":{"name":"L\u0027Hers-Mort"},"geometry":{"type":"LineString","coordinates":[[1.4761,43.6423],[1.4742,43.6439],[1.4714,43.6443],[1.4682,43.6472]]}},{"type":"Feature","properties":{"name":"L\u0027Hers-Mort"},"geometry":{"type":"LineString","coordinates":[[1.7676,43.3084],[1.7582,43.3190],[1.7543,43.3326],[1.7543,43.3341],[1.7556,43.3354],[1.7525,43.3363],[1.7520,43.3376],[1.7531,43.3386],[1.7528,43.3399],[1.7506,43.3412],[1.7492,43.3437],[1.7500,43.3451],[1.7490,43.3461],[1.7504,43.3473],[1.7489,43.3497]]}},{"type":"Feature","properties":{"name":"L\u0027Hers-Mort"},"geometry":{"type":"LineString","coordinates":[[1.8787,43.2600],[1.8715,43.2593],[1.8673,43.2600],[1.8561,43.2631],[1.8465,43.2675],[1.8427,43.2676],[1.8387,43.2691],[1.8310,43.2694],[1.8288,43.2710],[1.8256,43.2715],[1.8244,43.2731],[1.8198,43.2757],[1.8179,43.2784],[1.8092,43.2825],[1.7954,43.2911],[1.7924,43.2954],[1.7851,43.2960],[1.7758,43.3002],[1.7676,43.3084]]}},{"type":"Feature","properties":{"name":"L\u0027Hers-Mort"},"geometry":{"type":"LineString","coordinates":[[1.9503,43.2257],[1.9428,43.2282]]}},{"type":"Feature","properties":{"name":"L\u0027Hers-Mort"},"geometry":{"type":"LineString","coordinates":[[1.9316,43.2357],[1.9315,43.2357]]}},{"type":"Feature","properties":{"name":"L\u0027Hers-Mort"},"geometry":{"type":"LineString","coordinates":[[1.9383,43.2328],[1.9316,43.2357]]}},{"type":"Feature","properties":{"name":"L\u0027Hers-Mort"},"geometry":{"type":"LineString","coordinates":[[1.9384,43.2327],[1.9383,43.2328]]}},{"type":"Feature","properties":{"name":"L\u0027Hers-Mort"},"geometry":{"type":"LineString","coordinates":[[1.9315,43.2357],[1.9256,43.2393]]}},{"type":"Feature","properties":{"name":"L\u0027Hers-Mort"},"geometry":{"type":"LineString","coordinates":[[1.9256,43.2393],[1.9255,43.2394]]}},{"type":"Feature","properties":{"name":"L\u0027Hers-Mort"},"geometry":{"type":"LineString","coordinates":[[1.9427,43.2283],[1.9384,43.2327]]}},{"type":"Feature","properties":{"name":"L\u0027Hers-Mort"},"geometry":{"type":"LineString","coordinates":[[1.9428,43.2282],[1.9427,43.2283]]}},{"type":"Feature","properties":{"name":"L\u0027Hers-Mort"},"geometry":{"type":"LineString","coordinates":[[1.9255,43.2394],[1.9079,43.2468],[1.8929,43.2554],[1.8788,43.2600]]}},{"type":"Feature","properties":{"name":"L\u0027Hers-Mort"},"geometry":{"type":"LineString","coordinates":[[1.8788,43.2600],[1.8787,43.2600]]}},{"type":"Feature","properties":{"name":"Arriu Garona"},"geometry":{"type":"LineString","coordinates":[[0.9359,42.7055],[0.9342,42.7036],[0.9303,42.7037],[0.9249,42.7011],[0.9206,42.7008],[0.9197,42.6999],[0.9153,42.7009],[0.9137,42.7023],[0.9036,42.7059],[0.8975,42.7056],[0.8956,42.7065],[0.8881,42.7033],[0.8775,42.7024],[0.8719,42.6996],[0.8660,42.7003],[0.8619,42.6991],[0.8456,42.6986],[0.8408,42.7002],[0.8390,42.6987],[0.8371,42.6997],[0.8364,42.7012],[0.8335,42.7012],[0.8269,42.7003],[0.8239,42.6989],[0.8106,42.6977],[0.7981,42.7023],[0.7945,42.7073],[0.7970,42.7132],[0.7960,42.7176],[0.7934,42.7203],[0.7900,42.7210],[0.7895,42.7233],[0.7862,42.7238],[0.7850,42.7253],[0.7831,42.7255],[0.7822,42.7277],[0.7753,42.7310],[0.7749,42.7323],[0.7682,42.7333],[0.7640,42.7358],[0.7597,42.7354],[0.7579,42.7374],[0.7544,42.7369],[0.7505,42.7378],[0.7465,42.7362],[0.7348,42.7371],[0.7323,42.7383],[0.7290,42.7371],[0.7259,42.7385],[0.7195,42.7392],[0.7157,42.7410],[0.7069,42.7425],[0.7046,42.7456],[0.7012,42.7482],[0.6993,42.7486],[0.6998,42.7504],[0.6970,42.7531],[0.6968,42.7548],[0.6943,42.7572],[0.6918,42.7622],[0.6871,42.7660],[0.6864,42.7713],[0.6879,42.7726],[0.6855,42.7750],[0.6853,42.7764],[0.6909,42.7782],[0.6912,42.7820],[0.6945,42.7879],[0.6971,42.7893],[0.6990,42.7924],[0.6985,42.7944],[0.7018,42.7981],[0.7038,42.8034],[0.7073,42.8082],[0.7107,42.8098],[0.7121,42.8145],[0.7118,42.8173],[0.7161,42.8213],[0.7229,42.8245],[0.7259,42.8243],[0.7261,42.8271],[0.7279,42.8277],[0.7287,42.8305],[0.7316,42.8335],[0.7307,42.8364],[0.7327,42.8380],[0.7310,42.8411],[0.7317,42.8438],[0.7360,42.8490]]}},{"type":"Feature","properties":{"name":"Arriu Garona"},"geometry":{"type":"LineString","coordinates":[[0.9454,42.7096],[0.9360,42.7057]]}},{"type":"Feature","properties":{"name":"Arriu Garona"},"geometry":{"type":"LineString","coordinates":[[0.9360,42.7057],[0.9359,42.7055]]}},{"type":"Feature","properties":{"name":"Ruisseau du Rieu Tort"},"geometry":{"type":"LineString","coordinates":[[1.0653,43.4291],[1.0668,43.4299],[1.0687,43.4293],[1.0745,43.4304],[1.0832,43.4305],[1.0973,43.4331],[1.1053,43.4315],[1.1190,43.4250],[1.1238,43.4237],[1.1248,43.4224],[1.1286,43.4217],[1.1351,43.4186]]}},{"type":"Feature","properties":{"name":"Le Garbet"},"geometry":{"type":"LineString","coordinates":[[1.3707,42.7813],[1.3556,42.7842],[1.3520,42.7840],[1.3516,42.7854],[1.3440,42.7881],[1.3370,42.7890],[1.3311,42.7928],[1.3300,42.7941],[1.3306,42.7957],[1.3298,42.7968],[1.3257,42.7982],[1.3253,42.8008],[1.3223,42.8021],[1.3179,42.8090],[1.3127,42.8105],[1.3100,42.8138],[1.3038,42.8164],[1.3041,42.8187],[1.3011,42.8213],[1.3018,42.8245],[1.2991,42.8260],[1.2970,42.8291],[1.2955,42.8292],[1.2955,42.8306],[1.2935,42.8328],[1.2961,42.8379],[1.2921,42.8396],[1.2891,42.8426],[1.2898,42.8445],[1.2875,42.8464],[1.2863,42.8502],[1.2802,42.8517],[1.2692,42.8578],[1.2669,42.8581],[1.2652,42.8600],[1.2624,42.8585],[1.2618,42.8599],[1.2574,42.8612],[1.2552,42.8599],[1.2471,42.8594],[1.2465,42.8618],[1.2425,42.8619],[1.2413,42.8642],[1.2336,42.8626],[1.2321,42.8650],[1.2299,42.8654],[1.2287,42.8672],[1.2257,42.8676],[1.2209,42.8721],[1.2180,42.8729],[1.2183,42.8737],[1.2156,42.8774],[1.2164,42.8786],[1.2119,42.8823],[1.2110,42.8841]]}},{"type":"Feature","properties":{"name":"Le Garbet"},"geometry":{"type":"LineString","coordinates":[[1.3210,42.8042],[1.3209,42.8062],[1.3186,42.8078]]}},{"type":"Feature","properties":{"name":"L\u0027Ayguebelle"},"geometry":{"type":"LineString","coordinates":[[1.1761,43.5158],[1.1789,43.5168],[1.1908,43.5172],[1.1942,43.5192],[1.1980,43.5186],[1.2100,43.5215],[1.2124,43.5198],[1.2160,43.5207],[1.2162,43.5194],[1.2206,43.5176],[1.2383,43.5142],[1.2444,43.5200],[1.2479,43.5207]]}},{"type":"Feature","properties":{"name":"Le Girou"},"geometry":{"type":"LineString","coordinates":[[1.6288,43.6605],[1.6164,43.6671],[1.6135,43.6699],[1.6033,43.6731],[1.5862,43.6865],[1.5653,43.6949],[1.5605,43.6958],[1.5398,43.7048],[1.5265,43.7152],[1.5173,43.7200],[1.5131,43.7244]]}},{"type":"Feature","properties":{"name":"Le Girou"},"geometry":{"type":"LineString","coordinates":[[1.5131,43.7244],[1.5125,43.7249]]}},{"type":"Feature","properties":{"name":"Le Girou"},"geometry":{"type":"LineString","coordinates":[[1.4498,43.7490],[1.4467,43.7485],[1.4442,43.7508],[1.4412,43.7504],[1.4398,43.7515],[1.4356,43.7520],[1.4325,43.7530],[1.4305,43.7548],[1.4244,43.7544],[1.4095,43.7606],[1.4068,43.7601],[1.4032,43.7562],[1.4025,43.7570],[1.3967,43.7578],[1.3942,43.7573],[1.3923,43.7584],[1.3916,43.7616],[1.3881,43.7639],[1.3851,43.7639],[1.3816,43.7613],[1.3798,43.7610],[1.3774,43.7626],[1.3733,43.7625],[1.3731,43.7639],[1.3713,43.7644],[1.3627,43.7646]]}},{"type":"Feature","properties":{"name":"Le Girou"},"geometry":{"type":"LineString","coordinates":[[1.8282,43.5788],[1.8272,43.5788],[1.8271,43.5802],[1.8244,43.5811],[1.8195,43.5807],[1.8131,43.5825]]}},{"type":"Feature","properties":{"name":"Le Girou"},"geometry":{"type":"LineString","coordinates":[[1.7570,43.5999],[1.7514,43.6025]]}},{"type":"Feature","properties":{"name":"Le Girou"},"geometry":{"type":"LineString","coordinates":[[1.7586,43.5966],[1.7569,43.5984],[1.7570,43.5999]]}},{"type":"Feature","properties":{"name":"Le Girou"},"geometry":{"type":"LineString","coordinates":[[1.7717,43.5922],[1.7664,43.5928],[1.7586,43.5966]]}},{"type":"Feature","properties":{"name":"Le Girou"},"geometry":{"type":"LineString","coordinates":[[1.8131,43.5825],[1.7984,43.5846]]}},{"type":"Feature","properties":{"name":"Le Girou"},"geometry":{"type":"LineString","coordinates":[[1.7984,43.5846],[1.7892,43.5835],[1.7809,43.5873],[1.7791,43.5870],[1.7774,43.5904],[1.7717,43.5922]]}},{"type":"Feature","properties":{"name":"Le Girou"},"geometry":{"type":"LineString","coordinates":[[1.6978,43.6203],[1.6902,43.6242],[1.6860,43.6306],[1.6774,43.6341],[1.6726,43.6348],[1.6704,43.6375],[1.6647,43.6401],[1.6530,43.6418],[1.6457,43.6444],[1.6288,43.6605]]}},{"type":"Feature","properties":{"name":"Le Girou"},"geometry":{"type":"LineString","coordinates":[[1.7048,43.6178],[1.6978,43.6203]]}},{"type":"Feature","properties":{"name":"Le Girou"},"geometry":{"type":"LineString","coordinates":[[1.7514,43.6025],[1.7175,43.6160],[1.7048,43.6178]]}},{"type":"Feature","properties":{"name":"Le Girou"},"geometry":{"type":"LineString","coordinates":[[1.4500,43.7490],[1.4498,43.7490]]}},{"type":"Feature","properties":{"name":"Le Girou"},"geometry":{"type":"LineString","coordinates":[[1.5125,43.7249],[1.4972,43.7320],[1.4897,43.7341],[1.4883,43.7360],[1.4887,43.7374],[1.4798,43.7404],[1.4760,43.7432],[1.4602,43.7461],[1.4570,43.7458],[1.4534,43.7483],[1.4500,43.7490]]}},{"type":"Feature","properties":{"name":"Le Girou"},"geometry":{"type":"LineString","coordinates":[[1.7773,43.5905],[1.7761,43.5911]]}},{"type":"Feature","properties":{"name":"Le Gers"},"geometry":{"type":"LineString","coordinates":[[0.6204,43.7248],[0.6175,43.7272],[0.6177,43.7315],[0.6204,43.7339],[0.6173,43.7376]]}},{"type":"Feature","properties":{"name":"Le Gers"},"geometry":{"type":"LineString","coordinates":[[0.6636,43.8784],[0.6624,43.8789],[0.6610,43.8781],[0.6617,43.8801],[0.6640,43.8809],[0.6627,43.8829],[0.6637,43.8852],[0.6614,43.8847],[0.6609,43.8869],[0.6587,43.8865],[0.6587,43.8883],[0.6574,43.8896],[0.6551,43.8891],[0.6522,43.8906],[0.6518,43.8923],[0.6506,43.8914],[0.6481,43.8917],[0.6460,43.8938],[0.6489,43.8983]]}},{"type":"Feature","properties":{"name":"Le Gers"},"geometry":{"type":"LineString","coordinates":[[0.6570,43.8076],[0.6590,43.8094],[0.6630,43.8104],[0.6627,43.8125],[0.6681,43.8141],[0.6648,43.8149],[0.6654,43.8157]]}},{"type":"Feature","properties":{"name":"Le Gers"},"geometry":{"type":"LineString","coordinates":[[0.6174,43.7750],[0.6154,43.7759],[0.6176,43.7766],[0.6156,43.7788],[0.6147,43.7809],[0.6154,43.7812]]}},{"type":"Feature","properties":{"name":"Le Gers"},"geometry":{"type":"LineString","coordinates":[[0.6111,43.7607],[0.6116,43.7636],[0.6128,43.7635],[0.6129,43.7644],[0.6145,43.7652],[0.6130,43.7675],[0.6132,43.7693],[0.6152,43.7684]]}},{"type":"Feature","properties":{"name":"Le Gers"},"geometry":{"type":"LineString","coordinates":[[0.6722,43.8286],[0.6727,43.8297],[0.6717,43.8313],[0.6741,43.8332],[0.6748,43.8358],[0.6731,43.8377],[0.6748,43.8397],[0.6731,43.8399],[0.6730,43.8417],[0.6710,43.8423],[0.6705,43.8446],[0.6719,43.8460],[0.6707,43.8505],[0.6717,43.8511],[0.6694,43.8523],[0.6712,43.8539],[0.6674,43.8548],[0.6683,43.8560],[0.6678,43.8577],[0.6659,43.8582],[0.6657,43.8599],[0.6666,43.8613],[0.6649,43.8619],[0.6650,43.8635],[0.6640,43.8637],[0.6670,43.8650],[0.6661,43.8659],[0.6675,43.8665],[0.6671,43.8701],[0.6645,43.8714],[0.6620,43.8711]]}},{"type":"Feature","properties":{"name":"Le Gers"},"geometry":{"type":"LineString","coordinates":[[0.6162,43.5755],[0.6157,43.5765],[0.6169,43.5790],[0.6156,43.5821],[0.6165,43.5830],[0.6177,43.5822],[0.6189,43.5836],[0.6194,43.5864],[0.6183,43.5878],[0.6193,43.5886],[0.6188,43.5903],[0.6172,43.5912],[0.6130,43.5922],[0.6142,43.5941],[0.6141,43.5963]]}},{"type":"Feature","properties":{"name":"Le Gers"},"geometry":{"type":"LineString","coordinates":[[0.6406,43.9039],[0.6414,43.9046],[0.6409,43.9056],[0.6431,43.9063],[0.6404,43.9068],[0.6403,43.9081],[0.6381,43.9070],[0.6364,43.9088],[0.6369,43.9102],[0.6346,43.9094],[0.6343,43.9125],[0.6325,43.9128],[0.6288,43.9183],[0.6265,43.9191],[0.6248,43.9216],[0.6197,43.9217],[0.6184,43.9232],[0.6154,43.9238],[0.6120,43.9267],[0.6132,43.9280],[0.6103,43.9303],[0.6113,43.9346],[0.6099,43.9359],[0.6101,43.9371],[0.6077,43.9388],[0.6079,43.9402],[0.6099,43.9413],[0.6087,43.9422],[0.6088,43.9441],[0.6075,43.9442],[0.6086,43.9450],[0.6073,43.9462],[0.6081,43.9472],[0.6064,43.9482],[0.6074,43.9495],[0.6066,43.9517],[0.6038,43.9520],[0.6051,43.9527],[0.6044,43.9535],[0.6066,43.9540],[0.6036,43.9558],[0.6052,43.9581],[0.6040,43.9586],[0.6055,43.9592],[0.6035,43.9597],[0.6036,43.9608],[0.6012,43.9621]]}},{"type":"Feature","properties":{"name":"Le Gers"},"geometry":{"type":"LineString","coordinates":[[0.6273,43.7911],[0.6292,43.7905],[0.6330,43.7925],[0.6360,43.7957],[0.6377,43.7962],[0.6379,43.7986],[0.6413,43.7992],[0.6410,43.8004],[0.6434,43.7997],[0.6455,43.8009],[0.6474,43.7997],[0.6525,43.8037]]}},{"type":"Feature","properties":{"name":"Le Gers"},"geometry":{"type":"LineString","coordinates":[[0.6173,43.7376],[0.6180,43.7382],[0.6171,43.7424],[0.6183,43.7434],[0.6179,43.7446]]}},{"type":"Feature","properties":{"name":"Le Gers"},"geometry":{"type":"LineString","coordinates":[[0.6141,43.5963],[0.6149,43.5978],[0.6138,43.5981],[0.6136,43.5997],[0.6100,43.6010],[0.6080,43.6049],[0.6065,43.6056],[0.6026,43.6050],[0.6000,43.6070],[0.6007,43.6076],[0.5994,43.6088],[0.5955,43.6076],[0.5947,43.6138],[0.5898,43.6166],[0.5903,43.6182],[0.5885,43.6173],[0.5871,43.6176],[0.5875,43.6187]]}},{"type":"Feature","properties":{"name":"Le Gers"},"geometry":{"type":"LineString","coordinates":[[0.6155,43.5731],[0.6148,43.5738],[0.6162,43.5755]]}},{"type":"Feature","properties":{"name":"Le Gers"},"geometry":{"type":"LineString","coordinates":[[0.5869,43.4679],[0.5874,43.4689],[0.5895,43.4695],[0.5883,43.4704],[0.5891,43.4716],[0.5886,43.4757],[0.5911,43.4765],[0.5906,43.4779],[0.5918,43.4783],[0.5906,43.4793],[0.5915,43.4804],[0.5950,43.4803],[0.5981,43.4839],[0.5972,43.4867],[0.5953,43.4873],[0.5937,43.4903],[0.5968,43.4925],[0.5994,43.4916],[0.6020,43.4922],[0.6010,43.4939],[0.6029,43.4956],[0.6004,43.4988],[0.6025,43.4990],[0.6017,43.5003],[0.6031,43.5014],[0.6023,43.5046],[0.6063,43.5061],[0.6062,43.5094],[0.6039,43.5113],[0.6066,43.5139],[0.6049,43.5156],[0.6080,43.5175],[0.6069,43.5186],[0.6082,43.5189],[0.6084,43.5205],[0.6122,43.5216],[0.6115,43.5230],[0.6131,43.5246],[0.6114,43.5255],[0.6114,43.5281],[0.6104,43.5291],[0.6128,43.5317],[0.6148,43.5323],[0.6137,43.5340],[0.6148,43.5344],[0.6131,43.5366],[0.6147,43.5374],[0.6142,43.5380],[0.6150,43.5391],[0.6155,43.5447],[0.6149,43.5470],[0.6164,43.5490],[0.6154,43.5497],[0.6164,43.5507],[0.6199,43.5509],[0.6168,43.5533],[0.6180,43.5538],[0.6185,43.5561],[0.6199,43.5562],[0.6160,43.5606],[0.6171,43.5625],[0.6156,43.5631],[0.6164,43.5654],[0.6155,43.5731]]}},{"type":"Feature","properties":{"name":"Le Gers"},"geometry":{"type":"LineString","coordinates":[[0.5092,43.2480],[0.5112,43.2490],[0.5107,43.2513],[0.5120,43.2519],[0.5118,43.2532],[0.5139,43.2532],[0.5139,43.2557],[0.5155,43.2575],[0.5149,43.2586],[0.5171,43.2589],[0.5172,43.2616],[0.5215,43.2652],[0.5200,43.2662],[0.5211,43.2673],[0.5198,43.2701]]}},{"type":"Feature","properties":{"name":"Le Gers"},"geometry":{"type":"LineString","coordinates":[[0.4587,43.1649],[0.4618,43.1717],[0.4639,43.1721],[0.4631,43.1738],[0.4637,43.1760],[0.4659,43.1773]]}},{"type":"Feature","properties":{"name":"Le Gers"},"geometry":{"type":"LineString","coordinates":[[0.5198,43.2701],[0.5224,43.2699],[0.5248,43.2715],[0.5280,43.2718],[0.5297,43.2734],[0.5314,43.2730],[0.5383,43.2775],[0.5378,43.2786],[0.5403,43.2807],[0.5407,43.2825],[0.5435,43.2834],[0.5445,43.2847],[0.5423,43.2891],[0.5432,43.2891],[0.5445,43.2915],[0.5437,43.2929]]}},{"type":"Feature","properties":{"name":"Le Gers"},"geometry":{"type":"LineString","coordinates":[[0.4904,43.2314],[0.4931,43.2337],[0.4975,43.2350],[0.4985,43.2369],[0.5000,43.2370],[0.4984,43.2392],[0.4999,43.2390],[0.5019,43.2417],[0.5017,43.2434],[0.5035,43.2432],[0.5040,43.2443],[0.5089,43.2464],[0.5092,43.2480]]}},{"type":"Feature","properties":{"name":"Le Gers"},"geometry":{"type":"LineString","coordinates":[[0.5848,43.4549],[0.5873,43.4560],[0.5860,43.4572],[0.5859,43.4599],[0.5869,43.4611],[0.5858,43.4627],[0.5878,43.4636],[0.5885,43.4655],[0.5867,43.4664],[0.5869,43.4679]]}},{"type":"Feature","properties":{"name":"Le Gers"},"geometry":{"type":"LineString","coordinates":[[0.5677,43.3825],[0.5691,43.3845],[0.5681,43.3856],[0.5698,43.3863],[0.5700,43.3894],[0.5732,43.3911],[0.5725,43.3922],[0.5754,43.3935],[0.5771,43.3959],[0.5750,43.3983],[0.5778,43.4000],[0.5800,43.4032],[0.5792,43.4073],[0.5782,43.4082],[0.5798,43.4096],[0.5792,43.4131],[0.5823,43.4147],[0.5815,43.4173],[0.5824,43.4185],[0.5816,43.4192],[0.5837,43.4197],[0.5851,43.4214],[0.5838,43.4233],[0.5860,43.4257],[0.5852,43.4278],[0.5869,43.4314],[0.5857,43.4336],[0.5840,43.4343],[0.5848,43.4377],[0.5823,43.4379],[0.5842,43.4396],[0.5823,43.4504],[0.5848,43.4549]]}},{"type":"Feature","properties":{"name":"Le Gers"},"geometry":{"type":"LineString","coordinates":[[0.4222,43.1208],[0.4251,43.1269],[0.4291,43.1290],[0.4308,43.1315],[0.4338,43.1334],[0.4357,43.1378],[0.4424,43.1427],[0.4452,43.1484],[0.4473,43.1506],[0.4467,43.1528],[0.4489,43.1567],[0.4563,43.1605]]}},{"type":"Feature","properties":{"name":"Le Gers"},"geometry":{"type":"LineString","coordinates":[[0.4659,43.1773],[0.4672,43.1790],[0.4668,43.1815],[0.4692,43.1829]]}},{"type":"Feature","properties":{"name":"Le Gers"},"geometry":{"type":"LineString","coordinates":[[0.4692,43.1829],[0.4698,43.1841],[0.4675,43.1858],[0.4677,43.1875],[0.4685,43.1890],[0.4694,43.1889],[0.4690,43.1901],[0.4709,43.1925],[0.4700,43.1934],[0.4715,43.1938],[0.4710,43.1948],[0.4721,43.1960]]}},{"type":"Feature","properties":{"name":"Le Gers"},"geometry":{"type":"LineString","coordinates":[[0.4767,43.2027],[0.4790,43.2028]]}},{"type":"Feature","properties":{"name":"Le Gers"},"geometry":{"type":"LineString","coordinates":[[0.4790,43.2028],[0.4786,43.2037],[0.4804,43.2042],[0.4800,43.2053],[0.4821,43.2060],[0.4839,43.2084],[0.4814,43.2112],[0.4835,43.2152]]}},{"type":"Feature","properties":{"name":"Le Gers"},"geometry":{"type":"LineString","coordinates":[[0.4721,43.1960],[0.4728,43.1968],[0.4716,43.1979],[0.4728,43.1986],[0.4726,43.1998],[0.4767,43.2027]]}},{"type":"Feature","properties":{"name":"Le Gers"},"geometry":{"type":"LineString","coordinates":[[0.4566,43.1616],[0.4567,43.1638],[0.4584,43.1639],[0.4587,43.1649]]}},{"type":"Feature","properties":{"name":"Le Gers"},"geometry":{"type":"LineString","coordinates":[[0.4563,43.1606],[0.4566,43.1616]]}},{"type":"Feature","properties":{"name":"Le Gers"},"geometry":{"type":"LineString","coordinates":[[0.4845,43.2168],[0.4840,43.2184],[0.4847,43.2197],[0.4881,43.2193],[0.4883,43.2203],[0.4894,43.2199],[0.4900,43.2216],[0.4919,43.2227],[0.4925,43.2252],[0.4915,43.2263],[0.4935,43.2271],[0.4924,43.2279],[0.4930,43.2291],[0.4907,43.2300],[0.4904,43.2314]]}},{"type":"Feature","properties":{"name":"Le Gers"},"geometry":{"type":"LineString","coordinates":[[0.4835,43.2152],[0.4847,43.2156],[0.4837,43.2161],[0.4845,43.2168]]}},{"type":"Feature","properties":{"name":"Le Gers"},"geometry":{"type":"LineString","coordinates":[[0.5438,43.2948],[0.5431,43.2959],[0.5444,43.2971],[0.5437,43.2976],[0.5444,43.3000],[0.5459,43.3015],[0.5451,43.3046],[0.5464,43.3047],[0.5467,43.3080],[0.5479,43.3096],[0.5456,43.3115],[0.5483,43.3126],[0.5481,43.3144],[0.5495,43.3154],[0.5468,43.3161],[0.5487,43.3171],[0.5466,43.3187],[0.5484,43.3210],[0.5479,43.3234],[0.5500,43.3238],[0.5485,43.3279],[0.5465,43.3281],[0.5440,43.3313],[0.5470,43.3338],[0.5466,43.3358],[0.5477,43.3371],[0.5480,43.3398],[0.5503,43.3404],[0.5493,43.3409],[0.5513,43.3443],[0.5562,43.3446],[0.5562,43.3457],[0.5585,43.3459],[0.5586,43.3493],[0.5606,43.3521],[0.5624,43.3529],[0.5623,43.3537],[0.5639,43.3543],[0.5618,43.3578],[0.5657,43.3610],[0.5657,43.3642],[0.5664,43.3651],[0.5676,43.3649],[0.5678,43.3663],[0.5646,43.3671],[0.5651,43.3682],[0.5636,43.3692],[0.5634,43.3711],[0.5681,43.3731],[0.5672,43.3752],[0.5654,43.3758],[0.5675,43.3797],[0.5664,43.3807],[0.5677,43.3825]]}},{"type":"Feature","properties":{"name":"Le Gers"},"geometry":{"type":"LineString","coordinates":[[0.5437,43.2929],[0.5445,43.2936],[0.5438,43.2948]]}},{"type":"Feature","properties":{"name":"Le Gers"},"geometry":{"type":"LineString","coordinates":[[0.6705,43.8229],[0.6704,43.8248],[0.6723,43.8260],[0.6712,43.8279],[0.6722,43.8286]]}},{"type":"Feature","properties":{"name":"Le Gers"},"geometry":{"type":"LineString","coordinates":[[0.6654,43.8157],[0.6667,43.8166],[0.6667,43.8180],[0.6690,43.8192],[0.6687,43.8207],[0.6705,43.8229]]}},{"type":"Feature","properties":{"name":"Le Gers"},"geometry":{"type":"LineString","coordinates":[[0.6636,43.8784],[0.6636,43.8784]]}},{"type":"Feature","properties":{"name":"Le Gers"},"geometry":{"type":"LineString","coordinates":[[0.6161,43.7519],[0.6101,43.7583]]}},{"type":"Feature","properties":{"name":"Le Gers"},"geometry":{"type":"LineString","coordinates":[[0.4186,43.1164],[0.4222,43.1208]]}},{"type":"Feature","properties":{"name":"Le Gers"},"geometry":{"type":"LineString","coordinates":[[0.6489,43.8983],[0.6476,43.9011],[0.6463,43.9009],[0.6436,43.9027],[0.6412,43.9021],[0.6406,43.9039]]}},{"type":"Feature","properties":{"name":"Le Gers"},"geometry":{"type":"LineString","coordinates":[[0.6126,43.7092],[0.6164,43.7118],[0.6174,43.7138],[0.6197,43.7139],[0.6215,43.7160]]}},{"type":"Feature","properties":{"name":"Le Gers"},"geometry":{"type":"LineString","coordinates":[[0.6215,43.7160],[0.6225,43.7170],[0.6211,43.7179]]}},{"type":"Feature","properties":{"name":"Le Gers"},"geometry":{"type":"LineString","coordinates":[[0.5875,43.6187],[0.5855,43.6186],[0.5845,43.6174],[0.5817,43.6183],[0.5798,43.6231]]}},{"type":"Feature","properties":{"name":"Le Gers"},"geometry":{"type":"LineString","coordinates":[[0.5798,43.6231],[0.5809,43.6275],[0.5839,43.6324],[0.5869,43.6333],[0.5887,43.6354],[0.5894,43.6380],[0.5872,43.6430],[0.5911,43.6502],[0.5909,43.6530],[0.5973,43.6729],[0.5994,43.6948],[0.6068,43.7000],[0.6071,43.7058],[0.6126,43.7092]]}},{"type":"Feature","properties":{"name":"Le Gers"},"geometry":{"type":"LineString","coordinates":[[0.6179,43.7446],[0.6180,43.7470],[0.6165,43.7491],[0.6177,43.7503],[0.6168,43.7511]]}},{"type":"Feature","properties":{"name":"Le Gers"},"geometry":{"type":"LineString","coordinates":[[0.6211,43.7179],[0.6212,43.7212],[0.6194,43.7232],[0.6206,43.7243]]}},{"type":"Feature","properties":{"name":"Le Gers"},"geometry":{"type":"LineString","coordinates":[[0.6206,43.7243],[0.6204,43.7248]]}},{"type":"Feature","properties":{"name":"Le Gers"},"geometry":{"type":"LineString","coordinates":[[0.6101,43.7583],[0.6092,43.7584],[0.6095,43.7594],[0.6111,43.7607]]}},{"type":"Feature","properties":{"name":"Le Gers"},"geometry":{"type":"LineString","coordinates":[[0.6162,43.7701],[0.6173,43.7718],[0.6164,43.7730],[0.6178,43.7739],[0.6161,43.7747],[0.6174,43.7750]]}},{"type":"Feature","properties":{"name":"Le Gers"},"geometry":{"type":"LineString","coordinates":[[0.6152,43.7684],[0.6162,43.7701]]}},{"type":"Feature","properties":{"name":"Le Gers"},"geometry":{"type":"LineString","coordinates":[[0.6525,43.8037],[0.6520,43.8066],[0.6570,43.8076]]}},{"type":"Feature","properties":{"name":"Le Gers"},"geometry":{"type":"LineString","coordinates":[[0.6154,43.7812],[0.6165,43.7816],[0.6151,43.7830],[0.6165,43.7835],[0.6159,43.7870],[0.6179,43.7876],[0.6167,43.7893],[0.6205,43.7900],[0.6237,43.7918]]}},{"type":"Feature","properties":{"name":"Le Gers"},"geometry":{"type":"LineString","coordinates":[[0.6237,43.7918],[0.6238,43.7926],[0.6257,43.7926],[0.6273,43.7911]]}},{"type":"Feature","properties":{"name":"La Lèze"},"geometry":{"type":"LineString","coordinates":[[1.4433,43.1080],[1.4459,43.1094],[1.4450,43.1137],[1.4453,43.1173],[1.4468,43.1179],[1.4475,43.1204],[1.4474,43.1238],[1.4459,43.1241],[1.4459,43.1254],[1.4440,43.1254],[1.4439,43.1270],[1.4452,43.1281],[1.4430,43.1286],[1.4443,43.1302],[1.4432,43.1312],[1.4440,43.1315],[1.4440,43.1332]]}},{"type":"Feature","properties":{"name":"La Lèze"},"geometry":{"type":"LineString","coordinates":[[1.3364,43.3625],[1.3378,43.3644],[1.3374,43.3678],[1.3383,43.3708],[1.3406,43.3740],[1.3594,43.3865],[1.3615,43.3887],[1.3607,43.3913],[1.3612,43.3933],[1.3632,43.3947],[1.3650,43.3938],[1.3689,43.3955],[1.3682,43.3964],[1.3706,43.3971],[1.3712,43.3991],[1.3733,43.3998],[1.3739,43.4009],[1.3729,43.4021],[1.3767,43.4027],[1.3829,43.4066],[1.3835,43.4084],[1.3826,43.4104],[1.3830,43.4123],[1.3881,43.4204],[1.3898,43.4210],[1.3895,43.4224],[1.3909,43.4243],[1.3958,43.4264],[1.3955,43.4280],[1.3965,43.4293],[1.4007,43.4307],[1.4028,43.4295],[1.4046,43.4304]]}},{"type":"Feature","properties":{"name":"La Lèze"},"geometry":{"type":"LineString","coordinates":[[1.3317,43.3549],[1.3332,43.3580],[1.3316,43.3590],[1.3364,43.3625]]}},{"type":"Feature","properties":{"name":"La Lèze"},"geometry":{"type":"LineString","coordinates":[[1.4029,43.4358],[1.4013,43.4394],[1.3983,43.4416],[1.3984,43.4445],[1.4025,43.4449],[1.4030,43.4457],[1.4020,43.4477],[1.4075,43.4476],[1.4075,43.4484],[1.4051,43.4494],[1.4049,43.4503],[1.4094,43.4528],[1.4096,43.4545],[1.4122,43.4562],[1.4138,43.4601],[1.4173,43.4613],[1.4190,43.4636]]}},{"type":"Feature","properties":{"name":"La Lèze"},"geometry":{"type":"LineString","coordinates":[[1.4046,43.4304],[1.4036,43.4319],[1.4047,43.4327],[1.4035,43.4333],[1.4041,43.4347],[1.4029,43.4358]]}},{"type":"Feature","properties":{"name":"La Lèze"},"geometry":{"type":"LineString","coordinates":[[1.3706,43.2472],[1.3709,43.2494],[1.3685,43.2528],[1.3669,43.2534],[1.3674,43.2550],[1.3652,43.2557],[1.3656,43.2567],[1.3627,43.2606],[1.3634,43.2616],[1.3601,43.2644],[1.3610,43.2653],[1.3602,43.2665],[1.3607,43.2678],[1.3591,43.2682],[1.3599,43.2695],[1.3550,43.2715],[1.3534,43.2755],[1.3534,43.2800],[1.3510,43.2842],[1.3519,43.2862],[1.3510,43.2867],[1.3507,43.2897],[1.3496,43.2904],[1.3497,43.2920],[1.3507,43.2927],[1.3490,43.2938],[1.3496,43.2952],[1.3464,43.2960],[1.3468,43.2971],[1.3444,43.2966],[1.3453,43.2983],[1.3400,43.3021]]}},{"type":"Feature","properties":{"name":"La Lèze"},"geometry":{"type":"LineString","coordinates":[[1.4350,43.1529],[1.4303,43.1577],[1.4273,43.1581],[1.4281,43.1627],[1.4221,43.1661],[1.4194,43.1692],[1.4161,43.1694],[1.4128,43.1724],[1.4110,43.1727],[1.4078,43.1769]]}},{"type":"Feature","properties":{"name":"La Lèze"},"geometry":{"type":"LineString","coordinates":[[1.4440,43.1332],[1.4445,43.1345],[1.4469,43.1343],[1.4446,43.1368],[1.4448,43.1380],[1.4433,43.1383],[1.4446,43.1392],[1.4443,43.1409],[1.4456,43.1413],[1.4434,43.1423],[1.4437,43.1432],[1.4412,43.1455],[1.4403,43.1487],[1.4382,43.1492],[1.4366,43.1524],[1.4371,43.1532],[1.4364,43.1537],[1.4350,43.1529]]}},{"type":"Feature","properties":{"name":"La Lèze"},"geometry":{"type":"LineString","coordinates":[[1.4078,43.1769],[1.4058,43.1791],[1.4064,43.1831],[1.4054,43.1833],[1.4067,43.1841],[1.4038,43.1867],[1.4045,43.1890],[1.4030,43.1891],[1.4013,43.1920],[1.3987,43.1918],[1.3975,43.1936],[1.3952,43.1945],[1.3959,43.1954],[1.3946,43.1972],[1.3949,43.1984],[1.3931,43.1989]]}},{"type":"Feature","properties":{"name":"La Lèze"},"geometry":{"type":"LineString","coordinates":[[1.3400,43.3021],[1.3360,43.3109],[1.3383,43.3125],[1.3311,43.3166],[1.3302,43.3182],[1.3308,43.3194],[1.3265,43.3256],[1.3245,43.3328],[1.3260,43.3350],[1.3248,43.3355],[1.3256,43.3398],[1.3249,43.3433],[1.3293,43.3466],[1.3293,43.3506],[1.3317,43.3549]]}},{"type":"Feature","properties":{"name":"La Lèze"},"geometry":{"type":"LineString","coordinates":[[1.3931,43.1989],[1.3920,43.2009],[1.3910,43.2008],[1.3909,43.2022],[1.3895,43.2023],[1.3899,43.2038],[1.3889,43.2051],[1.3864,43.2082],[1.3830,43.2102],[1.3818,43.2127],[1.3820,43.2148],[1.3842,43.2158],[1.3835,43.2200],[1.3866,43.2250],[1.3870,43.2273],[1.3856,43.2280],[1.3855,43.2296],[1.3835,43.2301],[1.3815,43.2343],[1.3752,43.2377],[1.3737,43.2447],[1.3713,43.2453],[1.3706,43.2472]]}},{"type":"Feature","properties":{"name":"La Lèze"},"geometry":{"type":"LineString","coordinates":[[1.4803,43.0752],[1.4782,43.0778],[1.4700,43.0814],[1.4656,43.0842],[1.4627,43.0877],[1.4604,43.0879],[1.4606,43.0886],[1.4585,43.0903],[1.4551,43.0914],[1.4554,43.0924],[1.4539,43.0925],[1.4540,43.0934],[1.4517,43.0945],[1.4513,43.0970],[1.4436,43.0987],[1.4423,43.1002],[1.4434,43.1032],[1.4428,43.1057],[1.4443,43.1068],[1.4433,43.1080]]}},{"type":"Feature","properties":{"name":"Le Salat"},"geometry":{"type":"LineString","coordinates":[[1.0499,43.0362],[1.0417,43.0390],[1.0339,43.0383],[1.0273,43.0407],[1.0239,43.0405],[1.0222,43.0399],[1.0178,43.0335],[1.0139,43.0324],[1.0104,43.0332],[1.0078,43.0367],[0.9997,43.0387],[0.9956,43.0387],[0.9937,43.0425],[0.9944,43.0468],[0.9926,43.0501],[0.9886,43.0516],[0.9848,43.0506],[0.9834,43.0530],[0.9842,43.0597],[0.9860,43.0626]]}},{"type":"Feature","properties":{"name":"Le Salat"},"geometry":{"type":"LineString","coordinates":[[1.1880,42.7564],[1.1908,42.7593],[1.1896,42.7628],[1.1923,42.7657],[1.1908,42.7667],[1.1925,42.7680],[1.1911,42.7692],[1.1924,42.7712],[1.1918,42.7734],[1.1925,42.7743],[1.1909,42.7751],[1.1880,42.7815],[1.1858,42.7913],[1.1885,42.7918],[1.1903,42.7936],[1.1900,42.7962],[1.1925,42.8002],[1.1928,42.8024],[1.1940,42.8030],[1.1947,42.8058],[1.1961,42.8068],[1.1972,42.8109],[1.1955,42.8145],[1.1966,42.8159],[1.1958,42.8231],[1.1970,42.8246],[1.1965,42.8259],[1.1974,42.8278],[1.1993,42.8295],[1.1979,42.8337],[1.1959,42.8347],[1.1962,42.8360],[1.1981,42.8361],[1.1982,42.8386],[1.1967,42.8386],[1.1906,42.8425],[1.1925,42.8470],[1.1910,42.8492],[1.1925,42.8498],[1.1933,42.8531],[1.1964,42.8547],[1.1994,42.8620],[1.2062,42.8670]]}},{"type":"Feature","properties":{"name":"Le Salat"},"geometry":{"type":"LineString","coordinates":[[1.0723,43.0351],[1.0655,43.0378],[1.0600,43.0420],[1.0553,43.0366],[1.0499,43.0362]]}},{"type":"Feature","properties":{"name":"Le Salat"},"geometry":{"type":"LineString","coordinates":[[0.9594,43.0783],[0.9554,43.0811],[0.9539,43.0851],[0.9590,43.0882],[0.9630,43.0868],[0.9646,43.0885],[0.9621,43.0959],[0.9646,43.0995],[0.9630,43.1029],[0.9634,43.1084],[0.9649,43.1097],[0.9663,43.1130]]}},{"type":"Feature","properties":{"name":"Le Salat"},"geometry":{"type":"LineString","coordinates":[[0.9663,43.1130],[0.9662,43.1138]]}},{"type":"Feature","properties":{"name":"Le Salat"},"geometry":{"type":"LineString","coordinates":[[0.9733,43.1258],[0.9793,43.1388]]}},{"type":"Feature","properties":{"name":"Le Salat"},"geometry":{"type":"LineString","coordinates":[[0.9793,43.1388],[0.9781,43.1423],[0.9795,43.1464],[0.9752,43.1509],[0.9758,43.1539],[0.9663,43.1594],[0.9664,43.1617]]}},{"type":"Feature","properties":{"name":"Le Salat"},"geometry":{"type":"LineString","coordinates":[[0.9860,43.0626],[0.9849,43.0681],[0.9805,43.0698],[0.9791,43.0724],[0.9734,43.0771],[0.9594,43.0783]]}},{"type":"Feature","properties":{"name":"Le Salat"},"geometry":{"type":"LineString","coordinates":[[0.9662,43.1138],[0.9645,43.1160],[0.9644,43.1180],[0.9711,43.1220],[0.9733,43.1258]]}},{"type":"Feature","properties":{"name":"Le Salat"},"geometry":{"type":"LineString","coordinates":[[1.1920,42.9142],[1.1924,42.9178],[1.1895,42.9188],[1.1866,42.9233],[1.1835,42.9242],[1.1840,42.9288],[1.1775,42.9332],[1.1778,42.9370],[1.1761,42.9384]]}},{"type":"Feature","properties":{"name":"Le Salat"},"geometry":{"type":"LineString","coordinates":[[1.2026,42.9157],[1.1972,42.9135],[1.1920,42.9142]]}},{"type":"Feature","properties":{"name":"Le Salat"},"geometry":{"type":"LineString","coordinates":[[1.2062,42.8670],[1.2085,42.8692],[1.2096,42.8727],[1.2096,42.8741],[1.2082,42.8754],[1.2083,42.8774]]}},{"type":"Feature","properties":{"name":"Le Salat"},"geometry":{"type":"LineString","coordinates":[[1.2132,42.9081],[1.2140,42.9102],[1.2059,42.9127],[1.2026,42.9157]]}},{"type":"Feature","properties":{"name":"Le Salat"},"geometry":{"type":"LineString","coordinates":[[1.1765,42.9560],[1.1740,42.9623],[1.1707,42.9646],[1.1694,42.9670],[1.1633,42.9720],[1.1612,42.9750],[1.1569,42.9762],[1.1493,42.9760],[1.1467,42.9812],[1.1425,42.9855],[1.1420,42.9903],[1.1372,42.9941],[1.1362,42.9983],[1.1311,43.0063],[1.1183,43.0190],[1.1136,43.0258],[1.1063,43.0339],[1.0946,43.0381],[1.0918,43.0383],[1.0845,43.0372],[1.0796,43.0335],[1.0723,43.0351]]}},{"type":"Feature","properties":{"name":"Le Salat"},"geometry":{"type":"LineString","coordinates":[[1.2083,42.8774],[1.2096,42.8829],[1.2126,42.8862],[1.2124,42.8890]]}},{"type":"Feature","properties":{"name":"Le Salat"},"geometry":{"type":"LineString","coordinates":[[1.2124,42.8890],[1.2120,42.8909],[1.2152,42.8941],[1.2103,42.9041],[1.2136,42.9073],[1.2132,42.9081]]}},{"type":"Feature","properties":{"name":"Le Salat"},"geometry":{"type":"LineString","coordinates":[[1.1761,42.9384],[1.1773,42.9415],[1.1699,42.9467],[1.1717,42.9495],[1.1765,42.9516],[1.1768,42.9551]]}},{"type":"Feature","properties":{"name":"Le Salat"},"geometry":{"type":"LineString","coordinates":[[0.9539,43.0851],[0.9534,43.0872],[0.9550,43.0893],[0.9572,43.0898],[0.9596,43.0882]]}},{"type":"Feature","properties":{"name":"Le Salat"},"geometry":{"type":"LineString","coordinates":[[0.9737,43.1552],[0.9696,43.1575]]}},{"type":"Feature","properties":{"name":"Ruisseau de Belloc"},"geometry":{"type":"LineString","coordinates":[[1.0714,43.0743],[1.0686,43.0751],[1.0658,43.0775],[1.0600,43.0790],[1.0520,43.0845],[1.0482,43.0851],[1.0374,43.0899],[1.0335,43.0887],[1.0285,43.0893],[1.0262,43.0925],[1.0268,43.0965],[1.0297,43.0981],[1.0284,43.1004]]}},{"type":"Feature","properties":{"name":"La Ganguise"},"geometry":{"type":"LineString","coordinates":[[1.9091,43.2702],[1.9014,43.2737]]}},{"type":"Feature","properties":{"name":"La Ganguise"},"geometry":{"type":"LineString","coordinates":[[1.7510,43.3494],[1.7489,43.3497]]}},{"type":"Feature","properties":{"name":"La Ganguise"},"geometry":{"type":"LineString","coordinates":[[1.8364,43.3017],[1.8339,43.3028],[1.8326,43.3045],[1.8287,43.3052],[1.8210,43.3098]]}},{"type":"Feature","properties":{"name":"La Ganguise"},"geometry":{"type":"LineString","coordinates":[[1.8153,43.3121],[1.7905,43.3280]]}},{"type":"Feature","properties":{"name":"La Ganguise"},"geometry":{"type":"LineString","coordinates":[[1.8477,43.2960],[1.8417,43.2993]]}},{"type":"Feature","properties":{"name":"La Ganguise"},"geometry":{"type":"LineString","coordinates":[[1.8210,43.3098],[1.8153,43.3121]]}},{"type":"Feature","properties":{"name":"La Ganguise"},"geometry":{"type":"LineString","coordinates":[[1.7719,43.3371],[1.7510,43.3494]]}},{"type":"Feature","properties":{"name":"La Ganguise"},"geometry":{"type":"LineString","coordinates":[[1.7870,43.3299],[1.7719,43.3371]]}},{"type":"Feature","properties":{"name":"La Ganguise"},"geometry":{"type":"LineString","coordinates":[[1.9013,43.2737],[1.8948,43.2761]]}},{"type":"Feature","properties":{"name":"La Ganguise"},"geometry":{"type":"LineString","coordinates":[[1.9014,43.2737],[1.9013,43.2737]]}},{"type":"Feature","properties":{"name":"La Ganguise"},"geometry":{"type":"LineString","coordinates":[[1.8948,43.2761],[1.8946,43.2762]]}},{"type":"Feature","properties":{"name":"La Ganguise"},"geometry":{"type":"LineString","coordinates":[[1.7905,43.3280],[1.7899,43.3292]]}},{"type":"Feature","properties":{"name":"La Ganguise"},"geometry":{"type":"LineString","coordinates":[[1.8946,43.2762],[1.8779,43.2849],[1.8568,43.2914],[1.8477,43.2960]]}},{"type":"Feature","properties":{"name":"La Ganguise"},"geometry":{"type":"LineString","coordinates":[[1.7899,43.3292],[1.7870,43.3299]]}},{"type":"Feature","properties":{"name":"La Ganguise"},"geometry":{"type":"LineString","coordinates":[[1.8415,43.2994],[1.8364,43.3017]]}},{"type":"Feature","properties":{"name":"La Ganguise"},"geometry":{"type":"LineString","coordinates":[[1.8417,43.2993],[1.8415,43.2994]]}},{"type":"Feature","properties":{"name":"L\u0027Escorse"},"geometry":{"type":"LineString","coordinates":[[1.2987,42.7430],[1.2955,42.7455],[1.2959,42.7470],[1.2909,42.7537],[1.2849,42.7558],[1.2817,42.7587],[1.2810,42.7620],[1.2848,42.7689],[1.2845,42.7707],[1.2777,42.7739],[1.2737,42.7742],[1.2728,42.7759]]}},{"type":"Feature","properties":{"name":"L\u0027Alet"},"geometry":{"type":"LineString","coordinates":[[1.2654,42.7952],[1.2660,42.7970],[1.2687,42.7975],[1.2702,42.8002],[1.2683,42.8026],[1.2681,42.8056],[1.2658,42.8084],[1.2610,42.8081],[1.2595,42.8103],[1.2576,42.8104],[1.2571,42.8123],[1.2537,42.8126],[1.2532,42.8143],[1.2489,42.8156],[1.2472,42.8181],[1.2444,42.8181],[1.2361,42.8223],[1.2323,42.8250],[1.2324,42.8262],[1.2258,42.8299],[1.2196,42.8304],[1.2199,42.8317],[1.2174,42.8326],[1.2157,42.8320],[1.2107,42.8326],[1.2081,42.8340],[1.2052,42.8322],[1.2004,42.8326],[1.1983,42.8317]]}},{"type":"Feature","properties":{"name":"L\u0027Alet"},"geometry":{"type":"LineString","coordinates":[[1.2728,42.7759],[1.2726,42.7770],[1.2693,42.7780],[1.2703,42.7840],[1.2673,42.7860],[1.2681,42.7898],[1.2653,42.7926],[1.2656,42.7940]]}},{"type":"Feature","properties":{"name":"Eth Unhòla"},"geometry":{"type":"LineString","coordinates":[[0.8697,42.7926],[0.8750,42.7939],[0.8754,42.7962],[0.8779,42.7985],[0.8808,42.7988],[0.8882,42.7969],[0.8903,42.7943],[0.8894,42.7912],[0.8916,42.7901],[0.8903,42.7880],[0.8922,42.7870],[0.8919,42.7861],[0.8943,42.7830],[0.8990,42.7821],[0.8988,42.7800],[0.9004,42.7795],[0.8985,42.7786],[0.8995,42.7767],[0.9048,42.7744],[0.9059,42.7722],[0.9080,42.7719],[0.9073,42.7706],[0.9083,42.7690],[0.9076,42.7681],[0.9113,42.7660],[0.9118,42.7629],[0.9097,42.7620],[0.9104,42.7575],[0.9090,42.7563],[0.9119,42.7548],[0.9120,42.7534],[0.9145,42.7519],[0.9144,42.7498],[0.9165,42.7458],[0.9154,42.7414],[0.9130,42.7376],[0.9135,42.7320],[0.9153,42.7303],[0.9121,42.7249],[0.9126,42.7212],[0.9142,42.7184],[0.9118,42.7144],[0.9048,42.7113],[0.9028,42.7079],[0.9002,42.7083],[0.8967,42.7062]]}},{"type":"Feature","properties":{"name":"Ruisseau de Nistos"},"geometry":{"type":"LineString","coordinates":[[0.4862,43.0286],[0.4869,43.0297],[0.4906,43.0305],[0.4908,43.0325]]}},{"type":"Feature","properties":{"name":"Ruisseau de Nistos"},"geometry":{"type":"LineString","coordinates":[[0.4908,43.0325],[0.4891,43.0381],[0.4913,43.0397]]}},{"type":"Feature","properties":{"name":"Ruisseau de Nistos"},"geometry":{"type":"LineString","coordinates":[[0.5147,43.0561],[0.5145,43.0575],[0.5175,43.0587],[0.5172,43.0601]]}},{"type":"Feature","properties":{"name":"Ruisseau de Nistos"},"geometry":{"type":"LineString","coordinates":[[0.4968,43.0513],[0.5030,43.0546],[0.5075,43.0538],[0.5087,43.0544]]}},{"type":"Feature","properties":{"name":"Ruisseau de Nistos"},"geometry":{"type":"LineString","coordinates":[[0.5172,43.0601],[0.5181,43.0623],[0.5228,43.0650],[0.5223,43.0669],[0.5239,43.0668],[0.5250,43.0680],[0.5311,43.0683]]}},{"type":"Feature","properties":{"name":"Ruisseau de Nistos"},"geometry":{"type":"LineString","coordinates":[[0.5087,43.0544],[0.5147,43.0561]]}},{"type":"Feature","properties":{"name":"Ruisseau de Nistos"},"geometry":{"type":"LineString","coordinates":[[0.4810,43.0167],[0.4837,43.0210],[0.4851,43.0215],[0.4846,43.0240],[0.4862,43.0255],[0.4862,43.0286]]}},{"type":"Feature","properties":{"name":"Ruisseau de Nistos"},"geometry":{"type":"LineString","coordinates":[[0.4913,43.0397],[0.4945,43.0416],[0.4927,43.0451],[0.4944,43.0458],[0.4950,43.0490],[0.4968,43.0513]]}},{"type":"Feature","properties":{"name":"Ruisseau de Courtignou"},"geometry":{"type":"LineString","coordinates":[[1.3796,42.8195],[1.3802,42.8238],[1.3789,42.8261],[1.3795,42.8293],[1.3769,42.8350],[1.3779,42.8366],[1.3758,42.8391],[1.3760,42.8419],[1.3747,42.8430],[1.3742,42.8456],[1.3722,42.8473],[1.3717,42.8504],[1.3723,42.8515],[1.3690,42.8560],[1.3702,42.8566],[1.3697,42.8576],[1.3707,42.8593],[1.3698,42.8619],[1.3728,42.8654]]}},{"type":"Feature","properties":{"name":"Le Sousson"},"geometry":{"type":"LineString","coordinates":[[0.4987,43.3734],[0.4988,43.3735]]}},{"type":"Feature","properties":{"name":"Le Sousson"},"geometry":{"type":"LineString","coordinates":[[0.4988,43.3735],[0.5031,43.3761],[0.5038,43.3790]]}},{"type":"Feature","properties":{"name":"Le Sousson"},"geometry":{"type":"LineString","coordinates":[[0.4952,43.3605],[0.4927,43.3616],[0.4950,43.3659]]}},{"type":"Feature","properties":{"name":"Le Sousson"},"geometry":{"type":"LineString","coordinates":[[0.5049,43.3813],[0.5072,43.3821],[0.5088,43.3844]]}},{"type":"Feature","properties":{"name":"Le Sousson"},"geometry":{"type":"LineString","coordinates":[[0.5048,43.3812],[0.5049,43.3813]]}},{"type":"Feature","properties":{"name":"Le Sousson"},"geometry":{"type":"LineString","coordinates":[[0.4950,43.3660],[0.4964,43.3721],[0.4987,43.3734]]}},{"type":"Feature","properties":{"name":"Le Sousson"},"geometry":{"type":"LineString","coordinates":[[0.4950,43.3659],[0.4950,43.3660]]}},{"type":"Feature","properties":{"name":"Le Sousson"},"geometry":{"type":"LineString","coordinates":[[0.5187,43.4236],[0.5212,43.4250],[0.5215,43.4259],[0.5200,43.4276],[0.5222,43.4305],[0.5205,43.4373],[0.5189,43.4388],[0.5198,43.4451]]}},{"type":"Feature","properties":{"name":"Le Sousson"},"geometry":{"type":"LineString","coordinates":[[0.5089,43.3845],[0.5108,43.3865],[0.5096,43.3892],[0.5110,43.3908],[0.5100,43.3932],[0.5124,43.3944]]}},{"type":"Feature","properties":{"name":"Le Sousson"},"geometry":{"type":"LineString","coordinates":[[0.5088,43.3844],[0.5089,43.3845]]}},{"type":"Feature","properties":{"name":"Le Sousson"},"geometry":{"type":"LineString","coordinates":[[0.5389,43.5630],[0.5400,43.5663],[0.5381,43.5707],[0.5383,43.5723],[0.5406,43.5763],[0.5417,43.5766]]}},{"type":"Feature","properties":{"name":"Le Sousson"},"geometry":{"type":"LineString","coordinates":[[0.5389,43.5629],[0.5389,43.5630]]}},{"type":"Feature","properties":{"name":"Le Sousson"},"geometry":{"type":"LineString","coordinates":[[0.5401,43.5563],[0.5369,43.5591],[0.5370,43.5607],[0.5389,43.5629]]}},{"type":"Feature","properties":{"name":"Le Sousson"},"geometry":{"type":"LineString","coordinates":[[0.5401,43.5562],[0.5401,43.5563]]}},{"type":"Feature","properties":{"name":"Le Sousson"},"geometry":{"type":"LineString","coordinates":[[0.5391,43.5502],[0.5401,43.5514],[0.5384,43.5542],[0.5401,43.5562]]}},{"type":"Feature","properties":{"name":"Le Sousson"},"geometry":{"type":"LineString","coordinates":[[0.5390,43.5222],[0.5377,43.5292],[0.5384,43.5345],[0.5366,43.5396]]}},{"type":"Feature","properties":{"name":"Le Sousson"},"geometry":{"type":"LineString","coordinates":[[0.5284,43.4832],[0.5284,43.4833]]}},{"type":"Feature","properties":{"name":"Le Sousson"},"geometry":{"type":"LineString","coordinates":[[0.5236,43.4636],[0.5228,43.4643],[0.5239,43.4669],[0.5281,43.4701],[0.5269,43.4783],[0.5284,43.4832]]}},{"type":"Feature","properties":{"name":"Le Sousson"},"geometry":{"type":"LineString","coordinates":[[0.5236,43.4635],[0.5236,43.4636]]}},{"type":"Feature","properties":{"name":"Le Sousson"},"geometry":{"type":"LineString","coordinates":[[0.5228,43.4550],[0.5228,43.4551]]}},{"type":"Feature","properties":{"name":"Le Sousson"},"geometry":{"type":"LineString","coordinates":[[0.4979,43.3600],[0.4978,43.3600]]}},{"type":"Feature","properties":{"name":"Le Sousson"},"geometry":{"type":"LineString","coordinates":[[0.5020,43.3584],[0.4979,43.3600]]}},{"type":"Feature","properties":{"name":"Le Sousson"},"geometry":{"type":"LineString","coordinates":[[0.4953,43.3605],[0.4952,43.3605]]}},{"type":"Feature","properties":{"name":"Le Sousson"},"geometry":{"type":"LineString","coordinates":[[0.4978,43.3600],[0.4953,43.3605]]}},{"type":"Feature","properties":{"name":"Le Sousson"},"geometry":{"type":"LineString","coordinates":[[0.5038,43.3791],[0.5048,43.3812]]}},{"type":"Feature","properties":{"name":"Le Sousson"},"geometry":{"type":"LineString","coordinates":[[0.5038,43.3790],[0.5038,43.3791]]}},{"type":"Feature","properties":{"name":"Le Sousson"},"geometry":{"type":"LineString","coordinates":[[0.5178,43.4094],[0.5168,43.4136]]}},{"type":"Feature","properties":{"name":"Le Sousson"},"geometry":{"type":"LineString","coordinates":[[0.5124,43.3944],[0.5121,43.3971],[0.5130,43.3998],[0.5174,43.4025]]}},{"type":"Feature","properties":{"name":"Le Sousson"},"geometry":{"type":"LineString","coordinates":[[0.5175,43.4025],[0.5165,43.4052],[0.5178,43.4070],[0.5171,43.4087],[0.5178,43.4094]]}},{"type":"Feature","properties":{"name":"Le Sousson"},"geometry":{"type":"LineString","coordinates":[[0.5174,43.4025],[0.5175,43.4025]]}},{"type":"Feature","properties":{"name":"Le Sousson"},"geometry":{"type":"LineString","coordinates":[[0.5168,43.4137],[0.5172,43.4195]]}},{"type":"Feature","properties":{"name":"Le Sousson"},"geometry":{"type":"LineString","coordinates":[[0.5168,43.4136],[0.5168,43.4137]]}},{"type":"Feature","properties":{"name":"Le Sousson"},"geometry":{"type":"LineString","coordinates":[[0.5186,43.4236],[0.5187,43.4236]]}},{"type":"Feature","properties":{"name":"Le Sousson"},"geometry":{"type":"LineString","coordinates":[[0.5172,43.4195],[0.5172,43.4228],[0.5186,43.4236]]}},{"type":"Feature","properties":{"name":"Le Sousson"},"geometry":{"type":"LineString","coordinates":[[0.5198,43.4451],[0.5204,43.4501],[0.5228,43.4550]]}},{"type":"Feature","properties":{"name":"Le Sousson"},"geometry":{"type":"LineString","coordinates":[[0.5198,43.4451],[0.5198,43.4451]]}},{"type":"Feature","properties":{"name":"Le Sousson"},"geometry":{"type":"LineString","coordinates":[[0.5228,43.4551],[0.5236,43.4635]]}},{"type":"Feature","properties":{"name":"Le Sousson"},"geometry":{"type":"LineString","coordinates":[[0.5306,43.5013],[0.5313,43.5043],[0.5306,43.5094],[0.5343,43.5121],[0.5329,43.5149],[0.5384,43.5194],[0.5390,43.5222]]}},{"type":"Feature","properties":{"name":"Le Sousson"},"geometry":{"type":"LineString","coordinates":[[0.5317,43.4958],[0.5318,43.4959]]}},{"type":"Feature","properties":{"name":"Le Sousson"},"geometry":{"type":"LineString","coordinates":[[0.5281,43.4863],[0.5289,43.4914],[0.5305,43.4932],[0.5307,43.4954],[0.5317,43.4958]]}},{"type":"Feature","properties":{"name":"Le Sousson"},"geometry":{"type":"LineString","coordinates":[[0.5284,43.4833],[0.5281,43.4863]]}},{"type":"Feature","properties":{"name":"Le Sousson"},"geometry":{"type":"LineString","coordinates":[[0.5306,43.5012],[0.5306,43.5013]]}},{"type":"Feature","properties":{"name":"Le Sousson"},"geometry":{"type":"LineString","coordinates":[[0.5318,43.4959],[0.5322,43.4981],[0.5306,43.5012]]}},{"type":"Feature","properties":{"name":"Le Sousson"},"geometry":{"type":"LineString","coordinates":[[0.5366,43.5396],[0.5378,43.5407],[0.5373,43.5457],[0.5391,43.5501]]}},{"type":"Feature","properties":{"name":"Le Sousson"},"geometry":{"type":"LineString","coordinates":[[0.5391,43.5501],[0.5391,43.5502]]}},{"type":"Feature","properties":{"name":"Le Sousson"},"geometry":{"type":"LineString","coordinates":[[0.5597,43.5947],[0.5607,43.5964],[0.5603,43.5980],[0.5670,43.6036]]}},{"type":"Feature","properties":{"name":"Le Sousson"},"geometry":{"type":"LineString","coordinates":[[0.5421,43.5801],[0.5462,43.5842],[0.5479,43.5845],[0.5519,43.5879]]}},{"type":"Feature","properties":{"name":"Le Sousson"},"geometry":{"type":"LineString","coordinates":[[0.5670,43.6036],[0.5683,43.6057],[0.5704,43.6068],[0.5737,43.6121],[0.5760,43.6125],[0.5775,43.6169],[0.5808,43.6197]]}},{"type":"Feature","properties":{"name":"Le Sousson"},"geometry":{"type":"LineString","coordinates":[[0.5670,43.6036],[0.5670,43.6036]]}},{"type":"Feature","properties":{"name":"Le Sousson"},"geometry":{"type":"LineString","coordinates":[[0.5417,43.5766],[0.5421,43.5792]]}},{"type":"Feature","properties":{"name":"Le Sousson"},"geometry":{"type":"LineString","coordinates":[[0.5421,43.5792],[0.5421,43.5801]]}},{"type":"Feature","properties":{"name":"Le Sousson"},"geometry":{"type":"LineString","coordinates":[[0.5519,43.5879],[0.5536,43.5901],[0.5566,43.5918]]}},{"type":"Feature","properties":{"name":"Le Sousson"},"geometry":{"type":"LineString","coordinates":[[0.5566,43.5918],[0.5597,43.5947]]}},{"type":"Feature","properties":{"name":"L\u0027Agoût"},"geometry":{"type":"LineString","coordinates":[[1.7895,43.7364],[1.7795,43.7434],[1.7675,43.7476]]}},{"type":"Feature","properties":{"name":"L\u0027Agoût"},"geometry":{"type":"LineString","coordinates":[[1.8459,43.7093],[1.8473,43.7103],[1.8481,43.7146],[1.8471,43.7175],[1.8439,43.7215],[1.8393,43.7231],[1.8280,43.7220],[1.8201,43.7247],[1.8127,43.7239],[1.8104,43.7223],[1.8101,43.7179],[1.8139,43.7126],[1.8126,43.7109],[1.8066,43.7120],[1.7953,43.7075],[1.7927,43.7074],[1.7895,43.7092],[1.7876,43.7137],[1.7885,43.7234]]}},{"type":"Feature","properties":{"name":"L\u0027Agoût"},"geometry":{"type":"LineString","coordinates":[[1.7885,43.7234],[1.7970,43.7308],[1.7957,43.7333],[1.7895,43.7364]]}},{"type":"Feature","properties":{"name":"L\u0027Agoût"},"geometry":{"type":"LineString","coordinates":[[1.7675,43.7476],[1.7641,43.7505],[1.7637,43.7530],[1.7663,43.7570],[1.7721,43.7606],[1.7724,43.7624],[1.7715,43.7638],[1.7602,43.7664],[1.7559,43.7683],[1.7393,43.7714],[1.7350,43.7713]]}},{"type":"Feature","properties":{"name":"L\u0027Agoût"},"geometry":{"type":"LineString","coordinates":[[1.8677,43.6980],[1.8647,43.6985],[1.8616,43.6936],[1.8544,43.6890],[1.8452,43.6889],[1.8224,43.6959],[1.8219,43.6970],[1.8235,43.6992],[1.8240,43.7032]]}},{"type":"Feature","properties":{"name":"L\u0027Agoût"},"geometry":{"type":"LineString","coordinates":[[2.0542,43.6355],[2.0424,43.6433],[2.0296,43.6466],[2.0277,43.6490],[2.0296,43.6561],[2.0287,43.6574],[2.0256,43.6586],[2.0193,43.6562],[2.0180,43.6532],[2.0198,43.6507],[2.0195,43.6495],[2.0167,43.6482],[2.0135,43.6496],[2.0080,43.6483],[2.0045,43.6486],[2.0004,43.6514],[1.9934,43.6498],[1.9906,43.6464],[1.9883,43.6459],[1.9868,43.6464],[1.9856,43.6487],[1.9786,43.6484],[1.9725,43.6514],[1.9620,43.6530],[1.9598,43.6547],[1.9575,43.6597],[1.9499,43.6608],[1.9413,43.6636],[1.9327,43.6711],[1.9309,43.6744],[1.9321,43.6806],[1.9273,43.6827],[1.9242,43.6856],[1.9234,43.6881],[1.9215,43.6899],[1.9141,43.6915],[1.9056,43.6911],[1.8978,43.6888],[1.8893,43.6845]]}},{"type":"Feature","properties":{"name":"L\u0027Agoût"},"geometry":{"type":"LineString","coordinates":[[2.1243,43.6178],[2.1214,43.6183],[2.1187,43.6176],[2.1114,43.6126],[2.1080,43.6120],[2.1031,43.6153],[2.0966,43.6180],[2.0845,43.6185],[2.0754,43.6209],[2.0692,43.6257],[2.0623,43.6286],[2.0542,43.6355]]}},{"type":"Feature","properties":{"name":"L\u0027Agoût"},"geometry":{"type":"LineString","coordinates":[[1.8893,43.6845],[1.8802,43.6802],[1.8773,43.6804],[1.8760,43.6826],[1.8764,43.6875],[1.8731,43.6901],[1.8716,43.6964],[1.8677,43.6980]]}},{"type":"Feature","properties":{"name":"L\u0027Agoût"},"geometry":{"type":"LineString","coordinates":[[1.7289,43.7712],[1.7211,43.7719],[1.7112,43.7710],[1.7003,43.7761],[1.6856,43.7770],[1.6827,43.7791],[1.6835,43.7837],[1.6826,43.7854]]}},{"type":"Feature","properties":{"name":"L\u0027Agoût"},"geometry":{"type":"LineString","coordinates":[[1.7350,43.7713],[1.7289,43.7712]]}},{"type":"Feature","properties":{"name":"L\u0027Agoût"},"geometry":{"type":"LineString","coordinates":[[1.8240,43.7032],[1.8240,43.7034]]}},{"type":"Feature","properties":{"name":"L\u0027Agoût"},"geometry":{"type":"LineString","coordinates":[[1.8240,43.7034],[1.8278,43.7073],[1.8308,43.7090],[1.8398,43.7084],[1.8459,43.7093]]}},{"type":"Feature","properties":{"name":"Le Lens"},"geometry":{"type":"LineString","coordinates":[[0.9949,43.1168],[0.9972,43.1200],[0.9954,43.1226],[0.9924,43.1219],[0.9900,43.1251],[0.9927,43.1289]]}},{"type":"Feature","properties":{"name":"Le Lens"},"geometry":{"type":"LineString","coordinates":[[1.0025,43.1141],[1.0008,43.1144],[1.0004,43.1163],[0.9983,43.1161],[0.9962,43.1141],[0.9949,43.1168]]}},{"type":"Feature","properties":{"name":"Le Lens"},"geometry":{"type":"LineString","coordinates":[[1.0096,43.1132],[1.0062,43.1128],[1.0025,43.1141]]}},{"type":"Feature","properties":{"name":"Le Lens"},"geometry":{"type":"LineString","coordinates":[[1.0384,43.1003],[1.0332,43.0991],[1.0330,43.1001],[1.0314,43.1004],[1.0319,43.1009],[1.0283,43.1003],[1.0250,43.1016],[1.0249,43.1042],[1.0186,43.1053],[1.0183,43.1087],[1.0155,43.1096],[1.0156,43.1081],[1.0125,43.1092],[1.0117,43.1111],[1.0098,43.1118],[1.0096,43.1132]]}},{"type":"Feature","properties":{"name":"Le Lens"},"geometry":{"type":"LineString","coordinates":[[0.9927,43.1289],[0.9929,43.1298],[0.9906,43.1295],[0.9840,43.1323],[0.9808,43.1314],[0.9815,43.1343],[0.9800,43.1360],[0.9803,43.1372],[0.9791,43.1378]]}},{"type":"Feature","properties":{"name":"Le Lens"},"geometry":{"type":"LineString","coordinates":[[1.1241,43.0939],[1.1237,43.0928],[1.1188,43.0925],[1.1163,43.0936],[1.1079,43.0946],[1.1055,43.0977],[1.1046,43.0966],[1.0995,43.0965],[1.0988,43.0941],[1.0959,43.0956],[1.0924,43.0951],[1.0910,43.0964],[1.0892,43.0957],[1.0879,43.0969],[1.0875,43.0957],[1.0821,43.0955],[1.0812,43.0974],[1.0800,43.0977],[1.0755,43.0973],[1.0745,43.0951],[1.0720,43.0962],[1.0706,43.0951],[1.0654,43.0952],[1.0660,43.0990],[1.0642,43.1008],[1.0609,43.0991],[1.0550,43.0989],[1.0535,43.0973],[1.0506,43.0976],[1.0492,43.0967],[1.0447,43.0977],[1.0436,43.1005],[1.0412,43.0996],[1.0390,43.0995],[1.0384,43.1003]]}},{"type":"Feature","properties":{"name":"Le Lens"},"geometry":{"type":"LineString","coordinates":[[1.1065,43.0967],[1.1046,43.0966]]}},{"type":"Feature","properties":{"name":"La Pique"},"geometry":{"type":"LineString","coordinates":[[0.6046,42.8192],[0.6054,42.8237],[0.6044,42.8281],[0.6012,42.8325],[0.6018,42.8350],[0.5990,42.8372],[0.5996,42.8389],[0.5987,42.8430]]}},{"type":"Feature","properties":{"name":"La Pique"},"geometry":{"type":"LineString","coordinates":[[0.6099,42.7452],[0.6100,42.7485],[0.6082,42.7534],[0.6097,42.7543],[0.6101,42.7568],[0.6083,42.7593],[0.6097,42.7608],[0.6099,42.7661],[0.6108,42.7676],[0.6038,42.7707],[0.6043,42.7719],[0.6032,42.7759],[0.6001,42.7794],[0.5985,42.7836],[0.5995,42.7911],[0.6037,42.8020],[0.6020,42.8120],[0.6046,42.8192]]}},{"type":"Feature","properties":{"name":"La Pique"},"geometry":{"type":"LineString","coordinates":[[0.6472,42.9174],[0.6487,42.9181],[0.6479,42.9214],[0.6517,42.9246],[0.6517,42.9263]]}},{"type":"Feature","properties":{"name":"La Pique"},"geometry":{"type":"LineString","coordinates":[[0.6319,42.8997],[0.6335,42.9018],[0.6327,42.9044],[0.6352,42.9062],[0.6380,42.9113]]}},{"type":"Feature","properties":{"name":"La Pique"},"geometry":{"type":"LineString","coordinates":[[0.6274,42.8984],[0.6319,42.8997]]}},{"type":"Feature","properties":{"name":"La Pique"},"geometry":{"type":"LineString","coordinates":[[0.6214,42.8924],[0.6217,42.8939],[0.6274,42.8984]]}},{"type":"Feature","properties":{"name":"La Pique"},"geometry":{"type":"LineString","coordinates":[[0.6201,42.8904],[0.6222,42.8916],[0.6214,42.8924]]}},{"type":"Feature","properties":{"name":"La Pique"},"geometry":{"type":"LineString","coordinates":[[0.5987,42.8430],[0.6022,42.8459],[0.6009,42.8501],[0.6058,42.8565],[0.6055,42.8611],[0.6038,42.8651],[0.6107,42.8716],[0.6147,42.8781],[0.6117,42.8794],[0.6115,42.8807],[0.6129,42.8815],[0.6138,42.8838],[0.6161,42.8844],[0.6195,42.8883],[0.6201,42.8904]]}},{"type":"Feature","properties":{"name":"La Pique"},"geometry":{"type":"LineString","coordinates":[[0.6380,42.9113],[0.6398,42.9158],[0.6444,42.9176],[0.6472,42.9174]]}},{"type":"Feature","properties":{"name":"La Pique"},"geometry":{"type":"LineString","coordinates":[[0.6485,42.7215],[0.6364,42.7265],[0.6304,42.7280],[0.6257,42.7343],[0.6112,42.7431],[0.6099,42.7452]]}},{"type":"Feature","properties":{"name":"La Pique"},"geometry":{"type":"LineString","coordinates":[[0.6195,42.8883],[0.6199,42.8901]]}},{"type":"Feature","properties":{"name":"L\u0027One"},"geometry":{"type":"LineString","coordinates":[[0.5704,42.7958],[0.5751,42.7952]]}},{"type":"Feature","properties":{"name":"L\u0027One"},"geometry":{"type":"LineString","coordinates":[[0.5751,42.7952],[0.5790,42.7940]]}},{"type":"Feature","properties":{"name":"L\u0027One"},"geometry":{"type":"LineString","coordinates":[[0.5790,42.7940],[0.5906,42.7933],[0.5978,42.7944],[0.6013,42.7967]]}},{"type":"Feature","properties":{"name":"L\u0027One"},"geometry":{"type":"LineString","coordinates":[[0.5615,42.8030],[0.5645,42.8023],[0.5664,42.7970],[0.5704,42.7958]]}},{"type":"Feature","properties":{"name":"L\u0027Aston"},"geometry":{"type":"LineString","coordinates":[[1.6639,42.7103],[1.6650,42.7136],[1.6668,42.7153],[1.6675,42.7195],[1.6663,42.7227],[1.6635,42.7256],[1.6643,42.7325],[1.6665,42.7359],[1.6615,42.7374],[1.6587,42.7407],[1.6603,42.7416],[1.6609,42.7449],[1.6629,42.7467],[1.6615,42.7507],[1.6629,42.7546],[1.6620,42.7577],[1.6644,42.7612],[1.6645,42.7642],[1.6683,42.7680],[1.6680,42.7705],[1.6729,42.7717],[1.6779,42.7766],[1.6776,42.7790],[1.6764,42.7804],[1.6796,42.7838],[1.6787,42.7857],[1.6790,42.7908]]}},{"type":"Feature","properties":{"name":"L\u0027Aston"},"geometry":{"type":"LineString","coordinates":[[1.6666,42.7149],[1.6669,42.7159]]}},{"type":"Feature","properties":{"name":"Arriu de Varradòs"},"geometry":{"type":"LineString","coordinates":[[0.8605,42.7689],[0.8541,42.7694],[0.8443,42.7743],[0.8327,42.7765],[0.8299,42.7758],[0.8172,42.7757],[0.8123,42.7745],[0.7929,42.7750],[0.7896,42.7719],[0.7820,42.7708],[0.7817,42.7679],[0.7764,42.7658],[0.7766,42.7639],[0.7732,42.7613],[0.7724,42.7584],[0.7688,42.7566],[0.7676,42.7549],[0.7622,42.7530],[0.7611,42.7507],[0.7619,42.7495],[0.7593,42.7468],[0.7592,42.7456],[0.7560,42.7434],[0.7558,42.7414],[0.7538,42.7394],[0.7549,42.7384],[0.7537,42.7370]]}},{"type":"Feature","properties":{"name":"Vicdessos"},"geometry":{"type":"LineString","coordinates":[[1.4490,42.7165],[1.4500,42.7178],[1.4501,42.7219],[1.4522,42.7231],[1.4529,42.7253],[1.4576,42.7308],[1.4575,42.7331],[1.4587,42.7341],[1.4582,42.7352],[1.4626,42.7434],[1.4676,42.7454],[1.4739,42.7503],[1.4741,42.7538],[1.4761,42.7556],[1.4764,42.7582],[1.4778,42.7591],[1.4781,42.7608],[1.4798,42.7610],[1.4820,42.7636],[1.4852,42.7650],[1.4858,42.7665],[1.4915,42.7694],[1.5019,42.7680],[1.5057,42.7713],[1.5113,42.7733],[1.5114,42.7758],[1.5126,42.7767],[1.5190,42.7753],[1.5219,42.7773],[1.5411,42.7820],[1.5477,42.7849],[1.5580,42.7843],[1.5670,42.7896],[1.5733,42.7903],[1.5758,42.7930],[1.5797,42.7939],[1.5833,42.7964],[1.5839,42.7983],[1.5883,42.8021],[1.5897,42.8058],[1.5898,42.8072],[1.5882,42.8093],[1.5902,42.8142],[1.5893,42.8194],[1.5908,42.8237],[1.5907,42.8290],[1.5933,42.8325],[1.6005,42.8354],[1.6003,42.8381],[1.6042,42.8386],[1.6040,42.8436],[1.6060,42.8458]]}},{"type":"Feature","properties":{"name":"Le Ger"},"geometry":{"type":"LineString","coordinates":[[0.7918,42.9894],[0.7913,42.9906],[0.7924,42.9915],[0.7918,42.9922],[0.7934,42.9931],[0.7939,42.9954],[0.7964,42.9971],[0.7961,42.9986],[0.7986,43.0031],[0.7952,43.0069],[0.7979,43.0110],[0.7982,43.0132],[0.7971,43.0141],[0.7984,43.0156],[0.7973,43.0167],[0.7968,43.0199],[0.7941,43.0226],[0.7897,43.0246],[0.7898,43.0257],[0.7876,43.0283],[0.7864,43.0343],[0.7842,43.0351],[0.7840,43.0367],[0.7808,43.0406],[0.7802,43.0482],[0.7785,43.0510],[0.7756,43.0526],[0.7758,43.0543],[0.7724,43.0553],[0.7745,43.0576],[0.7732,43.0595],[0.7703,43.0605],[0.7706,43.0624],[0.7718,43.0629],[0.7715,43.0643],[0.7702,43.0643],[0.7652,43.0682],[0.7602,43.0682],[0.7586,43.0691],[0.7624,43.0716],[0.7626,43.0746],[0.7643,43.0763],[0.7632,43.0783],[0.7666,43.0808],[0.7705,43.0808],[0.7773,43.0838],[0.7815,43.0819],[0.7829,43.0800],[0.7903,43.0815],[0.7960,43.0861],[0.7974,43.0859],[0.7965,43.0840],[0.7971,43.0831],[0.8003,43.0834],[0.8038,43.0856],[0.8145,43.0847],[0.8199,43.0879],[0.8207,43.0890],[0.8201,43.0922],[0.8223,43.0928],[0.8224,43.0941],[0.8241,43.0946]]}},{"type":"Feature","properties":{"name":"Le Ger"},"geometry":{"type":"LineString","coordinates":[[0.7978,42.9604],[0.7948,42.9646],[0.7951,42.9666],[0.7916,42.9682],[0.7920,42.9708],[0.7890,42.9742],[0.7899,42.9789],[0.7889,42.9798],[0.7913,42.9806],[0.7928,42.9843],[0.7929,42.9877],[0.7918,42.9894]]}},{"type":"Feature","properties":{"name":"Ruisseau d\u0027Estours"},"geometry":{"type":"LineString","coordinates":[[1.1541,42.8273],[1.1627,42.8280],[1.1653,42.8311],[1.1700,42.8313],[1.1860,42.8392],[1.1880,42.8410],[1.1876,42.8431],[1.1906,42.8425]]}},{"type":"Feature","properties":{"name":"Ruisseau d\u0027Estours"},"geometry":{"type":"LineString","coordinates":[[1.1338,42.8027],[1.1392,42.8050],[1.1418,42.8092],[1.1432,42.8152],[1.1467,42.8202],[1.1469,42.8227],[1.1503,42.8257],[1.1534,42.8270]]}},{"type":"Feature","properties":{"name":"Le Baup"},"geometry":{"type":"LineString","coordinates":[[1.2608,42.9916],[1.2477,42.9946],[1.2469,42.9955],[1.2380,42.9968],[1.2314,42.9995],[1.2251,42.9961],[1.2241,42.9943],[1.2206,42.9921],[1.2173,42.9931],[1.2145,42.9926],[1.2064,42.9935],[1.2061,42.9941],[1.2033,42.9942],[1.2021,42.9933],[1.1988,42.9947],[1.1941,42.9942],[1.1879,42.9957],[1.1850,42.9940],[1.1829,42.9946],[1.1807,42.9926],[1.1785,42.9943],[1.1768,42.9940],[1.1753,42.9917],[1.1742,42.9925],[1.1716,42.9921],[1.1696,42.9944],[1.1674,42.9926],[1.1621,42.9920],[1.1613,42.9910],[1.1552,42.9931],[1.1523,42.9904],[1.1474,42.9923],[1.1420,42.9903]]}},{"type":"Feature","properties":{"name":"L\u0027Artillac"},"geometry":{"type":"LineString","coordinates":[[1.3360,42.9552],[1.3362,42.9580],[1.3376,42.9591],[1.3372,42.9630],[1.3388,42.9641],[1.3387,42.9663],[1.3408,42.9688],[1.3403,42.9703],[1.3432,42.9722]]}},{"type":"Feature","properties":{"name":"L\u0027Artillac"},"geometry":{"type":"LineString","coordinates":[[1.3329,42.9984],[1.3356,42.9998],[1.3509,43.0013],[1.3584,43.0054],[1.3664,43.0053],[1.3677,43.0085],[1.3699,43.0098],[1.3704,43.0130],[1.3734,43.0142],[1.3735,43.0149],[1.3718,43.0155],[1.3728,43.0175],[1.3717,43.0184]]}},{"type":"Feature","properties":{"name":"L\u0027Artillac"},"geometry":{"type":"LineString","coordinates":[[1.3380,42.9880],[1.3345,42.9900],[1.3310,42.9906],[1.3305,42.9922],[1.3324,42.9944],[1.3321,42.9971],[1.3329,42.9984]]}},{"type":"Feature","properties":{"name":"L\u0027Artillac"},"geometry":{"type":"LineString","coordinates":[[1.3382,42.9881],[1.3380,42.9880]]}},{"type":"Feature","properties":{"name":"L\u0027Artillac"},"geometry":{"type":"LineString","coordinates":[[1.3449,42.9803],[1.3447,42.9830],[1.3382,42.9881]]}},{"type":"Feature","properties":{"name":"L\u0027Artillac"},"geometry":{"type":"LineString","coordinates":[[1.3432,42.9722],[1.3433,42.9723]]}},{"type":"Feature","properties":{"name":"L\u0027Artillac"},"geometry":{"type":"LineString","coordinates":[[1.3433,42.9723],[1.3449,42.9741],[1.3460,42.9779],[1.3450,42.9802]]}},{"type":"Feature","properties":{"name":"L\u0027Artillac"},"geometry":{"type":"LineString","coordinates":[[1.3450,42.9802],[1.3449,42.9803]]}},{"type":"Feature","properties":{"name":"Le Grand Hers"},"geometry":{"type":"LineString","coordinates":[[1.8981,42.9214],[1.8996,42.9232],[1.9022,42.9312],[1.8989,42.9331],[1.8997,42.9367],[1.8989,42.9373],[1.8994,42.9404],[1.8987,42.9420],[1.9021,42.9426],[1.9019,42.9448],[1.9030,42.9475],[1.9063,42.9476],[1.9070,42.9507],[1.9098,42.9528],[1.9089,42.9541],[1.9097,42.9552],[1.9110,42.9558],[1.9132,42.9549],[1.9218,42.9543],[1.9238,42.9557],[1.9259,42.9547],[1.9301,42.9559],[1.9315,42.9553],[1.9315,42.9543],[1.9366,42.9539],[1.9447,42.9564]]}},{"type":"Feature","properties":{"name":"Le Grand Hers"},"geometry":{"type":"LineString","coordinates":[[1.7407,43.1109],[1.7385,43.1137],[1.7412,43.1155],[1.7405,43.1166],[1.7391,43.1170],[1.7366,43.1157],[1.7318,43.1190],[1.7343,43.1201],[1.7401,43.1261],[1.7385,43.1279],[1.7331,43.1306],[1.7329,43.1332],[1.7308,43.1368],[1.7320,43.1426],[1.7297,43.1442],[1.7290,43.1464],[1.7288,43.1515],[1.7299,43.1546],[1.7353,43.1580],[1.7346,43.1598],[1.7324,43.1608],[1.7325,43.1620],[1.7375,43.1620],[1.7356,43.1641],[1.7337,43.1697],[1.7307,43.1734],[1.7313,43.1744],[1.7361,43.1744],[1.7382,43.1755],[1.7362,43.1792]]}},{"type":"Feature","properties":{"name":"Le Grand Hers"},"geometry":{"type":"LineString","coordinates":[[1.8944,42.8785],[1.8982,42.8825],[1.9048,42.8867],[1.9068,42.8860],[1.9095,42.8883],[1.9144,42.8890],[1.9171,42.8909],[1.9197,42.8900],[1.9263,42.8926]]}},{"type":"Feature","properties":{"name":"Le Grand Hers"},"geometry":{"type":"LineString","coordinates":[[1.8387,43.0851],[1.8403,43.0830],[1.8369,43.0817],[1.8351,43.0838],[1.8337,43.0840],[1.8318,43.0826],[1.8309,43.0830],[1.8310,43.0847],[1.8282,43.0852],[1.8262,43.0840],[1.8264,43.0820],[1.8236,43.0821],[1.8237,43.0810],[1.8254,43.0805],[1.8249,43.0795],[1.8216,43.0786],[1.8219,43.0771],[1.8181,43.0760],[1.8155,43.0764],[1.8129,43.0782],[1.8120,43.0768],[1.8104,43.0767],[1.8030,43.0796],[1.8009,43.0791],[1.7995,43.0773],[1.7976,43.0773],[1.7921,43.0816],[1.7869,43.0806],[1.7861,43.0798],[1.7867,43.0782],[1.7813,43.0789],[1.7772,43.0812],[1.7760,43.0829],[1.7775,43.0870],[1.7751,43.0888],[1.7722,43.0897],[1.7683,43.0887],[1.7649,43.0913],[1.7587,43.0877],[1.7581,43.0880],[1.7592,43.0920],[1.7604,43.0927],[1.7597,43.0936],[1.7585,43.0940],[1.7538,43.0924],[1.7509,43.0928],[1.7495,43.0960],[1.7455,43.0976],[1.7429,43.1001],[1.7407,43.1109]]}},{"type":"Feature","properties":{"name":"Le Grand Hers"},"geometry":{"type":"LineString","coordinates":[[1.9354,43.0441],[1.9357,43.0448],[1.9384,43.0445],[1.9424,43.0476],[1.9423,43.0491],[1.9399,43.0499],[1.9437,43.0536],[1.9422,43.0558],[1.9424,43.0591],[1.9409,43.0616],[1.9371,43.0617],[1.9345,43.0605],[1.9332,43.0627],[1.9357,43.0695],[1.9419,43.0703],[1.9430,43.0714],[1.9437,43.0761],[1.9454,43.0798],[1.9431,43.0813],[1.9351,43.0814],[1.9316,43.0851],[1.9242,43.0871],[1.9222,43.0895],[1.9179,43.0912],[1.9157,43.0934],[1.9098,43.0920],[1.9011,43.0855],[1.8988,43.0863],[1.8985,43.0892],[1.8935,43.0897],[1.8933,43.0915],[1.8892,43.0896],[1.8863,43.0926],[1.8831,43.0923],[1.8771,43.0937],[1.8704,43.0932],[1.8679,43.0906],[1.8664,43.0914],[1.8597,43.0909],[1.8561,43.0928],[1.8545,43.0912],[1.8511,43.0906],[1.8508,43.0895],[1.8526,43.0885],[1.8525,43.0877],[1.8474,43.0870],[1.8462,43.0878],[1.8465,43.0890],[1.8451,43.0894],[1.8424,43.0873],[1.8397,43.0869],[1.8387,43.0851]]}},{"type":"Feature","properties":{"name":"Le Grand Hers"},"geometry":{"type":"LineString","coordinates":[[1.7362,43.1792],[1.7366,43.1819],[1.7350,43.1851],[1.7373,43.1891],[1.7335,43.1922],[1.7388,43.1976],[1.7339,43.1983],[1.7365,43.2006],[1.7383,43.2040],[1.7473,43.2060],[1.7476,43.2116],[1.7448,43.2141],[1.7431,43.2138],[1.7415,43.2119],[1.7365,43.2154],[1.7350,43.2193],[1.7257,43.2228],[1.7244,43.2264],[1.7180,43.2291],[1.7160,43.2322],[1.7165,43.2343],[1.7157,43.2362],[1.7035,43.2389],[1.7022,43.2406],[1.7026,43.2420],[1.7071,43.2443],[1.7066,43.2457],[1.7047,43.2459],[1.7004,43.2446],[1.6954,43.2467],[1.6944,43.2488],[1.6886,43.2470],[1.6856,43.2476],[1.6849,43.2507],[1.6812,43.2515],[1.6806,43.2532],[1.6763,43.2562],[1.6710,43.2621],[1.6650,43.2647],[1.6645,43.2660],[1.6659,43.2695],[1.6629,43.2725],[1.6613,43.2731],[1.6563,43.2724],[1.6552,43.2754],[1.6524,43.2759],[1.6517,43.2776],[1.6496,43.2784],[1.6442,43.2768],[1.6438,43.2789],[1.6449,43.2815],[1.6442,43.2831],[1.6388,43.2816],[1.6360,43.2861],[1.6314,43.2863],[1.6246,43.2887],[1.6223,43.2906],[1.6150,43.2900],[1.6140,43.2908],[1.6142,43.2947],[1.6114,43.2947],[1.6086,43.2930],[1.6056,43.2944],[1.6026,43.2944],[1.5991,43.2918],[1.5964,43.2913],[1.5943,43.2929],[1.5898,43.2938],[1.5874,43.2957],[1.5886,43.3009],[1.5801,43.3022],[1.5744,43.3049],[1.5702,43.3051],[1.5625,43.3080],[1.5577,43.3090],[1.5515,43.3063]]}},{"type":"Feature","properties":{"name":"Le Grand Hers"},"geometry":{"type":"LineString","coordinates":[[1.9263,42.8926],[1.9277,42.8937],[1.9263,42.8980],[1.9280,42.8987],[1.9290,42.8980],[1.9308,42.9016],[1.9343,42.9019],[1.9369,42.9035],[1.9370,42.9046],[1.9347,42.9066],[1.9346,42.9084],[1.9329,42.9087],[1.9329,42.9108],[1.9306,42.9103],[1.9282,42.9128],[1.9213,42.9131],[1.9156,42.9152],[1.9053,42.9167],[1.8992,42.9190],[1.8981,42.9214]]}},{"type":"Feature","properties":{"name":"Le Grand Hers"},"geometry":{"type":"LineString","coordinates":[[1.9447,42.9564],[1.9497,42.9562],[1.9534,42.9547],[1.9563,42.9556],[1.9694,42.9544],[1.9724,42.9550],[1.9724,42.9576],[1.9801,42.9593]]}},{"type":"Feature","properties":{"name":"Le Grand Hers"},"geometry":{"type":"LineString","coordinates":[[2.0009,42.9698],[1.9995,42.9730],[2.0017,42.9743],[2.0007,42.9768],[2.0029,42.9794],[2.0026,42.9825],[2.0009,42.9843],[2.0006,42.9883],[2.0016,42.9901],[2.0010,42.9948],[2.0039,42.9956],[2.0062,42.9979],[2.0059,43.0000],[2.0033,43.0003],[1.9985,42.9987],[1.9940,42.9997],[1.9901,43.0023],[1.9894,43.0060],[1.9901,43.0085],[1.9849,43.0089],[1.9834,43.0105],[1.9817,43.0093],[1.9760,43.0081],[1.9696,43.0079],[1.9654,43.0088],[1.9657,43.0101],[1.9692,43.0119],[1.9668,43.0127],[1.9630,43.0120],[1.9624,43.0148],[1.9646,43.0175],[1.9689,43.0192],[1.9713,43.0228],[1.9689,43.0244],[1.9638,43.0221],[1.9597,43.0255],[1.9552,43.0239],[1.9497,43.0262],[1.9492,43.0309],[1.9420,43.0316],[1.9391,43.0373],[1.9337,43.0393],[1.9354,43.0441]]}},{"type":"Feature","properties":{"name":"Le Grand Hers"},"geometry":{"type":"LineString","coordinates":[[1.9922,42.9536],[1.9952,42.9530],[1.9968,42.9545],[1.9990,42.9542],[1.9995,42.9556],[2.0014,42.9567],[2.0007,42.9585],[2.0028,42.9586],[2.0063,42.9625],[2.0011,42.9643],[2.0008,42.9660],[2.0040,42.9660],[2.0010,42.9685],[2.0009,42.9698]]}},{"type":"Feature","properties":{"name":"Le Grand Hers"},"geometry":{"type":"LineString","coordinates":[[1.9884,42.9537],[1.9922,42.9536]]}},{"type":"Feature","properties":{"name":"Le Grand Hers"},"geometry":{"type":"LineString","coordinates":[[1.9801,42.9593],[1.9884,42.9537]]}},{"type":"Feature","properties":{"name":"Le Grand Hers"},"geometry":{"type":"LineString","coordinates":[[1.8791,42.8590],[1.8904,42.8678],[1.8908,42.8709]]}},{"type":"Feature","properties":{"name":"Le Grand Hers"},"geometry":{"type":"LineString","coordinates":[[1.8908,42.8709],[1.8918,42.8736],[1.8909,42.8754],[1.8920,42.8774],[1.8944,42.8785]]}},{"type":"Feature","properties":{"name":"La Neste d\u0027Oô"},"geometry":{"type":"LineString","coordinates":[[0.5009,42.7648],[0.5013,42.7687],[0.5030,42.7723],[0.5024,42.7732],[0.5035,42.7756],[0.5052,42.7764],[0.5062,42.7798],[0.5057,42.7807],[0.5068,42.7820],[0.5060,42.7825],[0.5057,42.7846],[0.5067,42.7862],[0.5051,42.7919],[0.5059,42.7962],[0.5118,42.7998],[0.5158,42.8008],[0.5217,42.8004],[0.5314,42.8031],[0.5350,42.8030],[0.5370,42.8041],[0.5430,42.8048],[0.5507,42.8041],[0.5554,42.8054],[0.5615,42.8030]]}},{"type":"Feature","properties":{"name":"Le Tescou"},"geometry":{"type":"LineString","coordinates":[[1.6850,43.9168],[1.6645,43.9175],[1.6564,43.9169],[1.6433,43.9201],[1.6352,43.9186],[1.6213,43.9197],[1.5938,43.9166],[1.5690,43.9168],[1.5570,43.9181],[1.5492,43.9170]]}},{"type":"Feature","properties":{"name":"Le Tescou"},"geometry":{"type":"LineString","coordinates":[[1.5425,43.9202],[1.5252,43.9246],[1.5136,43.9300],[1.5006,43.9331],[1.4874,43.9381],[1.4836,43.9383],[1.4776,43.9430],[1.4637,43.9486],[1.4605,43.9521],[1.4558,43.9521],[1.4408,43.9599],[1.4192,43.9755],[1.4093,43.9813]]}},{"type":"Feature","properties":{"name":"Le Tescou"},"geometry":{"type":"LineString","coordinates":[[1.5492,43.9170],[1.5425,43.9202]]}},{"type":"Feature","properties":{"name":"Le Tescou"},"geometry":{"type":"LineString","coordinates":[[1.7502,43.9102],[1.7441,43.9105],[1.7344,43.9095],[1.7181,43.9141],[1.7090,43.9133],[1.6984,43.9157]]}},{"type":"Feature","properties":{"name":"Le Tescou"},"geometry":{"type":"LineString","coordinates":[[1.6851,43.9168],[1.6850,43.9168]]}},{"type":"Feature","properties":{"name":"Le Tescou"},"geometry":{"type":"LineString","coordinates":[[1.6983,43.9157],[1.6898,43.9174],[1.6851,43.9168]]}},{"type":"Feature","properties":{"name":"Le Tescou"},"geometry":{"type":"LineString","coordinates":[[1.6984,43.9157],[1.6983,43.9157]]}},{"type":"Feature","properties":{"name":"La Saune Ruisseau"},"geometry":{"type":"LineString","coordinates":[[1.6110,43.5470],[1.5907,43.5559]]}},{"type":"Feature","properties":{"name":"La Saune Ruisseau"},"geometry":{"type":"LineString","coordinates":[[1.6266,43.5413],[1.6212,43.5432]]}},{"type":"Feature","properties":{"name":"La Saune Ruisseau"},"geometry":{"type":"LineString","coordinates":[[1.5829,43.5582],[1.5692,43.5651],[1.5643,43.5663]]}},{"type":"Feature","properties":{"name":"La Saune Ruisseau"},"geometry":{"type":"LineString","coordinates":[[1.5885,43.5564],[1.5829,43.5582]]}},{"type":"Feature","properties":{"name":"La Saune Ruisseau"},"geometry":{"type":"LineString","coordinates":[[1.5907,43.5559],[1.5888,43.5563]]}},{"type":"Feature","properties":{"name":"La Saune Ruisseau"},"geometry":{"type":"LineString","coordinates":[[1.5888,43.5563],[1.5885,43.5564]]}},{"type":"Feature","properties":{"name":"L\u0027Aussonnelle"},"geometry":{"type":"LineString","coordinates":[[1.1531,43.5480],[1.1687,43.5488],[1.1711,43.5472],[1.1775,43.5490],[1.1870,43.5493],[1.1895,43.5514],[1.1983,43.5528],[1.2008,43.5524],[1.2113,43.5555],[1.2154,43.5594],[1.2147,43.5612],[1.2158,43.5631],[1.2262,43.5652],[1.2347,43.5635],[1.2409,43.5646],[1.2420,43.5663],[1.2431,43.5662],[1.2430,43.5670],[1.2447,43.5662],[1.2500,43.5693],[1.2536,43.5694],[1.2576,43.5724],[1.2662,43.5742],[1.2699,43.5765],[1.2705,43.5811],[1.2698,43.5851],[1.2709,43.5869],[1.2760,43.5887],[1.2772,43.5923],[1.2808,43.5948],[1.2809,43.5959],[1.2794,43.5966],[1.2802,43.5976],[1.2845,43.5987],[1.2841,43.5994]]}},{"type":"Feature","properties":{"name":"L\u0027Aussonnelle"},"geometry":{"type":"LineString","coordinates":[[1.2841,43.5994],[1.2847,43.5999],[1.2830,43.6031],[1.2856,43.6045]]}},{"type":"Feature","properties":{"name":"L\u0027Aussonnelle"},"geometry":{"type":"LineString","coordinates":[[1.2906,43.6078],[1.2941,43.6082],[1.2958,43.6121],[1.2982,43.6132],[1.2983,43.6144],[1.2969,43.6151],[1.2970,43.6174],[1.2998,43.6200],[1.2989,43.6207],[1.2981,43.6202],[1.2972,43.6235],[1.3043,43.6306],[1.3035,43.6327],[1.3102,43.6332],[1.3114,43.6359],[1.3160,43.6369],[1.3180,43.6384],[1.3197,43.6422],[1.3224,43.6431],[1.3277,43.6424],[1.3293,43.6445],[1.3290,43.6474],[1.3222,43.6481],[1.3218,43.6504],[1.3296,43.6543],[1.3300,43.6573],[1.3286,43.6607],[1.3324,43.6621],[1.3335,43.6639],[1.3325,43.6660],[1.3336,43.6674],[1.3328,43.6682],[1.3340,43.6693],[1.3333,43.6710],[1.3291,43.6714],[1.3267,43.6705],[1.3246,43.6720],[1.3267,43.6740],[1.3322,43.6763],[1.3317,43.6814],[1.3325,43.6823],[1.3346,43.6816],[1.3369,43.6825],[1.3366,43.6840],[1.3380,43.6843],[1.3385,43.6865],[1.3416,43.6889],[1.3454,43.6882],[1.3455,43.6890],[1.3478,43.6892],[1.3497,43.6913],[1.3530,43.6916],[1.3540,43.6903],[1.3545,43.6915],[1.3583,43.6927],[1.3589,43.6978],[1.3497,43.7093]]}},{"type":"Feature","properties":{"name":"L\u0027Aussonnelle"},"geometry":{"type":"LineString","coordinates":[[1.2886,43.6048],[1.2903,43.6070],[1.2895,43.6074],[1.2906,43.6078]]}},{"type":"Feature","properties":{"name":"L\u0027Aussonnelle"},"geometry":{"type":"LineString","coordinates":[[1.2856,43.6045],[1.2886,43.6048]]}},{"type":"Feature","properties":{"name":"Le Volp"},"geometry":{"type":"LineString","coordinates":[[1.1946,43.0953],[1.1908,43.0980],[1.1895,43.1012],[1.1879,43.1017],[1.1887,43.1024],[1.1872,43.1028],[1.1877,43.1038],[1.1867,43.1043],[1.1868,43.1052],[1.1887,43.1065],[1.1866,43.1073],[1.1879,43.1109],[1.1865,43.1113],[1.1871,43.1125],[1.1854,43.1153],[1.1834,43.1154],[1.1846,43.1186],[1.1812,43.1192],[1.1806,43.1203]]}},{"type":"Feature","properties":{"name":"Le Volp"},"geometry":{"type":"LineString","coordinates":[[1.1806,43.1203],[1.1819,43.1207],[1.1796,43.1218],[1.1806,43.1231],[1.1773,43.1228],[1.1685,43.1271],[1.1683,43.1293],[1.1652,43.1292],[1.1620,43.1323],[1.1579,43.1322],[1.1562,43.1343],[1.1533,43.1340],[1.1513,43.1348]]}},{"type":"Feature","properties":{"name":"Le Volp"},"geometry":{"type":"LineString","coordinates":[[1.1513,43.1348],[1.1503,43.1358],[1.1478,43.1351],[1.1470,43.1362],[1.1446,43.1366],[1.1439,43.1376],[1.1447,43.1387],[1.1428,43.1391],[1.1421,43.1418],[1.1433,43.1428],[1.1450,43.1426],[1.1456,43.1437],[1.1426,43.1449],[1.1403,43.1443],[1.1327,43.1519],[1.1298,43.1523],[1.1278,43.1538],[1.1267,43.1553],[1.1270,43.1580],[1.1231,43.1583],[1.1233,43.1599],[1.1212,43.1621],[1.1231,43.1640],[1.1205,43.1659],[1.1179,43.1661],[1.1170,43.1701]]}},{"type":"Feature","properties":{"name":"Le Volp"},"geometry":{"type":"LineString","coordinates":[[1.1170,43.1701],[1.1192,43.1709],[1.1191,43.1725],[1.1171,43.1729],[1.1194,43.1753],[1.1171,43.1750],[1.1172,43.1792],[1.1129,43.1790],[1.1155,43.1823],[1.1134,43.1822],[1.1126,43.1832],[1.1136,43.1840],[1.1128,43.1850],[1.1101,43.1856],[1.1116,43.1879],[1.1132,43.1881],[1.1115,43.1903],[1.1125,43.1911],[1.1118,43.1921],[1.1125,43.1943],[1.1109,43.1961],[1.1090,43.1964],[1.1116,43.1968],[1.1106,43.1973],[1.1107,43.2000],[1.1071,43.1982],[1.1058,43.2005],[1.1079,43.2018],[1.1099,43.2017],[1.1124,43.2044],[1.1089,43.2057],[1.1084,43.2072]]}},{"type":"Feature","properties":{"name":"Le Volp"},"geometry":{"type":"LineString","coordinates":[[1.2004,43.0812],[1.1996,43.0813],[1.1996,43.0836],[1.1969,43.0849],[1.1942,43.0843],[1.1936,43.0865],[1.1926,43.0856],[1.1905,43.0865],[1.1921,43.0877],[1.1923,43.0904],[1.1959,43.0891],[1.1994,43.0898],[1.1999,43.0922],[1.2020,43.0916],[1.2015,43.0931],[1.1987,43.0941],[1.1979,43.0954],[1.1946,43.0953]]}},{"type":"Feature","properties":{"name":"Le Bagas"},"geometry":{"type":"LineString","coordinates":[[2.0945,43.6414],[2.0904,43.6343],[2.0834,43.6315],[2.0831,43.6298],[2.0861,43.6278],[2.0861,43.6267],[2.0833,43.6256],[2.0769,43.6266],[2.0750,43.6259],[2.0727,43.6229]]}},{"type":"Feature","properties":{"name":"L\u0027Arbas"},"geometry":{"type":"LineString","coordinates":[[0.8922,42.9675],[0.8960,42.9695],[0.8973,42.9724],[0.8991,42.9735],[0.8983,42.9799],[0.8990,42.9829],[0.9030,42.9860],[0.9041,42.9898],[0.9034,42.9906],[0.9037,42.9926],[0.9071,42.9965]]}},{"type":"Feature","properties":{"name":"L\u0027Arbas"},"geometry":{"type":"LineString","coordinates":[[0.9138,43.0224],[0.9151,43.0239],[0.9188,43.0240],[0.9201,43.0251],[0.9201,43.0280],[0.9218,43.0296],[0.9203,43.0316],[0.9211,43.0325],[0.9241,43.0319],[0.9249,43.0324],[0.9237,43.0332],[0.9281,43.0347],[0.9326,43.0341],[0.9328,43.0389],[0.9307,43.0416],[0.9304,43.0438],[0.9284,43.0448],[0.9284,43.0476],[0.9296,43.0485],[0.9286,43.0511],[0.9294,43.0513],[0.9311,43.0623],[0.9324,43.0632],[0.9335,43.0619],[0.9356,43.0616],[0.9364,43.0625],[0.9437,43.0637],[0.9446,43.0663],[0.9439,43.0684],[0.9499,43.0716],[0.9507,43.0740],[0.9520,43.0747],[0.9501,43.0765],[0.9506,43.0791],[0.9495,43.0811],[0.9541,43.0830]]}},{"type":"Feature","properties":{"name":"L\u0027Arbas"},"geometry":{"type":"LineString","coordinates":[[0.9071,42.9965],[0.9067,43.0010],[0.9030,43.0058],[0.9046,43.0067],[0.9045,43.0091],[0.9062,43.0133],[0.9058,43.0156]]}},{"type":"Feature","properties":{"name":"L\u0027Arbas"},"geometry":{"type":"LineString","coordinates":[[0.9058,43.0156],[0.9090,43.0172],[0.9073,43.0185],[0.9107,43.0200],[0.9123,43.0227],[0.9138,43.0224]]}},{"type":"Feature","properties":{"name":"Le Fresquel"},"geometry":{"type":"LineString","coordinates":[[2.0667,43.2906],[2.0713,43.2891],[2.0764,43.2847],[2.0816,43.2831],[2.0838,43.2803],[2.0892,43.2793],[2.0963,43.2749],[2.1007,43.2736],[2.1046,43.2694],[2.1069,43.2693],[2.1200,43.2624],[2.1294,43.2593],[2.1368,43.2534],[2.1527,43.2518],[2.1703,43.2517],[2.1723,43.2511],[2.1728,43.2495],[2.1838,43.2512],[2.1897,43.2497],[2.1941,43.2504],[2.1975,43.2493],[2.1991,43.2496],[2.2008,43.2514],[2.2057,43.2521],[2.2120,43.2482],[2.2177,43.2473],[2.2194,43.2458],[2.2217,43.2471],[2.2253,43.2462]]}},{"type":"Feature","properties":{"name":"Le Fresquel"},"geometry":{"type":"LineString","coordinates":[[1.9125,43.3623],[1.9155,43.3603],[1.9177,43.3558],[1.9217,43.3541],[1.9238,43.3516],[1.9385,43.3499],[1.9445,43.3475],[1.9467,43.3453],[1.9608,43.3433],[1.9710,43.3400],[1.9784,43.3350],[1.9786,43.3339],[1.9862,43.3278],[1.9901,43.3278],[1.9949,43.3259],[2.0021,43.3194],[2.0026,43.3154],[2.0040,43.3134],[2.0156,43.3069],[2.0155,43.3054],[2.0171,43.3045],[2.0215,43.3042],[2.0259,43.3013],[2.0429,43.2970],[2.0531,43.2973],[2.0616,43.2942],[2.0626,43.2924],[2.0667,43.2906]]}},{"type":"Feature","properties":{"name":"Le Fresquel"},"geometry":{"type":"LineString","coordinates":[[1.8135,43.3486],[1.8139,43.3492]]}},{"type":"Feature","properties":{"name":"Le Fresquel"},"geometry":{"type":"LineString","coordinates":[[1.8809,43.3522],[1.8841,43.3519]]}},{"type":"Feature","properties":{"name":"Le Fresquel"},"geometry":{"type":"LineString","coordinates":[[1.8995,43.3567],[1.9040,43.3607]]}},{"type":"Feature","properties":{"name":"Le Fresquel"},"geometry":{"type":"LineString","coordinates":[[1.8777,43.3518],[1.8809,43.3522]]}},{"type":"Feature","properties":{"name":"Le Fresquel"},"geometry":{"type":"LineString","coordinates":[[1.8841,43.3519],[1.8888,43.3506],[1.8952,43.3513],[1.8995,43.3567]]}},{"type":"Feature","properties":{"name":"Le Fresquel"},"geometry":{"type":"LineString","coordinates":[[1.9040,43.3607],[1.9077,43.3640]]}},{"type":"Feature","properties":{"name":"Le Fresquel"},"geometry":{"type":"LineString","coordinates":[[1.9077,43.3640],[1.9125,43.3623]]}},{"type":"Feature","properties":{"name":"Le Fresquel"},"geometry":{"type":"LineString","coordinates":[[1.8143,43.3496],[1.8168,43.3496]]}},{"type":"Feature","properties":{"name":"Le Fresquel"},"geometry":{"type":"LineString","coordinates":[[1.8139,43.3492],[1.8143,43.3496]]}},{"type":"Feature","properties":{"name":"Le Fresquel"},"geometry":{"type":"LineString","coordinates":[[1.8212,43.3479],[1.8229,43.3494],[1.8276,43.3461],[1.8466,43.3436],[1.8505,43.3451],[1.8535,43.3452],[1.8574,43.3477],[1.8582,43.3494],[1.8697,43.3502],[1.8729,43.3517],[1.8777,43.3518]]}},{"type":"Feature","properties":{"name":"Le Fresquel"},"geometry":{"type":"LineString","coordinates":[[1.8209,43.3476],[1.8212,43.3479]]}},{"type":"Feature","properties":{"name":"Le Fresquel"},"geometry":{"type":"LineString","coordinates":[[1.8168,43.3496],[1.8169,43.3496]]}},{"type":"Feature","properties":{"name":"Le Fresquel"},"geometry":{"type":"LineString","coordinates":[[1.8169,43.3496],[1.8209,43.3476]]}},{"type":"Feature","properties":{"name":"L\u0027Auloue"},"geometry":{"type":"LineString","coordinates":[[0.4316,43.8276],[0.4317,43.8329],[0.4350,43.8345],[0.4346,43.8365],[0.4325,43.8393],[0.4329,43.8399],[0.4297,43.8409],[0.4288,43.8432],[0.4264,43.8437],[0.4257,43.8454]]}},{"type":"Feature","properties":{"name":"L\u0027Auloue"},"geometry":{"type":"LineString","coordinates":[[0.4486,43.7075],[0.4495,43.7155],[0.4431,43.7227],[0.4388,43.7246],[0.4358,43.7282],[0.4353,43.7314],[0.4368,43.7322],[0.4370,43.7353],[0.4332,43.7401],[0.4332,43.7443],[0.4279,43.7484],[0.4287,43.7510],[0.4276,43.7520],[0.4284,43.7530],[0.4275,43.7540],[0.4312,43.7560],[0.4324,43.7608],[0.4294,43.7657],[0.4288,43.7702],[0.4277,43.7710],[0.4291,43.7738]]}},{"type":"Feature","properties":{"name":"L\u0027Auloue"},"geometry":{"type":"LineString","coordinates":[[0.4247,43.8490],[0.4229,43.8506],[0.4197,43.8503],[0.4197,43.8512],[0.4175,43.8515],[0.4164,43.8561],[0.4141,43.8580],[0.4134,43.8600],[0.4109,43.8618],[0.4101,43.8612],[0.4084,43.8621],[0.4074,43.8645],[0.4083,43.8661],[0.4078,43.8678],[0.4087,43.8682]]}},{"type":"Feature","properties":{"name":"L\u0027Auloue"},"geometry":{"type":"LineString","coordinates":[[0.4257,43.8454],[0.4260,43.8472],[0.4247,43.8490]]}},{"type":"Feature","properties":{"name":"L\u0027Auloue"},"geometry":{"type":"LineString","coordinates":[[0.4358,43.7947],[0.4311,43.7992],[0.4322,43.8014],[0.4304,43.8035],[0.4311,43.8052],[0.4291,43.8065],[0.4289,43.8113],[0.4319,43.8145],[0.4312,43.8152]]}},{"type":"Feature","properties":{"name":"L\u0027Auloue"},"geometry":{"type":"LineString","coordinates":[[0.4325,43.7806],[0.4333,43.7833],[0.4367,43.7856],[0.4404,43.7915],[0.4358,43.7947]]}},{"type":"Feature","properties":{"name":"L\u0027Auloue"},"geometry":{"type":"LineString","coordinates":[[0.4291,43.7738],[0.4299,43.7765]]}},{"type":"Feature","properties":{"name":"L\u0027Auloue"},"geometry":{"type":"LineString","coordinates":[[0.4312,43.8152],[0.4344,43.8217],[0.4337,43.8248],[0.4317,43.8266]]}},{"type":"Feature","properties":{"name":"L\u0027Auloue"},"geometry":{"type":"LineString","coordinates":[[0.4317,43.8266],[0.4316,43.8276]]}},{"type":"Feature","properties":{"name":"L\u0027Auloue"},"geometry":{"type":"LineString","coordinates":[[0.4324,43.7805],[0.4325,43.7806]]}},{"type":"Feature","properties":{"name":"L\u0027Auloue"},"geometry":{"type":"LineString","coordinates":[[0.4299,43.7765],[0.4324,43.7805]]}},{"type":"Feature","properties":{"name":"Le Pujol"},"geometry":{"type":"LineString","coordinates":[[1.3019,43.0389],[1.3046,43.0405],[1.3079,43.0444],[1.3186,43.0483],[1.3294,43.0492],[1.3305,43.0505]]}},{"type":"Feature","properties":{"name":"Le Pujol"},"geometry":{"type":"LineString","coordinates":[[1.2902,43.0284],[1.2924,43.0283]]}},{"type":"Feature","properties":{"name":"Le Pujol"},"geometry":{"type":"LineString","coordinates":[[1.2973,43.0323],[1.2994,43.0344],[1.2994,43.0364],[1.3018,43.0379],[1.3019,43.0389]]}},{"type":"Feature","properties":{"name":"Le Pujol"},"geometry":{"type":"LineString","coordinates":[[1.2975,43.0322],[1.2973,43.0323]]}},{"type":"Feature","properties":{"name":"Le Pujol"},"geometry":{"type":"LineString","coordinates":[[1.2924,43.0283],[1.2925,43.0283]]}},{"type":"Feature","properties":{"name":"Le Pujol"},"geometry":{"type":"LineString","coordinates":[[1.2925,43.0283],[1.2966,43.0301],[1.2975,43.0322]]}},{"type":"Feature","properties":{"name":"La Lambronne"},"geometry":{"type":"LineString","coordinates":[[2.0475,43.0304],[2.0453,43.0326],[2.0431,43.0333],[2.0443,43.0345],[2.0429,43.0347],[2.0434,43.0373],[2.0413,43.0411]]}},{"type":"Feature","properties":{"name":"La Lambronne"},"geometry":{"type":"LineString","coordinates":[[2.0772,43.0139],[2.0717,43.0135],[2.0639,43.0181],[2.0610,43.0184],[2.0588,43.0204],[2.0572,43.0201],[2.0552,43.0214],[2.0553,43.0227],[2.0538,43.0232],[2.0525,43.0256],[2.0484,43.0268],[2.0475,43.0304]]}},{"type":"Feature","properties":{"name":"La Lambronne"},"geometry":{"type":"LineString","coordinates":[[2.0414,43.0412],[2.0412,43.0423],[2.0383,43.0434],[2.0355,43.0463]]}},{"type":"Feature","properties":{"name":"La Lambronne"},"geometry":{"type":"LineString","coordinates":[[2.0355,43.0463],[2.0355,43.0464]]}},{"type":"Feature","properties":{"name":"La Lambronne"},"geometry":{"type":"LineString","coordinates":[[2.0413,43.0411],[2.0414,43.0412]]}},{"type":"Feature","properties":{"name":"La Lambronne"},"geometry":{"type":"LineString","coordinates":[[2.0355,43.0464],[2.0352,43.0492],[2.0312,43.0510],[2.0320,43.0540],[2.0306,43.0544],[2.0304,43.0558],[2.0280,43.0570],[2.0262,43.0567],[2.0221,43.0603],[2.0214,43.0591],[2.0206,43.0595],[2.0165,43.0629],[2.0133,43.0645],[2.0118,43.0643],[2.0104,43.0662],[2.0064,43.0664],[2.0038,43.0688],[2.0006,43.0678],[1.9974,43.0716],[1.9974,43.0733],[1.9937,43.0738],[1.9933,43.0766],[1.9896,43.0768],[1.9890,43.0784],[1.9842,43.0794],[1.9815,43.0784],[1.9813,43.0800],[1.9793,43.0821],[1.9770,43.0816],[1.9765,43.0839],[1.9728,43.0833],[1.9689,43.0809],[1.9672,43.0818],[1.9658,43.0807],[1.9638,43.0814],[1.9626,43.0800],[1.9556,43.0813],[1.9512,43.0794],[1.9485,43.0812],[1.9454,43.0798]]}},{"type":"Feature","properties":{"name":"Arriu deth Horcalh"},"geometry":{"type":"LineString","coordinates":[[0.9768,42.7749],[0.9759,42.7719],[0.9737,42.7689],[0.9740,42.7670],[0.9720,42.7657],[0.9740,42.7635],[0.9757,42.7594],[0.9801,42.7564],[0.9801,42.7537],[0.9826,42.7529],[0.9869,42.7541]]}},{"type":"Feature","properties":{"name":"La Gesse"},"geometry":{"type":"LineString","coordinates":[[0.7857,43.3880],[0.7868,43.3903],[0.7899,43.3917],[0.7910,43.3942],[0.7981,43.3938],[0.8034,43.3983],[0.8064,43.3992],[0.8091,43.4022],[0.8089,43.4045],[0.8106,43.4058],[0.8121,43.4105],[0.8143,43.4134],[0.8175,43.4144],[0.8258,43.4217],[0.8284,43.4223],[0.8294,43.4245],[0.8386,43.4275],[0.8392,43.4288],[0.8428,43.4287],[0.8428,43.4294],[0.8446,43.4296],[0.8491,43.4334],[0.8493,43.4359],[0.8515,43.4345]]}},{"type":"Feature","properties":{"name":"La Gesse"},"geometry":{"type":"LineString","coordinates":[[0.7786,43.3859],[0.7792,43.3866]]}},{"type":"Feature","properties":{"name":"La Gesse"},"geometry":{"type":"LineString","coordinates":[[0.7792,43.3866],[0.7804,43.3862],[0.7817,43.3874],[0.7857,43.3880]]}},{"type":"Feature","properties":{"name":"La Gesse"},"geometry":{"type":"LineString","coordinates":[[0.7256,43.3539],[0.7263,43.3549],[0.7315,43.3554]]}},{"type":"Feature","properties":{"name":"La Gesse"},"geometry":{"type":"LineString","coordinates":[[0.6928,43.3246],[0.6940,43.3251]]}},{"type":"Feature","properties":{"name":"La Gesse"},"geometry":{"type":"LineString","coordinates":[[0.7315,43.3554],[0.7380,43.3608],[0.7438,43.3635],[0.7453,43.3655],[0.7481,43.3654],[0.7533,43.3679]]}},{"type":"Feature","properties":{"name":"La Gesse"},"geometry":{"type":"LineString","coordinates":[[0.7166,43.3453],[0.7173,43.3464]]}},{"type":"Feature","properties":{"name":"La Gesse"},"geometry":{"type":"LineString","coordinates":[[0.6940,43.3251],[0.6963,43.3276]]}},{"type":"Feature","properties":{"name":"La Gesse"},"geometry":{"type":"LineString","coordinates":[[0.6796,43.2842],[0.6792,43.2860],[0.6808,43.2901],[0.6817,43.2922],[0.6830,43.2926],[0.6850,43.2978]]}},{"type":"Feature","properties":{"name":"La Gesse"},"geometry":{"type":"LineString","coordinates":[[0.6553,43.2675],[0.6566,43.2673],[0.6591,43.2695],[0.6627,43.2703],[0.6646,43.2726]]}},{"type":"Feature","properties":{"name":"La Gesse"},"geometry":{"type":"LineString","coordinates":[[0.6860,43.3009],[0.6856,43.3031]]}},{"type":"Feature","properties":{"name":"La Gesse"},"geometry":{"type":"LineString","coordinates":[[0.6856,43.3031],[0.6847,43.3094],[0.6866,43.3168],[0.6891,43.3183],[0.6911,43.3214],[0.6910,43.3227],[0.6928,43.3246]]}},{"type":"Feature","properties":{"name":"La Gesse"},"geometry":{"type":"LineString","coordinates":[[0.5873,43.2368],[0.5910,43.2373],[0.5952,43.2406]]}},{"type":"Feature","properties":{"name":"La Gesse"},"geometry":{"type":"LineString","coordinates":[[0.5952,43.2406],[0.5992,43.2425],[0.6101,43.2552],[0.6107,43.2579],[0.6132,43.2589]]}},{"type":"Feature","properties":{"name":"La Gesse"},"geometry":{"type":"LineString","coordinates":[[0.6996,43.3318],[0.7014,43.3327],[0.7013,43.3343],[0.7037,43.3364],[0.7054,43.3362],[0.7070,43.3393],[0.7084,43.3393],[0.7096,43.3407],[0.7102,43.3403],[0.7166,43.3439],[0.7166,43.3453]]}},{"type":"Feature","properties":{"name":"La Gesse"},"geometry":{"type":"LineString","coordinates":[[0.6986,43.3311],[0.6989,43.3313]]}},{"type":"Feature","properties":{"name":"La Gesse"},"geometry":{"type":"LineString","coordinates":[[0.6989,43.3313],[0.6996,43.3318]]}},{"type":"Feature","properties":{"name":"La Gesse"},"geometry":{"type":"LineString","coordinates":[[0.6976,43.3294],[0.6981,43.3299]]}},{"type":"Feature","properties":{"name":"La Gesse"},"geometry":{"type":"LineString","coordinates":[[0.6963,43.3276],[0.6977,43.3276],[0.6976,43.3294]]}},{"type":"Feature","properties":{"name":"La Gesse"},"geometry":{"type":"LineString","coordinates":[[0.7173,43.3464],[0.7225,43.3489],[0.7256,43.3539]]}},{"type":"Feature","properties":{"name":"La Gesse"},"geometry":{"type":"LineString","coordinates":[[0.6981,43.3299],[0.6986,43.3311]]}},{"type":"Feature","properties":{"name":"La Gesse"},"geometry":{"type":"LineString","coordinates":[[0.6132,43.2589],[0.6176,43.2605],[0.6216,43.2642],[0.6260,43.2664],[0.6354,43.2681],[0.6483,43.2675],[0.6499,43.2683],[0.6518,43.2672],[0.6553,43.2675]]}},{"type":"Feature","properties":{"name":"La Gesse"},"geometry":{"type":"LineString","coordinates":[[0.6647,43.2726],[0.6672,43.2731],[0.6698,43.2769],[0.6754,43.2801],[0.6779,43.2804],[0.6780,43.2825],[0.6796,43.2842]]}},{"type":"Feature","properties":{"name":"La Gesse"},"geometry":{"type":"LineString","coordinates":[[0.6646,43.2726],[0.6647,43.2726]]}},{"type":"Feature","properties":{"name":"La Gesse"},"geometry":{"type":"LineString","coordinates":[[0.7534,43.3680],[0.7546,43.3682],[0.7561,43.3725],[0.7608,43.3755],[0.7607,43.3774],[0.7618,43.3785],[0.7668,43.3792],[0.7724,43.3828]]}},{"type":"Feature","properties":{"name":"La Gesse"},"geometry":{"type":"LineString","coordinates":[[0.7533,43.3679],[0.7534,43.3680]]}},{"type":"Feature","properties":{"name":"La Gesse"},"geometry":{"type":"LineString","coordinates":[[0.7726,43.3830],[0.7777,43.3842],[0.7786,43.3859]]}},{"type":"Feature","properties":{"name":"La Gesse"},"geometry":{"type":"LineString","coordinates":[[0.7724,43.3828],[0.7726,43.3830]]}},{"type":"Feature","properties":{"name":"Arriu de Vernatar"},"geometry":{"type":"LineString","coordinates":[[0.9373,42.7716],[0.9476,42.7710],[0.9579,42.7683],[0.9682,42.7674],[0.9721,42.7659]]}},{"type":"Feature","properties":{"name":"La Neste"},"geometry":{"type":"LineString","coordinates":[[0.4536,43.0673],[0.4557,43.0670]]}},{"type":"Feature","properties":{"name":"La Neste"},"geometry":{"type":"LineString","coordinates":[[0.4557,43.0670],[0.4638,43.0663],[0.4683,43.0676],[0.4720,43.0666],[0.4753,43.0697],[0.4780,43.0689],[0.4807,43.0698],[0.4808,43.0720],[0.4818,43.0730],[0.4853,43.0718],[0.4899,43.0743],[0.4952,43.0716],[0.4973,43.0748],[0.5013,43.0745],[0.5035,43.0754],[0.5068,43.0745],[0.5125,43.0757],[0.5146,43.0744],[0.5210,43.0747],[0.5306,43.0696],[0.5321,43.0665],[0.5345,43.0660],[0.5372,43.0675],[0.5470,43.0684],[0.5529,43.0726],[0.5566,43.0738],[0.5631,43.0755],[0.5661,43.0752]]}},{"type":"Feature","properties":{"name":"La Neste"},"geometry":{"type":"LineString","coordinates":[[0.4478,43.0680],[0.4511,43.0694],[0.4536,43.0673]]}},{"type":"Feature","properties":{"name":"La Neste"},"geometry":{"type":"LineString","coordinates":[[0.4235,43.0776],[0.4280,43.0764],[0.4372,43.0705],[0.4425,43.0710],[0.4478,43.0680]]}},{"type":"Feature","properties":{"name":"La Neste"},"geometry":{"type":"LineString","coordinates":[[0.4181,43.0765],[0.4216,43.0757],[0.4235,43.0776]]}},{"type":"Feature","properties":{"name":"La Neste"},"geometry":{"type":"LineString","coordinates":[[0.4051,43.0753],[0.4105,43.0741],[0.4127,43.0764],[0.4181,43.0765]]}},{"type":"Feature","properties":{"name":"La Bouigane"},"geometry":{"type":"LineString","coordinates":[[0.9306,42.9282],[0.9363,42.9293],[0.9381,42.9305],[0.9424,42.9302],[0.9444,42.9321],[0.9486,42.9327],[0.9495,42.9339],[0.9482,42.9367],[0.9526,42.9377],[0.9560,42.9354],[0.9576,42.9371],[0.9626,42.9361],[0.9652,42.9379],[0.9726,42.9368],[0.9783,42.9310],[0.9832,42.9299],[0.9855,42.9305],[0.9871,42.9297],[0.9939,42.9296],[0.9997,42.9269],[1.0013,42.9251],[1.0091,42.9245],[1.0158,42.9274],[1.0195,42.9264],[1.0243,42.9310]]}},{"type":"Feature","properties":{"name":"La Bouigane"},"geometry":{"type":"LineString","coordinates":[[0.8728,42.9171],[0.8762,42.9164]]}},{"type":"Feature","properties":{"name":"La Bouigane"},"geometry":{"type":"LineString","coordinates":[[0.8705,42.9166],[0.8727,42.9171]]}},{"type":"Feature","properties":{"name":"La Bouigane"},"geometry":{"type":"LineString","coordinates":[[0.8574,42.9059],[0.8581,42.9072],[0.8571,42.9079],[0.8591,42.9110],[0.8648,42.9137],[0.8657,42.9150],[0.8704,42.9165]]}},{"type":"Feature","properties":{"name":"La Bouigane"},"geometry":{"type":"LineString","coordinates":[[0.8762,42.9164],[0.8813,42.9161],[0.8851,42.9212],[0.8857,42.9240],[0.8951,42.9288],[0.9035,42.9286],[0.9051,42.9296],[0.9068,42.9285],[0.9112,42.9279],[0.9152,42.9292],[0.9167,42.9320],[0.9195,42.9316],[0.9215,42.9324],[0.9265,42.9312],[0.9282,42.9295],[0.9275,42.9277],[0.9300,42.9280]]}},{"type":"Feature","properties":{"name":"L\u0027Arize"},"geometry":{"type":"LineString","coordinates":[[1.1937,43.2362],[1.1930,43.2371],[1.1938,43.2382],[1.1937,43.2413],[1.1921,43.2455],[1.1956,43.2471],[1.1976,43.2463],[1.1985,43.2472],[1.1973,43.2494],[1.2010,43.2513],[1.1978,43.2535],[1.1934,43.2536],[1.1934,43.2554],[1.1954,43.2562],[1.2034,43.2561],[1.2043,43.2569],[1.2027,43.2591],[1.1998,43.2580],[1.1967,43.2583],[1.1996,43.2606],[1.1978,43.2641],[1.2008,43.2649],[1.2033,43.2635],[1.2049,43.2637],[1.2041,43.2666],[1.2020,43.2684],[1.2046,43.2707],[1.2104,43.2727],[1.2109,43.2750],[1.2134,43.2750],[1.2139,43.2765],[1.2153,43.2769],[1.2148,43.2785],[1.2168,43.2793],[1.2179,43.2818],[1.2220,43.2833],[1.2229,43.2862],[1.2265,43.2887]]}},{"type":"Feature","properties":{"name":"L\u0027Arize"},"geometry":{"type":"LineString","coordinates":[[1.2281,43.2062],[1.2257,43.2061]]}},{"type":"Feature","properties":{"name":"L\u0027Arize"},"geometry":{"type":"LineString","coordinates":[[1.2541,43.1836],[1.2492,43.1836],[1.2485,43.1861],[1.2467,43.1871],[1.2466,43.1889],[1.2440,43.1896],[1.2397,43.1892],[1.2392,43.1905],[1.2400,43.1916],[1.2458,43.1925],[1.2454,43.1937],[1.2428,43.1938],[1.2421,43.1962],[1.2451,43.1980],[1.2398,43.2001],[1.2378,43.1999],[1.2363,43.2014],[1.2367,43.2030],[1.2359,43.2039],[1.2313,43.2045],[1.2293,43.2062],[1.2257,43.2061],[1.2282,43.2104],[1.2234,43.2138],[1.2184,43.2127],[1.2179,43.2143],[1.2145,43.2141],[1.2135,43.2159],[1.2103,43.2181],[1.2072,43.2177],[1.2067,43.2189],[1.2076,43.2203],[1.2052,43.2224],[1.2057,43.2246],[1.2025,43.2297],[1.1996,43.2308],[1.2013,43.2329],[1.1961,43.2331],[1.1941,43.2346],[1.1937,43.2362]]}},{"type":"Feature","properties":{"name":"L\u0027Arize"},"geometry":{"type":"LineString","coordinates":[[1.3542,43.0678],[1.3549,43.0710]]}},{"type":"Feature","properties":{"name":"L\u0027Arize"},"geometry":{"type":"LineString","coordinates":[[1.3549,43.0710],[1.3561,43.0716],[1.3556,43.0725],[1.3596,43.0778],[1.3586,43.0790],[1.3593,43.0822],[1.3615,43.0833],[1.3643,43.0826],[1.3674,43.0783],[1.3797,43.0782],[1.3802,43.0802],[1.3751,43.0826],[1.3725,43.0869],[1.3771,43.0893],[1.3784,43.0911],[1.3851,43.0916],[1.3875,43.0983],[1.3892,43.0995],[1.3873,43.1003],[1.3863,43.1021],[1.3835,43.1032],[1.3783,43.1024],[1.3737,43.1055],[1.3694,43.1054],[1.3662,43.1081],[1.3627,43.1088],[1.3614,43.1133],[1.3589,43.1154],[1.3546,43.1157],[1.3528,43.1149],[1.3506,43.1170],[1.3495,43.1165],[1.3479,43.1179],[1.3453,43.1184],[1.3440,43.1204],[1.3416,43.1185],[1.3402,43.1202],[1.3399,43.1256]]}},{"type":"Feature","properties":{"name":"L\u0027Arize"},"geometry":{"type":"LineString","coordinates":[[1.3399,43.1256],[1.3374,43.1287],[1.3324,43.1288],[1.3303,43.1274],[1.3220,43.1312],[1.3209,43.1331],[1.3198,43.1322],[1.3176,43.1327],[1.3169,43.1340],[1.3203,43.1351],[1.3203,43.1371],[1.3180,43.1401],[1.3095,43.1434],[1.3039,43.1500],[1.3042,43.1518],[1.3032,43.1518],[1.3025,43.1499],[1.2974,43.1513],[1.2992,43.1525],[1.2997,43.1545],[1.2966,43.1551],[1.2982,43.1566],[1.2954,43.1586],[1.2871,43.1617],[1.2887,43.1653],[1.2860,43.1643],[1.2825,43.1650],[1.2811,43.1667],[1.2825,43.1684],[1.2802,43.1690],[1.2724,43.1670],[1.2715,43.1690],[1.2691,43.1696],[1.2684,43.1730],[1.2635,43.1751],[1.2618,43.1779],[1.2564,43.1760],[1.2560,43.1786],[1.2543,43.1793],[1.2551,43.1806],[1.2542,43.1812],[1.2541,43.1836]]}},{"type":"Feature","properties":{"name":"L\u0027Arize"},"geometry":{"type":"LineString","coordinates":[[1.3813,43.0196],[1.3719,43.0183],[1.3677,43.0221],[1.3538,43.0215],[1.3507,43.0232],[1.3448,43.0206],[1.3389,43.0201],[1.3363,43.0187],[1.3326,43.0198],[1.3294,43.0192],[1.3290,43.0235],[1.3307,43.0241],[1.3309,43.0262],[1.3296,43.0274],[1.3293,43.0315]]}},{"type":"Feature","properties":{"name":"L\u0027Arize"},"geometry":{"type":"LineString","coordinates":[[1.3293,43.0315],[1.3281,43.0342],[1.3283,43.0369],[1.3306,43.0386],[1.3295,43.0416],[1.3321,43.0452],[1.3305,43.0507],[1.3343,43.0536],[1.3340,43.0561],[1.3355,43.0570],[1.3374,43.0560],[1.3394,43.0567],[1.3434,43.0563],[1.3457,43.0598],[1.3492,43.0615],[1.3479,43.0634],[1.3548,43.0659],[1.3550,43.0677],[1.3542,43.0678]]}},{"type":"Feature","properties":{"name":"L\u0027Arize"},"geometry":{"type":"LineString","coordinates":[[1.4385,43.0045],[1.4384,43.0054],[1.4366,43.0053],[1.4368,43.0065],[1.4340,43.0063],[1.4343,43.0076],[1.4299,43.0094],[1.4212,43.0112],[1.4192,43.0135],[1.4131,43.0134],[1.4113,43.0149],[1.4123,43.0161],[1.4116,43.0170],[1.4069,43.0175],[1.4008,43.0207],[1.3917,43.0218],[1.3890,43.0200],[1.3833,43.0187],[1.3813,43.0196]]}},{"type":"Feature","properties":{"name":"L\u0027Arize"},"geometry":{"type":"LineString","coordinates":[[1.3969,42.9798],[1.4002,42.9800],[1.4066,42.9864],[1.4085,42.9870],[1.4132,42.9861],[1.4141,42.9877],[1.4212,42.9884],[1.4245,42.9904],[1.4302,42.9899],[1.4331,42.9935],[1.4376,42.9917],[1.4388,42.9940],[1.4442,42.9959],[1.4464,43.0001],[1.4453,43.0017],[1.4434,43.0008],[1.4381,43.0032],[1.4385,43.0045]]}},{"type":"Feature","properties":{"name":"L\u0027Arize"},"geometry":{"type":"LineString","coordinates":[[1.3303,43.0381],[1.3306,43.0386]]}},{"type":"Feature","properties":{"name":"La Marcaoue"},"geometry":{"type":"LineString","coordinates":[[0.8549,43.5486],[0.8603,43.5515],[0.8619,43.5553]]}},{"type":"Feature","properties":{"name":"La Marcaoue"},"geometry":{"type":"LineString","coordinates":[[0.9023,43.6276],[0.9083,43.6341],[0.9111,43.6401],[0.9122,43.6398],[0.9142,43.6441]]}},{"type":"Feature","properties":{"name":"La Marcaoue"},"geometry":{"type":"LineString","coordinates":[[0.8632,43.5677],[0.8640,43.5697],[0.8657,43.5706]]}},{"type":"Feature","properties":{"name":"La Marcaoue"},"geometry":{"type":"LineString","coordinates":[[0.9274,43.6624],[0.9297,43.6620],[0.9320,43.6633],[0.9311,43.6642],[0.9313,43.6654],[0.9335,43.6679],[0.9309,43.6703]]}},{"type":"Feature","properties":{"name":"La Marcaoue"},"geometry":{"type":"LineString","coordinates":[[0.9142,43.6441],[0.9162,43.6444],[0.9167,43.6459],[0.9187,43.6459],[0.9198,43.6480],[0.9252,43.6501],[0.9269,43.6521],[0.9273,43.6554],[0.9258,43.6575],[0.9262,43.6585],[0.9251,43.6591],[0.9252,43.6606],[0.9274,43.6624]]}},{"type":"Feature","properties":{"name":"La Marcaoue"},"geometry":{"type":"LineString","coordinates":[[0.9309,43.6703],[0.9279,43.6748],[0.9280,43.6791],[0.9243,43.6798],[0.9246,43.6814],[0.9237,43.6825],[0.9201,43.6820],[0.9196,43.6826],[0.9207,43.6851],[0.9191,43.6860],[0.9169,43.6852],[0.9124,43.6854],[0.9102,43.6887],[0.9112,43.6924],[0.9099,43.6935]]}},{"type":"Feature","properties":{"name":"La Marcaoue"},"geometry":{"type":"LineString","coordinates":[[0.8878,43.5984],[0.8858,43.6020],[0.8868,43.6035],[0.8951,43.6073],[0.8946,43.6099],[0.8960,43.6118],[0.8935,43.6151],[0.8970,43.6194],[0.8948,43.6240],[0.8981,43.6270],[0.9005,43.6265],[0.9023,43.6276]]}},{"type":"Feature","properties":{"name":"La Marcaoue"},"geometry":{"type":"LineString","coordinates":[[0.8657,43.5706],[0.8665,43.5714],[0.8656,43.5742],[0.8686,43.5754],[0.8717,43.5800],[0.8722,43.5826],[0.8743,43.5842],[0.8759,43.5839],[0.8771,43.5881],[0.8786,43.5884]]}},{"type":"Feature","properties":{"name":"La Marcaoue"},"geometry":{"type":"LineString","coordinates":[[0.8786,43.5884],[0.8811,43.5897]]}},{"type":"Feature","properties":{"name":"La Marcaoue"},"geometry":{"type":"LineString","coordinates":[[0.8619,43.5553],[0.8628,43.5568],[0.8593,43.5597],[0.8597,43.5614],[0.8636,43.5658],[0.8632,43.5677]]}},{"type":"Feature","properties":{"name":"La Marcaoue"},"geometry":{"type":"LineString","coordinates":[[0.8431,43.5251],[0.8430,43.5263],[0.8475,43.5284],[0.8497,43.5311],[0.8526,43.5367],[0.8514,43.5386],[0.8518,43.5407],[0.8572,43.5455],[0.8549,43.5486]]}},{"type":"Feature","properties":{"name":"La Marcaoue"},"geometry":{"type":"LineString","coordinates":[[0.8878,43.5983],[0.8878,43.5984]]}},{"type":"Feature","properties":{"name":"La Marcaoue"},"geometry":{"type":"LineString","coordinates":[[0.8840,43.5948],[0.8864,43.5959],[0.8878,43.5983]]}},{"type":"Feature","properties":{"name":"La Marcaoue"},"geometry":{"type":"LineString","coordinates":[[0.8840,43.5947],[0.8840,43.5948]]}},{"type":"Feature","properties":{"name":"La Marcaoue"},"geometry":{"type":"LineString","coordinates":[[0.8825,43.5930],[0.8840,43.5947]]}},{"type":"Feature","properties":{"name":"La Marcaoue"},"geometry":{"type":"LineString","coordinates":[[0.8811,43.5897],[0.8825,43.5930]]}},{"type":"Feature","properties":{"name":"Arriu Joeu"},"geometry":{"type":"LineString","coordinates":[[0.7137,42.7054],[0.7193,42.7100],[0.7217,42.7158],[0.7240,42.7185],[0.7245,42.7218],[0.7267,42.7232],[0.7265,42.7246],[0.7298,42.7280],[0.7283,42.7301],[0.7189,42.7341],[0.7190,42.7353],[0.7165,42.7372],[0.7122,42.7388],[0.7110,42.7413]]}},{"type":"Feature","properties":{"name":"Arriu Joeu"},"geometry":{"type":"LineString","coordinates":[[0.7064,42.6800],[0.7062,42.6815],[0.7091,42.6830],[0.7104,42.6872],[0.7089,42.6913],[0.7092,42.6952],[0.7137,42.7054]]}},{"type":"Feature","properties":{"name":"La Neste du Louron"},"geometry":{"type":"LineString","coordinates":[[0.4110,42.7563],[0.4105,42.7582],[0.4120,42.7600],[0.4113,42.7613],[0.4120,42.7666],[0.4096,42.7730]]}},{"type":"Feature","properties":{"name":"Le Rébenty"},"geometry":{"type":"LineString","coordinates":[[2.0027,42.8020],[2.0042,42.8022],[2.0052,42.8043],[2.0077,42.8053],[2.0113,42.8047],[2.0203,42.8075]]}},{"type":"Feature","properties":{"name":"Le Rébenty"},"geometry":{"type":"LineString","coordinates":[[2.0281,42.8091],[2.0323,42.8089],[2.0347,42.8098]]}},{"type":"Feature","properties":{"name":"Le Rébenty"},"geometry":{"type":"LineString","coordinates":[[2.0203,42.8075],[2.0281,42.8091]]}},{"type":"Feature","properties":{"name":"Le Rébenty"},"geometry":{"type":"LineString","coordinates":[[2.0388,42.8166],[2.0373,42.8201],[2.0463,42.8246],[2.0541,42.8259],[2.0554,42.8278],[2.0552,42.8299],[2.0571,42.8309],[2.0566,42.8324],[2.0573,42.8330],[2.0565,42.8339],[2.0593,42.8344],[2.0617,42.8363],[2.0639,42.8367],[2.0663,42.8348],[2.0693,42.8342],[2.0735,42.8309],[2.0820,42.8285]]}},{"type":"Feature","properties":{"name":"Le Rébenty"},"geometry":{"type":"LineString","coordinates":[[1.9635,42.7605],[1.9662,42.7634],[1.9637,42.7720],[1.9641,42.7748],[1.9682,42.7799],[1.9812,42.7890]]}},{"type":"Feature","properties":{"name":"Le Rébenty"},"geometry":{"type":"LineString","coordinates":[[1.9812,42.7890],[1.9909,42.7942]]}},{"type":"Feature","properties":{"name":"Le Rébenty"},"geometry":{"type":"LineString","coordinates":[[2.0347,42.8098],[2.0354,42.8123],[2.0388,42.8166]]}},{"type":"Feature","properties":{"name":"Le Rébenty"},"geometry":{"type":"LineString","coordinates":[[2.0024,42.8020],[2.0027,42.8020]]}},{"type":"Feature","properties":{"name":"Le Rébenty"},"geometry":{"type":"LineString","coordinates":[[1.9909,42.7942],[1.9938,42.7954],[1.9947,42.7975],[1.9986,42.8003],[2.0024,42.8020]]}},{"type":"Feature","properties":{"name":"La Garonne"},"geometry":{"type":"LineString","coordinates":[[1.4390,43.5577],[1.4326,43.5621],[1.4313,43.5686]]}},{"type":"Feature","properties":{"name":"La Garonne"},"geometry":{"type":"LineString","coordinates":[[1.4380,43.5937],[1.4392,43.5954]]}},{"type":"Feature","properties":{"name":"La Garonne"},"geometry":{"type":"LineString","coordinates":[[1.4390,43.5577],[1.4380,43.5648],[1.4387,43.5697],[1.4375,43.5718]]}},{"type":"Feature","properties":{"name":"La Garonne"},"geometry":{"type":"LineString","coordinates":[[1.3644,43.7056],[1.3497,43.7093],[1.3458,43.7115],[1.3417,43.7161],[1.3439,43.7223],[1.3385,43.7270]]}},{"type":"Feature","properties":{"name":"La Garonne"},"geometry":{"type":"LineString","coordinates":[[1.4004,43.6665],[1.3863,43.6669],[1.3846,43.6677]]}},{"type":"Feature","properties":{"name":"La Garonne"},"geometry":{"type":"LineString","coordinates":[[1.4012,43.6227],[1.4011,43.6247]]}},{"type":"Feature","properties":{"name":"La Garonne"},"geometry":{"type":"LineString","coordinates":[[0.7567,43.1044],[0.7618,43.1049],[0.7670,43.1026],[0.7744,43.1051],[0.7794,43.0996],[0.7909,43.0976],[0.7942,43.0983],[0.7981,43.1038],[0.8010,43.1040],[0.8031,43.1034],[0.8100,43.0971],[0.8119,43.0977],[0.8149,43.1014],[0.8171,43.1011],[0.8172,43.0989],[0.8189,43.0977],[0.8233,43.0969],[0.8241,43.0946],[0.8282,43.0925],[0.8295,43.0926],[0.8317,43.0952],[0.8348,43.0968],[0.8370,43.0965],[0.8387,43.0940],[0.8403,43.0940],[0.8490,43.1001],[0.8564,43.0991],[0.8652,43.1005],[0.8704,43.1027],[0.8774,43.1013],[0.8828,43.1017],[0.8862,43.1004],[0.8894,43.1021],[0.8948,43.1026],[0.9010,43.1017],[0.9066,43.1036],[0.9137,43.1104],[0.9185,43.1121],[0.9220,43.1175],[0.9241,43.1186],[0.9243,43.1212],[0.9256,43.1231],[0.9300,43.1261],[0.9295,43.1279],[0.9256,43.1290],[0.9238,43.1331],[0.9215,43.1344],[0.9209,43.1371],[0.9220,43.1406],[0.9271,43.1408],[0.9329,43.1428],[0.9381,43.1420],[0.9466,43.1461]]}},{"type":"Feature","properties":{"name":"La Garonne"},"geometry":{"type":"LineString","coordinates":[[0.6973,42.9033],[0.6920,42.9069],[0.6913,42.9103]]}},{"type":"Feature","properties":{"name":"La Garonne"},"geometry":{"type":"LineString","coordinates":[[0.9664,43.1617],[0.9694,43.1644],[0.9696,43.1663],[0.9759,43.1751],[0.9779,43.1805],[0.9877,43.1808],[0.9923,43.1817],[0.9932,43.1827]]}},{"type":"Feature","properties":{"name":"La Garonne"},"geometry":{"type":"LineString","coordinates":[[1.1869,43.2811],[1.1966,43.2783]]}},{"type":"Feature","properties":{"name":"La Garonne"},"geometry":{"type":"LineString","coordinates":[[1.1551,43.2334],[1.1553,43.2348],[1.1528,43.2399],[1.1529,43.2419],[1.1652,43.2465],[1.1681,43.2485],[1.1679,43.2508],[1.1637,43.2565],[1.1641,43.2584],[1.1662,43.2605]]}},{"type":"Feature","properties":{"name":"La Garonne"},"geometry":{"type":"LineString","coordinates":[[1.2265,43.2887],[1.2274,43.2865],[1.2292,43.2861],[1.2313,43.2867],[1.2324,43.2883],[1.2317,43.2926],[1.2268,43.2969],[1.2278,43.2985],[1.2327,43.2980],[1.2356,43.3002],[1.2357,43.3043],[1.2336,43.3078],[1.2338,43.3093],[1.2427,43.3142],[1.2466,43.3220],[1.2525,43.3238],[1.2543,43.3252],[1.2534,43.3311],[1.2519,43.3338],[1.2523,43.3359],[1.2540,43.3376],[1.2641,43.3399]]}},{"type":"Feature","properties":{"name":"La Garonne"},"geometry":{"type":"LineString","coordinates":[[1.1662,43.2605],[1.1747,43.2654],[1.1778,43.2714],[1.1880,43.2739],[1.1876,43.2763],[1.1841,43.2789],[1.1846,43.2802],[1.1869,43.2811]]}},{"type":"Feature","properties":{"name":"La Garonne"},"geometry":{"type":"LineString","coordinates":[[1.1344,43.2267],[1.1357,43.2295],[1.1403,43.2318],[1.1444,43.2326],[1.1531,43.2322],[1.1551,43.2334]]}},{"type":"Feature","properties":{"name":"La Garonne"},"geometry":{"type":"LineString","coordinates":[[0.5618,43.0721],[0.5647,43.0745]]}},{"type":"Feature","properties":{"name":"La Garonne"},"geometry":{"type":"LineString","coordinates":[[0.5657,43.0406],[0.5639,43.0430],[0.5640,43.0446],[0.5602,43.0476],[0.5624,43.0524],[0.5594,43.0565],[0.5617,43.0598],[0.5584,43.0627]]}},{"type":"Feature","properties":{"name":"La Garonne"},"geometry":{"type":"LineString","coordinates":[[0.5584,43.0627],[0.5545,43.0635],[0.5530,43.0660],[0.5587,43.0670],[0.5618,43.0721]]}},{"type":"Feature","properties":{"name":"La Garonne"},"geometry":{"type":"LineString","coordinates":[[0.5647,43.0745],[0.5677,43.0761],[0.5695,43.0813],[0.5716,43.0825],[0.5769,43.0827],[0.5804,43.0800]]}},{"type":"Feature","properties":{"name":"La Garonne"},"geometry":{"type":"LineString","coordinates":[[0.6908,43.1018],[0.6999,43.0984],[0.7058,43.0979],[0.7211,43.0921],[0.7329,43.0903],[0.7392,43.0922],[0.7423,43.0941],[0.7437,43.0960],[0.7436,43.0986],[0.7494,43.1055],[0.7516,43.1059],[0.7567,43.1044]]}},{"type":"Feature","properties":{"name":"La Garonne"},"geometry":{"type":"LineString","coordinates":[[0.9466,43.1461],[0.9492,43.1506],[0.9514,43.1513],[0.9531,43.1507]]}},{"type":"Feature","properties":{"name":"La Garonne"},"geometry":{"type":"LineString","coordinates":[[0.6997,42.9018],[0.6933,42.9066],[0.6931,42.9088],[0.6913,42.9103],[0.6917,42.9115]]}},{"type":"Feature","properties":{"name":"La Garonne"},"geometry":{"type":"LineString","coordinates":[[0.5890,43.0780],[0.6035,43.0827]]}},{"type":"Feature","properties":{"name":"La Garonne"},"geometry":{"type":"LineString","coordinates":[[0.6538,43.1102],[0.6545,43.1122],[0.6561,43.1129],[0.6606,43.1118],[0.6617,43.1104],[0.6603,43.1081],[0.6607,43.1071],[0.6644,43.1052]]}},{"type":"Feature","properties":{"name":"La Garonne"},"geometry":{"type":"LineString","coordinates":[[0.6644,43.1052],[0.6734,43.1064],[0.6756,43.1058],[0.6754,43.1023],[0.6775,43.1013],[0.6832,43.1022],[0.6908,43.1018]]}},{"type":"Feature","properties":{"name":"La Garonne"},"geometry":{"type":"LineString","coordinates":[[1.2752,43.3442],[1.2782,43.3460],[1.2794,43.3481]]}},{"type":"Feature","properties":{"name":"La Garonne"},"geometry":{"type":"LineString","coordinates":[[1.2641,43.3399],[1.2752,43.3442]]}},{"type":"Feature","properties":{"name":"La Garonne"},"geometry":{"type":"LineString","coordinates":[[1.2884,43.3668],[1.2866,43.3692],[1.2865,43.3712]]}},{"type":"Feature","properties":{"name":"La Garonne"},"geometry":{"type":"LineString","coordinates":[[1.2865,43.3712],[1.2868,43.3732],[1.2893,43.3762],[1.2929,43.3782],[1.2988,43.3796],[1.3002,43.3809],[1.2999,43.3852],[1.2962,43.3898],[1.2968,43.3944],[1.3002,43.3970],[1.3039,43.3963],[1.3065,43.3971],[1.3075,43.3987],[1.3073,43.4127],[1.3100,43.4172],[1.3137,43.4210],[1.3158,43.4252],[1.3252,43.4339],[1.3275,43.4426],[1.3247,43.4516],[1.3258,43.4562],[1.3273,43.4579],[1.3386,43.4627],[1.3436,43.4659],[1.3437,43.4676],[1.3413,43.4708],[1.3414,43.4721],[1.3458,43.4756],[1.3466,43.4801],[1.3422,43.4854]]}},{"type":"Feature","properties":{"name":"La Garonne"},"geometry":{"type":"LineString","coordinates":[[1.2900,43.3623],[1.2884,43.3668]]}},{"type":"Feature","properties":{"name":"La Garonne"},"geometry":{"type":"LineString","coordinates":[[1.2865,43.3584],[1.2898,43.3605],[1.2900,43.3623]]}},{"type":"Feature","properties":{"name":"La Garonne"},"geometry":{"type":"LineString","coordinates":[[1.2794,43.3481],[1.2795,43.3568],[1.2865,43.3584]]}},{"type":"Feature","properties":{"name":"La Garonne"},"geometry":{"type":"LineString","coordinates":[[0.7157,42.8842],[0.7146,42.8863],[0.7085,42.8879],[0.7070,42.8892],[0.7050,42.8931],[0.7073,42.8959],[0.6997,42.9018]]}},{"type":"Feature","properties":{"name":"La Garonne"},"geometry":{"type":"LineString","coordinates":[[0.7492,42.8649],[0.7468,42.8658],[0.7463,42.8672]]}},{"type":"Feature","properties":{"name":"La Garonne"},"geometry":{"type":"LineString","coordinates":[[0.7208,42.8816],[0.7189,42.8830],[0.7165,42.8830],[0.7157,42.8842]]}},{"type":"Feature","properties":{"name":"La Garonne"},"geometry":{"type":"LineString","coordinates":[[0.7463,42.8672],[0.7363,42.8700],[0.7329,42.8742],[0.7273,42.8757],[0.7259,42.8787],[0.7233,42.8787],[0.7208,42.8816]]}},{"type":"Feature","properties":{"name":"La Garonne"},"geometry":{"type":"LineString","coordinates":[[1.4336,43.6025],[1.4279,43.6031]]}},{"type":"Feature","properties":{"name":"La Garonne"},"geometry":{"type":"LineString","coordinates":[[1.4310,43.5706],[1.4281,43.5786]]}},{"type":"Feature","properties":{"name":"La Garonne"},"geometry":{"type":"LineString","coordinates":[[1.4402,43.5901],[1.4385,43.5913]]}},{"type":"Feature","properties":{"name":"La Garonne"},"geometry":{"type":"LineString","coordinates":[[1.4369,43.5725],[1.4354,43.5743],[1.4352,43.5783],[1.4385,43.5836],[1.4385,43.5877],[1.4409,43.5917]]}},{"type":"Feature","properties":{"name":"La Garonne"},"geometry":{"type":"LineString","coordinates":[[0.6419,42.9527],[0.6461,42.9601],[0.6454,42.9619],[0.6430,42.9638]]}},{"type":"Feature","properties":{"name":"La Garonne"},"geometry":{"type":"LineString","coordinates":[[0.6451,42.9456],[0.6447,42.9470],[0.6417,42.9492],[0.6419,42.9527]]}},{"type":"Feature","properties":{"name":"La Garonne"},"geometry":{"type":"LineString","coordinates":[[0.6494,42.9345],[0.6451,42.9456]]}},{"type":"Feature","properties":{"name":"La Garonne"},"geometry":{"type":"LineString","coordinates":[[0.6672,42.9257],[0.6624,42.9265],[0.6550,42.9253],[0.6517,42.9263]]}},{"type":"Feature","properties":{"name":"La Garonne"},"geometry":{"type":"LineString","coordinates":[[0.6517,42.9263],[0.6514,42.9305],[0.6494,42.9345]]}},{"type":"Feature","properties":{"name":"La Garonne"},"geometry":{"type":"LineString","coordinates":[[0.6917,42.9115],[0.6934,42.9146],[0.6881,42.9178],[0.6888,42.9192],[0.6867,42.9218]]}},{"type":"Feature","properties":{"name":"La Garonne"},"geometry":{"type":"LineString","coordinates":[[0.5671,43.0375],[0.5651,43.0379],[0.5657,43.0406]]}},{"type":"Feature","properties":{"name":"La Garonne"},"geometry":{"type":"LineString","coordinates":[[0.5729,43.0374],[0.5671,43.0375]]}},{"type":"Feature","properties":{"name":"La Garonne"},"geometry":{"type":"LineString","coordinates":[[0.5932,43.0355],[0.5890,43.0360],[0.5808,43.0340],[0.5757,43.0372],[0.5729,43.0374]]}},{"type":"Feature","properties":{"name":"La Garonne"},"geometry":{"type":"LineString","coordinates":[[0.6279,42.9979],[0.6272,43.0003],[0.6247,43.0025]]}},{"type":"Feature","properties":{"name":"La Garonne"},"geometry":{"type":"LineString","coordinates":[[0.6366,42.9680],[0.6354,42.9689]]}},{"type":"Feature","properties":{"name":"La Garonne"},"geometry":{"type":"LineString","coordinates":[[0.6354,42.9689],[0.6342,42.9703],[0.6331,42.9746]]}},{"type":"Feature","properties":{"name":"La Garonne"},"geometry":{"type":"LineString","coordinates":[[0.5804,43.0800],[0.5890,43.0780]]}},{"type":"Feature","properties":{"name":"La Garonne"},"geometry":{"type":"LineString","coordinates":[[0.6035,43.0827],[0.6040,43.0860]]}},{"type":"Feature","properties":{"name":"La Garonne"},"geometry":{"type":"LineString","coordinates":[[1.4368,43.5925],[1.4380,43.5937]]}},{"type":"Feature","properties":{"name":"La Garonne"},"geometry":{"type":"LineString","coordinates":[[1.4120,43.6090],[1.4036,43.6162],[1.4012,43.6227]]}},{"type":"Feature","properties":{"name":"La Garonne"},"geometry":{"type":"LineString","coordinates":[[1.4361,43.5448],[1.4382,43.5479],[1.4390,43.5577]]}},{"type":"Feature","properties":{"name":"La Garonne"},"geometry":{"type":"LineString","coordinates":[[1.4349,43.6023],[1.4336,43.6025]]}},{"type":"Feature","properties":{"name":"La Garonne"},"geometry":{"type":"LineString","coordinates":[[1.4346,43.5904],[1.4368,43.5925]]}},{"type":"Feature","properties":{"name":"La Garonne"},"geometry":{"type":"LineString","coordinates":[[1.4202,43.6047],[1.4120,43.6090]]}},{"type":"Feature","properties":{"name":"La Garonne"},"geometry":{"type":"LineString","coordinates":[[1.3846,43.6677],[1.3812,43.6693],[1.3729,43.6767],[1.3680,43.6858],[1.3675,43.6912],[1.3689,43.6994],[1.3644,43.7056]]}},{"type":"Feature","properties":{"name":"La Garonne"},"geometry":{"type":"LineString","coordinates":[[1.4280,43.5294],[1.4298,43.5351]]}},{"type":"Feature","properties":{"name":"La Garonne"},"geometry":{"type":"LineString","coordinates":[[1.3385,43.7270],[1.3288,43.7301],[1.3211,43.7405],[1.3161,43.7420],[1.3119,43.7446],[1.3113,43.7460],[1.3111,43.7478],[1.3139,43.7535],[1.3261,43.7686],[1.3271,43.7715],[1.3263,43.7742],[1.3165,43.7744],[1.3036,43.7790],[1.2916,43.7810],[1.2881,43.7840],[1.2878,43.7861],[1.2889,43.7884],[1.2875,43.7918],[1.2853,43.7930],[1.2770,43.7938],[1.2732,43.7959],[1.2721,43.7979],[1.2733,43.8002],[1.2795,43.8040],[1.2802,43.8055],[1.2792,43.8081],[1.2739,43.8091],[1.2662,43.8066],[1.2601,43.8082],[1.2559,43.8132],[1.2549,43.8162],[1.2559,43.8200],[1.2597,43.8231],[1.2597,43.8252],[1.2542,43.8290],[1.2451,43.8324],[1.2519,43.8392],[1.2531,43.8423],[1.2515,43.8451],[1.2423,43.8506],[1.2429,43.8581],[1.2422,43.8597],[1.2330,43.8675],[1.2224,43.8689],[1.2187,43.8734],[1.2181,43.8757],[1.2187,43.8820],[1.2178,43.8841],[1.2153,43.8854],[1.2045,43.8877],[1.2040,43.8908],[1.2048,43.8939],[1.2115,43.8995],[1.2045,43.9085],[1.1990,43.9116],[1.1961,43.9110],[1.1930,43.9084],[1.1893,43.9083],[1.1884,43.9091],[1.1876,43.9158],[1.1898,43.9242],[1.1876,43.9286],[1.1914,43.9336],[1.1972,43.9379],[1.1971,43.9409],[1.1890,43.9425],[1.1841,43.9467],[1.1825,43.9471],[1.1748,43.9458],[1.1717,43.9465],[1.1711,43.9519],[1.1723,43.9563],[1.1698,43.9602],[1.1627,43.9674],[1.1612,43.9735],[1.1620,43.9789],[1.1591,43.9844],[1.1547,43.9873],[1.1430,43.9905],[1.1333,43.9947],[1.1190,43.9973],[1.1151,43.9999],[1.1140,44.0075],[1.1124,44.0108],[1.1034,44.0156],[1.1028,44.0198],[1.1018,44.0206],[1.0987,44.0204],[1.0922,44.0171],[1.0885,44.0170],[1.0856,44.0178],[1.0822,44.0215],[1.0778,44.0236],[1.0768,44.0247],[1.0768,44.0268],[1.0855,44.0323],[1.0859,44.0347],[1.0789,44.0383],[1.0685,44.0406],[1.0651,44.0423],[1.0637,44.0453],[1.0643,44.0481],[1.0626,44.0527],[1.0613,44.0611],[1.0561,44.0629],[1.0537,44.0657],[1.0540,44.0673],[1.0584,44.0713],[1.0588,44.0744],[1.0537,44.0770],[1.0471,44.0770],[1.0417,44.0788],[1.0368,44.0847],[1.0359,44.0887],[1.0340,44.0902],[1.0230,44.0930],[1.0154,44.0905],[0.9926,44.0873],[0.9869,44.0845]]}},{"type":"Feature","properties":{"name":"La Garonne"},"geometry":{"type":"LineString","coordinates":[[0.9466,43.1461],[0.9489,43.1467],[0.9510,43.1498],[0.9531,43.1507]]}},{"type":"Feature","properties":{"name":"La Garonne"},"geometry":{"type":"LineString","coordinates":[[0.7360,42.8490],[0.7349,42.8543]]}},{"type":"Feature","properties":{"name":"La Garonne"},"geometry":{"type":"LineString","coordinates":[[0.6867,42.9218],[0.6832,42.9199],[0.6796,42.9203],[0.6773,42.9248],[0.6752,42.9260]]}},{"type":"Feature","properties":{"name":"La Garonne"},"geometry":{"type":"LineString","coordinates":[[0.7349,42.8543],[0.7371,42.8569],[0.7408,42.8571],[0.7473,42.8594],[0.7477,42.8609],[0.7464,42.8624],[0.7482,42.8631],[0.7492,42.8649]]}},{"type":"Feature","properties":{"name":"La Garonne"},"geometry":{"type":"LineString","coordinates":[[0.6752,42.9260],[0.6672,42.9257]]}},{"type":"Feature","properties":{"name":"La Garonne"},"geometry":{"type":"LineString","coordinates":[[1.4386,43.5882],[1.4369,43.5901],[1.4385,43.5913]]}},{"type":"Feature","properties":{"name":"La Garonne"},"geometry":{"type":"LineString","coordinates":[[1.4398,43.5937],[1.4395,43.5944]]}},{"type":"Feature","properties":{"name":"La Garonne"},"geometry":{"type":"LineString","coordinates":[[1.4395,43.5944],[1.4392,43.5954]]}},{"type":"Feature","properties":{"name":"La Garonne"},"geometry":{"type":"LineString","coordinates":[[1.4385,43.5913],[1.4385,43.5916]]}},{"type":"Feature","properties":{"name":"La Garonne"},"geometry":{"type":"LineString","coordinates":[[1.4385,43.5916],[1.4380,43.5937]]}},{"type":"Feature","properties":{"name":"La Garonne"},"geometry":{"type":"LineString","coordinates":[[1.4385,43.5916],[1.4398,43.5937]]}},{"type":"Feature","properties":{"name":"La Garonne"},"geometry":{"type":"LineString","coordinates":[[1.4409,43.5917],[1.4414,43.5932],[1.4395,43.5944]]}},{"type":"Feature","properties":{"name":"La Garonne"},"geometry":{"type":"LineString","coordinates":[[1.4298,43.5351],[1.4323,43.5423],[1.4361,43.5448]]}},{"type":"Feature","properties":{"name":"La Garonne"},"geometry":{"type":"LineString","coordinates":[[1.4392,43.5954],[1.4389,43.5993]]}},{"type":"Feature","properties":{"name":"La Garonne"},"geometry":{"type":"LineString","coordinates":[[0.6430,42.9638],[0.6366,42.9680]]}},{"type":"Feature","properties":{"name":"La Garonne"},"geometry":{"type":"LineString","coordinates":[[0.6040,43.0860],[0.5993,43.0904],[0.6003,43.0925],[0.5997,43.0956],[0.6023,43.0976],[0.6108,43.0942],[0.6145,43.0890],[0.6193,43.0901]]}},{"type":"Feature","properties":{"name":"La Garonne"},"geometry":{"type":"LineString","coordinates":[[0.9531,43.1507],[0.9547,43.1534],[0.9569,43.1548],[0.9570,43.1568],[0.9615,43.1606]]}},{"type":"Feature","properties":{"name":"La Garonne"},"geometry":{"type":"LineString","coordinates":[[0.6193,43.0901],[0.6258,43.0928],[0.6317,43.1032],[0.6341,43.1041],[0.6403,43.1034],[0.6451,43.1067],[0.6530,43.1076],[0.6538,43.1102]]}},{"type":"Feature","properties":{"name":"La Garonne"},"geometry":{"type":"LineString","coordinates":[[0.9932,43.1827],[0.9960,43.1859],[1.0037,43.1861],[1.0155,43.1881],[1.0216,43.1901],[1.0267,43.1933],[1.0289,43.1934],[1.0369,43.1906],[1.0390,43.1927],[1.0398,43.1953],[1.0519,43.1971],[1.0634,43.1972],[1.0684,43.2008],[1.0713,43.2014]]}},{"type":"Feature","properties":{"name":"La Garonne"},"geometry":{"type":"LineString","coordinates":[[0.6269,42.9905],[0.6305,42.9938],[0.6279,42.9979]]}},{"type":"Feature","properties":{"name":"La Garonne"},"geometry":{"type":"LineString","coordinates":[[0.6247,43.0025],[0.6236,43.0039],[0.6192,43.0057],[0.6187,43.0097],[0.6165,43.0109]]}},{"type":"Feature","properties":{"name":"La Garonne"},"geometry":{"type":"LineString","coordinates":[[0.6302,42.9823],[0.6299,42.9833]]}},{"type":"Feature","properties":{"name":"La Garonne"},"geometry":{"type":"LineString","coordinates":[[0.6331,42.9746],[0.6331,42.9771],[0.6302,42.9823]]}},{"type":"Feature","properties":{"name":"La Garonne"},"geometry":{"type":"LineString","coordinates":[[0.6299,42.9833],[0.6288,42.9866]]}},{"type":"Feature","properties":{"name":"La Garonne"},"geometry":{"type":"LineString","coordinates":[[0.6165,43.0109],[0.6165,43.0155],[0.6192,43.0189],[0.6107,43.0262],[0.6083,43.0310],[0.6083,43.0340],[0.6038,43.0351],[0.6034,43.0341],[0.6019,43.0339],[0.5986,43.0352],[0.5961,43.0345],[0.5932,43.0355]]}},{"type":"Feature","properties":{"name":"La Garonne"},"geometry":{"type":"LineString","coordinates":[[0.6288,42.9866],[0.6269,42.9905]]}},{"type":"Feature","properties":{"name":"La Garonne"},"geometry":{"type":"LineString","coordinates":[[1.4279,43.6031],[1.4202,43.6047]]}},{"type":"Feature","properties":{"name":"La Garonne"},"geometry":{"type":"LineString","coordinates":[[1.4301,43.5847],[1.4346,43.5904]]}},{"type":"Feature","properties":{"name":"La Garonne"},"geometry":{"type":"LineString","coordinates":[[1.4011,43.6247],[1.4039,43.6358],[1.4013,43.6486],[1.4069,43.6553],[1.4059,43.6619],[1.4004,43.6665]]}},{"type":"Feature","properties":{"name":"La Garonne"},"geometry":{"type":"LineString","coordinates":[[1.4389,43.5993],[1.4349,43.6023]]}},{"type":"Feature","properties":{"name":"La Garonne"},"geometry":{"type":"LineString","coordinates":[[1.4377,43.5576],[1.4375,43.5585]]}},{"type":"Feature","properties":{"name":"La Garonne"},"geometry":{"type":"LineString","coordinates":[[1.4281,43.5786],[1.4280,43.5806],[1.4301,43.5847]]}},{"type":"Feature","properties":{"name":"La Garonne"},"geometry":{"type":"LineString","coordinates":[[1.4378,43.5576],[1.4377,43.5576]]}},{"type":"Feature","properties":{"name":"La Garonne"},"geometry":{"type":"LineString","coordinates":[[1.4391,43.5571],[1.4378,43.5576]]}},{"type":"Feature","properties":{"name":"La Garonne"},"geometry":{"type":"LineString","coordinates":[[0.8833,43.1016],[0.8878,43.1012]]}},{"type":"Feature","properties":{"name":"La Garonne"},"geometry":{"type":"LineString","coordinates":[[1.4375,43.5718],[1.4369,43.5725]]}},{"type":"Feature","properties":{"name":"La Garonne"},"geometry":{"type":"LineString","coordinates":[[1.4313,43.5686],[1.4310,43.5706]]}},{"type":"Feature","properties":{"name":"La Garonne"},"geometry":{"type":"LineString","coordinates":[[1.1966,43.2783],[1.2036,43.2819],[1.2077,43.2887],[1.2101,43.2900],[1.2249,43.2904],[1.2265,43.2887]]}},{"type":"Feature","properties":{"name":"La Garonne"},"geometry":{"type":"LineString","coordinates":[[1.0713,43.2014],[1.0836,43.2003],[1.0860,43.2015],[1.0894,43.2058],[1.0925,43.2060],[1.1005,43.2037],[1.1085,43.2072],[1.1163,43.2083],[1.1182,43.2102],[1.1205,43.2177],[1.1232,43.2190],[1.1336,43.2210],[1.1352,43.2230],[1.1344,43.2267]]}},{"type":"Feature","properties":{"name":"La Garonne"},"geometry":{"type":"LineString","coordinates":[[0.9615,43.1606],[0.9664,43.1617]]}},{"type":"Feature","properties":{"name":"La Garonne"},"geometry":{"type":"LineString","coordinates":[[1.3422,43.4854],[1.3440,43.4878],[1.3680,43.5040],[1.3803,43.5087],[1.3863,43.5120],[1.4022,43.5157],[1.4096,43.5186],[1.4170,43.5266],[1.4280,43.5294]]}},{"type":"Feature","properties":{"name":"Le Sou"},"geometry":{"type":"LineString","coordinates":[[2.0283,43.0967],[2.0338,43.0951],[2.0385,43.0968],[2.0400,43.0995],[2.0433,43.1013],[2.0509,43.1006],[2.0557,43.1034],[2.0585,43.1031],[2.0639,43.1046],[2.0661,43.1065],[2.0655,43.1068],[2.0665,43.1084],[2.0712,43.1099],[2.0703,43.1104],[2.0704,43.1115],[2.0728,43.1127],[2.0715,43.1144],[2.0728,43.1148],[2.0725,43.1164],[2.0739,43.1169],[2.0731,43.1174],[2.0734,43.1192],[2.0766,43.1210],[2.0764,43.1217],[2.0800,43.1220],[2.0812,43.1230],[2.0866,43.1220],[2.0872,43.1228],[2.0916,43.1225],[2.0946,43.1239],[2.0958,43.1233],[2.0974,43.1266]]}},{"type":"Feature","properties":{"name":"Le Saurat"},"geometry":{"type":"LineString","coordinates":[[1.5268,42.8769],[1.5377,42.8737],[1.5389,42.8752],[1.5414,42.8758],[1.5438,42.8751],[1.5479,42.8767],[1.5488,42.8753],[1.5532,42.8770],[1.5612,42.8765],[1.5633,42.8750],[1.5744,42.8762],[1.5792,42.8756],[1.5880,42.8726],[1.5928,42.8727],[1.5952,42.8712],[1.5978,42.8658],[1.5984,42.8635],[1.5969,42.8611],[1.5974,42.8596],[1.6003,42.8595],[1.6029,42.8607]]}},{"type":"Feature","properties":{"name":"Le Saurat"},"geometry":{"type":"LineString","coordinates":[[1.5121,42.8800],[1.5141,42.8792],[1.5176,42.8800],[1.5221,42.8785]]}},{"type":"Feature","properties":{"name":"Le Saurat"},"geometry":{"type":"LineString","coordinates":[[1.4640,42.8961],[1.4641,42.8960]]}},{"type":"Feature","properties":{"name":"Le Saurat"},"geometry":{"type":"LineString","coordinates":[[1.4989,42.8844],[1.5016,42.8833],[1.5046,42.8798],[1.5121,42.8800]]}},{"type":"Feature","properties":{"name":"Le Saurat"},"geometry":{"type":"LineString","coordinates":[[1.5221,42.8784],[1.5268,42.8769]]}},{"type":"Feature","properties":{"name":"Le Saurat"},"geometry":{"type":"LineString","coordinates":[[1.5221,42.8785],[1.5221,42.8784]]}},{"type":"Feature","properties":{"name":"L\u0027Oriège"},"geometry":{"type":"LineString","coordinates":[[1.8523,42.7111],[1.8416,42.7111],[1.8405,42.7130],[1.8400,42.7178],[1.8365,42.7194]]}},{"type":"Feature","properties":{"name":"L\u0027Oriège"},"geometry":{"type":"LineString","coordinates":[[1.8902,42.7004],[1.8846,42.7015],[1.8805,42.7035],[1.8741,42.7039],[1.8736,42.7055],[1.8684,42.7073],[1.8651,42.7073],[1.8613,42.7100],[1.8582,42.7098]]}},{"type":"Feature","properties":{"name":"L\u0027Oriège"},"geometry":{"type":"LineString","coordinates":[[1.9092,42.6899],[1.9062,42.6924],[1.9033,42.6928],[1.8949,42.6970],[1.8943,42.6996],[1.8902,42.7004]]}},{"type":"Feature","properties":{"name":"L\u0027Oriège"},"geometry":{"type":"LineString","coordinates":[[1.8523,42.7113],[1.8526,42.7111]]}},{"type":"Feature","properties":{"name":"Ruisseau de la Galage"},"geometry":{"type":"LineString","coordinates":[[1.1309,43.4965],[1.1391,43.4963],[1.1568,43.4996],[1.1642,43.5033],[1.1685,43.5072]]}},{"type":"Feature","properties":{"name":"Le Blau"},"geometry":{"type":"LineString","coordinates":[[2.0277,42.9661],[2.0254,42.9671],[2.0254,42.9702],[2.0231,42.9715],[2.0225,42.9733],[2.0181,42.9758],[2.0165,42.9757],[2.0163,42.9776],[2.0127,42.9783],[2.0124,42.9814],[2.0090,42.9819],[2.0082,42.9811],[2.0026,42.9825]]}},{"type":"Feature","properties":{"name":"Le Blau"},"geometry":{"type":"LineString","coordinates":[[2.0355,42.9467],[2.0337,42.9495],[2.0337,42.9511],[2.0294,42.9528],[2.0300,42.9539],[2.0285,42.9542],[2.0299,42.9555],[2.0293,42.9585],[2.0301,42.9610],[2.0293,42.9622],[2.0302,42.9630],[2.0277,42.9661]]}},{"type":"Feature","properties":{"name":"La Petite Baïse"},"geometry":{"type":"LineString","coordinates":[[0.4635,43.2890],[0.4637,43.2912],[0.4650,43.2912],[0.4636,43.2929],[0.4661,43.2940],[0.4651,43.2954],[0.4658,43.2992],[0.4627,43.3003],[0.4622,43.3013],[0.4628,43.3022],[0.4607,43.3040],[0.4608,43.3055],[0.4579,43.3082],[0.4595,43.3090],[0.4599,43.3103],[0.4621,43.3108],[0.4609,43.3130],[0.4641,43.3133],[0.4632,43.3143],[0.4637,43.3147]]}},{"type":"Feature","properties":{"name":"La Petite Baïse"},"geometry":{"type":"LineString","coordinates":[[0.4763,43.3687],[0.4766,43.3697],[0.4745,43.3720],[0.4746,43.3739],[0.4753,43.3745],[0.4775,43.3739],[0.4781,43.3754],[0.4751,43.3767],[0.4758,43.3781],[0.4747,43.3808],[0.4763,43.3834],[0.4777,43.3837]]}},{"type":"Feature","properties":{"name":"La Petite Baïse"},"geometry":{"type":"LineString","coordinates":[[0.4801,43.4169],[0.4783,43.4200],[0.4786,43.4230],[0.4773,43.4261],[0.4779,43.4278],[0.4771,43.4306],[0.4779,43.4314],[0.4765,43.4332],[0.4779,43.4341],[0.4761,43.4359],[0.4776,43.4369],[0.4765,43.4385],[0.4739,43.4392],[0.4743,43.4408]]}},{"type":"Feature","properties":{"name":"La Petite Baïse"},"geometry":{"type":"LineString","coordinates":[[0.4048,43.1789],[0.4047,43.1807],[0.4039,43.1812],[0.4043,43.1833],[0.4074,43.1849],[0.4078,43.1885],[0.4095,43.1889],[0.4088,43.1957],[0.4097,43.1961],[0.4107,43.2038],[0.4118,43.2043],[0.4113,43.2060],[0.4126,43.2066],[0.4115,43.2079],[0.4121,43.2086]]}},{"type":"Feature","properties":{"name":"La Petite Baïse"},"geometry":{"type":"LineString","coordinates":[[0.4464,43.2656],[0.4491,43.2657],[0.4493,43.2668],[0.4523,43.2683],[0.4530,43.2732],[0.4545,43.2750],[0.4533,43.2762],[0.4556,43.2774]]}},{"type":"Feature","properties":{"name":"La Petite Baïse"},"geometry":{"type":"LineString","coordinates":[[0.4303,43.2479],[0.4307,43.2495],[0.4329,43.2498],[0.4339,43.2531],[0.4371,43.2555],[0.4375,43.2569],[0.4393,43.2571],[0.4389,43.2580],[0.4404,43.2585],[0.4407,43.2596],[0.4391,43.2609],[0.4401,43.2617]]}},{"type":"Feature","properties":{"name":"La Petite Baïse"},"geometry":{"type":"LineString","coordinates":[[0.4648,43.4867],[0.4642,43.4887],[0.4671,43.4949],[0.4664,43.4998],[0.4682,43.5004],[0.4681,43.5031]]}},{"type":"Feature","properties":{"name":"La Petite Baïse"},"geometry":{"type":"LineString","coordinates":[[0.4121,43.2086],[0.4143,43.2121],[0.4135,43.2165],[0.4158,43.2176],[0.4149,43.2189],[0.4164,43.2213],[0.4153,43.2243],[0.4137,43.2250],[0.4146,43.2271],[0.4158,43.2275],[0.4152,43.2282],[0.4162,43.2300],[0.4189,43.2310],[0.4190,43.2336],[0.4213,43.2350]]}},{"type":"Feature","properties":{"name":"La Petite Baïse"},"geometry":{"type":"LineString","coordinates":[[0.4213,43.2350],[0.4227,43.2353],[0.4228,43.2362],[0.4248,43.2362],[0.4238,43.2371],[0.4246,43.2388],[0.4236,43.2404],[0.4274,43.2428],[0.4273,43.2461],[0.4284,43.2477],[0.4303,43.2479]]}},{"type":"Feature","properties":{"name":"La Petite Baïse"},"geometry":{"type":"LineString","coordinates":[[0.4401,43.2617],[0.4409,43.2620],[0.4402,43.2630],[0.4422,43.2636],[0.4424,43.2646],[0.4438,43.2643],[0.4444,43.2657],[0.4464,43.2656]]}},{"type":"Feature","properties":{"name":"La Petite Baïse"},"geometry":{"type":"LineString","coordinates":[[0.4556,43.2774],[0.4585,43.2813],[0.4582,43.2828],[0.4609,43.2844],[0.4604,43.2856],[0.4622,43.2862],[0.4616,43.2872],[0.4635,43.2890]]}},{"type":"Feature","properties":{"name":"La Petite Baïse"},"geometry":{"type":"LineString","coordinates":[[0.4637,43.3147],[0.4671,43.3163],[0.4661,43.3188],[0.4679,43.3192],[0.4659,43.3211],[0.4684,43.3217],[0.4671,43.3230],[0.4675,43.3255],[0.4661,43.3293],[0.4653,43.3296],[0.4669,43.3315],[0.4693,43.3323],[0.4682,43.3330],[0.4689,43.3339],[0.4677,43.3353]]}},{"type":"Feature","properties":{"name":"La Petite Baïse"},"geometry":{"type":"LineString","coordinates":[[0.4677,43.3353],[0.4704,43.3362],[0.4710,43.3395],[0.4768,43.3417],[0.4766,43.3441],[0.4792,43.3450],[0.4787,43.3462],[0.4803,43.3474],[0.4801,43.3486],[0.4817,43.3486],[0.4803,43.3504],[0.4820,43.3520],[0.4815,43.3550],[0.4846,43.3559],[0.4859,43.3573],[0.4850,43.3592],[0.4809,43.3604],[0.4810,43.3616],[0.4749,43.3625],[0.4768,43.3648],[0.4757,43.3656],[0.4763,43.3687]]}},{"type":"Feature","properties":{"name":"La Petite Baïse"},"geometry":{"type":"LineString","coordinates":[[0.4777,43.3837],[0.4783,43.3845],[0.4775,43.3873]]}},{"type":"Feature","properties":{"name":"La Petite Baïse"},"geometry":{"type":"LineString","coordinates":[[0.4775,43.3873],[0.4791,43.3885],[0.4779,43.3890],[0.4787,43.3902],[0.4786,43.3925],[0.4775,43.3931],[0.4788,43.3954],[0.4782,43.3970],[0.4803,43.3975],[0.4807,43.3987],[0.4799,43.3995],[0.4777,43.3989],[0.4804,43.4029],[0.4797,43.4060]]}},{"type":"Feature","properties":{"name":"La Petite Baïse"},"geometry":{"type":"LineString","coordinates":[[0.4797,43.4060],[0.4807,43.4078]]}},{"type":"Feature","properties":{"name":"La Petite Baïse"},"geometry":{"type":"LineString","coordinates":[[0.4807,43.4078],[0.4819,43.4091],[0.4821,43.4109],[0.4798,43.4125],[0.4823,43.4144],[0.4796,43.4151],[0.4801,43.4169]]}},{"type":"Feature","properties":{"name":"La Petite Baïse"},"geometry":{"type":"LineString","coordinates":[[0.4743,43.4408],[0.4752,43.4427],[0.4734,43.4431],[0.4728,43.4453],[0.4701,43.4466],[0.4715,43.4472],[0.4713,43.4488],[0.4723,43.4495],[0.4715,43.4502],[0.4734,43.4518],[0.4716,43.4547],[0.4733,43.4550],[0.4671,43.4569],[0.4665,43.4619]]}},{"type":"Feature","properties":{"name":"La Petite Baïse"},"geometry":{"type":"LineString","coordinates":[[0.4666,43.4714],[0.4666,43.4735],[0.4679,43.4750],[0.4648,43.4764],[0.4656,43.4769],[0.4643,43.4798],[0.4652,43.4810],[0.4633,43.4828],[0.4659,43.4852],[0.4648,43.4867]]}},{"type":"Feature","properties":{"name":"La Petite Baïse"},"geometry":{"type":"LineString","coordinates":[[0.4665,43.4619],[0.4663,43.4656]]}},{"type":"Feature","properties":{"name":"La Petite Baïse"},"geometry":{"type":"LineString","coordinates":[[0.4685,43.5056],[0.4690,43.5075],[0.4707,43.5074],[0.4724,43.5089],[0.4692,43.5118],[0.4658,43.5119],[0.4676,43.5128],[0.4672,43.5146],[0.4699,43.5175],[0.4682,43.5190],[0.4671,43.5229]]}},{"type":"Feature","properties":{"name":"La Petite Baïse"},"geometry":{"type":"LineString","coordinates":[[0.4663,43.4656],[0.4665,43.4688],[0.4676,43.4693],[0.4666,43.4714]]}},{"type":"Feature","properties":{"name":"La Petite Baïse"},"geometry":{"type":"LineString","coordinates":[[0.4681,43.5031],[0.4696,43.5049],[0.4685,43.5056]]}},{"type":"Feature","properties":{"name":"La Petite Baïse"},"geometry":{"type":"LineString","coordinates":[[0.4671,43.5229],[0.4646,43.5236],[0.4661,43.5260],[0.4592,43.5332],[0.4592,43.5345],[0.4605,43.5353],[0.4599,43.5357]]}},{"type":"Feature","properties":{"name":"La Petite Baïse"},"geometry":{"type":"LineString","coordinates":[[0.4599,43.5357],[0.4596,43.5386],[0.4583,43.5395],[0.4601,43.5443],[0.4574,43.5453],[0.4576,43.5474],[0.4539,43.5488],[0.4537,43.5499]]}},{"type":"Feature","properties":{"name":"La Petite Baïse"},"geometry":{"type":"LineString","coordinates":[[0.4375,43.5728],[0.4349,43.5738],[0.4354,43.5750],[0.4334,43.5751],[0.4323,43.5783],[0.4279,43.5783],[0.4259,43.5824],[0.4200,43.5831],[0.4190,43.5839],[0.4205,43.5856],[0.4099,43.5879]]}},{"type":"Feature","properties":{"name":"La Petite Baïse"},"geometry":{"type":"LineString","coordinates":[[0.4376,43.5696],[0.4375,43.5728]]}},{"type":"Feature","properties":{"name":"La Petite Baïse"},"geometry":{"type":"LineString","coordinates":[[0.4537,43.5499],[0.4546,43.5535],[0.4475,43.5593],[0.4461,43.5633],[0.4413,43.5658],[0.4415,43.5673],[0.4376,43.5696]]}},{"type":"Feature","properties":{"name":"Le Douctouyre"},"geometry":{"type":"LineString","coordinates":[[1.7934,42.9990],[1.7955,43.0001],[1.7956,43.0020],[1.7974,43.0024],[1.7978,43.0065],[1.7996,43.0079],[1.7990,43.0090],[1.7976,43.0088],[1.7964,43.0108],[1.7935,43.0119],[1.7950,43.0137],[1.7978,43.0141],[1.7982,43.0155],[1.7992,43.0157],[1.7996,43.0189],[1.7987,43.0209],[1.7956,43.0215],[1.7974,43.0248],[1.7961,43.0273],[1.7973,43.0305],[1.7920,43.0366],[1.7936,43.0391],[1.7908,43.0415]]}},{"type":"Feature","properties":{"name":"Le Douctouyre"},"geometry":{"type":"LineString","coordinates":[[1.7908,43.0415],[1.7925,43.0427],[1.7906,43.0422],[1.7914,43.0434],[1.7882,43.0460],[1.7829,43.0479],[1.7810,43.0466],[1.7801,43.0484],[1.7755,43.0469],[1.7753,43.0442],[1.7740,43.0433],[1.7719,43.0441],[1.7707,43.0461],[1.7644,43.0463],[1.7647,43.0491],[1.7607,43.0490],[1.7612,43.0535],[1.7588,43.0551],[1.7561,43.0545],[1.7532,43.0559],[1.7527,43.0584],[1.7517,43.0588]]}},{"type":"Feature","properties":{"name":"Le Douctouyre"},"geometry":{"type":"LineString","coordinates":[[1.7517,43.0588],[1.7468,43.0585],[1.7483,43.0598],[1.7466,43.0616],[1.7443,43.0619],[1.7459,43.0628],[1.7457,43.0635],[1.7406,43.0668],[1.7418,43.0682],[1.7435,43.0679],[1.7424,43.0697],[1.7458,43.0731],[1.7443,43.0738],[1.7435,43.0769],[1.7459,43.0771],[1.7460,43.0793],[1.7500,43.0792],[1.7501,43.0813],[1.7531,43.0844],[1.7534,43.0876],[1.7554,43.0892],[1.7574,43.0892],[1.7550,43.0908],[1.7549,43.0926]]}},{"type":"Feature","properties":{"name":"Le Douctouyre"},"geometry":{"type":"LineString","coordinates":[[1.7830,42.9829],[1.7833,42.9838],[1.7862,42.9841],[1.7898,42.9870],[1.7904,42.9884],[1.7895,42.9896],[1.7928,42.9926],[1.7922,42.9936],[1.7937,42.9935],[1.7932,42.9954],[1.7951,42.9967],[1.7934,42.9990]]}},{"type":"Feature","properties":{"name":"Le Douctouyre"},"geometry":{"type":"LineString","coordinates":[[1.7719,42.9760],[1.7734,42.9770],[1.7783,42.9770],[1.7810,42.9787],[1.7860,42.9799],[1.7830,42.9829]]}},{"type":"Feature","properties":{"name":"Le Douctouyre"},"geometry":{"type":"LineString","coordinates":[[1.7874,42.9128],[1.7912,42.9136],[1.7916,42.9154],[1.7949,42.9159],[1.7949,42.9183],[1.7960,42.9184],[1.7966,42.9199],[1.7919,42.9229],[1.7937,42.9247],[1.7955,42.9290],[1.7942,42.9344],[1.7948,42.9358],[1.7941,42.9399],[1.7919,42.9438],[1.7871,42.9441],[1.7876,42.9450],[1.7833,42.9450],[1.7815,42.9459],[1.7808,42.9472],[1.7792,42.9478],[1.7799,42.9489],[1.7778,42.9515],[1.7775,42.9532],[1.7744,42.9539],[1.7726,42.9561],[1.7736,42.9568],[1.7727,42.9585],[1.7733,42.9601],[1.7766,42.9617],[1.7771,42.9635],[1.7739,42.9645],[1.7732,42.9670],[1.7717,42.9683],[1.7719,42.9698]]}},{"type":"Feature","properties":{"name":"Le Tarn"},"geometry":{"type":"LineString","coordinates":[[2.0886,43.9276],[2.0856,43.9288],[2.0828,43.9321],[2.0801,43.9329],[2.0729,43.9300],[2.0607,43.9312],[2.0470,43.9247]]}},{"type":"Feature","properties":{"name":"Le Tarn"},"geometry":{"type":"LineString","coordinates":[[1.8844,43.8690],[1.8816,43.8666],[1.8767,43.8669],[1.8667,43.8702],[1.8606,43.8754],[1.8581,43.8757]]}},{"type":"Feature","properties":{"name":"Le Tarn"},"geometry":{"type":"LineString","coordinates":[[1.9948,43.9087],[1.9898,43.9094],[1.9863,43.9068],[1.9851,43.9031],[1.9861,43.8978],[1.9845,43.8966],[1.9808,43.8971],[1.9693,43.9028]]}},{"type":"Feature","properties":{"name":"Le Tarn"},"geometry":{"type":"LineString","coordinates":[[1.9693,43.9028],[1.9622,43.9063],[1.9561,43.9147],[1.9540,43.9162],[1.9483,43.9155],[1.9355,43.9103]]}},{"type":"Feature","properties":{"name":"Le Tarn"},"geometry":{"type":"LineString","coordinates":[[2.0075,43.9062],[2.0035,43.9054],[1.9948,43.9087]]}},{"type":"Feature","properties":{"name":"Le Tarn"},"geometry":{"type":"LineString","coordinates":[[2.0470,43.9247],[2.0378,43.9205],[2.0289,43.9203]]}},{"type":"Feature","properties":{"name":"Le Tarn"},"geometry":{"type":"LineString","coordinates":[[2.0289,43.9203],[2.0205,43.9181],[2.0089,43.9083],[2.0075,43.9062]]}},{"type":"Feature","properties":{"name":"Le Tarn"},"geometry":{"type":"LineString","coordinates":[[1.9348,43.9101],[1.9267,43.9078],[1.9254,43.9067],[1.9239,43.9024],[1.9203,43.8987],[1.9082,43.8902],[1.9033,43.8898],[1.8985,43.8914],[1.8947,43.8973]]}},{"type":"Feature","properties":{"name":"Le Tarn"},"geometry":{"type":"LineString","coordinates":[[1.9355,43.9103],[1.9348,43.9101]]}},{"type":"Feature","properties":{"name":"Le Tarn"},"geometry":{"type":"LineString","coordinates":[[1.7942,43.8367],[1.7935,43.8366]]}},{"type":"Feature","properties":{"name":"Le Tarn"},"geometry":{"type":"LineString","coordinates":[[1.6512,43.7756],[1.6468,43.7763],[1.6327,43.7821],[1.6255,43.7881],[1.6235,43.7919],[1.6230,43.7952],[1.6197,43.7982],[1.6001,43.8047],[1.5838,43.8055],[1.5718,43.8119],[1.5625,43.8136]]}},{"type":"Feature","properties":{"name":"Le Tarn"},"geometry":{"type":"LineString","coordinates":[[1.6826,43.7854],[1.6699,43.7842]]}},{"type":"Feature","properties":{"name":"Le Tarn"},"geometry":{"type":"LineString","coordinates":[[1.5243,43.8291],[1.5224,43.8309],[1.5222,43.8333],[1.5263,43.8381],[1.5266,43.8398],[1.5186,43.8458]]}},{"type":"Feature","properties":{"name":"Le Tarn"},"geometry":{"type":"LineString","coordinates":[[1.7935,43.8366],[1.7830,43.8321],[1.7756,43.8312],[1.7710,43.8324],[1.7675,43.8379],[1.7631,43.8385],[1.7557,43.8336],[1.7529,43.8270],[1.7493,43.8253]]}},{"type":"Feature","properties":{"name":"Le Tarn"},"geometry":{"type":"LineString","coordinates":[[1.8581,43.8757],[1.8544,43.8750],[1.8460,43.8701],[1.8320,43.8682],[1.8167,43.8595],[1.8131,43.8542],[1.8131,43.8494],[1.8151,43.8469],[1.8203,43.8442],[1.8205,43.8431],[1.8193,43.8419],[1.8138,43.8406],[1.8072,43.8375]]}},{"type":"Feature","properties":{"name":"Le Tarn"},"geometry":{"type":"LineString","coordinates":[[1.8072,43.8375],[1.7942,43.8367]]}},{"type":"Feature","properties":{"name":"Le Tarn"},"geometry":{"type":"LineString","coordinates":[[1.5518,43.8162],[1.5397,43.8224]]}},{"type":"Feature","properties":{"name":"Le Tarn"},"geometry":{"type":"LineString","coordinates":[[1.5397,43.8224],[1.5243,43.8291]]}},{"type":"Feature","properties":{"name":"Le Tarn"},"geometry":{"type":"LineString","coordinates":[[1.5625,43.8136],[1.5518,43.8162]]}},{"type":"Feature","properties":{"name":"Le Tarn"},"geometry":{"type":"LineString","coordinates":[[1.5186,43.8458],[1.5159,43.8479],[1.5136,43.8540],[1.5099,43.8578]]}},{"type":"Feature","properties":{"name":"Le Tarn"},"geometry":{"type":"LineString","coordinates":[[1.5099,43.8578],[1.4983,43.8701],[1.4971,43.8789],[1.4931,43.8811],[1.4849,43.8880],[1.4679,43.8985],[1.4482,43.9059],[1.4269,43.9109],[1.4081,43.9119],[1.3774,43.9188],[1.3692,43.9223],[1.3670,43.9241],[1.3647,43.9333]]}},{"type":"Feature","properties":{"name":"Le Tarn"},"geometry":{"type":"LineString","coordinates":[[1.7493,43.8253],[1.7438,43.8246],[1.7368,43.8277],[1.7333,43.8265],[1.7231,43.8167],[1.7170,43.8123],[1.7033,43.8067],[1.6949,43.7979],[1.6901,43.7898],[1.6826,43.7854]]}},{"type":"Feature","properties":{"name":"Le Tarn"},"geometry":{"type":"LineString","coordinates":[[1.3647,43.9333],[1.3646,43.9375],[1.3632,43.9406],[1.3545,43.9539]]}},{"type":"Feature","properties":{"name":"Le Tarn"},"geometry":{"type":"LineString","coordinates":[[1.6699,43.7842],[1.6625,43.7834],[1.6512,43.7756]]}},{"type":"Feature","properties":{"name":"Le Tarn"},"geometry":{"type":"LineString","coordinates":[[1.8946,43.8974],[1.8925,43.8982],[1.8905,43.8975],[1.8832,43.8891],[1.8867,43.8804],[1.8844,43.8690]]}},{"type":"Feature","properties":{"name":"Le Tarn"},"geometry":{"type":"LineString","coordinates":[[1.8947,43.8973],[1.8946,43.8974]]}},{"type":"Feature","properties":{"name":"La Saudrune"},"geometry":{"type":"LineString","coordinates":[[1.4123,43.5381],[1.4142,43.5391],[1.4182,43.5393]]}},{"type":"Feature","properties":{"name":"La Saudrune"},"geometry":{"type":"LineString","coordinates":[[1.4074,43.5408],[1.4123,43.5381]]}},{"type":"Feature","properties":{"name":"La Saudrune"},"geometry":{"type":"LineString","coordinates":[[1.4182,43.5393],[1.4245,43.5448],[1.4287,43.5461]]}},{"type":"Feature","properties":{"name":"La Saudrune"},"geometry":{"type":"LineString","coordinates":[[1.3998,43.5409],[1.4001,43.5408]]}},{"type":"Feature","properties":{"name":"La Saudrune"},"geometry":{"type":"LineString","coordinates":[[1.3896,43.5373],[1.3898,43.5375]]}},{"type":"Feature","properties":{"name":"La Saudrune"},"geometry":{"type":"LineString","coordinates":[[1.3971,43.5417],[1.3976,43.5416]]}},{"type":"Feature","properties":{"name":"La Saudrune"},"geometry":{"type":"LineString","coordinates":[[1.4001,43.5408],[1.4074,43.5408]]}},{"type":"Feature","properties":{"name":"La Saudrune"},"geometry":{"type":"LineString","coordinates":[[1.3898,43.5375],[1.3933,43.5390],[1.3953,43.5415],[1.3971,43.5417]]}},{"type":"Feature","properties":{"name":"La Saudrune"},"geometry":{"type":"LineString","coordinates":[[1.3976,43.5416],[1.3998,43.5409]]}},{"type":"Feature","properties":{"name":"La Saudrune"},"geometry":{"type":"LineString","coordinates":[[1.3860,43.5353],[1.3896,43.5373]]}},{"type":"Feature","properties":{"name":"Le Lez"},"geometry":{"type":"LineString","coordinates":[[1.0252,42.9339],[1.0295,42.9395],[1.0436,42.9495],[1.0480,42.9510],[1.0639,42.9470],[1.0736,42.9477],[1.0830,42.9527],[1.0850,42.9578],[1.0871,42.9588],[1.0876,42.9608],[1.0962,42.9612],[1.1093,42.9671],[1.1155,42.9710],[1.1223,42.9727]]}},{"type":"Feature","properties":{"name":"Le Lez"},"geometry":{"type":"LineString","coordinates":[[1.1223,42.9727],[1.1217,42.9768],[1.1284,42.9779],[1.1338,42.9832],[1.1419,42.9867]]}},{"type":"Feature","properties":{"name":"Le Lez"},"geometry":{"type":"LineString","coordinates":[[0.9388,42.8368],[0.9382,42.8380],[0.9392,42.8394],[0.9371,42.8461],[0.9379,42.8480],[0.9366,42.8487],[0.9345,42.8529],[0.9370,42.8571],[0.9381,42.8620],[0.9409,42.8658],[0.9511,42.8718],[0.9571,42.8730],[0.9637,42.8770],[0.9653,42.8761],[0.9742,42.8760]]}},{"type":"Feature","properties":{"name":"Le Lez"},"geometry":{"type":"LineString","coordinates":[[0.9365,42.8296],[0.9388,42.8368]]}},{"type":"Feature","properties":{"name":"Le Lez"},"geometry":{"type":"LineString","coordinates":[[1.0586,42.9483],[1.0589,42.9483]]}},{"type":"Feature","properties":{"name":"Le Lez"},"geometry":{"type":"LineString","coordinates":[[1.0584,42.9485],[1.0584,42.9484]]}},{"type":"Feature","properties":{"name":"Le Lez"},"geometry":{"type":"LineString","coordinates":[[1.0485,42.9508],[1.0487,42.9509]]}},{"type":"Feature","properties":{"name":"Le Lez"},"geometry":{"type":"LineString","coordinates":[[1.0431,42.9494],[1.0436,42.9495]]}},{"type":"Feature","properties":{"name":"Le Lez"},"geometry":{"type":"LineString","coordinates":[[1.0284,42.9141],[1.0293,42.9167],[1.0267,42.9212],[1.0280,42.9227],[1.0281,42.9248],[1.0248,42.9279],[1.0243,42.9302],[1.0252,42.9339]]}},{"type":"Feature","properties":{"name":"Le Lez"},"geometry":{"type":"LineString","coordinates":[[1.0287,42.8941],[1.0287,42.8941]]}},{"type":"Feature","properties":{"name":"Le Lez"},"geometry":{"type":"LineString","coordinates":[[0.9778,42.8758],[0.9821,42.8760],[0.9826,42.8768],[0.9908,42.8746],[0.9940,42.8749],[0.9970,42.8769],[1.0003,42.8757],[1.0039,42.8767],[1.0042,42.8779],[1.0066,42.8798],[1.0066,42.8818],[1.0098,42.8822],[1.0108,42.8835],[1.0170,42.8832],[1.0244,42.8863],[1.0255,42.8898],[1.0282,42.8915],[1.0287,42.8941]]}},{"type":"Feature","properties":{"name":"Le Lez"},"geometry":{"type":"LineString","coordinates":[[1.0287,42.8941],[1.0283,42.8955],[1.0295,42.8977],[1.0280,42.9010],[1.0288,42.9019],[1.0285,42.9046]]}},{"type":"Feature","properties":{"name":"La Save"},"geometry":{"type":"LineString","coordinates":[[0.9908,43.5417],[0.9964,43.5460],[0.9977,43.5454],[0.9999,43.5476],[1.0003,43.5494],[1.0026,43.5507],[1.0025,43.5527]]}},{"type":"Feature","properties":{"name":"La Save"},"geometry":{"type":"LineString","coordinates":[[1.0025,43.5527],[1.0052,43.5561],[1.0051,43.5574],[1.0064,43.5578],[1.0064,43.5595],[1.0111,43.5579],[1.0146,43.5618],[1.0161,43.5612],[1.0177,43.5624],[1.0175,43.5633],[1.0199,43.5650],[1.0190,43.5659],[1.0196,43.5673],[1.0211,43.5675],[1.0228,43.5695]]}},{"type":"Feature","properties":{"name":"La Save"},"geometry":{"type":"LineString","coordinates":[[1.0345,43.5811],[1.0352,43.5835],[1.0368,43.5834],[1.0386,43.5862],[1.0366,43.5883],[1.0396,43.5886],[1.0413,43.5903]]}},{"type":"Feature","properties":{"name":"La Save"},"geometry":{"type":"LineString","coordinates":[[1.1211,43.6394],[1.1258,43.6387],[1.1277,43.6420],[1.1306,43.6428]]}},{"type":"Feature","properties":{"name":"La Save"},"geometry":{"type":"LineString","coordinates":[[1.1306,43.6428],[1.1320,43.6461],[1.1395,43.6482]]}},{"type":"Feature","properties":{"name":"La Save"},"geometry":{"type":"LineString","coordinates":[[1.2372,43.7055],[1.2408,43.7102],[1.2385,43.7124],[1.2386,43.7140],[1.2443,43.7153],[1.2411,43.7155],[1.2371,43.7174],[1.2372,43.7181],[1.2407,43.7182],[1.2412,43.7204],[1.2370,43.7230],[1.2395,43.7259],[1.2382,43.7278],[1.2404,43.7263],[1.2418,43.7277],[1.2443,43.7275],[1.2477,43.7319],[1.2458,43.7323],[1.2461,43.7334],[1.2478,43.7346],[1.2508,43.7341],[1.2510,43.7357],[1.2533,43.7386],[1.2574,43.7397],[1.2560,43.7412],[1.2546,43.7412],[1.2546,43.7427],[1.2574,43.7439],[1.2580,43.7452],[1.2588,43.7449],[1.2592,43.7460],[1.2584,43.7467],[1.2595,43.7484],[1.2648,43.7482],[1.2646,43.7495],[1.2632,43.7499],[1.2665,43.7516],[1.2656,43.7555],[1.2672,43.7557],[1.2658,43.7599],[1.2715,43.7611],[1.2762,43.7601],[1.2753,43.7612],[1.2768,43.7632],[1.2799,43.7631],[1.2806,43.7652],[1.2844,43.7665],[1.2841,43.7696],[1.2890,43.7696],[1.2859,43.7730],[1.2810,43.7746],[1.2814,43.7761],[1.2799,43.7776],[1.2795,43.7825],[1.2765,43.7834],[1.2749,43.7852],[1.2786,43.7875],[1.2825,43.7862],[1.2839,43.7867],[1.2780,43.7934]]}},{"type":"Feature","properties":{"name":"La Save"},"geometry":{"type":"LineString","coordinates":[[1.0246,43.5710],[1.0238,43.5738],[1.0217,43.5757],[1.0241,43.5771],[1.0274,43.5753],[1.0307,43.5758],[1.0298,43.5777],[1.0345,43.5811]]}},{"type":"Feature","properties":{"name":"La Save"},"geometry":{"type":"LineString","coordinates":[[0.9137,43.4771],[0.9154,43.4798],[0.9189,43.4809],[0.9192,43.4821],[0.9245,43.4817],[0.9246,43.4824],[0.9231,43.4830],[0.9268,43.4846],[0.9294,43.4883],[0.9364,43.4903],[0.9355,43.4910],[0.9365,43.4923],[0.9360,43.4937],[0.9385,43.4954],[0.9386,43.4974],[0.9400,43.4975],[0.9428,43.5007],[0.9453,43.5015],[0.9472,43.5043],[0.9504,43.5054],[0.9545,43.5101],[0.9565,43.5105],[0.9584,43.5141],[0.9626,43.5152],[0.9640,43.5131],[0.9684,43.5153],[0.9684,43.5164],[0.9699,43.5175],[0.9723,43.5177],[0.9733,43.5165],[0.9764,43.5169]]}},{"type":"Feature","properties":{"name":"La Save"},"geometry":{"type":"LineString","coordinates":[[0.8036,43.3368],[0.8052,43.3377],[0.8069,43.3415],[0.8100,43.3426],[0.8083,43.3456],[0.8110,43.3467],[0.8150,43.3459],[0.8187,43.3487],[0.8195,43.3514],[0.8220,43.3532],[0.8210,43.3545],[0.8222,43.3556],[0.8216,43.3572],[0.8251,43.3599],[0.8260,43.3635],[0.8289,43.3648],[0.8304,43.3674],[0.8349,43.3692],[0.8343,43.3720],[0.8366,43.3715],[0.8374,43.3746],[0.8393,43.3760],[0.8384,43.3811],[0.8416,43.3863],[0.8422,43.3884],[0.8414,43.3915],[0.8429,43.3919],[0.8428,43.3956],[0.8436,43.3966],[0.8454,43.3963],[0.8457,43.3989],[0.8481,43.4002],[0.8479,43.4014],[0.8543,43.4059],[0.8534,43.4083],[0.8557,43.4090],[0.8551,43.4102],[0.8565,43.4107],[0.8540,43.4133],[0.8566,43.4135],[0.8572,43.4146],[0.8557,43.4157],[0.8569,43.4173],[0.8551,43.4175],[0.8573,43.4210],[0.8557,43.4226],[0.8565,43.4226],[0.8569,43.4236],[0.8562,43.4241],[0.8573,43.4250],[0.8558,43.4255],[0.8554,43.4285],[0.8537,43.4286],[0.8529,43.4295],[0.8543,43.4299],[0.8508,43.4333],[0.8564,43.4375],[0.8573,43.4420],[0.8586,43.4423],[0.8584,43.4434],[0.8654,43.4454],[0.8655,43.4473],[0.8679,43.4467],[0.8733,43.4485],[0.8754,43.4480],[0.8761,43.4499],[0.8795,43.4508],[0.8815,43.4539],[0.8859,43.4552],[0.8901,43.4588],[0.8907,43.4611],[0.8946,43.4626],[0.8962,43.4663],[0.8974,43.4671],[0.8988,43.4667],[0.9018,43.4688],[0.9077,43.4687],[0.9097,43.4707],[0.9113,43.4704],[0.9136,43.4728],[0.9125,43.4752],[0.9137,43.4771]]}},{"type":"Feature","properties":{"name":"La Save"},"geometry":{"type":"LineString","coordinates":[[0.5362,43.1606],[0.5442,43.1621],[0.5477,43.1648],[0.5523,43.1648],[0.5550,43.1659],[0.5578,43.1687],[0.5619,43.1693],[0.5627,43.1685],[0.5673,43.1687],[0.5684,43.1680],[0.5734,43.1684]]}},{"type":"Feature","properties":{"name":"La Save"},"geometry":{"type":"LineString","coordinates":[[0.6000,43.1887],[0.6031,43.1934],[0.6082,43.1952],[0.6104,43.1942],[0.6120,43.1950],[0.6145,43.1945],[0.6174,43.1966],[0.6173,43.1980],[0.6224,43.1978],[0.6242,43.1997],[0.6291,43.1987],[0.6291,43.2004],[0.6317,43.2014],[0.6333,43.2037],[0.6373,43.2052],[0.6403,43.2093],[0.6421,43.2095],[0.6422,43.2118],[0.6450,43.2121],[0.6450,43.2140],[0.6472,43.2138],[0.6465,43.2159],[0.6480,43.2168],[0.6477,43.2180]]}},{"type":"Feature","properties":{"name":"La Save"},"geometry":{"type":"LineString","coordinates":[[0.6477,43.2180],[0.6497,43.2185],[0.6482,43.2191],[0.6491,43.2209],[0.6460,43.2219],[0.6462,43.2229],[0.6507,43.2258],[0.6518,43.2284],[0.6528,43.2285],[0.6530,43.2308],[0.6551,43.2307],[0.6547,43.2323],[0.6556,43.2332],[0.6624,43.2346],[0.6679,43.2388],[0.6691,43.2420],[0.6708,43.2421],[0.6724,43.2406],[0.6750,43.2415],[0.6778,43.2407]]}},{"type":"Feature","properties":{"name":"La Save"},"geometry":{"type":"LineString","coordinates":[[1.0419,43.5908],[1.0466,43.5944],[1.0487,43.5941],[1.0490,43.5919],[1.0525,43.5932],[1.0523,43.5942],[1.0535,43.5941],[1.0557,43.5959],[1.0557,43.5982],[1.0708,43.6095],[1.0705,43.6105],[1.0725,43.6119],[1.0705,43.6128],[1.0710,43.6140],[1.0745,43.6128],[1.0772,43.6134],[1.0753,43.6145],[1.0798,43.6208],[1.0835,43.6231],[1.0856,43.6232],[1.0876,43.6257],[1.0981,43.6278],[1.1012,43.6275],[1.1030,43.6288],[1.1019,43.6295],[1.1046,43.6317],[1.1066,43.6305],[1.1060,43.6333],[1.1081,43.6350],[1.1092,43.6345],[1.1124,43.6359],[1.1123,43.6372]]}},{"type":"Feature","properties":{"name":"La Save"},"geometry":{"type":"LineString","coordinates":[[0.6778,43.2407],[0.6798,43.2412],[0.6853,43.2400],[0.6881,43.2423],[0.6925,43.2432],[0.6921,43.2450],[0.6997,43.2486],[0.7063,43.2504],[0.7067,43.2525],[0.7081,43.2527],[0.7097,43.2558],[0.7115,43.2568],[0.7112,43.2581],[0.7125,43.2598],[0.7160,43.2609],[0.7190,43.2646],[0.7206,43.2646],[0.7219,43.2658],[0.7278,43.2662],[0.7297,43.2689],[0.7347,43.2712],[0.7350,43.2719],[0.7336,43.2728],[0.7367,43.2758],[0.7395,43.2767],[0.7455,43.2813],[0.7545,43.2859],[0.7543,43.2871],[0.7561,43.2891],[0.7561,43.2907],[0.7577,43.2918],[0.7575,43.2932],[0.7603,43.2940],[0.7603,43.2968],[0.7641,43.2979],[0.7644,43.2996],[0.7683,43.2989],[0.7687,43.3020],[0.7708,43.3028],[0.7713,43.3053],[0.7791,43.3095],[0.7795,43.3109],[0.7823,43.3125],[0.7829,43.3140],[0.7822,43.3152]]}},{"type":"Feature","properties":{"name":"La Save"},"geometry":{"type":"LineString","coordinates":[[0.9764,43.5169],[0.9773,43.5185],[0.9793,43.5188],[0.9804,43.5208],[0.9816,43.5236],[0.9793,43.5248],[0.9814,43.5285]]}},{"type":"Feature","properties":{"name":"La Save"},"geometry":{"type":"LineString","coordinates":[[0.5734,43.1684],[0.5752,43.1688],[0.5761,43.1711],[0.5784,43.1717],[0.5798,43.1734],[0.5891,43.1756],[0.5896,43.1770],[0.5911,43.1767],[0.5911,43.1778],[0.5934,43.1782],[0.5930,43.1788],[0.5946,43.1797],[0.5962,43.1788],[0.5973,43.1814],[0.5998,43.1834],[0.6001,43.1852],[0.5986,43.1861],[0.6000,43.1887]]}},{"type":"Feature","properties":{"name":"La Save"},"geometry":{"type":"LineString","coordinates":[[0.9841,43.5398],[0.9849,43.5416],[0.9908,43.5417]]}},{"type":"Feature","properties":{"name":"La Save"},"geometry":{"type":"LineString","coordinates":[[0.9808,43.5341],[0.9796,43.5358],[0.9809,43.5375],[0.9803,43.5386],[0.9841,43.5398]]}},{"type":"Feature","properties":{"name":"La Save"},"geometry":{"type":"LineString","coordinates":[[0.9814,43.5285],[0.9839,43.5314],[0.9808,43.5341]]}},{"type":"Feature","properties":{"name":"La Save"},"geometry":{"type":"LineString","coordinates":[[1.2400,43.7217],[1.2399,43.7206],[1.2373,43.7203],[1.2367,43.7214],[1.2383,43.7222]]}},{"type":"Feature","properties":{"name":"La Save"},"geometry":{"type":"LineString","coordinates":[[1.2443,43.7153],[1.2408,43.7193]]}},{"type":"Feature","properties":{"name":"La Save"},"geometry":{"type":"LineString","coordinates":[[0.7822,43.3152],[0.7822,43.3153]]}},{"type":"Feature","properties":{"name":"La Save"},"geometry":{"type":"LineString","coordinates":[[0.7822,43.3153],[0.7798,43.3157],[0.7804,43.3179],[0.7828,43.3198],[0.7824,43.3210],[0.7864,43.3222],[0.7884,43.3213],[0.7917,43.3243],[0.7940,43.3241],[0.7983,43.3265],[0.7992,43.3303],[0.8022,43.3309],[0.8024,43.3323],[0.8043,43.3338],[0.8036,43.3368]]}},{"type":"Feature","properties":{"name":"La Save"},"geometry":{"type":"LineString","coordinates":[[0.7626,43.2977],[0.7633,43.2984]]}},{"type":"Feature","properties":{"name":"La Save"},"geometry":{"type":"LineString","coordinates":[[1.0413,43.5903],[1.0419,43.5908]]}},{"type":"Feature","properties":{"name":"La Save"},"geometry":{"type":"LineString","coordinates":[[1.1155,43.6369],[1.1140,43.6398],[1.1178,43.6396]]}},{"type":"Feature","properties":{"name":"La Save"},"geometry":{"type":"LineString","coordinates":[[1.1395,43.6482],[1.1463,43.6514],[1.1525,43.6523],[1.1573,43.6564],[1.1646,43.6569],[1.1662,43.6583],[1.1688,43.6574],[1.1718,43.6612],[1.1735,43.6616],[1.1733,43.6625],[1.1750,43.6629],[1.1748,43.6637],[1.1765,43.6640],[1.1775,43.6632],[1.1799,43.6643],[1.1801,43.6633],[1.1818,43.6627],[1.1834,43.6643],[1.1831,43.6657],[1.1846,43.6666],[1.1878,43.6659],[1.1944,43.6709],[1.1944,43.6737],[1.1961,43.6748],[1.1963,43.6765],[1.2000,43.6771],[1.2005,43.6790],[1.2032,43.6787],[1.2053,43.6811],[1.2088,43.6805],[1.2094,43.6855],[1.2115,43.6863],[1.2119,43.6881],[1.2140,43.6896],[1.2159,43.6895],[1.2191,43.6912],[1.2198,43.6897],[1.2218,43.6891],[1.2225,43.6901],[1.2214,43.6909],[1.2218,43.6920],[1.2286,43.6926],[1.2301,43.6939],[1.2341,43.6945],[1.2359,43.6990],[1.2342,43.6992],[1.2345,43.7005],[1.2329,43.7014],[1.2330,43.7030],[1.2335,43.7037],[1.2373,43.7033],[1.2372,43.7055]]}},{"type":"Feature","properties":{"name":"La Save"},"geometry":{"type":"LineString","coordinates":[[1.1123,43.6372],[1.1155,43.6369]]}},{"type":"Feature","properties":{"name":"La Save"},"geometry":{"type":"LineString","coordinates":[[1.1178,43.6396],[1.1211,43.6394]]}},{"type":"Feature","properties":{"name":"La Save"},"geometry":{"type":"LineString","coordinates":[[1.0228,43.5695],[1.0231,43.5708],[1.0246,43.5710]]}},{"type":"Feature","properties":{"name":"La Baïsole"},"geometry":{"type":"LineString","coordinates":[[0.3993,43.2064],[0.4013,43.2091],[0.4014,43.2113],[0.4030,43.2128],[0.4018,43.2151],[0.4026,43.2166],[0.4038,43.2168],[0.4038,43.2188],[0.4013,43.2209],[0.4011,43.2223],[0.4048,43.2251],[0.4049,43.2281],[0.4061,43.2285],[0.4065,43.2305],[0.4077,43.2306],[0.4069,43.2329],[0.4088,43.2342],[0.4085,43.2372],[0.4106,43.2379],[0.4092,43.2387],[0.4120,43.2406],[0.4118,43.2429]]}},{"type":"Feature","properties":{"name":"La Baïsole"},"geometry":{"type":"LineString","coordinates":[[0.4159,43.2637],[0.4147,43.2651],[0.4166,43.2672],[0.4186,43.2676],[0.4200,43.2702],[0.4179,43.2716],[0.4198,43.2724],[0.4214,43.2751]]}},{"type":"Feature","properties":{"name":"La Baïsole"},"geometry":{"type":"LineString","coordinates":[[0.4265,43.2951],[0.4270,43.2961]]}},{"type":"Feature","properties":{"name":"La Baïsole"},"geometry":{"type":"LineString","coordinates":[[0.4165,43.2571],[0.4165,43.2572]]}},{"type":"Feature","properties":{"name":"La Baïsole"},"geometry":{"type":"LineString","coordinates":[[0.4304,43.3052],[0.4313,43.3061],[0.4303,43.3069],[0.4331,43.3080],[0.4322,43.3087],[0.4326,43.3096],[0.4367,43.3101],[0.4386,43.3137],[0.4414,43.3129],[0.4401,43.3141],[0.4399,43.3163],[0.4424,43.3170],[0.4408,43.3218],[0.4425,43.3231],[0.4431,43.3252],[0.4423,43.3264],[0.4435,43.3273],[0.4420,43.3302],[0.4447,43.3306],[0.4450,43.3322],[0.4436,43.3335],[0.4440,43.3355],[0.4424,43.3355],[0.4415,43.3367],[0.4440,43.3379],[0.4434,43.3396],[0.4450,43.3407]]}},{"type":"Feature","properties":{"name":"La Baïsole"},"geometry":{"type":"LineString","coordinates":[[0.4463,43.3465],[0.4484,43.3498],[0.4466,43.3511],[0.4484,43.3525],[0.4460,43.3573],[0.4461,43.3609],[0.4476,43.3616],[0.4466,43.3647]]}},{"type":"Feature","properties":{"name":"La Baïsole"},"geometry":{"type":"LineString","coordinates":[[0.4466,43.3647],[0.4454,43.3659],[0.4471,43.3665],[0.4445,43.3686],[0.4461,43.3729],[0.4482,43.3746],[0.4465,43.3773],[0.4489,43.3783],[0.4461,43.3809],[0.4464,43.3828],[0.4456,43.3833],[0.4465,43.3846],[0.4457,43.3856]]}},{"type":"Feature","properties":{"name":"La Baïsole"},"geometry":{"type":"LineString","coordinates":[[0.4468,43.3670],[0.4463,43.3670]]}},{"type":"Feature","properties":{"name":"La Baïsole"},"geometry":{"type":"LineString","coordinates":[[0.4401,43.3998],[0.4385,43.4028],[0.4396,43.4043],[0.4369,43.4051],[0.4372,43.4060],[0.4355,43.4067],[0.4363,43.4074],[0.4349,43.4095],[0.4350,43.4117],[0.4322,43.4119]]}},{"type":"Feature","properties":{"name":"La Baïsole"},"geometry":{"type":"LineString","coordinates":[[0.4414,43.3978],[0.4414,43.3978]]}},{"type":"Feature","properties":{"name":"La Baïsole"},"geometry":{"type":"LineString","coordinates":[[0.4415,43.3976],[0.4414,43.3978]]}},{"type":"Feature","properties":{"name":"La Baïsole"},"geometry":{"type":"LineString","coordinates":[[0.4411,43.3981],[0.4401,43.3998]]}},{"type":"Feature","properties":{"name":"La Baïsole"},"geometry":{"type":"LineString","coordinates":[[0.4414,43.3978],[0.4411,43.3981]]}},{"type":"Feature","properties":{"name":"La Baïsole"},"geometry":{"type":"LineString","coordinates":[[0.4465,43.3927],[0.4449,43.3929],[0.4415,43.3976]]}},{"type":"Feature","properties":{"name":"La Baïsole"},"geometry":{"type":"LineString","coordinates":[[0.4322,43.4119],[0.4326,43.4142],[0.4289,43.4182],[0.4290,43.4212],[0.4251,43.4246],[0.4226,43.4240],[0.4241,43.4277],[0.4223,43.4321],[0.4190,43.4355]]}},{"type":"Feature","properties":{"name":"La Baïsole"},"geometry":{"type":"LineString","coordinates":[[0.4118,43.2429],[0.4135,43.2433],[0.4153,43.2457],[0.4140,43.2470],[0.4145,43.2500],[0.4134,43.2503],[0.4176,43.2544],[0.4163,43.2553],[0.4172,43.2561],[0.4165,43.2571]]}},{"type":"Feature","properties":{"name":"La Baïsole"},"geometry":{"type":"LineString","coordinates":[[0.4270,43.2961],[0.4269,43.2981],[0.4288,43.2993],[0.4287,43.3009],[0.4298,43.3010],[0.4289,43.3036],[0.4307,43.3037],[0.4304,43.3052]]}},{"type":"Feature","properties":{"name":"La Baïsole"},"geometry":{"type":"LineString","coordinates":[[0.4450,43.3407],[0.4440,43.3420],[0.4479,43.3441],[0.4468,43.3455],[0.4481,43.3462],[0.4463,43.3465]]}},{"type":"Feature","properties":{"name":"La Baïsole"},"geometry":{"type":"LineString","coordinates":[[0.4165,43.2572],[0.4157,43.2592],[0.4167,43.2596],[0.4167,43.2607],[0.4142,43.2620],[0.4159,43.2637]]}},{"type":"Feature","properties":{"name":"La Baïsole"},"geometry":{"type":"LineString","coordinates":[[0.4457,43.3856],[0.4450,43.3862],[0.4467,43.3869],[0.4452,43.3871],[0.4455,43.3879],[0.4445,43.3887],[0.4454,43.3891],[0.4449,43.3910],[0.4465,43.3910],[0.4453,43.3916],[0.4462,43.3920]]}},{"type":"Feature","properties":{"name":"La Baïsole"},"geometry":{"type":"LineString","coordinates":[[0.4465,43.3927],[0.4462,43.3941],[0.4474,43.3940],[0.4474,43.3948],[0.4448,43.3974],[0.4432,43.3970],[0.4426,43.3987],[0.4401,43.3998]]}},{"type":"Feature","properties":{"name":"La Baïsole"},"geometry":{"type":"LineString","coordinates":[[0.4462,43.3920],[0.4465,43.3927]]}},{"type":"Feature","properties":{"name":"Le Dadou"},"geometry":{"type":"LineString","coordinates":[[1.9123,43.7613],[1.9101,43.7592],[1.9063,43.7586],[1.9079,43.7563],[1.9056,43.7523],[1.9003,43.7492]]}},{"type":"Feature","properties":{"name":"Le Dadou"},"geometry":{"type":"LineString","coordinates":[[1.8530,43.7495],[1.8452,43.7504]]}},{"type":"Feature","properties":{"name":"Le Dadou"},"geometry":{"type":"LineString","coordinates":[[1.8452,43.7504],[1.8408,43.7489],[1.8395,43.7473],[1.8396,43.7452],[1.8371,43.7439],[1.8337,43.7443],[1.8300,43.7471],[1.8257,43.7455],[1.8235,43.7479],[1.8161,43.7445],[1.8119,43.7436],[1.8093,43.7376],[1.8039,43.7378],[1.7979,43.7361],[1.7895,43.7364]]}},{"type":"Feature","properties":{"name":"Le Dadou"},"geometry":{"type":"LineString","coordinates":[[1.8936,43.7507],[1.8909,43.7492],[1.8857,43.7489]]}},{"type":"Feature","properties":{"name":"Le Dadou"},"geometry":{"type":"LineString","coordinates":[[2.0497,43.7646],[2.0468,43.7637],[2.0430,43.7640],[2.0385,43.7625],[2.0342,43.7633],[2.0231,43.7623],[2.0168,43.7645],[2.0150,43.7644],[2.0129,43.7625],[2.0089,43.7642],[2.0060,43.7628],[1.9948,43.7612],[1.9895,43.7638],[1.9946,43.7690],[1.9975,43.7694],[1.9985,43.7709],[1.9966,43.7735],[1.9901,43.7758],[1.9836,43.7727],[1.9798,43.7724],[1.9782,43.7708],[1.9759,43.7708],[1.9746,43.7725],[1.9672,43.7686],[1.9649,43.7693],[1.9644,43.7711],[1.9603,43.7735],[1.9587,43.7720],[1.9582,43.7696],[1.9542,43.7697],[1.9526,43.7685],[1.9500,43.7699],[1.9457,43.7680],[1.9372,43.7688],[1.9360,43.7683],[1.9359,43.7668],[1.9374,43.7656],[1.9410,43.7651],[1.9413,43.7609],[1.9398,43.7593]]}},{"type":"Feature","properties":{"name":"Le Dadou"},"geometry":{"type":"LineString","coordinates":[[2.0641,43.7708],[2.0586,43.7651],[2.0559,43.7649],[2.0545,43.7669],[2.0497,43.7646]]}},{"type":"Feature","properties":{"name":"Le Dadou"},"geometry":{"type":"LineString","coordinates":[[1.9398,43.7593],[1.9363,43.7603],[1.9361,43.7629],[1.9339,43.7636]]}},{"type":"Feature","properties":{"name":"Le Dadou"},"geometry":{"type":"LineString","coordinates":[[1.9339,43.7636],[1.9317,43.7627],[1.9338,43.7610],[1.9311,43.7594],[1.9235,43.7592],[1.9219,43.7601],[1.9208,43.7624],[1.9155,43.7641],[1.9123,43.7613]]}},{"type":"Feature","properties":{"name":"Le Dadou"},"geometry":{"type":"LineString","coordinates":[[1.9003,43.7492],[1.8989,43.7501],[1.8985,43.7522],[1.8936,43.7507]]}},{"type":"Feature","properties":{"name":"Le Dadou"},"geometry":{"type":"LineString","coordinates":[[1.8857,43.7489],[1.8810,43.7495],[1.8732,43.7478],[1.8712,43.7484],[1.8697,43.7508],[1.8628,43.7528],[1.8530,43.7495]]}},{"type":"Feature","properties":{"name":"Le Dadou"},"geometry":{"type":"LineString","coordinates":[[2.1577,43.7776],[2.1488,43.7818],[2.1421,43.7806],[2.1341,43.7821],[2.1260,43.7815],[2.1243,43.7835],[2.1217,43.7826],[2.1170,43.7789],[2.1127,43.7780],[2.1112,43.7765],[2.1056,43.7749],[2.0986,43.7782],[2.0948,43.7789],[2.0872,43.7776],[2.0842,43.7785],[2.0821,43.7750],[2.0759,43.7733],[2.0735,43.7715],[2.0641,43.7708]]}},{"type":"Feature","properties":{"name":"Le Lis"},"geometry":{"type":"LineString","coordinates":[[0.5546,42.7337],[0.5564,42.7357],[0.5576,42.7395],[0.5601,42.7406],[0.5640,42.7443],[0.5736,42.7481],[0.5761,42.7474],[0.5843,42.7479],[0.5874,42.7460],[0.5912,42.7456],[0.5922,42.7445],[0.5972,42.7431],[0.6044,42.7428],[0.6099,42.7452]]}},{"type":"Feature","properties":{"name":"la Noguera Pallaresa"},"geometry":{"type":"LineString","coordinates":[[1.0287,42.7572],[1.0333,42.7593],[1.0397,42.7605],[1.0428,42.7595],[1.0459,42.7611],[1.0496,42.7602],[1.0550,42.7604],[1.0606,42.7622],[1.0628,42.7614],[1.0641,42.7594],[1.0662,42.7589],[1.0794,42.7597],[1.0809,42.7569],[1.0847,42.7556],[1.0853,42.7524],[1.0883,42.7519],[1.0886,42.7503],[1.0919,42.7506],[1.0910,42.7492],[1.0916,42.7486],[1.0995,42.7486],[1.1015,42.7463],[1.0993,42.7446],[1.1015,42.7430],[1.1076,42.7415],[1.1085,42.7386],[1.1064,42.7372],[1.1072,42.7355],[1.1067,42.7344],[1.1090,42.7337],[1.1104,42.7310],[1.1078,42.7292],[1.1090,42.7269],[1.1068,42.7265],[1.1065,42.7255],[1.1091,42.7222],[1.1123,42.7229],[1.1143,42.7220],[1.1145,42.7190],[1.1166,42.7168],[1.1159,42.7128],[1.1127,42.7121],[1.1087,42.7098],[1.1069,42.7074],[1.1019,42.7061],[1.1008,42.7040],[1.1017,42.7027],[1.1013,42.7011],[1.0990,42.6998],[1.0978,42.6978],[1.0978,42.6928],[1.0941,42.6915],[1.0939,42.6889],[1.0904,42.6866],[1.0917,42.6846],[1.0880,42.6837],[1.0882,42.6826],[1.0854,42.6791],[1.0857,42.6766],[1.0821,42.6738],[1.0800,42.6620],[1.0811,42.6592],[1.0868,42.6575],[1.0889,42.6540],[1.0891,42.6520],[1.1006,42.6483],[1.1035,42.6466],[1.1042,42.6450],[1.1102,42.6438],[1.1096,42.6423],[1.1108,42.6420],[1.1106,42.6411],[1.1135,42.6381],[1.1131,42.6374],[1.1201,42.6346],[1.1202,42.6326],[1.1238,42.6306],[1.1236,42.6279],[1.1267,42.6258],[1.1289,42.6191],[1.1279,42.6168],[1.1285,42.6136],[1.1277,42.6123],[1.1304,42.6104],[1.1311,42.6058],[1.1331,42.6022],[1.1343,42.6023],[1.1321,42.5990],[1.1335,42.5981],[1.1330,42.5968],[1.1339,42.5956],[1.1332,42.5937],[1.1350,42.5879],[1.1344,42.5847],[1.1410,42.5785],[1.1422,42.5759]]}},{"type":"Feature","properties":{"name":"Ruisseau de l\u0027Artigue"},"geometry":{"type":"LineString","coordinates":[[1.1117,42.7903],[1.1206,42.7988],[1.1233,42.7993],[1.1243,42.8008],[1.1282,42.8030],[1.1338,42.8027]]}},{"type":"Feature","properties":{"name":"Arac"},"geometry":{"type":"LineString","coordinates":[[1.3728,42.8654],[1.3722,42.8711],[1.3655,42.8744],[1.3632,42.8777],[1.3617,42.8769],[1.3601,42.8773],[1.3592,42.8792],[1.3569,42.8801],[1.3578,42.8835],[1.3576,42.8890],[1.3557,42.8901],[1.3529,42.8899],[1.3500,42.8921],[1.3453,42.8940],[1.3430,42.8933],[1.3413,42.8950],[1.3263,42.8963],[1.3241,42.8974],[1.3197,42.8967],[1.3169,42.8977],[1.3091,42.8981],[1.3078,42.8998],[1.3030,42.8997],[1.3013,42.9016],[1.2979,42.9020],[1.2940,42.9038],[1.2920,42.9034],[1.2922,42.9079],[1.2863,42.9101],[1.2813,42.9108],[1.2802,42.9079],[1.2766,42.9093],[1.2746,42.9079],[1.2739,42.9106],[1.2727,42.9084],[1.2719,42.9107],[1.2697,42.9108],[1.2662,42.9147],[1.2642,42.9156],[1.2635,42.9134],[1.2587,42.9143],[1.2562,42.9138],[1.2554,42.9149],[1.2538,42.9129],[1.2545,42.9120],[1.2530,42.9118],[1.2491,42.9082],[1.2484,42.9057],[1.2449,42.9059],[1.2411,42.9019],[1.2371,42.9024],[1.2315,42.8993],[1.2290,42.9021],[1.2251,42.9013],[1.2181,42.9077],[1.2143,42.9097]]}},{"type":"Feature","properties":{"name":"Arac"},"geometry":{"type":"LineString","coordinates":[[1.2305,42.8997],[1.2298,42.9014]]}},{"type":"Feature","properties":{"name":"Le Ribérot"},"geometry":{"type":"LineString","coordinates":[[1.0400,42.8252],[1.0395,42.8265],[1.0370,42.8271],[1.0349,42.8299],[1.0329,42.8310],[1.0298,42.8344],[1.0284,42.8373],[1.0289,42.8380],[1.0249,42.8408],[1.0234,42.8476],[1.0248,42.8496],[1.0224,42.8512],[1.0163,42.8636],[1.0170,42.8655],[1.0160,42.8672],[1.0164,42.8708],[1.0156,42.8726],[1.0171,42.8744],[1.0153,42.8808],[1.0166,42.8832]]}},{"type":"Feature","properties":{"name":"Le Ribérot"},"geometry":{"type":"LineString","coordinates":[[1.0394,42.8237],[1.0400,42.8252]]}},{"type":"Feature","properties":{"name":"Le Ribérot"},"geometry":{"type":"LineString","coordinates":[[1.0399,42.8198],[1.0400,42.8252]]}},{"type":"Feature","properties":{"name":"Le Ribérot"},"geometry":{"type":"LineString","coordinates":[[1.0329,42.8311],[1.0321,42.8324]]}},{"type":"Feature","properties":{"name":"Le Ribérot"},"geometry":{"type":"LineString","coordinates":[[1.0351,42.8296],[1.0340,42.8304]]}},{"type":"Feature","properties":{"name":"La Baïse"},"geometry":{"type":"LineString","coordinates":[[0.4079,43.4201],[0.4110,43.4189],[0.4114,43.4206],[0.4133,43.4218],[0.4137,43.4241],[0.4163,43.4241],[0.4151,43.4272],[0.4167,43.4282],[0.4155,43.4295],[0.4167,43.4305],[0.4148,43.4321],[0.4202,43.4367],[0.4189,43.4412],[0.4204,43.4426]]}},{"type":"Feature","properties":{"name":"La Baïse"},"geometry":{"type":"LineString","coordinates":[[0.4204,43.4426],[0.4188,43.4475],[0.4126,43.4497]]}},{"type":"Feature","properties":{"name":"La Baïse"},"geometry":{"type":"LineString","coordinates":[[0.4126,43.4497],[0.4110,43.4500],[0.4105,43.4512],[0.4175,43.4541],[0.4172,43.4550],[0.4092,43.4566],[0.4102,43.4574],[0.4103,43.4598],[0.4158,43.4613],[0.4173,43.4636],[0.4163,43.4644],[0.4168,43.4664],[0.4148,43.4665],[0.4145,43.4686]]}},{"type":"Feature","properties":{"name":"La Baïse"},"geometry":{"type":"LineString","coordinates":[[0.4145,43.4686],[0.4136,43.4691],[0.4137,43.4722],[0.4150,43.4729],[0.4153,43.4755],[0.4125,43.4788],[0.4097,43.4800],[0.4135,43.4831],[0.4136,43.4865],[0.4112,43.4885],[0.4099,43.4912],[0.4074,43.4922]]}},{"type":"Feature","properties":{"name":"La Baïse"},"geometry":{"type":"LineString","coordinates":[[0.4074,43.4922],[0.4073,43.4935],[0.4095,43.4938],[0.4096,43.4963],[0.4113,43.4996],[0.4058,43.5045],[0.4093,43.5058],[0.4097,43.5067],[0.4084,43.5081],[0.4108,43.5096],[0.4087,43.5103],[0.4103,43.5122],[0.4091,43.5147],[0.4118,43.5157],[0.4127,43.5186],[0.4086,43.5200],[0.4090,43.5235],[0.4113,43.5272],[0.4143,43.5272],[0.4136,43.5288],[0.4150,43.5328],[0.4124,43.5329],[0.4123,43.5336]]}},{"type":"Feature","properties":{"name":"La Baïse"},"geometry":{"type":"LineString","coordinates":[[0.4123,43.5336],[0.4160,43.5367],[0.4182,43.5364],[0.4146,43.5380],[0.4140,43.5393],[0.4102,43.5405],[0.4121,43.5422],[0.4126,43.5454],[0.4081,43.5486],[0.4114,43.5498],[0.4116,43.5512]]}},{"type":"Feature","properties":{"name":"La Baïse"},"geometry":{"type":"LineString","coordinates":[[0.4094,43.5616],[0.4078,43.5637],[0.4089,43.5639],[0.4089,43.5652],[0.4110,43.5677],[0.4085,43.5679],[0.4064,43.5697],[0.4073,43.5711],[0.4064,43.5725],[0.4124,43.5760],[0.4112,43.5813],[0.4136,43.5819],[0.4142,43.5834],[0.4117,43.5848],[0.4099,43.5879]]}},{"type":"Feature","properties":{"name":"La Baïse"},"geometry":{"type":"LineString","coordinates":[[0.4152,43.5971],[0.4124,43.5975],[0.4099,43.6004],[0.4044,43.5999],[0.4055,43.6015],[0.4036,43.6030],[0.4054,43.6045],[0.4053,43.6058],[0.4028,43.6087],[0.3961,43.6135]]}},{"type":"Feature","properties":{"name":"La Baïse"},"geometry":{"type":"LineString","coordinates":[[0.4099,43.5879],[0.4088,43.5892],[0.4090,43.5923],[0.4138,43.5916],[0.4137,43.5926],[0.4117,43.5942],[0.4123,43.5953],[0.4153,43.5954],[0.4152,43.5971]]}},{"type":"Feature","properties":{"name":"Ruisseau de Saint-Nicolas"},"geometry":{"type":"LineString","coordinates":[[1.8450,42.8794],[1.8492,42.8794],[1.8579,42.8814],[1.8644,42.8814],[1.8660,42.8831],[1.8690,42.8840],[1.8730,42.8835],[1.8749,42.8822],[1.8835,42.8827],[1.8849,42.8815],[1.8862,42.8820],[1.8869,42.8805],[1.8897,42.8804],[1.8944,42.8785]]}},{"type":"Feature","properties":{"name":"Le Tescounet"},"geometry":{"type":"LineString","coordinates":[[1.5142,43.9539],[1.5120,43.9526],[1.4967,43.9489],[1.4896,43.9458],[1.4864,43.9460],[1.4788,43.9435],[1.4731,43.9448]]}},{"type":"Feature","properties":{"name":"Le Siguer"},"geometry":{"type":"LineString","coordinates":[[1.5463,42.7276],[1.5512,42.7332],[1.5570,42.7379],[1.5567,42.7405],[1.5607,42.7426],[1.5649,42.7472],[1.5649,42.7502],[1.5675,42.7531],[1.5670,42.7560],[1.5685,42.7582],[1.5678,42.7604],[1.5657,42.7614],[1.5649,42.7636],[1.5618,42.7652],[1.5620,42.7665],[1.5636,42.7673],[1.5632,42.7701],[1.5609,42.7723],[1.5612,42.7793],[1.5601,42.7852]]}},{"type":"Feature","properties":{"name":"Le Sarrampion"},"geometry":{"type":"LineString","coordinates":[[0.9600,43.7179],[0.9587,43.7196],[0.9605,43.7230],[0.9567,43.7251],[0.9574,43.7289],[0.9536,43.7348],[0.9510,43.7427],[0.9521,43.7466],[0.9503,43.7520],[0.9507,43.7555],[0.9362,43.7617],[0.9354,43.7640],[0.9365,43.7643],[0.9364,43.7652],[0.9339,43.7700],[0.9342,43.7716],[0.9325,43.7743],[0.9296,43.7757],[0.9289,43.7775],[0.9296,43.7786],[0.9255,43.7825],[0.9264,43.7855],[0.9254,43.7862],[0.9259,43.7877],[0.9269,43.7878],[0.9262,43.7895],[0.9241,43.7896],[0.9226,43.7911],[0.9191,43.7916],[0.9169,43.7932],[0.9181,43.7958],[0.9164,43.7966],[0.9168,43.7977],[0.9150,43.7983],[0.9171,43.8029],[0.9126,43.8068],[0.9100,43.8071],[0.9104,43.8104],[0.9093,43.8125]]}},{"type":"Feature","properties":{"name":"L\u0027Arrats"},"geometry":{"type":"LineString","coordinates":[[0.8738,43.7529],[0.8736,43.7549],[0.8753,43.7560],[0.8747,43.7570],[0.8763,43.7586],[0.8739,43.7613],[0.8730,43.7617],[0.8720,43.7609],[0.8701,43.7638],[0.8678,43.7634]]}},{"type":"Feature","properties":{"name":"L\u0027Arrats"},"geometry":{"type":"LineString","coordinates":[[0.7913,43.8743],[0.7891,43.8757],[0.7902,43.8762],[0.7892,43.8766],[0.7894,43.8775],[0.7879,43.8783],[0.7875,43.8773],[0.7852,43.8779]]}},{"type":"Feature","properties":{"name":"L\u0027Arrats"},"geometry":{"type":"LineString","coordinates":[[0.7852,43.8779],[0.7839,43.8792],[0.7835,43.8813],[0.7850,43.8824],[0.7844,43.8830],[0.7860,43.8855],[0.7817,43.8867],[0.7823,43.8883]]}},{"type":"Feature","properties":{"name":"L\u0027Arrats"},"geometry":{"type":"LineString","coordinates":[[0.7754,43.9028],[0.7771,43.9035],[0.7757,43.9049],[0.7763,43.9057],[0.7747,43.9058],[0.7770,43.9065],[0.7752,43.9074],[0.7766,43.9094],[0.7754,43.9093],[0.7734,43.9115],[0.7737,43.9136],[0.7711,43.9131],[0.7709,43.9121],[0.7688,43.9147],[0.7679,43.9189],[0.7708,43.9194],[0.7694,43.9209]]}},{"type":"Feature","properties":{"name":"L\u0027Arrats"},"geometry":{"type":"LineString","coordinates":[[0.7694,43.9209],[0.7693,43.9217],[0.7708,43.9216],[0.7700,43.9222]]}},{"type":"Feature","properties":{"name":"L\u0027Arrats"},"geometry":{"type":"LineString","coordinates":[[0.7673,43.9255],[0.7664,43.9255],[0.7655,43.9282],[0.7637,43.9280],[0.7656,43.9289],[0.7629,43.9301],[0.7618,43.9355],[0.7601,43.9364],[0.7610,43.9373],[0.7607,43.9388]]}},{"type":"Feature","properties":{"name":"L\u0027Arrats"},"geometry":{"type":"LineString","coordinates":[[0.7607,43.9388],[0.7603,43.9403],[0.7613,43.9410],[0.7599,43.9415],[0.7608,43.9423],[0.7595,43.9431],[0.7597,43.9444],[0.7584,43.9448],[0.7609,43.9447],[0.7611,43.9455],[0.7599,43.9461],[0.7608,43.9461],[0.7607,43.9469],[0.7641,43.9470],[0.7640,43.9481],[0.7652,43.9490],[0.7670,43.9484],[0.7685,43.9513],[0.7700,43.9509],[0.7717,43.9518],[0.7726,43.9534],[0.7751,43.9531],[0.7748,43.9519],[0.7797,43.9537],[0.7795,43.9548],[0.7813,43.9538],[0.7818,43.9551],[0.7837,43.9547],[0.7843,43.9558],[0.7853,43.9556],[0.7843,43.9567],[0.7861,43.9572],[0.7851,43.9582]]}},{"type":"Feature","properties":{"name":"L\u0027Arrats"},"geometry":{"type":"LineString","coordinates":[[0.8059,43.6776],[0.8084,43.6798],[0.8138,43.6814],[0.8171,43.6844]]}},{"type":"Feature","properties":{"name":"L\u0027Arrats"},"geometry":{"type":"LineString","coordinates":[[0.7739,43.6263],[0.7724,43.6284],[0.7728,43.6290]]}},{"type":"Feature","properties":{"name":"L\u0027Arrats"},"geometry":{"type":"LineString","coordinates":[[0.7623,43.6081],[0.7646,43.6099],[0.7642,43.6141],[0.7666,43.6161],[0.7686,43.6164],[0.7699,43.6206],[0.7743,43.6237],[0.7739,43.6263]]}},{"type":"Feature","properties":{"name":"L\u0027Arrats"},"geometry":{"type":"LineString","coordinates":[[0.7560,43.6039],[0.7587,43.6049],[0.7623,43.6081]]}},{"type":"Feature","properties":{"name":"L\u0027Arrats"},"geometry":{"type":"LineString","coordinates":[[0.8435,43.7010],[0.8464,43.7019],[0.8475,43.7038],[0.8488,43.7041],[0.8491,43.7074],[0.8510,43.7086],[0.8523,43.7079],[0.8534,43.7085],[0.8524,43.7102],[0.8539,43.7102],[0.8530,43.7115],[0.8548,43.7115],[0.8543,43.7128],[0.8632,43.7155]]}},{"type":"Feature","properties":{"name":"L\u0027Arrats"},"geometry":{"type":"LineString","coordinates":[[0.7961,43.6716],[0.8002,43.6733],[0.8059,43.6776]]}},{"type":"Feature","properties":{"name":"L\u0027Arrats"},"geometry":{"type":"LineString","coordinates":[[0.7728,43.6290],[0.7740,43.6299],[0.7754,43.6291],[0.7777,43.6307],[0.7754,43.6347],[0.7758,43.6360],[0.7779,43.6360],[0.7802,43.6381],[0.7799,43.6405],[0.7777,43.6410],[0.7801,43.6484]]}},{"type":"Feature","properties":{"name":"L\u0027Arrats"},"geometry":{"type":"LineString","coordinates":[[0.8678,43.7634],[0.8684,43.7655],[0.8701,43.7663],[0.8662,43.7691],[0.8677,43.7758],[0.8646,43.7761],[0.8636,43.7805],[0.8641,43.7811],[0.8625,43.7824],[0.8640,43.7831],[0.8626,43.7837],[0.8641,43.7839],[0.8625,43.7862],[0.8643,43.7878],[0.8629,43.7886],[0.8642,43.7893],[0.8623,43.7893],[0.8624,43.7919],[0.8611,43.7931],[0.8586,43.7925],[0.8599,43.7954],[0.8585,43.7963],[0.8596,43.7971],[0.8586,43.7985],[0.8576,43.7981],[0.8573,43.7994],[0.8561,43.7995],[0.8568,43.8010],[0.8542,43.8008],[0.8549,43.8024],[0.8536,43.8023],[0.8515,43.8048],[0.8498,43.8037],[0.8506,43.8053],[0.8484,43.8061],[0.8486,43.8073],[0.8464,43.8076],[0.8445,43.8119],[0.8466,43.8135],[0.8443,43.8153],[0.8440,43.8170],[0.8430,43.8168],[0.8436,43.8188],[0.8416,43.8193],[0.8394,43.8178],[0.8390,43.8197],[0.8378,43.8198],[0.8382,43.8211],[0.8372,43.8224],[0.8380,43.8230],[0.8371,43.8235]]}},{"type":"Feature","properties":{"name":"L\u0027Arrats"},"geometry":{"type":"LineString","coordinates":[[0.8711,43.7259],[0.8721,43.7304],[0.8742,43.7328]]}},{"type":"Feature","properties":{"name":"L\u0027Arrats"},"geometry":{"type":"LineString","coordinates":[[0.8133,43.8480],[0.8136,43.8507],[0.8121,43.8521],[0.8127,43.8531],[0.8117,43.8535],[0.8126,43.8542],[0.8093,43.8538],[0.8068,43.8564],[0.8071,43.8597],[0.8080,43.8608],[0.8074,43.8619],[0.7997,43.8643],[0.7989,43.8657],[0.7973,43.8653],[0.7971,43.8666],[0.7952,43.8682],[0.7956,43.8697],[0.7930,43.8699],[0.7933,43.8729],[0.7913,43.8743]]}},{"type":"Feature","properties":{"name":"L\u0027Arrats"},"geometry":{"type":"LineString","coordinates":[[0.6741,43.4995],[0.6770,43.5018],[0.6761,43.5054],[0.6803,43.5090],[0.6826,43.5163],[0.6814,43.5182],[0.6850,43.5254],[0.6868,43.5356],[0.6914,43.5450],[0.6947,43.5469],[0.6973,43.5520],[0.7044,43.5547],[0.7056,43.5571],[0.7099,43.5607],[0.7112,43.5660],[0.7167,43.5702],[0.7174,43.5727],[0.7204,43.5759],[0.7208,43.5792],[0.7359,43.5879],[0.7435,43.5953],[0.7485,43.5984]]}},{"type":"Feature","properties":{"name":"L\u0027Arrats"},"geometry":{"type":"LineString","coordinates":[[0.7801,43.6484],[0.7797,43.6514],[0.7782,43.6524],[0.7816,43.6560],[0.7817,43.6583],[0.7850,43.6630],[0.7897,43.6657],[0.7898,43.6680],[0.7916,43.6692]]}},{"type":"Feature","properties":{"name":"L\u0027Arrats"},"geometry":{"type":"LineString","coordinates":[[0.7485,43.5984],[0.7526,43.6005],[0.7527,43.6019],[0.7560,43.6039]]}},{"type":"Feature","properties":{"name":"L\u0027Arrats"},"geometry":{"type":"LineString","coordinates":[[0.7823,43.8883],[0.7807,43.8888],[0.7785,43.8915],[0.7824,43.8930],[0.7817,43.8946],[0.7829,43.8960],[0.7740,43.9018],[0.7754,43.9028]]}},{"type":"Feature","properties":{"name":"L\u0027Arrats"},"geometry":{"type":"LineString","coordinates":[[0.7688,43.9242],[0.7673,43.9255]]}},{"type":"Feature","properties":{"name":"L\u0027Arrats"},"geometry":{"type":"LineString","coordinates":[[0.7700,43.9222],[0.7704,43.9228],[0.7692,43.9231],[0.7697,43.9240],[0.7688,43.9242]]}},{"type":"Feature","properties":{"name":"L\u0027Arrats"},"geometry":{"type":"LineString","coordinates":[[0.8371,43.7016],[0.8435,43.7010]]}},{"type":"Feature","properties":{"name":"L\u0027Arrats"},"geometry":{"type":"LineString","coordinates":[[0.8171,43.6844],[0.8183,43.6863],[0.8218,43.6884],[0.8234,43.6926],[0.8293,43.6928],[0.8314,43.6939],[0.8354,43.6982],[0.8346,43.6989],[0.8350,43.7005],[0.8371,43.7016]]}},{"type":"Feature","properties":{"name":"L\u0027Arrats"},"geometry":{"type":"LineString","coordinates":[[0.8632,43.7155],[0.8683,43.7222],[0.8677,43.7243],[0.8701,43.7243],[0.8711,43.7259]]}},{"type":"Feature","properties":{"name":"L\u0027Arrats"},"geometry":{"type":"LineString","coordinates":[[0.8742,43.7328],[0.8764,43.7367],[0.8763,43.7382],[0.8741,43.7403],[0.8748,43.7428],[0.8766,43.7448],[0.8778,43.7449],[0.8764,43.7489],[0.8745,43.7481],[0.8737,43.7496],[0.8746,43.7502],[0.8738,43.7529]]}},{"type":"Feature","properties":{"name":"L\u0027Arrats"},"geometry":{"type":"LineString","coordinates":[[0.7930,43.6703],[0.7961,43.6716]]}},{"type":"Feature","properties":{"name":"L\u0027Arrats"},"geometry":{"type":"LineString","coordinates":[[0.7916,43.6692],[0.7930,43.6703]]}},{"type":"Feature","properties":{"name":"L\u0027Arrats"},"geometry":{"type":"LineString","coordinates":[[0.8370,43.8235],[0.8369,43.8244],[0.8331,43.8260],[0.8320,43.8282],[0.8304,43.8281],[0.8310,43.8291],[0.8273,43.8314],[0.8278,43.8321],[0.8238,43.8333],[0.8243,43.8352],[0.8216,43.8357],[0.8227,43.8369],[0.8214,43.8381],[0.8217,43.8396],[0.8170,43.8406],[0.8156,43.8423],[0.8160,43.8436],[0.8140,43.8453],[0.8133,43.8480]]}},{"type":"Feature","properties":{"name":"L\u0027Arrats"},"geometry":{"type":"LineString","coordinates":[[0.8371,43.8235],[0.8370,43.8235]]}},{"type":"Feature","properties":{"name":"La Saune"},"geometry":{"type":"LineString","coordinates":[[1.5643,43.5663],[1.5523,43.5703],[1.5517,43.5708],[1.5522,43.5727],[1.5393,43.5787],[1.5352,43.5786],[1.5327,43.5795],[1.5287,43.5786],[1.5243,43.5790],[1.5232,43.5780],[1.5152,43.5779],[1.5111,43.5765],[1.5037,43.5804],[1.4996,43.5812]]}},{"type":"Feature","properties":{"name":"Le Crieu"},"geometry":{"type":"LineString","coordinates":[[1.6366,43.1015],[1.6349,43.1106],[1.6364,43.1131],[1.6341,43.1171],[1.6344,43.1202],[1.6367,43.1227],[1.6336,43.1256],[1.6309,43.1324],[1.6324,43.1369],[1.6304,43.1430],[1.6316,43.1472],[1.6310,43.1511],[1.6283,43.1548],[1.6281,43.1591]]}},{"type":"Feature","properties":{"name":"Le Crieu"},"geometry":{"type":"LineString","coordinates":[[1.6725,43.0567],[1.6714,43.0644],[1.6700,43.0654],[1.6706,43.0670],[1.6692,43.0673],[1.6690,43.0692],[1.6674,43.0698],[1.6679,43.0714],[1.6667,43.0729],[1.6669,43.0743],[1.6616,43.0785],[1.6602,43.0814],[1.6586,43.0819],[1.6558,43.0862],[1.6535,43.0871],[1.6491,43.0913],[1.6443,43.0984],[1.6366,43.1015]]}},{"type":"Feature","properties":{"name":"Le Crieu"},"geometry":{"type":"LineString","coordinates":[[1.7304,43.0117],[1.7287,43.0144],[1.7292,43.0181],[1.7258,43.0218],[1.7265,43.0260],[1.7250,43.0275],[1.7248,43.0295],[1.7173,43.0346],[1.7151,43.0346],[1.7115,43.0366],[1.7030,43.0379],[1.6996,43.0368],[1.6990,43.0382],[1.6977,43.0382],[1.6974,43.0395],[1.6955,43.0398],[1.6947,43.0410],[1.6881,43.0412],[1.6795,43.0434],[1.6740,43.0471],[1.6736,43.0501],[1.6726,43.0505],[1.6739,43.0526],[1.6732,43.0536],[1.6746,43.0551],[1.6725,43.0567]]}},{"type":"Feature","properties":{"name":"Le Crieu"},"geometry":{"type":"LineString","coordinates":[[1.6240,43.1785],[1.6234,43.1792],[1.6243,43.1835],[1.6234,43.1862],[1.6165,43.1929],[1.6163,43.1971],[1.6143,43.2013],[1.6160,43.2041],[1.6154,43.2084],[1.6134,43.2105],[1.6104,43.2168],[1.6067,43.2190],[1.6032,43.2259],[1.5999,43.2273],[1.5974,43.2271],[1.5922,43.2230]]}},{"type":"Feature","properties":{"name":"Le Crieu"},"geometry":{"type":"LineString","coordinates":[[1.6281,43.1591],[1.6270,43.1652],[1.6225,43.1702],[1.6239,43.1728],[1.6243,43.1784]]}},{"type":"Feature","properties":{"name":"Le Crieu"},"geometry":{"type":"LineString","coordinates":[[1.6243,43.1784],[1.6240,43.1785]]}},{"type":"Feature","properties":{"name":"Ruisseau de Bouyet"},"geometry":{"type":"LineString","coordinates":[[1.3426,43.2269],[1.3441,43.2259],[1.3541,43.2244],[1.3618,43.2249],[1.3723,43.2289],[1.3757,43.2340],[1.3747,43.2385]]}},{"type":"Feature","properties":{"name":"Le Touch"},"geometry":{"type":"LineString","coordinates":[[1.3500,43.5820],[1.3529,43.5842]]}},{"type":"Feature","properties":{"name":"Le Touch"},"geometry":{"type":"LineString","coordinates":[[1.3547,43.5845],[1.3576,43.5833]]}},{"type":"Feature","properties":{"name":"Le Touch"},"geometry":{"type":"LineString","coordinates":[[1.3610,43.5850],[1.3669,43.5901]]}},{"type":"Feature","properties":{"name":"Le Touch"},"geometry":{"type":"LineString","coordinates":[[1.3240,43.5716],[1.3274,43.5711],[1.3308,43.5740],[1.3357,43.5760],[1.3418,43.5759],[1.3436,43.5785],[1.3459,43.5779],[1.3480,43.5787],[1.3500,43.5820]]}},{"type":"Feature","properties":{"name":"Le Touch"},"geometry":{"type":"LineString","coordinates":[[1.3576,43.5833],[1.3610,43.5850]]}},{"type":"Feature","properties":{"name":"Le Touch"},"geometry":{"type":"LineString","coordinates":[[1.2423,43.5026],[1.2464,43.5092],[1.2462,43.5181],[1.2484,43.5194],[1.2480,43.5209],[1.2588,43.5230],[1.2620,43.5267],[1.2623,43.5302],[1.2698,43.5341],[1.2696,43.5352],[1.2735,43.5409],[1.2811,43.5424],[1.2834,43.5446],[1.2882,43.5459],[1.2885,43.5486],[1.2912,43.5507],[1.2909,43.5546],[1.2944,43.5575],[1.2951,43.5603],[1.2998,43.5629],[1.3016,43.5655],[1.3043,43.5657],[1.3079,43.5638],[1.3108,43.5641],[1.3121,43.5648],[1.3126,43.5664],[1.3163,43.5686]]}},{"type":"Feature","properties":{"name":"Le Touch"},"geometry":{"type":"LineString","coordinates":[[1.0167,43.3408],[1.0184,43.3422],[1.0403,43.3507],[1.0476,43.3512],[1.0641,43.3547],[1.0720,43.3545],[1.0744,43.3554],[1.0772,43.3547],[1.0858,43.3573],[1.0909,43.3575],[1.1029,43.3602]]}},{"type":"Feature","properties":{"name":"Le Touch"},"geometry":{"type":"LineString","coordinates":[[1.1680,43.3808],[1.1692,43.3823],[1.1739,43.3843],[1.1749,43.3875],[1.1802,43.3913],[1.1807,43.3947],[1.1818,43.3959]]}},{"type":"Feature","properties":{"name":"Le Touch"},"geometry":{"type":"LineString","coordinates":[[1.1029,43.3602],[1.1169,43.3657],[1.1251,43.3675],[1.1346,43.3723],[1.1376,43.3749],[1.1476,43.3776],[1.1494,43.3791],[1.1656,43.3821],[1.1680,43.3808]]}},{"type":"Feature","properties":{"name":"Le Touch"},"geometry":{"type":"LineString","coordinates":[[1.1818,43.3959],[1.1854,43.3970],[1.1862,43.3983],[1.1846,43.4030],[1.1868,43.4079],[1.1871,43.4154],[1.1881,43.4182],[1.1923,43.4210],[1.1952,43.4246],[1.1952,43.4263],[1.1938,43.4268],[1.1944,43.4289],[1.2014,43.4329],[1.2032,43.4375],[1.2050,43.4383],[1.2061,43.4377],[1.2087,43.4398],[1.2139,43.4415],[1.2160,43.4474],[1.2239,43.4563],[1.2262,43.4576],[1.2227,43.4701],[1.2236,43.4717],[1.2227,43.4736],[1.2240,43.4760],[1.2272,43.4772],[1.2265,43.4788],[1.2273,43.4828],[1.2250,43.4867],[1.2264,43.4870],[1.2262,43.4887],[1.2310,43.4934],[1.2327,43.4979],[1.2351,43.5000],[1.2423,43.5026]]}},{"type":"Feature","properties":{"name":"Le Touch"},"geometry":{"type":"LineString","coordinates":[[1.3163,43.5686],[1.3190,43.5694],[1.3211,43.5717],[1.3240,43.5716]]}},{"type":"Feature","properties":{"name":"Le Touch"},"geometry":{"type":"LineString","coordinates":[[1.3867,43.6094],[1.3887,43.6103],[1.3873,43.6125],[1.3892,43.6134],[1.3896,43.6160]]}},{"type":"Feature","properties":{"name":"Le Touch"},"geometry":{"type":"LineString","coordinates":[[1.3669,43.5901],[1.3661,43.5917],[1.3668,43.5940],[1.3700,43.5960],[1.3754,43.5961],[1.3766,43.5970],[1.3757,43.5983],[1.3776,43.5997],[1.3751,43.6013],[1.3784,43.6021],[1.3782,43.6036],[1.3803,43.6058],[1.3801,43.6081],[1.3851,43.6064],[1.3850,43.6089],[1.3867,43.6094]]}},{"type":"Feature","properties":{"name":"Le Touch"},"geometry":{"type":"LineString","coordinates":[[1.3896,43.6160],[1.3896,43.6167],[1.3929,43.6171],[1.3907,43.6204],[1.3995,43.6208],[1.4012,43.6235]]}},{"type":"Feature","properties":{"name":"Le Touch"},"geometry":{"type":"LineString","coordinates":[[1.3529,43.5842],[1.3547,43.5845]]}},{"type":"Feature","properties":{"name":"Ossèse"},"geometry":{"type":"LineString","coordinates":[[1.2507,42.7473],[1.2518,42.7520],[1.2579,42.7590],[1.2581,42.7620],[1.2612,42.7665],[1.2634,42.7675],[1.2657,42.7722],[1.2679,42.7730],[1.2706,42.7756],[1.2728,42.7759]]}},{"type":"Feature","properties":{"name":"Le Larjo"},"geometry":{"type":"LineString","coordinates":[[0.7903,43.3735],[0.7984,43.3789],[0.7989,43.3810],[0.8019,43.3837],[0.8023,43.3855],[0.8047,43.3864],[0.8053,43.3884],[0.8043,43.3903],[0.8047,43.3917],[0.8090,43.3949],[0.8096,43.3975],[0.8071,43.3998]]}},{"type":"Feature","properties":{"name":"Le Larjo"},"geometry":{"type":"LineString","coordinates":[[0.7837,43.3570],[0.7858,43.3623],[0.7859,43.3689],[0.7895,43.3718],[0.7903,43.3735]]}},{"type":"Feature","properties":{"name":"Le Larjo"},"geometry":{"type":"LineString","coordinates":[[0.7783,43.3467],[0.7851,43.3535],[0.7837,43.3548]]}},{"type":"Feature","properties":{"name":"Le Larjo"},"geometry":{"type":"LineString","coordinates":[[0.7837,43.3548],[0.7837,43.3549]]}},{"type":"Feature","properties":{"name":"Le Larjo"},"geometry":{"type":"LineString","coordinates":[[0.7837,43.3549],[0.7837,43.3570]]}},{"type":"Feature","properties":{"name":"La Vixiège"},"geometry":{"type":"LineString","coordinates":[[1.7591,43.1830],[1.7562,43.1844],[1.7547,43.1863],[1.7524,43.1847],[1.7503,43.1877],[1.7501,43.1889],[1.7520,43.1898],[1.7509,43.1915],[1.7517,43.1953],[1.7506,43.1982],[1.7513,43.2003],[1.7499,43.2020],[1.7504,43.2049],[1.7478,43.2043],[1.7470,43.2059]]}},{"type":"Feature","properties":{"name":"La Vixiège"},"geometry":{"type":"LineString","coordinates":[[1.8818,43.1845],[1.8788,43.1838],[1.8716,43.1875],[1.8675,43.1871]]}},{"type":"Feature","properties":{"name":"La Vixiège"},"geometry":{"type":"LineString","coordinates":[[1.9522,43.1837],[1.9495,43.1850],[1.9460,43.1849]]}},{"type":"Feature","properties":{"name":"La Vixiège"},"geometry":{"type":"LineString","coordinates":[[1.9589,43.1801],[1.9522,43.1837]]}},{"type":"Feature","properties":{"name":"La Vixiège"},"geometry":{"type":"LineString","coordinates":[[1.9460,43.1849],[1.9342,43.1849],[1.9294,43.1838],[1.9169,43.1857],[1.9091,43.1881],[1.9029,43.1880]]}},{"type":"Feature","properties":{"name":"La Vixiège"},"geometry":{"type":"LineString","coordinates":[[1.9029,43.1880],[1.8982,43.1879],[1.8905,43.1855],[1.8874,43.1868],[1.8823,43.1854],[1.8818,43.1845]]}},{"type":"Feature","properties":{"name":"La Vixiège"},"geometry":{"type":"LineString","coordinates":[[1.8262,43.1791],[1.8210,43.1787],[1.8101,43.1812],[1.8066,43.1794],[1.7961,43.1794],[1.7914,43.1780],[1.7896,43.1823],[1.7858,43.1826]]}},{"type":"Feature","properties":{"name":"La Vixiège"},"geometry":{"type":"LineString","coordinates":[[1.8280,43.1780],[1.8262,43.1791]]}},{"type":"Feature","properties":{"name":"La Vixiège"},"geometry":{"type":"LineString","coordinates":[[1.8442,43.1814],[1.8393,43.1824],[1.8383,43.1808],[1.8342,43.1791],[1.8291,43.1793]]}},{"type":"Feature","properties":{"name":"La Vixiège"},"geometry":{"type":"LineString","coordinates":[[1.8291,43.1793],[1.8280,43.1780]]}},{"type":"Feature","properties":{"name":"La Vixiège"},"geometry":{"type":"LineString","coordinates":[[1.7858,43.1826],[1.7839,43.1818],[1.7831,43.1801]]}},{"type":"Feature","properties":{"name":"La Vixiège"},"geometry":{"type":"LineString","coordinates":[[1.7831,43.1801],[1.7793,43.1802],[1.7787,43.1819],[1.7770,43.1819],[1.7703,43.1810],[1.7690,43.1787],[1.7650,43.1792],[1.7611,43.1783],[1.7564,43.1804],[1.7567,43.1815],[1.7586,43.1814],[1.7591,43.1830]]}},{"type":"Feature","properties":{"name":"La Vixiège"},"geometry":{"type":"LineString","coordinates":[[1.8675,43.1871],[1.8648,43.1856],[1.8612,43.1861],[1.8602,43.1833],[1.8562,43.1828],[1.8517,43.1808],[1.8477,43.1816],[1.8449,43.1810]]}},{"type":"Feature","properties":{"name":"La Vixiège"},"geometry":{"type":"LineString","coordinates":[[1.8449,43.1810],[1.8442,43.1814]]}},{"type":"Feature","properties":{"name":"Le Lavet"},"geometry":{"type":"LineString","coordinates":[[0.6162,43.1131],[0.6195,43.1133],[0.6195,43.1142],[0.6257,43.1158],[0.6309,43.1152],[0.6349,43.1174],[0.6382,43.1178],[0.6429,43.1168],[0.6441,43.1179],[0.6457,43.1175],[0.6523,43.1137]]}},{"type":"Feature","properties":{"name":"Le Lavet"},"geometry":{"type":"LineString","coordinates":[[0.5975,43.1070],[0.5987,43.1070],[0.6007,43.1091],[0.6063,43.1089],[0.6123,43.1123],[0.6162,43.1131]]}},{"type":"Feature","properties":{"name":"Le Lavet"},"geometry":{"type":"LineString","coordinates":[[0.6523,43.1137],[0.6525,43.1116],[0.6540,43.1110]]}},{"type":"Feature","properties":{"name":"La Noue"},"geometry":{"type":"LineString","coordinates":[[0.8037,43.1794],[0.8082,43.1801],[0.8093,43.1819],[0.8084,43.1835],[0.8095,43.1835],[0.8121,43.1875],[0.8247,43.1907],[0.8286,43.1930],[0.8308,43.1927],[0.8323,43.1900],[0.8340,43.1892],[0.8417,43.1902],[0.8442,43.1914],[0.8498,43.1909],[0.8519,43.1923],[0.8638,43.1887],[0.8670,43.1893],[0.8672,43.1910],[0.8687,43.1921],[0.8723,43.1927],[0.8750,43.1910]]}},{"type":"Feature","properties":{"name":"La Noue"},"geometry":{"type":"LineString","coordinates":[[0.8794,43.1840],[0.8819,43.1840],[0.8828,43.1828],[0.8839,43.1829],[0.8831,43.1823],[0.8843,43.1817],[0.8942,43.1783],[0.8957,43.1772],[0.8942,43.1769],[0.8941,43.1759],[0.8963,43.1759],[0.8998,43.1738],[0.9022,43.1755],[0.9052,43.1754],[0.9061,43.1745],[0.9051,43.1735],[0.9063,43.1723],[0.9086,43.1713],[0.9112,43.1728],[0.9118,43.1712],[0.9127,43.1720],[0.9224,43.1661],[0.9263,43.1661],[0.9287,43.1637],[0.9315,43.1636],[0.9312,43.1624],[0.9339,43.1616],[0.9361,43.1588],[0.9392,43.1587],[0.9403,43.1573],[0.9458,43.1579],[0.9476,43.1587],[0.9484,43.1603],[0.9535,43.1600],[0.9575,43.1579]]}},{"type":"Feature","properties":{"name":"La Noue"},"geometry":{"type":"LineString","coordinates":[[0.8750,43.1910],[0.8759,43.1900],[0.8748,43.1882],[0.8760,43.1853],[0.8793,43.1841]]}},{"type":"Feature","properties":{"name":"La Noue"},"geometry":{"type":"LineString","coordinates":[[0.8793,43.1841],[0.8794,43.1840]]}},{"type":"Feature","properties":{"name":"L\u0027Arget"},"geometry":{"type":"LineString","coordinates":[[1.5064,42.9629],[1.5134,42.9628],[1.5155,42.9640],[1.5175,42.9634],[1.5243,42.9680],[1.5273,42.9681],[1.5294,42.9657],[1.5341,42.9629],[1.5375,42.9627],[1.5407,42.9639],[1.5420,42.9629],[1.5443,42.9641],[1.5452,42.9632],[1.5505,42.9634],[1.5539,42.9608],[1.5676,42.9603],[1.5741,42.9574],[1.5785,42.9590],[1.5828,42.9579],[1.5835,42.9594],[1.5855,42.9602],[1.5904,42.9573],[1.5953,42.9577],[1.5951,42.9590],[1.5927,42.9609],[1.5974,42.9628],[1.5982,42.9655],[1.5990,42.9648],[1.6021,42.9649],[1.6063,42.9682]]}},{"type":"Feature","properties":{"name":"L\u0027Arget"},"geometry":{"type":"LineString","coordinates":[[1.5937,42.9601],[1.5928,42.9611]]}},{"type":"Feature","properties":{"name":"L\u0027Ourse"},"geometry":{"type":"LineString","coordinates":[[0.5787,42.9997],[0.5793,43.0012],[0.5779,43.0062]]}},{"type":"Feature","properties":{"name":"L\u0027Ourse"},"geometry":{"type":"LineString","coordinates":[[0.5790,43.0115],[0.5818,43.0109],[0.5839,43.0128],[0.5857,43.0120],[0.5879,43.0128]]}},{"type":"Feature","properties":{"name":"L\u0027Ourse"},"geometry":{"type":"LineString","coordinates":[[0.5779,43.0062],[0.5771,43.0090],[0.5790,43.0115]]}},{"type":"Feature","properties":{"name":"L\u0027Ourse"},"geometry":{"type":"LineString","coordinates":[[0.5776,42.9971],[0.5787,42.9997]]}},{"type":"Feature","properties":{"name":"L\u0027Ourse"},"geometry":{"type":"LineString","coordinates":[[0.5782,42.9827],[0.5785,42.9835],[0.5758,42.9848]]}},{"type":"Feature","properties":{"name":"L\u0027Ourse"},"geometry":{"type":"LineString","coordinates":[[0.5763,42.9785],[0.5770,42.9807],[0.5764,42.9812],[0.5782,42.9827]]}},{"type":"Feature","properties":{"name":"L\u0027Ourse"},"geometry":{"type":"LineString","coordinates":[[0.5672,42.9591],[0.5674,42.9593]]}},{"type":"Feature","properties":{"name":"L\u0027Ourse"},"geometry":{"type":"LineString","coordinates":[[0.5879,43.0128],[0.5905,43.0124],[0.5922,43.0140]]}},{"type":"Feature","properties":{"name":"L\u0027Ourse"},"geometry":{"type":"LineString","coordinates":[[0.5922,43.0140],[0.6012,43.0166],[0.6046,43.0146],[0.6075,43.0145],[0.6098,43.0169],[0.6149,43.0191],[0.6153,43.0221]]}},{"type":"Feature","properties":{"name":"L\u0027Ourse"},"geometry":{"type":"LineString","coordinates":[[0.5761,42.9955],[0.5776,42.9971]]}},{"type":"Feature","properties":{"name":"L\u0027Ourse"},"geometry":{"type":"LineString","coordinates":[[0.5674,42.9593],[0.5676,42.9595]]}},{"type":"Feature","properties":{"name":"L\u0027Ourse"},"geometry":{"type":"LineString","coordinates":[[0.5758,42.9848],[0.5750,42.9870],[0.5729,42.9889],[0.5736,42.9931],[0.5761,42.9955]]}},{"type":"Feature","properties":{"name":"L\u0027Ourse"},"geometry":{"type":"LineString","coordinates":[[0.5676,42.9595],[0.5683,42.9601],[0.5665,42.9614],[0.5689,42.9618],[0.5696,42.9639],[0.5724,42.9655],[0.5732,42.9676],[0.5783,42.9735],[0.5754,42.9767],[0.5763,42.9785]]}},{"type":"Feature","properties":{"name":"La Gimone"},"geometry":{"type":"LineString","coordinates":[[0.9034,43.7216],[0.9027,43.7223],[0.9035,43.7226],[0.9006,43.7247]]}},{"type":"Feature","properties":{"name":"La Gimone"},"geometry":{"type":"LineString","coordinates":[[0.9005,43.7177],[0.9001,43.7195],[0.9017,43.7195],[0.9034,43.7216]]}},{"type":"Feature","properties":{"name":"La Gimone"},"geometry":{"type":"LineString","coordinates":[[0.9003,43.7426],[0.9034,43.7431],[0.9044,43.7486]]}},{"type":"Feature","properties":{"name":"La Gimone"},"geometry":{"type":"LineString","coordinates":[[0.9044,43.7486],[0.9035,43.7490],[0.9041,43.7502],[0.9020,43.7509],[0.9022,43.7517],[0.9005,43.7515],[0.8985,43.7545],[0.9005,43.7555],[0.8995,43.7564],[0.9001,43.7570],[0.8989,43.7600],[0.9003,43.7607],[0.8985,43.7615],[0.8995,43.7620],[0.8988,43.7626],[0.8993,43.7651],[0.8972,43.7656],[0.8996,43.7676],[0.8949,43.7692],[0.8936,43.7745]]}},{"type":"Feature","properties":{"name":"La Gimone"},"geometry":{"type":"LineString","coordinates":[[0.8577,43.6099],[0.8566,43.6119],[0.8573,43.6146],[0.8589,43.6147],[0.8586,43.6159]]}},{"type":"Feature","properties":{"name":"La Gimone"},"geometry":{"type":"LineString","coordinates":[[0.8048,43.5645],[0.8075,43.5655],[0.8102,43.5685],[0.8129,43.5691],[0.8125,43.5704],[0.8184,43.5743],[0.8215,43.5785],[0.8246,43.5792],[0.8273,43.5820],[0.8288,43.5860],[0.8319,43.5872]]}},{"type":"Feature","properties":{"name":"La Gimone"},"geometry":{"type":"LineString","coordinates":[[0.8983,43.7042],[0.9001,43.7048]]}},{"type":"Feature","properties":{"name":"La Gimone"},"geometry":{"type":"LineString","coordinates":[[0.8981,43.6822],[0.8985,43.6847],[0.8997,43.6848],[0.9023,43.6895],[0.9081,43.6888],[0.9101,43.6928],[0.9093,43.6948],[0.9074,43.6961],[0.9041,43.6965],[0.9026,43.6979],[0.9002,43.6980],[0.9002,43.6990],[0.8990,43.6981],[0.8977,43.7013],[0.8983,43.7042]]}},{"type":"Feature","properties":{"name":"La Gimone"},"geometry":{"type":"LineString","coordinates":[[0.9001,43.7048],[0.9009,43.7054],[0.9003,43.7063]]}},{"type":"Feature","properties":{"name":"La Gimone"},"geometry":{"type":"LineString","coordinates":[[0.9003,43.7063],[0.9022,43.7065],[0.9023,43.7075],[0.9034,43.7068],[0.9046,43.7100],[0.9033,43.7115],[0.9037,43.7140],[0.9014,43.7140],[0.8985,43.7154],[0.8997,43.7171]]}},{"type":"Feature","properties":{"name":"La Gimone"},"geometry":{"type":"LineString","coordinates":[[0.8997,43.7171],[0.8983,43.7174],[0.9005,43.7177]]}},{"type":"Feature","properties":{"name":"La Gimone"},"geometry":{"type":"LineString","coordinates":[[0.9002,43.7325],[0.9009,43.7342],[0.8988,43.7348],[0.8994,43.7358],[0.8984,43.7365],[0.8995,43.7374],[0.8993,43.7395],[0.9013,43.7392],[0.9025,43.7414],[0.9003,43.7426]]}},{"type":"Feature","properties":{"name":"La Gimone"},"geometry":{"type":"LineString","coordinates":[[0.9041,43.6701],[0.9053,43.6721],[0.9032,43.6734],[0.9034,43.6746],[0.8988,43.6739],[0.8986,43.6748],[0.8972,43.6741],[0.8963,43.6749],[0.8963,43.6763],[0.8975,43.6768],[0.8961,43.6774],[0.8983,43.6785],[0.8981,43.6822]]}},{"type":"Feature","properties":{"name":"La Gimone"},"geometry":{"type":"LineString","coordinates":[[0.8912,43.6536],[0.8929,43.6557],[0.8982,43.6573],[0.8976,43.6587],[0.9005,43.6595],[0.8994,43.6606],[0.9023,43.6603],[0.9028,43.6617],[0.9021,43.6630],[0.9043,43.6658],[0.9027,43.6678],[0.9043,43.6685],[0.9041,43.6701]]}},{"type":"Feature","properties":{"name":"La Gimone"},"geometry":{"type":"LineString","coordinates":[[0.8773,43.6353],[0.8770,43.6370]]}},{"type":"Feature","properties":{"name":"La Gimone"},"geometry":{"type":"LineString","coordinates":[[0.8331,43.5872],[0.8457,43.5945],[0.8441,43.5984],[0.8479,43.6008],[0.8476,43.6016],[0.8509,43.6031],[0.8518,43.6059],[0.8533,43.6053],[0.8547,43.6065],[0.8565,43.6065],[0.8577,43.6099]]}},{"type":"Feature","properties":{"name":"La Gimone"},"geometry":{"type":"LineString","coordinates":[[0.8936,43.7745],[0.8935,43.7753]]}},{"type":"Feature","properties":{"name":"La Gimone"},"geometry":{"type":"LineString","coordinates":[[0.9025,43.8039],[0.9042,43.8065],[0.9024,43.8068],[0.9046,43.8086],[0.9048,43.8107],[0.9067,43.8121],[0.9105,43.8129],[0.9108,43.8144],[0.9122,43.8146],[0.9134,43.8181],[0.9146,43.8184],[0.9135,43.8201],[0.9178,43.8212],[0.9170,43.8221],[0.9209,43.8243],[0.9206,43.8259],[0.9251,43.8300],[0.9247,43.8309]]}},{"type":"Feature","properties":{"name":"La Gimone"},"geometry":{"type":"LineString","coordinates":[[0.8935,43.7753],[0.8954,43.7809],[0.8946,43.7818],[0.8967,43.7835],[0.8956,43.7850],[0.8971,43.7868],[0.8965,43.7876],[0.8974,43.7889],[0.8957,43.7918],[0.8974,43.7947],[0.8992,43.7946],[0.8996,43.7957],[0.9020,43.7954],[0.9013,43.7968],[0.9030,43.7978],[0.9007,43.7987],[0.8997,43.8008],[0.9016,43.8020],[0.9010,43.8039],[0.9024,43.8033],[0.9025,43.8039]]}},{"type":"Feature","properties":{"name":"La Gimone"},"geometry":{"type":"LineString","coordinates":[[0.9247,43.8309],[0.9275,43.8350],[0.9317,43.8342],[0.9363,43.8383],[0.9366,43.8397],[0.9431,43.8438],[0.9428,43.8448],[0.9444,43.8460],[0.9433,43.8465],[0.9438,43.8476],[0.9420,43.8486],[0.9435,43.8505],[0.9433,43.8515],[0.9513,43.8532],[0.9522,43.8543],[0.9505,43.8552],[0.9519,43.8566]]}},{"type":"Feature","properties":{"name":"La Gimone"},"geometry":{"type":"LineString","coordinates":[[1.0855,43.9219],[1.0844,43.9231],[1.0849,43.9240],[1.0825,43.9251],[1.0831,43.9262],[1.0822,43.9282],[1.0851,43.9312],[1.0903,43.9330],[1.0900,43.9339],[1.0921,43.9352],[1.0910,43.9360],[1.0915,43.9369],[1.0972,43.9400],[1.0980,43.9456],[1.0999,43.9472],[1.1013,43.9470],[1.1041,43.9486],[1.1078,43.9535],[1.1096,43.9547],[1.1110,43.9540],[1.1127,43.9566]]}},{"type":"Feature","properties":{"name":"La Gimone"},"geometry":{"type":"LineString","coordinates":[[1.0605,43.9153],[1.0618,43.9172],[1.0603,43.9175],[1.0623,43.9188],[1.0635,43.9182],[1.0649,43.9195],[1.0663,43.9194],[1.0668,43.9182],[1.0713,43.9181],[1.0748,43.9162],[1.0818,43.9157],[1.0824,43.9172],[1.0845,43.9184],[1.0858,43.9180],[1.0868,43.9191],[1.0865,43.9223],[1.0855,43.9219]]}},{"type":"Feature","properties":{"name":"La Gimone"},"geometry":{"type":"LineString","coordinates":[[1.0396,43.8984],[1.0407,43.9003],[1.0391,43.9012],[1.0399,43.9022],[1.0421,43.9034],[1.0440,43.9029],[1.0447,43.9040],[1.0482,43.9031],[1.0485,43.9050],[1.0499,43.9060],[1.0481,43.9070],[1.0505,43.9066],[1.0522,43.9079],[1.0525,43.9097],[1.0560,43.9101],[1.0541,43.9136],[1.0576,43.9156],[1.0605,43.9153]]}},{"type":"Feature","properties":{"name":"La Gimone"},"geometry":{"type":"LineString","coordinates":[[0.9519,43.8566],[0.9511,43.8577],[0.9516,43.8583],[0.9540,43.8584],[0.9545,43.8595],[0.9602,43.8624],[0.9620,43.8612],[0.9632,43.8635],[0.9670,43.8643],[0.9684,43.8651],[0.9682,43.8659],[0.9718,43.8657],[0.9726,43.8671],[0.9743,43.8661],[0.9756,43.8681],[0.9748,43.8687],[0.9771,43.8699],[0.9752,43.8724],[0.9800,43.8729],[0.9821,43.8749],[0.9846,43.8746],[0.9871,43.8771],[0.9890,43.8770],[0.9920,43.8794]]}},{"type":"Feature","properties":{"name":"La Gimone"},"geometry":{"type":"LineString","coordinates":[[0.9922,43.8795],[0.9922,43.8809],[0.9935,43.8819],[0.9963,43.8822],[0.9976,43.8836],[0.9985,43.8829],[1.0007,43.8841],[1.0029,43.8823],[1.0084,43.8829],[1.0094,43.8847],[1.0087,43.8854],[1.0112,43.8860],[1.0139,43.8882],[1.0138,43.8905],[1.0160,43.8899],[1.0169,43.8920],[1.0197,43.8930],[1.0209,43.8923],[1.0269,43.8934],[1.0277,43.8948],[1.0326,43.8939],[1.0346,43.8954],[1.0344,43.8962],[1.0367,43.8956],[1.0396,43.8984]]}},{"type":"Feature","properties":{"name":"La Gimone"},"geometry":{"type":"LineString","coordinates":[[0.7327,43.4036],[0.7327,43.4038]]}},{"type":"Feature","properties":{"name":"La Gimone"},"geometry":{"type":"LineString","coordinates":[[0.6154,43.2804],[0.6166,43.2854],[0.6156,43.2861],[0.6158,43.2887],[0.6216,43.2915],[0.6304,43.2920],[0.6345,43.2936],[0.6362,43.2959],[0.6356,43.3012]]}},{"type":"Feature","properties":{"name":"La Gimone"},"geometry":{"type":"LineString","coordinates":[[0.9920,43.8794],[0.9922,43.8795]]}},{"type":"Feature","properties":{"name":"La Gimone"},"geometry":{"type":"LineString","coordinates":[[0.9004,43.7282],[0.9007,43.7289]]}},{"type":"Feature","properties":{"name":"La Gimone"},"geometry":{"type":"LineString","coordinates":[[0.9002,43.7272],[0.9004,43.7282]]}},{"type":"Feature","properties":{"name":"La Gimone"},"geometry":{"type":"LineString","coordinates":[[0.8998,43.7250],[0.8993,43.7258],[0.9002,43.7272]]}},{"type":"Feature","properties":{"name":"La Gimone"},"geometry":{"type":"LineString","coordinates":[[0.9007,43.7289],[0.9002,43.7325]]}},{"type":"Feature","properties":{"name":"La Gimone"},"geometry":{"type":"LineString","coordinates":[[0.9006,43.7247],[0.8998,43.7250]]}},{"type":"Feature","properties":{"name":"La Gimone"},"geometry":{"type":"LineString","coordinates":[[0.8319,43.5872],[0.8331,43.5872]]}},{"type":"Feature","properties":{"name":"La Gimone"},"geometry":{"type":"LineString","coordinates":[[0.8586,43.6159],[0.8604,43.6161],[0.8636,43.6190],[0.8682,43.6214],[0.8702,43.6295],[0.8742,43.6336],[0.8774,43.6345],[0.8773,43.6353]]}},{"type":"Feature","properties":{"name":"La Gimone"},"geometry":{"type":"LineString","coordinates":[[0.8770,43.6370],[0.8813,43.6399],[0.8808,43.6439],[0.8789,43.6457],[0.8798,43.6473],[0.8819,43.6485],[0.8838,43.6480],[0.8856,43.6498],[0.8878,43.6496],[0.8912,43.6536]]}},{"type":"Feature","properties":{"name":"Le Sor"},"geometry":{"type":"LineString","coordinates":[[2.0202,43.4643],[2.0162,43.4670],[2.0117,43.4677],[2.0084,43.4695],[2.0045,43.4689],[2.0015,43.4706],[1.9952,43.4721],[1.9961,43.4737],[1.9874,43.4767],[1.9828,43.4801],[1.9815,43.4837]]}},{"type":"Feature","properties":{"name":"Le Sor"},"geometry":{"type":"LineString","coordinates":[[2.0844,43.4227],[2.0813,43.4262],[2.0792,43.4258],[2.0800,43.4288],[2.0749,43.4313],[2.0747,43.4327],[2.0711,43.4339],[2.0704,43.4372],[2.0662,43.4384],[2.0631,43.4409],[2.0572,43.4425],[2.0556,43.4453],[2.0509,43.4475],[2.0495,43.4501],[2.0439,43.4523],[2.0436,43.4535],[2.0406,43.4548],[2.0389,43.4567]]}},{"type":"Feature","properties":{"name":"Le Sor"},"geometry":{"type":"LineString","coordinates":[[2.0541,43.5149],[2.0562,43.5151],[2.0591,43.5177],[2.0604,43.5219],[2.0615,43.5228],[2.0773,43.5278],[2.0853,43.5281],[2.0907,43.5323]]}},{"type":"Feature","properties":{"name":"Le Sor"},"geometry":{"type":"LineString","coordinates":[[1.9635,43.4971],[1.9629,43.4997],[1.9654,43.5028],[1.9646,43.5091],[1.9659,43.5114],[1.9676,43.5123],[1.9692,43.5178],[1.9773,43.5170],[1.9823,43.5178],[1.9846,43.5193],[1.9900,43.5192],[1.9922,43.5225],[1.9996,43.5243],[2.0055,43.5225],[2.0141,43.5231],[2.0283,43.5178],[2.0362,43.5205],[2.0489,43.5146],[2.0541,43.5149]]}},{"type":"Feature","properties":{"name":"Le Sor"},"geometry":{"type":"LineString","coordinates":[[1.9815,43.4837],[1.9720,43.4902],[1.9677,43.4956],[1.9635,43.4971]]}},{"type":"Feature","properties":{"name":"Le Sor"},"geometry":{"type":"LineString","coordinates":[[2.0389,43.4567],[2.0374,43.4573],[2.0365,43.4598],[2.0288,43.4626],[2.0202,43.4643]]}},{"type":"Feature","properties":{"name":"Le Scios"},"geometry":{"type":"LineString","coordinates":[[1.6694,42.9135],[1.6656,42.9155],[1.6621,42.9149],[1.6601,42.9156],[1.6584,42.9145],[1.6547,42.9174],[1.6489,42.9192],[1.6488,42.9208],[1.6442,42.9224],[1.6412,42.9262],[1.6371,42.9288],[1.6354,42.9328],[1.6335,42.9335],[1.6311,42.9378],[1.6293,42.9391],[1.6292,42.9408],[1.6252,42.9426],[1.6263,42.9437],[1.6258,42.9446],[1.6227,42.9451]]}},{"type":"Feature","properties":{"name":"Le Scios"},"geometry":{"type":"LineString","coordinates":[[1.6227,42.9451],[1.6217,42.9451]]}},{"type":"Feature","properties":{"name":"Le Scios"},"geometry":{"type":"LineString","coordinates":[[1.6217,42.9451],[1.6211,42.9451]]}},{"type":"Feature","properties":{"name":"La Louge"},"geometry":{"type":"LineString","coordinates":[[1.2772,43.4095],[1.2798,43.4114],[1.2832,43.4174],[1.2848,43.4233],[1.2857,43.4242],[1.2853,43.4265],[1.2884,43.4327],[1.2906,43.4341],[1.2970,43.4355],[1.2975,43.4390],[1.3004,43.4396],[1.3001,43.4417],[1.3015,43.4444],[1.3042,43.4458],[1.3029,43.4466],[1.3040,43.4480],[1.3035,43.4491],[1.3054,43.4508],[1.3109,43.4527],[1.3139,43.4561],[1.3128,43.4572],[1.3132,43.4585],[1.3165,43.4584],[1.3172,43.4599],[1.3193,43.4609],[1.3204,43.4597],[1.3220,43.4597],[1.3234,43.4614],[1.3270,43.4621],[1.3290,43.4614],[1.3306,43.4629],[1.3358,43.4617]]}},{"type":"Feature","properties":{"name":"La Louge"},"geometry":{"type":"LineString","coordinates":[[0.9459,43.2394],[0.9520,43.2413],[0.9527,43.2406],[0.9604,43.2394],[0.9618,43.2410],[0.9681,43.2426],[0.9710,43.2417],[0.9734,43.2429],[0.9749,43.2423],[0.9857,43.2435],[0.9877,43.2452],[0.9901,43.2451],[0.9904,43.2464],[0.9918,43.2465],[0.9974,43.2506],[1.0032,43.2526],[1.0065,43.2561],[1.0092,43.2564],[1.0119,43.2586],[1.0117,43.2598],[1.0164,43.2594],[1.0162,43.2609],[1.0173,43.2617],[1.0165,43.2633],[1.0186,43.2646],[1.0210,43.2627],[1.0249,43.2645],[1.0290,43.2632],[1.0330,43.2640],[1.0333,43.2647],[1.0342,43.2641],[1.0348,43.2649],[1.0379,43.2645],[1.0383,43.2653],[1.0414,43.2656],[1.0415,43.2670],[1.0451,43.2654],[1.0466,43.2661],[1.0464,43.2653],[1.0475,43.2650],[1.0485,43.2674],[1.0578,43.2656],[1.0658,43.2710]]}},{"type":"Feature","properties":{"name":"La Louge"},"geometry":{"type":"LineString","coordinates":[[1.0658,43.2710],[1.0685,43.2733],[1.0696,43.2765],[1.0726,43.2789],[1.0723,43.2798],[1.0794,43.2834],[1.0820,43.2840],[1.0846,43.2831],[1.0888,43.2836],[1.0981,43.2824],[1.1085,43.2852],[1.1187,43.2931],[1.1227,43.2941],[1.1238,43.2958],[1.1252,43.2957],[1.1260,43.3011],[1.1298,43.3015],[1.1368,43.3042],[1.1365,43.3055],[1.1374,43.3060],[1.1366,43.3066],[1.1400,43.3087],[1.1401,43.3099],[1.1456,43.3147],[1.1471,43.3150],[1.1480,43.3165],[1.1476,43.3173],[1.1519,43.3192],[1.1576,43.3191],[1.1581,43.3202],[1.1591,43.3192],[1.1598,43.3201],[1.1636,43.3198],[1.1679,43.3230],[1.1673,43.3235],[1.1706,43.3233],[1.1721,43.3248],[1.1712,43.3260],[1.1751,43.3291],[1.1748,43.3319],[1.1768,43.3323],[1.1768,43.3338],[1.1795,43.3353],[1.1801,43.3345],[1.1842,43.3353],[1.1866,43.3389],[1.1888,43.3385],[1.1898,43.3399]]}},{"type":"Feature","properties":{"name":"La Louge"},"geometry":{"type":"LineString","coordinates":[[1.2306,43.3770],[1.2303,43.3785],[1.2321,43.3789],[1.2353,43.3823],[1.2363,43.3836],[1.2357,43.3847],[1.2409,43.3889],[1.2406,43.3899],[1.2517,43.3932],[1.2561,43.3970],[1.2607,43.3980],[1.2621,43.3992],[1.2622,43.4012],[1.2639,43.4017],[1.2636,43.4030],[1.2683,43.4049],[1.2710,43.4049],[1.2723,43.4072],[1.2772,43.4095]]}},{"type":"Feature","properties":{"name":"La Louge"},"geometry":{"type":"LineString","coordinates":[[0.8633,43.2381],[0.8670,43.2375],[0.8716,43.2388],[0.8782,43.2393],[0.8786,43.2386],[0.8824,43.2396],[0.8846,43.2405],[0.8876,43.2450],[0.8919,43.2458],[0.9039,43.2436]]}},{"type":"Feature","properties":{"name":"La Louge"},"geometry":{"type":"LineString","coordinates":[[0.8555,43.2348],[0.8595,43.2372],[0.8614,43.2371],[0.8617,43.2381],[0.8633,43.2381]]}},{"type":"Feature","properties":{"name":"La Louge"},"geometry":{"type":"LineString","coordinates":[[1.1918,43.3413],[1.1968,43.3429],[1.1973,43.3442],[1.2049,43.3459],[1.2084,43.3524],[1.2105,43.3540],[1.2116,43.3571],[1.2197,43.3607],[1.2202,43.3617],[1.2186,43.3630],[1.2225,43.3697],[1.2291,43.3731],[1.2311,43.3761],[1.2306,43.3770]]}},{"type":"Feature","properties":{"name":"La Louge"},"geometry":{"type":"LineString","coordinates":[[0.9039,43.2436],[0.9087,43.2442],[0.9128,43.2427],[0.9166,43.2430],[0.9190,43.2410],[0.9188,43.2402],[0.9213,43.2393],[0.9246,43.2392],[0.9302,43.2413],[0.9308,43.2405],[0.9369,43.2416],[0.9383,43.2408],[0.9429,43.2409]]}},{"type":"Feature","properties":{"name":"La Louge"},"geometry":{"type":"LineString","coordinates":[[0.9429,43.2409],[0.9430,43.2399],[0.9459,43.2394]]}},{"type":"Feature","properties":{"name":"La Louge"},"geometry":{"type":"LineString","coordinates":[[0.7755,43.2079],[0.7805,43.2064],[0.7864,43.2068],[0.7893,43.2049],[0.7930,43.2043],[0.7963,43.2051],[0.8009,43.2047],[0.8053,43.2059],[0.8071,43.2053],[0.8117,43.2072],[0.8119,43.2064],[0.8166,43.2053],[0.8183,43.2060]]}},{"type":"Feature","properties":{"name":"La Louge"},"geometry":{"type":"LineString","coordinates":[[0.8183,43.2060],[0.8222,43.2080],[0.8248,43.2080],[0.8288,43.2104],[0.8312,43.2106],[0.8316,43.2116],[0.8367,43.2115],[0.8383,43.2131],[0.8398,43.2128],[0.8446,43.2162],[0.8507,43.2176],[0.8517,43.2195],[0.8507,43.2245],[0.8541,43.2275],[0.8526,43.2288],[0.8533,43.2307],[0.8549,43.2317],[0.8555,43.2348]]}},{"type":"Feature","properties":{"name":"La Louge"},"geometry":{"type":"LineString","coordinates":[[0.7405,43.2040],[0.7433,43.2051],[0.7433,43.2076],[0.7477,43.2091],[0.7536,43.2072],[0.7577,43.2091],[0.7635,43.2100],[0.7693,43.2075],[0.7755,43.2079]]}},{"type":"Feature","properties":{"name":"La Louge"},"geometry":{"type":"LineString","coordinates":[[1.1409,43.3102],[1.1408,43.3121],[1.1423,43.3135],[1.1473,43.3157]]}},{"type":"Feature","properties":{"name":"La Louge"},"geometry":{"type":"LineString","coordinates":[[1.1898,43.3399],[1.1918,43.3413]]}},{"type":"Feature","properties":{"name":"La Louge"},"geometry":{"type":"LineString","coordinates":[[1.2410,43.3891],[1.2417,43.3899]]}},{"type":"Feature","properties":{"name":"Arriu Malo"},"geometry":{"type":"LineString","coordinates":[[0.9589,42.7051],[0.9579,42.7053]]}},{"type":"Feature","properties":{"name":"Arriu Malo"},"geometry":{"type":"LineString","coordinates":[[0.9569,42.7055],[0.9561,42.7050]]}},{"type":"Feature","properties":{"name":"Arriu Malo"},"geometry":{"type":"LineString","coordinates":[[0.9579,42.7053],[0.9569,42.7055]]}},{"type":"Feature","properties":{"name":"Arriu Malo"},"geometry":{"type":"LineString","coordinates":[[0.9731,42.6996],[0.9652,42.7033],[0.9608,42.7039],[0.9589,42.7051]]}},{"type":"Feature","properties":{"name":"Arriu Malo"},"geometry":{"type":"LineString","coordinates":[[0.9520,42.7046],[0.9406,42.7030],[0.9375,42.7007],[0.9330,42.6997],[0.9301,42.6971]]}},{"type":"Feature","properties":{"name":"Arriu Malo"},"geometry":{"type":"LineString","coordinates":[[0.9539,42.7046],[0.9520,42.7046]]}},{"type":"Feature","properties":{"name":"Arriu Malo"},"geometry":{"type":"LineString","coordinates":[[0.9561,42.7050],[0.9539,42.7046]]}},{"type":"Feature","properties":{"name":"Arriu deth Lastoar"},"geometry":{"type":"LineString","coordinates":[[0.9459,42.7846],[0.9498,42.7854],[0.9589,42.7829],[0.9612,42.7841],[0.9636,42.7835],[0.9705,42.7798],[0.9768,42.7749]]}},{"type":"Feature","properties":{"name":"La Neste d\u0027Oueil"},"geometry":{"type":"LineString","coordinates":[[0.5562,42.8176],[0.5602,42.8141],[0.5600,42.8117],[0.5617,42.8096],[0.5610,42.8074]]}},{"type":"Feature","properties":{"name":"La Neste d\u0027Oueil"},"geometry":{"type":"LineString","coordinates":[[0.5610,42.8074],[0.5605,42.8054],[0.5615,42.8030]]}},{"type":"Feature","properties":{"name":"La Neste d\u0027Oueil"},"geometry":{"type":"LineString","coordinates":[[0.5389,42.8409],[0.5391,42.8398],[0.5420,42.8396],[0.5425,42.8382],[0.5489,42.8348],[0.5496,42.8317],[0.5485,42.8290],[0.5484,42.8245],[0.5475,42.8233],[0.5537,42.8202],[0.5562,42.8176]]}},{"type":"Feature","properties":{"name":"Arriu Nere"},"geometry":{"type":"LineString","coordinates":[[0.7530,42.6661],[0.7586,42.6715],[0.7625,42.6727],[0.7662,42.6753],[0.7757,42.6764],[0.7799,42.6753],[0.7837,42.6759],[0.7863,42.6777],[0.7893,42.6816],[0.7889,42.6892],[0.7904,42.6905],[0.7909,42.6954],[0.7930,42.6970],[0.7946,42.7009],[0.7975,42.7033]]}},{"type":"Feature","properties":{"name":"La Courbière"},"geometry":{"type":"LineString","coordinates":[[1.5913,42.8543],[1.5920,42.8539]]}},{"type":"Feature","properties":{"name":"La Courbière"},"geometry":{"type":"LineString","coordinates":[[1.5920,42.8539],[1.5940,42.8529],[1.5954,42.8545],[1.5997,42.8540]]}},{"type":"Feature","properties":{"name":"La Courbière"},"geometry":{"type":"LineString","coordinates":[[1.5613,42.8548],[1.5640,42.8558],[1.5653,42.8576],[1.5738,42.8579],[1.5819,42.8551],[1.5849,42.8561],[1.5875,42.8544],[1.5913,42.8543]]}},{"type":"Feature","properties":{"name":"Le Jammas"},"geometry":{"type":"LineString","coordinates":[[1.8238,43.2564],[1.8193,43.2588],[1.8143,43.2630],[1.8137,43.2644],[1.8080,43.2673],[1.8050,43.2712],[1.8024,43.2730]]}},{"type":"Feature","properties":{"name":"Le Jammas"},"geometry":{"type":"LineString","coordinates":[[1.8013,43.2747],[1.7952,43.2796]]}},{"type":"Feature","properties":{"name":"Le Jammas"},"geometry":{"type":"LineString","coordinates":[[1.7952,43.2796],[1.7937,43.2829],[1.7886,43.2878],[1.7875,43.2900]]}},{"type":"Feature","properties":{"name":"Le Jammas"},"geometry":{"type":"LineString","coordinates":[[1.7899,43.2937],[1.7898,43.2938]]}},{"type":"Feature","properties":{"name":"Le Jammas"},"geometry":{"type":"LineString","coordinates":[[1.7898,43.2938],[1.7881,43.2963]]}},{"type":"Feature","properties":{"name":"Le Jammas"},"geometry":{"type":"LineString","coordinates":[[1.7889,43.2915],[1.7896,43.2918],[1.7899,43.2937]]}},{"type":"Feature","properties":{"name":"Le Jammas"},"geometry":{"type":"LineString","coordinates":[[1.7875,43.2900],[1.7874,43.2901]]}},{"type":"Feature","properties":{"name":"Le Jammas"},"geometry":{"type":"LineString","coordinates":[[1.7874,43.2901],[1.7887,43.2915]]}},{"type":"Feature","properties":{"name":"Le Jammas"},"geometry":{"type":"LineString","coordinates":[[1.7887,43.2915],[1.7889,43.2915]]}},{"type":"Feature","properties":{"name":"Le Jammas"},"geometry":{"type":"LineString","coordinates":[[1.8023,43.2731],[1.8013,43.2747]]}},{"type":"Feature","properties":{"name":"Le Jammas"},"geometry":{"type":"LineString","coordinates":[[1.8024,43.2730],[1.8023,43.2731]]}},{"type":"Feature","properties":{"name":"Rivière d\u0027Ars"},"geometry":{"type":"LineString","coordinates":[[1.3633,42.7581],[1.3616,42.7636],[1.3553,42.7677],[1.3553,42.7698],[1.3508,42.7758],[1.3531,42.7782],[1.3523,42.7806],[1.3531,42.7832],[1.3520,42.7840]]}},{"type":"Feature","properties":{"name":"era Noguèra Palharesa"},"geometry":{"type":"LineString","coordinates":[[0.9663,42.7307],[0.9695,42.7342],[0.9703,42.7367],[0.9746,42.7402],[0.9769,42.7471],[0.9862,42.7520],[0.9878,42.7553],[0.9871,42.7569],[0.9879,42.7576],[0.9914,42.7577],[0.9997,42.7610],[1.0049,42.7615],[1.0113,42.7601],[1.0140,42.7612],[1.0172,42.7606],[1.0287,42.7572]]}},{"type":"Feature","properties":{"name":"L\u0027Arac"},"geometry":{"type":"LineString","coordinates":[[1.4129,42.8451],[1.4087,42.8467],[1.4024,42.8510],[1.3973,42.8504],[1.3930,42.8514],[1.3843,42.8579],[1.3841,42.8595],[1.3790,42.8612],[1.3758,42.8647],[1.3728,42.8654]]}},{"type":"Feature","properties":{"name":"Riu de Tavascan"},"geometry":{"type":"LineString","coordinates":[[1.2358,42.6733],[1.2360,42.6701],[1.2396,42.6661],[1.2403,42.6640],[1.2465,42.6593],[1.2456,42.6570],[1.2471,42.6540],[1.2485,42.6532],[1.2483,42.6520],[1.2521,42.6507],[1.2516,42.6478],[1.2523,42.6468],[1.2573,42.6439]]}},{"type":"Feature","properties":{"name":"Riu de Tavascan"},"geometry":{"type":"LineString","coordinates":[[1.2359,42.6735],[1.2358,42.6733]]}},{"type":"Feature","properties":{"name":"Río Estós"},"geometry":{"type":"LineString","coordinates":[[0.5115,42.6649],[0.5112,42.6642],[0.5247,42.6566],[0.5254,42.6549],[0.5290,42.6522],[0.5287,42.6512],[0.5318,42.6499],[0.5343,42.6459],[0.5372,42.6436],[0.5369,42.6424],[0.5391,42.6396]]}},{"type":"Feature","properties":{"name":"Río Estós"},"geometry":{"type":"LineString","coordinates":[[0.4409,42.6781],[0.4593,42.6794],[0.4765,42.6751],[0.4828,42.6747]]}},{"type":"Feature","properties":{"name":"Río Estós"},"geometry":{"type":"LineString","coordinates":[[0.5112,42.6670],[0.5115,42.6649]]}},{"type":"Feature","properties":{"name":"Río Estós"},"geometry":{"type":"LineString","coordinates":[[0.4828,42.6747],[0.4848,42.6738],[0.4902,42.6741],[0.5063,42.6701],[0.5112,42.6670]]}},{"type":"Feature","properties":{"name":"Arriu d\u0027Aiguamòg"},"geometry":{"type":"LineString","coordinates":[[0.9306,42.6448],[0.9334,42.6506],[0.9296,42.6513],[0.9292,42.6527],[0.9280,42.6530],[0.9267,42.6571],[0.9225,42.6588],[0.9218,42.6642],[0.9197,42.6657],[0.9199,42.6670],[0.9147,42.6728],[0.9170,42.6821],[0.9156,42.6877],[0.9166,42.6932]]}},{"type":"Feature","properties":{"name":"Arriu d\u0027Aiguamòg"},"geometry":{"type":"LineString","coordinates":[[0.9166,42.6932],[0.9170,42.6933]]}},{"type":"Feature","properties":{"name":"Arriu d\u0027Aiguamòg"},"geometry":{"type":"LineString","coordinates":[[0.9170,42.6938],[0.9182,42.7001]]}},{"type":"Feature","properties":{"name":"Arriu d\u0027Aiguamòg"},"geometry":{"type":"LineString","coordinates":[[0.9170,42.6933],[0.9170,42.6938]]}},{"type":"Feature","properties":{"name":"L\u0027Oriège"},"geometry":{"type":"LineString","coordinates":[[1.9564,42.6730],[1.9506,42.6782],[1.9351,42.6822],[1.9307,42.6849],[1.9151,42.6862],[1.9092,42.6899]]}},{"type":"Feature","properties":{"name":"L\u0027Oriège"},"geometry":{"type":"LineString","coordinates":[[1.8990,42.6948],[1.8968,42.6964]]}},{"type":"Feature","properties":{"name":"Río Ésera"},"geometry":{"type":"LineString","coordinates":[[0.6127,42.6848],[0.6121,42.6849]]}},{"type":"Feature","properties":{"name":"Río Ésera"},"geometry":{"type":"LineString","coordinates":[[0.6121,42.6849],[0.6076,42.6839],[0.6077,42.6831],[0.6057,42.6816],[0.5945,42.6751]]}},{"type":"Feature","properties":{"name":"Río Ésera"},"geometry":{"type":"LineString","coordinates":[[0.6345,42.6804],[0.6267,42.6823]]}},{"type":"Feature","properties":{"name":"Río Ésera"},"geometry":{"type":"LineString","coordinates":[[0.6267,42.6824],[0.6240,42.6841],[0.6196,42.6840],[0.6160,42.6851]]}},{"type":"Feature","properties":{"name":"Río Ésera"},"geometry":{"type":"LineString","coordinates":[[0.6071,42.6827],[0.6067,42.6825]]}},{"type":"Feature","properties":{"name":"Río Ésera"},"geometry":{"type":"LineString","coordinates":[[0.6160,42.6851],[0.6127,42.6848]]}},{"type":"Feature","properties":{"name":"Río Ésera"},"geometry":{"type":"LineString","coordinates":[[0.6478,42.6778],[0.6450,42.6793]]}},{"type":"Feature","properties":{"name":"Río Ésera"},"geometry":{"type":"LineString","coordinates":[[0.6450,42.6793],[0.6376,42.6813],[0.6346,42.6805]]}},{"type":"Feature","properties":{"name":"Arriu de Ruda"},"geometry":{"type":"LineString","coordinates":[[0.9687,42.6377],[0.9688,42.6397],[0.9708,42.6410],[0.9707,42.6432],[0.9727,42.6469],[0.9700,42.6578],[0.9668,42.6640],[0.9642,42.6652],[0.9583,42.6719],[0.9544,42.6744],[0.9518,42.6789],[0.9465,42.6833],[0.9458,42.6864],[0.9396,42.6920],[0.9315,42.6968],[0.9197,42.6999]]}},{"type":"Feature","properties":{"name":"Rio Ésera"},"geometry":{"type":"LineString","coordinates":[[0.5828,42.6676],[0.5823,42.6636],[0.5807,42.6622],[0.5815,42.6612],[0.5809,42.6599],[0.5797,42.6579],[0.5773,42.6565],[0.5772,42.6536],[0.5737,42.6493],[0.5740,42.6479],[0.5708,42.6463],[0.5705,42.6452],[0.5628,42.6414]]}},{"type":"Feature","properties":{"name":"Riu de Lladorre"},"geometry":{"type":"LineString","coordinates":[[1.3124,42.6710],[1.3076,42.6707],[1.3051,42.6679],[1.2984,42.6670],[1.2963,42.6655],[1.2872,42.6652],[1.2769,42.6582],[1.2759,42.6551],[1.2743,42.6535],[1.2648,42.6493],[1.2568,42.6429],[1.2544,42.6422],[1.2513,42.6370]]}},{"type":"Feature","properties":{"name":"Arriu de Valarties"},"geometry":{"type":"LineString","coordinates":[[0.8726,42.6616],[0.8733,42.6652],[0.8723,42.6691],[0.8740,42.6746],[0.8733,42.6785],[0.8763,42.6864],[0.8722,42.6944],[0.8730,42.6959],[0.8717,42.6984],[0.8684,42.6996]]}}]}