{"type":"FeatureCollection","features":[{"type":"Feature","properties":{"name":"Le Couesnon"},"geometry":{"type":"LineString","coordinates":[[-1.5124,48.5439],[-1.5130,48.5449],[-1.5116,48.5458],[-1.5126,48.5465],[-1.5178,48.5463],[-1.5135,48.5519],[-1.5169,48.5594],[-1.5183,48.5656],[-1.5221,48.5697],[-1.5230,48.5720],[-1.5201,48.5784],[-1.5169,48.5828],[-1.5128,48.6141]]}},{"type":"Feature","properties":{"name":"Le Couesnon"},"geometry":{"type":"LineString","coordinates":[[-1.5179,48.5298],[-1.5167,48.5324],[-1.5188,48.5331],[-1.5189,48.5348],[-1.5156,48.5375]]}},{"type":"Feature","properties":{"name":"Le Couesnon"},"geometry":{"type":"LineString","coordinates":[[-1.5154,48.5304],[-1.5165,48.5293],[-1.5179,48.5298]]}},{"type":"Feature","properties":{"name":"Le Couesnon"},"geometry":{"type":"LineString","coordinates":[[-1.1864,48.3389],[-1.1880,48.3383],[-1.1887,48.3369],[-1.1902,48.3370]]}},{"type":"Feature","properties":{"name":"Le Couesnon"},"geometry":{"type":"LineString","coordinates":[[-1.4956,48.5087],[-1.4974,48.5087],[-1.5007,48.5134],[-1.5021,48.5139],[-1.5034,48.5166],[-1.5042,48.5152],[-1.5060,48.5163],[-1.5039,48.5189],[-1.5073,48.5199],[-1.5082,48.5233],[-1.5119,48.5238],[-1.5125,48.5249],[-1.5107,48.5270],[-1.5141,48.5281],[-1.5154,48.5304]]}},{"type":"Feature","properties":{"name":"Le Couesnon"},"geometry":{"type":"LineString","coordinates":[[-1.4899,48.4893],[-1.4909,48.4921],[-1.4895,48.4930],[-1.4904,48.4943],[-1.4898,48.4962],[-1.4937,48.5002],[-1.4957,48.5042],[-1.4956,48.5087]]}},{"type":"Feature","properties":{"name":"Le Couesnon"},"geometry":{"type":"LineString","coordinates":[[-1.4870,48.4822],[-1.4855,48.4832],[-1.4851,48.4847],[-1.4862,48.4860],[-1.4853,48.4872],[-1.4893,48.4880],[-1.4899,48.4893]]}},{"type":"Feature","properties":{"name":"Le Couesnon"},"geometry":{"type":"LineString","coordinates":[[-1.2506,48.3174],[-1.2547,48.3173],[-1.2584,48.3145],[-1.2636,48.3150],[-1.2633,48.3165],[-1.2678,48.3162],[-1.2696,48.3145],[-1.2685,48.3118],[-1.2698,48.3113],[-1.2680,48.3101],[-1.2707,48.3075],[-1.2758,48.3082],[-1.2763,48.3093],[-1.2782,48.3078],[-1.2780,48.3061],[-1.2807,48.3055],[-1.2809,48.3064],[-1.2840,48.3058],[-1.2918,48.3079]]}},{"type":"Feature","properties":{"name":"Le Couesnon"},"geometry":{"type":"LineString","coordinates":[[-1.3349,48.2909],[-1.3354,48.2907]]}},{"type":"Feature","properties":{"name":"Le Couesnon"},"geometry":{"type":"LineString","coordinates":[[-1.3897,48.3034],[-1.3915,48.3043],[-1.3974,48.3020],[-1.4016,48.3045],[-1.4058,48.3029],[-1.4100,48.3070],[-1.4119,48.3109]]}},{"type":"Feature","properties":{"name":"Le Couesnon"},"geometry":{"type":"LineString","coordinates":[[-1.3354,48.2907],[-1.3363,48.2896],[-1.3390,48.2898],[-1.3402,48.2888],[-1.3456,48.2900],[-1.3467,48.2911],[-1.3461,48.2915],[-1.3480,48.2921],[-1.3514,48.2921],[-1.3550,48.2909],[-1.3573,48.2924],[-1.3631,48.2912],[-1.3663,48.2920]]}},{"type":"Feature","properties":{"name":"Le Couesnon"},"geometry":{"type":"LineString","coordinates":[[-1.4119,48.3109],[-1.4129,48.3119],[-1.4186,48.3101],[-1.4298,48.3116],[-1.4319,48.3143],[-1.4390,48.3139],[-1.4410,48.3165],[-1.4555,48.3202],[-1.4668,48.3213],[-1.4700,48.3202],[-1.4786,48.3226]]}},{"type":"Feature","properties":{"name":"Le Couesnon"},"geometry":{"type":"LineString","coordinates":[[-1.4786,48.3226],[-1.4827,48.3266],[-1.4821,48.3275],[-1.4784,48.3274],[-1.4777,48.3288]]}},{"type":"Feature","properties":{"name":"Le Couesnon"},"geometry":{"type":"LineString","coordinates":[[-1.4952,48.4623],[-1.4915,48.4656],[-1.4947,48.4671],[-1.4946,48.4687],[-1.4851,48.4710],[-1.4868,48.4753],[-1.4850,48.4762],[-1.4880,48.4778],[-1.4861,48.4784],[-1.4869,48.4798],[-1.4856,48.4798],[-1.4876,48.4810],[-1.4870,48.4822]]}},{"type":"Feature","properties":{"name":"Le Couesnon"},"geometry":{"type":"LineString","coordinates":[[-1.1515,48.3262],[-1.1544,48.3273],[-1.1555,48.3313],[-1.1573,48.3328],[-1.1603,48.3333],[-1.1638,48.3374],[-1.1690,48.3374],[-1.1735,48.3394]]}},{"type":"Feature","properties":{"name":"Le Couesnon"},"geometry":{"type":"LineString","coordinates":[[-1.5128,48.6141],[-1.5123,48.6174]]}},{"type":"Feature","properties":{"name":"Le Couesnon"},"geometry":{"type":"LineString","coordinates":[[-1.3026,48.3023],[-1.3044,48.3006],[-1.3079,48.3009]]}},{"type":"Feature","properties":{"name":"Le Couesnon"},"geometry":{"type":"LineString","coordinates":[[-1.5043,48.3856],[-1.5004,48.3881],[-1.5016,48.3894],[-1.5066,48.3912],[-1.5095,48.3940],[-1.5080,48.3950],[-1.5085,48.3959],[-1.5071,48.3976],[-1.5102,48.4001],[-1.5048,48.4036],[-1.5043,48.4054],[-1.5067,48.4059],[-1.5078,48.4114],[-1.5108,48.4117],[-1.5118,48.4130],[-1.5139,48.4134],[-1.5132,48.4141],[-1.5151,48.4175],[-1.5107,48.4187],[-1.5082,48.4181],[-1.5053,48.4211],[-1.5068,48.4228],[-1.5060,48.4238],[-1.5073,48.4269],[-1.5112,48.4305],[-1.5136,48.4302],[-1.5147,48.4336],[-1.5121,48.4341],[-1.5121,48.4354],[-1.5091,48.4356],[-1.5057,48.4383],[-1.5074,48.4394],[-1.5043,48.4395],[-1.4984,48.4442]]}},{"type":"Feature","properties":{"name":"Le Couesnon"},"geometry":{"type":"LineString","coordinates":[[-1.4899,48.3577],[-1.4908,48.3584],[-1.4903,48.3593],[-1.4940,48.3617],[-1.5046,48.3632],[-1.5035,48.3651],[-1.5041,48.3659],[-1.5029,48.3665],[-1.5026,48.3678],[-1.5043,48.3704],[-1.5032,48.3739],[-1.5040,48.3781],[-1.5066,48.3797],[-1.5056,48.3815],[-1.5069,48.3821],[-1.5057,48.3830],[-1.5065,48.3856],[-1.5043,48.3856]]}},{"type":"Feature","properties":{"name":"Le Couesnon"},"geometry":{"type":"LineString","coordinates":[[-1.2061,48.3359],[-1.2067,48.3357]]}},{"type":"Feature","properties":{"name":"Le Couesnon"},"geometry":{"type":"LineString","coordinates":[[-1.2918,48.3079],[-1.2936,48.3087],[-1.2965,48.3084],[-1.2973,48.3073],[-1.2968,48.3056],[-1.2989,48.3040],[-1.2985,48.3031],[-1.3009,48.3021],[-1.3080,48.3009],[-1.3098,48.3012],[-1.3103,48.3021],[-1.3154,48.3024],[-1.3157,48.2991],[-1.3173,48.2990],[-1.3164,48.2971],[-1.3189,48.2948],[-1.3184,48.2940],[-1.3210,48.2935],[-1.3208,48.2924],[-1.3222,48.2908],[-1.3300,48.2907],[-1.3318,48.2919],[-1.3349,48.2909]]}},{"type":"Feature","properties":{"name":"Le Couesnon"},"geometry":{"type":"LineString","coordinates":[[-1.1923,48.3369],[-1.1980,48.3392],[-1.2016,48.3375],[-1.2057,48.3375]]}},{"type":"Feature","properties":{"name":"Le Couesnon"},"geometry":{"type":"LineString","coordinates":[[-1.4777,48.3288],[-1.4812,48.3306],[-1.4822,48.3326],[-1.4793,48.3374],[-1.4823,48.3413],[-1.4823,48.3428],[-1.4796,48.3451],[-1.4872,48.3447],[-1.4887,48.3462],[-1.4863,48.3494],[-1.4823,48.3523],[-1.4863,48.3548],[-1.4878,48.3547],[-1.4886,48.3570],[-1.4899,48.3577]]}},{"type":"Feature","properties":{"name":"Le Couesnon"},"geometry":{"type":"LineString","coordinates":[[-1.4934,48.4591],[-1.4938,48.4618],[-1.4952,48.4623]]}},{"type":"Feature","properties":{"name":"Le Couesnon"},"geometry":{"type":"LineString","coordinates":[[-1.1735,48.3394],[-1.1738,48.3396]]}},{"type":"Feature","properties":{"name":"Le Couesnon"},"geometry":{"type":"LineString","coordinates":[[-1.1738,48.3396],[-1.1750,48.3400],[-1.1780,48.3389]]}},{"type":"Feature","properties":{"name":"Le Couesnon"},"geometry":{"type":"LineString","coordinates":[[-1.1920,48.3368],[-1.1923,48.3369]]}},{"type":"Feature","properties":{"name":"Le Couesnon"},"geometry":{"type":"LineString","coordinates":[[-1.5127,48.6174],[-1.5127,48.6175]]}},{"type":"Feature","properties":{"name":"Le Couesnon"},"geometry":{"type":"LineString","coordinates":[[-1.5156,48.5375],[-1.5139,48.5382],[-1.5150,48.5395],[-1.5146,48.5413],[-1.5113,48.5425],[-1.5124,48.5439]]}},{"type":"Feature","properties":{"name":"Le Couesnon"},"geometry":{"type":"LineString","coordinates":[[-1.2427,48.3236],[-1.2457,48.3237]]}},{"type":"Feature","properties":{"name":"Le Couesnon"},"geometry":{"type":"LineString","coordinates":[[-1.2064,48.3315],[-1.2079,48.3289],[-1.2099,48.3285],[-1.2108,48.3291]]}},{"type":"Feature","properties":{"name":"Le Couesnon"},"geometry":{"type":"LineString","coordinates":[[-1.2108,48.3291],[-1.2135,48.3281],[-1.2171,48.3284],[-1.2185,48.3294],[-1.2178,48.3297],[-1.2189,48.3311],[-1.2224,48.3320],[-1.2259,48.3294],[-1.2245,48.3275],[-1.2273,48.3250],[-1.2294,48.3246],[-1.2299,48.3256],[-1.2315,48.3256],[-1.2320,48.3268],[-1.2362,48.3284],[-1.2373,48.3279],[-1.2366,48.3272],[-1.2376,48.3264],[-1.2352,48.3236],[-1.2364,48.3219],[-1.2383,48.3211],[-1.2401,48.3229],[-1.2427,48.3236]]}},{"type":"Feature","properties":{"name":"Le Couesnon"},"geometry":{"type":"LineString","coordinates":[[-1.2057,48.3343],[-1.2054,48.3329],[-1.2064,48.3315]]}},{"type":"Feature","properties":{"name":"Le Couesnon"},"geometry":{"type":"LineString","coordinates":[[-1.2067,48.3357],[-1.2057,48.3343]]}},{"type":"Feature","properties":{"name":"Le Couesnon"},"geometry":{"type":"LineString","coordinates":[[-1.1902,48.3370],[-1.1975,48.3406],[-1.2035,48.3377]]}},{"type":"Feature","properties":{"name":"Le Couesnon"},"geometry":{"type":"LineString","coordinates":[[-1.1913,48.3371],[-1.1920,48.3368]]}},{"type":"Feature","properties":{"name":"Le Couesnon"},"geometry":{"type":"LineString","coordinates":[[-1.2035,48.3377],[-1.2059,48.3385],[-1.2077,48.3367],[-1.2067,48.3357]]}},{"type":"Feature","properties":{"name":"Le Couesnon"},"geometry":{"type":"LineString","coordinates":[[-1.1851,48.3395],[-1.1864,48.3389]]}},{"type":"Feature","properties":{"name":"Le Couesnon"},"geometry":{"type":"LineString","coordinates":[[-1.1832,48.3389],[-1.1851,48.3395]]}},{"type":"Feature","properties":{"name":"Le Couesnon"},"geometry":{"type":"LineString","coordinates":[[-1.1830,48.3384],[-1.1832,48.3389]]}},{"type":"Feature","properties":{"name":"Le Couesnon"},"geometry":{"type":"LineString","coordinates":[[-1.1807,48.3377],[-1.1830,48.3384]]}},{"type":"Feature","properties":{"name":"Le Couesnon"},"geometry":{"type":"LineString","coordinates":[[-1.1804,48.3376],[-1.1807,48.3377]]}},{"type":"Feature","properties":{"name":"Le Couesnon"},"geometry":{"type":"LineString","coordinates":[[-1.1786,48.3374],[-1.1804,48.3376]]}},{"type":"Feature","properties":{"name":"Le Couesnon"},"geometry":{"type":"LineString","coordinates":[[-1.1781,48.3388],[-1.1786,48.3374]]}},{"type":"Feature","properties":{"name":"Le Couesnon"},"geometry":{"type":"LineString","coordinates":[[-1.1780,48.3389],[-1.1781,48.3388]]}},{"type":"Feature","properties":{"name":"Le Couesnon"},"geometry":{"type":"LineString","coordinates":[[-1.4950,48.4616],[-1.4952,48.4623]]}},{"type":"Feature","properties":{"name":"Le Couesnon"},"geometry":{"type":"LineString","coordinates":[[-1.4984,48.4442],[-1.4989,48.4456],[-1.4965,48.4467],[-1.4964,48.4496],[-1.4949,48.4508],[-1.4944,48.4533],[-1.4955,48.4548],[-1.4931,48.4550],[-1.4924,48.4560],[-1.4950,48.4616]]}},{"type":"Feature","properties":{"name":"Le Couesnon"},"geometry":{"type":"LineString","coordinates":[[-1.3663,48.2920],[-1.3670,48.2928]]}},{"type":"Feature","properties":{"name":"Le Couesnon"},"geometry":{"type":"LineString","coordinates":[[-1.3663,48.2920],[-1.3670,48.2928]]}},{"type":"Feature","properties":{"name":"Le Couesnon"},"geometry":{"type":"LineString","coordinates":[[-1.3670,48.2928],[-1.3683,48.2952],[-1.3704,48.2960],[-1.3744,48.2957],[-1.3764,48.2970],[-1.3759,48.2986],[-1.3780,48.2987],[-1.3897,48.3034]]}},{"type":"Feature","properties":{"name":"Le Couesnon"},"geometry":{"type":"LineString","coordinates":[[-1.2058,48.3373],[-1.2061,48.3359]]}},{"type":"Feature","properties":{"name":"Le Couesnon"},"geometry":{"type":"LineString","coordinates":[[-1.2057,48.3375],[-1.2058,48.3373]]}},{"type":"Feature","properties":{"name":"Le Couesnon"},"geometry":{"type":"LineString","coordinates":[[-1.4903,48.3593],[-1.4914,48.3601]]}},{"type":"Feature","properties":{"name":"Le Couesnon"},"geometry":{"type":"LineString","coordinates":[[-1.5127,48.6177],[-1.5125,48.6242],[-1.5115,48.6260],[-1.5128,48.6335],[-1.5144,48.6359],[-1.5204,48.6371],[-1.5231,48.6396],[-1.5241,48.6424],[-1.5227,48.6452]]}},{"type":"Feature","properties":{"name":"Le Couesnon"},"geometry":{"type":"LineString","coordinates":[[-1.5121,48.6176],[-1.5124,48.6204],[-1.5112,48.6248],[-1.5085,48.6274],[-1.5101,48.6320],[-1.5054,48.6342],[-1.5037,48.6360],[-1.5054,48.6371],[-1.5136,48.6378],[-1.5153,48.6361]]}},{"type":"Feature","properties":{"name":"Le Couesnon"},"geometry":{"type":"LineString","coordinates":[[-1.2457,48.3237],[-1.2481,48.3223],[-1.2481,48.3205],[-1.2503,48.3199],[-1.2498,48.3186],[-1.2506,48.3174]]}},{"type":"Feature","properties":{"name":"La Quincampoix"},"geometry":{"type":"LineString","coordinates":[[-1.4006,47.9931],[-1.4032,47.9967],[-1.4017,47.9982],[-1.3995,47.9986],[-1.3997,48.0000],[-1.4023,48.0008],[-1.4054,48.0035],[-1.4046,48.0040],[-1.4060,48.0055],[-1.4125,48.0068],[-1.4128,48.0083],[-1.4141,48.0088],[-1.4137,48.0100],[-1.4168,48.0108],[-1.4198,48.0088],[-1.4210,48.0053],[-1.4257,48.0074],[-1.4289,48.0063],[-1.4298,48.0034],[-1.4290,48.0010],[-1.4338,48.0003],[-1.4323,47.9973],[-1.4338,47.9960],[-1.4416,47.9972],[-1.4418,47.9950],[-1.4399,47.9930],[-1.4405,47.9915],[-1.4463,47.9923],[-1.4514,47.9893]]}},{"type":"Feature","properties":{"name":"L\u0027Aff"},"geometry":{"type":"LineString","coordinates":[[-2.1994,47.9921],[-2.1975,47.9906],[-2.1954,47.9910],[-2.1933,47.9901],[-2.1917,47.9912],[-2.1905,47.9894],[-2.1875,47.9885],[-2.1883,47.9868],[-2.1858,47.9854],[-2.1868,47.9833],[-2.1855,47.9819],[-2.1840,47.9828],[-2.1827,47.9816],[-2.1793,47.9813],[-2.1780,47.9794],[-2.1764,47.9804],[-2.1733,47.9794],[-2.1712,47.9808],[-2.1687,47.9806]]}},{"type":"Feature","properties":{"name":"L\u0027Aff"},"geometry":{"type":"LineString","coordinates":[[-2.1228,47.9635],[-2.1195,47.9628],[-2.1199,47.9609]]}},{"type":"Feature","properties":{"name":"L\u0027Aff"},"geometry":{"type":"LineString","coordinates":[[-2.1199,47.9609],[-2.1181,47.9601],[-2.1165,47.9609],[-2.1116,47.9595],[-2.1108,47.9599],[-2.1088,47.9569],[-2.1102,47.9528],[-2.1045,47.9521]]}},{"type":"Feature","properties":{"name":"L\u0027Aff"},"geometry":{"type":"LineString","coordinates":[[-2.0705,47.8115],[-2.0710,47.8075],[-2.0693,47.8057],[-2.0695,47.8025],[-2.0714,47.8021],[-2.0699,47.8009],[-2.0722,47.7988]]}},{"type":"Feature","properties":{"name":"L\u0027Aff"},"geometry":{"type":"LineString","coordinates":[[-2.0469,47.8189],[-2.0494,47.8170],[-2.0522,47.8176],[-2.0599,47.8142],[-2.0678,47.8132],[-2.0705,47.8115]]}},{"type":"Feature","properties":{"name":"L\u0027Aff"},"geometry":{"type":"LineString","coordinates":[[-2.0722,47.7988],[-2.0732,47.7943],[-2.0719,47.7922],[-2.0738,47.7890],[-2.0799,47.7893],[-2.0825,47.7853],[-2.0937,47.7808],[-2.0941,47.7791],[-2.0959,47.7783],[-2.1051,47.7798],[-2.1099,47.7785]]}},{"type":"Feature","properties":{"name":"L\u0027Aff"},"geometry":{"type":"LineString","coordinates":[[-2.1099,47.7785],[-2.1087,47.7759],[-2.1109,47.7731],[-2.1104,47.7712],[-2.1176,47.7704],[-2.1235,47.7715],[-2.1267,47.7706],[-2.1282,47.7687],[-2.1270,47.7671],[-2.1285,47.7619]]}},{"type":"Feature","properties":{"name":"L\u0027Aff"},"geometry":{"type":"LineString","coordinates":[[-2.1094,47.7358],[-2.1080,47.7351],[-2.1069,47.7320],[-2.1119,47.7287],[-2.1256,47.7254],[-2.1315,47.7222]]}},{"type":"Feature","properties":{"name":"L\u0027Aff"},"geometry":{"type":"LineString","coordinates":[[-2.1344,47.7547],[-2.1405,47.7509],[-2.1383,47.7475],[-2.1244,47.7482],[-2.1221,47.7496],[-2.1166,47.7494],[-2.1142,47.7474],[-2.1149,47.7458],[-2.1129,47.7441],[-2.1169,47.7426],[-2.1172,47.7405],[-2.1094,47.7358]]}},{"type":"Feature","properties":{"name":"L\u0027Aff"},"geometry":{"type":"LineString","coordinates":[[-2.1370,47.9791],[-2.1358,47.9762],[-2.1341,47.9758],[-2.1339,47.9745],[-2.1318,47.9734],[-2.1327,47.9721],[-2.1316,47.9716],[-2.1320,47.9709]]}},{"type":"Feature","properties":{"name":"L\u0027Aff"},"geometry":{"type":"LineString","coordinates":[[-2.0952,47.9325],[-2.0928,47.9322],[-2.0918,47.9304],[-2.0901,47.9300],[-2.0892,47.9271],[-2.0857,47.9258],[-2.0849,47.9233],[-2.0821,47.9228],[-2.0786,47.9194]]}},{"type":"Feature","properties":{"name":"L\u0027Aff"},"geometry":{"type":"LineString","coordinates":[[-2.1045,47.8982],[-2.1010,47.8967],[-2.1016,47.8947],[-2.1051,47.8941],[-2.1057,47.8932],[-2.1116,47.8949],[-2.1144,47.8923],[-2.1157,47.8901],[-2.1137,47.8892],[-2.1147,47.8883],[-2.1131,47.8875],[-2.1139,47.8870],[-2.1133,47.8859]]}},{"type":"Feature","properties":{"name":"L\u0027Aff"},"geometry":{"type":"LineString","coordinates":[[-2.0818,47.9088],[-2.0840,47.9069],[-2.0857,47.9068],[-2.0844,47.9050],[-2.0860,47.9035],[-2.0933,47.9025]]}},{"type":"Feature","properties":{"name":"L\u0027Aff"},"geometry":{"type":"LineString","coordinates":[[-2.0786,47.9194],[-2.0783,47.9184],[-2.0813,47.9167],[-2.0804,47.9154],[-2.0809,47.9146],[-2.0843,47.9147],[-2.0854,47.9141],[-2.0849,47.9126]]}},{"type":"Feature","properties":{"name":"L\u0027Aff"},"geometry":{"type":"LineString","coordinates":[[-2.0891,47.8448],[-2.0869,47.8441],[-2.0842,47.8450],[-2.0797,47.8448],[-2.0761,47.8430],[-2.0723,47.8453],[-2.0686,47.8445],[-2.0681,47.8434],[-2.0694,47.8412],[-2.0687,47.8379],[-2.0742,47.8353],[-2.0751,47.8329],[-2.0765,47.8325],[-2.0759,47.8301]]}},{"type":"Feature","properties":{"name":"L\u0027Aff"},"geometry":{"type":"LineString","coordinates":[[-2.0957,47.8617],[-2.0918,47.8601],[-2.0924,47.8582],[-2.0907,47.8574],[-2.0914,47.8559],[-2.0900,47.8552],[-2.0925,47.8511],[-2.0916,47.8480],[-2.0924,47.8473],[-2.0917,47.8451],[-2.0891,47.8448]]}},{"type":"Feature","properties":{"name":"L\u0027Aff"},"geometry":{"type":"LineString","coordinates":[[-2.0409,47.8288],[-2.0402,47.8281],[-2.0420,47.8270],[-2.0418,47.8257],[-2.0437,47.8256],[-2.0440,47.8241],[-2.0456,47.8239],[-2.0451,47.8220],[-2.0469,47.8189]]}},{"type":"Feature","properties":{"name":"L\u0027Aff"},"geometry":{"type":"LineString","coordinates":[[-2.1290,47.7612],[-2.1299,47.7590],[-2.1344,47.7547]]}},{"type":"Feature","properties":{"name":"L\u0027Aff"},"geometry":{"type":"LineString","coordinates":[[-2.1285,47.7619],[-2.1290,47.7612]]}},{"type":"Feature","properties":{"name":"L\u0027Aff"},"geometry":{"type":"LineString","coordinates":[[-2.1246,47.7482],[-2.1170,47.7425]]}},{"type":"Feature","properties":{"name":"L\u0027Aff"},"geometry":{"type":"LineString","coordinates":[[-2.0730,47.7940],[-2.0737,47.7925],[-2.0725,47.7912]]}},{"type":"Feature","properties":{"name":"L\u0027Aff"},"geometry":{"type":"LineString","coordinates":[[-2.0708,47.8364],[-2.0713,47.8354],[-2.0743,47.8349]]}},{"type":"Feature","properties":{"name":"L\u0027Aff"},"geometry":{"type":"LineString","coordinates":[[-2.0759,47.8301],[-2.0734,47.8290],[-2.0672,47.8294],[-2.0605,47.8316],[-2.0580,47.8338],[-2.0546,47.8321],[-2.0545,47.8308],[-2.0512,47.8293],[-2.0494,47.8303],[-2.0458,47.8301],[-2.0441,47.8286],[-2.0409,47.8288]]}},{"type":"Feature","properties":{"name":"L\u0027Aff"},"geometry":{"type":"LineString","coordinates":[[-2.0936,47.7809],[-2.0939,47.7801]]}},{"type":"Feature","properties":{"name":"L\u0027Aff"},"geometry":{"type":"LineString","coordinates":[[-2.0912,47.9023],[-2.0930,47.9024]]}},{"type":"Feature","properties":{"name":"L\u0027Aff"},"geometry":{"type":"LineString","coordinates":[[-2.0999,47.9463],[-2.0999,47.9450]]}},{"type":"Feature","properties":{"name":"L\u0027Aff"},"geometry":{"type":"LineString","coordinates":[[-2.1045,47.9521],[-2.1044,47.9508],[-2.1028,47.9500],[-2.1026,47.9482],[-2.0997,47.9481],[-2.0999,47.9463]]}},{"type":"Feature","properties":{"name":"L\u0027Aff"},"geometry":{"type":"LineString","coordinates":[[-2.0953,47.9325],[-2.0952,47.9325]]}},{"type":"Feature","properties":{"name":"L\u0027Aff"},"geometry":{"type":"LineString","coordinates":[[-2.0999,47.9450],[-2.1001,47.9443],[-2.0978,47.9435],[-2.0978,47.9418],[-2.1015,47.9390],[-2.1001,47.9374],[-2.0974,47.9365],[-2.0964,47.9337],[-2.0978,47.9331],[-2.0953,47.9325]]}},{"type":"Feature","properties":{"name":"L\u0027Aff"},"geometry":{"type":"LineString","coordinates":[[-2.0849,47.9126],[-2.0824,47.9108],[-2.0817,47.9090]]}},{"type":"Feature","properties":{"name":"L\u0027Aff"},"geometry":{"type":"LineString","coordinates":[[-2.0847,47.9055],[-2.0844,47.9050]]}},{"type":"Feature","properties":{"name":"L\u0027Aff"},"geometry":{"type":"LineString","coordinates":[[-2.0817,47.9090],[-2.0818,47.9088]]}},{"type":"Feature","properties":{"name":"L\u0027Aff"},"geometry":{"type":"LineString","coordinates":[[-2.1686,47.9806],[-2.1636,47.9827],[-2.1588,47.9811],[-2.1569,47.9828],[-2.1484,47.9836]]}},{"type":"Feature","properties":{"name":"L\u0027Aff"},"geometry":{"type":"LineString","coordinates":[[-2.1687,47.9806],[-2.1686,47.9806]]}},{"type":"Feature","properties":{"name":"L\u0027Aff"},"geometry":{"type":"LineString","coordinates":[[-2.1484,47.9835],[-2.1439,47.9840],[-2.1412,47.9802],[-2.1370,47.9791]]}},{"type":"Feature","properties":{"name":"L\u0027Aff"},"geometry":{"type":"LineString","coordinates":[[-2.1484,47.9836],[-2.1484,47.9835]]}},{"type":"Feature","properties":{"name":"L\u0027Aff"},"geometry":{"type":"LineString","coordinates":[[-2.1994,47.9921],[-2.1994,47.9921]]}},{"type":"Feature","properties":{"name":"L\u0027Aff"},"geometry":{"type":"LineString","coordinates":[[-2.2144,47.9933],[-2.2111,47.9948],[-2.2043,47.9938],[-2.2007,47.9917],[-2.1994,47.9921]]}},{"type":"Feature","properties":{"name":"L\u0027Aff"},"geometry":{"type":"LineString","coordinates":[[-2.1297,47.9693],[-2.1269,47.9674],[-2.1275,47.9664],[-2.1259,47.9654],[-2.1264,47.9644],[-2.1228,47.9648],[-2.1228,47.9635]]}},{"type":"Feature","properties":{"name":"L\u0027Aff"},"geometry":{"type":"LineString","coordinates":[[-2.1320,47.9709],[-2.1297,47.9693]]}},{"type":"Feature","properties":{"name":"L\u0027Aff"},"geometry":{"type":"LineString","coordinates":[[-2.1061,47.8998],[-2.1045,47.8982]]}},{"type":"Feature","properties":{"name":"L\u0027Aff"},"geometry":{"type":"LineString","coordinates":[[-2.0933,47.9025],[-2.1000,47.9003],[-2.1054,47.9025],[-2.1061,47.8998]]}},{"type":"Feature","properties":{"name":"L\u0027Aff"},"geometry":{"type":"LineString","coordinates":[[-2.1132,47.8830],[-2.1144,47.8830],[-2.1163,47.8805],[-2.1147,47.8776],[-2.1115,47.8747],[-2.1072,47.8728],[-2.1073,47.8706],[-2.1052,47.8684],[-2.1042,47.8692],[-2.1020,47.8683],[-2.0975,47.8648],[-2.0974,47.8632],[-2.0957,47.8617]]}},{"type":"Feature","properties":{"name":"L\u0027Aff"},"geometry":{"type":"LineString","coordinates":[[-2.1133,47.8859],[-2.1140,47.8848],[-2.1132,47.8830]]}},{"type":"Feature","properties":{"name":"L\u0027Aff"},"geometry":{"type":"LineString","coordinates":[[-2.1133,47.8859],[-2.1132,47.8830]]}},{"type":"Feature","properties":{"name":"L\u0027Aff"},"geometry":{"type":"LineString","coordinates":[[-2.1315,47.7222],[-2.1292,47.7177]]}},{"type":"Feature","properties":{"name":"L\u0027Ardenne"},"geometry":{"type":"LineString","coordinates":[[-1.3078,47.9168],[-1.3099,47.9157],[-1.3093,47.9129],[-1.3102,47.9124],[-1.3161,47.9143],[-1.3217,47.9137],[-1.3232,47.9150],[-1.3235,47.9172],[-1.3249,47.9180],[-1.3241,47.9182],[-1.3247,47.9188],[-1.3291,47.9188],[-1.3304,47.9212],[-1.3325,47.9222],[-1.3382,47.9211],[-1.3392,47.9223],[-1.3385,47.9275],[-1.3436,47.9289],[-1.3476,47.9320],[-1.3530,47.9313],[-1.3539,47.9301],[-1.3673,47.9322],[-1.3664,47.9343],[-1.3614,47.9393],[-1.3641,47.9456]]}},{"type":"Feature","properties":{"name":"L\u0027Ardenne"},"geometry":{"type":"LineString","coordinates":[[-1.2562,47.9200],[-1.2589,47.9203],[-1.2612,47.9198],[-1.2619,47.9184],[-1.2657,47.9184],[-1.2686,47.9199],[-1.2716,47.9229],[-1.2746,47.9228],[-1.2743,47.9234],[-1.2796,47.9243],[-1.2813,47.9233],[-1.2819,47.9240],[-1.2836,47.9223],[-1.2844,47.9229],[-1.2875,47.9217],[-1.2895,47.9193],[-1.2932,47.9197],[-1.2972,47.9179],[-1.2989,47.9181],[-1.3005,47.9166],[-1.3041,47.9166],[-1.3060,47.9183],[-1.3077,47.9169]]}},{"type":"Feature","properties":{"name":"L\u0027Ardenne"},"geometry":{"type":"LineString","coordinates":[[-1.3077,47.9169],[-1.3078,47.9168]]}},{"type":"Feature","properties":{"name":"La Mée"},"geometry":{"type":"LineString","coordinates":[[-1.0028,47.9041],[-1.0002,47.9035],[-0.9960,47.8990],[-0.9919,47.8992],[-0.9903,47.8982],[-0.9895,47.8966],[-0.9906,47.8939],[-0.9842,47.8879],[-0.9802,47.8860],[-0.9798,47.8850],[-0.9816,47.8827],[-0.9795,47.8816],[-0.9753,47.8817]]}},{"type":"Feature","properties":{"name":"Le Linon"},"geometry":{"type":"LineString","coordinates":[[-1.9989,48.3875],[-2.0010,48.3880],[-2.0006,48.3896]]}},{"type":"Feature","properties":{"name":"Le Linon"},"geometry":{"type":"LineString","coordinates":[[-1.9998,48.3898],[-1.9989,48.3910],[-2.0006,48.3916]]}},{"type":"Feature","properties":{"name":"Le Linon"},"geometry":{"type":"LineString","coordinates":[[-1.9987,48.3875],[-1.9989,48.3875]]}},{"type":"Feature","properties":{"name":"Le Linon"},"geometry":{"type":"LineString","coordinates":[[-2.0006,48.3896],[-1.9998,48.3898]]}},{"type":"Feature","properties":{"name":"Le Linon"},"geometry":{"type":"LineString","coordinates":[[-1.8662,48.3811],[-1.8700,48.3827],[-1.8717,48.3820],[-1.8702,48.3817],[-1.8716,48.3811],[-1.8711,48.3802],[-1.8752,48.3789],[-1.8782,48.3793],[-1.8830,48.3811],[-1.8834,48.3823],[-1.8867,48.3841],[-1.8925,48.3830],[-1.8930,48.3815],[-1.8977,48.3793],[-1.9019,48.3796],[-1.9059,48.3813],[-1.9118,48.3809],[-1.9126,48.3798],[-1.9155,48.3797],[-1.9180,48.3812],[-1.9212,48.3810],[-1.9265,48.3835],[-1.9277,48.3802],[-1.9249,48.3775],[-1.9235,48.3776],[-1.9219,48.3750],[-1.9249,48.3736],[-1.9286,48.3733],[-1.9336,48.3761],[-1.9376,48.3810],[-1.9395,48.3861],[-1.9419,48.3862],[-1.9422,48.3870],[-1.9498,48.3862],[-1.9498,48.3852],[-1.9545,48.3843],[-1.9616,48.3853],[-1.9628,48.3841],[-1.9712,48.3832],[-1.9743,48.3834],[-1.9802,48.3863],[-1.9846,48.3858],[-1.9865,48.3838],[-1.9892,48.3833],[-1.9930,48.3848],[-1.9929,48.3863],[-1.9985,48.3875]]}},{"type":"Feature","properties":{"name":"Le Linon"},"geometry":{"type":"LineString","coordinates":[[-1.9985,48.3875],[-1.9987,48.3875]]}},{"type":"Feature","properties":{"name":"Le Linon"},"geometry":{"type":"LineString","coordinates":[[-1.8617,48.3780],[-1.8662,48.3811]]}},{"type":"Feature","properties":{"name":"Le Linon"},"geometry":{"type":"LineString","coordinates":[[-1.8592,48.3782],[-1.8601,48.3771],[-1.8617,48.3780]]}},{"type":"Feature","properties":{"name":"Le Linon"},"geometry":{"type":"LineString","coordinates":[[-1.8544,48.3808],[-1.8561,48.3792],[-1.8592,48.3782]]}},{"type":"Feature","properties":{"name":"L\u0027Argonce"},"geometry":{"type":"LineString","coordinates":[[-1.0432,48.6020],[-1.0440,48.5997],[-1.0480,48.5985],[-1.0517,48.5956],[-1.0572,48.5941],[-1.0593,48.5921],[-1.0576,48.5913],[-1.0574,48.5894],[-1.0566,48.5889],[-1.0568,48.5865],[-1.0501,48.5856],[-1.0484,48.5841],[-1.0490,48.5823],[-1.0507,48.5824]]}},{"type":"Feature","properties":{"name":"L\u0027Argonce"},"geometry":{"type":"LineString","coordinates":[[-1.0457,48.6137],[-1.0464,48.6122],[-1.0426,48.6070]]}},{"type":"Feature","properties":{"name":"L\u0027Argonce"},"geometry":{"type":"LineString","coordinates":[[-1.0510,48.6352],[-1.0496,48.6335],[-1.0504,48.6316],[-1.0490,48.6302],[-1.0447,48.6290]]}},{"type":"Feature","properties":{"name":"L\u0027Argonce"},"geometry":{"type":"LineString","coordinates":[[-1.0583,48.6423],[-1.0537,48.6371]]}},{"type":"Feature","properties":{"name":"L\u0027Argonce"},"geometry":{"type":"LineString","coordinates":[[-1.0447,48.6290],[-1.0457,48.6259],[-1.0410,48.6232]]}},{"type":"Feature","properties":{"name":"L\u0027Argonce"},"geometry":{"type":"LineString","coordinates":[[-1.0410,48.6232],[-1.0417,48.6213],[-1.0449,48.6198],[-1.0444,48.6175],[-1.0457,48.6137]]}},{"type":"Feature","properties":{"name":"L\u0027Argonce"},"geometry":{"type":"LineString","coordinates":[[-1.0537,48.6371],[-1.0517,48.6367],[-1.0519,48.6355]]}},{"type":"Feature","properties":{"name":"L\u0027Argonce"},"geometry":{"type":"LineString","coordinates":[[-1.0438,48.6627],[-1.0479,48.6609],[-1.0490,48.6595]]}},{"type":"Feature","properties":{"name":"L\u0027Argonce"},"geometry":{"type":"LineString","coordinates":[[-1.0490,48.6595],[-1.0492,48.6593]]}},{"type":"Feature","properties":{"name":"L\u0027Argonce"},"geometry":{"type":"LineString","coordinates":[[-1.0429,48.6630],[-1.0430,48.6630]]}},{"type":"Feature","properties":{"name":"L\u0027Argonce"},"geometry":{"type":"LineString","coordinates":[[-1.0323,48.6693],[-1.0372,48.6646],[-1.0429,48.6630]]}},{"type":"Feature","properties":{"name":"L\u0027Argonce"},"geometry":{"type":"LineString","coordinates":[[-1.0519,48.6355],[-1.0510,48.6352]]}},{"type":"Feature","properties":{"name":"L\u0027Argonce"},"geometry":{"type":"LineString","coordinates":[[-1.0492,48.6593],[-1.0496,48.6580],[-1.0550,48.6561],[-1.0570,48.6533],[-1.0587,48.6530],[-1.0574,48.6516],[-1.0585,48.6506],[-1.0590,48.6472]]}},{"type":"Feature","properties":{"name":"L\u0027Argonce"},"geometry":{"type":"LineString","coordinates":[[-1.0435,48.6629],[-1.0438,48.6627]]}},{"type":"Feature","properties":{"name":"L\u0027Argonce"},"geometry":{"type":"LineString","coordinates":[[-1.0430,48.6630],[-1.0435,48.6629]]}},{"type":"Feature","properties":{"name":"L\u0027Argonce"},"geometry":{"type":"LineString","coordinates":[[-1.0426,48.6068],[-1.0437,48.6056],[-1.0431,48.6021]]}},{"type":"Feature","properties":{"name":"L\u0027Argonce"},"geometry":{"type":"LineString","coordinates":[[-1.0426,48.6070],[-1.0426,48.6068]]}},{"type":"Feature","properties":{"name":"L\u0027Argonce"},"geometry":{"type":"LineString","coordinates":[[-1.0590,48.6472],[-1.0596,48.6465],[-1.0583,48.6442],[-1.0584,48.6424]]}},{"type":"Feature","properties":{"name":"L\u0027Argonce"},"geometry":{"type":"LineString","coordinates":[[-1.0584,48.6424],[-1.0583,48.6423]]}},{"type":"Feature","properties":{"name":"L\u0027Argonce"},"geometry":{"type":"LineString","coordinates":[[-1.0431,48.6021],[-1.0432,48.6020]]}},{"type":"Feature","properties":{"name":"La Sélune"},"geometry":{"type":"LineString","coordinates":[[-1.2990,48.5956],[-1.2998,48.5969],[-1.2978,48.5973],[-1.2980,48.5984],[-1.3083,48.6038],[-1.3094,48.6052],[-1.3093,48.6090],[-1.3103,48.6104],[-1.3076,48.6138],[-1.3025,48.6139],[-1.3013,48.6161],[-1.2959,48.6192],[-1.2952,48.6219],[-1.2973,48.6244],[-1.2938,48.6262],[-1.2950,48.6291],[-1.2942,48.6305]]}},{"type":"Feature","properties":{"name":"La Sélune"},"geometry":{"type":"LineString","coordinates":[[-1.2942,48.6305],[-1.2997,48.6300],[-1.3014,48.6311],[-1.3003,48.6326],[-1.3044,48.6337],[-1.3078,48.6330],[-1.3072,48.6341],[-1.3110,48.6342],[-1.3136,48.6362],[-1.3155,48.6361],[-1.3163,48.6384],[-1.3208,48.6378],[-1.3236,48.6400],[-1.3245,48.6397],[-1.3250,48.6364],[-1.3288,48.6343],[-1.3312,48.6365],[-1.3315,48.6379],[-1.3351,48.6375],[-1.3347,48.6355],[-1.3368,48.6349],[-1.3380,48.6356],[-1.3390,48.6388],[-1.3444,48.6402],[-1.3485,48.6375],[-1.3454,48.6373],[-1.3441,48.6356],[-1.3469,48.6319]]}},{"type":"Feature","properties":{"name":"La Sélune"},"geometry":{"type":"LineString","coordinates":[[-1.1163,48.5661],[-1.1165,48.5621],[-1.1216,48.5598],[-1.1277,48.5598],[-1.1375,48.5631],[-1.1415,48.5604]]}},{"type":"Feature","properties":{"name":"La Sélune"},"geometry":{"type":"LineString","coordinates":[[-1.0022,48.5924],[-1.0019,48.5901]]}},{"type":"Feature","properties":{"name":"La Sélune"},"geometry":{"type":"LineString","coordinates":[[-1.1415,48.5604],[-1.1444,48.5615],[-1.1457,48.5636],[-1.1459,48.5675],[-1.1480,48.5692],[-1.1522,48.5687],[-1.1542,48.5632],[-1.1587,48.5613],[-1.1696,48.5677],[-1.1714,48.5704],[-1.1781,48.5689],[-1.1787,48.5705],[-1.1760,48.5758],[-1.1790,48.5752],[-1.1848,48.5718],[-1.1863,48.5729]]}},{"type":"Feature","properties":{"name":"La Sélune"},"geometry":{"type":"LineString","coordinates":[[-1.1124,48.5817],[-1.1168,48.5801],[-1.1191,48.5766],[-1.1151,48.5726],[-1.1183,48.5703],[-1.1160,48.5679],[-1.1163,48.5661]]}},{"type":"Feature","properties":{"name":"La Sélune"},"geometry":{"type":"LineString","coordinates":[[-1.0507,48.5824],[-1.0529,48.5834],[-1.0569,48.5825]]}},{"type":"Feature","properties":{"name":"La Sélune"},"geometry":{"type":"LineString","coordinates":[[-0.9955,48.5949],[-0.9996,48.5940],[-1.0022,48.5924]]}},{"type":"Feature","properties":{"name":"La Sélune"},"geometry":{"type":"LineString","coordinates":[[-1.0019,48.5901],[-1.0035,48.5884],[-1.0077,48.5881],[-1.0096,48.5888],[-1.0099,48.5909],[-1.0136,48.5910],[-1.0183,48.5895],[-1.0206,48.5906],[-1.0226,48.5885],[-1.0215,48.5848],[-1.0237,48.5830],[-1.0286,48.5834],[-1.0351,48.5854],[-1.0364,48.5847],[-1.0365,48.5828],[-1.0391,48.5832],[-1.0423,48.5811],[-1.0507,48.5824]]}},{"type":"Feature","properties":{"name":"La Sélune"},"geometry":{"type":"LineString","coordinates":[[-1.0569,48.5825],[-1.0587,48.5815],[-1.0599,48.5819],[-1.0629,48.5790],[-1.0678,48.5805],[-1.0674,48.5814],[-1.0690,48.5815],[-1.0704,48.5836],[-1.0691,48.5842],[-1.0715,48.5854],[-1.0756,48.5835],[-1.0764,48.5822],[-1.0787,48.5829],[-1.0793,48.5813],[-1.0827,48.5812],[-1.0832,48.5805],[-1.0845,48.5817],[-1.0893,48.5804],[-1.0906,48.5814],[-1.0956,48.5822],[-1.0989,48.5843],[-1.1020,48.5837],[-1.1026,48.5825],[-1.1066,48.5835],[-1.1124,48.5817]]}},{"type":"Feature","properties":{"name":"La Sélune"},"geometry":{"type":"LineString","coordinates":[[-1.1863,48.5729],[-1.1879,48.5745],[-1.1904,48.5726],[-1.1924,48.5726],[-1.1949,48.5766],[-1.2025,48.5721],[-1.2071,48.5708],[-1.2089,48.5724],[-1.2104,48.5773],[-1.2211,48.5764],[-1.2207,48.5721]]}},{"type":"Feature","properties":{"name":"La Sélune"},"geometry":{"type":"LineString","coordinates":[[-1.2590,48.6063],[-1.2598,48.6059]]}},{"type":"Feature","properties":{"name":"La Sélune"},"geometry":{"type":"LineString","coordinates":[[-1.2730,48.5969],[-1.2835,48.5979],[-1.2843,48.5987],[-1.2837,48.6008],[-1.2878,48.6029],[-1.2903,48.5984],[-1.2931,48.5959],[-1.2990,48.5956]]}},{"type":"Feature","properties":{"name":"La Sélune"},"geometry":{"type":"LineString","coordinates":[[-1.2207,48.5721],[-1.2230,48.5712]]}},{"type":"Feature","properties":{"name":"La Sélune"},"geometry":{"type":"LineString","coordinates":[[-1.2230,48.5712],[-1.2266,48.5744],[-1.2330,48.5770],[-1.2337,48.5787]]}},{"type":"Feature","properties":{"name":"La Sélune"},"geometry":{"type":"LineString","coordinates":[[-1.3533,48.6324],[-1.3572,48.6346],[-1.3622,48.6345],[-1.3637,48.6352],[-1.3618,48.6380],[-1.3617,48.6398],[-1.3639,48.6419],[-1.3642,48.6433],[-1.3631,48.6447],[-1.3651,48.6463],[-1.3756,48.6458],[-1.3788,48.6483],[-1.3831,48.6499],[-1.3891,48.6506],[-1.3965,48.6494],[-1.3987,48.6481],[-1.3993,48.6460],[-1.4025,48.6442],[-1.4199,48.6410],[-1.4246,48.6441],[-1.4284,48.6443],[-1.4322,48.6488],[-1.4356,48.6500],[-1.4451,48.6497],[-1.4458,48.6504],[-1.4445,48.6518],[-1.4470,48.6537]]}},{"type":"Feature","properties":{"name":"La Sélune"},"geometry":{"type":"LineString","coordinates":[[-1.2337,48.5787],[-1.2335,48.5792]]}},{"type":"Feature","properties":{"name":"La Sélune"},"geometry":{"type":"LineString","coordinates":[[-1.2335,48.5792],[-1.2333,48.5817],[-1.2346,48.5833],[-1.2420,48.5849],[-1.2428,48.5865],[-1.2422,48.5894],[-1.2468,48.5919],[-1.2481,48.5973],[-1.2525,48.6005],[-1.2545,48.6048],[-1.2588,48.6064]]}},{"type":"Feature","properties":{"name":"La Sélune"},"geometry":{"type":"LineString","coordinates":[[-1.2588,48.6064],[-1.2590,48.6063]]}},{"type":"Feature","properties":{"name":"La Sélune"},"geometry":{"type":"LineString","coordinates":[[-1.2598,48.6059],[-1.2677,48.6012],[-1.2668,48.5979],[-1.2730,48.5969]]}},{"type":"Feature","properties":{"name":"La Vilaine"},"geometry":{"type":"LineString","coordinates":[[-1.7520,48.0901],[-1.7525,48.0874],[-1.7507,48.0839],[-1.7530,48.0792],[-1.7529,48.0772],[-1.7595,48.0715],[-1.7580,48.0681],[-1.7603,48.0661]]}},{"type":"Feature","properties":{"name":"La Vilaine"},"geometry":{"type":"LineString","coordinates":[[-1.6002,48.1172],[-1.6088,48.1148],[-1.6094,48.1133]]}},{"type":"Feature","properties":{"name":"La Vilaine"},"geometry":{"type":"LineString","coordinates":[[-1.5889,48.1267],[-1.5858,48.1274],[-1.5853,48.1260],[-1.5891,48.1238],[-1.5905,48.1194],[-1.5964,48.1164],[-1.6002,48.1172]]}},{"type":"Feature","properties":{"name":"La Vilaine"},"geometry":{"type":"LineString","coordinates":[[-1.6841,48.1100],[-1.6847,48.1100]]}},{"type":"Feature","properties":{"name":"La Vilaine"},"geometry":{"type":"LineString","coordinates":[[-1.6094,48.1133],[-1.6197,48.1102],[-1.6386,48.1123],[-1.6460,48.1113]]}},{"type":"Feature","properties":{"name":"La Vilaine"},"geometry":{"type":"LineString","coordinates":[[-1.6523,48.1097],[-1.6531,48.1074],[-1.6596,48.1063],[-1.6639,48.1073]]}},{"type":"Feature","properties":{"name":"La Vilaine"},"geometry":{"type":"LineString","coordinates":[[-1.5823,48.1384],[-1.5847,48.1379],[-1.5868,48.1360],[-1.5866,48.1335],[-1.5891,48.1277]]}},{"type":"Feature","properties":{"name":"La Vilaine"},"geometry":{"type":"LineString","coordinates":[[-1.7611,48.0661],[-1.7646,48.0670],[-1.7667,48.0648],[-1.7668,48.0625]]}},{"type":"Feature","properties":{"name":"La Vilaine"},"geometry":{"type":"LineString","coordinates":[[-1.7813,48.0033],[-1.7803,48.0024],[-1.7766,48.0026]]}},{"type":"Feature","properties":{"name":"La Vilaine"},"geometry":{"type":"LineString","coordinates":[[-1.4007,48.1091],[-1.4020,48.1080],[-1.4099,48.1069],[-1.4114,48.1074],[-1.4114,48.1062],[-1.4148,48.1052],[-1.4187,48.1053],[-1.4237,48.1062],[-1.4242,48.1082],[-1.4258,48.1086],[-1.4258,48.1095],[-1.4308,48.1117]]}},{"type":"Feature","properties":{"name":"La Vilaine"},"geometry":{"type":"LineString","coordinates":[[-1.5516,48.1205],[-1.5550,48.1187],[-1.5572,48.1201],[-1.5560,48.1227],[-1.5568,48.1236],[-1.5622,48.1228],[-1.5679,48.1250]]}},{"type":"Feature","properties":{"name":"La Vilaine"},"geometry":{"type":"LineString","coordinates":[[-1.4841,48.1141],[-1.4844,48.1149],[-1.4870,48.1143],[-1.4872,48.1158],[-1.4892,48.1171],[-1.4879,48.1188],[-1.4904,48.1207],[-1.4943,48.1221],[-1.4961,48.1218]]}},{"type":"Feature","properties":{"name":"La Vilaine"},"geometry":{"type":"LineString","coordinates":[[-1.5144,48.1198],[-1.5180,48.1206],[-1.5185,48.1217],[-1.5174,48.1225],[-1.5191,48.1230],[-1.5189,48.1238],[-1.5203,48.1245],[-1.5195,48.1262],[-1.5221,48.1282],[-1.5216,48.1291],[-1.5255,48.1319],[-1.5266,48.1306],[-1.5293,48.1302],[-1.5334,48.1314],[-1.5381,48.1303],[-1.5423,48.1274],[-1.5419,48.1263],[-1.5436,48.1237],[-1.5468,48.1213],[-1.5516,48.1205]]}},{"type":"Feature","properties":{"name":"La Vilaine"},"geometry":{"type":"LineString","coordinates":[[-1.4961,48.1218],[-1.4961,48.1208],[-1.5023,48.1187],[-1.5094,48.1204],[-1.5144,48.1198]]}},{"type":"Feature","properties":{"name":"La Vilaine"},"geometry":{"type":"LineString","coordinates":[[-1.1459,48.1431],[-1.1513,48.1419],[-1.1551,48.1434]]}},{"type":"Feature","properties":{"name":"La Vilaine"},"geometry":{"type":"LineString","coordinates":[[-1.3283,48.1088],[-1.3296,48.1087]]}},{"type":"Feature","properties":{"name":"La Vilaine"},"geometry":{"type":"LineString","coordinates":[[-2.0853,47.6068],[-2.0863,47.6030],[-2.0966,47.5988]]}},{"type":"Feature","properties":{"name":"La Vilaine"},"geometry":{"type":"LineString","coordinates":[[-1.7573,47.9225],[-1.7656,47.9223],[-1.7699,47.9203],[-1.7698,47.9169],[-1.7654,47.9118]]}},{"type":"Feature","properties":{"name":"La Vilaine"},"geometry":{"type":"LineString","coordinates":[[-1.7767,47.8637],[-1.7759,47.8575],[-1.7782,47.8523],[-1.7821,47.8489],[-1.7819,47.8474]]}},{"type":"Feature","properties":{"name":"La Vilaine"},"geometry":{"type":"LineString","coordinates":[[-1.2992,48.1154],[-1.3016,48.1143],[-1.3047,48.1145],[-1.3082,48.1162],[-1.3119,48.1161],[-1.3151,48.1179],[-1.3207,48.1149],[-1.3224,48.1150],[-1.3235,48.1139],[-1.3232,48.1111],[-1.3242,48.1095]]}},{"type":"Feature","properties":{"name":"La Vilaine"},"geometry":{"type":"LineString","coordinates":[[-1.8179,47.7622],[-1.8279,47.7487],[-1.8349,47.7459],[-1.8418,47.7412],[-1.8444,47.7363],[-1.8429,47.7332],[-1.8369,47.7317],[-1.8386,47.7282],[-1.8370,47.7257],[-1.8378,47.7233],[-1.8349,47.7211],[-1.8344,47.7196],[-1.8369,47.7155],[-1.8362,47.7110],[-1.8379,47.7067]]}},{"type":"Feature","properties":{"name":"La Vilaine"},"geometry":{"type":"LineString","coordinates":[[-1.8468,47.7683],[-1.8471,47.7649],[-1.8430,47.7637]]}},{"type":"Feature","properties":{"name":"La Vilaine"},"geometry":{"type":"LineString","coordinates":[[-1.1333,48.1447],[-1.1384,48.1441],[-1.1419,48.1450],[-1.1453,48.1433]]}},{"type":"Feature","properties":{"name":"La Vilaine"},"geometry":{"type":"LineString","coordinates":[[-1.7572,47.8993],[-1.7590,47.8963],[-1.7629,47.8945],[-1.7856,47.8907],[-1.7865,47.8896],[-1.7859,47.8858]]}},{"type":"Feature","properties":{"name":"La Vilaine"},"geometry":{"type":"LineString","coordinates":[[-1.7819,47.8474],[-1.7825,47.8406],[-1.7859,47.8368],[-1.7910,47.8351],[-1.7952,47.8374],[-1.8000,47.8363]]}},{"type":"Feature","properties":{"name":"La Vilaine"},"geometry":{"type":"LineString","coordinates":[[-1.8000,47.8363],[-1.8136,47.8338],[-1.8150,47.8311],[-1.8152,47.8279],[-1.8169,47.8257],[-1.8209,47.8222],[-1.8283,47.8192],[-1.8296,47.8165],[-1.8358,47.8142],[-1.8405,47.8152],[-1.8430,47.8142],[-1.8458,47.8115],[-1.8468,47.8090],[-1.8457,47.8041],[-1.8430,47.7997]]}},{"type":"Feature","properties":{"name":"La Vilaine"},"geometry":{"type":"LineString","coordinates":[[-1.8533,47.7081],[-1.8577,47.7084],[-1.8642,47.7070],[-1.8656,47.7056],[-1.8662,47.7022],[-1.8719,47.6997],[-1.8779,47.6953],[-1.8965,47.6960],[-1.9114,47.6918],[-1.9175,47.6914],[-1.9368,47.6866],[-1.9419,47.6838],[-1.9535,47.6724],[-1.9568,47.6712]]}},{"type":"Feature","properties":{"name":"La Vilaine"},"geometry":{"type":"LineString","coordinates":[[-1.9568,47.6712],[-1.9653,47.6713],[-1.9696,47.6737]]}},{"type":"Feature","properties":{"name":"La Vilaine"},"geometry":{"type":"LineString","coordinates":[[-1.0785,48.1799],[-1.0787,48.1781]]}},{"type":"Feature","properties":{"name":"La Vilaine"},"geometry":{"type":"LineString","coordinates":[[-1.0743,48.1593],[-1.0737,48.1551],[-1.0748,48.1553],[-1.0834,48.1518],[-1.0838,48.1487],[-1.0864,48.1483],[-1.0934,48.1500],[-1.0973,48.1482],[-1.0982,48.1448],[-1.0996,48.1439],[-1.1026,48.1442],[-1.1047,48.1451],[-1.1041,48.1460],[-1.1058,48.1464],[-1.1093,48.1448],[-1.1116,48.1457],[-1.1115,48.1466],[-1.1135,48.1482],[-1.1190,48.1475],[-1.1218,48.1490],[-1.1270,48.1460]]}},{"type":"Feature","properties":{"name":"La Vilaine"},"geometry":{"type":"LineString","coordinates":[[-1.4715,48.1159],[-1.4745,48.1171],[-1.4768,48.1157],[-1.4775,48.1139],[-1.4792,48.1143]]}},{"type":"Feature","properties":{"name":"La Vilaine"},"geometry":{"type":"LineString","coordinates":[[-2.0908,47.6421],[-2.0916,47.6386],[-2.0966,47.6314]]}},{"type":"Feature","properties":{"name":"La Vilaine"},"geometry":{"type":"LineString","coordinates":[[-1.5775,48.1383],[-1.5794,48.1376],[-1.5823,48.1384]]}},{"type":"Feature","properties":{"name":"La Vilaine"},"geometry":{"type":"LineString","coordinates":[[-1.4792,48.1143],[-1.4787,48.1128],[-1.4807,48.1112],[-1.4837,48.1122],[-1.4841,48.1141]]}},{"type":"Feature","properties":{"name":"La Vilaine"},"geometry":{"type":"LineString","coordinates":[[-1.6777,48.1100],[-1.6803,48.1100]]}},{"type":"Feature","properties":{"name":"La Vilaine"},"geometry":{"type":"LineString","coordinates":[[-1.7813,48.0033],[-1.7629,48.0020],[-1.7620,48.0005],[-1.7649,47.9988],[-1.7644,47.9982],[-1.7521,47.9966],[-1.7515,47.9949],[-1.7543,47.9930],[-1.7583,47.9876],[-1.7534,47.9797]]}},{"type":"Feature","properties":{"name":"La Vilaine"},"geometry":{"type":"LineString","coordinates":[[-1.7603,48.0661],[-1.7661,48.0634],[-1.7675,48.0582],[-1.7701,48.0577],[-1.7715,48.0562],[-1.7714,48.0534],[-1.7689,48.0508],[-1.7669,48.0503],[-1.7664,48.0476],[-1.7672,48.0450],[-1.7692,48.0441],[-1.7725,48.0449],[-1.7764,48.0416],[-1.7763,48.0387],[-1.7750,48.0367],[-1.7755,48.0356],[-1.7737,48.0342],[-1.7733,48.0320],[-1.7746,48.0309],[-1.7772,48.0311],[-1.7779,48.0299],[-1.7743,48.0284],[-1.7735,48.0249],[-1.7755,48.0213],[-1.7823,48.0157],[-1.7822,48.0131],[-1.7854,48.0062],[-1.7843,48.0033],[-1.7813,48.0033]]}},{"type":"Feature","properties":{"name":"La Vilaine"},"geometry":{"type":"LineString","coordinates":[[-2.0966,47.6314],[-2.0905,47.6280],[-2.0857,47.6228],[-2.0840,47.6175],[-2.0844,47.6129]]}},{"type":"Feature","properties":{"name":"La Vilaine"},"geometry":{"type":"LineString","coordinates":[[-1.3684,48.1141],[-1.3694,48.1131],[-1.3696,48.1088],[-1.3794,48.1021],[-1.3850,48.1013],[-1.3933,48.1020]]}},{"type":"Feature","properties":{"name":"La Vilaine"},"geometry":{"type":"LineString","coordinates":[[-1.5328,48.1313],[-1.5350,48.1309]]}},{"type":"Feature","properties":{"name":"La Vilaine"},"geometry":{"type":"LineString","coordinates":[[-1.5324,48.1312],[-1.5331,48.1310]]}},{"type":"Feature","properties":{"name":"La Vilaine"},"geometry":{"type":"LineString","coordinates":[[-1.7818,48.0034],[-1.7805,48.0039],[-1.7784,48.0031]]}},{"type":"Feature","properties":{"name":"La Vilaine"},"geometry":{"type":"LineString","coordinates":[[-1.6676,48.1076],[-1.6716,48.1086]]}},{"type":"Feature","properties":{"name":"La Vilaine"},"geometry":{"type":"LineString","coordinates":[[-1.6803,48.1100],[-1.6841,48.1100]]}},{"type":"Feature","properties":{"name":"La Vilaine"},"geometry":{"type":"LineString","coordinates":[[-1.2164,48.1261],[-1.2168,48.1255]]}},{"type":"Feature","properties":{"name":"La Vilaine"},"geometry":{"type":"LineString","coordinates":[[-1.2168,48.1255],[-1.2223,48.1237],[-1.2234,48.1214],[-1.2277,48.1189],[-1.2327,48.1178],[-1.2335,48.1150],[-1.2433,48.1150],[-1.2448,48.1134],[-1.2472,48.1141],[-1.2512,48.1130],[-1.2529,48.1077],[-1.2556,48.1060],[-1.2559,48.1044],[-1.2622,48.1037],[-1.2618,48.1017],[-1.2635,48.1005]]}},{"type":"Feature","properties":{"name":"La Vilaine"},"geometry":{"type":"LineString","coordinates":[[-1.2808,48.1083],[-1.2838,48.1103],[-1.2855,48.1094]]}},{"type":"Feature","properties":{"name":"La Vilaine"},"geometry":{"type":"LineString","coordinates":[[-1.6639,48.1073],[-1.6651,48.1087],[-1.6684,48.1091]]}},{"type":"Feature","properties":{"name":"La Vilaine"},"geometry":{"type":"LineString","coordinates":[[-1.6684,48.1091],[-1.6714,48.1100],[-1.6777,48.1100]]}},{"type":"Feature","properties":{"name":"La Vilaine"},"geometry":{"type":"LineString","coordinates":[[-1.5589,48.1235],[-1.5620,48.1232]]}},{"type":"Feature","properties":{"name":"La Vilaine"},"geometry":{"type":"LineString","coordinates":[[-1.5891,48.1277],[-1.5889,48.1267]]}},{"type":"Feature","properties":{"name":"La Vilaine"},"geometry":{"type":"LineString","coordinates":[[-1.5794,48.1376],[-1.5802,48.1358],[-1.5819,48.1362],[-1.5867,48.1332]]}},{"type":"Feature","properties":{"name":"La Vilaine"},"geometry":{"type":"LineString","coordinates":[[-1.5679,48.1250],[-1.5702,48.1269],[-1.5703,48.1302],[-1.5714,48.1321],[-1.5697,48.1341],[-1.5709,48.1367],[-1.5753,48.1393],[-1.5775,48.1383]]}},{"type":"Feature","properties":{"name":"La Vilaine"},"geometry":{"type":"LineString","coordinates":[[-1.5175,48.1204],[-1.5182,48.1209]]}},{"type":"Feature","properties":{"name":"La Vilaine"},"geometry":{"type":"LineString","coordinates":[[-1.5264,48.1316],[-1.5276,48.1306]]}},{"type":"Feature","properties":{"name":"La Vilaine"},"geometry":{"type":"LineString","coordinates":[[-1.5617,48.1228],[-1.5630,48.1232]]}},{"type":"Feature","properties":{"name":"La Vilaine"},"geometry":{"type":"LineString","coordinates":[[-1.7464,48.0965],[-1.7467,48.0951],[-1.7490,48.0935]]}},{"type":"Feature","properties":{"name":"La Vilaine"},"geometry":{"type":"LineString","coordinates":[[-1.7515,48.0918],[-1.7520,48.0901]]}},{"type":"Feature","properties":{"name":"La Vilaine"},"geometry":{"type":"LineString","coordinates":[[-1.7490,48.0935],[-1.7515,48.0918]]}},{"type":"Feature","properties":{"name":"La Vilaine"},"geometry":{"type":"LineString","coordinates":[[-1.7447,48.0979],[-1.7490,48.0935]]}},{"type":"Feature","properties":{"name":"La Vilaine"},"geometry":{"type":"LineString","coordinates":[[-1.7503,47.9269],[-1.7471,47.9256]]}},{"type":"Feature","properties":{"name":"La Vilaine"},"geometry":{"type":"LineString","coordinates":[[-1.7534,47.9797],[-1.7501,47.9761],[-1.7483,47.9697],[-1.7443,47.9647],[-1.7471,47.9605],[-1.7466,47.9552],[-1.7494,47.9509],[-1.7510,47.9463],[-1.7513,47.9443],[-1.7498,47.9407],[-1.7535,47.9359],[-1.7610,47.9315],[-1.7619,47.9292],[-1.7605,47.9276],[-1.7544,47.9254],[-1.7503,47.9269]]}},{"type":"Feature","properties":{"name":"La Vilaine"},"geometry":{"type":"LineString","coordinates":[[-1.7503,47.9269],[-1.7481,47.9270],[-1.7471,47.9256]]}},{"type":"Feature","properties":{"name":"La Vilaine"},"geometry":{"type":"LineString","coordinates":[[-1.7772,47.8673],[-1.7765,47.8655]]}},{"type":"Feature","properties":{"name":"La Vilaine"},"geometry":{"type":"LineString","coordinates":[[-1.1551,48.1434],[-1.1574,48.1438],[-1.1597,48.1412],[-1.1641,48.1402],[-1.1658,48.1378],[-1.1748,48.1374]]}},{"type":"Feature","properties":{"name":"La Vilaine"},"geometry":{"type":"LineString","coordinates":[[-1.7059,48.1065],[-1.7141,48.1064]]}},{"type":"Feature","properties":{"name":"La Vilaine"},"geometry":{"type":"LineString","coordinates":[[-2.0844,47.6129],[-2.0836,47.6116],[-2.0853,47.6068]]}},{"type":"Feature","properties":{"name":"La Vilaine"},"geometry":{"type":"LineString","coordinates":[[-1.0752,48.1709],[-1.0755,48.1699],[-1.0787,48.1684],[-1.0774,48.1670],[-1.0728,48.1664],[-1.0739,48.1641],[-1.0727,48.1615],[-1.0743,48.1593]]}},{"type":"Feature","properties":{"name":"La Vilaine"},"geometry":{"type":"LineString","coordinates":[[-1.0787,48.1781],[-1.0803,48.1776]]}},{"type":"Feature","properties":{"name":"La Vilaine"},"geometry":{"type":"LineString","coordinates":[[-1.0803,48.1776],[-1.0801,48.1766]]}},{"type":"Feature","properties":{"name":"La Vilaine"},"geometry":{"type":"LineString","coordinates":[[-1.9696,47.6737],[-1.9797,47.6807],[-1.9893,47.6803]]}},{"type":"Feature","properties":{"name":"La Vilaine"},"geometry":{"type":"LineString","coordinates":[[-1.4308,48.1117],[-1.4358,48.1114],[-1.4401,48.1088],[-1.4396,48.1079]]}},{"type":"Feature","properties":{"name":"La Vilaine"},"geometry":{"type":"LineString","coordinates":[[-1.3933,48.1020],[-1.3964,48.1070],[-1.3995,48.1095],[-1.4007,48.1091]]}},{"type":"Feature","properties":{"name":"La Vilaine"},"geometry":{"type":"LineString","coordinates":[[-1.8379,47.7067],[-1.8408,47.7055],[-1.8533,47.7081]]}},{"type":"Feature","properties":{"name":"La Vilaine"},"geometry":{"type":"LineString","coordinates":[[-1.3296,48.1087],[-1.3339,48.1087],[-1.3404,48.1053]]}},{"type":"Feature","properties":{"name":"La Vilaine"},"geometry":{"type":"LineString","coordinates":[[-1.9893,47.6803],[-2.0030,47.6734],[-2.0074,47.6728]]}},{"type":"Feature","properties":{"name":"La Vilaine"},"geometry":{"type":"LineString","coordinates":[[-1.0801,48.1766],[-1.0801,48.1749],[-1.0785,48.1737],[-1.0750,48.1734],[-1.0752,48.1709]]}},{"type":"Feature","properties":{"name":"La Vilaine"},"geometry":{"type":"LineString","coordinates":[[-1.4396,48.1079],[-1.4468,48.1064],[-1.4502,48.1076],[-1.4516,48.1092],[-1.4529,48.1089],[-1.4536,48.1116],[-1.4529,48.1130],[-1.4561,48.1171],[-1.4615,48.1153],[-1.4675,48.1172],[-1.4715,48.1159]]}},{"type":"Feature","properties":{"name":"La Vilaine"},"geometry":{"type":"LineString","coordinates":[[-2.0074,47.6728],[-2.0191,47.6736],[-2.0324,47.6715],[-2.0353,47.6721],[-2.0383,47.6707],[-2.0407,47.6672],[-2.0492,47.6626],[-2.0497,47.6620],[-2.0482,47.6594],[-2.0498,47.6572],[-2.0668,47.6506],[-2.0742,47.6519],[-2.0815,47.6502],[-2.0843,47.6480],[-2.0867,47.6442],[-2.0908,47.6421]]}},{"type":"Feature","properties":{"name":"La Vilaine"},"geometry":{"type":"LineString","coordinates":[[-1.3443,48.1055],[-1.3469,48.1080],[-1.3533,48.1097],[-1.3589,48.1130],[-1.3684,48.1141]]}},{"type":"Feature","properties":{"name":"La Vilaine"},"geometry":{"type":"LineString","coordinates":[[-1.8430,47.7637],[-1.8390,47.7638],[-1.8254,47.7671],[-1.8190,47.7642],[-1.8179,47.7622]]}},{"type":"Feature","properties":{"name":"La Vilaine"},"geometry":{"type":"LineString","coordinates":[[-1.2150,48.1260],[-1.2162,48.1262]]}},{"type":"Feature","properties":{"name":"La Vilaine"},"geometry":{"type":"LineString","coordinates":[[-1.2128,48.1264],[-1.2149,48.1261]]}},{"type":"Feature","properties":{"name":"La Vilaine"},"geometry":{"type":"LineString","coordinates":[[-1.2149,48.1261],[-1.2150,48.1260]]}},{"type":"Feature","properties":{"name":"La Vilaine"},"geometry":{"type":"LineString","coordinates":[[-1.2162,48.1262],[-1.2162,48.1262]]}},{"type":"Feature","properties":{"name":"La Vilaine"},"geometry":{"type":"LineString","coordinates":[[-1.2087,48.1270],[-1.2128,48.1264]]}},{"type":"Feature","properties":{"name":"La Vilaine"},"geometry":{"type":"LineString","coordinates":[[-1.2083,48.1270],[-1.2087,48.1270]]}},{"type":"Feature","properties":{"name":"La Vilaine"},"geometry":{"type":"LineString","coordinates":[[-1.1748,48.1374],[-1.1765,48.1366],[-1.1764,48.1342],[-1.1824,48.1339],[-1.1886,48.1293],[-1.1942,48.1294],[-1.1969,48.1308],[-1.1991,48.1304],[-1.2002,48.1287],[-1.2042,48.1287],[-1.2055,48.1272],[-1.2083,48.1270]]}},{"type":"Feature","properties":{"name":"La Vilaine"},"geometry":{"type":"LineString","coordinates":[[-1.7084,48.1065],[-1.7089,48.1064]]}},{"type":"Feature","properties":{"name":"La Vilaine"},"geometry":{"type":"LineString","coordinates":[[-1.6847,48.1100],[-1.6923,48.1075],[-1.6965,48.1080],[-1.7084,48.1065]]}},{"type":"Feature","properties":{"name":"La Vilaine"},"geometry":{"type":"LineString","coordinates":[[-1.7089,48.1064],[-1.7156,48.1062],[-1.7232,48.1016],[-1.7314,48.0993],[-1.7385,48.1013],[-1.7406,48.1010],[-1.7447,48.0979]]}},{"type":"Feature","properties":{"name":"La Vilaine"},"geometry":{"type":"LineString","coordinates":[[-1.7656,47.9108],[-1.7654,47.9105]]}},{"type":"Feature","properties":{"name":"La Vilaine"},"geometry":{"type":"LineString","coordinates":[[-1.7780,48.0031],[-1.7766,48.0026]]}},{"type":"Feature","properties":{"name":"La Vilaine"},"geometry":{"type":"LineString","coordinates":[[-1.7784,48.0031],[-1.7780,48.0031]]}},{"type":"Feature","properties":{"name":"La Vilaine"},"geometry":{"type":"LineString","coordinates":[[-1.2808,48.1083],[-1.2855,48.1094]]}},{"type":"Feature","properties":{"name":"La Vilaine"},"geometry":{"type":"LineString","coordinates":[[-1.6716,48.1087],[-1.6724,48.1100]]}},{"type":"Feature","properties":{"name":"La Vilaine"},"geometry":{"type":"LineString","coordinates":[[-1.6716,48.1086],[-1.6716,48.1087]]}},{"type":"Feature","properties":{"name":"La Vilaine"},"geometry":{"type":"LineString","coordinates":[[-1.8422,47.7985],[-1.8405,47.7966]]}},{"type":"Feature","properties":{"name":"La Vilaine"},"geometry":{"type":"LineString","coordinates":[[-1.8430,47.7997],[-1.8422,47.7985]]}},{"type":"Feature","properties":{"name":"La Vilaine"},"geometry":{"type":"LineString","coordinates":[[-1.8405,47.7966],[-1.8397,47.7943],[-1.8407,47.7918],[-1.8474,47.7852],[-1.8390,47.7738],[-1.8468,47.7683]]}},{"type":"Feature","properties":{"name":"La Vilaine"},"geometry":{"type":"LineString","coordinates":[[-1.7471,47.9256],[-1.7462,47.9237],[-1.7477,47.9217],[-1.7500,47.9207],[-1.7536,47.9208],[-1.7573,47.9225]]}},{"type":"Feature","properties":{"name":"La Vilaine"},"geometry":{"type":"LineString","coordinates":[[-1.7654,47.9118],[-1.7643,47.9092]]}},{"type":"Feature","properties":{"name":"La Vilaine"},"geometry":{"type":"LineString","coordinates":[[-1.7643,47.9092],[-1.7572,47.8993]]}},{"type":"Feature","properties":{"name":"La Vilaine"},"geometry":{"type":"LineString","coordinates":[[-1.7765,47.8655],[-1.7767,47.8637]]}},{"type":"Feature","properties":{"name":"La Vilaine"},"geometry":{"type":"LineString","coordinates":[[-1.7859,47.8858],[-1.7850,47.8835],[-1.7779,47.8765],[-1.7772,47.8673]]}},{"type":"Feature","properties":{"name":"La Vilaine"},"geometry":{"type":"LineString","coordinates":[[-1.2868,48.1101],[-1.2901,48.1113],[-1.2918,48.1151],[-1.2992,48.1154]]}},{"type":"Feature","properties":{"name":"La Vilaine"},"geometry":{"type":"LineString","coordinates":[[-1.3253,48.1092],[-1.3283,48.1088]]}},{"type":"Feature","properties":{"name":"La Vilaine"},"geometry":{"type":"LineString","coordinates":[[-1.3242,48.1095],[-1.3253,48.1092]]}},{"type":"Feature","properties":{"name":"La Vilaine"},"geometry":{"type":"LineString","coordinates":[[-1.2855,48.1094],[-1.2868,48.1101]]}},{"type":"Feature","properties":{"name":"La Vilaine"},"geometry":{"type":"LineString","coordinates":[[-1.2743,48.1083],[-1.2808,48.1083]]}},{"type":"Feature","properties":{"name":"La Vilaine"},"geometry":{"type":"LineString","coordinates":[[-1.2635,48.1005],[-1.2686,48.1003],[-1.2718,48.1025],[-1.2727,48.1041],[-1.2717,48.1054],[-1.2733,48.1082],[-1.2743,48.1083]]}},{"type":"Feature","properties":{"name":"La Vilaine"},"geometry":{"type":"LineString","coordinates":[[-1.3404,48.1053],[-1.3443,48.1055]]}},{"type":"Feature","properties":{"name":"La Vilaine"},"geometry":{"type":"LineString","coordinates":[[-1.7518,47.9457],[-1.7513,47.9443]]}},{"type":"Feature","properties":{"name":"La Vilaine"},"geometry":{"type":"LineString","coordinates":[[-1.7603,48.0661],[-1.7607,48.0654]]}},{"type":"Feature","properties":{"name":"La Vilaine"},"geometry":{"type":"LineString","coordinates":[[-1.7668,48.0508],[-1.7669,48.0503]]}},{"type":"Feature","properties":{"name":"La Vilaine"},"geometry":{"type":"LineString","coordinates":[[-1.1270,48.1460],[-1.1285,48.1461],[-1.1286,48.1454]]}},{"type":"Feature","properties":{"name":"La Vilaine"},"geometry":{"type":"LineString","coordinates":[[-1.1278,48.1458],[-1.1286,48.1454]]}},{"type":"Feature","properties":{"name":"La Vilaine"},"geometry":{"type":"LineString","coordinates":[[-1.1270,48.1460],[-1.1278,48.1458]]}},{"type":"Feature","properties":{"name":"La Vilaine"},"geometry":{"type":"LineString","coordinates":[[-1.1286,48.1454],[-1.1291,48.1447]]}},{"type":"Feature","properties":{"name":"La Vilaine"},"geometry":{"type":"LineString","coordinates":[[-1.1291,48.1447],[-1.1333,48.1447]]}},{"type":"Feature","properties":{"name":"La Vilaine"},"geometry":{"type":"LineString","coordinates":[[-1.1454,48.1432],[-1.1459,48.1431]]}},{"type":"Feature","properties":{"name":"La Vilaine"},"geometry":{"type":"LineString","coordinates":[[-1.1453,48.1433],[-1.1454,48.1432]]}},{"type":"Feature","properties":{"name":"La Vilaine"},"geometry":{"type":"LineString","coordinates":[[-1.0791,48.1789],[-1.0797,48.1782]]}},{"type":"Feature","properties":{"name":"La Vilaine"},"geometry":{"type":"LineString","coordinates":[[-1.2164,48.1261],[-1.2164,48.1261]]}},{"type":"Feature","properties":{"name":"La Vilaine"},"geometry":{"type":"LineString","coordinates":[[-1.2162,48.1262],[-1.2164,48.1261]]}},{"type":"Feature","properties":{"name":"La Vilaine"},"geometry":{"type":"LineString","coordinates":[[-1.7516,47.9459],[-1.7518,47.9457]]}},{"type":"Feature","properties":{"name":"La Vilaine"},"geometry":{"type":"LineString","coordinates":[[-1.7510,47.9463],[-1.7516,47.9459]]}},{"type":"Feature","properties":{"name":"La Vilaine"},"geometry":{"type":"LineString","coordinates":[[-1.6460,48.1113],[-1.6523,48.1097]]}},{"type":"Feature","properties":{"name":"La Vilaine"},"geometry":{"type":"LineString","coordinates":[[-1.6460,48.1113],[-1.6460,48.1113]]}},{"type":"Feature","properties":{"name":"La Claie"},"geometry":{"type":"LineString","coordinates":[[-2.3331,47.7657],[-2.3304,47.7640],[-2.3317,47.7631],[-2.3314,47.7611],[-2.3265,47.7581],[-2.3200,47.7557],[-2.3162,47.7554],[-2.3166,47.7566],[-2.3152,47.7574]]}},{"type":"Feature","properties":{"name":"La Minette"},"geometry":{"type":"LineString","coordinates":[[-1.4032,48.3480],[-1.4071,48.3488],[-1.4070,48.3480],[-1.4115,48.3452],[-1.4189,48.3435],[-1.4192,48.3425],[-1.4224,48.3424],[-1.4215,48.3414],[-1.4224,48.3412],[-1.4220,48.3404],[-1.4244,48.3395],[-1.4304,48.3425],[-1.4338,48.3459],[-1.4358,48.3461],[-1.4360,48.3446],[-1.4369,48.3441],[-1.4414,48.3445],[-1.4432,48.3463],[-1.4465,48.3459],[-1.4642,48.3523],[-1.4697,48.3530],[-1.4708,48.3524],[-1.4750,48.3546],[-1.4782,48.3515],[-1.4823,48.3523]]}},{"type":"Feature","properties":{"name":"La Minette"},"geometry":{"type":"LineString","coordinates":[[-1.3872,48.3515],[-1.3908,48.3519],[-1.3903,48.3504],[-1.3947,48.3485],[-1.3942,48.3474],[-1.3993,48.3460],[-1.4006,48.3462],[-1.4011,48.3479],[-1.4032,48.3480]]}},{"type":"Feature","properties":{"name":"La Minette"},"geometry":{"type":"LineString","coordinates":[[-1.3870,48.3515],[-1.3872,48.3515]]}},{"type":"Feature","properties":{"name":"La Minette"},"geometry":{"type":"LineString","coordinates":[[-1.3725,48.3591],[-1.3733,48.3580],[-1.3727,48.3571],[-1.3751,48.3568],[-1.3772,48.3538],[-1.3822,48.3526],[-1.3836,48.3531],[-1.3870,48.3515]]}},{"type":"Feature","properties":{"name":"La Minette"},"geometry":{"type":"LineString","coordinates":[[-1.3723,48.3592],[-1.3725,48.3591]]}},{"type":"Feature","properties":{"name":"La Minette"},"geometry":{"type":"LineString","coordinates":[[-1.3107,48.3607],[-1.3115,48.3608]]}},{"type":"Feature","properties":{"name":"La Minette"},"geometry":{"type":"LineString","coordinates":[[-1.3116,48.3608],[-1.3138,48.3623],[-1.3261,48.3643],[-1.3272,48.3659],[-1.3307,48.3672],[-1.3382,48.3637],[-1.3434,48.3644],[-1.3448,48.3613],[-1.3468,48.3608],[-1.3460,48.3586],[-1.3522,48.3589],[-1.3537,48.3582],[-1.3569,48.3610],[-1.3597,48.3612],[-1.3635,48.3589],[-1.3723,48.3592]]}},{"type":"Feature","properties":{"name":"La Minette"},"geometry":{"type":"LineString","coordinates":[[-1.3115,48.3608],[-1.3116,48.3608]]}},{"type":"Feature","properties":{"name":"L\u0027Aron"},"geometry":{"type":"LineString","coordinates":[[-1.5786,47.7783],[-1.5821,47.7783],[-1.5866,47.7798],[-1.5905,47.7759],[-1.5941,47.7756]]}},{"type":"Feature","properties":{"name":"L\u0027Aron"},"geometry":{"type":"LineString","coordinates":[[-1.5614,47.7817],[-1.5642,47.7805],[-1.5654,47.7788],[-1.5691,47.7796],[-1.5756,47.7783]]}},{"type":"Feature","properties":{"name":"L\u0027Aron"},"geometry":{"type":"LineString","coordinates":[[-1.6599,47.7460],[-1.6696,47.7434],[-1.6707,47.7423],[-1.6699,47.7373],[-1.6760,47.7346],[-1.6756,47.7280],[-1.6823,47.7293],[-1.6828,47.7233],[-1.6856,47.7225],[-1.6907,47.7230],[-1.6932,47.7217],[-1.6924,47.7203],[-1.6861,47.7183],[-1.6841,47.7159],[-1.6851,47.7131]]}},{"type":"Feature","properties":{"name":"L\u0027Aron"},"geometry":{"type":"LineString","coordinates":[[-1.6943,47.7108],[-1.6944,47.7072],[-1.6958,47.7065],[-1.6955,47.7055],[-1.6981,47.7045],[-1.6966,47.7036],[-1.6928,47.7039],[-1.6908,47.7026],[-1.6928,47.6986]]}},{"type":"Feature","properties":{"name":"L\u0027Aron"},"geometry":{"type":"LineString","coordinates":[[-1.6274,47.7596],[-1.6347,47.7608]]}},{"type":"Feature","properties":{"name":"L\u0027Aron"},"geometry":{"type":"LineString","coordinates":[[-1.6477,47.7594],[-1.6491,47.7580],[-1.6534,47.7598],[-1.6566,47.7586],[-1.6583,47.7556],[-1.6582,47.7520],[-1.6599,47.7460]]}},{"type":"Feature","properties":{"name":"L\u0027Aron"},"geometry":{"type":"LineString","coordinates":[[-1.6407,47.7595],[-1.6449,47.7604]]}},{"type":"Feature","properties":{"name":"L\u0027Aron"},"geometry":{"type":"LineString","coordinates":[[-1.6449,47.7604],[-1.6477,47.7594]]}},{"type":"Feature","properties":{"name":"L\u0027Aron"},"geometry":{"type":"LineString","coordinates":[[-1.6347,47.7608],[-1.6407,47.7595]]}},{"type":"Feature","properties":{"name":"L\u0027Aron"},"geometry":{"type":"LineString","coordinates":[[-1.5941,47.7756],[-1.5955,47.7743],[-1.5943,47.7727],[-1.5986,47.7699],[-1.5936,47.7682],[-1.5946,47.7669],[-1.5978,47.7670],[-1.6058,47.7626],[-1.6125,47.7647],[-1.6179,47.7620],[-1.6198,47.7641],[-1.6212,47.7642]]}},{"type":"Feature","properties":{"name":"L\u0027Aron"},"geometry":{"type":"LineString","coordinates":[[-1.5756,47.7783],[-1.5786,47.7783]]}},{"type":"Feature","properties":{"name":"L\u0027Aron"},"geometry":{"type":"LineString","coordinates":[[-1.6851,47.7131],[-1.6889,47.7134],[-1.6935,47.7124],[-1.6943,47.7108]]}},{"type":"Feature","properties":{"name":"L\u0027Aron"},"geometry":{"type":"LineString","coordinates":[[-1.6213,47.7642],[-1.6274,47.7596]]}},{"type":"Feature","properties":{"name":"L\u0027Aron"},"geometry":{"type":"LineString","coordinates":[[-1.6212,47.7642],[-1.6213,47.7642]]}},{"type":"Feature","properties":{"name":"Le Garun"},"geometry":{"type":"LineString","coordinates":[[-1.9968,48.1748],[-1.9963,48.1739],[-1.9973,48.1735],[-1.9962,48.1719],[-1.9972,48.1717],[-1.9957,48.1699],[-1.9938,48.1703],[-1.9894,48.1670]]}},{"type":"Feature","properties":{"name":"Le Garun"},"geometry":{"type":"LineString","coordinates":[[-2.0181,48.1800],[-2.0106,48.1797],[-2.0080,48.1782],[-2.0069,48.1759],[-2.0005,48.1774],[-1.9989,48.1764]]}},{"type":"Feature","properties":{"name":"Le Garun"},"geometry":{"type":"LineString","coordinates":[[-1.9894,48.1670],[-1.9893,48.1661],[-1.9875,48.1654],[-1.9861,48.1619],[-1.9826,48.1601],[-1.9809,48.1599],[-1.9808,48.1606],[-1.9778,48.1599],[-1.9775,48.1582]]}},{"type":"Feature","properties":{"name":"Le Garun"},"geometry":{"type":"LineString","coordinates":[[-1.9775,48.1582],[-1.9777,48.1568],[-1.9801,48.1555],[-1.9810,48.1536],[-1.9776,48.1527],[-1.9730,48.1548],[-1.9715,48.1539],[-1.9722,48.1511]]}},{"type":"Feature","properties":{"name":"Le Garun"},"geometry":{"type":"LineString","coordinates":[[-1.9532,48.1364],[-1.9523,48.1363],[-1.9528,48.1354]]}},{"type":"Feature","properties":{"name":"Le Garun"},"geometry":{"type":"LineString","coordinates":[[-1.9722,48.1511],[-1.9709,48.1505],[-1.9673,48.1515],[-1.9634,48.1502],[-1.9636,48.1464],[-1.9628,48.1457],[-1.9546,48.1455],[-1.9507,48.1446],[-1.9495,48.1433]]}},{"type":"Feature","properties":{"name":"Le Garun"},"geometry":{"type":"LineString","coordinates":[[-2.0369,48.1857],[-2.0309,48.1841],[-2.0300,48.1820],[-2.0277,48.1807],[-2.0257,48.1803],[-2.0243,48.1812],[-2.0181,48.1800]]}},{"type":"Feature","properties":{"name":"Le Garun"},"geometry":{"type":"LineString","coordinates":[[-1.9495,48.1433],[-1.9550,48.1389],[-1.9533,48.1368],[-1.9535,48.1356]]}},{"type":"Feature","properties":{"name":"Le Garun"},"geometry":{"type":"LineString","coordinates":[[-1.9989,48.1764],[-1.9968,48.1748]]}},{"type":"Feature","properties":{"name":"La Rosette"},"geometry":{"type":"LineString","coordinates":[[-2.2428,48.3588],[-2.2414,48.3599],[-2.2417,48.3625],[-2.2432,48.3628],[-2.2426,48.3633],[-2.2442,48.3641],[-2.2457,48.3636],[-2.2478,48.3648]]}},{"type":"Feature","properties":{"name":"La Rosette"},"geometry":{"type":"LineString","coordinates":[[-2.2429,48.3587],[-2.2428,48.3588]]}},{"type":"Feature","properties":{"name":"La Rosette"},"geometry":{"type":"LineString","coordinates":[[-2.2463,48.3566],[-2.2429,48.3587]]}},{"type":"Feature","properties":{"name":"La Rosette"},"geometry":{"type":"LineString","coordinates":[[-2.2768,48.3720],[-2.2756,48.3736],[-2.2778,48.3748],[-2.2812,48.3751],[-2.2832,48.3742]]}},{"type":"Feature","properties":{"name":"La Rosette"},"geometry":{"type":"LineString","coordinates":[[-2.2832,48.3742],[-2.2842,48.3733],[-2.2866,48.3736]]}},{"type":"Feature","properties":{"name":"La Rosette"},"geometry":{"type":"LineString","coordinates":[[-2.2483,48.3649],[-2.2509,48.3648],[-2.2524,48.3669],[-2.2549,48.3675]]}},{"type":"Feature","properties":{"name":"La Rosette"},"geometry":{"type":"LineString","coordinates":[[-2.2478,48.3648],[-2.2483,48.3649]]}},{"type":"Feature","properties":{"name":"La Rosette"},"geometry":{"type":"LineString","coordinates":[[-2.2549,48.3675],[-2.2580,48.3680],[-2.2605,48.3692],[-2.2605,48.3703],[-2.2626,48.3708],[-2.2617,48.3711],[-2.2652,48.3724],[-2.2656,48.3731],[-2.2643,48.3739],[-2.2650,48.3755],[-2.2678,48.3749],[-2.2671,48.3741],[-2.2683,48.3735],[-2.2683,48.3718],[-2.2700,48.3697],[-2.2724,48.3708],[-2.2749,48.3699],[-2.2768,48.3720]]}},{"type":"Feature","properties":{"name":"La Rosette"},"geometry":{"type":"LineString","coordinates":[[-2.2607,48.3450],[-2.2579,48.3457]]}},{"type":"Feature","properties":{"name":"La Rosette"},"geometry":{"type":"LineString","coordinates":[[-2.2574,48.3459],[-2.2566,48.3457]]}},{"type":"Feature","properties":{"name":"La Rosette"},"geometry":{"type":"LineString","coordinates":[[-2.2579,48.3457],[-2.2574,48.3459]]}},{"type":"Feature","properties":{"name":"La Rosette"},"geometry":{"type":"LineString","coordinates":[[-2.2866,48.3736],[-2.2871,48.3748],[-2.2892,48.3748],[-2.2890,48.3767],[-2.2905,48.3778],[-2.2923,48.3781],[-2.2947,48.3765],[-2.3002,48.3771],[-2.2994,48.3786],[-2.2999,48.3809],[-2.3078,48.3838],[-2.3090,48.3861],[-2.3079,48.3877],[-2.3103,48.3910],[-2.3147,48.3933],[-2.3161,48.3950],[-2.3163,48.3977],[-2.3225,48.4019],[-2.3230,48.4048],[-2.3203,48.4070]]}},{"type":"Feature","properties":{"name":"La Rosette"},"geometry":{"type":"LineString","coordinates":[[-2.2429,48.3587],[-2.2429,48.3587]]}},{"type":"Feature","properties":{"name":"La Rosette"},"geometry":{"type":"LineString","coordinates":[[-2.2501,48.3520],[-2.2463,48.3566]]}},{"type":"Feature","properties":{"name":"La Rosette"},"geometry":{"type":"LineString","coordinates":[[-2.2566,48.3457],[-2.2501,48.3520]]}},{"type":"Feature","properties":{"name":"La Rosette"},"geometry":{"type":"LineString","coordinates":[[-2.2603,48.3412],[-2.2617,48.3435],[-2.2607,48.3450]]}},{"type":"Feature","properties":{"name":"Le Canut"},"geometry":{"type":"LineString","coordinates":[[-1.8483,47.9586],[-1.8455,47.9579],[-1.8461,47.9561],[-1.8489,47.9552],[-1.8493,47.9540],[-1.8484,47.9531],[-1.8434,47.9539],[-1.8393,47.9519],[-1.8433,47.9509],[-1.8439,47.9489],[-1.8411,47.9481],[-1.8367,47.9491],[-1.8303,47.9478],[-1.8327,47.9456],[-1.8324,47.9442],[-1.8307,47.9433],[-1.8306,47.9416],[-1.8294,47.9412]]}},{"type":"Feature","properties":{"name":"Le Canut"},"geometry":{"type":"LineString","coordinates":[[-1.7886,47.9363],[-1.7890,47.9356],[-1.7881,47.9346],[-1.7803,47.9345],[-1.7797,47.9296],[-1.7773,47.9280],[-1.7746,47.9283],[-1.7715,47.9317],[-1.7687,47.9313],[-1.7674,47.9304],[-1.7680,47.9272],[-1.7639,47.9244],[-1.7588,47.9244],[-1.7572,47.9234],[-1.7573,47.9225]]}},{"type":"Feature","properties":{"name":"Le Canut"},"geometry":{"type":"LineString","coordinates":[[-1.8821,47.9812],[-1.8816,47.9803],[-1.8826,47.9799],[-1.8866,47.9813],[-1.8885,47.9793],[-1.8915,47.9781],[-1.8894,47.9760],[-1.8932,47.9756],[-1.8936,47.9733],[-1.8968,47.9723],[-1.8967,47.9708],[-1.8986,47.9695]]}},{"type":"Feature","properties":{"name":"Le Canut"},"geometry":{"type":"LineString","coordinates":[[-2.0351,47.9729],[-2.0322,47.9745],[-2.0318,47.9791],[-2.0295,47.9811],[-2.0288,47.9850],[-2.0259,47.9884],[-2.0220,47.9870],[-2.0107,47.9878],[-2.0096,47.9889],[-2.0009,47.9900],[-1.9939,47.9937],[-1.9935,47.9954]]}},{"type":"Feature","properties":{"name":"Le Canut"},"geometry":{"type":"LineString","coordinates":[[-1.8959,47.9976],[-1.8926,47.9936],[-1.8903,47.9924],[-1.8906,47.9886],[-1.8874,47.9877],[-1.8849,47.9882],[-1.8835,47.9871],[-1.8839,47.9825],[-1.8821,47.9812]]}},{"type":"Feature","properties":{"name":"Le Canut"},"geometry":{"type":"LineString","coordinates":[[-1.8644,47.9618],[-1.8637,47.9633],[-1.8617,47.9632],[-1.8587,47.9647],[-1.8553,47.9633],[-1.8541,47.9604],[-1.8483,47.9586]]}},{"type":"Feature","properties":{"name":"Le Canut"},"geometry":{"type":"LineString","coordinates":[[-2.0354,47.9728],[-2.0351,47.9729]]}},{"type":"Feature","properties":{"name":"Le Canut"},"geometry":{"type":"LineString","coordinates":[[-1.9474,48.0001],[-1.9469,48.0001]]}},{"type":"Feature","properties":{"name":"Le Canut"},"geometry":{"type":"LineString","coordinates":[[-2.0704,47.9713],[-2.0701,47.9713]]}},{"type":"Feature","properties":{"name":"Le Canut"},"geometry":{"type":"LineString","coordinates":[[-1.8986,47.9695],[-1.8973,47.9682],[-1.8917,47.9684],[-1.8889,47.9652],[-1.8861,47.9644],[-1.8827,47.9597]]}},{"type":"Feature","properties":{"name":"Le Canut"},"geometry":{"type":"LineString","coordinates":[[-1.8647,47.9616],[-1.8644,47.9618]]}},{"type":"Feature","properties":{"name":"Le Canut"},"geometry":{"type":"LineString","coordinates":[[-2.0654,47.9717],[-2.0641,47.9726],[-2.0493,47.9746],[-2.0456,47.9736],[-2.0441,47.9747],[-2.0413,47.9745],[-2.0354,47.9728]]}},{"type":"Feature","properties":{"name":"Le Canut"},"geometry":{"type":"LineString","coordinates":[[-1.9091,48.0030],[-1.9012,48.0000]]}},{"type":"Feature","properties":{"name":"Le Canut"},"geometry":{"type":"LineString","coordinates":[[-1.9469,48.0001],[-1.9395,47.9998],[-1.9376,47.9985],[-1.9378,47.9978],[-1.9333,47.9979],[-1.9295,47.9966],[-1.9275,47.9975],[-1.9269,47.9999],[-1.9230,48.0027],[-1.9148,48.0043],[-1.9101,48.0040],[-1.9091,48.0030]]}},{"type":"Feature","properties":{"name":"Le Canut"},"geometry":{"type":"LineString","coordinates":[[-1.9012,48.0000],[-1.8959,47.9976]]}},{"type":"Feature","properties":{"name":"Le Canut"},"geometry":{"type":"LineString","coordinates":[[-1.8824,47.9594],[-1.8774,47.9568],[-1.8751,47.9577],[-1.8709,47.9574],[-1.8693,47.9590],[-1.8694,47.9610],[-1.8665,47.9606],[-1.8647,47.9616]]}},{"type":"Feature","properties":{"name":"Le Canut"},"geometry":{"type":"LineString","coordinates":[[-1.8827,47.9597],[-1.8824,47.9594]]}},{"type":"Feature","properties":{"name":"Le Canut"},"geometry":{"type":"LineString","coordinates":[[-2.0098,47.7588],[-2.0081,47.7563],[-2.0092,47.7519],[-2.0076,47.7505],[-2.0088,47.7493],[-2.0067,47.7478],[-2.0070,47.7469]]}},{"type":"Feature","properties":{"name":"Le Canut"},"geometry":{"type":"LineString","coordinates":[[-1.9985,47.7352],[-1.9970,47.7324]]}},{"type":"Feature","properties":{"name":"Le Canut"},"geometry":{"type":"LineString","coordinates":[[-1.9824,47.7132],[-1.9757,47.7074],[-1.9807,47.7004],[-1.9735,47.6945]]}},{"type":"Feature","properties":{"name":"Le Canut"},"geometry":{"type":"LineString","coordinates":[[-1.9886,47.7728],[-1.9969,47.7683],[-1.9961,47.7649],[-1.9969,47.7635],[-1.9992,47.7634],[-1.9993,47.7609],[-2.0098,47.7588]]}},{"type":"Feature","properties":{"name":"Le Canut"},"geometry":{"type":"LineString","coordinates":[[-1.9970,47.7324],[-1.9962,47.7267],[-1.9914,47.7259],[-1.9871,47.7235],[-1.9860,47.7214],[-1.9869,47.7203],[-1.9847,47.7188],[-1.9824,47.7132]]}},{"type":"Feature","properties":{"name":"Le Canut"},"geometry":{"type":"LineString","coordinates":[[-2.0070,47.7469],[-2.0065,47.7437],[-2.0039,47.7425],[-2.0031,47.7393],[-2.0004,47.7393],[-2.0004,47.7380],[-1.9995,47.7382],[-1.9991,47.7371],[-2.0000,47.7360],[-1.9985,47.7352]]}},{"type":"Feature","properties":{"name":"Le Canut"},"geometry":{"type":"LineString","coordinates":[[-1.8290,47.9411],[-1.8271,47.9409],[-1.8252,47.9427],[-1.8225,47.9427],[-1.8154,47.9407],[-1.8133,47.9390],[-1.8104,47.9397],[-1.8047,47.9440],[-1.7964,47.9417]]}},{"type":"Feature","properties":{"name":"Le Canut"},"geometry":{"type":"LineString","coordinates":[[-1.8294,47.9412],[-1.8290,47.9411]]}},{"type":"Feature","properties":{"name":"Le Canut"},"geometry":{"type":"LineString","coordinates":[[-1.7886,47.9364],[-1.7886,47.9363]]}},{"type":"Feature","properties":{"name":"Le Canut"},"geometry":{"type":"LineString","coordinates":[[-1.7964,47.9417],[-1.7934,47.9402],[-1.7911,47.9402],[-1.7897,47.9434],[-1.7882,47.9434],[-1.7879,47.9399],[-1.7894,47.9375],[-1.7886,47.9364]]}},{"type":"Feature","properties":{"name":"Le Canut"},"geometry":{"type":"LineString","coordinates":[[-2.0654,47.9717],[-2.0654,47.9717]]}},{"type":"Feature","properties":{"name":"Le Canut"},"geometry":{"type":"LineString","coordinates":[[-2.0701,47.9713],[-2.0654,47.9717]]}},{"type":"Feature","properties":{"name":"Le Canut"},"geometry":{"type":"LineString","coordinates":[[-1.9934,47.9955],[-1.9916,47.9985],[-1.9871,47.9998],[-1.9830,48.0033],[-1.9788,48.0026],[-1.9738,48.0043],[-1.9638,48.0043],[-1.9535,48.0024],[-1.9474,48.0001]]}},{"type":"Feature","properties":{"name":"Le Canut"},"geometry":{"type":"LineString","coordinates":[[-1.9935,47.9954],[-1.9934,47.9955]]}},{"type":"Feature","properties":{"name":"Le Canut"},"geometry":{"type":"LineString","coordinates":[[-2.0410,47.9744],[-2.0348,47.9757]]}},{"type":"Feature","properties":{"name":"Le Canut"},"geometry":{"type":"LineString","coordinates":[[-2.0340,47.9759],[-2.0326,47.9757]]}},{"type":"Feature","properties":{"name":"Le Canut"},"geometry":{"type":"LineString","coordinates":[[-2.0348,47.9757],[-2.0341,47.9759]]}},{"type":"Feature","properties":{"name":"Le Canut"},"geometry":{"type":"LineString","coordinates":[[-2.0341,47.9759],[-2.0340,47.9759]]}},{"type":"Feature","properties":{"name":"La Vaunoise"},"geometry":{"type":"LineString","coordinates":[[-1.8368,48.1244],[-1.8374,48.1227],[-1.8363,48.1196],[-1.8435,48.1178],[-1.8486,48.1181]]}},{"type":"Feature","properties":{"name":"La Vaunoise"},"geometry":{"type":"LineString","coordinates":[[-1.8619,48.1128],[-1.8577,48.1083],[-1.8583,48.1015],[-1.8565,48.1002],[-1.8561,48.0979],[-1.8524,48.0970],[-1.8520,48.0956],[-1.8540,48.0956],[-1.8609,48.0927],[-1.8598,48.0902],[-1.8615,48.0893],[-1.8613,48.0884],[-1.8589,48.0864],[-1.8596,48.0845],[-1.8585,48.0829],[-1.8611,48.0795],[-1.8577,48.0778],[-1.8600,48.0750],[-1.8641,48.0749],[-1.8643,48.0736],[-1.8625,48.0728]]}},{"type":"Feature","properties":{"name":"La Vaunoise"},"geometry":{"type":"LineString","coordinates":[[-1.8538,48.1345],[-1.8538,48.1337],[-1.8464,48.1310],[-1.8405,48.1253],[-1.8386,48.1250]]}},{"type":"Feature","properties":{"name":"La Vaunoise"},"geometry":{"type":"LineString","coordinates":[[-1.8386,48.1250],[-1.8368,48.1244]]}},{"type":"Feature","properties":{"name":"La Vaunoise"},"geometry":{"type":"LineString","coordinates":[[-1.8575,48.1153],[-1.8611,48.1148],[-1.8619,48.1128]]}},{"type":"Feature","properties":{"name":"La Vaunoise"},"geometry":{"type":"LineString","coordinates":[[-1.8486,48.1181],[-1.8508,48.1183]]}},{"type":"Feature","properties":{"name":"La Vaunoise"},"geometry":{"type":"LineString","coordinates":[[-1.8508,48.1183],[-1.8575,48.1153]]}},{"type":"Feature","properties":{"name":"La Vaunoise"},"geometry":{"type":"LineString","coordinates":[[-1.8486,48.1181],[-1.8500,48.1192],[-1.8508,48.1183]]}},{"type":"Feature","properties":{"name":"La Cône"},"geometry":{"type":"LineString","coordinates":[[-1.5902,47.6422],[-1.5915,47.6413],[-1.5919,47.6395],[-1.5957,47.6374],[-1.5946,47.6353],[-1.5927,47.6358],[-1.5885,47.6338],[-1.5898,47.6313],[-1.5877,47.6296],[-1.5886,47.6290],[-1.5886,47.6266]]}},{"type":"Feature","properties":{"name":"La Cône"},"geometry":{"type":"LineString","coordinates":[[-1.5849,47.6456],[-1.5851,47.6456]]}},{"type":"Feature","properties":{"name":"La Cône"},"geometry":{"type":"LineString","coordinates":[[-1.5765,47.6461],[-1.5809,47.6437],[-1.5849,47.6456]]}},{"type":"Feature","properties":{"name":"La Cône"},"geometry":{"type":"LineString","coordinates":[[-1.5903,47.6423],[-1.5902,47.6422]]}},{"type":"Feature","properties":{"name":"La Cône"},"geometry":{"type":"LineString","coordinates":[[-1.5851,47.6456],[-1.5887,47.6457],[-1.5905,47.6440],[-1.5903,47.6423]]}},{"type":"Feature","properties":{"name":"La Cône"},"geometry":{"type":"LineString","coordinates":[[-1.5764,47.6462],[-1.5765,47.6461]]}},{"type":"Feature","properties":{"name":"La Cône"},"geometry":{"type":"LineString","coordinates":[[-1.5675,47.6465],[-1.5724,47.6472],[-1.5736,47.6483],[-1.5752,47.6480],[-1.5764,47.6462]]}},{"type":"Feature","properties":{"name":"La Cône"},"geometry":{"type":"LineString","coordinates":[[-1.5556,47.6526],[-1.5572,47.6514]]}},{"type":"Feature","properties":{"name":"La Cône"},"geometry":{"type":"LineString","coordinates":[[-1.5572,47.6514],[-1.5575,47.6514]]}},{"type":"Feature","properties":{"name":"La Cône"},"geometry":{"type":"LineString","coordinates":[[-1.5672,47.6465],[-1.5675,47.6465]]}},{"type":"Feature","properties":{"name":"La Cône"},"geometry":{"type":"LineString","coordinates":[[-1.5575,47.6514],[-1.5645,47.6507],[-1.5663,47.6491],[-1.5660,47.6467],[-1.5672,47.6465]]}},{"type":"Feature","properties":{"name":"L\u0027Ille"},"geometry":{"type":"LineString","coordinates":[[-1.6794,48.1282],[-1.6771,48.1270],[-1.6717,48.1265],[-1.6700,48.1247],[-1.6701,48.1227],[-1.6728,48.1214],[-1.6794,48.1212],[-1.6829,48.1190],[-1.6850,48.1189]]}},{"type":"Feature","properties":{"name":"L\u0027Ille"},"geometry":{"type":"LineString","coordinates":[[-1.6387,48.1839],[-1.6403,48.1836],[-1.6425,48.1811]]}},{"type":"Feature","properties":{"name":"L\u0027Ille"},"geometry":{"type":"LineString","coordinates":[[-1.6425,48.1811],[-1.6439,48.1789],[-1.6432,48.1768],[-1.6446,48.1740],[-1.6441,48.1735],[-1.6458,48.1735],[-1.6444,48.1697]]}},{"type":"Feature","properties":{"name":"L\u0027Ille"},"geometry":{"type":"LineString","coordinates":[[-1.6471,48.2374],[-1.6471,48.2364],[-1.6445,48.2342]]}},{"type":"Feature","properties":{"name":"L\u0027Ille"},"geometry":{"type":"LineString","coordinates":[[-1.6877,48.1149],[-1.6895,48.1145],[-1.6919,48.1119],[-1.6954,48.1107],[-1.6954,48.1097],[-1.6976,48.1078]]}},{"type":"Feature","properties":{"name":"L\u0027Ille"},"geometry":{"type":"LineString","coordinates":[[-1.6290,48.1957],[-1.6299,48.1951],[-1.6301,48.1930],[-1.6322,48.1933]]}},{"type":"Feature","properties":{"name":"L\u0027Ille"},"geometry":{"type":"LineString","coordinates":[[-1.6789,48.1512],[-1.6804,48.1505],[-1.6796,48.1494]]}},{"type":"Feature","properties":{"name":"L\u0027Ille"},"geometry":{"type":"LineString","coordinates":[[-1.6579,48.1529],[-1.6580,48.1505],[-1.6607,48.1505],[-1.6626,48.1516]]}},{"type":"Feature","properties":{"name":"L\u0027Ille"},"geometry":{"type":"LineString","coordinates":[[-1.6578,48.1513],[-1.6588,48.1506]]}},{"type":"Feature","properties":{"name":"L\u0027Ille"},"geometry":{"type":"LineString","coordinates":[[-1.6802,48.1510],[-1.6804,48.1504]]}},{"type":"Feature","properties":{"name":"L\u0027Ille"},"geometry":{"type":"LineString","coordinates":[[-1.6449,48.2116],[-1.6352,48.2113],[-1.6343,48.2085],[-1.6385,48.2050],[-1.6365,48.2039]]}},{"type":"Feature","properties":{"name":"L\u0027Ille"},"geometry":{"type":"LineString","coordinates":[[-1.6365,48.2039],[-1.6351,48.2027],[-1.6369,48.2000]]}},{"type":"Feature","properties":{"name":"L\u0027Ille"},"geometry":{"type":"LineString","coordinates":[[-1.6652,48.2494],[-1.6677,48.2474],[-1.6675,48.2464],[-1.6644,48.2453],[-1.6589,48.2452],[-1.6595,48.2438],[-1.6561,48.2429],[-1.6568,48.2417],[-1.6554,48.2415],[-1.6550,48.2405],[-1.6527,48.2395],[-1.6468,48.2398],[-1.6471,48.2374]]}},{"type":"Feature","properties":{"name":"L\u0027Ille"},"geometry":{"type":"LineString","coordinates":[[-1.6642,48.2619],[-1.6691,48.2598],[-1.6704,48.2585],[-1.6701,48.2574]]}},{"type":"Feature","properties":{"name":"L\u0027Ille"},"geometry":{"type":"LineString","coordinates":[[-1.6445,48.2342],[-1.6406,48.2313],[-1.6404,48.2273],[-1.6383,48.2259],[-1.6396,48.2230],[-1.6393,48.2168],[-1.6456,48.2147],[-1.6461,48.2130],[-1.6449,48.2116]]}},{"type":"Feature","properties":{"name":"L\u0027Ille"},"geometry":{"type":"LineString","coordinates":[[-1.6651,48.2713],[-1.6676,48.2678],[-1.6661,48.2654]]}},{"type":"Feature","properties":{"name":"L\u0027Ille"},"geometry":{"type":"LineString","coordinates":[[-1.6719,48.2801],[-1.6704,48.2769],[-1.6639,48.2754],[-1.6630,48.2739],[-1.6645,48.2723]]}},{"type":"Feature","properties":{"name":"L\u0027Ille"},"geometry":{"type":"LineString","coordinates":[[-1.6725,48.2962],[-1.6724,48.2955]]}},{"type":"Feature","properties":{"name":"L\u0027Ille"},"geometry":{"type":"LineString","coordinates":[[-1.6721,48.2835],[-1.6719,48.2801]]}},{"type":"Feature","properties":{"name":"L\u0027Ille"},"geometry":{"type":"LineString","coordinates":[[-1.6709,48.3062],[-1.6720,48.3057],[-1.6716,48.3045],[-1.6732,48.3024],[-1.6725,48.2963]]}},{"type":"Feature","properties":{"name":"L\u0027Ille"},"geometry":{"type":"LineString","coordinates":[[-1.6725,48.2963],[-1.6725,48.2962]]}},{"type":"Feature","properties":{"name":"L\u0027Ille"},"geometry":{"type":"LineString","coordinates":[[-1.6458,48.2404],[-1.6457,48.2401]]}},{"type":"Feature","properties":{"name":"L\u0027Ille"},"geometry":{"type":"LineString","coordinates":[[-1.6468,48.2398],[-1.6458,48.2404]]}},{"type":"Feature","properties":{"name":"L\u0027Ille"},"geometry":{"type":"LineString","coordinates":[[-1.6457,48.2401],[-1.6456,48.2390],[-1.6471,48.2374]]}},{"type":"Feature","properties":{"name":"L\u0027Ille"},"geometry":{"type":"LineString","coordinates":[[-1.6655,48.2652],[-1.6641,48.2634],[-1.6642,48.2619]]}},{"type":"Feature","properties":{"name":"L\u0027Ille"},"geometry":{"type":"LineString","coordinates":[[-1.6661,48.2654],[-1.6655,48.2652]]}},{"type":"Feature","properties":{"name":"L\u0027Ille"},"geometry":{"type":"LineString","coordinates":[[-1.6648,48.2713],[-1.6651,48.2713]]}},{"type":"Feature","properties":{"name":"L\u0027Ille"},"geometry":{"type":"LineString","coordinates":[[-1.6645,48.2723],[-1.6648,48.2713]]}},{"type":"Feature","properties":{"name":"L\u0027Ille"},"geometry":{"type":"LineString","coordinates":[[-1.6750,48.1212],[-1.6764,48.1211]]}},{"type":"Feature","properties":{"name":"L\u0027Ille"},"geometry":{"type":"LineString","coordinates":[[-1.6730,48.3026],[-1.6729,48.3019]]}},{"type":"Feature","properties":{"name":"La Verzée"},"geometry":{"type":"LineString","coordinates":[[-1.1625,47.7284],[-1.1542,47.7267],[-1.1535,47.7244],[-1.1576,47.7189],[-1.1531,47.7185],[-1.1470,47.7196],[-1.1447,47.7172],[-1.1411,47.7167],[-1.1347,47.7186],[-1.1338,47.7165],[-1.1276,47.7157]]}},{"type":"Feature","properties":{"name":"La Verzée"},"geometry":{"type":"LineString","coordinates":[[-1.0745,47.6985],[-1.0761,47.6952],[-1.0730,47.6943],[-1.0732,47.6920],[-1.0717,47.6913],[-1.0627,47.6924],[-1.0613,47.6938],[-1.0558,47.6935],[-1.0544,47.6921],[-1.0523,47.6918],[-1.0520,47.6906],[-1.0506,47.6907],[-1.0400,47.6943],[-1.0389,47.6923],[-1.0347,47.6918],[-1.0349,47.6896],[-1.0330,47.6873],[-1.0265,47.6874],[-1.0214,47.6819],[-1.0188,47.6822],[-1.0174,47.6835],[-1.0159,47.6873],[-1.0096,47.6896],[-1.0072,47.6883],[-1.0080,47.6868],[-1.0033,47.6845],[-1.0003,47.6844],[-0.9974,47.6858],[-0.9888,47.6839],[-0.9800,47.6842],[-0.9756,47.6863],[-0.9704,47.6843],[-0.9697,47.6818],[-0.9703,47.6791],[-0.9693,47.6783],[-0.9654,47.6790],[-0.9613,47.6780],[-0.9588,47.6784],[-0.9541,47.6761],[-0.9525,47.6768],[-0.9511,47.6802],[-0.9493,47.6813],[-0.9496,47.6827],[-0.9456,47.6824],[-0.9425,47.6801],[-0.9423,47.6785],[-0.9438,47.6774],[-0.9426,47.6759],[-0.9331,47.6738],[-0.9299,47.6716],[-0.9258,47.6725],[-0.9257,47.6700],[-0.9285,47.6678],[-0.9267,47.6660],[-0.9218,47.6668],[-0.9187,47.6712],[-0.9156,47.6695],[-0.9100,47.6705],[-0.9037,47.6766],[-0.8990,47.6760],[-0.8959,47.6775],[-0.8885,47.6787],[-0.8854,47.6758],[-0.8793,47.6768],[-0.8749,47.6758],[-0.8719,47.6787],[-0.8713,47.6807],[-0.8676,47.6819],[-0.8674,47.6838],[-0.8702,47.6848],[-0.8697,47.6859]]}},{"type":"Feature","properties":{"name":"La Verzée"},"geometry":{"type":"LineString","coordinates":[[-1.0747,47.6987],[-1.0745,47.6985]]}},{"type":"Feature","properties":{"name":"La Verzée"},"geometry":{"type":"LineString","coordinates":[[-1.2532,47.7579],[-1.2507,47.7587],[-1.2461,47.7581],[-1.2419,47.7592],[-1.2369,47.7567],[-1.2298,47.7564],[-1.2285,47.7571],[-1.2265,47.7556],[-1.2182,47.7564],[-1.2160,47.7556],[-1.2096,47.7557],[-1.2076,47.7544],[-1.2046,47.7550]]}},{"type":"Feature","properties":{"name":"La Verzée"},"geometry":{"type":"LineString","coordinates":[[-1.1206,47.7161],[-1.1180,47.7146],[-1.1136,47.7143],[-1.1107,47.7124],[-1.1067,47.7123],[-1.1052,47.7115],[-1.1043,47.7086],[-1.1023,47.7070],[-1.0938,47.7087],[-1.0864,47.7053],[-1.0811,47.7070],[-1.0780,47.7014],[-1.0752,47.7010],[-1.0747,47.6987]]}},{"type":"Feature","properties":{"name":"La Verzée"},"geometry":{"type":"LineString","coordinates":[[-1.1827,47.7469],[-1.1817,47.7451],[-1.1788,47.7441],[-1.1803,47.7403],[-1.1756,47.7357],[-1.1756,47.7343],[-1.1731,47.7314],[-1.1652,47.7310],[-1.1625,47.7284]]}},{"type":"Feature","properties":{"name":"La Verzée"},"geometry":{"type":"LineString","coordinates":[[-1.2046,47.7550],[-1.2041,47.7552]]}},{"type":"Feature","properties":{"name":"La Verzée"},"geometry":{"type":"LineString","coordinates":[[-1.2952,47.7559],[-1.2871,47.7555],[-1.2816,47.7567]]}},{"type":"Feature","properties":{"name":"La Verzée"},"geometry":{"type":"LineString","coordinates":[[-1.2954,47.7560],[-1.2952,47.7559]]}},{"type":"Feature","properties":{"name":"La Verzée"},"geometry":{"type":"LineString","coordinates":[[-1.2707,47.7575],[-1.2707,47.7576]]}},{"type":"Feature","properties":{"name":"La Verzée"},"geometry":{"type":"LineString","coordinates":[[-1.2815,47.7567],[-1.2707,47.7575]]}},{"type":"Feature","properties":{"name":"La Verzée"},"geometry":{"type":"LineString","coordinates":[[-1.2816,47.7567],[-1.2815,47.7567]]}},{"type":"Feature","properties":{"name":"La Verzée"},"geometry":{"type":"LineString","coordinates":[[-1.2533,47.7579],[-1.2532,47.7579]]}},{"type":"Feature","properties":{"name":"La Verzée"},"geometry":{"type":"LineString","coordinates":[[-1.2707,47.7576],[-1.2699,47.7591],[-1.2672,47.7594],[-1.2643,47.7583],[-1.2566,47.7595],[-1.2533,47.7579]]}},{"type":"Feature","properties":{"name":"La Verzée"},"geometry":{"type":"LineString","coordinates":[[-1.1267,47.7156],[-1.1258,47.7159]]}},{"type":"Feature","properties":{"name":"La Verzée"},"geometry":{"type":"LineString","coordinates":[[-1.2041,47.7552],[-1.1991,47.7558],[-1.1962,47.7575],[-1.1897,47.7558],[-1.1865,47.7517],[-1.1823,47.7498],[-1.1819,47.7485],[-1.1827,47.7471]]}},{"type":"Feature","properties":{"name":"La Verzée"},"geometry":{"type":"LineString","coordinates":[[-1.1827,47.7471],[-1.1827,47.7469]]}},{"type":"Feature","properties":{"name":"La Verzée"},"geometry":{"type":"LineString","coordinates":[[-1.1276,47.7153],[-1.1275,47.7153]]}},{"type":"Feature","properties":{"name":"La Verzée"},"geometry":{"type":"LineString","coordinates":[[-1.1275,47.7153],[-1.1267,47.7156]]}},{"type":"Feature","properties":{"name":"La Verzée"},"geometry":{"type":"LineString","coordinates":[[-1.1276,47.7157],[-1.1276,47.7157]]}},{"type":"Feature","properties":{"name":"La Verzée"},"geometry":{"type":"LineString","coordinates":[[-1.1206,47.7161],[-1.1206,47.7161]]}},{"type":"Feature","properties":{"name":"La Verzée"},"geometry":{"type":"LineString","coordinates":[[-1.1276,47.7157],[-1.1206,47.7161]]}},{"type":"Feature","properties":{"name":"La Verzée"},"geometry":{"type":"LineString","coordinates":[[-1.1267,47.7156],[-1.1267,47.7156]]}},{"type":"Feature","properties":{"name":"La Verzée"},"geometry":{"type":"LineString","coordinates":[[-1.1280,47.7153],[-1.1276,47.7153]]}},{"type":"Feature","properties":{"name":"Le Meu"},"geometry":{"type":"LineString","coordinates":[[-1.8742,48.0716],[-1.8720,48.0706],[-1.8649,48.0704],[-1.8627,48.0728],[-1.8560,48.0727],[-1.8546,48.0720],[-1.8538,48.0687],[-1.8474,48.0683],[-1.8468,48.0674],[-1.8474,48.0655],[-1.8453,48.0660],[-1.8444,48.0654],[-1.8449,48.0647],[-1.8412,48.0637],[-1.8382,48.0639],[-1.8361,48.0658]]}},{"type":"Feature","properties":{"name":"Le Meu"},"geometry":{"type":"LineString","coordinates":[[-1.8244,48.0662],[-1.8218,48.0656],[-1.8217,48.0646],[-1.8234,48.0637],[-1.8180,48.0596],[-1.8223,48.0565],[-1.8216,48.0552],[-1.8228,48.0533],[-1.8225,48.0511],[-1.8240,48.0505],[-1.8233,48.0485],[-1.8208,48.0471]]}},{"type":"Feature","properties":{"name":"Le Meu"},"geometry":{"type":"LineString","coordinates":[[-1.9096,48.0983],[-1.9089,48.0959],[-1.9054,48.0943],[-1.9033,48.0909],[-1.9015,48.0904],[-1.8983,48.0864],[-1.8944,48.0843],[-1.8895,48.0840],[-1.8880,48.0822],[-1.8878,48.0801],[-1.8865,48.0793],[-1.8866,48.0768],[-1.8856,48.0757],[-1.8813,48.0738],[-1.8788,48.0738],[-1.8775,48.0718],[-1.8757,48.0713]]}},{"type":"Feature","properties":{"name":"Le Meu"},"geometry":{"type":"LineString","coordinates":[[-1.8361,48.0658],[-1.8244,48.0662]]}},{"type":"Feature","properties":{"name":"Le Meu"},"geometry":{"type":"LineString","coordinates":[[-1.9427,48.1286],[-1.9342,48.1262],[-1.9304,48.1273],[-1.9276,48.1270],[-1.9244,48.1246],[-1.9260,48.1233],[-1.9265,48.1211]]}},{"type":"Feature","properties":{"name":"Le Meu"},"geometry":{"type":"LineString","coordinates":[[-1.8757,48.0713],[-1.8742,48.0716]]}},{"type":"Feature","properties":{"name":"Le Meu"},"geometry":{"type":"LineString","coordinates":[[-1.9173,48.1134],[-1.9126,48.1120],[-1.9137,48.1084],[-1.9128,48.1052],[-1.9105,48.1041],[-1.9080,48.1042],[-1.9076,48.1005],[-1.9096,48.0995],[-1.9096,48.0983]]}},{"type":"Feature","properties":{"name":"Le Meu"},"geometry":{"type":"LineString","coordinates":[[-1.9265,48.1211],[-1.9272,48.1191],[-1.9294,48.1179],[-1.9273,48.1170],[-1.9262,48.1142],[-1.9240,48.1133],[-1.9219,48.1140],[-1.9203,48.1118],[-1.9173,48.1134]]}},{"type":"Feature","properties":{"name":"Le Meu"},"geometry":{"type":"LineString","coordinates":[[-1.8208,48.0471],[-1.8144,48.0465],[-1.8118,48.0439],[-1.8057,48.0463],[-1.8022,48.0460],[-1.7983,48.0438],[-1.7978,48.0418],[-1.7987,48.0409],[-1.7955,48.0355],[-1.7931,48.0355],[-1.7903,48.0338],[-1.7786,48.0331],[-1.7768,48.0313]]}},{"type":"Feature","properties":{"name":"Le Meu"},"geometry":{"type":"LineString","coordinates":[[-2.2397,48.1347],[-2.2351,48.1326],[-2.2277,48.1316],[-2.2270,48.1306],[-2.2273,48.1279],[-2.2257,48.1268],[-2.2149,48.1270],[-2.2121,48.1278],[-2.2057,48.1269],[-2.2040,48.1246],[-2.2050,48.1234],[-2.2046,48.1225],[-2.2005,48.1208],[-2.1976,48.1214],[-2.1932,48.1200],[-2.1887,48.1215],[-2.1885,48.1230],[-2.1865,48.1247],[-2.1831,48.1252],[-2.1821,48.1227],[-2.1789,48.1214],[-2.1757,48.1185],[-2.1674,48.1197],[-2.1637,48.1218],[-2.1602,48.1220],[-2.1574,48.1207],[-2.1513,48.1198],[-2.1408,48.1229],[-2.1331,48.1211],[-2.1311,48.1191],[-2.1277,48.1181],[-2.1251,48.1213],[-2.1219,48.1229],[-2.1190,48.1230],[-2.1181,48.1250],[-2.1147,48.1266],[-2.1123,48.1251],[-2.1125,48.1238],[-2.1095,48.1232],[-2.1031,48.1246],[-2.0970,48.1280],[-2.0945,48.1259],[-2.0896,48.1241],[-2.0877,48.1247],[-2.0860,48.1268],[-2.0820,48.1283],[-2.0790,48.1268],[-2.0766,48.1233],[-2.0745,48.1237],[-2.0720,48.1223],[-2.0714,48.1209],[-2.0635,48.1234],[-2.0574,48.1192],[-2.0567,48.1171],[-2.0542,48.1162],[-2.0511,48.1171],[-2.0517,48.1201],[-2.0548,48.1226],[-2.0546,48.1267],[-2.0507,48.1264],[-2.0453,48.1290],[-2.0362,48.1264],[-2.0308,48.1265],[-2.0301,48.1257],[-2.0238,48.1265],[-2.0202,48.1287],[-2.0187,48.1283],[-2.0187,48.1272],[-2.0172,48.1272],[-2.0124,48.1296],[-2.0105,48.1314],[-2.0111,48.1320],[-2.0069,48.1351],[-1.9958,48.1365],[-1.9940,48.1376],[-1.9918,48.1367],[-1.9897,48.1377],[-1.9853,48.1372],[-1.9837,48.1379],[-1.9786,48.1365],[-1.9734,48.1379],[-1.9722,48.1374],[-1.9726,48.1365],[-1.9700,48.1360],[-1.9649,48.1365],[-1.9619,48.1356],[-1.9559,48.1364],[-1.9529,48.1354],[-1.9522,48.1319],[-1.9501,48.1296],[-1.9427,48.1286]]}},{"type":"Feature","properties":{"name":"Le Meu"},"geometry":{"type":"LineString","coordinates":[[-2.2690,48.1966],[-2.2687,48.1962]]}},{"type":"Feature","properties":{"name":"Le Meu"},"geometry":{"type":"LineString","coordinates":[[-2.3324,48.2140],[-2.3239,48.2148],[-2.3163,48.2123],[-2.3129,48.2126],[-2.3104,48.2116],[-2.3105,48.2108],[-2.3008,48.2091],[-2.2993,48.2077],[-2.2976,48.2080],[-2.2964,48.2071],[-2.2919,48.2064],[-2.2902,48.2047],[-2.2863,48.2035],[-2.2827,48.2041],[-2.2730,48.1990],[-2.2708,48.1988],[-2.2690,48.1966]]}},{"type":"Feature","properties":{"name":"Le Meu"},"geometry":{"type":"LineString","coordinates":[[-2.2687,48.1962],[-2.2657,48.1934],[-2.2640,48.1931],[-2.2641,48.1919],[-2.2612,48.1905],[-2.2610,48.1882],[-2.2584,48.1877],[-2.2568,48.1853],[-2.2500,48.1842],[-2.2480,48.1801],[-2.2498,48.1798],[-2.2501,48.1786],[-2.2459,48.1765],[-2.2439,48.1744],[-2.2435,48.1726],[-2.2393,48.1688],[-2.2379,48.1685],[-2.2377,48.1670],[-2.2366,48.1666],[-2.2355,48.1643],[-2.2341,48.1639],[-2.2335,48.1616],[-2.2270,48.1580],[-2.2279,48.1570],[-2.2274,48.1551],[-2.2293,48.1539],[-2.2289,48.1527],[-2.2332,48.1486],[-2.2320,48.1456],[-2.2324,48.1447],[-2.2349,48.1427],[-2.2347,48.1414],[-2.2368,48.1398],[-2.2397,48.1347]]}},{"type":"Feature","properties":{"name":"Le Meu"},"geometry":{"type":"LineString","coordinates":[[-1.8222,48.0542],[-1.8172,48.0506],[-1.8149,48.0465]]}},{"type":"Feature","properties":{"name":"Le Meu"},"geometry":{"type":"LineString","coordinates":[[-1.8036,48.0463],[-1.8022,48.0460]]}},{"type":"Feature","properties":{"name":"Le Meu"},"geometry":{"type":"LineString","coordinates":[[-1.8980,48.0863],[-1.8942,48.0865],[-1.8905,48.0844]]}},{"type":"Feature","properties":{"name":"La Vilaine (Bras Mort de Renac)"},"geometry":{"type":"LineString","coordinates":[[-1.9726,47.6941],[-1.9735,47.6945]]}},{"type":"Feature","properties":{"name":"La Vilaine (Bras Mort de Renac)"},"geometry":{"type":"LineString","coordinates":[[-1.9696,47.6737],[-1.9687,47.6799],[-1.9691,47.6899],[-1.9720,47.6916],[-1.9726,47.6941]]}},{"type":"Feature","properties":{"name":"La Vilaine (Bras Mort de Renac)"},"geometry":{"type":"LineString","coordinates":[[-1.9735,47.6945],[-1.9827,47.6876],[-1.9817,47.6856],[-1.9844,47.6849],[-1.9870,47.6818],[-1.9892,47.6808]]}},{"type":"Feature","properties":{"name":"La Brutz"},"geometry":{"type":"LineString","coordinates":[[-1.3224,47.7766],[-1.3298,47.7762],[-1.3346,47.7777]]}},{"type":"Feature","properties":{"name":"La Brutz"},"geometry":{"type":"LineString","coordinates":[[-1.3811,47.7791],[-1.3842,47.7795],[-1.3848,47.7804],[-1.3879,47.7794],[-1.3911,47.7798],[-1.3929,47.7814],[-1.3962,47.7810],[-1.3985,47.7821],[-1.4014,47.7817],[-1.4056,47.7829],[-1.4097,47.7820],[-1.4121,47.7849],[-1.4160,47.7845]]}},{"type":"Feature","properties":{"name":"La Brutz"},"geometry":{"type":"LineString","coordinates":[[-1.4684,47.8060],[-1.4686,47.8069],[-1.4669,47.8074],[-1.4671,47.8097],[-1.4701,47.8123],[-1.4698,47.8149],[-1.4714,47.8161],[-1.4709,47.8169],[-1.4721,47.8173],[-1.4718,47.8183],[-1.4741,47.8196],[-1.4733,47.8208],[-1.4740,47.8212],[-1.4735,47.8228],[-1.4757,47.8234],[-1.4750,47.8252],[-1.4772,47.8260],[-1.4775,47.8270],[-1.4809,47.8279],[-1.4833,47.8314]]}},{"type":"Feature","properties":{"name":"La Brutz"},"geometry":{"type":"LineString","coordinates":[[-1.4568,47.7939],[-1.4608,47.7964],[-1.4669,47.7967],[-1.4687,47.7985],[-1.4668,47.7997]]}},{"type":"Feature","properties":{"name":"La Brutz"},"geometry":{"type":"LineString","coordinates":[[-1.4497,47.7955],[-1.4542,47.7936],[-1.4568,47.7939]]}},{"type":"Feature","properties":{"name":"La Brutz"},"geometry":{"type":"LineString","coordinates":[[-1.4322,47.7848],[-1.4335,47.7852],[-1.4381,47.7837],[-1.4412,47.7852],[-1.4454,47.7847],[-1.4475,47.7856],[-1.4476,47.7869]]}},{"type":"Feature","properties":{"name":"La Brutz"},"geometry":{"type":"LineString","coordinates":[[-1.4189,47.7855],[-1.4213,47.7846],[-1.4267,47.7856],[-1.4301,47.7835],[-1.4322,47.7848]]}},{"type":"Feature","properties":{"name":"La Brutz"},"geometry":{"type":"LineString","coordinates":[[-1.3346,47.7777],[-1.3446,47.7784],[-1.3457,47.7792]]}},{"type":"Feature","properties":{"name":"La Brutz"},"geometry":{"type":"LineString","coordinates":[[-1.3518,47.7782],[-1.3575,47.7777],[-1.3629,47.7795],[-1.3648,47.7783]]}},{"type":"Feature","properties":{"name":"La Brutz"},"geometry":{"type":"LineString","coordinates":[[-1.3219,47.7762],[-1.3223,47.7763]]}},{"type":"Feature","properties":{"name":"La Brutz"},"geometry":{"type":"LineString","coordinates":[[-1.3223,47.7763],[-1.3224,47.7766]]}},{"type":"Feature","properties":{"name":"La Brutz"},"geometry":{"type":"LineString","coordinates":[[-1.3216,47.7760],[-1.3219,47.7762]]}},{"type":"Feature","properties":{"name":"La Brutz"},"geometry":{"type":"LineString","coordinates":[[-1.4678,47.8049],[-1.4685,47.8060]]}},{"type":"Feature","properties":{"name":"La Brutz"},"geometry":{"type":"LineString","coordinates":[[-1.4668,47.7997],[-1.4683,47.8038],[-1.4678,47.8049]]}},{"type":"Feature","properties":{"name":"La Brutz"},"geometry":{"type":"LineString","coordinates":[[-1.4668,47.7997],[-1.4668,47.7997]]}},{"type":"Feature","properties":{"name":"La Brutz"},"geometry":{"type":"LineString","coordinates":[[-1.4476,47.7869],[-1.4456,47.7892],[-1.4451,47.7922],[-1.4475,47.7952],[-1.4497,47.7955]]}},{"type":"Feature","properties":{"name":"La Brutz"},"geometry":{"type":"LineString","coordinates":[[-1.3457,47.7792],[-1.3514,47.7782]]}},{"type":"Feature","properties":{"name":"La Brutz"},"geometry":{"type":"LineString","coordinates":[[-1.3514,47.7782],[-1.3518,47.7782]]}},{"type":"Feature","properties":{"name":"La Brutz"},"geometry":{"type":"LineString","coordinates":[[-1.3809,47.7792],[-1.3811,47.7791]]}},{"type":"Feature","properties":{"name":"La Brutz"},"geometry":{"type":"LineString","coordinates":[[-1.3667,47.7777],[-1.3710,47.7780],[-1.3723,47.7801],[-1.3758,47.7791],[-1.3809,47.7792]]}},{"type":"Feature","properties":{"name":"La Brutz"},"geometry":{"type":"LineString","coordinates":[[-1.4162,47.7845],[-1.4189,47.7855]]}},{"type":"Feature","properties":{"name":"La Brutz"},"geometry":{"type":"LineString","coordinates":[[-1.4160,47.7845],[-1.4162,47.7845]]}},{"type":"Feature","properties":{"name":"La Brutz"},"geometry":{"type":"LineString","coordinates":[[-1.3667,47.7778],[-1.3667,47.7777]]}},{"type":"Feature","properties":{"name":"La Brutz"},"geometry":{"type":"LineString","coordinates":[[-1.3648,47.7783],[-1.3667,47.7778]]}},{"type":"Feature","properties":{"name":"La Brutz"},"geometry":{"type":"LineString","coordinates":[[-1.4685,47.8060],[-1.4684,47.8060]]}},{"type":"Feature","properties":{"name":"Le Chéran"},"geometry":{"type":"LineString","coordinates":[[-1.0714,47.8022],[-1.0670,47.8023],[-1.0631,47.8009],[-1.0602,47.8017],[-1.0573,47.8001],[-1.0538,47.8006],[-1.0482,47.7997],[-1.0462,47.7970],[-1.0426,47.7986],[-1.0394,47.7954],[-1.0338,47.7971],[-1.0304,47.7951],[-1.0270,47.7964],[-1.0220,47.7947],[-1.0217,47.7939]]}},{"type":"Feature","properties":{"name":"Le Chéran"},"geometry":{"type":"LineString","coordinates":[[-1.1387,47.8338],[-1.1371,47.8320],[-1.1347,47.8317],[-1.1309,47.8285],[-1.1350,47.8264],[-1.1356,47.8250],[-1.1346,47.8241],[-1.1374,47.8224],[-1.1364,47.8200],[-1.1291,47.8178],[-1.1278,47.8167],[-1.1282,47.8157],[-1.1247,47.8158],[-1.1197,47.8143],[-1.1176,47.8155],[-1.1159,47.8153],[-1.1074,47.8120],[-1.1027,47.8122],[-1.0999,47.8103],[-1.0964,47.8110],[-1.0916,47.8103]]}},{"type":"Feature","properties":{"name":"Le Chéran"},"geometry":{"type":"LineString","coordinates":[[-1.0916,47.8103],[-1.0882,47.8078],[-1.0785,47.8062],[-1.0751,47.8023],[-1.0720,47.8022]]}},{"type":"Feature","properties":{"name":"Le Chéran"},"geometry":{"type":"LineString","coordinates":[[-1.0720,47.8022],[-1.0714,47.8022]]}},{"type":"Feature","properties":{"name":"La Bouanne"},"geometry":{"type":"LineString","coordinates":[[-0.9888,48.7020],[-0.9920,48.7038],[-0.9935,48.7035],[-0.9987,48.7051],[-1.0102,48.7048],[-1.0138,48.7054],[-1.0182,48.7077],[-1.0192,48.7068],[-1.0208,48.7075],[-1.0250,48.7069]]}},{"type":"Feature","properties":{"name":"La Rance"},"geometry":{"type":"LineString","coordinates":[[-2.0147,48.4293],[-2.0209,48.4296],[-2.0240,48.4285]]}},{"type":"Feature","properties":{"name":"La Rance"},"geometry":{"type":"LineString","coordinates":[[-2.0292,48.4270],[-2.0315,48.4274],[-2.0346,48.4299]]}},{"type":"Feature","properties":{"name":"La Rance"},"geometry":{"type":"LineString","coordinates":[[-2.0144,48.4292],[-2.0147,48.4293]]}},{"type":"Feature","properties":{"name":"La Rance"},"geometry":{"type":"LineString","coordinates":[[-2.0386,48.4437],[-2.0389,48.4439]]}},{"type":"Feature","properties":{"name":"La Rance"},"geometry":{"type":"LineString","coordinates":[[-2.0389,48.4439],[-2.0399,48.4444],[-2.0396,48.4454]]}},{"type":"Feature","properties":{"name":"La Rance"},"geometry":{"type":"LineString","coordinates":[[-2.0012,48.4922],[-2.0004,48.4940],[-1.9948,48.4940],[-1.9931,48.4976],[-1.9840,48.4981],[-1.9815,48.4996],[-1.9815,48.5042],[-1.9829,48.5097],[-1.9821,48.5114],[-1.9774,48.5149],[-1.9794,48.5197],[-1.9794,48.5224],[-1.9716,48.5324],[-1.9711,48.5442],[-1.9802,48.5534],[-1.9889,48.5770],[-1.9916,48.5820],[-1.9963,48.5863],[-2.0139,48.5943],[-2.0164,48.5992],[-2.0149,48.6060],[-2.0164,48.6085],[-2.0196,48.6090]]}},{"type":"Feature","properties":{"name":"La Rance"},"geometry":{"type":"LineString","coordinates":[[-2.0253,48.6193],[-2.0280,48.6256]]}},{"type":"Feature","properties":{"name":"La Rance"},"geometry":{"type":"LineString","coordinates":[[-2.0280,48.6256],[-2.0356,48.6343],[-2.0431,48.6453]]}},{"type":"Feature","properties":{"name":"La Rance"},"geometry":{"type":"LineString","coordinates":[[-2.0609,48.3212],[-2.0627,48.3252],[-2.0620,48.3272],[-2.0587,48.3289],[-2.0477,48.3281],[-2.0429,48.3335],[-2.0378,48.3351],[-2.0370,48.3403],[-2.0329,48.3445],[-2.0242,48.3471],[-2.0237,48.3489],[-2.0270,48.3527],[-2.0244,48.3557],[-2.0166,48.3585],[-2.0116,48.3624],[-2.0067,48.3635],[-2.0069,48.3645],[-2.0042,48.3662],[-2.0021,48.3699],[-2.0021,48.3722],[-1.9975,48.3741],[-1.9933,48.3790],[-1.9929,48.3810],[-1.9987,48.3848],[-1.9978,48.3866]]}},{"type":"Feature","properties":{"name":"La Rance"},"geometry":{"type":"LineString","coordinates":[[-2.1187,48.3034],[-2.1164,48.3048],[-2.1108,48.3030],[-2.1083,48.3033],[-2.1071,48.3022],[-2.1007,48.3024],[-2.0970,48.3086],[-2.0922,48.3082],[-2.0924,48.3065],[-2.0887,48.3018],[-2.0846,48.3006],[-2.0808,48.3041],[-2.0775,48.3038],[-2.0757,48.3028],[-2.0744,48.3004],[-2.0723,48.2999],[-2.0687,48.3030],[-2.0649,48.3039],[-2.0619,48.3073],[-2.0579,48.3089],[-2.0583,48.3100],[-2.0565,48.3112],[-2.0561,48.3127],[-2.0602,48.3155],[-2.0613,48.3191],[-2.0609,48.3212]]}},{"type":"Feature","properties":{"name":"La Rance"},"geometry":{"type":"LineString","coordinates":[[-2.1526,48.2621],[-2.1508,48.2639],[-2.1514,48.2651],[-2.1487,48.2669],[-2.1494,48.2687],[-2.1519,48.2692],[-2.1542,48.2711],[-2.1537,48.2721],[-2.1546,48.2734],[-2.1493,48.2785],[-2.1508,48.2835]]}},{"type":"Feature","properties":{"name":"La Rance"},"geometry":{"type":"LineString","coordinates":[[-2.1508,48.2835],[-2.1501,48.2845],[-2.1447,48.2858],[-2.1442,48.2875],[-2.1424,48.2887],[-2.1440,48.2901],[-2.1433,48.2912],[-2.1388,48.2926],[-2.1382,48.2943],[-2.1351,48.2968],[-2.1327,48.2963],[-2.1275,48.2978],[-2.1260,48.2987],[-2.1257,48.3000],[-2.1242,48.2998],[-2.1187,48.3034]]}},{"type":"Feature","properties":{"name":"La Rance"},"geometry":{"type":"LineString","coordinates":[[-2.0016,48.4913],[-2.0012,48.4922]]}},{"type":"Feature","properties":{"name":"La Rance"},"geometry":{"type":"LineString","coordinates":[[-2.0240,48.4285],[-2.0292,48.4270]]}},{"type":"Feature","properties":{"name":"La Rance"},"geometry":{"type":"LineString","coordinates":[[-2.1924,48.2467],[-2.1870,48.2472],[-2.1840,48.2498],[-2.1803,48.2487],[-2.1779,48.2511]]}},{"type":"Feature","properties":{"name":"La Rance"},"geometry":{"type":"LineString","coordinates":[[-2.1943,48.2462],[-2.1924,48.2467]]}},{"type":"Feature","properties":{"name":"La Rance"},"geometry":{"type":"LineString","coordinates":[[-2.1982,48.2460],[-2.1956,48.2452],[-2.1943,48.2462]]}},{"type":"Feature","properties":{"name":"La Rance"},"geometry":{"type":"LineString","coordinates":[[-2.3149,48.2590],[-2.3100,48.2582],[-2.3102,48.2574],[-2.3087,48.2571],[-2.3024,48.2577],[-2.2967,48.2540],[-2.2911,48.2536],[-2.2882,48.2519],[-2.2844,48.2525],[-2.2827,48.2509],[-2.2790,48.2505],[-2.2772,48.2477],[-2.2740,48.2478],[-2.2735,48.2489],[-2.2716,48.2494],[-2.2707,48.2487],[-2.2644,48.2499],[-2.2615,48.2488],[-2.2571,48.2496],[-2.2525,48.2481],[-2.2517,48.2464],[-2.2459,48.2466],[-2.2383,48.2445],[-2.2332,48.2442],[-2.2298,48.2453],[-2.2299,48.2445],[-2.2277,48.2450],[-2.2245,48.2441]]}},{"type":"Feature","properties":{"name":"La Rance"},"geometry":{"type":"LineString","coordinates":[[-2.3151,48.2591],[-2.3149,48.2590]]}},{"type":"Feature","properties":{"name":"La Rance"},"geometry":{"type":"LineString","coordinates":[[-2.3396,48.2500],[-2.3329,48.2520],[-2.3317,48.2533],[-2.3319,48.2549],[-2.3307,48.2556],[-2.3280,48.2555],[-2.3205,48.2588],[-2.3184,48.2582],[-2.3151,48.2591]]}},{"type":"Feature","properties":{"name":"La Rance"},"geometry":{"type":"LineString","coordinates":[[-2.0196,48.6090],[-2.0242,48.6166]]}},{"type":"Feature","properties":{"name":"La Rance"},"geometry":{"type":"LineString","coordinates":[[-2.0242,48.6166],[-2.0229,48.6179],[-2.0253,48.6193]]}},{"type":"Feature","properties":{"name":"La Rance"},"geometry":{"type":"LineString","coordinates":[[-2.0231,48.6177],[-2.0235,48.6186]]}},{"type":"Feature","properties":{"name":"La Rance"},"geometry":{"type":"LineString","coordinates":[[-2.0233,48.6175],[-2.0237,48.6187]]}},{"type":"Feature","properties":{"name":"La Rance"},"geometry":{"type":"LineString","coordinates":[[-2.0234,48.6174],[-2.0239,48.6188]]}},{"type":"Feature","properties":{"name":"La Rance"},"geometry":{"type":"LineString","coordinates":[[-2.0236,48.6172],[-2.0241,48.6189]]}},{"type":"Feature","properties":{"name":"La Rance"},"geometry":{"type":"LineString","coordinates":[[-2.0237,48.6171],[-2.0244,48.6189]]}},{"type":"Feature","properties":{"name":"La Rance"},"geometry":{"type":"LineString","coordinates":[[-2.0238,48.6170],[-2.0246,48.6190]]}},{"type":"Feature","properties":{"name":"La Rance"},"geometry":{"type":"LineString","coordinates":[[-2.0239,48.6169],[-2.0248,48.6191]]}},{"type":"Feature","properties":{"name":"La Rance"},"geometry":{"type":"LineString","coordinates":[[-2.0240,48.6168],[-2.0251,48.6192]]}},{"type":"Feature","properties":{"name":"La Rance"},"geometry":{"type":"LineString","coordinates":[[-2.0242,48.6166],[-2.0253,48.6193]]}},{"type":"Feature","properties":{"name":"La Rance"},"geometry":{"type":"LineString","coordinates":[[-2.0245,48.6167],[-2.0255,48.6191]]}},{"type":"Feature","properties":{"name":"La Rance"},"geometry":{"type":"LineString","coordinates":[[-2.0247,48.6167],[-2.0256,48.6190]]}},{"type":"Feature","properties":{"name":"La Rance"},"geometry":{"type":"LineString","coordinates":[[-2.0249,48.6168],[-2.0258,48.6189]]}},{"type":"Feature","properties":{"name":"La Rance"},"geometry":{"type":"LineString","coordinates":[[-2.0251,48.6168],[-2.0259,48.6188]]}},{"type":"Feature","properties":{"name":"La Rance"},"geometry":{"type":"LineString","coordinates":[[-2.0253,48.6168],[-2.0260,48.6187]]}},{"type":"Feature","properties":{"name":"La Rance"},"geometry":{"type":"LineString","coordinates":[[-2.0255,48.6169],[-2.0262,48.6186]]}},{"type":"Feature","properties":{"name":"La Rance"},"geometry":{"type":"LineString","coordinates":[[-2.0257,48.6169],[-2.0264,48.6185]]}},{"type":"Feature","properties":{"name":"La Rance"},"geometry":{"type":"LineString","coordinates":[[-2.0259,48.6169],[-2.0265,48.6184]]}},{"type":"Feature","properties":{"name":"La Rance"},"geometry":{"type":"LineString","coordinates":[[-2.0261,48.6170],[-2.0266,48.6183]]}},{"type":"Feature","properties":{"name":"La Rance"},"geometry":{"type":"LineString","coordinates":[[-2.0263,48.6170],[-2.0268,48.6182]]}},{"type":"Feature","properties":{"name":"La Rance"},"geometry":{"type":"LineString","coordinates":[[-2.0265,48.6170],[-2.0269,48.6181]]}},{"type":"Feature","properties":{"name":"La Rance"},"geometry":{"type":"LineString","coordinates":[[-2.0267,48.6171],[-2.0271,48.6180]]}},{"type":"Feature","properties":{"name":"La Rance"},"geometry":{"type":"LineString","coordinates":[[-2.0269,48.6171],[-2.0272,48.6179]]}},{"type":"Feature","properties":{"name":"La Rance"},"geometry":{"type":"LineString","coordinates":[[-2.0242,48.6166],[-2.0271,48.6171],[-2.0274,48.6178],[-2.0253,48.6193]]}},{"type":"Feature","properties":{"name":"La Rance"},"geometry":{"type":"LineString","coordinates":[[-2.0017,48.4913],[-2.0016,48.4913]]}},{"type":"Feature","properties":{"name":"La Rance"},"geometry":{"type":"LineString","coordinates":[[-2.0025,48.4903],[-2.0017,48.4913]]}},{"type":"Feature","properties":{"name":"Le Guyoult"},"geometry":{"type":"LineString","coordinates":[[-1.7282,48.5420],[-1.7319,48.5441],[-1.7403,48.5449],[-1.7462,48.5397],[-1.7489,48.5400],[-1.7535,48.5387],[-1.7541,48.5428],[-1.7567,48.5440],[-1.7577,48.5473],[-1.7595,48.5487]]}},{"type":"Feature","properties":{"name":"Le Guyoult"},"geometry":{"type":"LineString","coordinates":[[-1.7628,48.5529],[-1.7681,48.5562],[-1.7696,48.5639],[-1.7780,48.5717],[-1.7778,48.5734],[-1.7814,48.5793],[-1.7802,48.5836],[-1.7819,48.5856],[-1.7803,48.5856],[-1.7806,48.5870],[-1.7779,48.5881],[-1.7785,48.5926],[-1.7763,48.5938],[-1.7767,48.5953],[-1.7724,48.5958],[-1.7706,48.5984],[-1.7671,48.5995],[-1.7682,48.6024]]}},{"type":"Feature","properties":{"name":"Le Guyoult"},"geometry":{"type":"LineString","coordinates":[[-1.7621,48.5525],[-1.7628,48.5529]]}},{"type":"Feature","properties":{"name":"Le Guyoult"},"geometry":{"type":"LineString","coordinates":[[-1.7597,48.5488],[-1.7601,48.5489]]}},{"type":"Feature","properties":{"name":"Le Guyoult"},"geometry":{"type":"LineString","coordinates":[[-1.7595,48.5487],[-1.7597,48.5488]]}},{"type":"Feature","properties":{"name":"Le Guyoult"},"geometry":{"type":"LineString","coordinates":[[-1.7602,48.5490],[-1.7603,48.5491]]}},{"type":"Feature","properties":{"name":"Le Guyoult"},"geometry":{"type":"LineString","coordinates":[[-1.7601,48.5489],[-1.7602,48.5490]]}},{"type":"Feature","properties":{"name":"Le Guyoult"},"geometry":{"type":"LineString","coordinates":[[-1.7606,48.5493],[-1.7594,48.5514],[-1.7621,48.5525]]}},{"type":"Feature","properties":{"name":"Le Guyoult"},"geometry":{"type":"LineString","coordinates":[[-1.7603,48.5491],[-1.7606,48.5493]]}},{"type":"Feature","properties":{"name":"L\u0027Oyon"},"geometry":{"type":"LineString","coordinates":[[-2.1929,47.9063],[-2.1897,47.9082],[-2.1864,47.9083],[-2.1786,47.9064],[-2.1778,47.9051]]}},{"type":"Feature","properties":{"name":"L\u0027Oyon"},"geometry":{"type":"LineString","coordinates":[[-2.1560,47.9094],[-2.1530,47.9079],[-2.1494,47.9078],[-2.1479,47.9060],[-2.1420,47.9055],[-2.1412,47.9041],[-2.1372,47.9049],[-2.1351,47.9027],[-2.1349,47.9009],[-2.1360,47.9000],[-2.1325,47.8982],[-2.1300,47.8989],[-2.1267,47.8979],[-2.1296,47.8954],[-2.1292,47.8943],[-2.1306,47.8916],[-2.1299,47.8906],[-2.1240,47.8912],[-2.1221,47.8888],[-2.1155,47.8886],[-2.1144,47.8878]]}},{"type":"Feature","properties":{"name":"L\u0027Oyon"},"geometry":{"type":"LineString","coordinates":[[-2.1778,47.9051],[-2.1741,47.9037],[-2.1696,47.9106],[-2.1665,47.9105],[-2.1656,47.9092],[-2.1601,47.9090],[-2.1586,47.9081],[-2.1575,47.9097],[-2.1560,47.9094]]}},{"type":"Feature","properties":{"name":"La Cantache"},"geometry":{"type":"LineString","coordinates":[[-1.1632,48.2525],[-1.1644,48.2525],[-1.1666,48.2502],[-1.1672,48.2471],[-1.1704,48.2453],[-1.1723,48.2454],[-1.1759,48.2427],[-1.1815,48.2408],[-1.1858,48.2413],[-1.1888,48.2399],[-1.1901,48.2380],[-1.1899,48.2362],[-1.1831,48.2319],[-1.1815,48.2290],[-1.1848,48.2267]]}},{"type":"Feature","properties":{"name":"La Cantache"},"geometry":{"type":"LineString","coordinates":[[-1.1848,48.2267],[-1.1850,48.2267]]}},{"type":"Feature","properties":{"name":"La Cantache"},"geometry":{"type":"LineString","coordinates":[[-1.2235,48.1647],[-1.2243,48.1642],[-1.2238,48.1633],[-1.2275,48.1613],[-1.2301,48.1618],[-1.2399,48.1606],[-1.2407,48.1580],[-1.2426,48.1568],[-1.2420,48.1562],[-1.2428,48.1549],[-1.2464,48.1551],[-1.2478,48.1538],[-1.2491,48.1495],[-1.2478,48.1490],[-1.2471,48.1469],[-1.2491,48.1465],[-1.2509,48.1445],[-1.2547,48.1448],[-1.2587,48.1417],[-1.2582,48.1409],[-1.2598,48.1404],[-1.2643,48.1430],[-1.2672,48.1422],[-1.2682,48.1413],[-1.2676,48.1401],[-1.2729,48.1382],[-1.2739,48.1342],[-1.2766,48.1306],[-1.2824,48.1302],[-1.2857,48.1315],[-1.2889,48.1290],[-1.2938,48.1291],[-1.2944,48.1287],[-1.2930,48.1278],[-1.2943,48.1261],[-1.2933,48.1224],[-1.2994,48.1198],[-1.3006,48.1169],[-1.2992,48.1154]]}},{"type":"Feature","properties":{"name":"La Cantache"},"geometry":{"type":"LineString","coordinates":[[-1.1474,48.2583],[-1.1569,48.2533],[-1.1632,48.2525]]}},{"type":"Feature","properties":{"name":"La Cantache"},"geometry":{"type":"LineString","coordinates":[[-1.1473,48.2583],[-1.1474,48.2583]]}},{"type":"Feature","properties":{"name":"La Cantache"},"geometry":{"type":"LineString","coordinates":[[-1.1431,48.2594],[-1.1434,48.2594]]}},{"type":"Feature","properties":{"name":"La Cantache"},"geometry":{"type":"LineString","coordinates":[[-1.1456,48.2592],[-1.1469,48.2593],[-1.1473,48.2583]]}},{"type":"Feature","properties":{"name":"La Cantache"},"geometry":{"type":"LineString","coordinates":[[-1.1077,48.2667],[-1.1078,48.2667]]}},{"type":"Feature","properties":{"name":"La Cantache"},"geometry":{"type":"LineString","coordinates":[[-1.1180,48.2628],[-1.1180,48.2628]]}},{"type":"Feature","properties":{"name":"La Cantache"},"geometry":{"type":"LineString","coordinates":[[-1.0706,48.2800],[-1.0706,48.2799]]}},{"type":"Feature","properties":{"name":"La Cantache"},"geometry":{"type":"LineString","coordinates":[[-1.0670,48.2866],[-1.0670,48.2865]]}},{"type":"Feature","properties":{"name":"La Cantache"},"geometry":{"type":"LineString","coordinates":[[-1.2235,48.1647],[-1.2235,48.1647]]}},{"type":"Feature","properties":{"name":"La Cantache"},"geometry":{"type":"LineString","coordinates":[[-1.1871,48.2233],[-1.1897,48.2183],[-1.1912,48.2167],[-1.1926,48.2166],[-1.1926,48.2155],[-1.1907,48.2136],[-1.1911,48.2122],[-1.1860,48.2102],[-1.1857,48.2065],[-1.1822,48.2047],[-1.1816,48.2028],[-1.1840,48.2018],[-1.1851,48.1997],[-1.1889,48.1982],[-1.1883,48.1968],[-1.1898,48.1945],[-1.1932,48.1929],[-1.1924,48.1914]]}},{"type":"Feature","properties":{"name":"La Cantache"},"geometry":{"type":"LineString","coordinates":[[-1.1871,48.2234],[-1.1871,48.2233]]}},{"type":"Feature","properties":{"name":"La Cantache"},"geometry":{"type":"LineString","coordinates":[[-1.1850,48.2267],[-1.1871,48.2252],[-1.1871,48.2234]]}},{"type":"Feature","properties":{"name":"La Cantache"},"geometry":{"type":"LineString","coordinates":[[-1.1925,48.1913],[-1.1950,48.1875],[-1.1976,48.1869],[-1.1999,48.1834],[-1.2035,48.1825],[-1.2029,48.1808],[-1.2048,48.1778],[-1.2094,48.1751],[-1.2101,48.1732],[-1.2142,48.1705],[-1.2211,48.1699],[-1.2216,48.1668],[-1.2235,48.1647]]}},{"type":"Feature","properties":{"name":"La Cantache"},"geometry":{"type":"LineString","coordinates":[[-1.1924,48.1914],[-1.1925,48.1913]]}},{"type":"Feature","properties":{"name":"La Cantache"},"geometry":{"type":"LineString","coordinates":[[-1.2196,48.1698],[-1.2207,48.1700]]}},{"type":"Feature","properties":{"name":"La Cantache"},"geometry":{"type":"LineString","coordinates":[[-1.2200,48.1697],[-1.2214,48.1682]]}},{"type":"Feature","properties":{"name":"La Cantache"},"geometry":{"type":"LineString","coordinates":[[-1.1863,48.2255],[-1.1868,48.2255]]}},{"type":"Feature","properties":{"name":"La Cantache"},"geometry":{"type":"LineString","coordinates":[[-1.1856,48.2257],[-1.1863,48.2255]]}},{"type":"Feature","properties":{"name":"La Cantache"},"geometry":{"type":"LineString","coordinates":[[-1.1845,48.2264],[-1.1847,48.2263]]}},{"type":"Feature","properties":{"name":"La Cantache"},"geometry":{"type":"LineString","coordinates":[[-1.1843,48.2267],[-1.1845,48.2264]]}},{"type":"Feature","properties":{"name":"La Cantache"},"geometry":{"type":"LineString","coordinates":[[-1.1847,48.2263],[-1.1856,48.2257]]}},{"type":"Feature","properties":{"name":"L\u0027Ise"},"geometry":{"type":"LineString","coordinates":[[-1.6039,47.9944],[-1.6097,47.9952],[-1.6099,47.9967],[-1.6122,47.9985],[-1.6185,47.9985],[-1.6194,47.9995],[-1.6185,48.0014],[-1.6199,48.0029],[-1.6193,48.0044],[-1.6210,48.0062],[-1.6233,48.0060],[-1.6266,48.0078],[-1.6291,48.0070],[-1.6315,48.0081],[-1.6334,48.0107],[-1.6331,48.0116],[-1.6361,48.0128],[-1.6365,48.0138],[-1.6377,48.0137],[-1.6380,48.0146],[-1.6411,48.0154],[-1.6441,48.0177],[-1.6430,48.0183],[-1.6434,48.0191],[-1.6451,48.0190],[-1.6474,48.0217],[-1.6495,48.0219],[-1.6505,48.0237],[-1.6531,48.0240],[-1.6545,48.0252],[-1.6536,48.0269],[-1.6561,48.0323],[-1.6545,48.0327],[-1.6547,48.0341],[-1.6560,48.0346],[-1.6540,48.0355],[-1.6544,48.0364],[-1.6536,48.0368],[-1.6547,48.0392]]}},{"type":"Feature","properties":{"name":"L\u0027Ise"},"geometry":{"type":"LineString","coordinates":[[-1.5961,47.9508],[-1.5973,47.9510],[-1.5968,47.9526],[-1.5975,47.9529],[-1.5963,47.9533],[-1.5968,47.9540],[-1.5958,47.9555],[-1.5917,47.9560],[-1.5898,47.9579],[-1.5893,47.9621],[-1.5862,47.9635],[-1.5891,47.9656]]}},{"type":"Feature","properties":{"name":"L\u0027Ise"},"geometry":{"type":"LineString","coordinates":[[-1.5891,47.9656],[-1.5897,47.9670],[-1.5878,47.9697],[-1.5889,47.9700],[-1.5896,47.9720],[-1.5911,47.9722]]}},{"type":"Feature","properties":{"name":"L\u0027Ise"},"geometry":{"type":"LineString","coordinates":[[-1.5911,47.9722],[-1.5912,47.9722]]}},{"type":"Feature","properties":{"name":"L\u0027Ise"},"geometry":{"type":"LineString","coordinates":[[-1.6039,47.9922],[-1.6039,47.9923]]}},{"type":"Feature","properties":{"name":"L\u0027Ise"},"geometry":{"type":"LineString","coordinates":[[-1.5912,47.9722],[-1.5922,47.9751],[-1.5936,47.9751],[-1.5969,47.9794],[-1.5960,47.9818],[-1.5973,47.9823],[-1.5986,47.9854],[-1.5971,47.9887],[-1.6023,47.9892],[-1.6037,47.9906],[-1.6048,47.9902],[-1.6039,47.9922]]}},{"type":"Feature","properties":{"name":"L\u0027Ise"},"geometry":{"type":"LineString","coordinates":[[-1.6039,47.9923],[-1.6039,47.9944]]}},{"type":"Feature","properties":{"name":"L\u0027Ise"},"geometry":{"type":"LineString","coordinates":[[-1.6193,48.0044],[-1.6213,48.0058]]}},{"type":"Feature","properties":{"name":"La Bichetière"},"geometry":{"type":"LineString","coordinates":[[-1.2964,48.0927],[-1.3015,48.0956],[-1.3046,48.0952],[-1.3071,48.0967],[-1.3078,48.0988],[-1.3114,48.0974],[-1.3153,48.0986],[-1.3166,48.1015],[-1.3190,48.1028]]}},{"type":"Feature","properties":{"name":"La Bichetière"},"geometry":{"type":"LineString","coordinates":[[-1.2851,48.0822],[-1.2865,48.0834]]}},{"type":"Feature","properties":{"name":"La Bichetière"},"geometry":{"type":"LineString","coordinates":[[-1.3227,48.1082],[-1.3229,48.1083]]}},{"type":"Feature","properties":{"name":"La Bichetière"},"geometry":{"type":"LineString","coordinates":[[-1.3245,48.1084],[-1.3250,48.1086]]}},{"type":"Feature","properties":{"name":"La Bichetière"},"geometry":{"type":"LineString","coordinates":[[-1.3229,48.1083],[-1.3245,48.1084]]}},{"type":"Feature","properties":{"name":"La Bichetière"},"geometry":{"type":"LineString","coordinates":[[-1.3251,48.1085],[-1.3258,48.1091]]}},{"type":"Feature","properties":{"name":"La Bichetière"},"geometry":{"type":"LineString","coordinates":[[-1.3191,48.1034],[-1.3192,48.1041]]}},{"type":"Feature","properties":{"name":"La Bichetière"},"geometry":{"type":"LineString","coordinates":[[-1.3190,48.1028],[-1.3191,48.1034]]}},{"type":"Feature","properties":{"name":"La Bichetière"},"geometry":{"type":"LineString","coordinates":[[-1.3192,48.1041],[-1.3214,48.1056],[-1.3227,48.1082]]}},{"type":"Feature","properties":{"name":"La Bichetière"},"geometry":{"type":"LineString","coordinates":[[-1.2865,48.0834],[-1.2903,48.0878],[-1.2941,48.0881],[-1.2934,48.0902],[-1.2953,48.0908],[-1.2962,48.0926]]}},{"type":"Feature","properties":{"name":"La Bichetière"},"geometry":{"type":"LineString","coordinates":[[-1.3250,48.1086],[-1.3251,48.1085]]}},{"type":"Feature","properties":{"name":"La Bichetière"},"geometry":{"type":"LineString","coordinates":[[-1.2962,48.0926],[-1.2964,48.0927]]}},{"type":"Feature","properties":{"name":"Le Frémur"},"geometry":{"type":"LineString","coordinates":[[-2.0688,48.5000],[-2.0675,48.5009],[-2.0674,48.5023],[-2.0663,48.5024],[-2.0592,48.5096],[-2.0578,48.5132],[-2.0587,48.5165],[-2.0619,48.5187],[-2.0617,48.5204],[-2.0602,48.5223],[-2.0653,48.5283],[-2.0697,48.5320],[-2.0676,48.5348],[-2.0680,48.5356],[-2.0728,48.5362],[-2.0725,48.5417],[-2.0769,48.5445],[-2.0767,48.5482],[-2.0748,48.5493],[-2.0742,48.5521],[-2.0758,48.5538],[-2.0746,48.5586],[-2.0786,48.5599],[-2.0795,48.5621],[-2.0786,48.5642],[-2.0810,48.5655],[-2.0813,48.5678],[-2.0837,48.5697],[-2.0877,48.5708],[-2.0928,48.5699],[-2.0945,48.5711],[-2.0945,48.5730],[-2.0976,48.5767],[-2.1018,48.5762],[-2.1044,48.5790],[-2.1047,48.5809],[-2.1072,48.5808],[-2.1088,48.5834],[-2.1108,48.5845],[-2.1148,48.5838],[-2.1154,48.5853],[-2.1238,48.5896],[-2.1259,48.5939],[-2.1260,48.5958],[-2.1248,48.5962],[-2.1263,48.5972],[-2.1250,48.5980],[-2.1272,48.5981],[-2.1248,48.5987],[-2.1256,48.5997],[-2.1234,48.6027],[-2.1243,48.6037],[-2.1238,48.6045]]}},{"type":"Feature","properties":{"name":"Le Frémur"},"geometry":{"type":"LineString","coordinates":[[-2.0691,48.4997],[-2.0688,48.5000]]}},{"type":"Feature","properties":{"name":"Le Frémur"},"geometry":{"type":"LineString","coordinates":[[-2.0938,48.4851],[-2.0918,48.4853],[-2.0901,48.4880],[-2.0868,48.4886],[-2.0860,48.4909],[-2.0841,48.4911],[-2.0815,48.4966],[-2.0707,48.4983],[-2.0691,48.4997]]}},{"type":"Feature","properties":{"name":"Le Frémur"},"geometry":{"type":"LineString","coordinates":[[-2.1238,48.6045],[-2.1267,48.6074],[-2.1292,48.6071],[-2.1295,48.6089],[-2.1386,48.6109],[-2.1380,48.6125],[-2.1392,48.6151],[-2.1391,48.6213],[-2.1410,48.6228],[-2.1441,48.6222]]}},{"type":"Feature","properties":{"name":"Le Frémur"},"geometry":{"type":"LineString","coordinates":[[-2.1348,48.6100],[-2.1380,48.6125]]}},{"type":"Feature","properties":{"name":"Le Frémur"},"geometry":{"type":"LineString","coordinates":[[-2.0939,48.4851],[-2.0938,48.4851]]}},{"type":"Feature","properties":{"name":"Le Frémur"},"geometry":{"type":"LineString","coordinates":[[-2.0955,48.4849],[-2.0939,48.4851]]}},{"type":"Feature","properties":{"name":"La Glaine"},"geometry":{"type":"LineString","coordinates":[[-1.0790,48.4183],[-1.0775,48.4209],[-1.0786,48.4229],[-1.0783,48.4256],[-1.0793,48.4259],[-1.0804,48.4290],[-1.0830,48.4302],[-1.0818,48.4326],[-1.0836,48.4336],[-1.0818,48.4364],[-1.0823,48.4379],[-1.0810,48.4388],[-1.0812,48.4411],[-1.0802,48.4422]]}},{"type":"Feature","properties":{"name":"La Glaine"},"geometry":{"type":"LineString","coordinates":[[-1.0827,48.4588],[-1.0847,48.4600],[-1.0850,48.4626]]}},{"type":"Feature","properties":{"name":"La Glaine"},"geometry":{"type":"LineString","coordinates":[[-1.0791,48.4437],[-1.0788,48.4494],[-1.0771,48.4507],[-1.0788,48.4523]]}},{"type":"Feature","properties":{"name":"La Glaine"},"geometry":{"type":"LineString","coordinates":[[-1.0850,48.4635],[-1.0815,48.4638],[-1.0819,48.4658],[-1.0808,48.4671],[-1.0774,48.4684],[-1.0782,48.4697],[-1.0764,48.4714],[-1.0771,48.4725],[-1.0758,48.4733],[-1.0766,48.4755],[-1.0753,48.4774]]}},{"type":"Feature","properties":{"name":"La Glaine"},"geometry":{"type":"LineString","coordinates":[[-1.0689,48.4055],[-1.0704,48.4065],[-1.0702,48.4075],[-1.0745,48.4086],[-1.0759,48.4110]]}},{"type":"Feature","properties":{"name":"La Glaine"},"geometry":{"type":"LineString","coordinates":[[-1.0788,48.4523],[-1.0796,48.4531],[-1.0786,48.4545],[-1.0818,48.4566],[-1.0827,48.4588]]}},{"type":"Feature","properties":{"name":"La Glaine"},"geometry":{"type":"LineString","coordinates":[[-1.0788,48.4523],[-1.0788,48.4523]]}},{"type":"Feature","properties":{"name":"La Glaine"},"geometry":{"type":"LineString","coordinates":[[-1.0851,48.4628],[-1.0850,48.4635]]}},{"type":"Feature","properties":{"name":"La Glaine"},"geometry":{"type":"LineString","coordinates":[[-1.0850,48.4626],[-1.0851,48.4628]]}},{"type":"Feature","properties":{"name":"La Glaine"},"geometry":{"type":"LineString","coordinates":[[-1.0790,48.4434],[-1.0791,48.4437]]}},{"type":"Feature","properties":{"name":"La Glaine"},"geometry":{"type":"LineString","coordinates":[[-1.0802,48.4422],[-1.0790,48.4434]]}},{"type":"Feature","properties":{"name":"La Glaine"},"geometry":{"type":"LineString","coordinates":[[-1.0805,48.4156],[-1.0790,48.4183]]}},{"type":"Feature","properties":{"name":"La Glaine"},"geometry":{"type":"LineString","coordinates":[[-1.0759,48.4110],[-1.0802,48.4138],[-1.0805,48.4156]]}},{"type":"Feature","properties":{"name":"La Glaine"},"geometry":{"type":"LineString","coordinates":[[-1.0627,48.3954],[-1.0627,48.3955]]}},{"type":"Feature","properties":{"name":"La Glaine"},"geometry":{"type":"LineString","coordinates":[[-1.0626,48.3952],[-1.0627,48.3954]]}},{"type":"Feature","properties":{"name":"La Glaine"},"geometry":{"type":"LineString","coordinates":[[-1.0627,48.3955],[-1.0620,48.3967],[-1.0632,48.3991],[-1.0673,48.4016],[-1.0689,48.4055]]}},{"type":"Feature","properties":{"name":"L\u0027Argos"},"geometry":{"type":"LineString","coordinates":[[-1.0198,47.6251],[-1.0071,47.6212],[-1.0071,47.6187],[-1.0058,47.6170],[-0.9994,47.6161],[-1.0005,47.6134],[-0.9972,47.6118],[-0.9888,47.6120],[-0.9854,47.6133],[-0.9818,47.6122]]}},{"type":"Feature","properties":{"name":"L\u0027Argos"},"geometry":{"type":"LineString","coordinates":[[-1.0201,47.6252],[-1.0198,47.6251]]}},{"type":"Feature","properties":{"name":"L\u0027Argos"},"geometry":{"type":"LineString","coordinates":[[-1.0421,47.6321],[-1.0404,47.6309],[-1.0412,47.6287],[-1.0400,47.6273],[-1.0321,47.6264],[-1.0292,47.6240],[-1.0265,47.6242]]}},{"type":"Feature","properties":{"name":"L\u0027Argos"},"geometry":{"type":"LineString","coordinates":[[-1.0265,47.6242],[-1.0264,47.6242]]}},{"type":"Feature","properties":{"name":"L\u0027Argos"},"geometry":{"type":"LineString","coordinates":[[-1.0264,47.6242],[-1.0201,47.6252]]}},{"type":"Feature","properties":{"name":"Le Don"},"geometry":{"type":"LineString","coordinates":[[-1.9124,47.6536],[-1.9137,47.6563],[-1.9208,47.6576],[-1.9232,47.6610],[-1.9303,47.6633],[-1.9334,47.6698],[-1.9369,47.6710],[-1.9424,47.6699],[-1.9568,47.6712]]}},{"type":"Feature","properties":{"name":"Le Don"},"geometry":{"type":"LineString","coordinates":[[-1.8909,47.6371],[-1.8958,47.6401],[-1.8962,47.6433],[-1.9011,47.6463],[-1.9056,47.6478],[-1.9124,47.6536]]}},{"type":"Feature","properties":{"name":"Le Don"},"geometry":{"type":"LineString","coordinates":[[-1.7150,47.6122],[-1.7177,47.6113]]}},{"type":"Feature","properties":{"name":"Le Don"},"geometry":{"type":"LineString","coordinates":[[-1.6137,47.6073],[-1.6201,47.6020]]}},{"type":"Feature","properties":{"name":"Le Don"},"geometry":{"type":"LineString","coordinates":[[-1.6530,47.6021],[-1.6573,47.6034]]}},{"type":"Feature","properties":{"name":"Le Don"},"geometry":{"type":"LineString","coordinates":[[-1.6854,47.6037],[-1.6892,47.6034],[-1.6928,47.6043],[-1.7037,47.6124],[-1.7119,47.6120]]}},{"type":"Feature","properties":{"name":"Le Don"},"geometry":{"type":"LineString","coordinates":[[-1.4400,47.6178],[-1.4416,47.6180],[-1.4432,47.6204],[-1.4525,47.6201],[-1.4573,47.6189],[-1.4649,47.6146],[-1.4667,47.6147],[-1.4691,47.6160],[-1.4705,47.6183],[-1.4692,47.6214],[-1.4701,47.6232],[-1.4685,47.6243],[-1.4689,47.6257],[-1.4761,47.6254],[-1.4773,47.6219],[-1.4807,47.6215],[-1.4838,47.6199],[-1.4838,47.6187],[-1.4865,47.6177],[-1.4883,47.6182],[-1.4885,47.6192],[-1.4933,47.6227],[-1.4936,47.6249],[-1.4961,47.6254],[-1.4996,47.6233],[-1.4990,47.6225],[-1.4999,47.6213],[-1.5010,47.6217],[-1.5039,47.6201],[-1.5033,47.6183],[-1.5009,47.6166],[-1.5032,47.6140],[-1.5080,47.6152],[-1.5112,47.6139],[-1.5115,47.6099],[-1.5095,47.6088],[-1.5091,47.6066],[-1.5118,47.6057],[-1.5163,47.6069],[-1.5188,47.6063],[-1.5217,47.6084],[-1.5214,47.6104],[-1.5173,47.6136],[-1.5194,47.6160],[-1.5259,47.6159],[-1.5295,47.6170],[-1.5320,47.6156],[-1.5383,47.6171],[-1.5454,47.6139],[-1.5534,47.6175]]}},{"type":"Feature","properties":{"name":"Le Don"},"geometry":{"type":"LineString","coordinates":[[-1.2155,47.6495],[-1.2294,47.6503],[-1.2340,47.6481],[-1.2354,47.6447],[-1.2376,47.6431],[-1.2329,47.6417]]}},{"type":"Feature","properties":{"name":"Le Don"},"geometry":{"type":"LineString","coordinates":[[-1.6201,47.6020],[-1.6213,47.6016]]}},{"type":"Feature","properties":{"name":"Le Don"},"geometry":{"type":"LineString","coordinates":[[-1.7119,47.6120],[-1.7135,47.6122]]}},{"type":"Feature","properties":{"name":"Le Don"},"geometry":{"type":"LineString","coordinates":[[-1.7321,47.6105],[-1.7355,47.6097]]}},{"type":"Feature","properties":{"name":"Le Don"},"geometry":{"type":"LineString","coordinates":[[-1.7119,47.6120],[-1.7135,47.6122]]}},{"type":"Feature","properties":{"name":"Le Don"},"geometry":{"type":"LineString","coordinates":[[-1.7678,47.6179],[-1.7804,47.6166],[-1.7898,47.6233],[-1.7996,47.6217],[-1.8047,47.6192],[-1.8102,47.6194],[-1.8144,47.6207],[-1.8172,47.6231],[-1.8311,47.6271],[-1.8416,47.6239],[-1.8513,47.6225],[-1.8585,47.6200],[-1.8621,47.6224],[-1.8598,47.6282],[-1.8614,47.6302],[-1.8643,47.6312],[-1.8731,47.6300],[-1.8830,47.6351],[-1.8909,47.6371]]}},{"type":"Feature","properties":{"name":"Le Don"},"geometry":{"type":"LineString","coordinates":[[-1.5534,47.6175],[-1.5573,47.6170],[-1.5598,47.6189]]}},{"type":"Feature","properties":{"name":"Le Don"},"geometry":{"type":"LineString","coordinates":[[-1.5598,47.6189],[-1.5604,47.6195],[-1.5600,47.6211],[-1.5632,47.6217],[-1.5683,47.6203],[-1.5706,47.6186],[-1.5703,47.6175],[-1.5717,47.6164],[-1.5760,47.6159],[-1.5825,47.6201],[-1.5813,47.6230],[-1.5847,47.6267],[-1.5896,47.6265],[-1.5940,47.6232],[-1.5984,47.6227],[-1.6007,47.6233],[-1.6035,47.6258],[-1.6048,47.6256],[-1.6092,47.6234],[-1.6109,47.6215],[-1.6107,47.6194],[-1.6079,47.6158],[-1.6107,47.6102],[-1.6137,47.6073]]}},{"type":"Feature","properties":{"name":"Le Don"},"geometry":{"type":"LineString","coordinates":[[-1.7355,47.6097],[-1.7393,47.6093],[-1.7416,47.6106]]}},{"type":"Feature","properties":{"name":"Le Don"},"geometry":{"type":"LineString","coordinates":[[-1.7416,47.6106],[-1.7415,47.6108]]}},{"type":"Feature","properties":{"name":"Le Don"},"geometry":{"type":"LineString","coordinates":[[-1.7188,47.6113],[-1.7243,47.6118],[-1.7321,47.6105]]}},{"type":"Feature","properties":{"name":"Le Don"},"geometry":{"type":"LineString","coordinates":[[-1.7416,47.6106],[-1.7421,47.6110]]}},{"type":"Feature","properties":{"name":"Le Don"},"geometry":{"type":"LineString","coordinates":[[-1.6573,47.6034],[-1.6609,47.6031],[-1.6685,47.6056],[-1.6763,47.6054],[-1.6828,47.6033],[-1.6854,47.6037]]}},{"type":"Feature","properties":{"name":"Le Don"},"geometry":{"type":"LineString","coordinates":[[-1.7177,47.6113],[-1.7188,47.6113]]}},{"type":"Feature","properties":{"name":"Le Don"},"geometry":{"type":"LineString","coordinates":[[-1.7415,47.6108],[-1.7421,47.6110]]}},{"type":"Feature","properties":{"name":"Le Don"},"geometry":{"type":"LineString","coordinates":[[-1.7135,47.6122],[-1.7150,47.6122]]}},{"type":"Feature","properties":{"name":"Le Don"},"geometry":{"type":"LineString","coordinates":[[-1.7421,47.6110],[-1.7458,47.6122],[-1.7469,47.6154],[-1.7494,47.6177],[-1.7611,47.6159],[-1.7678,47.6179]]}},{"type":"Feature","properties":{"name":"Le Don"},"geometry":{"type":"LineString","coordinates":[[-1.6213,47.6016],[-1.6280,47.6024],[-1.6309,47.6038],[-1.6375,47.6024],[-1.6421,47.6001],[-1.6451,47.6004],[-1.6454,47.6015],[-1.6530,47.6021]]}},{"type":"Feature","properties":{"name":"Le Don"},"geometry":{"type":"LineString","coordinates":[[-1.3109,47.6178],[-1.3123,47.6150],[-1.3139,47.6141],[-1.3183,47.6173],[-1.3210,47.6170]]}},{"type":"Feature","properties":{"name":"Le Don"},"geometry":{"type":"LineString","coordinates":[[-1.3471,47.6046],[-1.3498,47.6068],[-1.3549,47.6080],[-1.3589,47.6102],[-1.3589,47.6112],[-1.3619,47.6115],[-1.3627,47.6128],[-1.3651,47.6137],[-1.3676,47.6123],[-1.3697,47.6129],[-1.3730,47.6105],[-1.3758,47.6114],[-1.3763,47.6126],[-1.3799,47.6133],[-1.3821,47.6122],[-1.3861,47.6133],[-1.3921,47.6115],[-1.3930,47.6124],[-1.3950,47.6117],[-1.3969,47.6125],[-1.3993,47.6115],[-1.4015,47.6123],[-1.4031,47.6106],[-1.4091,47.6107],[-1.4097,47.6112],[-1.4090,47.6124],[-1.4130,47.6185],[-1.4198,47.6196],[-1.4226,47.6221],[-1.4296,47.6199],[-1.4345,47.6202],[-1.4383,47.6189],[-1.4385,47.6177],[-1.4400,47.6178]]}},{"type":"Feature","properties":{"name":"Le Don"},"geometry":{"type":"LineString","coordinates":[[-1.2127,47.6501],[-1.2154,47.6495]]}},{"type":"Feature","properties":{"name":"Le Don"},"geometry":{"type":"LineString","coordinates":[[-1.2125,47.6500],[-1.2127,47.6501]]}},{"type":"Feature","properties":{"name":"Le Don"},"geometry":{"type":"LineString","coordinates":[[-1.2154,47.6495],[-1.2155,47.6495]]}},{"type":"Feature","properties":{"name":"Le Don"},"geometry":{"type":"LineString","coordinates":[[-1.2016,47.6548],[-1.2024,47.6534],[-1.2119,47.6513],[-1.2125,47.6500]]}},{"type":"Feature","properties":{"name":"Le Don"},"geometry":{"type":"LineString","coordinates":[[-1.2329,47.6417],[-1.2329,47.6415]]}},{"type":"Feature","properties":{"name":"Le Don"},"geometry":{"type":"LineString","coordinates":[[-1.2329,47.6415],[-1.2348,47.6387],[-1.2332,47.6354],[-1.2360,47.6349],[-1.2361,47.6340],[-1.2377,47.6337],[-1.2379,47.6323],[-1.2394,47.6322],[-1.2412,47.6337],[-1.2439,47.6324],[-1.2456,47.6329],[-1.2473,47.6351],[-1.2488,47.6354],[-1.2500,47.6323],[-1.2539,47.6322],[-1.2542,47.6311],[-1.2524,47.6293],[-1.2543,47.6284],[-1.2556,47.6289],[-1.2598,47.6273],[-1.2622,47.6280],[-1.2651,47.6271],[-1.2692,47.6280],[-1.2721,47.6255],[-1.2775,47.6271],[-1.2803,47.6238],[-1.2826,47.6243],[-1.2876,47.6229],[-1.2911,47.6246],[-1.2929,47.6243],[-1.2958,47.6223],[-1.2965,47.6195],[-1.2982,47.6194],[-1.2990,47.6175],[-1.3013,47.6163],[-1.3109,47.6178]]}},{"type":"Feature","properties":{"name":"Le Petit Don"},"geometry":{"type":"LineString","coordinates":[[-1.2649,47.6094],[-1.2701,47.6100],[-1.2714,47.6112],[-1.2713,47.6127],[-1.2765,47.6127],[-1.2779,47.6151],[-1.2804,47.6150],[-1.2825,47.6167],[-1.2874,47.6165],[-1.2949,47.6181],[-1.2990,47.6177]]}},{"type":"Feature","properties":{"name":"Le Petit Don"},"geometry":{"type":"LineString","coordinates":[[-1.2647,47.6094],[-1.2649,47.6094]]}},{"type":"Feature","properties":{"name":"Le Petit Don"},"geometry":{"type":"LineString","coordinates":[[-1.2369,47.6135],[-1.2390,47.6131],[-1.2413,47.6091],[-1.2467,47.6102],[-1.2471,47.6083],[-1.2487,47.6077],[-1.2528,47.6081],[-1.2585,47.6066],[-1.2608,47.6096],[-1.2647,47.6094]]}},{"type":"Feature","properties":{"name":"La Guerge"},"geometry":{"type":"LineString","coordinates":[[-1.3571,48.5195],[-1.3588,48.5193],[-1.3609,48.5173],[-1.3770,48.5163]]}},{"type":"Feature","properties":{"name":"La Guerge"},"geometry":{"type":"LineString","coordinates":[[-1.3485,48.5195],[-1.3511,48.5205],[-1.3571,48.5195]]}},{"type":"Feature","properties":{"name":"La Guerge"},"geometry":{"type":"LineString","coordinates":[[-1.4241,48.5062],[-1.4277,48.5023],[-1.4326,48.5028]]}},{"type":"Feature","properties":{"name":"La Guerge"},"geometry":{"type":"LineString","coordinates":[[-1.3770,48.5163],[-1.3836,48.5130],[-1.3877,48.5127],[-1.3897,48.5108]]}},{"type":"Feature","properties":{"name":"La Guerge"},"geometry":{"type":"LineString","coordinates":[[-1.4088,48.4951],[-1.4120,48.4968],[-1.4115,48.4974],[-1.4153,48.5017]]}},{"type":"Feature","properties":{"name":"La Guerge"},"geometry":{"type":"LineString","coordinates":[[-1.4153,48.5017],[-1.4188,48.5046],[-1.4187,48.5057],[-1.4241,48.5062]]}},{"type":"Feature","properties":{"name":"La Guerge"},"geometry":{"type":"LineString","coordinates":[[-1.3902,48.5102],[-1.3947,48.5046]]}},{"type":"Feature","properties":{"name":"La Guerge"},"geometry":{"type":"LineString","coordinates":[[-1.4540,48.5053],[-1.4587,48.5024],[-1.4658,48.5012],[-1.4672,48.4980],[-1.4741,48.4934],[-1.4767,48.4937],[-1.4777,48.4929],[-1.4799,48.4947],[-1.4845,48.4952],[-1.4860,48.4965],[-1.4898,48.4962]]}},{"type":"Feature","properties":{"name":"La Guerge"},"geometry":{"type":"LineString","coordinates":[[-1.3947,48.5046],[-1.3941,48.5035],[-1.3960,48.5014]]}},{"type":"Feature","properties":{"name":"La Guerge"},"geometry":{"type":"LineString","coordinates":[[-1.3967,48.5020],[-1.3996,48.5020],[-1.4009,48.5029],[-1.4040,48.5024],[-1.4046,48.5009],[-1.4031,48.4991],[-1.4053,48.4968],[-1.4088,48.4951]]}},{"type":"Feature","properties":{"name":"La Guerge"},"geometry":{"type":"LineString","coordinates":[[-1.3246,48.5049],[-1.3247,48.5049]]}},{"type":"Feature","properties":{"name":"La Guerge"},"geometry":{"type":"LineString","coordinates":[[-1.3247,48.5049],[-1.3256,48.5058]]}},{"type":"Feature","properties":{"name":"La Guerge"},"geometry":{"type":"LineString","coordinates":[[-1.3256,48.5058],[-1.3257,48.5059]]}},{"type":"Feature","properties":{"name":"La Guerge"},"geometry":{"type":"LineString","coordinates":[[-1.3220,48.5000],[-1.3243,48.4994],[-1.3251,48.5002],[-1.3241,48.5021],[-1.3253,48.5034],[-1.3246,48.5049]]}},{"type":"Feature","properties":{"name":"La Guerge"},"geometry":{"type":"LineString","coordinates":[[-1.3961,48.5014],[-1.3967,48.5020]]}},{"type":"Feature","properties":{"name":"La Guerge"},"geometry":{"type":"LineString","coordinates":[[-1.3960,48.5014],[-1.3961,48.5014]]}},{"type":"Feature","properties":{"name":"La Guerge"},"geometry":{"type":"LineString","coordinates":[[-1.4505,48.5066],[-1.4540,48.5053]]}},{"type":"Feature","properties":{"name":"La Guerge"},"geometry":{"type":"LineString","coordinates":[[-1.4504,48.5066],[-1.4505,48.5066]]}},{"type":"Feature","properties":{"name":"La Guerge"},"geometry":{"type":"LineString","coordinates":[[-1.4540,48.5053],[-1.4540,48.5053]]}},{"type":"Feature","properties":{"name":"La Guerge"},"geometry":{"type":"LineString","coordinates":[[-1.4351,48.5032],[-1.4363,48.5035],[-1.4362,48.5047],[-1.4394,48.5057]]}},{"type":"Feature","properties":{"name":"La Guerge"},"geometry":{"type":"LineString","coordinates":[[-1.4350,48.5031],[-1.4351,48.5032]]}},{"type":"Feature","properties":{"name":"La Guerge"},"geometry":{"type":"LineString","coordinates":[[-1.4326,48.5028],[-1.4350,48.5031]]}},{"type":"Feature","properties":{"name":"La Guerge"},"geometry":{"type":"LineString","coordinates":[[-1.4394,48.5057],[-1.4394,48.5057]]}},{"type":"Feature","properties":{"name":"La Guerge"},"geometry":{"type":"LineString","coordinates":[[-1.4394,48.5057],[-1.4453,48.5050],[-1.4466,48.5062],[-1.4504,48.5066]]}},{"type":"Feature","properties":{"name":"La Guerge"},"geometry":{"type":"LineString","coordinates":[[-1.3407,48.5173],[-1.3410,48.5174]]}},{"type":"Feature","properties":{"name":"La Guerge"},"geometry":{"type":"LineString","coordinates":[[-1.3257,48.5059],[-1.3269,48.5069],[-1.3266,48.5078],[-1.3329,48.5118],[-1.3335,48.5131],[-1.3360,48.5130],[-1.3407,48.5173]]}},{"type":"Feature","properties":{"name":"La Guerge"},"geometry":{"type":"LineString","coordinates":[[-1.3477,48.5192],[-1.3485,48.5195]]}},{"type":"Feature","properties":{"name":"La Guerge"},"geometry":{"type":"LineString","coordinates":[[-1.3410,48.5174],[-1.3440,48.5190],[-1.3477,48.5192]]}},{"type":"Feature","properties":{"name":"La Guerge"},"geometry":{"type":"LineString","coordinates":[[-1.3902,48.5102],[-1.3902,48.5102]]}},{"type":"Feature","properties":{"name":"La Guerge"},"geometry":{"type":"LineString","coordinates":[[-1.3897,48.5108],[-1.3902,48.5102]]}},{"type":"Feature","properties":{"name":"L\u0027Yvel"},"geometry":{"type":"LineString","coordinates":[[-2.4024,48.1866],[-2.4030,48.1835],[-2.4023,48.1817],[-2.3981,48.1783],[-2.3968,48.1758],[-2.3830,48.1702],[-2.3832,48.1691],[-2.3822,48.1693],[-2.3788,48.1667],[-2.3773,48.1625],[-2.3730,48.1581],[-2.3735,48.1572],[-2.3703,48.1565],[-2.3706,48.1559],[-2.3681,48.1543],[-2.3689,48.1503],[-2.3738,48.1470],[-2.3730,48.1460],[-2.3753,48.1448],[-2.3763,48.1428],[-2.3745,48.1388],[-2.3764,48.1370],[-2.3743,48.1340],[-2.3744,48.1324],[-2.3752,48.1321],[-2.3743,48.1293],[-2.3758,48.1280],[-2.3758,48.1267],[-2.3730,48.1230],[-2.3716,48.1226],[-2.3707,48.1205],[-2.3683,48.1199],[-2.3665,48.1159],[-2.3626,48.1143],[-2.3621,48.1124],[-2.3584,48.1110],[-2.3556,48.1110],[-2.3529,48.1085],[-2.3438,48.1052],[-2.3447,48.1041],[-2.3429,48.1020],[-2.3432,48.1007],[-2.3387,48.0979],[-2.3385,48.0938],[-2.3326,48.0924],[-2.3330,48.0917],[-2.3318,48.0912],[-2.3284,48.0849],[-2.3256,48.0850],[-2.3207,48.0809],[-2.3227,48.0782],[-2.3260,48.0784],[-2.3293,48.0770],[-2.3294,48.0748],[-2.3260,48.0720],[-2.3276,48.0701],[-2.3271,48.0665],[-2.3283,48.0654],[-2.3274,48.0632],[-2.3293,48.0627],[-2.3283,48.0618],[-2.3293,48.0595],[-2.3282,48.0565],[-2.3240,48.0567],[-2.3224,48.0549],[-2.3192,48.0548],[-2.3158,48.0526],[-2.3147,48.0503],[-2.3183,48.0481],[-2.3188,48.0463],[-2.3175,48.0449],[-2.3178,48.0432],[-2.3211,48.0425],[-2.3302,48.0427],[-2.3321,48.0411],[-2.3302,48.0355],[-2.3324,48.0340],[-2.3367,48.0344],[-2.3420,48.0376],[-2.3440,48.0375],[-2.3444,48.0364],[-2.3467,48.0357],[-2.3470,48.0345],[-2.3452,48.0315],[-2.3485,48.0273],[-2.3461,48.0263],[-2.3526,48.0231],[-2.3521,48.0213],[-2.3576,48.0140],[-2.3615,48.0146],[-2.3633,48.0157],[-2.3630,48.0166],[-2.3666,48.0181],[-2.3708,48.0166],[-2.3708,48.0147],[-2.3741,48.0151]]}},{"type":"Feature","properties":{"name":"Canal de Nantes à Brest - L\u0027Oust Canalisé"},"geometry":{"type":"LineString","coordinates":[[-2.1182,47.7082],[-2.1223,47.7017],[-2.1218,47.6995],[-2.1227,47.6949],[-2.1250,47.6911],[-2.1216,47.6882],[-2.1212,47.6874],[-2.1225,47.6854]]}},{"type":"Feature","properties":{"name":"Canal de Nantes à Brest - L\u0027Oust Canalisé"},"geometry":{"type":"LineString","coordinates":[[-2.3143,47.7793],[-2.3137,47.7784],[-2.3155,47.7679],[-2.3175,47.7650],[-2.3161,47.7584],[-2.3148,47.7572],[-2.3105,47.7569],[-2.2978,47.7513]]}},{"type":"Feature","properties":{"name":"Canal de Nantes à Brest - L\u0027Oust Canalisé"},"geometry":{"type":"LineString","coordinates":[[-2.2273,47.7371],[-2.2212,47.7311],[-2.2142,47.7290],[-2.2118,47.7248],[-2.1854,47.7231]]}},{"type":"Feature","properties":{"name":"Canal de Nantes à Brest - L\u0027Oust Canalisé"},"geometry":{"type":"LineString","coordinates":[[-2.3173,47.7845],[-2.3143,47.7793]]}},{"type":"Feature","properties":{"name":"Canal de Nantes à Brest - L\u0027Oust Canalisé"},"geometry":{"type":"LineString","coordinates":[[-2.2906,47.7478],[-2.2886,47.7451],[-2.2812,47.7437]]}},{"type":"Feature","properties":{"name":"Canal de Nantes à Brest - L\u0027Oust Canalisé"},"geometry":{"type":"LineString","coordinates":[[-2.2812,47.7437],[-2.2759,47.7431],[-2.2714,47.7444],[-2.2682,47.7466],[-2.2617,47.7451],[-2.2579,47.7405]]}},{"type":"Feature","properties":{"name":"Canal de Nantes à Brest - L\u0027Oust Canalisé"},"geometry":{"type":"LineString","coordinates":[[-2.1239,47.7136],[-2.1181,47.7099],[-2.1182,47.7082]]}},{"type":"Feature","properties":{"name":"Canal de Nantes à Brest - L\u0027Oust Canalisé"},"geometry":{"type":"LineString","coordinates":[[-2.2552,47.7382],[-2.2491,47.7366],[-2.2452,47.7378],[-2.2402,47.7410],[-2.2365,47.7414],[-2.2317,47.7401],[-2.2273,47.7371]]}},{"type":"Feature","properties":{"name":"La Valière"},"geometry":{"type":"LineString","coordinates":[[-1.1887,48.0764],[-1.1919,48.0780],[-1.1913,48.0791],[-1.1936,48.0796],[-1.1936,48.0810],[-1.1946,48.0817],[-1.1993,48.0810],[-1.2007,48.0824]]}},{"type":"Feature","properties":{"name":"La Valière"},"geometry":{"type":"LineString","coordinates":[[-1.1579,48.1039],[-1.1577,48.1013],[-1.1566,48.1005],[-1.1614,48.0979],[-1.1621,48.0956],[-1.1604,48.0945],[-1.1616,48.0932],[-1.1633,48.0939],[-1.1643,48.0923],[-1.1628,48.0914],[-1.1643,48.0886],[-1.1625,48.0876],[-1.1632,48.0862],[-1.1621,48.0848],[-1.1628,48.0826]]}},{"type":"Feature","properties":{"name":"La Valière"},"geometry":{"type":"LineString","coordinates":[[-1.1666,48.0766],[-1.1734,48.0750],[-1.1754,48.0757],[-1.1772,48.0748],[-1.1780,48.0755],[-1.1833,48.0751]]}},{"type":"Feature","properties":{"name":"La Valière"},"geometry":{"type":"LineString","coordinates":[[-1.1632,48.0824],[-1.1648,48.0821]]}},{"type":"Feature","properties":{"name":"La Valière"},"geometry":{"type":"LineString","coordinates":[[-1.1579,48.1042],[-1.1579,48.1039]]}},{"type":"Feature","properties":{"name":"La Valière"},"geometry":{"type":"LineString","coordinates":[[-1.1665,48.0767],[-1.1666,48.0766]]}},{"type":"Feature","properties":{"name":"La Valière"},"geometry":{"type":"LineString","coordinates":[[-1.1648,48.0821],[-1.1655,48.0808]]}},{"type":"Feature","properties":{"name":"La Valière"},"geometry":{"type":"LineString","coordinates":[[-1.0447,48.1117],[-1.0449,48.1122]]}},{"type":"Feature","properties":{"name":"La Valière"},"geometry":{"type":"LineString","coordinates":[[-1.0389,48.1115],[-1.0410,48.1109],[-1.0447,48.1117]]}},{"type":"Feature","properties":{"name":"La Valière"},"geometry":{"type":"LineString","coordinates":[[-1.0449,48.1122],[-1.0500,48.1136]]}},{"type":"Feature","properties":{"name":"La Valière"},"geometry":{"type":"LineString","coordinates":[[-1.0499,48.1138],[-1.0556,48.1150],[-1.0579,48.1168],[-1.0640,48.1164],[-1.0689,48.1128]]}},{"type":"Feature","properties":{"name":"La Valière"},"geometry":{"type":"LineString","coordinates":[[-1.1103,48.1120],[-1.1136,48.1107],[-1.1217,48.1113],[-1.1254,48.1090],[-1.1305,48.1089],[-1.1330,48.1078],[-1.1344,48.1084],[-1.1389,48.1062],[-1.1421,48.1069],[-1.1445,48.1063],[-1.1503,48.1078],[-1.1559,48.1067]]}},{"type":"Feature","properties":{"name":"La Valière"},"geometry":{"type":"LineString","coordinates":[[-1.1103,48.1123],[-1.1103,48.1120]]}},{"type":"Feature","properties":{"name":"La Valière"},"geometry":{"type":"LineString","coordinates":[[-1.2584,48.0998],[-1.2605,48.1009],[-1.2635,48.1005]]}},{"type":"Feature","properties":{"name":"La Valière"},"geometry":{"type":"LineString","coordinates":[[-1.2377,48.0963],[-1.2446,48.0962],[-1.2447,48.0977],[-1.2462,48.0983],[-1.2471,48.1007],[-1.2523,48.0997],[-1.2540,48.1003],[-1.2563,48.0989],[-1.2584,48.0998]]}},{"type":"Feature","properties":{"name":"La Valière"},"geometry":{"type":"LineString","coordinates":[[-1.0500,48.1136],[-1.0499,48.1138]]}},{"type":"Feature","properties":{"name":"La Valière"},"geometry":{"type":"LineString","coordinates":[[-1.2293,48.0917],[-1.2315,48.0927]]}},{"type":"Feature","properties":{"name":"La Valière"},"geometry":{"type":"LineString","coordinates":[[-1.1559,48.1067],[-1.1577,48.1057],[-1.1579,48.1042]]}},{"type":"Feature","properties":{"name":"La Valière"},"geometry":{"type":"LineString","coordinates":[[-1.1628,48.0826],[-1.1632,48.0824]]}},{"type":"Feature","properties":{"name":"La Valière"},"geometry":{"type":"LineString","coordinates":[[-1.2292,48.0907],[-1.2295,48.0909]]}},{"type":"Feature","properties":{"name":"La Valière"},"geometry":{"type":"LineString","coordinates":[[-1.2295,48.0909],[-1.2296,48.0914]]}},{"type":"Feature","properties":{"name":"La Valière"},"geometry":{"type":"LineString","coordinates":[[-1.2261,48.0898],[-1.2292,48.0907]]}},{"type":"Feature","properties":{"name":"La Valière"},"geometry":{"type":"LineString","coordinates":[[-1.2019,48.0829],[-1.2090,48.0857],[-1.2122,48.0835],[-1.2166,48.0842],[-1.2176,48.0848],[-1.2169,48.0858],[-1.2186,48.0859],[-1.2188,48.0879],[-1.2203,48.0881],[-1.2208,48.0894],[-1.2245,48.0906],[-1.2253,48.0900]]}},{"type":"Feature","properties":{"name":"La Valière"},"geometry":{"type":"LineString","coordinates":[[-1.2253,48.0900],[-1.2261,48.0898]]}},{"type":"Feature","properties":{"name":"La Valière"},"geometry":{"type":"LineString","coordinates":[[-1.2007,48.0824],[-1.2019,48.0829]]}},{"type":"Feature","properties":{"name":"La Valière"},"geometry":{"type":"LineString","coordinates":[[-1.1833,48.0751],[-1.1838,48.0762],[-1.1849,48.0756],[-1.1887,48.0764]]}},{"type":"Feature","properties":{"name":"La Valière"},"geometry":{"type":"LineString","coordinates":[[-1.1655,48.0808],[-1.1650,48.0782],[-1.1665,48.0767]]}},{"type":"Feature","properties":{"name":"La Valière"},"geometry":{"type":"LineString","coordinates":[[-1.0691,48.1128],[-1.0706,48.1129],[-1.0713,48.1118],[-1.0753,48.1119],[-1.0761,48.1129],[-1.0776,48.1123],[-1.0827,48.1137],[-1.0860,48.1122],[-1.0902,48.1130],[-1.0949,48.1121],[-1.0974,48.1129],[-1.1061,48.1110],[-1.1073,48.1123],[-1.1103,48.1123]]}},{"type":"Feature","properties":{"name":"La Valière"},"geometry":{"type":"LineString","coordinates":[[-1.0689,48.1128],[-1.0691,48.1128]]}},{"type":"Feature","properties":{"name":"La Valière"},"geometry":{"type":"LineString","coordinates":[[-1.2364,48.0968],[-1.2377,48.0963]]}},{"type":"Feature","properties":{"name":"La Valière"},"geometry":{"type":"LineString","coordinates":[[-1.2315,48.0927],[-1.2334,48.0956],[-1.2364,48.0968]]}},{"type":"Feature","properties":{"name":"Le Guinefort"},"geometry":{"type":"LineString","coordinates":[[-2.0836,48.3912],[-2.0703,48.3894],[-2.0652,48.3870],[-2.0637,48.3850],[-2.0612,48.3852],[-2.0590,48.3840],[-2.0541,48.3848],[-2.0512,48.3820],[-2.0457,48.3830],[-2.0448,48.3823],[-2.0461,48.3799],[-2.0426,48.3781],[-2.0371,48.3782],[-2.0248,48.3828],[-2.0213,48.3805],[-2.0174,48.3807],[-2.0142,48.3792],[-2.0030,48.3795],[-1.9973,48.3842]]}},{"type":"Feature","properties":{"name":"Le Guinefort"},"geometry":{"type":"LineString","coordinates":[[-2.0837,48.3912],[-2.0836,48.3912]]}},{"type":"Feature","properties":{"name":"Le Guinefort"},"geometry":{"type":"LineString","coordinates":[[-2.0837,48.3912],[-2.0837,48.3912]]}},{"type":"Feature","properties":{"name":"Le Guinefort"},"geometry":{"type":"LineString","coordinates":[[-2.0838,48.3912],[-2.0837,48.3912]]}},{"type":"Feature","properties":{"name":"Le Guinefort"},"geometry":{"type":"LineString","coordinates":[[-2.0883,48.3915],[-2.0838,48.3912]]}},{"type":"Feature","properties":{"name":"Le Nançon"},"geometry":{"type":"LineString","coordinates":[[-1.2036,48.3601],[-1.2043,48.3586],[-1.2030,48.3565]]}},{"type":"Feature","properties":{"name":"Le Nançon"},"geometry":{"type":"LineString","coordinates":[[-1.2030,48.3565],[-1.2035,48.3562]]}},{"type":"Feature","properties":{"name":"Le Nançon"},"geometry":{"type":"LineString","coordinates":[[-1.2144,48.3396],[-1.2143,48.3380],[-1.2158,48.3373],[-1.2155,48.3359],[-1.2135,48.3356],[-1.2139,48.3341],[-1.2122,48.3327],[-1.2148,48.3303],[-1.2185,48.3302]]}},{"type":"Feature","properties":{"name":"Le Nançon"},"geometry":{"type":"LineString","coordinates":[[-1.1974,48.3707],[-1.1974,48.3694],[-1.1963,48.3685]]}},{"type":"Feature","properties":{"name":"Le Nançon"},"geometry":{"type":"LineString","coordinates":[[-1.2038,48.3560],[-1.2085,48.3546]]}},{"type":"Feature","properties":{"name":"Le Nançon"},"geometry":{"type":"LineString","coordinates":[[-1.1965,48.3795],[-1.1952,48.3789],[-1.1968,48.3752],[-1.2006,48.3737],[-1.1978,48.3724],[-1.1974,48.3707]]}},{"type":"Feature","properties":{"name":"Le Nançon"},"geometry":{"type":"LineString","coordinates":[[-1.2027,48.3602],[-1.2029,48.3602]]}},{"type":"Feature","properties":{"name":"Le Nançon"},"geometry":{"type":"LineString","coordinates":[[-1.2029,48.3602],[-1.2036,48.3601]]}},{"type":"Feature","properties":{"name":"Le Nançon"},"geometry":{"type":"LineString","coordinates":[[-1.1963,48.3685],[-1.1963,48.3684]]}},{"type":"Feature","properties":{"name":"Le Nançon"},"geometry":{"type":"LineString","coordinates":[[-1.1990,48.3640],[-1.2008,48.3633],[-1.2001,48.3616],[-1.2010,48.3609]]}},{"type":"Feature","properties":{"name":"Le Nançon"},"geometry":{"type":"LineString","coordinates":[[-1.2012,48.3608],[-1.2014,48.3606]]}},{"type":"Feature","properties":{"name":"Le Nançon"},"geometry":{"type":"LineString","coordinates":[[-1.2010,48.3609],[-1.2012,48.3608]]}},{"type":"Feature","properties":{"name":"Le Nançon"},"geometry":{"type":"LineString","coordinates":[[-1.2011,48.3610],[-1.2024,48.3606]]}},{"type":"Feature","properties":{"name":"Le Nançon"},"geometry":{"type":"LineString","coordinates":[[-1.2010,48.3609],[-1.2011,48.3610]]}},{"type":"Feature","properties":{"name":"Le Nançon"},"geometry":{"type":"LineString","coordinates":[[-1.2014,48.3606],[-1.2027,48.3602]]}},{"type":"Feature","properties":{"name":"Le Nançon"},"geometry":{"type":"LineString","coordinates":[[-1.2054,48.3490],[-1.2082,48.3473]]}},{"type":"Feature","properties":{"name":"Le Nançon"},"geometry":{"type":"LineString","coordinates":[[-1.2035,48.3562],[-1.2038,48.3560]]}},{"type":"Feature","properties":{"name":"Le Nançon"},"geometry":{"type":"LineString","coordinates":[[-1.2024,48.3606],[-1.2036,48.3601]]}},{"type":"Feature","properties":{"name":"Le Nançon"},"geometry":{"type":"LineString","coordinates":[[-1.1963,48.3684],[-1.1962,48.3674]]}},{"type":"Feature","properties":{"name":"Le Nançon"},"geometry":{"type":"LineString","coordinates":[[-1.2081,48.3540],[-1.2055,48.3536],[-1.2088,48.3513],[-1.2054,48.3490]]}},{"type":"Feature","properties":{"name":"Le Nançon"},"geometry":{"type":"LineString","coordinates":[[-1.1962,48.3674],[-1.1978,48.3664],[-1.1990,48.3640]]}},{"type":"Feature","properties":{"name":"Le Nançon"},"geometry":{"type":"LineString","coordinates":[[-1.1973,48.3857],[-1.1963,48.3852],[-1.1968,48.3839],[-1.1991,48.3837],[-1.1996,48.3817],[-1.1989,48.3803],[-1.1966,48.3796]]}},{"type":"Feature","properties":{"name":"Le Nançon"},"geometry":{"type":"LineString","coordinates":[[-1.1973,48.3857],[-1.1973,48.3857]]}},{"type":"Feature","properties":{"name":"Le Nançon"},"geometry":{"type":"LineString","coordinates":[[-1.1894,48.4021],[-1.1911,48.3996],[-1.1894,48.3960],[-1.1934,48.3932],[-1.1931,48.3921],[-1.1958,48.3909],[-1.1956,48.3891],[-1.1989,48.3884],[-1.1983,48.3858],[-1.1973,48.3857]]}},{"type":"Feature","properties":{"name":"Le Nançon"},"geometry":{"type":"LineString","coordinates":[[-1.1894,48.4022],[-1.1894,48.4021]]}},{"type":"Feature","properties":{"name":"Le Nançon"},"geometry":{"type":"LineString","coordinates":[[-1.1874,48.4076],[-1.1894,48.4022]]}},{"type":"Feature","properties":{"name":"Le Nançon"},"geometry":{"type":"LineString","coordinates":[[-1.2143,48.3398],[-1.2144,48.3396]]}},{"type":"Feature","properties":{"name":"Le Nançon"},"geometry":{"type":"LineString","coordinates":[[-1.2082,48.3473],[-1.2109,48.3455],[-1.2112,48.3429],[-1.2143,48.3398]]}},{"type":"Feature","properties":{"name":"Le Nançon"},"geometry":{"type":"LineString","coordinates":[[-1.2085,48.3546],[-1.2082,48.3544]]}},{"type":"Feature","properties":{"name":"Le Nançon"},"geometry":{"type":"LineString","coordinates":[[-1.2082,48.3544],[-1.2082,48.3544]]}},{"type":"Feature","properties":{"name":"La Veuvre"},"geometry":{"type":"LineString","coordinates":[[-1.4004,48.2130],[-1.4019,48.2128],[-1.4029,48.2098],[-1.4049,48.2092]]}},{"type":"Feature","properties":{"name":"La Veuvre"},"geometry":{"type":"LineString","coordinates":[[-1.4049,48.2092],[-1.4066,48.2075],[-1.4053,48.2073],[-1.4064,48.2064],[-1.4057,48.2052],[-1.4073,48.2047],[-1.4086,48.2024],[-1.4065,48.2010],[-1.4068,48.1989],[-1.4057,48.1967],[-1.4118,48.1930]]}},{"type":"Feature","properties":{"name":"La Veuvre"},"geometry":{"type":"LineString","coordinates":[[-1.4118,48.1930],[-1.4168,48.1934],[-1.4174,48.1953],[-1.4207,48.1961],[-1.4237,48.1958],[-1.4275,48.1931],[-1.4314,48.1937],[-1.4365,48.1927],[-1.4399,48.1940],[-1.4396,48.1961],[-1.4405,48.1976],[-1.4429,48.1981],[-1.4478,48.1958],[-1.4521,48.1968],[-1.4593,48.1941],[-1.4672,48.1966],[-1.4714,48.1956],[-1.4784,48.1965],[-1.4810,48.1952],[-1.4812,48.1937],[-1.4831,48.1923],[-1.4868,48.1919],[-1.4889,48.1904],[-1.4882,48.1880],[-1.4910,48.1842],[-1.5012,48.1829],[-1.5010,48.1814],[-1.4946,48.1768],[-1.4984,48.1736]]}},{"type":"Feature","properties":{"name":"La Veuvre"},"geometry":{"type":"LineString","coordinates":[[-1.4984,48.1736],[-1.5059,48.1682],[-1.5054,48.1672],[-1.5071,48.1660],[-1.5133,48.1643],[-1.5137,48.1629],[-1.5114,48.1603],[-1.5124,48.1589],[-1.5156,48.1589],[-1.5177,48.1603],[-1.5226,48.1596],[-1.5223,48.1585],[-1.5252,48.1553],[-1.5324,48.1530],[-1.5331,48.1501],[-1.5344,48.1493],[-1.5339,48.1483],[-1.5382,48.1475],[-1.5398,48.1441],[-1.5410,48.1438],[-1.5405,48.1417],[-1.5378,48.1405],[-1.5379,48.1390],[-1.5426,48.1367],[-1.5486,48.1363],[-1.5490,48.1350],[-1.5491,48.1339],[-1.5453,48.1307],[-1.5450,48.1291],[-1.5415,48.1287],[-1.5423,48.1274]]}},{"type":"Feature","properties":{"name":"La Loisance"},"geometry":{"type":"LineString","coordinates":[[-1.4060,48.4333],[-1.4084,48.4319],[-1.4084,48.4304],[-1.4118,48.4306],[-1.4141,48.4282],[-1.4184,48.4288],[-1.4208,48.4309],[-1.4243,48.4310],[-1.4249,48.4326],[-1.4283,48.4292],[-1.4330,48.4286],[-1.4351,48.4275],[-1.4370,48.4285],[-1.4361,48.4292],[-1.4375,48.4308],[-1.4412,48.4304],[-1.4436,48.4313],[-1.4432,48.4320],[-1.4461,48.4355],[-1.4488,48.4358],[-1.4492,48.4347]]}},{"type":"Feature","properties":{"name":"La Loisance"},"geometry":{"type":"LineString","coordinates":[[-1.4665,48.4493],[-1.4694,48.4507],[-1.4715,48.4545],[-1.4793,48.4613],[-1.4819,48.4622],[-1.4829,48.4654],[-1.4844,48.4656],[-1.4842,48.4665],[-1.4865,48.4681],[-1.4859,48.4703]]}},{"type":"Feature","properties":{"name":"La Loisance"},"geometry":{"type":"LineString","coordinates":[[-1.4487,48.4342],[-1.4501,48.4344],[-1.4502,48.4338]]}},{"type":"Feature","properties":{"name":"La Loisance"},"geometry":{"type":"LineString","coordinates":[[-1.4502,48.4338],[-1.4534,48.4341],[-1.4506,48.4376],[-1.4510,48.4393],[-1.4626,48.4451],[-1.4629,48.4476],[-1.4665,48.4493]]}},{"type":"Feature","properties":{"name":"La Loisance"},"geometry":{"type":"LineString","coordinates":[[-1.4492,48.4347],[-1.4487,48.4342]]}},{"type":"Feature","properties":{"name":"L\u0027Usure"},"geometry":{"type":"LineString","coordinates":[[-1.0571,47.8662],[-1.0567,47.8662]]}},{"type":"Feature","properties":{"name":"L\u0027Usure"},"geometry":{"type":"LineString","coordinates":[[-1.0187,47.8458],[-1.0162,47.8452],[-1.0110,47.8458],[-1.0066,47.8445],[-1.0000,47.8448],[-0.9996,47.8435],[-1.0009,47.8427],[-1.0008,47.8417],[-0.9976,47.8389],[-0.9932,47.8376],[-0.9910,47.8330],[-0.9881,47.8311],[-0.9844,47.8321],[-0.9833,47.8311],[-0.9863,47.8280],[-0.9859,47.8272],[-0.9774,47.8250],[-0.9724,47.8279],[-0.9699,47.8278],[-0.9686,47.8264],[-0.9691,47.8254],[-0.9679,47.8222],[-0.9664,47.8221]]}},{"type":"Feature","properties":{"name":"L\u0027Usure"},"geometry":{"type":"LineString","coordinates":[[-1.0567,47.8662],[-1.0493,47.8670],[-1.0481,47.8647],[-1.0445,47.8629],[-1.0374,47.8657],[-1.0289,47.8634],[-1.0271,47.8617],[-1.0224,47.8628],[-1.0185,47.8618],[-1.0166,47.8587],[-1.0145,47.8577],[-1.0194,47.8548],[-1.0140,47.8520],[-1.0143,47.8507],[-1.0191,47.8476],[-1.0187,47.8458]]}},{"type":"Feature","properties":{"name":"Ruisseau de l\u0027Usure"},"geometry":{"type":"LineString","coordinates":[[-1.1947,47.8808],[-1.1868,47.8825],[-1.1802,47.8817],[-1.1654,47.8844]]}},{"type":"Feature","properties":{"name":"Ruisseau de l\u0027Usure"},"geometry":{"type":"LineString","coordinates":[[-1.1654,47.8844],[-1.1652,47.8845]]}},{"type":"Feature","properties":{"name":"Ruisseau de l\u0027Usure"},"geometry":{"type":"LineString","coordinates":[[-1.1652,47.8845],[-1.1559,47.8843],[-1.1533,47.8856],[-1.1497,47.8854],[-1.1481,47.8844],[-1.1488,47.8826],[-1.1453,47.8787],[-1.1357,47.8772]]}},{"type":"Feature","properties":{"name":"Ruisseau de l\u0027Usure"},"geometry":{"type":"LineString","coordinates":[[-1.1286,47.8770],[-1.1284,47.8770]]}},{"type":"Feature","properties":{"name":"Ruisseau de l\u0027Usure"},"geometry":{"type":"LineString","coordinates":[[-1.1284,47.8770],[-1.1245,47.8762],[-1.1156,47.8704],[-1.1075,47.8691]]}},{"type":"Feature","properties":{"name":"Ruisseau de l\u0027Usure"},"geometry":{"type":"LineString","coordinates":[[-1.1075,47.8691],[-1.1074,47.8691]]}},{"type":"Feature","properties":{"name":"Ruisseau de l\u0027Usure"},"geometry":{"type":"LineString","coordinates":[[-1.1074,47.8691],[-1.0920,47.8672],[-1.0849,47.8687],[-1.0571,47.8662]]}},{"type":"Feature","properties":{"name":"Ruisseau de l\u0027Usure"},"geometry":{"type":"LineString","coordinates":[[-1.1356,47.8772],[-1.1286,47.8770]]}},{"type":"Feature","properties":{"name":"Ruisseau de l\u0027Usure"},"geometry":{"type":"LineString","coordinates":[[-1.1357,47.8772],[-1.1356,47.8772]]}},{"type":"Feature","properties":{"name":"La Flume"},"geometry":{"type":"LineString","coordinates":[[-1.7875,48.1503],[-1.7912,48.1466],[-1.7931,48.1436],[-1.7931,48.1418]]}},{"type":"Feature","properties":{"name":"La Flume"},"geometry":{"type":"LineString","coordinates":[[-1.7814,48.1207],[-1.7795,48.1194],[-1.7797,48.1182],[-1.7742,48.1171],[-1.7729,48.1148],[-1.7710,48.1150],[-1.7687,48.1133],[-1.7657,48.1130],[-1.7651,48.1119],[-1.7612,48.1103],[-1.7600,48.1079],[-1.7571,48.1065],[-1.7533,48.1074],[-1.7502,48.1066],[-1.7445,48.1019],[-1.7432,48.0996]]}},{"type":"Feature","properties":{"name":"La Flume"},"geometry":{"type":"LineString","coordinates":[[-1.7837,48.2141],[-1.7849,48.2127],[-1.7845,48.2118],[-1.7861,48.2084],[-1.7852,48.2079],[-1.7867,48.2043],[-1.7841,48.2021],[-1.7837,48.1953],[-1.7781,48.1921],[-1.7784,48.1898],[-1.7800,48.1892],[-1.7793,48.1890],[-1.7796,48.1882],[-1.7764,48.1869],[-1.7770,48.1852],[-1.7802,48.1829],[-1.7799,48.1780],[-1.7771,48.1758],[-1.7784,48.1741],[-1.7777,48.1738],[-1.7790,48.1693],[-1.7780,48.1682],[-1.7787,48.1667],[-1.7780,48.1650],[-1.7855,48.1616],[-1.7835,48.1602],[-1.7813,48.1608],[-1.7787,48.1592],[-1.7815,48.1578],[-1.7819,48.1566],[-1.7813,48.1556],[-1.7780,48.1551],[-1.7777,48.1542],[-1.7781,48.1533],[-1.7827,48.1534],[-1.7875,48.1503]]}},{"type":"Feature","properties":{"name":"La Flume"},"geometry":{"type":"LineString","coordinates":[[-1.7931,48.1418],[-1.7929,48.1393],[-1.7974,48.1367],[-1.8016,48.1306],[-1.8001,48.1299],[-1.7998,48.1285]]}},{"type":"Feature","properties":{"name":"La Flume"},"geometry":{"type":"LineString","coordinates":[[-1.7998,48.1285],[-1.7930,48.1262]]}},{"type":"Feature","properties":{"name":"La Flume"},"geometry":{"type":"LineString","coordinates":[[-1.7930,48.1262],[-1.7928,48.1232]]}},{"type":"Feature","properties":{"name":"La Flume"},"geometry":{"type":"LineString","coordinates":[[-1.7837,48.2142],[-1.7837,48.2141]]}},{"type":"Feature","properties":{"name":"La Flume"},"geometry":{"type":"LineString","coordinates":[[-1.7821,48.2179],[-1.7822,48.2158],[-1.7840,48.2149],[-1.7837,48.2142]]}},{"type":"Feature","properties":{"name":"La Flume"},"geometry":{"type":"LineString","coordinates":[[-1.7928,48.1232],[-1.7935,48.1220],[-1.7898,48.1196],[-1.7814,48.1207]]}},{"type":"Feature","properties":{"name":"Le Néal"},"geometry":{"type":"LineString","coordinates":[[-2.0538,48.2993],[-2.0543,48.3003],[-2.0512,48.3007],[-2.0509,48.3017],[-2.0558,48.3047],[-2.0564,48.3082],[-2.0579,48.3089]]}},{"type":"Feature","properties":{"name":"Le Néal"},"geometry":{"type":"LineString","coordinates":[[-2.0538,48.2993],[-2.0538,48.2993]]}},{"type":"Feature","properties":{"name":"Le Néal"},"geometry":{"type":"LineString","coordinates":[[-2.0231,48.2647],[-2.0266,48.2672],[-2.0323,48.2680],[-2.0342,48.2705],[-2.0359,48.2705],[-2.0377,48.2722],[-2.0425,48.2723],[-2.0451,48.2740],[-2.0495,48.2746],[-2.0506,48.2769],[-2.0503,48.2790],[-2.0461,48.2828],[-2.0451,48.2891],[-2.0510,48.2906],[-2.0489,48.2934],[-2.0468,48.2944],[-2.0538,48.2993]]}},{"type":"Feature","properties":{"name":"La Gueuche"},"geometry":{"type":"LineString","coordinates":[[-1.0091,48.6097],[-1.0087,48.6070],[-1.0069,48.6047],[-1.0077,48.6020]]}},{"type":"Feature","properties":{"name":"La Gueuche"},"geometry":{"type":"LineString","coordinates":[[-1.0136,48.6496],[-1.0165,48.6468]]}},{"type":"Feature","properties":{"name":"La Gueuche"},"geometry":{"type":"LineString","coordinates":[[-1.0067,48.6648],[-1.0078,48.6617],[-1.0093,48.6609]]}},{"type":"Feature","properties":{"name":"La Gueuche"},"geometry":{"type":"LineString","coordinates":[[-1.0093,48.6546],[-1.0087,48.6535],[-1.0108,48.6506],[-1.0136,48.6496]]}},{"type":"Feature","properties":{"name":"La Gueuche"},"geometry":{"type":"LineString","coordinates":[[-1.0082,48.6016],[-1.0084,48.6008],[-1.0059,48.6003],[-1.0044,48.5977],[-1.0051,48.5968],[-1.0050,48.5934],[-1.0022,48.5924]]}},{"type":"Feature","properties":{"name":"La Gueuche"},"geometry":{"type":"LineString","coordinates":[[-1.0093,48.6608],[-1.0097,48.6600]]}},{"type":"Feature","properties":{"name":"La Gueuche"},"geometry":{"type":"LineString","coordinates":[[-1.0093,48.6609],[-1.0093,48.6608]]}},{"type":"Feature","properties":{"name":"La Gueuche"},"geometry":{"type":"LineString","coordinates":[[-1.0093,48.6547],[-1.0093,48.6546]]}},{"type":"Feature","properties":{"name":"La Gueuche"},"geometry":{"type":"LineString","coordinates":[[-1.0097,48.6600],[-1.0086,48.6565],[-1.0093,48.6547]]}},{"type":"Feature","properties":{"name":"La Gueuche"},"geometry":{"type":"LineString","coordinates":[[-1.0165,48.6468],[-1.0164,48.6467]]}},{"type":"Feature","properties":{"name":"La Gueuche"},"geometry":{"type":"LineString","coordinates":[[-1.0167,48.6460],[-1.0166,48.6458]]}},{"type":"Feature","properties":{"name":"La Gueuche"},"geometry":{"type":"LineString","coordinates":[[-1.0164,48.6467],[-1.0167,48.6460]]}},{"type":"Feature","properties":{"name":"La Gueuche"},"geometry":{"type":"LineString","coordinates":[[-1.0123,48.6344],[-1.0124,48.6344]]}},{"type":"Feature","properties":{"name":"La Gueuche"},"geometry":{"type":"LineString","coordinates":[[-1.0121,48.6365],[-1.0123,48.6344]]}},{"type":"Feature","properties":{"name":"La Gueuche"},"geometry":{"type":"LineString","coordinates":[[-1.0137,48.6164],[-1.0125,48.6152],[-1.0084,48.6145]]}},{"type":"Feature","properties":{"name":"La Gueuche"},"geometry":{"type":"LineString","coordinates":[[-1.0139,48.6167],[-1.0137,48.6164]]}},{"type":"Feature","properties":{"name":"La Gueuche"},"geometry":{"type":"LineString","coordinates":[[-1.0077,48.6020],[-1.0078,48.6018]]}},{"type":"Feature","properties":{"name":"La Gueuche"},"geometry":{"type":"LineString","coordinates":[[-1.0078,48.6018],[-1.0082,48.6016]]}},{"type":"Feature","properties":{"name":"La Gueuche"},"geometry":{"type":"LineString","coordinates":[[-1.0166,48.6458],[-1.0159,48.6442]]}},{"type":"Feature","properties":{"name":"La Gueuche"},"geometry":{"type":"LineString","coordinates":[[-1.0159,48.6442],[-1.0145,48.6413],[-1.0124,48.6407],[-1.0124,48.6395]]}},{"type":"Feature","properties":{"name":"La Gueuche"},"geometry":{"type":"LineString","coordinates":[[-1.0124,48.6395],[-1.0121,48.6365]]}},{"type":"Feature","properties":{"name":"La Gueuche"},"geometry":{"type":"LineString","coordinates":[[-1.0124,48.6344],[-1.0115,48.6336],[-1.0120,48.6309],[-1.0105,48.6300],[-1.0111,48.6281],[-1.0118,48.6286],[-1.0150,48.6263],[-1.0194,48.6259],[-1.0182,48.6225],[-1.0167,48.6218],[-1.0167,48.6192],[-1.0139,48.6167]]}},{"type":"Feature","properties":{"name":"La Gueuche"},"geometry":{"type":"LineString","coordinates":[[-1.0084,48.6145],[-1.0077,48.6125],[-1.0092,48.6112],[-1.0091,48.6097]]}},{"type":"Feature","properties":{"name":"La Chèze"},"geometry":{"type":"LineString","coordinates":[[-1.9823,48.0181],[-1.9788,48.0172],[-1.9766,48.0183],[-1.9753,48.0169],[-1.9703,48.0170]]}},{"type":"Feature","properties":{"name":"La Chèze"},"geometry":{"type":"LineString","coordinates":[[-2.0140,48.0093],[-2.0118,48.0097],[-2.0094,48.0120],[-1.9984,48.0143],[-1.9965,48.0161],[-1.9934,48.0154],[-1.9909,48.0164],[-1.9888,48.0161],[-1.9823,48.0181]]}},{"type":"Feature","properties":{"name":"La Chèze"},"geometry":{"type":"LineString","coordinates":[[-1.9703,48.0170],[-1.9666,48.0202],[-1.9589,48.0216],[-1.9531,48.0243]]}},{"type":"Feature","properties":{"name":"La Chèze"},"geometry":{"type":"LineString","coordinates":[[-1.9073,48.0364],[-1.9046,48.0377],[-1.9050,48.0392],[-1.9034,48.0406],[-1.9044,48.0406],[-1.9045,48.0417],[-1.9023,48.0429],[-1.9029,48.0445],[-1.9012,48.0451]]}},{"type":"Feature","properties":{"name":"La Chèze"},"geometry":{"type":"LineString","coordinates":[[-1.9531,48.0243],[-1.9525,48.0248]]}},{"type":"Feature","properties":{"name":"La Chèze"},"geometry":{"type":"LineString","coordinates":[[-1.9525,48.0248],[-1.9505,48.0259],[-1.9489,48.0286],[-1.9471,48.0293],[-1.9437,48.0279],[-1.9420,48.0300],[-1.9327,48.0312],[-1.9292,48.0329],[-1.9214,48.0316],[-1.9169,48.0329],[-1.9151,48.0350],[-1.9124,48.0351],[-1.9103,48.0366],[-1.9085,48.0356],[-1.9073,48.0364]]}},{"type":"Feature","properties":{"name":"L\u0027Airon"},"geometry":{"type":"LineString","coordinates":[[-1.0658,48.4550],[-1.0652,48.4569],[-1.0674,48.4616],[-1.0643,48.4652],[-1.0648,48.4661],[-1.0639,48.4673],[-1.0658,48.4682],[-1.0659,48.4700],[-1.0677,48.4707],[-1.0716,48.4696],[-1.0722,48.4718],[-1.0706,48.4727],[-1.0741,48.4736],[-1.0753,48.4774]]}},{"type":"Feature","properties":{"name":"L\u0027Airon"},"geometry":{"type":"LineString","coordinates":[[-1.0612,48.5156],[-1.0605,48.5179],[-1.0631,48.5207],[-1.0582,48.5214],[-1.0571,48.5228],[-1.0602,48.5287],[-1.0580,48.5293],[-1.0523,48.5275],[-1.0507,48.5278],[-1.0501,48.5289],[-1.0513,48.5324],[-1.0527,48.5335],[-1.0519,48.5366]]}},{"type":"Feature","properties":{"name":"L\u0027Airon"},"geometry":{"type":"LineString","coordinates":[[-1.0519,48.5366],[-1.0598,48.5402],[-1.0560,48.5449],[-1.0557,48.5465],[-1.0568,48.5479],[-1.0602,48.5486],[-1.0649,48.5480],[-1.0668,48.5500],[-1.0684,48.5487],[-1.0680,48.5460],[-1.0688,48.5452],[-1.0710,48.5447],[-1.0745,48.5455],[-1.0755,48.5479],[-1.0746,48.5483],[-1.0784,48.5544],[-1.0758,48.5575],[-1.0736,48.5581]]}},{"type":"Feature","properties":{"name":"L\u0027Airon"},"geometry":{"type":"LineString","coordinates":[[-1.0629,48.4484],[-1.0662,48.4523],[-1.0658,48.4548]]}},{"type":"Feature","properties":{"name":"L\u0027Airon"},"geometry":{"type":"LineString","coordinates":[[-1.0427,48.4265],[-1.0422,48.4282],[-1.0453,48.4289],[-1.0482,48.4312],[-1.0480,48.4322],[-1.0447,48.4335],[-1.0473,48.4339],[-1.0486,48.4358],[-1.0534,48.4367],[-1.0532,48.4375],[-1.0551,48.4382],[-1.0540,48.4401],[-1.0565,48.4410],[-1.0566,48.4429],[-1.0629,48.4484]]}},{"type":"Feature","properties":{"name":"L\u0027Airon"},"geometry":{"type":"LineString","coordinates":[[-0.9886,48.4081],[-0.9923,48.4096],[-0.9927,48.4107],[-1.0029,48.4118]]}},{"type":"Feature","properties":{"name":"L\u0027Airon"},"geometry":{"type":"LineString","coordinates":[[-1.0736,48.5581],[-1.0736,48.5591],[-1.0788,48.5606],[-1.0850,48.5577],[-1.0859,48.5606],[-1.0849,48.5640]]}},{"type":"Feature","properties":{"name":"L\u0027Airon"},"geometry":{"type":"LineString","coordinates":[[-1.0849,48.5640],[-1.0824,48.5652],[-1.0869,48.5679],[-1.0867,48.5706],[-1.0898,48.5728],[-1.0921,48.5737],[-1.0952,48.5738],[-1.0963,48.5729],[-1.0995,48.5734],[-1.0979,48.5768],[-1.0982,48.5783],[-1.1041,48.5791],[-1.1045,48.5771],[-1.1077,48.5768],[-1.1126,48.5798],[-1.1108,48.5805],[-1.1113,48.5816]]}},{"type":"Feature","properties":{"name":"L\u0027Airon"},"geometry":{"type":"LineString","coordinates":[[-1.0658,48.4548],[-1.0658,48.4550]]}},{"type":"Feature","properties":{"name":"L\u0027Airon"},"geometry":{"type":"LineString","coordinates":[[-1.0753,48.4774],[-1.0750,48.4800],[-1.0729,48.4821],[-1.0782,48.4812],[-1.0788,48.4826],[-1.0724,48.4843],[-1.0699,48.4863],[-1.0737,48.4878],[-1.0765,48.4876],[-1.0785,48.4893],[-1.0784,48.4916],[-1.0763,48.4936],[-1.0755,48.4960],[-1.0763,48.4973],[-1.0755,48.5009],[-1.0771,48.5021],[-1.0722,48.5021],[-1.0670,48.5047],[-1.0701,48.5088]]}},{"type":"Feature","properties":{"name":"L\u0027Airon"},"geometry":{"type":"LineString","coordinates":[[-1.0701,48.5088],[-1.0679,48.5105],[-1.0619,48.5104],[-1.0632,48.5133],[-1.0612,48.5156]]}},{"type":"Feature","properties":{"name":"La Chère"},"geometry":{"type":"LineString","coordinates":[[-1.5078,47.7012],[-1.5119,47.7019],[-1.5170,47.7006],[-1.5183,47.7019],[-1.5172,47.7026],[-1.5167,47.7052],[-1.5189,47.7073],[-1.5188,47.7097],[-1.5206,47.7111],[-1.5314,47.7132],[-1.5347,47.7127],[-1.5407,47.7136],[-1.5452,47.7119],[-1.5462,47.7130],[-1.5478,47.7123],[-1.5486,47.7133],[-1.5514,47.7125],[-1.5518,47.7137],[-1.5555,47.7150],[-1.5548,47.7162],[-1.5625,47.7150],[-1.5670,47.7168],[-1.5684,47.7190],[-1.5734,47.7216],[-1.5768,47.7215],[-1.5784,47.7200],[-1.5834,47.7200],[-1.5846,47.7190],[-1.5862,47.7205],[-1.5901,47.7196],[-1.5984,47.7220],[-1.6011,47.7211],[-1.6020,47.7217],[-1.6058,47.7187],[-1.6107,47.7166],[-1.6121,47.7171],[-1.6123,47.7159],[-1.6148,47.7145],[-1.6169,47.7149],[-1.6181,47.7141],[-1.6233,47.7137],[-1.6241,47.7120],[-1.6236,47.7101],[-1.6250,47.7083],[-1.6245,47.7080],[-1.6307,47.7035],[-1.6302,47.7017],[-1.6289,47.7009],[-1.6298,47.6989],[-1.6349,47.6985],[-1.6407,47.6995],[-1.6410,47.6977],[-1.6447,47.6927],[-1.6463,47.6931],[-1.6483,47.6920],[-1.6528,47.6940],[-1.6540,47.6938],[-1.6561,47.6959],[-1.6545,47.6958],[-1.6546,47.6967],[-1.6579,47.6978],[-1.6622,47.6973],[-1.6635,47.6958],[-1.6669,47.6947],[-1.6698,47.6954],[-1.6707,47.6976],[-1.6693,47.7000],[-1.6705,47.7011],[-1.6789,47.7007],[-1.6799,47.7012],[-1.6802,47.7030],[-1.6821,47.7034],[-1.6831,47.7058],[-1.6871,47.7042],[-1.6871,47.6994],[-1.6889,47.6984],[-1.6934,47.6985],[-1.6940,47.6973],[-1.6959,47.6968],[-1.7014,47.7007],[-1.7087,47.7015],[-1.7128,47.6996],[-1.7161,47.6994],[-1.7170,47.7003],[-1.7222,47.6984],[-1.7288,47.6991],[-1.7346,47.7037],[-1.7375,47.7048],[-1.7429,47.7050],[-1.7450,47.7068],[-1.7518,47.7076]]}},{"type":"Feature","properties":{"name":"La Chère"},"geometry":{"type":"LineString","coordinates":[[-1.3845,47.7196],[-1.3947,47.7171],[-1.4017,47.7199],[-1.4078,47.7167],[-1.4108,47.7174]]}},{"type":"Feature","properties":{"name":"La Chère"},"geometry":{"type":"LineString","coordinates":[[-1.3829,47.7199],[-1.3845,47.7196]]}},{"type":"Feature","properties":{"name":"La Chère"},"geometry":{"type":"LineString","coordinates":[[-1.3822,47.7199],[-1.3829,47.7199]]}},{"type":"Feature","properties":{"name":"La Chère"},"geometry":{"type":"LineString","coordinates":[[-1.3819,47.7199],[-1.3822,47.7199]]}},{"type":"Feature","properties":{"name":"La Chère"},"geometry":{"type":"LineString","coordinates":[[-1.3766,47.7214],[-1.3778,47.7211]]}},{"type":"Feature","properties":{"name":"La Chère"},"geometry":{"type":"LineString","coordinates":[[-1.3757,47.7215],[-1.3766,47.7214]]}},{"type":"Feature","properties":{"name":"La Chère"},"geometry":{"type":"LineString","coordinates":[[-1.3727,47.7205],[-1.3733,47.7205]]}},{"type":"Feature","properties":{"name":"La Chère"},"geometry":{"type":"LineString","coordinates":[[-1.3785,47.7199],[-1.3789,47.7198]]}},{"type":"Feature","properties":{"name":"La Chère"},"geometry":{"type":"LineString","coordinates":[[-1.3778,47.7201],[-1.3785,47.7199]]}},{"type":"Feature","properties":{"name":"La Chère"},"geometry":{"type":"LineString","coordinates":[[-1.3772,47.7203],[-1.3778,47.7201]]}},{"type":"Feature","properties":{"name":"La Chère"},"geometry":{"type":"LineString","coordinates":[[-1.3767,47.7204],[-1.3772,47.7203]]}},{"type":"Feature","properties":{"name":"La Chère"},"geometry":{"type":"LineString","coordinates":[[-1.3764,47.7204],[-1.3767,47.7204]]}},{"type":"Feature","properties":{"name":"La Chère"},"geometry":{"type":"LineString","coordinates":[[-1.3755,47.7203],[-1.3764,47.7204]]}},{"type":"Feature","properties":{"name":"La Chère"},"geometry":{"type":"LineString","coordinates":[[-1.3752,47.7203],[-1.3755,47.7203]]}},{"type":"Feature","properties":{"name":"La Chère"},"geometry":{"type":"LineString","coordinates":[[-1.3733,47.7205],[-1.3749,47.7203]]}},{"type":"Feature","properties":{"name":"La Chère"},"geometry":{"type":"LineString","coordinates":[[-1.3821,47.7214],[-1.3843,47.7212],[-1.3862,47.7195]]}},{"type":"Feature","properties":{"name":"La Chère"},"geometry":{"type":"LineString","coordinates":[[-1.3778,47.7211],[-1.3789,47.7198],[-1.3813,47.7199]]}},{"type":"Feature","properties":{"name":"La Chère"},"geometry":{"type":"LineString","coordinates":[[-1.4108,47.7174],[-1.4175,47.7197],[-1.4226,47.7193],[-1.4258,47.7222],[-1.4290,47.7223],[-1.4304,47.7248],[-1.4356,47.7245],[-1.4421,47.7294],[-1.4475,47.7292],[-1.4489,47.7257],[-1.4521,47.7259],[-1.4566,47.7301],[-1.4686,47.7301],[-1.4705,47.7295],[-1.4703,47.7288],[-1.4776,47.7274],[-1.4778,47.7238],[-1.4827,47.7216],[-1.4811,47.7199],[-1.4826,47.7192],[-1.4842,47.7151],[-1.4863,47.7144],[-1.4901,47.7151],[-1.4928,47.7120],[-1.4978,47.7112],[-1.5002,47.7097],[-1.4995,47.7092],[-1.5007,47.7077],[-1.5062,47.7064],[-1.5078,47.7044],[-1.5078,47.7012]]}},{"type":"Feature","properties":{"name":"La Chère"},"geometry":{"type":"LineString","coordinates":[[-1.7271,47.6991],[-1.7257,47.6994],[-1.7311,47.7011]]}},{"type":"Feature","properties":{"name":"La Chère"},"geometry":{"type":"LineString","coordinates":[[-1.3706,47.7205],[-1.3757,47.7215]]}},{"type":"Feature","properties":{"name":"La Chère"},"geometry":{"type":"LineString","coordinates":[[-1.3701,47.7204],[-1.3706,47.7205]]}},{"type":"Feature","properties":{"name":"La Chère"},"geometry":{"type":"LineString","coordinates":[[-1.6417,47.6968],[-1.6433,47.6952]]}},{"type":"Feature","properties":{"name":"La Chère"},"geometry":{"type":"LineString","coordinates":[[-1.3788,47.7208],[-1.3807,47.7212]]}},{"type":"Feature","properties":{"name":"La Chère"},"geometry":{"type":"LineString","coordinates":[[-1.3784,47.7207],[-1.3788,47.7208]]}},{"type":"Feature","properties":{"name":"La Chère"},"geometry":{"type":"LineString","coordinates":[[-1.7520,47.7076],[-1.7572,47.7046],[-1.7599,47.7045],[-1.7615,47.7032],[-1.7611,47.7026],[-1.7708,47.6983],[-1.7766,47.6998],[-1.7844,47.6992],[-1.7899,47.7021],[-1.7964,47.7009],[-1.8024,47.7014],[-1.8063,47.7041],[-1.8096,47.7031],[-1.8099,47.7040],[-1.8150,47.7056],[-1.8203,47.7047],[-1.8255,47.7083],[-1.8254,47.7099],[-1.8278,47.7108],[-1.8296,47.7092],[-1.8378,47.7070]]}},{"type":"Feature","properties":{"name":"La Chère"},"geometry":{"type":"LineString","coordinates":[[-1.7518,47.7076],[-1.7520,47.7076]]}},{"type":"Feature","properties":{"name":"La Chère"},"geometry":{"type":"LineString","coordinates":[[-1.3817,47.7199],[-1.3819,47.7199]]}},{"type":"Feature","properties":{"name":"La Chère"},"geometry":{"type":"LineString","coordinates":[[-1.3813,47.7199],[-1.3817,47.7199]]}},{"type":"Feature","properties":{"name":"La Chère"},"geometry":{"type":"LineString","coordinates":[[-1.3819,47.7214],[-1.3821,47.7214]]}},{"type":"Feature","properties":{"name":"La Chère"},"geometry":{"type":"LineString","coordinates":[[-1.3807,47.7212],[-1.3819,47.7214]]}},{"type":"Feature","properties":{"name":"La Chère"},"geometry":{"type":"LineString","coordinates":[[-1.3751,47.7203],[-1.3752,47.7203]]}},{"type":"Feature","properties":{"name":"La Chère"},"geometry":{"type":"LineString","coordinates":[[-1.3749,47.7203],[-1.3751,47.7203]]}},{"type":"Feature","properties":{"name":"La Seiche"},"geometry":{"type":"LineString","coordinates":[[-1.4417,47.9736],[-1.4429,47.9749],[-1.4422,47.9757],[-1.4462,47.9764],[-1.4484,47.9779],[-1.4487,47.9816],[-1.4479,47.9829],[-1.4500,47.9834],[-1.4485,47.9846],[-1.4500,47.9867],[-1.4494,47.9887],[-1.4548,47.9887],[-1.4558,47.9869]]}},{"type":"Feature","properties":{"name":"La Seiche"},"geometry":{"type":"LineString","coordinates":[[-1.4394,47.9731],[-1.4417,47.9736]]}},{"type":"Feature","properties":{"name":"La Seiche"},"geometry":{"type":"LineString","coordinates":[[-1.3896,47.9529],[-1.3954,47.9561],[-1.3966,47.9559],[-1.3984,47.9587],[-1.4013,47.9582],[-1.4074,47.9592]]}},{"type":"Feature","properties":{"name":"La Seiche"},"geometry":{"type":"LineString","coordinates":[[-1.6910,48.0305],[-1.6927,48.0301],[-1.6923,48.0288],[-1.6942,48.0288],[-1.6939,48.0275],[-1.6974,48.0268],[-1.6978,48.0256],[-1.7020,48.0257],[-1.7062,48.0234],[-1.7080,48.0230],[-1.7084,48.0238]]}},{"type":"Feature","properties":{"name":"La Seiche"},"geometry":{"type":"LineString","coordinates":[[-1.5946,48.0299],[-1.5961,48.0297],[-1.5969,48.0280],[-1.5990,48.0277]]}},{"type":"Feature","properties":{"name":"La Seiche"},"geometry":{"type":"LineString","coordinates":[[-1.0929,47.9876],[-1.0963,47.9864],[-1.0979,47.9867],[-1.0989,47.9874],[-1.0987,47.9886],[-1.1008,47.9893],[-1.1036,47.9889],[-1.1043,47.9878],[-1.1080,47.9893],[-1.1107,47.9874],[-1.1136,47.9889],[-1.1170,47.9869],[-1.1194,47.9878],[-1.1197,47.9857],[-1.1250,47.9868],[-1.1264,47.9847],[-1.1250,47.9849],[-1.1246,47.9837],[-1.1283,47.9815],[-1.1275,47.9803],[-1.1245,47.9797],[-1.1254,47.9786],[-1.1251,47.9771],[-1.1279,47.9755],[-1.1252,47.9716],[-1.1323,47.9714],[-1.1332,47.9702],[-1.1324,47.9687],[-1.1343,47.9679],[-1.1397,47.9706],[-1.1399,47.9687],[-1.1413,47.9674],[-1.1439,47.9670],[-1.1450,47.9681],[-1.1485,47.9681]]}},{"type":"Feature","properties":{"name":"La Seiche"},"geometry":{"type":"LineString","coordinates":[[-1.1485,47.9681],[-1.1504,47.9666],[-1.1556,47.9650]]}},{"type":"Feature","properties":{"name":"La Seiche"},"geometry":{"type":"LineString","coordinates":[[-1.0787,47.9844],[-1.0815,47.9844],[-1.0854,47.9868],[-1.0885,47.9862],[-1.0901,47.9877],[-1.0929,47.9876]]}},{"type":"Feature","properties":{"name":"La Seiche"},"geometry":{"type":"LineString","coordinates":[[-1.6530,48.0394],[-1.6541,48.0413],[-1.6562,48.0400]]}},{"type":"Feature","properties":{"name":"La Seiche"},"geometry":{"type":"LineString","coordinates":[[-1.5286,48.0229],[-1.5316,48.0239],[-1.5333,48.0234],[-1.5351,48.0222],[-1.5347,48.0203],[-1.5380,48.0160],[-1.5444,48.0145],[-1.5474,48.0160],[-1.5506,48.0198],[-1.5517,48.0241],[-1.5511,48.0260],[-1.5522,48.0283],[-1.5560,48.0282],[-1.5614,48.0262],[-1.5675,48.0223]]}},{"type":"Feature","properties":{"name":"La Seiche"},"geometry":{"type":"LineString","coordinates":[[-1.6835,48.0349],[-1.6850,48.0340],[-1.6901,48.0337],[-1.6914,48.0318],[-1.6910,48.0305]]}},{"type":"Feature","properties":{"name":"La Seiche"},"geometry":{"type":"LineString","coordinates":[[-1.7084,48.0238],[-1.7111,48.0256],[-1.7145,48.0258],[-1.7218,48.0228],[-1.7221,48.0198],[-1.7246,48.0189],[-1.7270,48.0164],[-1.7337,48.0142],[-1.7376,48.0153],[-1.7392,48.0131],[-1.7420,48.0131],[-1.7458,48.0146],[-1.7490,48.0143],[-1.7532,48.0173],[-1.7574,48.0159],[-1.7584,48.0149],[-1.7573,48.0137],[-1.7587,48.0126],[-1.7612,48.0055],[-1.7589,48.0009],[-1.7560,48.0001],[-1.7564,47.9984],[-1.7552,47.9971]]}},{"type":"Feature","properties":{"name":"La Seiche"},"geometry":{"type":"LineString","coordinates":[[-1.5675,48.0223],[-1.5687,48.0208],[-1.5746,48.0206],[-1.5765,48.0195],[-1.5799,48.0200],[-1.5796,48.0214],[-1.5828,48.0231],[-1.5840,48.0254],[-1.5825,48.0267],[-1.5820,48.0288],[-1.5845,48.0295],[-1.5875,48.0286],[-1.5946,48.0299]]}},{"type":"Feature","properties":{"name":"La Seiche"},"geometry":{"type":"LineString","coordinates":[[-1.6618,48.0396],[-1.6633,48.0384],[-1.6699,48.0375],[-1.6712,48.0363],[-1.6783,48.0342],[-1.6835,48.0349]]}},{"type":"Feature","properties":{"name":"La Seiche"},"geometry":{"type":"LineString","coordinates":[[-1.5070,48.0221],[-1.5086,48.0225],[-1.5104,48.0248],[-1.5149,48.0259],[-1.5189,48.0241],[-1.5286,48.0229]]}},{"type":"Feature","properties":{"name":"La Seiche"},"geometry":{"type":"LineString","coordinates":[[-1.0680,47.9831],[-1.0704,47.9828],[-1.0711,47.9818]]}},{"type":"Feature","properties":{"name":"La Seiche"},"geometry":{"type":"LineString","coordinates":[[-1.0408,47.9904],[-1.0431,47.9891]]}},{"type":"Feature","properties":{"name":"La Seiche"},"geometry":{"type":"LineString","coordinates":[[-1.0454,47.9879],[-1.0453,47.9859],[-1.0490,47.9846],[-1.0613,47.9843],[-1.0636,47.9856],[-1.0680,47.9831]]}},{"type":"Feature","properties":{"name":"La Seiche"},"geometry":{"type":"LineString","coordinates":[[-1.0431,47.9891],[-1.0448,47.9882]]}},{"type":"Feature","properties":{"name":"La Seiche"},"geometry":{"type":"LineString","coordinates":[[-1.0311,47.9925],[-1.0358,47.9921],[-1.0408,47.9904]]}},{"type":"Feature","properties":{"name":"La Seiche"},"geometry":{"type":"LineString","coordinates":[[-1.0716,47.9818],[-1.0787,47.9844]]}},{"type":"Feature","properties":{"name":"La Seiche"},"geometry":{"type":"LineString","coordinates":[[-1.0711,47.9818],[-1.0716,47.9818]]}},{"type":"Feature","properties":{"name":"La Seiche"},"geometry":{"type":"LineString","coordinates":[[-1.0448,47.9882],[-1.0454,47.9879]]}},{"type":"Feature","properties":{"name":"La Seiche"},"geometry":{"type":"LineString","coordinates":[[-1.4561,47.9868],[-1.4582,47.9852],[-1.4612,47.9849],[-1.4657,47.9861],[-1.4689,47.9885],[-1.4678,47.9899],[-1.4684,47.9930],[-1.4670,47.9965],[-1.4700,48.0026],[-1.4726,48.0052],[-1.4717,48.0061],[-1.4727,48.0090],[-1.4743,48.0087],[-1.4739,48.0103],[-1.4758,48.0120],[-1.4760,48.0138],[-1.4741,48.0155],[-1.4764,48.0181],[-1.4850,48.0194],[-1.4855,48.0182],[-1.4875,48.0182],[-1.4874,48.0170],[-1.4907,48.0174],[-1.4924,48.0166],[-1.4953,48.0171],[-1.4958,48.0184],[-1.5060,48.0221]]}},{"type":"Feature","properties":{"name":"La Seiche"},"geometry":{"type":"LineString","coordinates":[[-1.4256,47.9663],[-1.4282,47.9659],[-1.4284,47.9670]]}},{"type":"Feature","properties":{"name":"La Seiche"},"geometry":{"type":"LineString","coordinates":[[-1.4074,47.9592],[-1.4121,47.9593]]}},{"type":"Feature","properties":{"name":"La Seiche"},"geometry":{"type":"LineString","coordinates":[[-1.3305,47.9430],[-1.3328,47.9439],[-1.3380,47.9489],[-1.3381,47.9502],[-1.3421,47.9515],[-1.3434,47.9529],[-1.3482,47.9520],[-1.3524,47.9480],[-1.3555,47.9474],[-1.3605,47.9481],[-1.3641,47.9456],[-1.3674,47.9498],[-1.3662,47.9507],[-1.3663,47.9521],[-1.3692,47.9537],[-1.3686,47.9551],[-1.3721,47.9563],[-1.3720,47.9572],[-1.3771,47.9581],[-1.3799,47.9564],[-1.3798,47.9556],[-1.3826,47.9552]]}},{"type":"Feature","properties":{"name":"La Seiche"},"geometry":{"type":"LineString","coordinates":[[-1.3227,47.9474],[-1.3263,47.9453],[-1.3267,47.9431],[-1.3285,47.9423],[-1.3305,47.9430]]}},{"type":"Feature","properties":{"name":"La Seiche"},"geometry":{"type":"LineString","coordinates":[[-1.2750,47.9577],[-1.2762,47.9577],[-1.2759,47.9548],[-1.2780,47.9538],[-1.2819,47.9533],[-1.2849,47.9549],[-1.2854,47.9537],[-1.2882,47.9523],[-1.2970,47.9539],[-1.3015,47.9523],[-1.3027,47.9499],[-1.3076,47.9530],[-1.3099,47.9525],[-1.3103,47.9508],[-1.3087,47.9485],[-1.3089,47.9462]]}},{"type":"Feature","properties":{"name":"La Seiche"},"geometry":{"type":"LineString","coordinates":[[-1.2097,47.9616],[-1.2136,47.9622],[-1.2160,47.9642],[-1.2153,47.9652],[-1.2160,47.9657],[-1.2216,47.9644],[-1.2231,47.9661],[-1.2251,47.9663],[-1.2256,47.9698],[-1.2292,47.9689],[-1.2337,47.9646],[-1.2351,47.9643],[-1.2422,47.9665],[-1.2469,47.9695],[-1.2497,47.9699],[-1.2547,47.9674],[-1.2610,47.9684],[-1.2633,47.9661],[-1.2631,47.9649],[-1.2665,47.9625],[-1.2730,47.9640]]}},{"type":"Feature","properties":{"name":"La Seiche"},"geometry":{"type":"LineString","coordinates":[[-1.1813,47.9661],[-1.1856,47.9658],[-1.1891,47.9672]]}},{"type":"Feature","properties":{"name":"La Seiche"},"geometry":{"type":"LineString","coordinates":[[-1.3089,47.9462],[-1.3121,47.9447],[-1.3147,47.9470],[-1.3174,47.9468],[-1.3186,47.9482],[-1.3227,47.9474]]}},{"type":"Feature","properties":{"name":"La Seiche"},"geometry":{"type":"LineString","coordinates":[[-1.2749,47.9594],[-1.2756,47.9587],[-1.2745,47.9582]]}},{"type":"Feature","properties":{"name":"La Seiche"},"geometry":{"type":"LineString","coordinates":[[-1.1891,47.9672],[-1.1939,47.9664],[-1.1960,47.9626],[-1.2030,47.9631],[-1.2065,47.9600],[-1.2097,47.9616]]}},{"type":"Feature","properties":{"name":"La Seiche"},"geometry":{"type":"LineString","coordinates":[[-1.1556,47.9650],[-1.1572,47.9664],[-1.1566,47.9667],[-1.1572,47.9674],[-1.1587,47.9680],[-1.1628,47.9645],[-1.1671,47.9643],[-1.1678,47.9633],[-1.1716,47.9636],[-1.1720,47.9651],[-1.1749,47.9663],[-1.1766,47.9687],[-1.1813,47.9661]]}},{"type":"Feature","properties":{"name":"La Seiche"},"geometry":{"type":"LineString","coordinates":[[-1.2730,47.9640],[-1.2751,47.9614],[-1.2744,47.9605],[-1.2757,47.9598],[-1.2749,47.9594]]}},{"type":"Feature","properties":{"name":"La Seiche"},"geometry":{"type":"LineString","coordinates":[[-1.3826,47.9552],[-1.3856,47.9544],[-1.3870,47.9530],[-1.3896,47.9529]]}},{"type":"Feature","properties":{"name":"La Seiche"},"geometry":{"type":"LineString","coordinates":[[-1.2745,47.9582],[-1.2750,47.9577]]}},{"type":"Feature","properties":{"name":"La Seiche"},"geometry":{"type":"LineString","coordinates":[[-1.4284,47.9670],[-1.4321,47.9677],[-1.4349,47.9723],[-1.4394,47.9731]]}},{"type":"Feature","properties":{"name":"La Seiche"},"geometry":{"type":"LineString","coordinates":[[-1.5990,48.0277],[-1.6035,48.0283],[-1.6081,48.0316],[-1.6075,48.0332],[-1.6100,48.0343],[-1.6095,48.0356],[-1.6107,48.0382],[-1.6130,48.0395],[-1.6133,48.0413],[-1.6150,48.0419],[-1.6194,48.0422],[-1.6238,48.0398],[-1.6250,48.0350],[-1.6282,48.0334],[-1.6295,48.0305],[-1.6292,48.0288],[-1.6315,48.0264],[-1.6355,48.0258],[-1.6357,48.0269],[-1.6416,48.0277],[-1.6436,48.0292],[-1.6461,48.0290],[-1.6486,48.0302],[-1.6488,48.0327],[-1.6504,48.0339],[-1.6490,48.0356],[-1.6497,48.0378],[-1.6562,48.0400]]}},{"type":"Feature","properties":{"name":"La Seiche"},"geometry":{"type":"LineString","coordinates":[[-1.4121,47.9593],[-1.4150,47.9594],[-1.4187,47.9612],[-1.4186,47.9640],[-1.4213,47.9668],[-1.4256,47.9663]]}},{"type":"Feature","properties":{"name":"La Seiche"},"geometry":{"type":"LineString","coordinates":[[-1.5060,48.0221],[-1.5070,48.0221]]}},{"type":"Feature","properties":{"name":"La Seiche"},"geometry":{"type":"LineString","coordinates":[[-1.6562,48.0400],[-1.6618,48.0396]]}},{"type":"Feature","properties":{"name":"La Seiche"},"geometry":{"type":"LineString","coordinates":[[-1.4559,47.9869],[-1.4561,47.9868]]}},{"type":"Feature","properties":{"name":"La Seiche"},"geometry":{"type":"LineString","coordinates":[[-1.4558,47.9869],[-1.4559,47.9869]]}},{"type":"Feature","properties":{"name":"La Seiche"},"geometry":{"type":"LineString","coordinates":[[-1.5378,48.0163],[-1.5382,48.0160]]}},{"type":"Feature","properties":{"name":"La Banche"},"geometry":{"type":"LineString","coordinates":[[-1.7137,48.5780],[-1.7187,48.5833],[-1.7330,48.5916],[-1.7432,48.5934],[-1.7440,48.5945],[-1.7465,48.5943],[-1.7470,48.5957],[-1.7496,48.5966],[-1.7530,48.5955],[-1.7609,48.5964],[-1.7623,48.5972],[-1.7619,48.5988],[-1.7660,48.5992],[-1.7677,48.6025]]}},{"type":"Feature","properties":{"name":"La Banche"},"geometry":{"type":"LineString","coordinates":[[-1.7038,48.5717],[-1.7137,48.5780]]}},{"type":"Feature","properties":{"name":"L\u0027Yaigne"},"geometry":{"type":"LineString","coordinates":[[-1.5559,48.0442],[-1.5559,48.0441]]}},{"type":"Feature","properties":{"name":"L\u0027Yaigne"},"geometry":{"type":"LineString","coordinates":[[-1.5525,48.0441],[-1.5559,48.0442]]}},{"type":"Feature","properties":{"name":"L\u0027Yaigne"},"geometry":{"type":"LineString","coordinates":[[-1.5559,48.0441],[-1.5583,48.0428],[-1.5582,48.0409],[-1.5612,48.0394]]}},{"type":"Feature","properties":{"name":"L\u0027Yaigne"},"geometry":{"type":"LineString","coordinates":[[-1.5524,48.0444],[-1.5525,48.0441]]}},{"type":"Feature","properties":{"name":"L\u0027Yaigne"},"geometry":{"type":"LineString","coordinates":[[-1.5483,48.0492],[-1.5482,48.0482],[-1.5467,48.0475],[-1.5472,48.0457],[-1.5517,48.0456],[-1.5524,48.0444]]}},{"type":"Feature","properties":{"name":"L\u0027Yaigne"},"geometry":{"type":"LineString","coordinates":[[-1.5612,48.0394],[-1.5646,48.0378],[-1.5656,48.0355],[-1.5697,48.0356],[-1.5688,48.0343],[-1.5703,48.0339],[-1.5703,48.0329],[-1.5761,48.0327],[-1.5790,48.0311],[-1.5804,48.0292],[-1.5820,48.0288]]}},{"type":"Feature","properties":{"name":"L\u0027Yaigne"},"geometry":{"type":"LineString","coordinates":[[-1.5118,48.0531],[-1.5122,48.0532]]}},{"type":"Feature","properties":{"name":"L\u0027Yaigne"},"geometry":{"type":"LineString","coordinates":[[-1.5122,48.0532],[-1.5165,48.0526],[-1.5211,48.0533],[-1.5216,48.0501],[-1.5234,48.0504],[-1.5235,48.0512],[-1.5271,48.0501],[-1.5296,48.0528],[-1.5341,48.0525],[-1.5381,48.0545],[-1.5396,48.0518],[-1.5431,48.0524],[-1.5441,48.0520],[-1.5435,48.0507],[-1.5445,48.0495],[-1.5483,48.0492]]}},{"type":"Feature","properties":{"name":"Le Semnon"},"geometry":{"type":"LineString","coordinates":[[-1.4146,47.8274],[-1.4178,47.8274],[-1.4237,47.8328],[-1.4285,47.8331],[-1.4298,47.8319],[-1.4325,47.8326],[-1.4361,47.8308],[-1.4379,47.8313],[-1.4396,47.8304],[-1.4475,47.8332],[-1.4524,47.8327],[-1.4535,47.8311],[-1.4566,47.8322],[-1.4574,47.8310],[-1.4596,47.8322],[-1.4608,47.8353],[-1.4625,47.8359],[-1.4673,47.8338],[-1.4695,47.8341],[-1.4701,47.8331],[-1.4724,47.8332]]}},{"type":"Feature","properties":{"name":"Le Semnon"},"geometry":{"type":"LineString","coordinates":[[-1.4091,47.8274],[-1.4127,47.8289],[-1.4146,47.8274]]}},{"type":"Feature","properties":{"name":"Le Semnon"},"geometry":{"type":"LineString","coordinates":[[-1.6708,47.8704],[-1.6728,47.8710],[-1.6734,47.8725],[-1.6718,47.8765],[-1.6677,47.8805],[-1.6701,47.8829]]}},{"type":"Feature","properties":{"name":"Le Semnon"},"geometry":{"type":"LineString","coordinates":[[-1.7129,47.9024],[-1.7155,47.9038],[-1.7208,47.9043],[-1.7316,47.9025],[-1.7410,47.9062],[-1.7461,47.9068],[-1.7572,47.8993]]}},{"type":"Feature","properties":{"name":"Le Semnon"},"geometry":{"type":"LineString","coordinates":[[-1.4881,47.8317],[-1.4912,47.8311],[-1.4950,47.8341]]}},{"type":"Feature","properties":{"name":"Le Semnon"},"geometry":{"type":"LineString","coordinates":[[-1.4950,47.8341],[-1.4964,47.8358],[-1.5001,47.8373],[-1.5024,47.8367],[-1.5035,47.8386],[-1.5065,47.8392],[-1.5070,47.8403]]}},{"type":"Feature","properties":{"name":"Le Semnon"},"geometry":{"type":"LineString","coordinates":[[-1.5070,47.8403],[-1.5103,47.8399],[-1.5115,47.8385],[-1.5108,47.8336],[-1.5127,47.8303]]}},{"type":"Feature","properties":{"name":"Le Semnon"},"geometry":{"type":"LineString","coordinates":[[-1.4854,47.8318],[-1.4881,47.8317]]}},{"type":"Feature","properties":{"name":"Le Semnon"},"geometry":{"type":"LineString","coordinates":[[-1.5474,47.8420],[-1.5502,47.8429],[-1.5524,47.8424],[-1.5548,47.8412],[-1.5557,47.8381],[-1.5574,47.8368],[-1.5593,47.8368],[-1.5602,47.8381],[-1.5590,47.8404],[-1.5603,47.8434],[-1.5597,47.8445],[-1.5647,47.8442],[-1.5675,47.8413],[-1.5713,47.8407],[-1.5743,47.8435],[-1.5728,47.8462],[-1.5734,47.8488],[-1.5764,47.8501],[-1.5786,47.8497],[-1.5784,47.8480],[-1.5803,47.8446],[-1.5803,47.8424],[-1.5823,47.8417],[-1.5863,47.8428],[-1.5873,47.8436],[-1.5874,47.8454],[-1.5899,47.8473],[-1.5891,47.8495],[-1.5902,47.8502],[-1.5883,47.8520],[-1.5917,47.8551],[-1.5975,47.8552],[-1.6016,47.8540],[-1.6067,47.8553],[-1.6081,47.8567],[-1.6196,47.8574],[-1.6235,47.8611],[-1.6269,47.8621],[-1.6324,47.8596],[-1.6347,47.8610],[-1.6343,47.8671],[-1.6365,47.8682],[-1.6410,47.8652],[-1.6440,47.8643],[-1.6444,47.8633],[-1.6486,47.8631],[-1.6516,47.8661],[-1.6514,47.8680],[-1.6501,47.8689],[-1.6507,47.8705],[-1.6495,47.8725],[-1.6501,47.8730]]}},{"type":"Feature","properties":{"name":"Le Semnon"},"geometry":{"type":"LineString","coordinates":[[-1.3884,47.8280],[-1.3937,47.8293],[-1.3984,47.8291],[-1.4012,47.8262],[-1.4052,47.8244],[-1.4091,47.8274]]}},{"type":"Feature","properties":{"name":"Le Semnon"},"geometry":{"type":"LineString","coordinates":[[-1.2726,47.8250],[-1.2780,47.8280],[-1.2823,47.8279],[-1.2844,47.8316],[-1.2904,47.8304],[-1.2953,47.8341],[-1.2999,47.8328],[-1.3025,47.8333],[-1.3063,47.8357],[-1.3101,47.8353],[-1.3144,47.8365],[-1.3177,47.8352],[-1.3200,47.8360],[-1.3207,47.8379],[-1.3219,47.8382],[-1.3230,47.8382],[-1.3261,47.8338],[-1.3307,47.8382],[-1.3332,47.8376],[-1.3338,47.8364],[-1.3370,47.8349],[-1.3387,47.8349],[-1.3402,47.8355],[-1.3396,47.8370],[-1.3407,47.8385],[-1.3458,47.8376],[-1.3530,47.8407],[-1.3589,47.8384],[-1.3634,47.8387],[-1.3682,47.8359],[-1.3734,47.8383],[-1.3748,47.8382],[-1.3770,47.8342],[-1.3793,47.8323],[-1.3875,47.8316],[-1.3861,47.8282],[-1.3884,47.8280]]}},{"type":"Feature","properties":{"name":"Le Semnon"},"geometry":{"type":"LineString","coordinates":[[-1.2527,47.8186],[-1.2543,47.8188],[-1.2550,47.8209],[-1.2584,47.8233],[-1.2628,47.8230],[-1.2726,47.8250]]}},{"type":"Feature","properties":{"name":"Le Semnon"},"geometry":{"type":"LineString","coordinates":[[-1.2521,47.8186],[-1.2527,47.8186]]}},{"type":"Feature","properties":{"name":"Le Semnon"},"geometry":{"type":"LineString","coordinates":[[-1.4724,47.8332],[-1.4752,47.8338]]}},{"type":"Feature","properties":{"name":"Le Semnon"},"geometry":{"type":"LineString","coordinates":[[-1.6837,47.8807],[-1.6866,47.8807],[-1.6902,47.8824],[-1.6912,47.8830],[-1.6912,47.8842],[-1.6969,47.8864],[-1.6983,47.8883],[-1.7085,47.8867],[-1.7123,47.8888],[-1.7150,47.8926],[-1.7141,47.8944],[-1.7149,47.8960],[-1.7123,47.9005],[-1.7129,47.9024]]}},{"type":"Feature","properties":{"name":"Le Semnon"},"geometry":{"type":"LineString","coordinates":[[-1.2498,47.8164],[-1.2513,47.8168],[-1.2521,47.8186]]}},{"type":"Feature","properties":{"name":"Le Semnon"},"geometry":{"type":"LineString","coordinates":[[-1.6516,47.8740],[-1.6553,47.8751],[-1.6587,47.8719]]}},{"type":"Feature","properties":{"name":"Le Semnon"},"geometry":{"type":"LineString","coordinates":[[-1.6501,47.8730],[-1.6516,47.8740]]}},{"type":"Feature","properties":{"name":"Le Semnon"},"geometry":{"type":"LineString","coordinates":[[-1.6509,47.8729],[-1.6516,47.8740]]}},{"type":"Feature","properties":{"name":"Le Semnon"},"geometry":{"type":"LineString","coordinates":[[-1.6587,47.8719],[-1.6677,47.8730],[-1.6706,47.8704]]}},{"type":"Feature","properties":{"name":"Le Semnon"},"geometry":{"type":"LineString","coordinates":[[-1.6706,47.8704],[-1.6708,47.8704]]}},{"type":"Feature","properties":{"name":"Le Semnon"},"geometry":{"type":"LineString","coordinates":[[-1.6701,47.8829],[-1.6755,47.8836],[-1.6837,47.8807]]}},{"type":"Feature","properties":{"name":"Le Semnon"},"geometry":{"type":"LineString","coordinates":[[-1.4833,47.8314],[-1.4854,47.8318]]}},{"type":"Feature","properties":{"name":"Le Semnon"},"geometry":{"type":"LineString","coordinates":[[-1.5127,47.8303],[-1.5127,47.8303]]}},{"type":"Feature","properties":{"name":"Le Semnon"},"geometry":{"type":"LineString","coordinates":[[-1.5127,47.8303],[-1.5218,47.8335],[-1.5230,47.8393],[-1.5254,47.8401],[-1.5304,47.8388],[-1.5310,47.8370],[-1.5298,47.8357],[-1.5306,47.8344],[-1.5358,47.8317],[-1.5405,47.8340],[-1.5450,47.8408],[-1.5474,47.8420]]}},{"type":"Feature","properties":{"name":"Le Semnon"},"geometry":{"type":"LineString","coordinates":[[-1.4724,47.8332],[-1.4737,47.8330]]}},{"type":"Feature","properties":{"name":"Le Semnon"},"geometry":{"type":"LineString","coordinates":[[-1.4750,47.8334],[-1.4753,47.8351],[-1.4786,47.8358],[-1.4833,47.8314]]}},{"type":"Feature","properties":{"name":"Le Semnon"},"geometry":{"type":"LineString","coordinates":[[-1.4737,47.8330],[-1.4750,47.8334]]}},{"type":"Feature","properties":{"name":"L\u0027Oir"},"geometry":{"type":"LineString","coordinates":[[-1.2688,48.6305],[-1.2734,48.6287],[-1.2744,48.6275],[-1.2760,48.6281]]}},{"type":"Feature","properties":{"name":"L\u0027Oir"},"geometry":{"type":"LineString","coordinates":[[-1.2528,48.6423],[-1.2587,48.6421],[-1.2621,48.6367],[-1.2665,48.6367],[-1.2683,48.6333],[-1.2671,48.6326],[-1.2671,48.6314],[-1.2688,48.6305]]}},{"type":"Feature","properties":{"name":"L\u0027Oir"},"geometry":{"type":"LineString","coordinates":[[-1.2200,48.6394],[-1.2216,48.6392]]}},{"type":"Feature","properties":{"name":"L\u0027Oir"},"geometry":{"type":"LineString","coordinates":[[-1.2216,48.6392],[-1.2243,48.6416],[-1.2292,48.6415],[-1.2336,48.6443],[-1.2353,48.6435],[-1.2402,48.6445],[-1.2446,48.6437],[-1.2489,48.6447],[-1.2515,48.6436],[-1.2516,48.6423],[-1.2528,48.6423]]}},{"type":"Feature","properties":{"name":"L\u0027Oir"},"geometry":{"type":"LineString","coordinates":[[-1.1541,48.6386],[-1.1603,48.6394],[-1.1657,48.6386],[-1.1696,48.6392],[-1.1739,48.6371],[-1.1784,48.6375]]}},{"type":"Feature","properties":{"name":"L\u0027Oir"},"geometry":{"type":"LineString","coordinates":[[-1.2818,48.6254],[-1.2845,48.6256],[-1.2836,48.6271],[-1.2852,48.6277]]}},{"type":"Feature","properties":{"name":"L\u0027Oir"},"geometry":{"type":"LineString","coordinates":[[-1.2805,48.6262],[-1.2818,48.6254]]}},{"type":"Feature","properties":{"name":"L\u0027Oir"},"geometry":{"type":"LineString","coordinates":[[-1.2760,48.6281],[-1.2761,48.6281]]}},{"type":"Feature","properties":{"name":"L\u0027Oir"},"geometry":{"type":"LineString","coordinates":[[-1.2761,48.6281],[-1.2805,48.6286],[-1.2805,48.6262]]}},{"type":"Feature","properties":{"name":"L\u0027Oir"},"geometry":{"type":"LineString","coordinates":[[-1.2760,48.6281],[-1.2761,48.6281]]}},{"type":"Feature","properties":{"name":"L\u0027Oir"},"geometry":{"type":"LineString","coordinates":[[-1.2852,48.6277],[-1.2853,48.6278]]}},{"type":"Feature","properties":{"name":"L\u0027Oir"},"geometry":{"type":"LineString","coordinates":[[-1.2853,48.6278],[-1.2931,48.6292],[-1.2934,48.6299]]}},{"type":"Feature","properties":{"name":"L\u0027Oir"},"geometry":{"type":"LineString","coordinates":[[-1.2934,48.6299],[-1.2935,48.6300]]}},{"type":"Feature","properties":{"name":"L\u0027Oir"},"geometry":{"type":"LineString","coordinates":[[-1.2935,48.6300],[-1.2942,48.6305]]}},{"type":"Feature","properties":{"name":"L\u0027Oir"},"geometry":{"type":"LineString","coordinates":[[-1.1939,48.6385],[-1.1941,48.6387]]}},{"type":"Feature","properties":{"name":"L\u0027Oir"},"geometry":{"type":"LineString","coordinates":[[-1.1941,48.6387],[-1.1943,48.6388]]}},{"type":"Feature","properties":{"name":"L\u0027Oir"},"geometry":{"type":"LineString","coordinates":[[-1.1943,48.6388],[-1.1946,48.6388]]}},{"type":"Feature","properties":{"name":"L\u0027Oir"},"geometry":{"type":"LineString","coordinates":[[-1.1946,48.6388],[-1.2054,48.6385],[-1.2068,48.6370],[-1.2112,48.6367],[-1.2122,48.6377],[-1.2118,48.6385],[-1.2200,48.6394]]}},{"type":"Feature","properties":{"name":"L\u0027Oir"},"geometry":{"type":"LineString","coordinates":[[-1.1540,48.6385],[-1.1541,48.6386]]}},{"type":"Feature","properties":{"name":"L\u0027Oir"},"geometry":{"type":"LineString","coordinates":[[-1.1442,48.6370],[-1.1485,48.6369],[-1.1540,48.6385]]}},{"type":"Feature","properties":{"name":"L\u0027Oir"},"geometry":{"type":"LineString","coordinates":[[-1.1784,48.6375],[-1.1785,48.6375]]}},{"type":"Feature","properties":{"name":"L\u0027Oir"},"geometry":{"type":"LineString","coordinates":[[-1.1785,48.6375],[-1.1821,48.6373],[-1.1884,48.6391],[-1.1915,48.6381],[-1.1939,48.6385]]}},{"type":"Feature","properties":{"name":"Ruisseau de Trévelo"},"geometry":{"type":"LineString","coordinates":[[-2.3050,47.6062],[-2.3026,47.6024],[-2.2986,47.6004]]}},{"type":"Feature","properties":{"name":"Ruisseau de Trévelo"},"geometry":{"type":"LineString","coordinates":[[-2.3393,47.6346],[-2.3396,47.6330],[-2.3454,47.6265],[-2.3424,47.6236],[-2.3340,47.6203],[-2.3311,47.6206],[-2.3300,47.6171],[-2.3277,47.6154],[-2.3202,47.6149],[-2.3191,47.6139],[-2.3137,47.6134],[-2.3096,47.6096],[-2.3059,47.6084],[-2.3063,47.6071],[-2.3050,47.6062]]}},{"type":"Feature","properties":{"name":"La Sée"},"geometry":{"type":"LineString","coordinates":[[-1.3707,48.6944],[-1.3724,48.6943],[-1.3742,48.6915],[-1.3792,48.6897],[-1.3757,48.6885],[-1.3758,48.6868]]}},{"type":"Feature","properties":{"name":"La Sée"},"geometry":{"type":"LineString","coordinates":[[-1.0891,48.7165],[-1.0912,48.7168],[-1.0937,48.7154],[-1.0968,48.7157],[-1.0966,48.7150],[-1.0984,48.7154],[-1.0997,48.7142],[-1.1028,48.7149],[-1.1059,48.7181],[-1.1147,48.7187],[-1.1141,48.7191],[-1.1156,48.7194],[-1.1161,48.7210],[-1.1190,48.7216],[-1.1194,48.7229],[-1.1214,48.7238],[-1.1279,48.7227],[-1.1285,48.7214],[-1.1300,48.7218]]}},{"type":"Feature","properties":{"name":"La Sée"},"geometry":{"type":"LineString","coordinates":[[-1.1400,48.7215],[-1.1416,48.7199],[-1.1455,48.7195]]}},{"type":"Feature","properties":{"name":"La Sée"},"geometry":{"type":"LineString","coordinates":[[-1.1455,48.7195],[-1.1449,48.7187],[-1.1469,48.7177]]}},{"type":"Feature","properties":{"name":"La Sée"},"geometry":{"type":"LineString","coordinates":[[-1.3167,48.7062],[-1.3168,48.7050],[-1.3261,48.7027],[-1.3274,48.7011],[-1.3264,48.7004],[-1.3335,48.6979],[-1.3326,48.6963],[-1.3341,48.6965],[-1.3354,48.6955],[-1.3362,48.6963]]}},{"type":"Feature","properties":{"name":"La Sée"},"geometry":{"type":"LineString","coordinates":[[-1.3505,48.7004],[-1.3557,48.6989],[-1.3565,48.6979],[-1.3553,48.6975],[-1.3581,48.6960],[-1.3600,48.6958],[-1.3599,48.6969],[-1.3609,48.6970],[-1.3613,48.6930],[-1.3705,48.6946]]}},{"type":"Feature","properties":{"name":"La Sée"},"geometry":{"type":"LineString","coordinates":[[-1.0511,48.7082],[-1.0552,48.7090],[-1.0573,48.7081],[-1.0613,48.7083],[-1.0632,48.7099],[-1.0654,48.7098],[-1.0715,48.7122],[-1.0709,48.7131],[-1.0716,48.7142],[-1.0873,48.7160]]}},{"type":"Feature","properties":{"name":"La Sée"},"geometry":{"type":"LineString","coordinates":[[-1.0501,48.7086],[-1.0511,48.7082]]}},{"type":"Feature","properties":{"name":"La Sée"},"geometry":{"type":"LineString","coordinates":[[-1.0873,48.7160],[-1.0891,48.7165]]}},{"type":"Feature","properties":{"name":"La Sée"},"geometry":{"type":"LineString","coordinates":[[-0.9845,48.7243],[-0.9876,48.7239],[-0.9906,48.7222],[-1.0016,48.7216],[-1.0058,48.7194],[-1.0069,48.7156],[-1.0108,48.7153],[-1.0108,48.7145],[-1.0161,48.7132],[-1.0167,48.7120]]}},{"type":"Feature","properties":{"name":"La Sée"},"geometry":{"type":"LineString","coordinates":[[-1.2049,48.7125],[-1.2096,48.7149],[-1.2092,48.7161],[-1.2121,48.7164]]}},{"type":"Feature","properties":{"name":"La Sée"},"geometry":{"type":"LineString","coordinates":[[-1.3107,48.7054],[-1.3115,48.7054],[-1.3116,48.7069],[-1.3129,48.7052],[-1.3150,48.7057],[-1.3152,48.7066],[-1.3167,48.7062]]}},{"type":"Feature","properties":{"name":"La Sée"},"geometry":{"type":"LineString","coordinates":[[-1.2482,48.7105],[-1.2531,48.7092],[-1.2549,48.7119],[-1.2583,48.7108],[-1.2583,48.7099],[-1.2572,48.7097],[-1.2579,48.7092],[-1.2601,48.7095],[-1.2635,48.7086],[-1.2648,48.7070],[-1.2680,48.7070],[-1.2672,48.7055],[-1.2683,48.7061],[-1.2689,48.7052],[-1.2710,48.7048],[-1.2731,48.7057],[-1.2748,48.7039],[-1.2763,48.7040],[-1.2765,48.7028],[-1.2798,48.7038],[-1.2801,48.7024],[-1.2811,48.7030],[-1.2818,48.7022]]}},{"type":"Feature","properties":{"name":"La Sée"},"geometry":{"type":"LineString","coordinates":[[-1.2443,48.7117],[-1.2454,48.7121],[-1.2482,48.7105]]}},{"type":"Feature","properties":{"name":"La Sée"},"geometry":{"type":"LineString","coordinates":[[-1.3362,48.6963],[-1.3372,48.6970],[-1.3398,48.6967]]}},{"type":"Feature","properties":{"name":"La Sée"},"geometry":{"type":"LineString","coordinates":[[-1.2828,48.7025],[-1.2848,48.7020],[-1.2839,48.7026],[-1.2844,48.7032],[-1.2877,48.7031],[-1.2880,48.7041],[-1.2894,48.7046],[-1.2915,48.7036],[-1.2923,48.7048],[-1.2937,48.7044],[-1.2938,48.7030],[-1.2958,48.7041],[-1.2962,48.7027],[-1.2954,48.7024],[-1.2961,48.7021],[-1.2983,48.7041],[-1.3025,48.7048],[-1.3024,48.7057],[-1.3049,48.7048],[-1.3058,48.7057],[-1.3064,48.7049],[-1.3072,48.7051],[-1.3064,48.7060],[-1.3084,48.7065],[-1.3092,48.7061],[-1.3088,48.7052],[-1.3107,48.7054]]}},{"type":"Feature","properties":{"name":"La Sée"},"geometry":{"type":"LineString","coordinates":[[-1.0167,48.7120],[-1.0199,48.7090],[-1.0220,48.7088],[-1.0250,48.7069]]}},{"type":"Feature","properties":{"name":"La Sée"},"geometry":{"type":"LineString","coordinates":[[-1.0250,48.7069],[-1.0321,48.7063],[-1.0349,48.7072],[-1.0373,48.7063],[-1.0377,48.7073],[-1.0401,48.7067],[-1.0417,48.7080],[-1.0491,48.7075],[-1.0501,48.7086]]}},{"type":"Feature","properties":{"name":"La Sée"},"geometry":{"type":"LineString","coordinates":[[-1.2121,48.7164],[-1.2156,48.7161],[-1.2168,48.7174],[-1.2175,48.7161],[-1.2180,48.7171],[-1.2194,48.7162],[-1.2204,48.7167],[-1.2202,48.7157],[-1.2218,48.7159],[-1.2215,48.7150],[-1.2232,48.7155],[-1.2247,48.7137],[-1.2262,48.7140],[-1.2276,48.7114],[-1.2288,48.7121],[-1.2297,48.7104],[-1.2305,48.7103],[-1.2307,48.7118],[-1.2340,48.7107],[-1.2373,48.7112],[-1.2386,48.7100],[-1.2416,48.7116],[-1.2443,48.7117]]}},{"type":"Feature","properties":{"name":"La Sée"},"geometry":{"type":"LineString","coordinates":[[-1.2030,48.7119],[-1.2025,48.7126],[-1.2049,48.7125]]}},{"type":"Feature","properties":{"name":"La Sée"},"geometry":{"type":"LineString","coordinates":[[-1.1367,48.7218],[-1.1400,48.7215]]}},{"type":"Feature","properties":{"name":"La Sée"},"geometry":{"type":"LineString","coordinates":[[-1.1300,48.7218],[-1.1319,48.7228],[-1.1367,48.7218]]}},{"type":"Feature","properties":{"name":"La Sée"},"geometry":{"type":"LineString","coordinates":[[-1.1300,48.7218],[-1.1344,48.7197],[-1.1359,48.7198],[-1.1362,48.7207]]}},{"type":"Feature","properties":{"name":"La Sée"},"geometry":{"type":"LineString","coordinates":[[-1.1362,48.7207],[-1.1408,48.7202]]}},{"type":"Feature","properties":{"name":"La Sée"},"geometry":{"type":"LineString","coordinates":[[-1.3705,48.6946],[-1.3705,48.6945]]}},{"type":"Feature","properties":{"name":"La Sée"},"geometry":{"type":"LineString","coordinates":[[-1.3497,48.7002],[-1.3505,48.7004]]}},{"type":"Feature","properties":{"name":"La Sée"},"geometry":{"type":"LineString","coordinates":[[-1.3398,48.6967],[-1.3434,48.6967],[-1.3472,48.6979],[-1.3494,48.6963],[-1.3509,48.6974],[-1.3497,48.7002]]}},{"type":"Feature","properties":{"name":"La Sée"},"geometry":{"type":"LineString","coordinates":[[-1.3868,48.6759],[-1.3875,48.6753],[-1.3904,48.6767],[-1.3934,48.6765],[-1.3979,48.6730],[-1.4082,48.6721],[-1.4064,48.6679],[-1.4106,48.6668],[-1.4137,48.6631],[-1.4101,48.6597],[-1.4095,48.6545],[-1.4102,48.6525],[-1.4115,48.6518],[-1.4166,48.6504],[-1.4237,48.6504],[-1.4360,48.6524],[-1.4406,48.6549],[-1.4470,48.6537]]}},{"type":"Feature","properties":{"name":"La Sée"},"geometry":{"type":"LineString","coordinates":[[-1.3832,48.6808],[-1.3868,48.6759]]}},{"type":"Feature","properties":{"name":"La Sée"},"geometry":{"type":"LineString","coordinates":[[-1.3705,48.6945],[-1.3707,48.6944]]}},{"type":"Feature","properties":{"name":"La Sée"},"geometry":{"type":"LineString","coordinates":[[-1.3758,48.6868],[-1.3770,48.6854],[-1.3800,48.6862],[-1.3837,48.6833],[-1.3847,48.6823],[-1.3832,48.6808]]}},{"type":"Feature","properties":{"name":"La Sée"},"geometry":{"type":"LineString","coordinates":[[-1.1469,48.7177],[-1.1484,48.7184],[-1.1498,48.7177],[-1.1499,48.7186],[-1.1528,48.7201],[-1.1562,48.7203],[-1.1584,48.7184],[-1.1615,48.7189],[-1.1617,48.7175],[-1.1646,48.7174],[-1.1685,48.7148],[-1.1722,48.7152],[-1.1770,48.7148],[-1.1765,48.7144],[-1.1773,48.7140],[-1.1800,48.7145],[-1.1790,48.7154],[-1.1833,48.7172],[-1.1859,48.7170],[-1.1863,48.7156],[-1.1879,48.7161],[-1.1923,48.7151],[-1.1919,48.7142],[-1.1968,48.7118],[-1.2030,48.7119]]}},{"type":"Feature","properties":{"name":"La Sée"},"geometry":{"type":"LineString","coordinates":[[-1.2818,48.7022],[-1.2827,48.7023]]}},{"type":"Feature","properties":{"name":"La Sée"},"geometry":{"type":"LineString","coordinates":[[-1.2827,48.7023],[-1.2828,48.7025]]}},{"type":"Feature","properties":{"name":"La Futaie"},"geometry":{"type":"LineString","coordinates":[[-1.0029,48.4118],[-1.0034,48.4144],[-1.0050,48.4148],[-1.0085,48.4134],[-1.0126,48.4148],[-1.0237,48.4150],[-1.0263,48.4138],[-1.0285,48.4159],[-1.0317,48.4169],[-1.0320,48.4195],[-1.0313,48.4198],[-1.0386,48.4193],[-1.0400,48.4203],[-1.0404,48.4227],[-1.0441,48.4252],[-1.0427,48.4265]]}},{"type":"Feature","properties":{"name":"Le Beuvron"},"geometry":{"type":"LineString","coordinates":[[-1.2556,48.4876],[-1.2589,48.4899],[-1.2573,48.4922],[-1.2603,48.4946],[-1.2613,48.4977],[-1.2648,48.4986],[-1.2653,48.5000],[-1.2670,48.5007],[-1.2667,48.5021],[-1.2696,48.5020],[-1.2697,48.5030],[-1.2717,48.5041],[-1.2716,48.5064],[-1.2757,48.5064],[-1.2790,48.5093]]}},{"type":"Feature","properties":{"name":"Le Beuvron"},"geometry":{"type":"LineString","coordinates":[[-1.3053,48.5905],[-1.3040,48.5923],[-1.3030,48.5917],[-1.3014,48.5927],[-1.2990,48.5956]]}},{"type":"Feature","properties":{"name":"Le Beuvron"},"geometry":{"type":"LineString","coordinates":[[-1.2790,48.5093],[-1.2822,48.5083],[-1.2860,48.5099],[-1.2875,48.5096]]}},{"type":"Feature","properties":{"name":"Le Beuvron"},"geometry":{"type":"LineString","coordinates":[[-1.2875,48.5096],[-1.2880,48.5105],[-1.2867,48.5115],[-1.2899,48.5117],[-1.2879,48.5132],[-1.2890,48.5141],[-1.2927,48.5134],[-1.2950,48.5156],[-1.2978,48.5155],[-1.2982,48.5163],[-1.3010,48.5161],[-1.3023,48.5148],[-1.3062,48.5154],[-1.3120,48.5118],[-1.3144,48.5138],[-1.3169,48.5137],[-1.3165,48.5171],[-1.3173,48.5193],[-1.3220,48.5209],[-1.3206,48.5221],[-1.3175,48.5222],[-1.3167,48.5232]]}},{"type":"Feature","properties":{"name":"Le Beuvron"},"geometry":{"type":"LineString","coordinates":[[-1.3167,48.5232],[-1.3189,48.5257],[-1.3231,48.5255],[-1.3229,48.5267],[-1.3216,48.5274],[-1.3224,48.5288],[-1.3254,48.5282],[-1.3241,48.5298],[-1.3244,48.5325],[-1.3283,48.5349],[-1.3275,48.5376],[-1.3326,48.5428],[-1.3327,48.5441],[-1.3345,48.5452],[-1.3331,48.5462]]}},{"type":"Feature","properties":{"name":"Le Beuvron"},"geometry":{"type":"LineString","coordinates":[[-1.3331,48.5462],[-1.3345,48.5484],[-1.3336,48.5506],[-1.3349,48.5538]]}},{"type":"Feature","properties":{"name":"Le Beuvron"},"geometry":{"type":"LineString","coordinates":[[-1.3349,48.5538],[-1.3330,48.5554],[-1.3316,48.5578],[-1.3321,48.5585],[-1.3311,48.5587],[-1.3294,48.5616],[-1.3290,48.5637],[-1.3300,48.5650],[-1.3289,48.5675],[-1.3252,48.5692],[-1.3231,48.5688],[-1.3175,48.5730],[-1.3158,48.5757],[-1.3148,48.5756],[-1.3128,48.5796],[-1.3155,48.5819],[-1.3148,48.5824],[-1.3165,48.5826],[-1.3164,48.5845],[-1.3119,48.5861],[-1.3115,48.5876],[-1.3085,48.5897],[-1.3053,48.5905]]}},{"type":"Feature","properties":{"name":"Le Beuvron"},"geometry":{"type":"LineString","coordinates":[[-1.2430,48.4793],[-1.2457,48.4794],[-1.2479,48.4813],[-1.2501,48.4813],[-1.2526,48.4862],[-1.2556,48.4876]]}},{"type":"Feature","properties":{"name":"Le Beuvron"},"geometry":{"type":"LineString","coordinates":[[-1.2426,48.4792],[-1.2430,48.4793]]}},{"type":"Feature","properties":{"name":"Le Beuvron"},"geometry":{"type":"LineString","coordinates":[[-1.2277,48.4706],[-1.2320,48.4743],[-1.2364,48.4748],[-1.2377,48.4782],[-1.2426,48.4792]]}},{"type":"Feature","properties":{"name":"Le Beuvron"},"geometry":{"type":"LineString","coordinates":[[-1.2285,48.4655],[-1.2277,48.4706]]}},{"type":"Feature","properties":{"name":"Quincampoix"},"geometry":{"type":"LineString","coordinates":[[-1.3841,48.0005],[-1.3914,48.0022],[-1.3929,47.9951],[-1.3958,47.9935],[-1.4006,47.9931]]}},{"type":"Feature","properties":{"name":"Quincampoix"},"geometry":{"type":"LineString","coordinates":[[-1.3785,48.0040],[-1.3822,48.0037],[-1.3841,48.0005]]}},{"type":"Feature","properties":{"name":"Canal de Nantes à Brest"},"geometry":{"type":"LineString","coordinates":[[-2.2957,47.7507],[-2.2906,47.7478]]}},{"type":"Feature","properties":{"name":"L\u0027Illet"},"geometry":{"type":"LineString","coordinates":[[-1.5590,48.2517],[-1.5582,48.2513],[-1.5605,48.2502],[-1.5595,48.2486],[-1.5603,48.2474]]}},{"type":"Feature","properties":{"name":"L\u0027Illet"},"geometry":{"type":"LineString","coordinates":[[-1.5129,48.2591],[-1.5150,48.2599],[-1.5251,48.2574],[-1.5438,48.2603]]}},{"type":"Feature","properties":{"name":"L\u0027Illet"},"geometry":{"type":"LineString","coordinates":[[-1.5814,48.2495],[-1.5810,48.2512],[-1.5826,48.2520],[-1.5843,48.2510],[-1.5846,48.2481],[-1.5873,48.2478],[-1.5903,48.2488],[-1.5924,48.2478],[-1.5944,48.2428],[-1.5991,48.2422],[-1.5997,48.2414],[-1.5986,48.2411],[-1.5994,48.2403],[-1.5986,48.2398],[-1.5995,48.2392],[-1.5979,48.2383],[-1.5995,48.2367],[-1.6024,48.2364],[-1.6030,48.2354],[-1.6018,48.2328],[-1.6055,48.2324],[-1.6078,48.2309],[-1.6070,48.2279],[-1.6021,48.2266],[-1.6016,48.2252],[-1.6048,48.2234],[-1.6098,48.2248],[-1.6121,48.2234],[-1.6119,48.2219],[-1.6070,48.2202],[-1.6063,48.2190],[-1.6072,48.2186],[-1.6049,48.2160],[-1.6046,48.2144],[-1.6029,48.2136],[-1.6041,48.2124],[-1.6121,48.2124],[-1.6120,48.2110],[-1.6132,48.2103],[-1.6096,48.2066],[-1.6139,48.2039],[-1.6185,48.2028],[-1.6209,48.2032],[-1.6215,48.2042],[-1.6237,48.2038],[-1.6244,48.2024],[-1.6227,48.1982],[-1.6251,48.1966]]}},{"type":"Feature","properties":{"name":"L\u0027Illet"},"geometry":{"type":"LineString","coordinates":[[-1.5664,48.2457],[-1.5699,48.2458],[-1.5733,48.2481],[-1.5761,48.2465],[-1.5755,48.2459],[-1.5788,48.2460],[-1.5812,48.2475],[-1.5814,48.2495]]}},{"type":"Feature","properties":{"name":"L\u0027Illet"},"geometry":{"type":"LineString","coordinates":[[-1.5612,48.2474],[-1.5651,48.2472],[-1.5664,48.2457]]}},{"type":"Feature","properties":{"name":"L\u0027Illet"},"geometry":{"type":"LineString","coordinates":[[-1.5438,48.2603],[-1.5456,48.2596],[-1.5497,48.2602],[-1.5517,48.2591],[-1.5523,48.2573],[-1.5537,48.2577],[-1.5550,48.2567],[-1.5579,48.2566],[-1.5589,48.2553],[-1.5581,48.2519],[-1.5590,48.2517]]}},{"type":"Feature","properties":{"name":"L\u0027Illet"},"geometry":{"type":"LineString","coordinates":[[-1.6251,48.1966],[-1.6290,48.1957]]}},{"type":"Feature","properties":{"name":"L\u0027Illet"},"geometry":{"type":"LineString","coordinates":[[-1.5603,48.2474],[-1.5612,48.2474]]}},{"type":"Feature","properties":{"name":"L\u0027Araize"},"geometry":{"type":"LineString","coordinates":[[-1.0544,47.7586],[-1.0489,47.7585],[-1.0464,47.7603],[-1.0439,47.7606],[-1.0419,47.7597]]}},{"type":"Feature","properties":{"name":"L\u0027Araize"},"geometry":{"type":"LineString","coordinates":[[-1.0682,47.7603],[-1.0648,47.7589],[-1.0582,47.7581],[-1.0544,47.7586]]}},{"type":"Feature","properties":{"name":"L\u0027Araize"},"geometry":{"type":"LineString","coordinates":[[-1.0925,47.7649],[-1.0834,47.7606],[-1.0735,47.7610],[-1.0716,47.7600],[-1.0682,47.7603]]}},{"type":"Feature","properties":{"name":"L\u0027Araize"},"geometry":{"type":"LineString","coordinates":[[-1.0419,47.7597],[-1.0376,47.7594],[-1.0376,47.7579],[-1.0339,47.7559],[-1.0225,47.7581],[-1.0223,47.7548],[-1.0208,47.7538],[-1.0170,47.7559],[-1.0156,47.7556],[-1.0092,47.7576],[-1.0078,47.7548],[-0.9991,47.7551],[-0.9931,47.7523],[-0.9888,47.7515],[-0.9871,47.7485],[-0.9817,47.7494],[-0.9808,47.7487],[-0.9814,47.7479],[-0.9797,47.7468]]}},{"type":"Feature","properties":{"name":"Le Serein"},"geometry":{"type":"LineString","coordinates":[[-1.9361,48.0803],[-1.9327,48.0811],[-1.9295,48.0794],[-1.9232,48.0797],[-1.9193,48.0814]]}},{"type":"Feature","properties":{"name":"Le Serein"},"geometry":{"type":"LineString","coordinates":[[-1.9617,48.0644],[-1.9568,48.0663],[-1.9548,48.0702],[-1.9536,48.0713],[-1.9498,48.0718],[-1.9490,48.0741],[-1.9426,48.0752],[-1.9407,48.0772],[-1.9358,48.0774],[-1.9361,48.0803]]}},{"type":"Feature","properties":{"name":"Le Serein"},"geometry":{"type":"LineString","coordinates":[[-1.9193,48.0814],[-1.9188,48.0824],[-1.9164,48.0830],[-1.9124,48.0829],[-1.9113,48.0845],[-1.9067,48.0861],[-1.9057,48.0870],[-1.9064,48.0889],[-1.9043,48.0892],[-1.9030,48.0907]]}},{"type":"Feature","properties":{"name":"L\u0027Arguenon"},"geometry":{"type":"LineString","coordinates":[[-2.3334,48.4028],[-2.3330,48.4046],[-2.3285,48.4062],[-2.3257,48.4083],[-2.3258,48.4091],[-2.3227,48.4100],[-2.3217,48.4125],[-2.3286,48.4154],[-2.3298,48.4178],[-2.3300,48.4192],[-2.3273,48.4225],[-2.3259,48.4265],[-2.3314,48.4290],[-2.3302,48.4327],[-2.3312,48.4365],[-2.3295,48.4396],[-2.3336,48.4414],[-2.3344,48.4431],[-2.3261,48.4475],[-2.3258,48.4506],[-2.3280,48.4530],[-2.3206,48.4556],[-2.3204,48.4574],[-2.3232,48.4600],[-2.3227,48.4630],[-2.3195,48.4641],[-2.3188,48.4611],[-2.3175,48.4607],[-2.3147,48.4609],[-2.3124,48.4627],[-2.3121,48.4636],[-2.3141,48.4667],[-2.3127,48.4692],[-2.3138,48.4715],[-2.3092,48.4749],[-2.3122,48.4821],[-2.3087,48.4901],[-2.3070,48.4907],[-2.3010,48.4894],[-2.2909,48.4941],[-2.2890,48.4936],[-2.2886,48.4919],[-2.2870,48.4912],[-2.2868,48.4896],[-2.2838,48.4883],[-2.2787,48.4904],[-2.2769,48.4923],[-2.2778,48.4934],[-2.2735,48.4953],[-2.2705,48.4932],[-2.2661,48.4939],[-2.2647,48.4946],[-2.2650,48.4962],[-2.2637,48.4991],[-2.2593,48.4994],[-2.2581,48.5013],[-2.2587,48.5025],[-2.2630,48.5025],[-2.2624,48.5050],[-2.2574,48.5060],[-2.2574,48.5085],[-2.2526,48.5101],[-2.2517,48.5115],[-2.2477,48.5110],[-2.2467,48.5139],[-2.2347,48.5165],[-2.2336,48.5185],[-2.2354,48.5206],[-2.2335,48.5219],[-2.2303,48.5217],[-2.2301,48.5245],[-2.2262,48.5329],[-2.2271,48.5373],[-2.2257,48.5396],[-2.2228,48.5402],[-2.2184,48.5431],[-2.2187,48.5450],[-2.2215,48.5452],[-2.2243,48.5473],[-2.2243,48.5503],[-2.2229,48.5524],[-2.2177,48.5536],[-2.2163,48.5549],[-2.2211,48.5607],[-2.2201,48.5619],[-2.2175,48.5615],[-2.2156,48.5631],[-2.2183,48.5657],[-2.2138,48.5687],[-2.2189,48.5705],[-2.2191,48.5719],[-2.2151,48.5739],[-2.2084,48.5740],[-2.2066,48.5777],[-2.2087,48.5800]]}},{"type":"Feature","properties":{"name":"L\u0027Arz"},"geometry":{"type":"LineString","coordinates":[[-2.1801,47.6931],[-2.1757,47.6897],[-2.1704,47.6893],[-2.1598,47.6850],[-2.1537,47.6845],[-2.1510,47.6831],[-2.1487,47.6804]]}},{"type":"Feature","properties":{"name":"L\u0027Arz"},"geometry":{"type":"LineString","coordinates":[[-2.1463,47.6771],[-2.1423,47.6715],[-2.1311,47.6658]]}},{"type":"Feature","properties":{"name":"L\u0027Arz"},"geometry":{"type":"LineString","coordinates":[[-2.2428,47.6978],[-2.2366,47.6993],[-2.2340,47.6988],[-2.2291,47.7007],[-2.2247,47.7006],[-2.2199,47.7023],[-2.2183,47.7005],[-2.2187,47.6977],[-2.2210,47.6967],[-2.2211,47.6951],[-2.2201,47.6947],[-2.2156,47.6940],[-2.2146,47.6953],[-2.2119,47.6959],[-2.2101,47.6951],[-2.2073,47.6961],[-2.2040,47.6958],[-2.2015,47.6978],[-2.1984,47.6971]]}},{"type":"Feature","properties":{"name":"L\u0027Arz"},"geometry":{"type":"LineString","coordinates":[[-2.2598,47.7092],[-2.2592,47.7099],[-2.2567,47.7093],[-2.2538,47.7075],[-2.2541,47.7064],[-2.2529,47.7048],[-2.2470,47.7034],[-2.2442,47.6983],[-2.2428,47.6978]]}},{"type":"Feature","properties":{"name":"L\u0027Arz"},"geometry":{"type":"LineString","coordinates":[[-2.1481,47.6778],[-2.1463,47.6771]]}},{"type":"Feature","properties":{"name":"L\u0027Arz"},"geometry":{"type":"LineString","coordinates":[[-2.2790,47.7046],[-2.2694,47.7060],[-2.2650,47.7045],[-2.2598,47.7092]]}},{"type":"Feature","properties":{"name":"L\u0027Arz"},"geometry":{"type":"LineString","coordinates":[[-2.1487,47.6804],[-2.1489,47.6785],[-2.1481,47.6778]]}},{"type":"Feature","properties":{"name":"L\u0027Arz"},"geometry":{"type":"LineString","coordinates":[[-2.3277,47.7157],[-2.3264,47.7130],[-2.3268,47.7100],[-2.3181,47.7057],[-2.3083,47.7088],[-2.3023,47.7074],[-2.3015,47.7086],[-2.2980,47.7090],[-2.2952,47.7086],[-2.2950,47.7073],[-2.2934,47.7080],[-2.2890,47.7071],[-2.2867,47.7045],[-2.2806,47.7047]]}},{"type":"Feature","properties":{"name":"L\u0027Arz"},"geometry":{"type":"LineString","coordinates":[[-2.1940,47.6949],[-2.1920,47.6935],[-2.1884,47.6929],[-2.1831,47.6938],[-2.1801,47.6931]]}},{"type":"Feature","properties":{"name":"L\u0027Arz"},"geometry":{"type":"LineString","coordinates":[[-2.1984,47.6971],[-2.1940,47.6949]]}},{"type":"Feature","properties":{"name":"L\u0027Arz"},"geometry":{"type":"LineString","coordinates":[[-2.2806,47.7047],[-2.2790,47.7046]]}},{"type":"Feature","properties":{"name":"L\u0027Arz"},"geometry":{"type":"LineString","coordinates":[[-2.1311,47.6658],[-2.1217,47.6614],[-2.1156,47.6571],[-2.1112,47.6558]]}},{"type":"Feature","properties":{"name":"L\u0027Oust"},"geometry":{"type":"LineString","coordinates":[[-2.1223,47.6826],[-2.1154,47.6813],[-2.1040,47.6765]]}},{"type":"Feature","properties":{"name":"L\u0027Oust"},"geometry":{"type":"LineString","coordinates":[[-2.1292,47.7177],[-2.1266,47.7166],[-2.1239,47.7136]]}},{"type":"Feature","properties":{"name":"L\u0027Oust"},"geometry":{"type":"LineString","coordinates":[[-2.1668,47.7241],[-2.1654,47.7233],[-2.1607,47.7239]]}},{"type":"Feature","properties":{"name":"L\u0027Oust"},"geometry":{"type":"LineString","coordinates":[[-2.1715,47.7271],[-2.1668,47.7241]]}},{"type":"Feature","properties":{"name":"L\u0027Oust"},"geometry":{"type":"LineString","coordinates":[[-2.1099,47.6574],[-2.1143,47.6495],[-2.1118,47.6459]]}},{"type":"Feature","properties":{"name":"L\u0027Oust"},"geometry":{"type":"LineString","coordinates":[[-2.1854,47.7231],[-2.1833,47.7237]]}},{"type":"Feature","properties":{"name":"L\u0027Oust"},"geometry":{"type":"LineString","coordinates":[[-2.2978,47.7513],[-2.2950,47.7516],[-2.2906,47.7478]]}},{"type":"Feature","properties":{"name":"L\u0027Oust"},"geometry":{"type":"LineString","coordinates":[[-2.1040,47.6765],[-2.1029,47.6663],[-2.1059,47.6612],[-2.1099,47.6574]]}},{"type":"Feature","properties":{"name":"L\u0027Oust"},"geometry":{"type":"LineString","coordinates":[[-2.1031,47.6349],[-2.0966,47.6314]]}},{"type":"Feature","properties":{"name":"L\u0027Oust"},"geometry":{"type":"LineString","coordinates":[[-2.2142,47.7290],[-2.2118,47.7305],[-2.1907,47.7260],[-2.1820,47.7291],[-2.1754,47.7276]]}},{"type":"Feature","properties":{"name":"L\u0027Oust"},"geometry":{"type":"LineString","coordinates":[[-2.2579,47.7405],[-2.2552,47.7382]]}},{"type":"Feature","properties":{"name":"L\u0027Oust"},"geometry":{"type":"LineString","coordinates":[[-2.1225,47.6854],[-2.1223,47.6826]]}},{"type":"Feature","properties":{"name":"L\u0027Oust"},"geometry":{"type":"LineString","coordinates":[[-2.1118,47.6459],[-2.1043,47.6381]]}},{"type":"Feature","properties":{"name":"L\u0027Oust"},"geometry":{"type":"LineString","coordinates":[[-2.1043,47.6381],[-2.1031,47.6349]]}},{"type":"Feature","properties":{"name":"L\u0027Oust"},"geometry":{"type":"LineString","coordinates":[[-2.1740,47.7259],[-2.1715,47.7271]]}},{"type":"Feature","properties":{"name":"L\u0027Oust"},"geometry":{"type":"LineString","coordinates":[[-2.1352,47.7188],[-2.1328,47.7176],[-2.1292,47.7177]]}},{"type":"Feature","properties":{"name":"L\u0027Oust"},"geometry":{"type":"LineString","coordinates":[[-2.1833,47.7237],[-2.1740,47.7259]]}},{"type":"Feature","properties":{"name":"L\u0027Oust"},"geometry":{"type":"LineString","coordinates":[[-2.1607,47.7239],[-2.1574,47.7249],[-2.1505,47.7250],[-2.1478,47.7236],[-2.1452,47.7207],[-2.1352,47.7188]]}},{"type":"Feature","properties":{"name":"L\u0027Oust"},"geometry":{"type":"LineString","coordinates":[[-2.1754,47.7276],[-2.1715,47.7271]]}},{"type":"Feature","properties":{"name":"La Sélune"},"geometry":{"type":"LineString","coordinates":[[-0.9729,48.5980],[-0.9791,48.5960],[-0.9827,48.5982],[-0.9850,48.5982],[-0.9905,48.5961],[-0.9911,48.5950],[-0.9925,48.5952],[-0.9929,48.5943],[-0.9955,48.5949]]}},{"type":"Feature","properties":{"name":"La Bouanne"},"geometry":{"type":"LineString","coordinates":[[-0.9690,48.6989],[-0.9716,48.7000],[-0.9777,48.6994],[-0.9814,48.7007],[-0.9849,48.7006],[-0.9876,48.7024],[-0.9888,48.7020]]}},{"type":"Feature","properties":{"name":"La Verzée"},"geometry":{"type":"LineString","coordinates":[[-0.9982,47.6854],[-0.9974,47.6858]]}}]}