{"type":"FeatureCollection","features":[{"type":"Feature","properties":{"name":"L\u0027Indre"},"geometry":{"type":"LineString","coordinates":[[0.8745,47.2488],[0.8700,47.2498],[0.8673,47.2526],[0.8651,47.2559],[0.8651,47.2615],[0.8624,47.2648],[0.8396,47.2712],[0.8344,47.2697],[0.8319,47.2705],[0.8280,47.2690],[0.8197,47.2695],[0.8177,47.2736],[0.8178,47.2777],[0.8147,47.2782],[0.8099,47.2734],[0.8058,47.2730],[0.7990,47.2751],[0.7980,47.2788],[0.7969,47.2795],[0.7871,47.2818],[0.7786,47.2818]]}},{"type":"Feature","properties":{"name":"L\u0027Indre"},"geometry":{"type":"LineString","coordinates":[[1.0807,47.0716],[1.0796,47.0721],[1.0772,47.0707],[1.0732,47.0728],[1.0759,47.0739],[1.0762,47.0750],[1.0749,47.0755],[1.0754,47.0762],[1.0740,47.0759],[1.0739,47.0767],[1.0724,47.0763],[1.0738,47.0779],[1.0725,47.0789],[1.0703,47.0795],[1.0691,47.0785],[1.0658,47.0805],[1.0635,47.0803],[1.0624,47.0812],[1.0601,47.0799],[1.0594,47.0817],[1.0579,47.0810],[1.0581,47.0825],[1.0467,47.0835],[1.0468,47.0846],[1.0451,47.0855],[1.0448,47.0844],[1.0428,47.0842],[1.0414,47.0851],[1.0418,47.0858],[1.0393,47.0863],[1.0389,47.0854],[1.0370,47.0854],[1.0339,47.0874],[1.0330,47.0871],[1.0321,47.0877],[1.0339,47.0880],[1.0332,47.0893],[1.0315,47.0887],[1.0318,47.0904],[1.0295,47.0898],[1.0298,47.0908],[1.0273,47.0923],[1.0310,47.0923],[1.0273,47.0949],[1.0280,47.0957],[1.0250,47.0984],[1.0228,47.0989],[1.0182,47.1031],[1.0162,47.1031],[1.0165,47.1040],[1.0130,47.1084],[1.0140,47.1091],[1.0155,47.1083],[1.0134,47.1116],[1.0140,47.1128],[1.0131,47.1144],[1.0141,47.1151],[1.0124,47.1171],[1.0093,47.1180],[1.0106,47.1184],[1.0084,47.1192],[1.0083,47.1201],[1.0029,47.1201],[1.0003,47.1267]]}},{"type":"Feature","properties":{"name":"L\u0027Indre"},"geometry":{"type":"LineString","coordinates":[[1.3817,46.9235],[1.3815,46.9258]]}},{"type":"Feature","properties":{"name":"L\u0027Indre"},"geometry":{"type":"LineString","coordinates":[[1.0035,47.1518],[1.0011,47.1536],[1.0001,47.1532],[1.0006,47.1516],[0.9989,47.1525],[0.9980,47.1577],[0.9959,47.1586],[0.9957,47.1598],[0.9943,47.1597],[0.9933,47.1631],[0.9912,47.1653],[0.9917,47.1671],[0.9889,47.1690],[0.9866,47.1727],[0.9837,47.1739],[0.9832,47.1771],[0.9811,47.1794],[0.9820,47.1805],[0.9784,47.1830],[0.9738,47.1841],[0.9734,47.1846],[0.9747,47.1859],[0.9686,47.1919],[0.9652,47.1941],[0.9642,47.1958]]}},{"type":"Feature","properties":{"name":"L\u0027Indre"},"geometry":{"type":"LineString","coordinates":[[1.0003,47.1270],[1.0033,47.1274],[1.0015,47.1287]]}},{"type":"Feature","properties":{"name":"L\u0027Indre"},"geometry":{"type":"LineString","coordinates":[[1.3394,46.9379],[1.3368,46.9381],[1.3376,46.9394],[1.3356,46.9398],[1.3365,46.9407],[1.3347,46.9415],[1.3341,46.9406],[1.3332,46.9420],[1.3292,46.9429]]}},{"type":"Feature","properties":{"name":"L\u0027Indre"},"geometry":{"type":"LineString","coordinates":[[1.3815,46.9258],[1.3753,46.9258],[1.3707,46.9270],[1.3689,46.9260],[1.3691,46.9248],[1.3675,46.9254],[1.3649,46.9245],[1.3619,46.9272],[1.3601,46.9257],[1.3580,46.9261],[1.3573,46.9267],[1.3590,46.9275],[1.3580,46.9286],[1.3589,46.9291],[1.3568,46.9294],[1.3563,46.9286],[1.3520,46.9318],[1.3508,46.9305],[1.3489,46.9320],[1.3461,46.9321],[1.3409,46.9352],[1.3404,46.9362],[1.3389,46.9356],[1.3394,46.9379]]}},{"type":"Feature","properties":{"name":"L\u0027Indre"},"geometry":{"type":"LineString","coordinates":[[1.0018,47.1354],[1.0022,47.1367],[1.0045,47.1369],[1.0052,47.1402],[1.0038,47.1425],[1.0063,47.1429],[1.0048,47.1454],[1.0055,47.1468],[1.0029,47.1483],[1.0047,47.1491],[1.0028,47.1496],[1.0037,47.1511],[1.0023,47.1514],[1.0035,47.1518]]}},{"type":"Feature","properties":{"name":"L\u0027Indre"},"geometry":{"type":"LineString","coordinates":[[1.1612,46.9975],[1.1611,46.9986],[1.1593,46.9996],[1.1560,46.9989],[1.1517,47.0021],[1.1513,47.0029],[1.1541,47.0038],[1.1490,47.0043],[1.1487,47.0055],[1.1504,47.0060],[1.1476,47.0081],[1.1465,47.0072],[1.1431,47.0096],[1.1435,47.0081],[1.1427,47.0078],[1.1415,47.0098],[1.1402,47.0088],[1.1367,47.0091]]}},{"type":"Feature","properties":{"name":"L\u0027Indre"},"geometry":{"type":"LineString","coordinates":[[0.9348,47.2205],[0.9327,47.2232],[0.9298,47.2229],[0.9292,47.2252],[0.9271,47.2247],[0.9263,47.2259],[0.9190,47.2267],[0.9101,47.2311],[0.9088,47.2309],[0.9096,47.2294],[0.9089,47.2287],[0.9030,47.2324],[0.9014,47.2314],[0.8988,47.2325],[0.8950,47.2350],[0.8962,47.2366],[0.8886,47.2400],[0.8882,47.2479],[0.8850,47.2492],[0.8769,47.2491]]}},{"type":"Feature","properties":{"name":"L\u0027Indre"},"geometry":{"type":"LineString","coordinates":[[1.1907,46.9752],[1.1910,46.9772],[1.1888,46.9770],[1.1873,46.9792],[1.1885,46.9808],[1.1861,46.9807],[1.1835,46.9828],[1.1833,46.9843],[1.1820,46.9846],[1.1826,46.9861],[1.1804,46.9866],[1.1809,46.9884],[1.1792,46.9894],[1.1791,46.9908],[1.1769,46.9915],[1.1770,46.9923],[1.1791,46.9931],[1.1786,46.9945],[1.1702,46.9977],[1.1676,46.9962],[1.1659,46.9980],[1.1652,46.9966],[1.1612,46.9975]]}},{"type":"Feature","properties":{"name":"L\u0027Indre"},"geometry":{"type":"LineString","coordinates":[[0.9642,47.1958],[0.9618,47.1978],[0.9594,47.1981],[0.9604,47.1995],[0.9582,47.2008],[0.9511,47.2026],[0.9514,47.2035],[0.9502,47.2045],[0.9508,47.2055],[0.9494,47.2055],[0.9483,47.2075]]}},{"type":"Feature","properties":{"name":"L\u0027Indre"},"geometry":{"type":"LineString","coordinates":[[1.1367,47.0091],[1.1344,47.0094],[1.1341,47.0112],[1.1322,47.0115],[1.1334,47.0125],[1.1311,47.0130],[1.1308,47.0144],[1.1289,47.0145],[1.1292,47.0155],[1.1273,47.0169],[1.1215,47.0185],[1.1218,47.0196],[1.1153,47.0248]]}},{"type":"Feature","properties":{"name":"L\u0027Indre"},"geometry":{"type":"LineString","coordinates":[[1.1153,47.0248],[1.1102,47.0292]]}},{"type":"Feature","properties":{"name":"L\u0027Indre"},"geometry":{"type":"LineString","coordinates":[[1.1102,47.0292],[1.1105,47.0306],[1.1087,47.0317],[1.1103,47.0326],[1.1092,47.0356],[1.1067,47.0387],[1.1050,47.0392],[1.1054,47.0421],[1.1041,47.0422],[1.1036,47.0408],[1.1024,47.0421],[1.1015,47.0413],[1.0978,47.0416],[1.0979,47.0427],[1.0993,47.0433],[1.0979,47.0442],[1.0988,47.0461],[1.0971,47.0466],[1.0981,47.0476],[1.0965,47.0473],[1.0978,47.0481],[1.0968,47.0492],[1.0993,47.0501],[1.1006,47.0527],[1.0992,47.0525],[1.0979,47.0559],[1.0927,47.0559],[1.0938,47.0580],[1.0899,47.0573],[1.0883,47.0583],[1.0875,47.0597],[1.0880,47.0606],[1.0855,47.0614],[1.0851,47.0630]]}},{"type":"Feature","properties":{"name":"L\u0027Indre"},"geometry":{"type":"LineString","coordinates":[[1.3292,46.9429],[1.3233,46.9403],[1.3212,46.9404]]}},{"type":"Feature","properties":{"name":"L\u0027Indre"},"geometry":{"type":"LineString","coordinates":[[1.2550,46.9484],[1.2529,46.9488],[1.2455,46.9474],[1.2446,46.9490],[1.2406,46.9496]]}},{"type":"Feature","properties":{"name":"L\u0027Indre"},"geometry":{"type":"LineString","coordinates":[[1.0851,47.0630],[1.0836,47.0628],[1.0850,47.0640],[1.0830,47.0661],[1.0818,47.0660],[1.0831,47.0670],[1.0806,47.0670],[1.0818,47.0677],[1.0795,47.0696],[1.0813,47.0703],[1.0807,47.0716]]}},{"type":"Feature","properties":{"name":"L\u0027Indre"},"geometry":{"type":"LineString","coordinates":[[1.6272,46.8119],[1.6265,46.8131],[1.6245,46.8130]]}},{"type":"Feature","properties":{"name":"L\u0027Indre"},"geometry":{"type":"LineString","coordinates":[[1.4431,46.8599],[1.4364,46.8664],[1.4372,46.8678],[1.4355,46.8680],[1.4337,46.8711],[1.4326,46.8714],[1.4351,46.8739],[1.4349,46.8747],[1.4284,46.8771],[1.4252,46.8796],[1.4229,46.8855],[1.4193,46.8890],[1.4193,46.8923],[1.4144,46.8959],[1.4154,46.8976],[1.4151,46.8990],[1.4071,46.9042],[1.4063,46.9058],[1.4029,46.9061],[1.4041,46.9084],[1.4009,46.9111],[1.4010,46.9121],[1.3974,46.9126],[1.3987,46.9146],[1.3947,46.9151],[1.3960,46.9159],[1.3956,46.9169],[1.3944,46.9162],[1.3937,46.9172],[1.3903,46.9180],[1.3905,46.9171],[1.3896,46.9170],[1.3871,46.9184],[1.3892,46.9192],[1.3865,46.9204],[1.3861,46.9217],[1.3870,46.9222],[1.3841,46.9219],[1.3817,46.9235]]}},{"type":"Feature","properties":{"name":"L\u0027Indre"},"geometry":{"type":"LineString","coordinates":[[1.7433,46.7971],[1.7421,46.7983],[1.7432,46.8010],[1.7409,46.8025],[1.7404,46.8040],[1.7421,46.8048],[1.7421,46.8059],[1.7288,46.8106],[1.7270,46.8134]]}},{"type":"Feature","properties":{"name":"L\u0027Indre"},"geometry":{"type":"LineString","coordinates":[[1.6919,46.8245],[1.6907,46.8242]]}},{"type":"Feature","properties":{"name":"L\u0027Indre"},"geometry":{"type":"LineString","coordinates":[[1.6978,46.8261],[1.6980,46.8279],[1.6958,46.8280],[1.6951,46.8297],[1.6899,46.8277],[1.6909,46.8196]]}},{"type":"Feature","properties":{"name":"L\u0027Indre"},"geometry":{"type":"LineString","coordinates":[[1.4209,46.8880],[1.4200,46.8895]]}},{"type":"Feature","properties":{"name":"L\u0027Indre"},"geometry":{"type":"LineString","coordinates":[[1.4209,46.8876],[1.4198,46.8899]]}},{"type":"Feature","properties":{"name":"L\u0027Indre"},"geometry":{"type":"LineString","coordinates":[[1.8523,46.7087],[1.8502,46.7116],[1.8495,46.7140],[1.8505,46.7157],[1.8493,46.7168],[1.8358,46.7221],[1.8359,46.7246],[1.8433,46.7285],[1.8442,46.7300],[1.8409,46.7332],[1.8336,46.7323],[1.8321,46.7330],[1.8319,46.7385],[1.8305,46.7399],[1.8306,46.7416]]}},{"type":"Feature","properties":{"name":"L\u0027Indre"},"geometry":{"type":"LineString","coordinates":[[1.8306,46.7416],[1.8271,46.7449],[1.8168,46.7451],[1.8080,46.7483],[1.8047,46.7511],[1.8001,46.7521],[1.7998,46.7543],[1.8022,46.7605],[1.8012,46.7623],[1.7949,46.7659],[1.7860,46.7693],[1.7839,46.7712],[1.7797,46.7714],[1.7777,46.7704],[1.7718,46.7755]]}},{"type":"Feature","properties":{"name":"L\u0027Indre"},"geometry":{"type":"LineString","coordinates":[[1.7419,46.8047],[1.7415,46.8050]]}},{"type":"Feature","properties":{"name":"L\u0027Indre"},"geometry":{"type":"LineString","coordinates":[[1.7404,46.8040],[1.7420,46.8059]]}},{"type":"Feature","properties":{"name":"L\u0027Indre"},"geometry":{"type":"LineString","coordinates":[[1.6847,46.8130],[1.6753,46.8137],[1.6721,46.8166],[1.6686,46.8164],[1.6635,46.8127],[1.6611,46.8090],[1.6615,46.8075],[1.6602,46.8047],[1.6532,46.8067],[1.6479,46.8070],[1.6456,46.8047],[1.6442,46.8046],[1.6423,46.8019],[1.6400,46.8007],[1.6390,46.8011],[1.6382,46.8001],[1.6386,46.7988]]}},{"type":"Feature","properties":{"name":"L\u0027Indre"},"geometry":{"type":"LineString","coordinates":[[1.7275,46.8204],[1.7259,46.8216],[1.7273,46.8228],[1.7242,46.8236],[1.7211,46.8266]]}},{"type":"Feature","properties":{"name":"L\u0027Indre"},"geometry":{"type":"LineString","coordinates":[[1.7275,46.8203],[1.7275,46.8204]]}},{"type":"Feature","properties":{"name":"L\u0027Indre"},"geometry":{"type":"LineString","coordinates":[[1.2547,46.9487],[1.2516,46.9522],[1.2485,46.9533],[1.2484,46.9519],[1.2455,46.9524],[1.2456,46.9537],[1.2437,46.9536],[1.2438,46.9552],[1.2410,46.9547],[1.2358,46.9574],[1.2340,46.9561],[1.2305,46.9572],[1.2265,46.9566],[1.2240,46.9581],[1.2218,46.9578],[1.2206,46.9592],[1.2184,46.9590],[1.2149,46.9613],[1.2115,46.9614],[1.2109,46.9639],[1.2098,46.9631],[1.2086,46.9643],[1.2059,46.9646],[1.2036,46.9667],[1.2005,46.9679],[1.1992,46.9697],[1.1968,46.9703]]}},{"type":"Feature","properties":{"name":"L\u0027Indre"},"geometry":{"type":"LineString","coordinates":[[1.2184,46.9590],[1.2138,46.9600],[1.2135,46.9609]]}},{"type":"Feature","properties":{"name":"L\u0027Indre"},"geometry":{"type":"LineString","coordinates":[[1.8493,46.6950],[1.8482,46.6958],[1.8543,46.7012],[1.8541,46.7042],[1.8530,46.7049],[1.8541,46.7058],[1.8521,46.7075],[1.8523,46.7087]]}},{"type":"Feature","properties":{"name":"L\u0027Indre"},"geometry":{"type":"LineString","coordinates":[[1.7638,46.7857],[1.7627,46.7863],[1.7576,46.7854],[1.7562,46.7870],[1.7527,46.7872],[1.7492,46.7891]]}},{"type":"Feature","properties":{"name":"L\u0027Indre"},"geometry":{"type":"LineString","coordinates":[[1.7718,46.7755],[1.7697,46.7770],[1.7698,46.7805],[1.7638,46.7857]]}},{"type":"Feature","properties":{"name":"L\u0027Indre"},"geometry":{"type":"LineString","coordinates":[[1.8816,46.6654],[1.8813,46.6669],[1.8743,46.6682],[1.8713,46.6703],[1.8676,46.6709],[1.8666,46.6705],[1.8676,46.6696],[1.8656,46.6692],[1.8650,46.6700],[1.8624,46.6683],[1.8568,46.6701],[1.8565,46.6710],[1.8519,46.6705]]}},{"type":"Feature","properties":{"name":"L\u0027Indre"},"geometry":{"type":"LineString","coordinates":[[1.8466,46.6771],[1.8494,46.6803],[1.8490,46.6813],[1.8503,46.6814],[1.8498,46.6821]]}},{"type":"Feature","properties":{"name":"L\u0027Indre"},"geometry":{"type":"LineString","coordinates":[[1.7294,46.8192],[1.7300,46.8205],[1.7286,46.8213]]}},{"type":"Feature","properties":{"name":"L\u0027Indre"},"geometry":{"type":"LineString","coordinates":[[1.7351,46.8145],[1.7351,46.8146]]}},{"type":"Feature","properties":{"name":"L\u0027Indre"},"geometry":{"type":"LineString","coordinates":[[1.7285,46.8211],[1.7273,46.8206]]}},{"type":"Feature","properties":{"name":"L\u0027Indre"},"geometry":{"type":"LineString","coordinates":[[1.7290,46.8191],[1.7284,46.8182]]}},{"type":"Feature","properties":{"name":"L\u0027Indre"},"geometry":{"type":"LineString","coordinates":[[1.7359,46.8082],[1.7372,46.8090],[1.7373,46.8104],[1.7349,46.8124],[1.7356,46.8128],[1.7345,46.8139],[1.7351,46.8145]]}},{"type":"Feature","properties":{"name":"L\u0027Indre"},"geometry":{"type":"LineString","coordinates":[[1.7351,46.8146],[1.7334,46.8140],[1.7333,46.8149],[1.7323,46.8148],[1.7324,46.8167],[1.7309,46.8166],[1.7306,46.8186],[1.7287,46.8190],[1.7289,46.8208],[1.7274,46.8226]]}},{"type":"Feature","properties":{"name":"L\u0027Indre"},"geometry":{"type":"LineString","coordinates":[[1.6978,46.8261],[1.6961,46.8259],[1.6946,46.8240],[1.6919,46.8245],[1.6929,46.8198],[1.6909,46.8196]]}},{"type":"Feature","properties":{"name":"L\u0027Indre"},"geometry":{"type":"LineString","coordinates":[[1.5359,46.8390],[1.5329,46.8423],[1.5273,46.8423],[1.5221,46.8439],[1.5186,46.8426],[1.5130,46.8427],[1.5127,46.8433],[1.5141,46.8437],[1.5123,46.8450],[1.5137,46.8453],[1.5136,46.8463],[1.5114,46.8467],[1.5120,46.8491],[1.5101,46.8497],[1.5120,46.8546],[1.5086,46.8570],[1.5062,46.8560],[1.5019,46.8568],[1.4991,46.8559],[1.4980,46.8566],[1.4974,46.8554],[1.4982,46.8546],[1.4948,46.8536],[1.4936,46.8542],[1.4885,46.8504],[1.4861,46.8502],[1.4846,46.8510],[1.4852,46.8520],[1.4873,46.8520],[1.4872,46.8542],[1.4837,46.8540],[1.4731,46.8571]]}},{"type":"Feature","properties":{"name":"L\u0027Indre"},"geometry":{"type":"LineString","coordinates":[[1.3141,46.9387],[1.3129,46.9371],[1.3115,46.9385],[1.3040,46.9388],[1.3035,46.9401],[1.3017,46.9393],[1.2955,46.9420],[1.2853,46.9416],[1.2791,46.9432],[1.2782,46.9422],[1.2793,46.9414],[1.2772,46.9421],[1.2762,46.9405],[1.2741,46.9404],[1.2693,46.9418],[1.2698,46.9430],[1.2689,46.9439],[1.2676,46.9435],[1.2674,46.9451],[1.2643,46.9460],[1.2612,46.9451],[1.2612,46.9464],[1.2567,46.9459],[1.2561,46.9463],[1.2572,46.9475],[1.2550,46.9484]]}},{"type":"Feature","properties":{"name":"L\u0027Indre"},"geometry":{"type":"LineString","coordinates":[[1.3212,46.9404],[1.3154,46.9414]]}},{"type":"Feature","properties":{"name":"L\u0027Indre"},"geometry":{"type":"LineString","coordinates":[[1.3212,46.9404],[1.3191,46.9392],[1.3179,46.9402],[1.3141,46.9387]]}},{"type":"Feature","properties":{"name":"L\u0027Indre"},"geometry":{"type":"LineString","coordinates":[[0.9474,47.2088],[0.9435,47.2135],[0.9348,47.2205]]}},{"type":"Feature","properties":{"name":"L\u0027Indre"},"geometry":{"type":"LineString","coordinates":[[0.9483,47.2075],[0.9474,47.2088]]}},{"type":"Feature","properties":{"name":"L\u0027Indre"},"geometry":{"type":"LineString","coordinates":[[0.9483,47.2075],[0.9474,47.2088]]}},{"type":"Feature","properties":{"name":"L\u0027Indre"},"geometry":{"type":"LineString","coordinates":[[2.0571,46.4886],[2.0563,46.4889]]}},{"type":"Feature","properties":{"name":"L\u0027Indre"},"geometry":{"type":"LineString","coordinates":[[2.0432,46.5279],[2.0423,46.5293]]}},{"type":"Feature","properties":{"name":"L\u0027Indre"},"geometry":{"type":"LineString","coordinates":[[2.1513,46.4578],[2.1494,46.4615],[2.1498,46.4639],[2.1477,46.4653],[2.1412,46.4670],[2.1418,46.4699],[2.1405,46.4716],[2.1371,46.4730],[2.1346,46.4768],[2.1230,46.4754],[2.1188,46.4787],[2.1154,46.4786],[2.1141,46.4774],[2.1097,46.4779],[2.1071,46.4772],[2.1032,46.4782],[2.1011,46.4777],[2.0993,46.4787]]}},{"type":"Feature","properties":{"name":"L\u0027Indre"},"geometry":{"type":"LineString","coordinates":[[1.9608,46.6234],[1.9603,46.6241]]}},{"type":"Feature","properties":{"name":"L\u0027Indre"},"geometry":{"type":"LineString","coordinates":[[1.9509,46.6373],[1.9509,46.6403],[1.9468,46.6411],[1.9466,46.6403],[1.9443,46.6401]]}},{"type":"Feature","properties":{"name":"L\u0027Indre"},"geometry":{"type":"LineString","coordinates":[[1.9610,46.6233],[1.9604,46.6243]]}},{"type":"Feature","properties":{"name":"L\u0027Indre"},"geometry":{"type":"LineString","coordinates":[[1.9636,46.6202],[1.9622,46.6211]]}},{"type":"Feature","properties":{"name":"L\u0027Indre"},"geometry":{"type":"LineString","coordinates":[[1.9391,46.6423],[1.9377,46.6426]]}},{"type":"Feature","properties":{"name":"L\u0027Indre"},"geometry":{"type":"LineString","coordinates":[[1.9637,46.6200],[1.9631,46.6202]]}},{"type":"Feature","properties":{"name":"L\u0027Indre"},"geometry":{"type":"LineString","coordinates":[[1.9647,46.6185],[1.9635,46.6190],[1.9636,46.6202],[1.9615,46.6212],[1.9624,46.6227],[1.9600,46.6237],[1.9604,46.6249],[1.9588,46.6262],[1.9588,46.6278],[1.9562,46.6271],[1.9504,46.6305],[1.9500,46.6346],[1.9509,46.6379],[1.9456,46.6382],[1.9459,46.6394],[1.9436,46.6409],[1.9388,46.6426]]}},{"type":"Feature","properties":{"name":"L\u0027Indre"},"geometry":{"type":"LineString","coordinates":[[1.9102,46.6584],[1.9100,46.6575]]}},{"type":"Feature","properties":{"name":"L\u0027Indre"},"geometry":{"type":"LineString","coordinates":[[1.8966,46.6645],[1.8905,46.6655],[1.8906,46.6643],[1.8882,46.6635],[1.8873,46.6649],[1.8843,46.6644],[1.8832,46.6657],[1.8816,46.6654]]}},{"type":"Feature","properties":{"name":"L\u0027Indre"},"geometry":{"type":"LineString","coordinates":[[1.9192,46.6598],[1.9083,46.6576]]}},{"type":"Feature","properties":{"name":"L\u0027Indre"},"geometry":{"type":"LineString","coordinates":[[1.9330,46.6558],[1.9345,46.6583],[1.9337,46.6592],[1.9304,46.6589],[1.9221,46.6605],[1.9192,46.6598],[1.9193,46.6591],[1.9177,46.6584],[1.9179,46.6573],[1.9157,46.6578],[1.9137,46.6568],[1.9074,46.6579],[1.9032,46.6573],[1.9029,46.6565],[1.8990,46.6585],[1.8966,46.6645]]}},{"type":"Feature","properties":{"name":"L\u0027Indre"},"geometry":{"type":"LineString","coordinates":[[1.9908,46.5861],[1.9907,46.5885],[1.9915,46.5894],[1.9904,46.5903],[1.9920,46.5923],[1.9922,46.5953],[1.9904,46.5947],[1.9889,46.5956],[1.9846,46.5953],[1.9825,46.5972]]}},{"type":"Feature","properties":{"name":"L\u0027Indre"},"geometry":{"type":"LineString","coordinates":[[1.9716,46.6033],[1.9683,46.6037]]}},{"type":"Feature","properties":{"name":"L\u0027Indre"},"geometry":{"type":"LineString","coordinates":[[1.9908,46.5892],[1.9908,46.5896]]}},{"type":"Feature","properties":{"name":"L\u0027Indre"},"geometry":{"type":"LineString","coordinates":[[1.9916,46.5921],[1.9919,46.5927]]}},{"type":"Feature","properties":{"name":"L\u0027Indre"},"geometry":{"type":"LineString","coordinates":[[1.9929,46.5695],[1.9950,46.5696],[1.9931,46.5741]]}},{"type":"Feature","properties":{"name":"L\u0027Indre"},"geometry":{"type":"LineString","coordinates":[[1.9923,46.5813],[1.9914,46.5818]]}},{"type":"Feature","properties":{"name":"L\u0027Indre"},"geometry":{"type":"LineString","coordinates":[[1.9931,46.5745],[1.9924,46.5754]]}},{"type":"Feature","properties":{"name":"L\u0027Indre"},"geometry":{"type":"LineString","coordinates":[[1.9925,46.5816],[1.9910,46.5824]]}},{"type":"Feature","properties":{"name":"L\u0027Indre"},"geometry":{"type":"LineString","coordinates":[[1.9970,46.5668],[1.9948,46.5666],[1.9929,46.5681],[1.9936,46.5710],[1.9925,46.5717],[1.9932,46.5744],[1.9922,46.5766],[1.9930,46.5774],[1.9919,46.5780],[1.9927,46.5787],[1.9908,46.5821],[1.9908,46.5861]]}},{"type":"Feature","properties":{"name":"L\u0027Indre"},"geometry":{"type":"LineString","coordinates":[[1.9927,46.5818],[1.9930,46.5832],[1.9909,46.5854]]}},{"type":"Feature","properties":{"name":"L\u0027Indre"},"geometry":{"type":"LineString","coordinates":[[1.9921,46.5761],[1.9923,46.5762]]}},{"type":"Feature","properties":{"name":"L\u0027Indre"},"geometry":{"type":"LineString","coordinates":[[1.9917,46.5803],[1.9927,46.5818],[1.9925,46.5840]]}},{"type":"Feature","properties":{"name":"L\u0027Indre"},"geometry":{"type":"LineString","coordinates":[[1.9922,46.5758],[1.9917,46.5797]]}},{"type":"Feature","properties":{"name":"L\u0027Indre"},"geometry":{"type":"LineString","coordinates":[[1.9915,46.5777],[1.9919,46.5780]]}},{"type":"Feature","properties":{"name":"L\u0027Indre"},"geometry":{"type":"LineString","coordinates":[[2.0125,46.5621],[2.0118,46.5619]]}},{"type":"Feature","properties":{"name":"L\u0027Indre"},"geometry":{"type":"LineString","coordinates":[[2.0150,46.5599],[2.0143,46.5615],[2.0120,46.5623]]}},{"type":"Feature","properties":{"name":"L\u0027Indre"},"geometry":{"type":"LineString","coordinates":[[2.0175,46.5533],[2.0177,46.5533]]}},{"type":"Feature","properties":{"name":"L\u0027Indre"},"geometry":{"type":"LineString","coordinates":[[2.0361,46.5381],[2.0345,46.5385],[2.0331,46.5409],[2.0292,46.5424],[2.0294,46.5434],[2.0274,46.5436],[2.0262,46.5466],[2.0241,46.5472],[2.0251,46.5494],[2.0217,46.5503],[2.0192,46.5531],[2.0170,46.5527],[2.0179,46.5532],[2.0167,46.5545],[2.0174,46.5572],[2.0161,46.5568],[2.0154,46.5577],[2.0168,46.5589],[2.0134,46.5601],[2.0138,46.5607],[2.0118,46.5619],[2.0028,46.5639],[2.0013,46.5667],[1.9970,46.5668]]}},{"type":"Feature","properties":{"name":"L\u0027Indre"},"geometry":{"type":"LineString","coordinates":[[2.0290,46.5436],[2.0281,46.5471],[2.0237,46.5505],[2.0219,46.5503]]}},{"type":"Feature","properties":{"name":"L\u0027Indre"},"geometry":{"type":"LineString","coordinates":[[2.0369,46.5354],[2.0373,46.5364]]}},{"type":"Feature","properties":{"name":"L\u0027Indre"},"geometry":{"type":"LineString","coordinates":[[2.0371,46.5359],[2.0374,46.5358]]}},{"type":"Feature","properties":{"name":"L\u0027Indre"},"geometry":{"type":"LineString","coordinates":[[2.0347,46.5385],[2.0343,46.5387]]}},{"type":"Feature","properties":{"name":"L\u0027Indre"},"geometry":{"type":"LineString","coordinates":[[2.0993,46.4787],[2.0979,46.4801],[2.0979,46.4830],[2.0964,46.4855],[2.0936,46.4846],[2.0876,46.4799],[2.0844,46.4797],[2.0836,46.4806],[2.0840,46.4825],[2.0785,46.4829],[2.0755,46.4805],[2.0741,46.4809],[2.0731,46.4830],[2.0696,46.4829],[2.0689,46.4847],[2.0655,46.4836],[2.0613,46.4848],[2.0617,46.4855],[2.0539,46.4901],[2.0529,46.4932],[2.0484,46.4961],[2.0485,46.4988],[2.0439,46.5029],[2.0437,46.5084],[2.0426,46.5090],[2.0424,46.5108],[2.0439,46.5127],[2.0460,46.5135],[2.0453,46.5164],[2.0462,46.5195],[2.0442,46.5212],[2.0453,46.5237],[2.0423,46.5293],[2.0367,46.5320],[2.0371,46.5329],[2.0356,46.5349],[2.0377,46.5362],[2.0361,46.5381]]}},{"type":"Feature","properties":{"name":"L\u0027Indre"},"geometry":{"type":"LineString","coordinates":[[1.4193,46.8923],[1.4183,46.8935]]}},{"type":"Feature","properties":{"name":"L\u0027Indre"},"geometry":{"type":"LineString","coordinates":[[1.4215,46.8876],[1.4214,46.8879]]}},{"type":"Feature","properties":{"name":"L\u0027Indre"},"geometry":{"type":"LineString","coordinates":[[1.4203,46.8878],[1.4207,46.8882]]}},{"type":"Feature","properties":{"name":"L\u0027Indre"},"geometry":{"type":"LineString","coordinates":[[1.4423,46.8604],[1.4433,46.8624],[1.4427,46.8652],[1.4402,46.8671],[1.4406,46.8683],[1.4389,46.8700],[1.4365,46.8707],[1.4358,46.8715],[1.4367,46.8724],[1.4348,46.8747]]}},{"type":"Feature","properties":{"name":"L\u0027Indre"},"geometry":{"type":"LineString","coordinates":[[1.4363,46.8666],[1.4364,46.8667]]}},{"type":"Feature","properties":{"name":"L\u0027Indre"},"geometry":{"type":"LineString","coordinates":[[1.4364,46.8665],[1.4362,46.8669]]}},{"type":"Feature","properties":{"name":"L\u0027Indre"},"geometry":{"type":"LineString","coordinates":[[1.4369,46.8704],[1.4350,46.8697],[1.4339,46.8706]]}},{"type":"Feature","properties":{"name":"L\u0027Indre"},"geometry":{"type":"LineString","coordinates":[[1.9376,46.6427],[1.9382,46.6429]]}},{"type":"Feature","properties":{"name":"L\u0027Indre"},"geometry":{"type":"LineString","coordinates":[[1.9377,46.6426],[1.9376,46.6427]]}},{"type":"Feature","properties":{"name":"L\u0027Indre"},"geometry":{"type":"LineString","coordinates":[[1.9388,46.6426],[1.9388,46.6426]]}},{"type":"Feature","properties":{"name":"L\u0027Indre"},"geometry":{"type":"LineString","coordinates":[[1.9388,46.6426],[1.9379,46.6434],[1.9392,46.6448],[1.9385,46.6468],[1.9327,46.6513],[1.9334,46.6532],[1.9326,46.6534],[1.9330,46.6558]]}},{"type":"Feature","properties":{"name":"L\u0027Indre"},"geometry":{"type":"LineString","coordinates":[[1.4365,46.8668],[1.4359,46.8679]]}},{"type":"Feature","properties":{"name":"L\u0027Indre"},"geometry":{"type":"LineString","coordinates":[[1.4362,46.8669],[1.4361,46.8671]]}},{"type":"Feature","properties":{"name":"L\u0027Indre"},"geometry":{"type":"LineString","coordinates":[[1.4364,46.8667],[1.4365,46.8668]]}},{"type":"Feature","properties":{"name":"L\u0027Indre"},"geometry":{"type":"LineString","coordinates":[[1.4361,46.8671],[1.4359,46.8679]]}},{"type":"Feature","properties":{"name":"L\u0027Indre"},"geometry":{"type":"LineString","coordinates":[[1.5908,46.8317],[1.5864,46.8314],[1.5859,46.8305],[1.5849,46.8312],[1.5777,46.8291],[1.5686,46.8291],[1.5646,46.8306],[1.5645,46.8327],[1.5621,46.8332],[1.5620,46.8342],[1.5607,46.8330],[1.5604,46.8342],[1.5584,46.8345],[1.5584,46.8331],[1.5568,46.8339],[1.5548,46.8327],[1.5539,46.8335],[1.5484,46.8313],[1.5491,46.8298],[1.5465,46.8299],[1.5451,46.8287],[1.5426,46.8298],[1.5424,46.8307],[1.5402,46.8312],[1.5411,46.8316],[1.5393,46.8329],[1.5389,46.8363],[1.5375,46.8364],[1.5368,46.8386],[1.5359,46.8390]]}},{"type":"Feature","properties":{"name":"L\u0027Indre"},"geometry":{"type":"LineString","coordinates":[[1.3159,46.9413],[1.3150,46.9407]]}},{"type":"Feature","properties":{"name":"L\u0027Indre"},"geometry":{"type":"LineString","coordinates":[[1.3164,46.9412],[1.3147,46.9407]]}},{"type":"Feature","properties":{"name":"L\u0027Indre"},"geometry":{"type":"LineString","coordinates":[[1.3157,46.9411],[1.3156,46.9407]]}},{"type":"Feature","properties":{"name":"L\u0027Indre"},"geometry":{"type":"LineString","coordinates":[[1.2680,46.9444],[1.2675,46.9451]]}},{"type":"Feature","properties":{"name":"L\u0027Indre"},"geometry":{"type":"LineString","coordinates":[[0.8378,47.2709],[0.8344,47.2697]]}},{"type":"Feature","properties":{"name":"L\u0027Indre"},"geometry":{"type":"LineString","coordinates":[[0.8402,47.2711],[0.8371,47.2716],[0.8319,47.2705]]}},{"type":"Feature","properties":{"name":"L\u0027Indre"},"geometry":{"type":"LineString","coordinates":[[0.9306,47.2260],[0.9285,47.2278],[0.9124,47.2323],[0.9040,47.2333],[0.8962,47.2365]]}},{"type":"Feature","properties":{"name":"L\u0027Indre"},"geometry":{"type":"LineString","coordinates":[[1.9917,46.5802],[1.9920,46.5803]]}},{"type":"Feature","properties":{"name":"L\u0027Indre"},"geometry":{"type":"LineString","coordinates":[[1.0059,47.1402],[1.0052,47.1407]]}},{"type":"Feature","properties":{"name":"L\u0027Indre"},"geometry":{"type":"LineString","coordinates":[[1.0059,47.1400],[1.0059,47.1402]]}},{"type":"Feature","properties":{"name":"L\u0027Indre"},"geometry":{"type":"LineString","coordinates":[[1.0049,47.1390],[1.0059,47.1400]]}},{"type":"Feature","properties":{"name":"L\u0027Indre"},"geometry":{"type":"LineString","coordinates":[[1.9906,46.5854],[1.9908,46.5855]]}},{"type":"Feature","properties":{"name":"L\u0027Indre"},"geometry":{"type":"LineString","coordinates":[[1.9917,46.5805],[1.9919,46.5805]]}},{"type":"Feature","properties":{"name":"L\u0027Indre"},"geometry":{"type":"LineString","coordinates":[[1.9917,46.5804],[1.9918,46.5804]]}},{"type":"Feature","properties":{"name":"L\u0027Indre"},"geometry":{"type":"LineString","coordinates":[[1.9922,46.5809],[1.9919,46.5812]]}},{"type":"Feature","properties":{"name":"L\u0027Indre"},"geometry":{"type":"LineString","coordinates":[[1.9816,46.5988],[1.9814,46.5987]]}},{"type":"Feature","properties":{"name":"L\u0027Indre"},"geometry":{"type":"LineString","coordinates":[[1.9816,46.5988],[1.9816,46.5988]]}},{"type":"Feature","properties":{"name":"L\u0027Indre"},"geometry":{"type":"LineString","coordinates":[[1.9825,46.5972],[1.9823,46.5972]]}},{"type":"Feature","properties":{"name":"L\u0027Indre"},"geometry":{"type":"LineString","coordinates":[[1.9823,46.5972],[1.9791,46.6007],[1.9758,46.6005],[1.9762,46.6014],[1.9737,46.6030],[1.9703,46.6026],[1.9684,46.6036],[1.9670,46.6069],[1.9678,46.6077],[1.9673,46.6090],[1.9685,46.6095],[1.9654,46.6126],[1.9677,46.6130],[1.9677,46.6153],[1.9657,46.6178],[1.9661,46.6183],[1.9647,46.6185]]}},{"type":"Feature","properties":{"name":"L\u0027Indre"},"geometry":{"type":"LineString","coordinates":[[1.8424,46.7200],[1.8418,46.7204]]}},{"type":"Feature","properties":{"name":"L\u0027Indre"},"geometry":{"type":"LineString","coordinates":[[1.3152,46.9414],[1.3141,46.9387]]}},{"type":"Feature","properties":{"name":"L\u0027Indre"},"geometry":{"type":"LineString","coordinates":[[1.3154,46.9414],[1.3152,46.9414]]}},{"type":"Feature","properties":{"name":"L\u0027Indre"},"geometry":{"type":"LineString","coordinates":[[1.0994,47.0503],[1.0983,47.0518],[1.0994,47.0524]]}},{"type":"Feature","properties":{"name":"L\u0027Indre"},"geometry":{"type":"LineString","coordinates":[[1.9906,46.5853],[1.9906,46.5854]]}},{"type":"Feature","properties":{"name":"L\u0027Indre"},"geometry":{"type":"LineString","coordinates":[[1.9907,46.5847],[1.9906,46.5853]]}},{"type":"Feature","properties":{"name":"L\u0027Indre"},"geometry":{"type":"LineString","coordinates":[[1.9916,46.5919],[1.9916,46.5921]]}},{"type":"Feature","properties":{"name":"L\u0027Indre"},"geometry":{"type":"LineString","coordinates":[[1.9915,46.5918],[1.9916,46.5919]]}},{"type":"Feature","properties":{"name":"L\u0027Indre"},"geometry":{"type":"LineString","coordinates":[[1.9909,46.5889],[1.9908,46.5892]]}},{"type":"Feature","properties":{"name":"L\u0027Indre"},"geometry":{"type":"LineString","coordinates":[[1.9909,46.5888],[1.9909,46.5889]]}},{"type":"Feature","properties":{"name":"L\u0027Indre"},"geometry":{"type":"LineString","coordinates":[[1.9922,46.5758],[1.9922,46.5758]]}},{"type":"Feature","properties":{"name":"L\u0027Indre"},"geometry":{"type":"LineString","coordinates":[[1.9924,46.5754],[1.9922,46.5758]]}},{"type":"Feature","properties":{"name":"L\u0027Indre"},"geometry":{"type":"LineString","coordinates":[[2.0170,46.5527],[2.0173,46.5530]]}},{"type":"Feature","properties":{"name":"L\u0027Indre"},"geometry":{"type":"LineString","coordinates":[[0.8749,47.2488],[0.8745,47.2488]]}},{"type":"Feature","properties":{"name":"L\u0027Indre"},"geometry":{"type":"LineString","coordinates":[[0.8769,47.2491],[0.8749,47.2488]]}},{"type":"Feature","properties":{"name":"L\u0027Indre"},"geometry":{"type":"LineString","coordinates":[[1.7068,46.8200],[1.7067,46.8200]]}},{"type":"Feature","properties":{"name":"L\u0027Indre"},"geometry":{"type":"LineString","coordinates":[[1.7112,46.8259],[1.7101,46.8243],[1.7112,46.8227],[1.7068,46.8200]]}},{"type":"Feature","properties":{"name":"L\u0027Indre"},"geometry":{"type":"LineString","coordinates":[[1.4213,46.8881],[1.4211,46.8882]]}},{"type":"Feature","properties":{"name":"L\u0027Indre"},"geometry":{"type":"LineString","coordinates":[[1.4214,46.8879],[1.4213,46.8881]]}},{"type":"Feature","properties":{"name":"L\u0027Indre"},"geometry":{"type":"LineString","coordinates":[[1.2109,46.9629],[1.2105,46.9631]]}},{"type":"Feature","properties":{"name":"L\u0027Indre"},"geometry":{"type":"LineString","coordinates":[[1.8508,46.6948],[1.8506,46.6952]]}},{"type":"Feature","properties":{"name":"L\u0027Indre"},"geometry":{"type":"LineString","coordinates":[[1.8506,46.6953],[1.8484,46.6959]]}},{"type":"Feature","properties":{"name":"L\u0027Indre"},"geometry":{"type":"LineString","coordinates":[[1.8524,46.6975],[1.8534,46.6988],[1.8530,46.6997]]}},{"type":"Feature","properties":{"name":"L\u0027Indre"},"geometry":{"type":"LineString","coordinates":[[1.8509,46.6946],[1.8506,46.6953],[1.8517,46.6962],[1.8510,46.6967],[1.8525,46.6970],[1.8514,46.6982]]}},{"type":"Feature","properties":{"name":"L\u0027Indre"},"geometry":{"type":"LineString","coordinates":[[1.7269,46.8135],[1.7284,46.8153],[1.7267,46.8164],[1.7283,46.8172],[1.7275,46.8203]]}},{"type":"Feature","properties":{"name":"L\u0027Indre"},"geometry":{"type":"LineString","coordinates":[[1.7270,46.8134],[1.7269,46.8135]]}},{"type":"Feature","properties":{"name":"L\u0027Indre"},"geometry":{"type":"LineString","coordinates":[[1.2405,46.9497],[1.2332,46.9554],[1.2340,46.9561]]}},{"type":"Feature","properties":{"name":"L\u0027Indre"},"geometry":{"type":"LineString","coordinates":[[1.2406,46.9496],[1.2405,46.9497]]}},{"type":"Feature","properties":{"name":"L\u0027Indre"},"geometry":{"type":"LineString","coordinates":[[1.8415,46.7204],[1.8402,46.7206]]}},{"type":"Feature","properties":{"name":"L\u0027Indre"},"geometry":{"type":"LineString","coordinates":[[1.8418,46.7204],[1.8415,46.7204]]}},{"type":"Feature","properties":{"name":"L\u0027Indre"},"geometry":{"type":"LineString","coordinates":[[1.7211,46.8266],[1.7193,46.8274],[1.7137,46.8267]]}},{"type":"Feature","properties":{"name":"L\u0027Indre"},"geometry":{"type":"LineString","coordinates":[[1.7137,46.8267],[1.7112,46.8259]]}},{"type":"Feature","properties":{"name":"L\u0027Indre"},"geometry":{"type":"LineString","coordinates":[[1.6909,46.8196],[1.6883,46.8149],[1.6847,46.8130]]}},{"type":"Feature","properties":{"name":"L\u0027Indre"},"geometry":{"type":"LineString","coordinates":[[1.7067,46.8200],[1.7002,46.8216],[1.6978,46.8261]]}},{"type":"Feature","properties":{"name":"L\u0027Indre"},"geometry":{"type":"LineString","coordinates":[[1.6423,46.8019],[1.6342,46.8042],[1.6337,46.8053]]}},{"type":"Feature","properties":{"name":"L\u0027Indre"},"geometry":{"type":"LineString","coordinates":[[1.0003,47.1267],[1.0003,47.1270]]}},{"type":"Feature","properties":{"name":"L\u0027Indre"},"geometry":{"type":"LineString","coordinates":[[1.0015,47.1287],[1.0018,47.1354]]}},{"type":"Feature","properties":{"name":"L\u0027Indre"},"geometry":{"type":"LineString","coordinates":[[1.6109,46.8215],[1.6108,46.8216]]}},{"type":"Feature","properties":{"name":"L\u0027Indre"},"geometry":{"type":"LineString","coordinates":[[1.6114,46.8213],[1.6109,46.8215]]}},{"type":"Feature","properties":{"name":"L\u0027Indre"},"geometry":{"type":"LineString","coordinates":[[1.6108,46.8216],[1.6102,46.8213]]}},{"type":"Feature","properties":{"name":"L\u0027Indre"},"geometry":{"type":"LineString","coordinates":[[1.6169,46.8170],[1.6181,46.8193],[1.6157,46.8212],[1.6073,46.8214]]}},{"type":"Feature","properties":{"name":"L\u0027Indre"},"geometry":{"type":"LineString","coordinates":[[1.6243,46.8124],[1.6242,46.8124]]}},{"type":"Feature","properties":{"name":"L\u0027Indre"},"geometry":{"type":"LineString","coordinates":[[1.6244,46.8123],[1.6243,46.8124]]}},{"type":"Feature","properties":{"name":"L\u0027Indre"},"geometry":{"type":"LineString","coordinates":[[1.6242,46.8124],[1.6236,46.8132]]}},{"type":"Feature","properties":{"name":"L\u0027Indre"},"geometry":{"type":"LineString","coordinates":[[1.5909,46.8316],[1.5908,46.8317]]}},{"type":"Feature","properties":{"name":"L\u0027Indre"},"geometry":{"type":"LineString","coordinates":[[1.6337,46.8053],[1.6312,46.8086],[1.6310,46.8105],[1.6318,46.8112],[1.6303,46.8124],[1.6247,46.8122],[1.6245,46.8130],[1.6159,46.8163],[1.6169,46.8170],[1.6158,46.8187],[1.6140,46.8177],[1.6093,46.8185],[1.6095,46.8196],[1.6066,46.8217],[1.5961,46.8235],[1.5947,46.8251],[1.5934,46.8251],[1.5907,46.8290],[1.5909,46.8316]]}},{"type":"Feature","properties":{"name":"L\u0027Indre"},"geometry":{"type":"LineString","coordinates":[[2.0118,46.5623],[2.0106,46.5621]]}},{"type":"Feature","properties":{"name":"L\u0027Indre"},"geometry":{"type":"LineString","coordinates":[[2.0120,46.5623],[2.0118,46.5623]]}},{"type":"Feature","properties":{"name":"L\u0027Indre"},"geometry":{"type":"LineString","coordinates":[[2.0114,46.5620],[2.0110,46.5621]]}},{"type":"Feature","properties":{"name":"L\u0027Indre"},"geometry":{"type":"LineString","coordinates":[[1.9825,46.5993],[1.9808,46.6009],[1.9793,46.6005]]}},{"type":"Feature","properties":{"name":"Ruisseau de L\u0027Étang de la Cellette"},"geometry":{"type":"LineString","coordinates":[[2.0175,46.4000],[2.0164,46.3983],[2.0169,46.3969],[2.0147,46.3957],[2.0158,46.3913],[2.0137,46.3842],[2.0110,46.3811],[2.0087,46.3809],[2.0057,46.3787],[2.0054,46.3759],[2.0030,46.3752],[1.9997,46.3725]]}},{"type":"Feature","properties":{"name":"Ruisseau de L\u0027Étang de la Cellette"},"geometry":{"type":"LineString","coordinates":[[1.9997,46.3725],[1.9976,46.3682],[1.9998,46.3675],[2.0042,46.3628],[2.0033,46.3619],[2.0044,46.3595],[2.0041,46.3574]]}},{"type":"Feature","properties":{"name":"L\u0027Abloux"},"geometry":{"type":"LineString","coordinates":[[1.3754,46.4998],[1.3705,46.5003],[1.3637,46.4970],[1.3605,46.4967],[1.3608,46.4959],[1.3588,46.4974],[1.3603,46.4994],[1.3596,46.5004],[1.3576,46.5006],[1.3556,46.4999],[1.3562,46.4981],[1.3547,46.4965],[1.3554,46.4955],[1.3519,46.4948]]}},{"type":"Feature","properties":{"name":"L\u0027Abloux"},"geometry":{"type":"LineString","coordinates":[[1.3468,46.4972],[1.3452,46.4985],[1.3433,46.4984],[1.3416,46.4959],[1.3384,46.4952],[1.3371,46.4955],[1.3368,46.4971],[1.3353,46.4984],[1.3265,46.4969],[1.3203,46.4994],[1.3158,46.4990],[1.3129,46.5008],[1.3096,46.4998],[1.3057,46.5007],[1.3027,46.5027],[1.3005,46.5030],[1.3002,46.5045],[1.2983,46.5047],[1.2986,46.5056],[1.2913,46.5057],[1.2900,46.5080],[1.2863,46.5095],[1.2839,46.5092],[1.2781,46.5109],[1.2725,46.5106],[1.2721,46.5125],[1.2735,46.5134],[1.2731,46.5141],[1.2666,46.5121],[1.2634,46.5122],[1.2628,46.5130],[1.2598,46.5122],[1.2585,46.5134],[1.2602,46.5177],[1.2570,46.5188],[1.2533,46.5180],[1.2506,46.5158],[1.2511,46.5116]]}},{"type":"Feature","properties":{"name":"L\u0027Abloux"},"geometry":{"type":"LineString","coordinates":[[1.3519,46.4948],[1.3468,46.4972]]}},{"type":"Feature","properties":{"name":"L\u0027Abloux"},"geometry":{"type":"LineString","coordinates":[[1.4971,46.4646],[1.4953,46.4635],[1.4911,46.4645],[1.4890,46.4633],[1.4868,46.4635],[1.4855,46.4671],[1.4831,46.4687],[1.4788,46.4689],[1.4777,46.4721],[1.4756,46.4710],[1.4734,46.4715],[1.4749,46.4739],[1.4746,46.4764],[1.4724,46.4760],[1.4705,46.4777],[1.4713,46.4780],[1.4708,46.4789],[1.4670,46.4798],[1.4658,46.4818],[1.4653,46.4853],[1.4631,46.4866],[1.4637,46.4882],[1.4539,46.4900],[1.4532,46.4934],[1.4493,46.4933],[1.4477,46.4952],[1.4477,46.4979],[1.4456,46.4986],[1.4410,46.4991],[1.4384,46.4979],[1.4328,46.4998],[1.4289,46.4998],[1.4241,46.5012],[1.4233,46.5025],[1.4206,46.5021],[1.4179,46.5034],[1.4169,46.5054],[1.4152,46.5043],[1.4101,46.5061],[1.4057,46.5056],[1.4049,46.5044],[1.3983,46.5048],[1.3970,46.5041],[1.3965,46.5051],[1.3934,46.5045],[1.3912,46.5029],[1.3895,46.5031],[1.3873,46.5013],[1.3865,46.5017],[1.3861,46.5000],[1.3837,46.4982],[1.3754,46.4998]]}},{"type":"Feature","properties":{"name":"L\u0027Abloux"},"geometry":{"type":"LineString","coordinates":[[1.5067,46.4602],[1.5025,46.4597],[1.5024,46.4618],[1.4974,46.4647]]}},{"type":"Feature","properties":{"name":"L\u0027Abloux"},"geometry":{"type":"LineString","coordinates":[[1.4974,46.4647],[1.4971,46.4646]]}},{"type":"Feature","properties":{"name":"L\u0027Abloux"},"geometry":{"type":"LineString","coordinates":[[1.5172,46.4530],[1.5162,46.4539],[1.5137,46.4539],[1.5112,46.4590],[1.5067,46.4602]]}},{"type":"Feature","properties":{"name":"L\u0027Esves"},"geometry":{"type":"LineString","coordinates":[[0.9370,47.0298],[0.9363,47.0308],[0.9373,47.0323]]}},{"type":"Feature","properties":{"name":"L\u0027Esves"},"geometry":{"type":"LineString","coordinates":[[0.8448,47.0551],[0.8418,47.0526],[0.8359,47.0496],[0.8300,47.0497],[0.8277,47.0472],[0.8239,47.0481],[0.8200,47.0475]]}},{"type":"Feature","properties":{"name":"L\u0027Esves"},"geometry":{"type":"LineString","coordinates":[[0.8595,47.0553],[0.8533,47.0541],[0.8492,47.0545],[0.8464,47.0559],[0.8450,47.0553]]}},{"type":"Feature","properties":{"name":"L\u0027Esves"},"geometry":{"type":"LineString","coordinates":[[0.9213,47.0413],[0.9170,47.0398],[0.9115,47.0399]]}},{"type":"Feature","properties":{"name":"L\u0027Esves"},"geometry":{"type":"LineString","coordinates":[[0.9113,47.0400],[0.9073,47.0411]]}},{"type":"Feature","properties":{"name":"L\u0027Esves"},"geometry":{"type":"LineString","coordinates":[[0.9064,47.0411],[0.9036,47.0422]]}},{"type":"Feature","properties":{"name":"L\u0027Esves"},"geometry":{"type":"LineString","coordinates":[[0.9115,47.0399],[0.9113,47.0400]]}},{"type":"Feature","properties":{"name":"L\u0027Esves"},"geometry":{"type":"LineString","coordinates":[[0.9065,47.0410],[0.9064,47.0411]]}},{"type":"Feature","properties":{"name":"L\u0027Esves"},"geometry":{"type":"LineString","coordinates":[[0.9073,47.0411],[0.9069,47.0411]]}},{"type":"Feature","properties":{"name":"L\u0027Esves"},"geometry":{"type":"LineString","coordinates":[[0.9069,47.0411],[0.9065,47.0410]]}},{"type":"Feature","properties":{"name":"L\u0027Esves"},"geometry":{"type":"LineString","coordinates":[[0.9109,47.0408],[0.9077,47.0418]]}},{"type":"Feature","properties":{"name":"L\u0027Esves"},"geometry":{"type":"LineString","coordinates":[[0.9036,47.0422],[0.8980,47.0443],[0.8937,47.0431],[0.8910,47.0441],[0.8900,47.0432],[0.8847,47.0442],[0.8791,47.0425],[0.8789,47.0435],[0.8674,47.0462],[0.8659,47.0485],[0.8631,47.0504],[0.8632,47.0527],[0.8595,47.0553]]}},{"type":"Feature","properties":{"name":"L\u0027Esves"},"geometry":{"type":"LineString","coordinates":[[0.9289,47.0361],[0.9289,47.0362]]}},{"type":"Feature","properties":{"name":"L\u0027Esves"},"geometry":{"type":"LineString","coordinates":[[0.9213,47.0413],[0.9197,47.0424],[0.9175,47.0403],[0.9109,47.0408]]}},{"type":"Feature","properties":{"name":"L\u0027Esves"},"geometry":{"type":"LineString","coordinates":[[0.9373,47.0323],[0.9373,47.0324]]}},{"type":"Feature","properties":{"name":"L\u0027Esves"},"geometry":{"type":"LineString","coordinates":[[0.9373,47.0324],[0.9382,47.0344],[0.9329,47.0365],[0.9289,47.0361]]}},{"type":"Feature","properties":{"name":"L\u0027Esves"},"geometry":{"type":"LineString","coordinates":[[0.9077,47.0418],[0.9036,47.0422]]}},{"type":"Feature","properties":{"name":"L\u0027Esves"},"geometry":{"type":"LineString","coordinates":[[0.9289,47.0362],[0.9256,47.0398],[0.9213,47.0413]]}},{"type":"Feature","properties":{"name":"L\u0027Allemette"},"geometry":{"type":"LineString","coordinates":[[1.1841,46.5278],[1.1846,46.5286]]}},{"type":"Feature","properties":{"name":"L\u0027Allemette"},"geometry":{"type":"LineString","coordinates":[[1.1974,46.5147],[1.1955,46.5157],[1.1954,46.5176]]}},{"type":"Feature","properties":{"name":"L\u0027Allemette"},"geometry":{"type":"LineString","coordinates":[[1.1954,46.5176],[1.1946,46.5183],[1.1893,46.5180],[1.1882,46.5199],[1.1847,46.5202],[1.1847,46.5231],[1.1823,46.5263],[1.1846,46.5279],[1.1861,46.5310],[1.1845,46.5329],[1.1796,46.5329],[1.1812,46.5357]]}},{"type":"Feature","properties":{"name":"L\u0027Allemette"},"geometry":{"type":"LineString","coordinates":[[1.1991,46.4964],[1.1949,46.4974],[1.1932,46.4995],[1.1957,46.5040],[1.1977,46.5040],[1.1990,46.5050],[1.1979,46.5061],[1.1953,46.5062],[1.1947,46.5076],[1.1977,46.5124],[1.1982,46.5138],[1.1974,46.5147]]}},{"type":"Feature","properties":{"name":"L\u0027Allemette"},"geometry":{"type":"LineString","coordinates":[[1.2221,46.4602],[1.2190,46.4596],[1.2147,46.4612],[1.2109,46.4651],[1.2084,46.4661],[1.2082,46.4683],[1.2060,46.4692],[1.2048,46.4709],[1.2024,46.4714],[1.2022,46.4740],[1.1987,46.4765],[1.1954,46.4770],[1.1927,46.4793],[1.1922,46.4821],[1.1933,46.4854],[1.1975,46.4874],[1.1943,46.4898],[1.1945,46.4923],[1.1975,46.4951],[1.1999,46.4956],[1.1991,46.4964]]}},{"type":"Feature","properties":{"name":"La Sonne"},"geometry":{"type":"LineString","coordinates":[[1.4418,46.5526],[1.4402,46.5533],[1.4401,46.5547],[1.4375,46.5557]]}},{"type":"Feature","properties":{"name":"La Sonne"},"geometry":{"type":"LineString","coordinates":[[1.3925,46.5415],[1.3898,46.5406],[1.3892,46.5383],[1.3861,46.5365],[1.3685,46.5322],[1.3682,46.5302],[1.3654,46.5304],[1.3630,46.5280],[1.3608,46.5289],[1.3607,46.5299],[1.3580,46.5302]]}},{"type":"Feature","properties":{"name":"La Sonne"},"geometry":{"type":"LineString","coordinates":[[1.4114,46.5503],[1.4111,46.5502]]}},{"type":"Feature","properties":{"name":"La Sonne"},"geometry":{"type":"LineString","coordinates":[[1.3293,46.5371],[1.3269,46.5375],[1.3259,46.5354],[1.3224,46.5346],[1.3145,46.5382],[1.3077,46.5364],[1.3051,46.5340],[1.3025,46.5344],[1.2993,46.5371],[1.2981,46.5370],[1.2963,46.5353],[1.2922,46.5342],[1.2897,46.5315],[1.2846,46.5327],[1.2834,46.5280],[1.2803,46.5279],[1.2773,46.5250],[1.2757,46.5254],[1.2749,46.5270],[1.2736,46.5268],[1.2727,46.5254],[1.2738,46.5238],[1.2723,46.5221],[1.2696,46.5218],[1.2671,46.5227],[1.2662,46.5215],[1.2671,46.5212],[1.2663,46.5199],[1.2671,46.5197],[1.2657,46.5191],[1.2654,46.5174],[1.2602,46.5177]]}},{"type":"Feature","properties":{"name":"La Sonne"},"geometry":{"type":"LineString","coordinates":[[1.3580,46.5302],[1.3557,46.5308],[1.3545,46.5332],[1.3526,46.5334],[1.3523,46.5343],[1.3502,46.5345],[1.3490,46.5358],[1.3406,46.5334],[1.3372,46.5345],[1.3378,46.5350],[1.3362,46.5361],[1.3314,46.5352]]}},{"type":"Feature","properties":{"name":"La Sonne"},"geometry":{"type":"LineString","coordinates":[[1.3313,46.5353],[1.3307,46.5367],[1.3293,46.5371]]}},{"type":"Feature","properties":{"name":"La Sonne"},"geometry":{"type":"LineString","coordinates":[[1.4374,46.5558],[1.4275,46.5586],[1.4258,46.5563],[1.4231,46.5548],[1.4203,46.5549],[1.4179,46.5522],[1.4165,46.5526],[1.4160,46.5516],[1.4101,46.5504],[1.4068,46.5484],[1.4043,46.5487],[1.4018,46.5471],[1.4006,46.5478],[1.3980,46.5468],[1.3955,46.5442],[1.3963,46.5434],[1.3950,46.5422],[1.3925,46.5415]]}},{"type":"Feature","properties":{"name":"La Sonne"},"geometry":{"type":"LineString","coordinates":[[1.4375,46.5557],[1.4374,46.5558]]}},{"type":"Feature","properties":{"name":"La Sonne"},"geometry":{"type":"LineString","coordinates":[[1.5062,46.5206],[1.5025,46.5227]]}},{"type":"Feature","properties":{"name":"La Sonne"},"geometry":{"type":"LineString","coordinates":[[1.5071,46.5193],[1.5070,46.5194]]}},{"type":"Feature","properties":{"name":"La Sonne"},"geometry":{"type":"LineString","coordinates":[[1.5206,46.4974],[1.5210,46.4978]]}},{"type":"Feature","properties":{"name":"La Sonne"},"geometry":{"type":"LineString","coordinates":[[1.5072,46.5188],[1.5072,46.5189]]}},{"type":"Feature","properties":{"name":"La Sonne"},"geometry":{"type":"LineString","coordinates":[[1.5133,46.5053],[1.5130,46.5057]]}},{"type":"Feature","properties":{"name":"La Sonne"},"geometry":{"type":"LineString","coordinates":[[1.5025,46.5227],[1.5022,46.5227]]}},{"type":"Feature","properties":{"name":"La Sonne"},"geometry":{"type":"LineString","coordinates":[[1.5248,46.4937],[1.5247,46.4938]]}},{"type":"Feature","properties":{"name":"La Sonne"},"geometry":{"type":"LineString","coordinates":[[1.5022,46.5227],[1.4962,46.5216],[1.4866,46.5225],[1.4834,46.5235],[1.4832,46.5243],[1.4761,46.5252],[1.4716,46.5280],[1.4709,46.5304],[1.4685,46.5310],[1.4679,46.5333],[1.4664,46.5347],[1.4631,46.5357],[1.4628,46.5377],[1.4571,46.5431],[1.4551,46.5472],[1.4529,46.5478],[1.4486,46.5470],[1.4473,46.5477],[1.4456,46.5524],[1.4418,46.5526]]}},{"type":"Feature","properties":{"name":"La Sonne"},"geometry":{"type":"LineString","coordinates":[[1.5180,46.5007],[1.5133,46.5053]]}},{"type":"Feature","properties":{"name":"La Sonne"},"geometry":{"type":"LineString","coordinates":[[1.5072,46.5189],[1.5071,46.5193]]}},{"type":"Feature","properties":{"name":"La Sonne"},"geometry":{"type":"LineString","coordinates":[[1.5130,46.5057],[1.5117,46.5071],[1.5118,46.5100],[1.5097,46.5127]]}},{"type":"Feature","properties":{"name":"La Sonne"},"geometry":{"type":"LineString","coordinates":[[1.5247,46.4938],[1.5237,46.4942],[1.5241,46.4953],[1.5206,46.4974]]}},{"type":"Feature","properties":{"name":"La Sonne"},"geometry":{"type":"LineString","coordinates":[[1.5334,46.4930],[1.5308,46.4941],[1.5248,46.4937]]}},{"type":"Feature","properties":{"name":"La Sonne"},"geometry":{"type":"LineString","coordinates":[[1.3314,46.5352],[1.3313,46.5353]]}},{"type":"Feature","properties":{"name":"La Sonne"},"geometry":{"type":"LineString","coordinates":[[1.5097,46.5127],[1.5097,46.5128]]}},{"type":"Feature","properties":{"name":"La Sonne"},"geometry":{"type":"LineString","coordinates":[[1.5097,46.5128],[1.5069,46.5156],[1.5079,46.5158],[1.5072,46.5188]]}},{"type":"Feature","properties":{"name":"La Sonne"},"geometry":{"type":"LineString","coordinates":[[1.5070,46.5194],[1.5063,46.5206]]}},{"type":"Feature","properties":{"name":"La Sonne"},"geometry":{"type":"LineString","coordinates":[[1.5063,46.5206],[1.5062,46.5206]]}},{"type":"Feature","properties":{"name":"La Sonne"},"geometry":{"type":"LineString","coordinates":[[1.5180,46.5006],[1.5180,46.5007]]}},{"type":"Feature","properties":{"name":"La Sonne"},"geometry":{"type":"LineString","coordinates":[[1.5210,46.4978],[1.5180,46.5006]]}},{"type":"Feature","properties":{"name":"La Gartempe"},"geometry":{"type":"LineString","coordinates":[[0.9357,46.2759],[0.9339,46.2791],[0.9327,46.2885],[0.9359,46.2934],[0.9392,46.2958],[0.9405,46.3005],[0.9365,46.3065],[0.9323,46.3084],[0.9303,46.3105],[0.9328,46.3136],[0.9332,46.3174],[0.9293,46.3207]]}},{"type":"Feature","properties":{"name":"La Gartempe"},"geometry":{"type":"LineString","coordinates":[[0.8657,46.7043],[0.8663,46.7060],[0.8655,46.7071]]}},{"type":"Feature","properties":{"name":"La Gartempe"},"geometry":{"type":"LineString","coordinates":[[0.8671,46.7487],[0.8650,46.7525],[0.8596,46.7562]]}},{"type":"Feature","properties":{"name":"La Gartempe"},"geometry":{"type":"LineString","coordinates":[[0.8711,46.5911],[0.8690,46.5943],[0.8709,46.5981],[0.8626,46.6019],[0.8619,46.6035],[0.8626,46.6068],[0.8562,46.6118],[0.8575,46.6163],[0.8616,46.6196],[0.8596,46.6229],[0.8525,46.6288],[0.8519,46.6366],[0.8397,46.6484],[0.8345,46.6520],[0.8341,46.6552],[0.8380,46.6641]]}},{"type":"Feature","properties":{"name":"La Gartempe"},"geometry":{"type":"LineString","coordinates":[[0.8647,46.5503],[0.8678,46.5553],[0.8647,46.5579],[0.8657,46.5626],[0.8711,46.5675],[0.8688,46.5712],[0.8689,46.5725],[0.8724,46.5742],[0.8767,46.5740],[0.8785,46.5762],[0.8781,46.5781],[0.8728,46.5856],[0.8725,46.5889],[0.8711,46.5911]]}},{"type":"Feature","properties":{"name":"La Gartempe"},"geometry":{"type":"LineString","coordinates":[[0.9293,46.3207],[0.9244,46.3235],[0.9238,46.3257],[0.9175,46.3292],[0.9106,46.3306],[0.9068,46.3329],[0.8950,46.3339],[0.8934,46.3350],[0.8972,46.3415],[0.8975,46.3456],[0.8954,46.3476],[0.8961,46.3514],[0.8977,46.3538],[0.8977,46.3574],[0.8994,46.3590],[0.8993,46.3634],[0.8931,46.3675],[0.8917,46.3705],[0.8921,46.3737],[0.8912,46.3751],[0.8860,46.3754],[0.8759,46.3798],[0.8728,46.3833],[0.8782,46.3923],[0.8772,46.4049],[0.8812,46.4076],[0.8829,46.4117],[0.8769,46.4190],[0.8706,46.4216],[0.8671,46.4248],[0.8699,46.4300],[0.8704,46.4334],[0.8683,46.4371],[0.8680,46.4441],[0.8609,46.4513],[0.8609,46.4570],[0.8577,46.4597],[0.8581,46.4621],[0.8567,46.4641],[0.8565,46.4691],[0.8466,46.4772],[0.8407,46.4777],[0.8358,46.4806],[0.8356,46.4840],[0.8370,46.4910],[0.8347,46.4963],[0.8302,46.5005],[0.8271,46.5054],[0.8277,46.5089],[0.8305,46.5097],[0.8371,46.5092],[0.8399,46.5105],[0.8435,46.5145],[0.8562,46.5318],[0.8595,46.5422],[0.8639,46.5470],[0.8647,46.5503]]}},{"type":"Feature","properties":{"name":"La Gartempe"},"geometry":{"type":"LineString","coordinates":[[0.8655,46.7071],[0.8645,46.7111],[0.8661,46.7138],[0.8640,46.7187],[0.8643,46.7218],[0.8713,46.7277],[0.8768,46.7305],[0.8777,46.7324],[0.8757,46.7356],[0.8783,46.7404]]}},{"type":"Feature","properties":{"name":"La Gartempe"},"geometry":{"type":"LineString","coordinates":[[0.8596,46.7562],[0.8587,46.7606],[0.8501,46.7604],[0.8469,46.7614],[0.8432,46.7642],[0.8419,46.7680],[0.8362,46.7709],[0.8341,46.7745],[0.8281,46.7770],[0.8280,46.7806],[0.8297,46.7849]]}},{"type":"Feature","properties":{"name":"La Gartempe"},"geometry":{"type":"LineString","coordinates":[[0.8380,46.6641],[0.8380,46.6647]]}},{"type":"Feature","properties":{"name":"La Gartempe"},"geometry":{"type":"LineString","coordinates":[[0.8380,46.6647],[0.8361,46.6697],[0.8378,46.6733],[0.8387,46.6786],[0.8405,46.6814],[0.8402,46.6882],[0.8428,46.6914],[0.8441,46.6953],[0.8479,46.6984],[0.8509,46.6979],[0.8657,46.7043]]}},{"type":"Feature","properties":{"name":"La Gartempe"},"geometry":{"type":"LineString","coordinates":[[0.8375,46.6636],[0.8378,46.6651]]}},{"type":"Feature","properties":{"name":"La Gartempe"},"geometry":{"type":"LineString","coordinates":[[0.8373,46.6631],[0.8375,46.6656]]}},{"type":"Feature","properties":{"name":"La Gartempe"},"geometry":{"type":"LineString","coordinates":[[0.8649,46.7526],[0.8615,46.7545]]}},{"type":"Feature","properties":{"name":"La Gartempe"},"geometry":{"type":"LineString","coordinates":[[0.8764,46.7372],[0.8779,46.7384],[0.8783,46.7404]]}},{"type":"Feature","properties":{"name":"La Gartempe"},"geometry":{"type":"LineString","coordinates":[[0.8783,46.7404],[0.8770,46.7430],[0.8702,46.7455],[0.8671,46.7487]]}},{"type":"Feature","properties":{"name":"Le Nahon"},"geometry":{"type":"LineString","coordinates":[[1.4709,47.0131],[1.4708,47.0139],[1.4852,47.0207]]}},{"type":"Feature","properties":{"name":"Le Nahon"},"geometry":{"type":"LineString","coordinates":[[1.4329,47.0063],[1.4369,47.0055],[1.4379,47.0037]]}},{"type":"Feature","properties":{"name":"Le Nahon"},"geometry":{"type":"LineString","coordinates":[[1.5696,47.1580],[1.5764,47.1621],[1.5764,47.1638],[1.5780,47.1657]]}},{"type":"Feature","properties":{"name":"Le Nahon"},"geometry":{"type":"LineString","coordinates":[[1.5746,47.1610],[1.5754,47.1618]]}},{"type":"Feature","properties":{"name":"Le Nahon"},"geometry":{"type":"LineString","coordinates":[[1.5779,47.1656],[1.5784,47.1660]]}},{"type":"Feature","properties":{"name":"Le Nahon"},"geometry":{"type":"LineString","coordinates":[[1.5919,47.1740],[1.5933,47.1735]]}},{"type":"Feature","properties":{"name":"Le Nahon"},"geometry":{"type":"LineString","coordinates":[[1.5461,47.1338],[1.5474,47.1355]]}},{"type":"Feature","properties":{"name":"Le Nahon"},"geometry":{"type":"LineString","coordinates":[[1.5902,47.1728],[1.5920,47.1741]]}},{"type":"Feature","properties":{"name":"Le Nahon"},"geometry":{"type":"LineString","coordinates":[[1.5449,47.1343],[1.5453,47.1357],[1.5474,47.1355],[1.5491,47.1377],[1.5496,47.1444],[1.5510,47.1460],[1.5558,47.1479],[1.5578,47.1501],[1.5588,47.1536],[1.5754,47.1595],[1.5787,47.1625],[1.5809,47.1681],[1.5853,47.1696],[1.5902,47.1728],[1.5944,47.1736],[1.5979,47.1762]]}},{"type":"Feature","properties":{"name":"Le Nahon"},"geometry":{"type":"LineString","coordinates":[[1.5508,47.1452],[1.5528,47.1447],[1.5547,47.1462],[1.5576,47.1465],[1.5576,47.1499]]}},{"type":"Feature","properties":{"name":"Le Nahon"},"geometry":{"type":"LineString","coordinates":[[1.5606,47.1550],[1.5615,47.1553]]}},{"type":"Feature","properties":{"name":"Le Nahon"},"geometry":{"type":"LineString","coordinates":[[1.6083,47.1828],[1.6133,47.1836],[1.6177,47.1884]]}},{"type":"Feature","properties":{"name":"Le Nahon"},"geometry":{"type":"LineString","coordinates":[[1.6124,47.1835],[1.6133,47.1838]]}},{"type":"Feature","properties":{"name":"Le Nahon"},"geometry":{"type":"LineString","coordinates":[[1.6111,47.1831],[1.6127,47.1833]]}},{"type":"Feature","properties":{"name":"Le Nahon"},"geometry":{"type":"LineString","coordinates":[[1.5979,47.1762],[1.5990,47.1760],[1.6053,47.1814],[1.6082,47.1826],[1.6126,47.1875],[1.6176,47.1883],[1.6239,47.1918],[1.6273,47.1924],[1.6289,47.1916],[1.6303,47.1923]]}},{"type":"Feature","properties":{"name":"Le Nahon"},"geometry":{"type":"LineString","coordinates":[[1.6212,47.1897],[1.6225,47.1890],[1.6289,47.1916]]}},{"type":"Feature","properties":{"name":"Le Nahon"},"geometry":{"type":"LineString","coordinates":[[1.6438,47.2036],[1.6466,47.2058],[1.6463,47.2094],[1.6479,47.2103]]}},{"type":"Feature","properties":{"name":"Le Nahon"},"geometry":{"type":"LineString","coordinates":[[1.6303,47.1923],[1.6318,47.1921],[1.6352,47.1941],[1.6361,47.1976],[1.6433,47.2033],[1.6498,47.2051],[1.6497,47.2086],[1.6478,47.2103],[1.6483,47.2119],[1.6472,47.2128]]}},{"type":"Feature","properties":{"name":"Le Nahon"},"geometry":{"type":"LineString","coordinates":[[1.6359,47.1971],[1.6388,47.1991]]}},{"type":"Feature","properties":{"name":"Le Nahon"},"geometry":{"type":"LineString","coordinates":[[1.6374,47.1984],[1.6383,47.1985]]}},{"type":"Feature","properties":{"name":"Le Nahon"},"geometry":{"type":"LineString","coordinates":[[1.6472,47.2128],[1.6494,47.2171],[1.6539,47.2208],[1.6524,47.2225],[1.6519,47.2246]]}},{"type":"Feature","properties":{"name":"Le Nahon"},"geometry":{"type":"LineString","coordinates":[[1.4609,47.0092],[1.4609,47.0092]]}},{"type":"Feature","properties":{"name":"Le Nahon"},"geometry":{"type":"LineString","coordinates":[[1.5056,47.0423],[1.5044,47.0447],[1.5072,47.0481],[1.5090,47.0487],[1.5098,47.0504],[1.5153,47.0532]]}},{"type":"Feature","properties":{"name":"Le Nahon"},"geometry":{"type":"LineString","coordinates":[[1.4852,47.0207],[1.4902,47.0246],[1.4900,47.0274],[1.4965,47.0314],[1.4977,47.0343],[1.5016,47.0369],[1.5056,47.0423]]}},{"type":"Feature","properties":{"name":"Le Nahon"},"geometry":{"type":"LineString","coordinates":[[1.5044,47.0443],[1.5055,47.0445],[1.5091,47.0489]]}},{"type":"Feature","properties":{"name":"Le Nahon"},"geometry":{"type":"LineString","coordinates":[[1.5160,47.0831],[1.5186,47.0868],[1.5179,47.0897],[1.5170,47.0900],[1.5178,47.0917],[1.5167,47.0947],[1.5172,47.0960],[1.5239,47.0989],[1.5246,47.1001],[1.5290,47.1015],[1.5286,47.1027],[1.5297,47.1028],[1.5293,47.1052],[1.5265,47.1096],[1.5287,47.1119]]}},{"type":"Feature","properties":{"name":"Le Nahon"},"geometry":{"type":"LineString","coordinates":[[1.5460,47.1331],[1.5449,47.1343]]}},{"type":"Feature","properties":{"name":"Le Nahon"},"geometry":{"type":"LineString","coordinates":[[1.5224,47.0619],[1.5253,47.0661],[1.5214,47.0692],[1.5198,47.0744]]}},{"type":"Feature","properties":{"name":"Le Nahon"},"geometry":{"type":"LineString","coordinates":[[1.5153,47.0532],[1.5173,47.0581],[1.5220,47.0597],[1.5224,47.0619]]}},{"type":"Feature","properties":{"name":"Le Nahon"},"geometry":{"type":"LineString","coordinates":[[1.4215,47.0041],[1.4223,47.0032],[1.4245,47.0044],[1.4306,47.0053],[1.4379,47.0037]]}},{"type":"Feature","properties":{"name":"Le Nahon"},"geometry":{"type":"LineString","coordinates":[[1.4430,47.0033],[1.4458,47.0028],[1.4504,47.0043],[1.4523,47.0040],[1.4566,47.0059],[1.4567,47.0070]]}},{"type":"Feature","properties":{"name":"Le Nahon"},"geometry":{"type":"LineString","coordinates":[[1.4402,47.0029],[1.4463,47.0037],[1.4574,47.0070]]}},{"type":"Feature","properties":{"name":"Le Nahon"},"geometry":{"type":"LineString","coordinates":[[1.4215,47.0041],[1.4285,47.0062],[1.4329,47.0063]]}},{"type":"Feature","properties":{"name":"Le Nahon"},"geometry":{"type":"LineString","coordinates":[[1.4150,47.0057],[1.4190,47.0036]]}},{"type":"Feature","properties":{"name":"Le Nahon"},"geometry":{"type":"LineString","coordinates":[[1.4379,47.0037],[1.4402,47.0029]]}},{"type":"Feature","properties":{"name":"Le Nahon"},"geometry":{"type":"LineString","coordinates":[[1.4574,47.0070],[1.4574,47.0076]]}},{"type":"Feature","properties":{"name":"Le Nahon"},"geometry":{"type":"LineString","coordinates":[[1.4609,47.0092],[1.4665,47.0128],[1.4709,47.0131]]}},{"type":"Feature","properties":{"name":"Le Nahon"},"geometry":{"type":"LineString","coordinates":[[1.4190,47.0036],[1.4215,47.0041]]}},{"type":"Feature","properties":{"name":"Le Nahon"},"geometry":{"type":"LineString","coordinates":[[1.4129,47.0110],[1.4138,47.0102],[1.4127,47.0077],[1.4150,47.0057]]}},{"type":"Feature","properties":{"name":"Le Nahon"},"geometry":{"type":"LineString","coordinates":[[1.6494,47.2171],[1.6492,47.2172]]}},{"type":"Feature","properties":{"name":"Le Nahon"},"geometry":{"type":"LineString","coordinates":[[1.6526,47.2201],[1.6507,47.2223],[1.6503,47.2265]]}},{"type":"Feature","properties":{"name":"Le Nahon"},"geometry":{"type":"LineString","coordinates":[[1.6476,47.2140],[1.6485,47.2165],[1.6511,47.2189]]}},{"type":"Feature","properties":{"name":"Le Nahon"},"geometry":{"type":"LineString","coordinates":[[1.6519,47.2246],[1.6523,47.2283],[1.6500,47.2298]]}},{"type":"Feature","properties":{"name":"Le Nahon"},"geometry":{"type":"LineString","coordinates":[[1.6503,47.2265],[1.6505,47.2294],[1.6463,47.2329]]}},{"type":"Feature","properties":{"name":"Le Nahon"},"geometry":{"type":"LineString","coordinates":[[1.5458,47.1277],[1.5459,47.1279]]}},{"type":"Feature","properties":{"name":"Le Nahon"},"geometry":{"type":"LineString","coordinates":[[1.5461,47.1337],[1.5461,47.1338]]}},{"type":"Feature","properties":{"name":"Le Nahon"},"geometry":{"type":"LineString","coordinates":[[1.5461,47.1336],[1.5461,47.1337]]}},{"type":"Feature","properties":{"name":"Le Nahon"},"geometry":{"type":"LineString","coordinates":[[1.5459,47.1279],[1.5467,47.1306],[1.5461,47.1336]]}},{"type":"Feature","properties":{"name":"Le Nahon"},"geometry":{"type":"LineString","coordinates":[[1.5922,47.1742],[1.5950,47.1741]]}},{"type":"Feature","properties":{"name":"Le Nahon"},"geometry":{"type":"LineString","coordinates":[[1.5920,47.1741],[1.5922,47.1742]]}},{"type":"Feature","properties":{"name":"Le Nahon"},"geometry":{"type":"LineString","coordinates":[[1.4574,47.0076],[1.4609,47.0092]]}},{"type":"Feature","properties":{"name":"Le Nahon"},"geometry":{"type":"LineString","coordinates":[[1.4574,47.0076],[1.4574,47.0076]]}},{"type":"Feature","properties":{"name":"Le Nahon"},"geometry":{"type":"LineString","coordinates":[[1.5695,47.1579],[1.5696,47.1580]]}},{"type":"Feature","properties":{"name":"Le Nahon"},"geometry":{"type":"LineString","coordinates":[[1.5588,47.1536],[1.5589,47.1545],[1.5695,47.1579]]}},{"type":"Feature","properties":{"name":"Le Nahon"},"geometry":{"type":"LineString","coordinates":[[1.5781,47.1658],[1.5792,47.1667],[1.5799,47.1662]]}},{"type":"Feature","properties":{"name":"Le Nahon"},"geometry":{"type":"LineString","coordinates":[[1.5780,47.1657],[1.5781,47.1658]]}},{"type":"Feature","properties":{"name":"Le Nahon"},"geometry":{"type":"LineString","coordinates":[[1.5405,47.1249],[1.5458,47.1277]]}},{"type":"Feature","properties":{"name":"Le Nahon"},"geometry":{"type":"LineString","coordinates":[[1.5405,47.1249],[1.5405,47.1249]]}},{"type":"Feature","properties":{"name":"Le Nahon"},"geometry":{"type":"LineString","coordinates":[[1.5463,47.1297],[1.5446,47.1317],[1.5454,47.1336]]}},{"type":"Feature","properties":{"name":"Le Nahon"},"geometry":{"type":"LineString","coordinates":[[1.5397,47.1172],[1.5415,47.1198]]}},{"type":"Feature","properties":{"name":"Le Nahon"},"geometry":{"type":"LineString","coordinates":[[1.5358,47.1159],[1.5389,47.1164],[1.5412,47.1184],[1.5418,47.1202],[1.5406,47.1207]]}},{"type":"Feature","properties":{"name":"Le Nahon"},"geometry":{"type":"LineString","coordinates":[[1.5290,47.1120],[1.5322,47.1126],[1.5356,47.1155],[1.5357,47.1165],[1.5385,47.1186],[1.5397,47.1185],[1.5410,47.1215],[1.5393,47.1223],[1.5389,47.1236],[1.5405,47.1249]]}},{"type":"Feature","properties":{"name":"Le Nahon"},"geometry":{"type":"LineString","coordinates":[[1.5287,47.1119],[1.5290,47.1120]]}},{"type":"Feature","properties":{"name":"Le Nahon"},"geometry":{"type":"LineString","coordinates":[[1.5286,47.1118],[1.5299,47.1122]]}},{"type":"Feature","properties":{"name":"Le Nahon"},"geometry":{"type":"LineString","coordinates":[[1.5197,47.0745],[1.5160,47.0784],[1.5159,47.0829]]}},{"type":"Feature","properties":{"name":"Le Nahon"},"geometry":{"type":"LineString","coordinates":[[1.5198,47.0744],[1.5197,47.0745]]}},{"type":"Feature","properties":{"name":"Le Nahon"},"geometry":{"type":"LineString","coordinates":[[1.5159,47.0829],[1.5160,47.0831]]}},{"type":"Feature","properties":{"name":"La Gargilesse"},"geometry":{"type":"LineString","coordinates":[[1.6597,46.5090],[1.6576,46.5104],[1.6540,46.5099],[1.6517,46.5084],[1.6463,46.5086]]}},{"type":"Feature","properties":{"name":"La Gargilesse"},"geometry":{"type":"LineString","coordinates":[[1.7052,46.4975],[1.7041,46.4977],[1.7034,46.4997],[1.7006,46.5010],[1.7007,46.5021],[1.6982,46.5048],[1.6915,46.5052],[1.6886,46.5072],[1.6855,46.5062],[1.6815,46.5078]]}},{"type":"Feature","properties":{"name":"La Gargilesse"},"geometry":{"type":"LineString","coordinates":[[1.6815,46.5078],[1.6739,46.5087],[1.6724,46.5081],[1.6708,46.5089],[1.6665,46.5081],[1.6626,46.5102],[1.6597,46.5090]]}},{"type":"Feature","properties":{"name":"La Gargilesse"},"geometry":{"type":"LineString","coordinates":[[1.6410,46.5106],[1.6404,46.5106]]}},{"type":"Feature","properties":{"name":"La Gargilesse"},"geometry":{"type":"LineString","coordinates":[[1.6463,46.5086],[1.6418,46.5109],[1.6403,46.5106],[1.6381,46.5125],[1.6366,46.5123],[1.6351,46.5145],[1.6345,46.5128],[1.6323,46.5126],[1.6311,46.5154],[1.6273,46.5147],[1.6250,46.5163],[1.6234,46.5148],[1.6165,46.5152],[1.6134,46.5140],[1.6109,46.5143],[1.6099,46.5159],[1.6087,46.5160],[1.6067,46.5153],[1.6061,46.5136],[1.6035,46.5138],[1.5998,46.5120],[1.5977,46.5133],[1.5971,46.5119],[1.5914,46.5133],[1.5883,46.5121],[1.5852,46.5123]]}},{"type":"Feature","properties":{"name":"L\u0027Angolin"},"geometry":{"type":"LineString","coordinates":[[1.7432,46.9043],[1.7443,46.9034]]}},{"type":"Feature","properties":{"name":"L\u0027Angolin"},"geometry":{"type":"LineString","coordinates":[[1.7245,46.8828],[1.7238,46.8825]]}},{"type":"Feature","properties":{"name":"L\u0027Angolin"},"geometry":{"type":"LineString","coordinates":[[1.7254,46.8831],[1.7245,46.8828]]}},{"type":"Feature","properties":{"name":"L\u0027Angolin"},"geometry":{"type":"LineString","coordinates":[[1.7238,46.8825],[1.7233,46.8825]]}},{"type":"Feature","properties":{"name":"L\u0027Angolin"},"geometry":{"type":"LineString","coordinates":[[1.7422,46.8975],[1.7422,46.8975]]}},{"type":"Feature","properties":{"name":"L\u0027Angolin"},"geometry":{"type":"LineString","coordinates":[[1.7443,46.9034],[1.7442,46.9033]]}},{"type":"Feature","properties":{"name":"L\u0027Angolin"},"geometry":{"type":"LineString","coordinates":[[1.7442,46.9033],[1.7441,46.9003],[1.7422,46.8975]]}},{"type":"Feature","properties":{"name":"L\u0027Angolin"},"geometry":{"type":"LineString","coordinates":[[1.7422,46.8975],[1.7383,46.8920],[1.7329,46.8875],[1.7254,46.8831]]}},{"type":"Feature","properties":{"name":"L\u0027Angolin"},"geometry":{"type":"LineString","coordinates":[[1.7233,46.8825],[1.7153,46.8814]]}},{"type":"Feature","properties":{"name":"La Petite Creuse"},"geometry":{"type":"LineString","coordinates":[[2.2309,46.3429],[2.2286,46.3411],[2.2241,46.3430],[2.2249,46.3454],[2.2211,46.3435],[2.2202,46.3440],[2.2212,46.3457],[2.2174,46.3445],[2.2185,46.3473],[2.2140,46.3448],[2.2123,46.3459]]}},{"type":"Feature","properties":{"name":"La Petite Creuse"},"geometry":{"type":"LineString","coordinates":[[1.8804,46.3447],[1.8826,46.3492],[1.8817,46.3521],[1.8789,46.3537],[1.8762,46.3533],[1.8728,46.3507],[1.8749,46.3461],[1.8740,46.3444],[1.8689,46.3415],[1.8667,46.3413],[1.8615,46.3452],[1.8640,46.3510],[1.8630,46.3523],[1.8557,46.3490],[1.8476,46.3480],[1.8464,46.3455],[1.8419,46.3453],[1.8400,46.3464],[1.8417,46.3535],[1.8398,46.3556],[1.8363,46.3557],[1.8301,46.3538],[1.8259,46.3567],[1.8251,46.3561],[1.8261,46.3542],[1.8245,46.3517],[1.8198,46.3493],[1.8170,46.3510],[1.8180,46.3559],[1.8157,46.3574],[1.8129,46.3560],[1.8128,46.3544],[1.8100,46.3518],[1.8021,46.3506],[1.7989,46.3516],[1.7959,46.3591],[1.7942,46.3602],[1.7934,46.3597],[1.7940,46.3553],[1.7887,46.3556],[1.7886,46.3541],[1.7901,46.3529],[1.7891,46.3517],[1.7856,46.3526],[1.7831,46.3519],[1.7814,46.3541],[1.7812,46.3577],[1.7823,46.3598],[1.7810,46.3647],[1.7819,46.3655],[1.7869,46.3662],[1.7865,46.3674],[1.7787,46.3688],[1.7711,46.3622],[1.7696,46.3689],[1.7669,46.3706],[1.7616,46.3700],[1.7600,46.3660],[1.7565,46.3673],[1.7517,46.3673],[1.7467,46.3695],[1.7418,46.3667],[1.7360,46.3654],[1.7301,46.3717],[1.7266,46.3715],[1.7243,46.3741],[1.7203,46.3764],[1.7150,46.3734],[1.7113,46.3758],[1.7084,46.3796],[1.7045,46.3792],[1.7026,46.3804],[1.6983,46.3792],[1.6905,46.3853],[1.6827,46.3894],[1.6807,46.3883],[1.6827,46.3867],[1.6821,46.3859],[1.6751,46.3884],[1.6708,46.3875]]}},{"type":"Feature","properties":{"name":"La Petite Creuse"},"geometry":{"type":"LineString","coordinates":[[2.2123,46.3459],[2.2123,46.3477],[2.2096,46.3472],[2.2063,46.3454],[2.2048,46.3434],[2.2020,46.3426],[2.1934,46.3456],[2.1931,46.3435],[2.1895,46.3439],[2.1852,46.3425],[2.1847,46.3452],[2.1818,46.3428],[2.1806,46.3431],[2.1802,46.3453],[2.1765,46.3439],[2.1744,46.3473],[2.1730,46.3469],[2.1733,46.3454],[2.1714,46.3434],[2.1642,46.3432],[2.1615,46.3445],[2.1589,46.3440],[2.1583,46.3419],[2.1565,46.3412],[2.1433,46.3418],[2.1376,46.3385],[2.1321,46.3383],[2.1331,46.3354],[2.1323,46.3350],[2.1270,46.3356],[2.1261,46.3397],[2.1246,46.3398],[2.1214,46.3383],[2.1214,46.3359],[2.1188,46.3351],[2.1192,46.3329],[2.1167,46.3321]]}},{"type":"Feature","properties":{"name":"La Petite Creuse"},"geometry":{"type":"LineString","coordinates":[[2.1167,46.3321],[2.1112,46.3286],[2.1097,46.3285],[2.1074,46.3307],[2.1051,46.3314],[2.0994,46.3285],[2.0970,46.3284],[2.0964,46.3299],[2.0989,46.3360],[2.0946,46.3368],[2.0898,46.3329],[2.0860,46.3344],[2.0802,46.3345],[2.0796,46.3366],[2.0821,46.3385],[2.0800,46.3398],[2.0763,46.3397],[2.0667,46.3351],[2.0630,46.3390],[2.0601,46.3447],[2.0577,46.3465],[2.0518,46.3450],[2.0515,46.3489],[2.0531,46.3509],[2.0528,46.3521],[2.0439,46.3527],[2.0416,46.3544],[2.0370,46.3547],[2.0346,46.3560],[2.0339,46.3602],[2.0291,46.3602],[2.0276,46.3616],[2.0227,46.3612],[2.0164,46.3563],[2.0051,46.3567],[2.0037,46.3575],[2.0023,46.3568],[1.9969,46.3589],[1.9946,46.3573],[1.9877,46.3590],[1.9807,46.3596],[1.9752,46.3586],[1.9726,46.3550],[1.9685,46.3537],[1.9645,46.3570],[1.9612,46.3582],[1.9606,46.3596],[1.9562,46.3598],[1.9519,46.3588]]}},{"type":"Feature","properties":{"name":"La Petite Creuse"},"geometry":{"type":"LineString","coordinates":[[2.2828,46.3334],[2.2809,46.3356],[2.2815,46.3362],[2.2786,46.3375],[2.2758,46.3375],[2.2749,46.3385],[2.2752,46.3395],[2.2734,46.3404],[2.2662,46.3411],[2.2645,46.3391],[2.2613,46.3398],[2.2598,46.3380],[2.2575,46.3377],[2.2557,46.3362],[2.2517,46.3370],[2.2492,46.3366],[2.2462,46.3388],[2.2455,46.3382],[2.2460,46.3368],[2.2444,46.3362],[2.2431,46.3367],[2.2420,46.3389],[2.2441,46.3409],[2.2411,46.3413],[2.2405,46.3429],[2.2346,46.3420],[2.2341,46.3425],[2.2357,46.3440],[2.2328,46.3443],[2.2307,46.3437],[2.2309,46.3429]]}},{"type":"Feature","properties":{"name":"La Petite Creuse"},"geometry":{"type":"LineString","coordinates":[[2.1583,46.3419],[2.1572,46.3415]]}},{"type":"Feature","properties":{"name":"La Petite Creuse"},"geometry":{"type":"LineString","coordinates":[[2.0660,46.3360],[2.0646,46.3375]]}},{"type":"Feature","properties":{"name":"La Petite Creuse"},"geometry":{"type":"LineString","coordinates":[[1.6820,46.3894],[1.6810,46.3877]]}},{"type":"Feature","properties":{"name":"La Petite Creuse"},"geometry":{"type":"LineString","coordinates":[[1.8806,46.3444],[1.8804,46.3447]]}},{"type":"Feature","properties":{"name":"La Petite Creuse"},"geometry":{"type":"LineString","coordinates":[[1.9519,46.3588],[1.9407,46.3569],[1.9369,46.3510],[1.9310,46.3544],[1.9283,46.3542],[1.9280,46.3526],[1.9309,46.3485],[1.9289,46.3469],[1.9247,46.3473],[1.9205,46.3501],[1.9156,46.3516],[1.9148,46.3496],[1.9170,46.3485],[1.9167,46.3470],[1.9055,46.3445],[1.9055,46.3428],[1.9104,46.3393],[1.9072,46.3376],[1.9022,46.3385],[1.9000,46.3414],[1.8987,46.3456],[1.8958,46.3450],[1.8890,46.3469],[1.8875,46.3434],[1.8835,46.3404],[1.8780,46.3424],[1.8806,46.3444]]}},{"type":"Feature","properties":{"name":"L\u0027Aigronne"},"geometry":{"type":"LineString","coordinates":[[1.1034,46.9081],[1.0950,46.9109]]}},{"type":"Feature","properties":{"name":"L\u0027Aigronne"},"geometry":{"type":"LineString","coordinates":[[1.0381,46.9145],[1.0380,46.9144]]}},{"type":"Feature","properties":{"name":"L\u0027Aigronne"},"geometry":{"type":"LineString","coordinates":[[1.0380,46.9144],[1.0333,46.9148]]}},{"type":"Feature","properties":{"name":"L\u0027Aigronne"},"geometry":{"type":"LineString","coordinates":[[0.9278,46.9202],[0.9234,46.9214],[0.9138,46.9210]]}},{"type":"Feature","properties":{"name":"L\u0027Aigronne"},"geometry":{"type":"LineString","coordinates":[[1.0633,46.9138],[1.0633,46.9138]]}},{"type":"Feature","properties":{"name":"L\u0027Aigronne"},"geometry":{"type":"LineString","coordinates":[[1.0633,46.9138],[1.0519,46.9155],[1.0470,46.9148],[1.0416,46.9156],[1.0413,46.9147],[1.0394,46.9154],[1.0381,46.9145]]}},{"type":"Feature","properties":{"name":"L\u0027Aigronne"},"geometry":{"type":"LineString","coordinates":[[1.0950,46.9109],[1.0949,46.9109]]}},{"type":"Feature","properties":{"name":"L\u0027Aigronne"},"geometry":{"type":"LineString","coordinates":[[1.0949,46.9109],[1.0916,46.9119],[1.0883,46.9151],[1.0822,46.9162],[1.0742,46.9136],[1.0705,46.9142],[1.0673,46.9127],[1.0633,46.9138]]}},{"type":"Feature","properties":{"name":"L\u0027Aigronne"},"geometry":{"type":"LineString","coordinates":[[0.9485,46.9208],[0.9450,46.9214],[0.9403,46.9208],[0.9375,46.9193],[0.9278,46.9202]]}},{"type":"Feature","properties":{"name":"L\u0027Aigronne"},"geometry":{"type":"LineString","coordinates":[[1.0333,46.9148],[1.0288,46.9156],[1.0203,46.9153],[1.0172,46.9165],[1.0159,46.9182],[1.0107,46.9188],[1.0058,46.9174],[0.9972,46.9195],[0.9879,46.9183],[0.9854,46.9187]]}},{"type":"Feature","properties":{"name":"L\u0027Aigronne"},"geometry":{"type":"LineString","coordinates":[[0.9854,46.9187],[0.9732,46.9200],[0.9705,46.9194],[0.9654,46.9205],[0.9625,46.9194],[0.9619,46.9204],[0.9594,46.9206],[0.9532,46.9199],[0.9485,46.9208]]}},{"type":"Feature","properties":{"name":"L\u0027Aigronne"},"geometry":{"type":"LineString","coordinates":[[0.9138,46.9210],[0.9027,46.9192],[0.8959,46.9205],[0.8822,46.9165],[0.8773,46.9170],[0.8759,46.9158],[0.8710,46.9148],[0.8707,46.9129],[0.8691,46.9122],[0.8643,46.9127]]}},{"type":"Feature","properties":{"name":"L\u0027Aigronne"},"geometry":{"type":"LineString","coordinates":[[0.8643,46.9127],[0.8607,46.9125],[0.8530,46.9094],[0.8479,46.9096],[0.8424,46.9079],[0.8359,46.9075],[0.8331,46.9079],[0.8301,46.9107],[0.8269,46.9106],[0.8238,46.9116],[0.8223,46.9133],[0.8196,46.9136],[0.8126,46.9118],[0.8085,46.9137],[0.8063,46.9165],[0.7989,46.9188],[0.7968,46.9205]]}},{"type":"Feature","properties":{"name":"La Benaize"},"geometry":{"type":"LineString","coordinates":[[1.3088,46.3311],[1.3059,46.3301],[1.3056,46.3321],[1.3036,46.3338],[1.3031,46.3377],[1.2995,46.3397],[1.2966,46.3394],[1.2943,46.3427],[1.2896,46.3418],[1.2857,46.3445],[1.2843,46.3429],[1.2812,46.3427],[1.2802,46.3450],[1.2781,46.3457],[1.2766,46.3480],[1.2787,46.3521],[1.2750,46.3540],[1.2730,46.3537],[1.2707,46.3498],[1.2635,46.3547],[1.2619,46.3543],[1.2621,46.3526],[1.2603,46.3515],[1.2588,46.3530],[1.2585,46.3554],[1.2523,46.3621],[1.2492,46.3627],[1.2443,46.3615],[1.2423,46.3634],[1.2400,46.3617],[1.2375,46.3613],[1.2376,46.3668],[1.2343,46.3662],[1.2306,46.3678],[1.2294,46.3662],[1.2241,46.3669],[1.2233,46.3693],[1.2212,46.3685],[1.2207,46.3667],[1.2190,46.3657],[1.2168,46.3669],[1.2167,46.3683],[1.2140,46.3705],[1.2134,46.3742],[1.2036,46.3758],[1.2033,46.3766],[1.2048,46.3786],[1.2040,46.3800],[1.2024,46.3777],[1.2009,46.3772],[1.1933,46.3806],[1.1915,46.3796],[1.1932,46.3780],[1.1917,46.3766],[1.1886,46.3764],[1.1861,46.3780],[1.1835,46.3766]]}},{"type":"Feature","properties":{"name":"La Benaize"},"geometry":{"type":"LineString","coordinates":[[1.0709,46.4325],[1.0704,46.4335],[1.0665,46.4338],[1.0638,46.4362],[1.0615,46.4360],[1.0575,46.4393],[1.0577,46.4409],[1.0546,46.4429],[1.0548,46.4438],[1.0535,46.4453],[1.0488,46.4469],[1.0488,46.4483],[1.0469,46.4491],[1.0481,46.4510],[1.0554,46.4538],[1.0569,46.4588],[1.0534,46.4626],[1.0493,46.4632],[1.0435,46.4658],[1.0419,46.4709],[1.0473,46.4761],[1.0471,46.4776],[1.0493,46.4784],[1.0492,46.4817],[1.0467,46.4855],[1.0477,46.4875],[1.0518,46.4895],[1.0527,46.4903],[1.0525,46.4915],[1.0540,46.4923],[1.0528,46.4948],[1.0530,46.4974],[1.0601,46.4983],[1.0625,46.5001],[1.0621,46.5020],[1.0582,46.5062],[1.0585,46.5072],[1.0605,46.5084],[1.0622,46.5076],[1.0633,46.5083],[1.0704,46.5045],[1.0746,46.5056],[1.0778,46.5100],[1.0730,46.5162],[1.0702,46.5167],[1.0694,46.5186],[1.0676,46.5190],[1.0679,46.5207],[1.0659,46.5209],[1.0687,46.5251],[1.0737,46.5263],[1.0764,46.5283],[1.0768,46.5292],[1.0753,46.5320],[1.0781,46.5350],[1.0748,46.5374],[1.0708,46.5371],[1.0686,46.5389],[1.0666,46.5381],[1.0656,46.5392],[1.0669,46.5459],[1.0694,46.5478],[1.0712,46.5479],[1.0743,46.5519],[1.0749,46.5546],[1.0716,46.5572],[1.0746,46.5599],[1.0785,46.5612],[1.0747,46.5651],[1.0735,46.5680],[1.0701,46.5703],[1.0681,46.5743]]}},{"type":"Feature","properties":{"name":"La Benaize"},"geometry":{"type":"LineString","coordinates":[[1.3408,46.3189],[1.3380,46.3197],[1.3362,46.3177],[1.3349,46.3176],[1.3346,46.3199],[1.3314,46.3216],[1.3239,46.3204],[1.3251,46.3228],[1.3207,46.3233],[1.3201,46.3248],[1.3213,46.3260],[1.3181,46.3288],[1.3199,46.3297],[1.3198,46.3305],[1.3111,46.3310]]}},{"type":"Feature","properties":{"name":"La Benaize"},"geometry":{"type":"LineString","coordinates":[[1.1835,46.3766],[1.1801,46.3760],[1.1788,46.3779],[1.1796,46.3823],[1.1763,46.3849],[1.1708,46.3847],[1.1662,46.3880]]}},{"type":"Feature","properties":{"name":"La Benaize"},"geometry":{"type":"LineString","coordinates":[[1.0875,46.4371],[1.0804,46.4364],[1.0810,46.4325],[1.0797,46.4318],[1.0709,46.4325]]}},{"type":"Feature","properties":{"name":"La Benaize"},"geometry":{"type":"LineString","coordinates":[[1.3131,46.3306],[1.3116,46.3303]]}},{"type":"Feature","properties":{"name":"La Benaize"},"geometry":{"type":"LineString","coordinates":[[1.3111,46.3310],[1.3088,46.3311]]}},{"type":"Feature","properties":{"name":"La Benaize"},"geometry":{"type":"LineString","coordinates":[[1.3116,46.3303],[1.3115,46.3303]]}},{"type":"Feature","properties":{"name":"La Benaize"},"geometry":{"type":"LineString","coordinates":[[1.3115,46.3303],[1.3094,46.3310]]}},{"type":"Feature","properties":{"name":"La Benaize"},"geometry":{"type":"LineString","coordinates":[[1.1662,46.3880],[1.1596,46.3904],[1.1567,46.3891],[1.1524,46.3897],[1.1533,46.3914],[1.1508,46.3960],[1.1524,46.3985],[1.1506,46.4003],[1.1495,46.4007],[1.1450,46.3980],[1.1424,46.3986],[1.1406,46.4003],[1.1431,46.4042],[1.1426,46.4074],[1.1356,46.4095],[1.1333,46.4120],[1.1253,46.4125],[1.1235,46.4140],[1.1232,46.4163],[1.1209,46.4158],[1.1194,46.4167],[1.1191,46.4174],[1.1205,46.4179],[1.1205,46.4194],[1.1223,46.4204],[1.1200,46.4212],[1.1193,46.4227],[1.1238,46.4256],[1.1221,46.4270],[1.1173,46.4275],[1.1149,46.4266],[1.1061,46.4260],[1.1051,46.4269],[1.1059,46.4292],[1.1021,46.4329],[1.0971,46.4294],[1.0961,46.4300],[1.0953,46.4333],[1.0926,46.4338],[1.0875,46.4371]]}},{"type":"Feature","properties":{"name":"La Benaize"},"geometry":{"type":"LineString","coordinates":[[1.3094,46.3306],[1.3088,46.3311]]}},{"type":"Feature","properties":{"name":"L\u0027Ozance"},"geometry":{"type":"LineString","coordinates":[[1.2358,46.9238],[1.2356,46.9266],[1.2327,46.9316],[1.2331,46.9326],[1.2281,46.9375]]}},{"type":"Feature","properties":{"name":"L\u0027Ozance"},"geometry":{"type":"LineString","coordinates":[[1.2281,46.9375],[1.2243,46.9438],[1.2208,46.9456],[1.2163,46.9497],[1.2159,46.9507],[1.2176,46.9530],[1.2155,46.9593]]}},{"type":"Feature","properties":{"name":"L\u0027Ozance"},"geometry":{"type":"LineString","coordinates":[[1.2371,46.9188],[1.2358,46.9238]]}},{"type":"Feature","properties":{"name":"L\u0027Ozance"},"geometry":{"type":"LineString","coordinates":[[1.2501,46.9057],[1.2499,46.9062]]}},{"type":"Feature","properties":{"name":"Le Glevert"},"geometry":{"type":"LineString","coordinates":[[1.3205,46.3026],[1.3212,46.3054],[1.3205,46.3065],[1.3213,46.3071],[1.3174,46.3082],[1.3176,46.3099],[1.3163,46.3103],[1.3170,46.3132],[1.3128,46.3163],[1.3133,46.3177],[1.3120,46.3190],[1.3126,46.3214],[1.3075,46.3223],[1.3081,46.3236],[1.3104,46.3240],[1.3105,46.3281],[1.3092,46.3287],[1.3094,46.3306]]}},{"type":"Feature","properties":{"name":"La Loire"},"geometry":{"type":"LineString","coordinates":[[0.9780,47.4139],[0.9625,47.4083],[0.9543,47.4069],[0.9457,47.4072],[0.9216,47.4009],[0.9029,47.4005],[0.8854,47.3976],[0.8603,47.3990],[0.8363,47.3926],[0.8244,47.3917],[0.8200,47.3924],[0.7933,47.4059],[0.7866,47.4086],[0.7792,47.4098],[0.7594,47.4076],[0.7375,47.4033],[0.7285,47.4039],[0.7190,47.4012],[0.7077,47.3997],[0.6989,47.3999],[0.6935,47.3983],[0.6658,47.3969],[0.6467,47.3917],[0.6138,47.3851],[0.6049,47.3823],[0.6020,47.3820],[0.5966,47.3839],[0.5895,47.3830],[0.5783,47.3767],[0.5229,47.3680],[0.5110,47.3629],[0.5012,47.3609],[0.4896,47.3566],[0.4835,47.3520],[0.4805,47.3476],[0.4793,47.3433],[0.4671,47.3383],[0.4580,47.3304],[0.4497,47.3251],[0.4203,47.3207],[0.4067,47.3205],[0.3914,47.3165],[0.3836,47.3131],[0.3625,47.2994],[0.3519,47.2964],[0.3424,47.2956],[0.3363,47.2928],[0.3326,47.2892],[0.3300,47.2841],[0.3269,47.2814],[0.3150,47.2726],[0.3017,47.2654],[0.2890,47.2640],[0.2807,47.2611],[0.2637,47.2602],[0.2530,47.2563],[0.2461,47.2548],[0.2325,47.2492],[0.2154,47.2457],[0.2082,47.2433],[0.1936,47.2365],[0.1902,47.2360],[0.1851,47.2373],[0.1801,47.2373],[0.1676,47.2359],[0.1428,47.2387],[0.1339,47.2380],[0.1262,47.2352],[0.1207,47.2310],[0.0931,47.2192],[0.0746,47.2147],[0.0513,47.2213],[0.0370,47.2306],[0.0275,47.2343],[0.0081,47.2393],[-0.0064,47.2457],[-0.0376,47.2524],[-0.0523,47.2568],[-0.0648,47.2566],[-0.0771,47.2633],[-0.0855,47.2698],[-0.0888,47.2736]]}},{"type":"Feature","properties":{"name":"Le Renon"},"geometry":{"type":"LineString","coordinates":[[1.6633,47.1654],[1.6633,47.1669],[1.6615,47.1674],[1.6598,47.1700]]}},{"type":"Feature","properties":{"name":"Le Renon"},"geometry":{"type":"LineString","coordinates":[[1.6752,47.1565],[1.6759,47.1575],[1.6737,47.1600],[1.6691,47.1634],[1.6644,47.1657],[1.6633,47.1654]]}},{"type":"Feature","properties":{"name":"Le Renon"},"geometry":{"type":"LineString","coordinates":[[1.6600,47.1690],[1.6598,47.1700]]}},{"type":"Feature","properties":{"name":"Le Renon"},"geometry":{"type":"LineString","coordinates":[[1.6633,47.1654],[1.6616,47.1655],[1.6600,47.1688]]}},{"type":"Feature","properties":{"name":"Le Renon"},"geometry":{"type":"LineString","coordinates":[[1.6808,47.1412],[1.6803,47.1438],[1.6756,47.1484],[1.6747,47.1510],[1.6758,47.1528],[1.6752,47.1565]]}},{"type":"Feature","properties":{"name":"Le Renon"},"geometry":{"type":"LineString","coordinates":[[1.6598,47.1700],[1.6588,47.1717],[1.6594,47.1734],[1.6634,47.1775],[1.6653,47.1828],[1.6723,47.1843],[1.6748,47.1859],[1.6738,47.1884],[1.6752,47.1892],[1.6768,47.1921],[1.6774,47.1958],[1.6760,47.1993],[1.6780,47.2017]]}},{"type":"Feature","properties":{"name":"Le Renon"},"geometry":{"type":"LineString","coordinates":[[1.6780,47.2017],[1.6788,47.2036],[1.6748,47.2099]]}},{"type":"Feature","properties":{"name":"Le Renon"},"geometry":{"type":"LineString","coordinates":[[1.6748,47.2099],[1.6764,47.2147]]}},{"type":"Feature","properties":{"name":"Le Renon"},"geometry":{"type":"LineString","coordinates":[[1.6776,47.2018],[1.6782,47.2036],[1.6750,47.2066],[1.6748,47.2099]]}},{"type":"Feature","properties":{"name":"Le Renon"},"geometry":{"type":"LineString","coordinates":[[1.6764,47.2147],[1.6773,47.2164]]}},{"type":"Feature","properties":{"name":"Le Renon"},"geometry":{"type":"LineString","coordinates":[[1.6777,47.2301],[1.6734,47.2324]]}},{"type":"Feature","properties":{"name":"Le Renon"},"geometry":{"type":"LineString","coordinates":[[1.6773,47.2164],[1.6764,47.2170],[1.6780,47.2184],[1.6771,47.2192]]}},{"type":"Feature","properties":{"name":"Le Renon"},"geometry":{"type":"LineString","coordinates":[[1.6771,47.2192],[1.6778,47.2203],[1.6759,47.2252],[1.6785,47.2278],[1.6777,47.2301]]}},{"type":"Feature","properties":{"name":"Le Renon"},"geometry":{"type":"LineString","coordinates":[[1.6877,47.1286],[1.6887,47.1337],[1.6923,47.1370]]}},{"type":"Feature","properties":{"name":"Le Renon"},"geometry":{"type":"LineString","coordinates":[[1.6841,47.1379],[1.6803,47.1455]]}},{"type":"Feature","properties":{"name":"Le Renon"},"geometry":{"type":"LineString","coordinates":[[1.6923,47.1370],[1.6915,47.1384],[1.6871,47.1375],[1.6837,47.1380],[1.6809,47.1392],[1.6808,47.1412]]}},{"type":"Feature","properties":{"name":"Le Renon"},"geometry":{"type":"LineString","coordinates":[[1.6888,47.1245],[1.6904,47.1247],[1.6885,47.1288],[1.6891,47.1325],[1.6923,47.1370]]}},{"type":"Feature","properties":{"name":"Le Renon"},"geometry":{"type":"LineString","coordinates":[[1.6977,47.0962],[1.6935,47.1020],[1.6932,47.1060],[1.6902,47.1077],[1.6861,47.1081],[1.6854,47.1101],[1.6859,47.1114]]}},{"type":"Feature","properties":{"name":"Le Renon"},"geometry":{"type":"LineString","coordinates":[[1.6859,47.1114],[1.6890,47.1182],[1.6880,47.1185],[1.6888,47.1245]]}},{"type":"Feature","properties":{"name":"Le Renon"},"geometry":{"type":"LineString","coordinates":[[1.6962,47.0992],[1.6975,47.0997],[1.6968,47.1024],[1.6973,47.1040],[1.6939,47.1070],[1.6878,47.1081],[1.6869,47.1095]]}},{"type":"Feature","properties":{"name":"Le Renon"},"geometry":{"type":"LineString","coordinates":[[1.7014,47.0950],[1.6977,47.0962]]}},{"type":"Feature","properties":{"name":"Le Renon"},"geometry":{"type":"LineString","coordinates":[[1.6869,47.1096],[1.6898,47.1158],[1.6889,47.1182]]}},{"type":"Feature","properties":{"name":"Le Renon"},"geometry":{"type":"LineString","coordinates":[[1.6869,47.1095],[1.6869,47.1096]]}},{"type":"Feature","properties":{"name":"Le Renon"},"geometry":{"type":"LineString","coordinates":[[1.6877,47.1285],[1.6877,47.1286]]}},{"type":"Feature","properties":{"name":"Le Renon"},"geometry":{"type":"LineString","coordinates":[[1.6888,47.1245],[1.6893,47.1260],[1.6877,47.1285]]}},{"type":"Feature","properties":{"name":"Le Renon"},"geometry":{"type":"LineString","coordinates":[[1.6802,47.1456],[1.6787,47.1460]]}},{"type":"Feature","properties":{"name":"Le Renon"},"geometry":{"type":"LineString","coordinates":[[1.6803,47.1455],[1.6802,47.1456]]}},{"type":"Feature","properties":{"name":"L\u0027Anglin"},"geometry":{"type":"LineString","coordinates":[[1.0648,46.5898],[1.0625,46.5923],[1.0546,46.5931],[1.0525,46.5950],[1.0498,46.5956],[1.0455,46.5947],[1.0416,46.5925],[1.0348,46.5914],[1.0191,46.5956],[1.0095,46.5941],[1.0072,46.5917],[0.9931,46.5934],[0.9896,46.5923],[0.9888,46.5944],[0.9703,46.5970],[0.9566,46.5961],[0.9546,46.5984],[0.9545,46.6047],[0.9558,46.6070],[0.9482,46.6123],[0.9371,46.6142],[0.9392,46.6255],[0.9263,46.6282],[0.9225,46.6317],[0.9205,46.6354],[0.9160,46.6374],[0.9172,46.6393],[0.9211,46.6399],[0.9302,46.6376],[0.9344,46.6409],[0.9305,46.6446],[0.9228,46.6466],[0.9187,46.6496],[0.9166,46.6517],[0.9153,46.6554],[0.9067,46.6656],[0.9120,46.6718],[0.9122,46.6744],[0.9107,46.6774],[0.9048,46.6786],[0.8975,46.6770],[0.8904,46.6800],[0.8858,46.6834],[0.8839,46.6880],[0.8837,46.6928],[0.8750,46.6974],[0.8749,46.6988],[0.8785,46.7028],[0.8784,46.7041],[0.8712,46.7045],[0.8677,46.7035],[0.8657,46.7043]]}},{"type":"Feature","properties":{"name":"L\u0027Anglin"},"geometry":{"type":"LineString","coordinates":[[1.0645,46.5850],[1.0648,46.5898]]}},{"type":"Feature","properties":{"name":"L\u0027Anglin"},"geometry":{"type":"LineString","coordinates":[[1.1772,46.5467],[1.1734,46.5478],[1.1733,46.5499],[1.1672,46.5512],[1.1630,46.5507],[1.1588,46.5487],[1.1546,46.5490],[1.1489,46.5511],[1.1478,46.5526],[1.1435,46.5529],[1.1418,46.5539],[1.1340,46.5537],[1.1311,46.5566],[1.1330,46.5584],[1.1334,46.5607],[1.1377,46.5633],[1.1353,46.5652],[1.1276,46.5641],[1.1193,46.5600],[1.1156,46.5615]]}},{"type":"Feature","properties":{"name":"L\u0027Anglin"},"geometry":{"type":"LineString","coordinates":[[1.1809,46.5360],[1.1784,46.5406],[1.1786,46.5421],[1.1773,46.5437],[1.1780,46.5459],[1.1772,46.5467]]}},{"type":"Feature","properties":{"name":"L\u0027Anglin"},"geometry":{"type":"LineString","coordinates":[[1.1156,46.5615],[1.1127,46.5637],[1.1131,46.5692],[1.1146,46.5715],[1.1128,46.5751],[1.1089,46.5750],[1.1001,46.5706],[1.0908,46.5689],[1.0877,46.5707],[1.0855,46.5746],[1.0822,46.5767],[1.0790,46.5768],[1.0752,46.5747],[1.0671,46.5746],[1.0670,46.5764],[1.0642,46.5793],[1.0645,46.5850]]}},{"type":"Feature","properties":{"name":"L\u0027Anglin"},"geometry":{"type":"LineString","coordinates":[[1.2444,46.5091],[1.2377,46.5082],[1.2354,46.5101],[1.2340,46.5130],[1.2341,46.5153],[1.2311,46.5169],[1.2226,46.5174],[1.2202,46.5236],[1.2142,46.5268],[1.2139,46.5282],[1.2159,46.5297],[1.2152,46.5317],[1.2142,46.5322],[1.2147,46.5334],[1.2137,46.5339],[1.2115,46.5339],[1.2074,46.5317],[1.2014,46.5311],[1.1966,46.5332],[1.1967,46.5353],[1.1914,46.5387],[1.1908,46.5407],[1.1879,46.5405],[1.1879,46.5416],[1.1863,46.5401],[1.1853,46.5366],[1.1809,46.5360]]}},{"type":"Feature","properties":{"name":"L\u0027Anglin"},"geometry":{"type":"LineString","coordinates":[[1.3078,46.4362],[1.3027,46.4397],[1.3025,46.4426],[1.3038,46.4441],[1.3028,46.4458],[1.3040,46.4472],[1.3030,46.4485],[1.3038,46.4496],[1.2991,46.4562],[1.3000,46.4568],[1.2991,46.4586],[1.3004,46.4597],[1.3008,46.4622],[1.3034,46.4649],[1.3019,46.4650],[1.3026,46.4659],[1.3012,46.4663],[1.2979,46.4701],[1.2947,46.4776],[1.2921,46.4782],[1.2921,46.4795],[1.2906,46.4792],[1.2856,46.4811],[1.2837,46.4845],[1.2779,46.4875],[1.2777,46.4883],[1.2730,46.4895],[1.2721,46.4887],[1.2686,46.4927],[1.2661,46.4945],[1.2634,46.4949],[1.2626,46.4965],[1.2572,46.4975],[1.2549,46.5005],[1.2558,46.5023],[1.2531,46.5042],[1.2532,46.5072],[1.2577,46.5104],[1.2556,46.5116],[1.2511,46.5116]]}},{"type":"Feature","properties":{"name":"L\u0027Anglin"},"geometry":{"type":"LineString","coordinates":[[1.2511,46.5116],[1.2465,46.5083],[1.2444,46.5091]]}},{"type":"Feature","properties":{"name":"L\u0027Anglin"},"geometry":{"type":"LineString","coordinates":[[1.4039,46.4039],[1.3962,46.4034],[1.3935,46.4023],[1.3908,46.4030],[1.3889,46.4019],[1.3875,46.4024],[1.3878,46.4045],[1.3844,46.4043],[1.3810,46.4057],[1.3797,46.4078],[1.3775,46.4082],[1.3741,46.4073],[1.3721,46.4098],[1.3697,46.4107],[1.3681,46.4144],[1.3657,46.4157],[1.3655,46.4169],[1.3616,46.4170],[1.3620,46.4193],[1.3603,46.4205],[1.3554,46.4190],[1.3521,46.4211],[1.3475,46.4191],[1.3471,46.4172],[1.3435,46.4171],[1.3401,46.4203],[1.3377,46.4199],[1.3371,46.4217],[1.3361,46.4220],[1.3347,46.4207],[1.3347,46.4242],[1.3314,46.4245],[1.3317,46.4258],[1.3296,46.4287],[1.3252,46.4283],[1.3226,46.4315],[1.3222,46.4334],[1.3183,46.4331],[1.3157,46.4353],[1.3120,46.4362],[1.3093,46.4351],[1.3078,46.4362]]}},{"type":"Feature","properties":{"name":"L\u0027Anglin"},"geometry":{"type":"LineString","coordinates":[[1.1311,46.5566],[1.1319,46.5592],[1.1331,46.5596]]}},{"type":"Feature","properties":{"name":"L\u0027Anglin"},"geometry":{"type":"LineString","coordinates":[[1.1818,46.5358],[1.1797,46.5359],[1.1798,46.5375]]}},{"type":"Feature","properties":{"name":"L\u0027Anglin"},"geometry":{"type":"LineString","coordinates":[[0.9984,46.5926],[0.9946,46.5932]]}},{"type":"Feature","properties":{"name":"L\u0027Anglin"},"geometry":{"type":"LineString","coordinates":[[0.9979,46.5924],[0.9950,46.5930]]}},{"type":"Feature","properties":{"name":"L\u0027Anglin"},"geometry":{"type":"LineString","coordinates":[[0.9907,46.5925],[0.9892,46.5933]]}},{"type":"Feature","properties":{"name":"L\u0027Yoson"},"geometry":{"type":"LineString","coordinates":[[1.3747,46.7677],[1.3728,46.7682],[1.3706,46.7723],[1.3630,46.7774],[1.3516,46.7797],[1.3488,46.7815],[1.3465,46.7814],[1.3435,46.7834],[1.3442,46.7857],[1.3431,46.7874],[1.3352,46.7890],[1.3339,46.7883],[1.3336,46.7896],[1.3313,46.7895],[1.3305,46.7914],[1.3232,46.7946],[1.3238,46.7957],[1.3225,46.7959],[1.3224,46.7967],[1.3232,46.7979],[1.3216,46.7985],[1.3217,46.7995],[1.3189,46.7991],[1.3191,46.8002],[1.3163,46.8018],[1.3157,46.8036],[1.3136,46.8033],[1.3128,46.8047],[1.3076,46.8054],[1.3056,46.8044],[1.3024,46.8062],[1.2995,46.8058],[1.2979,46.8079],[1.2944,46.8081],[1.2916,46.8106],[1.2891,46.8109],[1.2901,46.8142],[1.2861,46.8147],[1.2816,46.8182],[1.2691,46.8193],[1.2658,46.8206],[1.2648,46.8226],[1.2611,46.8224],[1.2559,46.8245]]}},{"type":"Feature","properties":{"name":"L\u0027Yoson"},"geometry":{"type":"LineString","coordinates":[[1.3748,46.7678],[1.3747,46.7677]]}},{"type":"Feature","properties":{"name":"L\u0027Yoson"},"geometry":{"type":"LineString","coordinates":[[1.3911,46.7580],[1.3895,46.7590],[1.3859,46.7586],[1.3847,46.7628],[1.3798,46.7668],[1.3797,46.7683],[1.3777,46.7690],[1.3748,46.7678]]}},{"type":"Feature","properties":{"name":"Le Pozon"},"geometry":{"type":"LineString","coordinates":[[1.8432,47.1434],[1.8433,47.1438]]}},{"type":"Feature","properties":{"name":"Le Pozon"},"geometry":{"type":"LineString","coordinates":[[1.8055,47.0691],[1.8087,47.0719]]}},{"type":"Feature","properties":{"name":"Le Pozon"},"geometry":{"type":"LineString","coordinates":[[1.8429,47.1411],[1.8432,47.1434]]}},{"type":"Feature","properties":{"name":"Le Pozon"},"geometry":{"type":"LineString","coordinates":[[1.8088,47.0733],[1.8080,47.0739],[1.8094,47.0755]]}},{"type":"Feature","properties":{"name":"Le Pozon"},"geometry":{"type":"LineString","coordinates":[[1.8093,47.0756],[1.8092,47.0757]]}},{"type":"Feature","properties":{"name":"Le Pozon"},"geometry":{"type":"LineString","coordinates":[[1.8094,47.0755],[1.8093,47.0756]]}},{"type":"Feature","properties":{"name":"Le Pozon"},"geometry":{"type":"LineString","coordinates":[[1.8092,47.0757],[1.8091,47.0758]]}},{"type":"Feature","properties":{"name":"Le Pozon"},"geometry":{"type":"LineString","coordinates":[[1.8087,47.0719],[1.8091,47.0723]]}},{"type":"Feature","properties":{"name":"Le Pozon"},"geometry":{"type":"LineString","coordinates":[[1.8091,47.0758],[1.8068,47.0774],[1.8074,47.0782],[1.8066,47.0856],[1.8127,47.0941],[1.8133,47.0973],[1.8111,47.1001],[1.8116,47.1009],[1.8155,47.1023],[1.8178,47.1047],[1.8217,47.1044],[1.8302,47.1071],[1.8339,47.1096],[1.8382,47.1146],[1.8404,47.1142],[1.8440,47.1175],[1.8448,47.1172],[1.8510,47.1239],[1.8520,47.1266],[1.8518,47.1294],[1.8505,47.1317],[1.8510,47.1359],[1.8501,47.1374],[1.8429,47.1411]]}},{"type":"Feature","properties":{"name":"Le Pozon"},"geometry":{"type":"LineString","coordinates":[[1.8089,47.0729],[1.8088,47.0733]]}},{"type":"Feature","properties":{"name":"Le Pozon"},"geometry":{"type":"LineString","coordinates":[[1.8091,47.0723],[1.8089,47.0729]]}},{"type":"Feature","properties":{"name":"Théols"},"geometry":{"type":"LineString","coordinates":[[1.9738,46.9154],[1.9749,46.9161]]}},{"type":"Feature","properties":{"name":"Théols"},"geometry":{"type":"LineString","coordinates":[[1.9918,46.9328],[1.9957,46.9422],[1.9950,46.9451]]}},{"type":"Feature","properties":{"name":"Théols"},"geometry":{"type":"LineString","coordinates":[[1.9868,46.9466],[1.9849,46.9469]]}},{"type":"Feature","properties":{"name":"Théols"},"geometry":{"type":"LineString","coordinates":[[1.9847,46.9488],[1.9855,46.9500],[1.9849,46.9528],[1.9953,46.9656]]}},{"type":"Feature","properties":{"name":"Théols"},"geometry":{"type":"LineString","coordinates":[[1.9876,46.9559],[1.9882,46.9593]]}},{"type":"Feature","properties":{"name":"Théols"},"geometry":{"type":"LineString","coordinates":[[1.9882,46.9590],[1.9892,46.9596]]}},{"type":"Feature","properties":{"name":"Théols"},"geometry":{"type":"LineString","coordinates":[[1.9882,46.9592],[1.9887,46.9592]]}},{"type":"Feature","properties":{"name":"Théols"},"geometry":{"type":"LineString","coordinates":[[1.9922,46.9634],[1.9932,46.9633]]}},{"type":"Feature","properties":{"name":"Théols"},"geometry":{"type":"LineString","coordinates":[[1.9777,46.9169],[1.9819,46.9170],[1.9843,46.9180],[1.9838,46.9214],[1.9892,46.9237],[1.9918,46.9328]]}},{"type":"Feature","properties":{"name":"Théols"},"geometry":{"type":"LineString","coordinates":[[1.9904,46.9470],[1.9866,46.9471]]}},{"type":"Feature","properties":{"name":"Théols"},"geometry":{"type":"LineString","coordinates":[[1.9905,46.9470],[1.9904,46.9470]]}},{"type":"Feature","properties":{"name":"Théols"},"geometry":{"type":"LineString","coordinates":[[1.9920,46.9469],[1.9905,46.9470]]}},{"type":"Feature","properties":{"name":"Théols"},"geometry":{"type":"LineString","coordinates":[[1.9932,46.9465],[1.9925,46.9468]]}},{"type":"Feature","properties":{"name":"Théols"},"geometry":{"type":"LineString","coordinates":[[1.9925,46.9468],[1.9921,46.9469]]}},{"type":"Feature","properties":{"name":"Théols"},"geometry":{"type":"LineString","coordinates":[[1.9921,46.9469],[1.9920,46.9469]]}},{"type":"Feature","properties":{"name":"Théols"},"geometry":{"type":"LineString","coordinates":[[1.9884,46.9594],[1.9908,46.9601]]}},{"type":"Feature","properties":{"name":"Théols"},"geometry":{"type":"LineString","coordinates":[[1.9882,46.9593],[1.9884,46.9594]]}},{"type":"Feature","properties":{"name":"Théols"},"geometry":{"type":"LineString","coordinates":[[1.9947,46.9455],[1.9947,46.9456]]}},{"type":"Feature","properties":{"name":"Théols"},"geometry":{"type":"LineString","coordinates":[[1.9947,46.9455],[1.9947,46.9455]]}},{"type":"Feature","properties":{"name":"Théols"},"geometry":{"type":"LineString","coordinates":[[1.9946,46.9457],[1.9946,46.9457]]}},{"type":"Feature","properties":{"name":"Théols"},"geometry":{"type":"LineString","coordinates":[[1.9947,46.9456],[1.9946,46.9457]]}},{"type":"Feature","properties":{"name":"Théols"},"geometry":{"type":"LineString","coordinates":[[1.9946,46.9457],[1.9946,46.9458]]}},{"type":"Feature","properties":{"name":"Théols"},"geometry":{"type":"LineString","coordinates":[[1.9950,46.9451],[1.9947,46.9455]]}},{"type":"Feature","properties":{"name":"Théols"},"geometry":{"type":"LineString","coordinates":[[1.9946,46.9458],[1.9932,46.9465]]}},{"type":"Feature","properties":{"name":"Théols"},"geometry":{"type":"LineString","coordinates":[[1.9950,46.9451],[1.9950,46.9451]]}},{"type":"Feature","properties":{"name":"La Bouzanne"},"geometry":{"type":"LineString","coordinates":[[1.7254,46.7066],[1.7213,46.7055],[1.7167,46.7062],[1.7162,46.7070],[1.7150,46.7058],[1.7131,46.7065],[1.7080,46.7040],[1.7069,46.7048],[1.7047,46.7018],[1.7003,46.7018],[1.7004,46.7008],[1.6995,46.7010],[1.6992,46.6999],[1.6959,46.6982],[1.6905,46.6992],[1.6880,46.6977],[1.6862,46.6988],[1.6833,46.6982],[1.6802,46.6996],[1.6792,46.6990],[1.6772,46.7007],[1.6778,46.7024],[1.6765,46.7024],[1.6755,46.7042],[1.6738,46.7050],[1.6701,46.7046],[1.6648,46.7020],[1.6624,46.6996],[1.6603,46.7009],[1.6578,46.6985],[1.6547,46.6993],[1.6513,46.6979],[1.6482,46.6962],[1.6456,46.6922],[1.6410,46.6926]]}},{"type":"Feature","properties":{"name":"La Bouzanne"},"geometry":{"type":"LineString","coordinates":[[1.7531,46.6910],[1.7539,46.6925],[1.7524,46.6930],[1.7525,46.6940],[1.7538,46.6952],[1.7487,46.6977],[1.7486,46.6991],[1.7444,46.6988],[1.7381,46.7002],[1.7362,46.7011],[1.7348,46.7032],[1.7312,46.7025],[1.7298,46.7056],[1.7254,46.7066]]}},{"type":"Feature","properties":{"name":"La Bouzanne"},"geometry":{"type":"LineString","coordinates":[[1.7840,46.6511],[1.7836,46.6528],[1.7872,46.6551],[1.7881,46.6594],[1.7875,46.6598],[1.7886,46.6606],[1.7883,46.6615],[1.7893,46.6613],[1.7895,46.6623],[1.7884,46.6629],[1.7898,46.6632],[1.7893,46.6641],[1.7902,46.6646],[1.7879,46.6657],[1.7884,46.6671],[1.7868,46.6682],[1.7880,46.6696],[1.7866,46.6696],[1.7856,46.6715],[1.7861,46.6727],[1.7854,46.6738],[1.7868,46.6735],[1.7864,46.6745],[1.7877,46.6749],[1.7850,46.6751],[1.7860,46.6765],[1.7840,46.6767],[1.7845,46.6773],[1.7830,46.6779],[1.7835,46.6790],[1.7823,46.6791],[1.7824,46.6811],[1.7842,46.6812],[1.7798,46.6846],[1.7763,46.6843],[1.7754,46.6849],[1.7758,46.6854],[1.7705,46.6879],[1.7716,46.6915],[1.7707,46.6924],[1.7616,46.6879],[1.7607,46.6886],[1.7608,46.6901],[1.7643,46.6931],[1.7627,46.6945],[1.7600,46.6940],[1.7597,46.6935],[1.7610,46.6933],[1.7591,46.6911],[1.7566,46.6904],[1.7531,46.6910]]}},{"type":"Feature","properties":{"name":"La Bouzanne"},"geometry":{"type":"LineString","coordinates":[[1.8047,46.4744],[1.8022,46.4770],[1.8017,46.4790],[1.7944,46.4814],[1.7893,46.4875]]}},{"type":"Feature","properties":{"name":"La Bouzanne"},"geometry":{"type":"LineString","coordinates":[[1.7695,46.5754],[1.7695,46.5754]]}},{"type":"Feature","properties":{"name":"La Bouzanne"},"geometry":{"type":"LineString","coordinates":[[1.7695,46.5754],[1.7704,46.5770],[1.7727,46.5777],[1.7772,46.5816],[1.7793,46.5817],[1.7797,46.5831]]}},{"type":"Feature","properties":{"name":"La Bouzanne"},"geometry":{"type":"LineString","coordinates":[[1.7587,46.5414],[1.7588,46.5414]]}},{"type":"Feature","properties":{"name":"La Bouzanne"},"geometry":{"type":"LineString","coordinates":[[1.7588,46.5414],[1.7592,46.5422],[1.7562,46.5471],[1.7615,46.5530],[1.7614,46.5553],[1.7634,46.5576],[1.7627,46.5644],[1.7637,46.5701],[1.7645,46.5703],[1.7647,46.5718],[1.7684,46.5735],[1.7695,46.5754]]}},{"type":"Feature","properties":{"name":"La Bouzanne"},"geometry":{"type":"LineString","coordinates":[[1.7893,46.4875],[1.7893,46.4876]]}},{"type":"Feature","properties":{"name":"La Bouzanne"},"geometry":{"type":"LineString","coordinates":[[1.7893,46.4876],[1.7813,46.4922],[1.7751,46.4934],[1.7732,46.4948],[1.7720,46.4969],[1.7720,46.4994],[1.7708,46.5009],[1.7718,46.5026],[1.7705,46.5051],[1.7704,46.5077],[1.7684,46.5105],[1.7691,46.5133],[1.7642,46.5164],[1.7629,46.5194],[1.7606,46.5207],[1.7592,46.5245]]}},{"type":"Feature","properties":{"name":"La Bouzanne"},"geometry":{"type":"LineString","coordinates":[[1.7592,46.5245],[1.7592,46.5246]]}},{"type":"Feature","properties":{"name":"La Bouzanne"},"geometry":{"type":"LineString","coordinates":[[1.7592,46.5246],[1.7612,46.5276],[1.7604,46.5286],[1.7610,46.5311],[1.7568,46.5377],[1.7575,46.5391],[1.7561,46.5400],[1.7587,46.5414]]}},{"type":"Feature","properties":{"name":"La Bouzanne"},"geometry":{"type":"LineString","coordinates":[[1.7797,46.5831],[1.7798,46.5831]]}},{"type":"Feature","properties":{"name":"La Bouzanne"},"geometry":{"type":"LineString","coordinates":[[1.7798,46.5831],[1.7905,46.5898],[1.7952,46.5902]]}},{"type":"Feature","properties":{"name":"La Bouzanne"},"geometry":{"type":"LineString","coordinates":[[1.7952,46.5902],[1.7953,46.5903]]}},{"type":"Feature","properties":{"name":"La Bouzanne"},"geometry":{"type":"LineString","coordinates":[[1.7953,46.5903],[1.7981,46.5906],[1.8036,46.5942],[1.8132,46.5986],[1.8143,46.6013],[1.8162,46.6031],[1.8159,46.6038],[1.8179,46.6054],[1.8211,46.6054],[1.8221,46.6068],[1.8207,46.6070],[1.8195,46.6087],[1.8201,46.6154],[1.8180,46.6160],[1.8186,46.6170],[1.8167,46.6171],[1.8169,46.6194],[1.8150,46.6198],[1.8155,46.6212],[1.8144,46.6215],[1.8150,46.6219],[1.8143,46.6225],[1.8123,46.6221],[1.8120,46.6231],[1.8078,46.6237],[1.8065,46.6248],[1.8024,46.6249],[1.8021,46.6263],[1.7977,46.6253],[1.7944,46.6261],[1.7956,46.6289],[1.7981,46.6307],[1.7953,46.6330],[1.7953,46.6352],[1.7967,46.6366],[1.7957,46.6397],[1.7971,46.6399],[1.7968,46.6408],[1.7951,46.6414],[1.7958,46.6418],[1.7945,46.6422],[1.7950,46.6426],[1.7935,46.6442],[1.7908,46.6443],[1.7915,46.6447],[1.7904,46.6467],[1.7869,46.6501],[1.7858,46.6497],[1.7840,46.6511]]}},{"type":"Feature","properties":{"name":"La Bouzanne"},"geometry":{"type":"LineString","coordinates":[[1.6350,46.6768],[1.6340,46.6767],[1.6349,46.6762]]}},{"type":"Feature","properties":{"name":"La Bouzanne"},"geometry":{"type":"LineString","coordinates":[[1.6392,46.6793],[1.6382,46.6775]]}},{"type":"Feature","properties":{"name":"La Bouzanne"},"geometry":{"type":"LineString","coordinates":[[1.6285,46.6690],[1.6284,46.6669],[1.6269,46.6661]]}},{"type":"Feature","properties":{"name":"La Bouzanne"},"geometry":{"type":"LineString","coordinates":[[1.6269,46.6661],[1.6213,46.6615],[1.6210,46.6528],[1.6185,46.6517],[1.6116,46.6546],[1.6086,46.6541],[1.6067,46.6468],[1.5995,46.6451],[1.5968,46.6433],[1.5980,46.6380],[1.5934,46.6375],[1.5872,46.6402],[1.5857,46.6391],[1.5844,46.6340],[1.5833,46.6339],[1.5802,46.6366],[1.5774,46.6374],[1.5753,46.6331],[1.5789,46.6304],[1.5776,46.6287],[1.5741,46.6288],[1.5620,46.6324],[1.5517,46.6301],[1.5478,46.6307],[1.5468,46.6299],[1.5478,46.6290],[1.5454,46.6272],[1.5404,46.6261],[1.5390,46.6277],[1.5383,46.6315],[1.5371,46.6319],[1.5363,46.6300],[1.5339,46.6296],[1.5350,46.6267],[1.5324,46.6259],[1.5282,46.6279],[1.5281,46.6301],[1.5267,46.6301],[1.5271,46.6316],[1.5244,46.6328],[1.5233,46.6326],[1.5214,46.6271],[1.5168,46.6282],[1.5140,46.6336],[1.5116,46.6344],[1.5085,46.6330],[1.5082,46.6316],[1.5048,46.6295],[1.5048,46.6271],[1.5028,46.6249],[1.4989,46.6256],[1.4895,46.6297],[1.4852,46.6303],[1.4782,46.6290],[1.4724,46.6315],[1.4626,46.6282],[1.4641,46.6257]]}},{"type":"Feature","properties":{"name":"La Bouzanne"},"geometry":{"type":"LineString","coordinates":[[1.6285,46.6690],[1.6270,46.6677],[1.6269,46.6661]]}},{"type":"Feature","properties":{"name":"La Bouzanne"},"geometry":{"type":"LineString","coordinates":[[1.7304,46.7033],[1.7293,46.7039],[1.7299,46.7041]]}},{"type":"Feature","properties":{"name":"La Bouzanne"},"geometry":{"type":"LineString","coordinates":[[1.6410,46.6925],[1.6397,46.6915]]}},{"type":"Feature","properties":{"name":"La Bouzanne"},"geometry":{"type":"LineString","coordinates":[[1.6397,46.6915],[1.6398,46.6894],[1.6382,46.6885],[1.6385,46.6869],[1.6361,46.6852],[1.6379,46.6841],[1.6359,46.6829],[1.6388,46.6808],[1.6393,46.6773],[1.6366,46.6783],[1.6339,46.6743],[1.6320,46.6739],[1.6299,46.6693],[1.6285,46.6690]]}},{"type":"Feature","properties":{"name":"L\u0027Yèvre"},"geometry":{"type":"LineString","coordinates":[[2.0697,47.2210],[2.0696,47.2210]]}},{"type":"Feature","properties":{"name":"L\u0027Yèvre"},"geometry":{"type":"LineString","coordinates":[[2.0696,47.2212],[2.0692,47.2213]]}},{"type":"Feature","properties":{"name":"L\u0027Yèvre"},"geometry":{"type":"LineString","coordinates":[[2.0699,47.2210],[2.0696,47.2212]]}},{"type":"Feature","properties":{"name":"L\u0027Yèvre"},"geometry":{"type":"LineString","coordinates":[[2.0692,47.2213],[2.0687,47.2212]]}},{"type":"Feature","properties":{"name":"L\u0027Yèvre"},"geometry":{"type":"LineString","coordinates":[[2.0696,47.2210],[2.0687,47.2212]]}},{"type":"Feature","properties":{"name":"L\u0027Yèvre"},"geometry":{"type":"LineString","coordinates":[[2.0727,47.2208],[2.0712,47.2202]]}},{"type":"Feature","properties":{"name":"L\u0027Yèvre"},"geometry":{"type":"LineString","coordinates":[[2.0484,47.2244],[2.0467,47.2217],[2.0506,47.2196],[2.0475,47.2190],[2.0457,47.2198],[2.0450,47.2189]]}},{"type":"Feature","properties":{"name":"L\u0027Yèvre"},"geometry":{"type":"LineString","coordinates":[[2.0487,47.2192],[2.0485,47.2193]]}},{"type":"Feature","properties":{"name":"L\u0027Yèvre"},"geometry":{"type":"LineString","coordinates":[[2.0441,47.2194],[2.0375,47.2195],[2.0352,47.2215],[2.0333,47.2214],[2.0300,47.2232],[2.0239,47.2226],[2.0206,47.2195]]}},{"type":"Feature","properties":{"name":"L\u0027Yèvre"},"geometry":{"type":"LineString","coordinates":[[2.0457,47.2179],[2.0457,47.2177]]}},{"type":"Feature","properties":{"name":"L\u0027Yèvre"},"geometry":{"type":"LineString","coordinates":[[2.0457,47.2177],[2.0456,47.2173]]}},{"type":"Feature","properties":{"name":"L\u0027Yèvre"},"geometry":{"type":"LineString","coordinates":[[2.1670,47.1911],[2.1664,47.1923],[2.1632,47.1926],[2.1621,47.1931],[2.1625,47.1938],[2.1607,47.1940],[2.1617,47.1953],[2.1598,47.1965],[2.1588,47.1958],[2.1557,47.1971],[2.1542,47.1963],[2.1534,47.1970],[2.1548,47.1971],[2.1519,47.1971],[2.1475,47.2001],[2.1410,47.2005],[2.1407,47.2012],[2.1421,47.2024],[2.1396,47.2013],[2.1390,47.2025],[2.1401,47.2029],[2.1399,47.2036],[2.1387,47.2044],[2.1367,47.2038],[2.1338,47.2062],[2.1313,47.2053],[2.1299,47.2067],[2.1241,47.2062]]}},{"type":"Feature","properties":{"name":"L\u0027Yèvre"},"geometry":{"type":"LineString","coordinates":[[2.1105,47.2121],[2.1077,47.2143]]}},{"type":"Feature","properties":{"name":"L\u0027Yèvre"},"geometry":{"type":"LineString","coordinates":[[2.1101,47.2128],[2.1033,47.2162]]}},{"type":"Feature","properties":{"name":"L\u0027Yèvre"},"geometry":{"type":"LineString","coordinates":[[2.1016,47.2162],[2.0978,47.2161]]}},{"type":"Feature","properties":{"name":"L\u0027Yèvre"},"geometry":{"type":"LineString","coordinates":[[2.1030,47.2163],[2.0920,47.2186],[2.0899,47.2171]]}},{"type":"Feature","properties":{"name":"L\u0027Yèvre"},"geometry":{"type":"LineString","coordinates":[[2.1008,47.2157],[2.0997,47.2160]]}},{"type":"Feature","properties":{"name":"L\u0027Yèvre"},"geometry":{"type":"LineString","coordinates":[[2.1033,47.2162],[2.1030,47.2163]]}},{"type":"Feature","properties":{"name":"L\u0027Yèvre"},"geometry":{"type":"LineString","coordinates":[[2.1221,47.2079],[2.1206,47.2106],[2.1098,47.2124],[2.1028,47.2123],[2.1008,47.2131],[2.1007,47.2142],[2.0978,47.2161],[2.0901,47.2165],[2.0883,47.2180],[2.0872,47.2173],[2.0739,47.2209],[2.0697,47.2210]]}},{"type":"Feature","properties":{"name":"L\u0027Yèvre"},"geometry":{"type":"LineString","coordinates":[[2.1241,47.2062],[2.1224,47.2068],[2.1221,47.2079]]}},{"type":"Feature","properties":{"name":"L\u0027Yèvre"},"geometry":{"type":"LineString","coordinates":[[2.2369,47.1239],[2.2362,47.1258],[2.2354,47.1252],[2.2347,47.1262],[2.2333,47.1261],[2.2305,47.1290],[2.2265,47.1297],[2.2240,47.1313]]}},{"type":"Feature","properties":{"name":"L\u0027Yèvre"},"geometry":{"type":"LineString","coordinates":[[2.1848,47.1674],[2.1824,47.1688],[2.1825,47.1701]]}},{"type":"Feature","properties":{"name":"L\u0027Yèvre"},"geometry":{"type":"LineString","coordinates":[[2.2161,47.1408],[2.2148,47.1423]]}},{"type":"Feature","properties":{"name":"L\u0027Yèvre"},"geometry":{"type":"LineString","coordinates":[[2.2006,47.1577],[2.1944,47.1601]]}},{"type":"Feature","properties":{"name":"L\u0027Yèvre"},"geometry":{"type":"LineString","coordinates":[[2.1800,47.1729],[2.1788,47.1750]]}},{"type":"Feature","properties":{"name":"L\u0027Yèvre"},"geometry":{"type":"LineString","coordinates":[[2.2149,47.1415],[2.2122,47.1434]]}},{"type":"Feature","properties":{"name":"L\u0027Yèvre"},"geometry":{"type":"LineString","coordinates":[[2.1944,47.1601],[2.1908,47.1614],[2.1899,47.1634],[2.1875,47.1641],[2.1870,47.1656],[2.1800,47.1729]]}},{"type":"Feature","properties":{"name":"L\u0027Yèvre"},"geometry":{"type":"LineString","coordinates":[[2.1834,47.1687],[2.1825,47.1696]]}},{"type":"Feature","properties":{"name":"L\u0027Yèvre"},"geometry":{"type":"LineString","coordinates":[[2.1788,47.1750],[2.1789,47.1757]]}},{"type":"Feature","properties":{"name":"L\u0027Yèvre"},"geometry":{"type":"LineString","coordinates":[[2.2240,47.1313],[2.2194,47.1333],[2.2165,47.1362],[2.2173,47.1380],[2.2161,47.1408],[2.2164,47.1422],[2.2133,47.1427],[2.2108,47.1442],[2.2083,47.1484],[2.2085,47.1514],[2.2070,47.1538],[2.2006,47.1577]]}},{"type":"Feature","properties":{"name":"L\u0027Yèvre"},"geometry":{"type":"LineString","coordinates":[[2.1822,47.1692],[2.1815,47.1709]]}},{"type":"Feature","properties":{"name":"L\u0027Yèvre"},"geometry":{"type":"LineString","coordinates":[[2.1775,47.1787],[2.1757,47.1800]]}},{"type":"Feature","properties":{"name":"L\u0027Yèvre"},"geometry":{"type":"LineString","coordinates":[[2.1757,47.1800],[2.1743,47.1816],[2.1749,47.1823],[2.1653,47.1891],[2.1657,47.1906],[2.1670,47.1911]]}},{"type":"Feature","properties":{"name":"L\u0027Yèvre"},"geometry":{"type":"LineString","coordinates":[[2.0450,47.2189],[2.0450,47.2187]]}},{"type":"Feature","properties":{"name":"L\u0027Yèvre"},"geometry":{"type":"LineString","coordinates":[[2.0450,47.2187],[2.0457,47.2179]]}},{"type":"Feature","properties":{"name":"L\u0027Yèvre"},"geometry":{"type":"LineString","coordinates":[[2.0687,47.2212],[2.0625,47.2191],[2.0560,47.2188]]}},{"type":"Feature","properties":{"name":"L\u0027Yèvre"},"geometry":{"type":"LineString","coordinates":[[2.2164,47.1422],[2.2145,47.1440]]}},{"type":"Feature","properties":{"name":"L\u0027Yèvre"},"geometry":{"type":"LineString","coordinates":[[2.2143,47.1442],[2.2118,47.1463]]}},{"type":"Feature","properties":{"name":"L\u0027Yèvre"},"geometry":{"type":"LineString","coordinates":[[2.2118,47.1463],[2.2107,47.1472],[2.2104,47.1497],[2.2084,47.1498]]}},{"type":"Feature","properties":{"name":"L\u0027Yèvre"},"geometry":{"type":"LineString","coordinates":[[2.2099,47.1464],[2.2107,47.1472]]}},{"type":"Feature","properties":{"name":"L\u0027Yèvre"},"geometry":{"type":"LineString","coordinates":[[2.2145,47.1440],[2.2143,47.1442]]}},{"type":"Feature","properties":{"name":"L\u0027Yèvre"},"geometry":{"type":"LineString","coordinates":[[2.1775,47.1787],[2.1769,47.1803],[2.1757,47.1800]]}},{"type":"Feature","properties":{"name":"L\u0027Yèvre"},"geometry":{"type":"LineString","coordinates":[[2.1789,47.1757],[2.1775,47.1787]]}},{"type":"Feature","properties":{"name":"L\u0027Yèvre"},"geometry":{"type":"LineString","coordinates":[[2.0448,47.2192],[2.0442,47.2193]]}},{"type":"Feature","properties":{"name":"L\u0027Yèvre"},"geometry":{"type":"LineString","coordinates":[[2.0442,47.2193],[2.0441,47.2194]]}},{"type":"Feature","properties":{"name":"L\u0027Yèvre"},"geometry":{"type":"LineString","coordinates":[[2.2139,47.1418],[2.2129,47.1416]]}},{"type":"Feature","properties":{"name":"L\u0027Yèvre"},"geometry":{"type":"LineString","coordinates":[[2.2148,47.1423],[2.2134,47.1421]]}},{"type":"Feature","properties":{"name":"L\u0027Yèvre"},"geometry":{"type":"LineString","coordinates":[[2.2114,47.1425],[2.2130,47.1418]]}},{"type":"Feature","properties":{"name":"L\u0027Yèvre"},"geometry":{"type":"LineString","coordinates":[[2.2162,47.1405],[2.2154,47.1410]]}},{"type":"Feature","properties":{"name":"L\u0027Yèvre"},"geometry":{"type":"LineString","coordinates":[[2.2153,47.1406],[2.2156,47.1407]]}},{"type":"Feature","properties":{"name":"Le Salleron"},"geometry":{"type":"LineString","coordinates":[[0.9772,46.5619],[0.9828,46.5643],[0.9833,46.5669],[0.9856,46.5699],[0.9819,46.5732],[0.9846,46.5759],[0.9838,46.5774],[0.9849,46.5814],[0.9842,46.5825],[0.9809,46.5839],[0.9808,46.5899],[0.9749,46.5922],[0.9736,46.5953],[0.9745,46.5957],[0.9737,46.5962]]}},{"type":"Feature","properties":{"name":"Le Salleron"},"geometry":{"type":"LineString","coordinates":[[0.9763,46.5614],[0.9772,46.5619]]}},{"type":"Feature","properties":{"name":"Le Salleron"},"geometry":{"type":"LineString","coordinates":[[0.9761,46.5612],[0.9763,46.5614]]}},{"type":"Feature","properties":{"name":"Le Salleron"},"geometry":{"type":"LineString","coordinates":[[0.9781,46.5154],[0.9764,46.5157],[0.9745,46.5193],[0.9779,46.5228],[0.9774,46.5253],[0.9698,46.5278],[0.9733,46.5374],[0.9695,46.5398],[0.9692,46.5410],[0.9735,46.5464],[0.9713,46.5491],[0.9719,46.5509],[0.9706,46.5513],[0.9740,46.5531],[0.9761,46.5612]]}},{"type":"Feature","properties":{"name":"Le Salleron"},"geometry":{"type":"LineString","coordinates":[[0.9983,46.4861],[0.9945,46.4846],[0.9926,46.4862],[0.9922,46.4890],[0.9886,46.4899],[0.9876,46.4911],[0.9888,46.4934],[0.9909,46.4948],[0.9907,46.4963],[0.9860,46.4991],[0.9862,46.5007],[0.9885,46.5034],[0.9881,46.5068],[0.9867,46.5085],[0.9829,46.5093],[0.9849,46.5138],[0.9843,46.5153],[0.9819,46.5160],[0.9781,46.5154]]}},{"type":"Feature","properties":{"name":"Le Salleron"},"geometry":{"type":"LineString","coordinates":[[1.0112,46.4511],[1.0126,46.4526],[1.0123,46.4544],[1.0152,46.4569],[1.0130,46.4592],[1.0136,46.4604],[1.0123,46.4617],[1.0144,46.4669],[1.0129,46.4678],[1.0096,46.4675],[1.0093,46.4686],[1.0078,46.4687],[1.0083,46.4701],[1.0064,46.4726],[1.0072,46.4736],[1.0062,46.4773],[1.0070,46.4775],[1.0047,46.4799],[1.0002,46.4803],[0.9996,46.4823],[1.0019,46.4844],[0.9983,46.4861]]}},{"type":"Feature","properties":{"name":"Le Salleron"},"geometry":{"type":"LineString","coordinates":[[0.9737,46.5960],[0.9730,46.5964]]}},{"type":"Feature","properties":{"name":"La Croisne"},"geometry":{"type":"LineString","coordinates":[[1.6003,47.3312],[1.6007,47.3263],[1.6039,47.3240],[1.6058,47.3173],[1.6026,47.3164],[1.5972,47.3109],[1.5910,47.3096],[1.5882,47.3100],[1.5790,47.3066],[1.5723,47.3058],[1.5671,47.3042],[1.5668,47.3026],[1.5654,47.3016],[1.5648,47.2984]]}},{"type":"Feature","properties":{"name":"Ruisseau du Liennet"},"geometry":{"type":"LineString","coordinates":[[1.9283,46.8223],[1.9332,46.8302],[1.9392,46.8351],[1.9401,46.8383],[1.9381,46.8406],[1.9487,46.8430],[1.9505,46.8444]]}},{"type":"Feature","properties":{"name":"Ruisseau du Liennet"},"geometry":{"type":"LineString","coordinates":[[1.9283,46.8223],[1.9283,46.8223]]}},{"type":"Feature","properties":{"name":"Ruisseau du Liennet"},"geometry":{"type":"LineString","coordinates":[[1.9311,46.8092],[1.9312,46.8104],[1.9269,46.8136],[1.9274,46.8215],[1.9283,46.8223]]}},{"type":"Feature","properties":{"name":"La Brézentine"},"geometry":{"type":"LineString","coordinates":[[1.6350,46.2964],[1.6356,46.2987],[1.6372,46.3002],[1.6350,46.3013],[1.6344,46.3044],[1.6359,46.3081],[1.6341,46.3093],[1.6335,46.3135],[1.6307,46.3143],[1.6291,46.3170],[1.6295,46.3185],[1.6315,46.3191],[1.6315,46.3204],[1.6327,46.3210],[1.6320,46.3220],[1.6331,46.3237],[1.6316,46.3250],[1.6327,46.3255],[1.6284,46.3263],[1.6286,46.3275],[1.6276,46.3279],[1.6282,46.3284],[1.6255,46.3303],[1.6259,46.3320],[1.6243,46.3327]]}},{"type":"Feature","properties":{"name":"La Brézentine"},"geometry":{"type":"LineString","coordinates":[[1.6236,46.3337],[1.6225,46.3343],[1.6228,46.3352],[1.6206,46.3362],[1.6206,46.3380],[1.6191,46.3391],[1.6193,46.3404],[1.6151,46.3426],[1.6167,46.3442],[1.6158,46.3452],[1.6130,46.3436],[1.6094,46.3445],[1.6087,46.3449],[1.6095,46.3454],[1.6086,46.3481],[1.6059,46.3475],[1.6048,46.3463],[1.5955,46.3469]]}},{"type":"Feature","properties":{"name":"La Brézentine"},"geometry":{"type":"LineString","coordinates":[[1.6243,46.3327],[1.6236,46.3337]]}},{"type":"Feature","properties":{"name":"L\u0027Asse"},"geometry":{"type":"LineString","coordinates":[[1.1299,46.3554],[1.1294,46.3574],[1.1303,46.3602],[1.1279,46.3606],[1.1288,46.3629],[1.1264,46.3647],[1.1253,46.3677],[1.1212,46.3667],[1.1170,46.3685],[1.1145,46.3682],[1.1138,46.3699],[1.1110,46.3695],[1.1069,46.3731],[1.1073,46.3772],[1.1048,46.3759],[1.1030,46.3761],[1.1049,46.3807],[1.1039,46.3829],[1.0997,46.3837],[1.0937,46.3872],[1.0950,46.3897],[1.0921,46.3926],[1.0920,46.3949],[1.0937,46.3957],[1.0930,46.3970],[1.0893,46.3967],[1.0883,46.3952],[1.0899,46.3938],[1.0901,46.3923],[1.0888,46.3907],[1.0866,46.3910],[1.0844,46.3952],[1.0912,46.4009],[1.0824,46.4051],[1.0820,46.4084],[1.0859,46.4138],[1.0847,46.4157]]}},{"type":"Feature","properties":{"name":"L\u0027Asse"},"geometry":{"type":"LineString","coordinates":[[1.1882,46.3337],[1.1844,46.3357],[1.1835,46.3372],[1.1820,46.3356],[1.1794,46.3369],[1.1755,46.3410],[1.1700,46.3385],[1.1672,46.3397],[1.1595,46.3362],[1.1584,46.3374],[1.1572,46.3367],[1.1555,46.3374],[1.1527,46.3348],[1.1487,46.3362],[1.1486,46.3371]]}},{"type":"Feature","properties":{"name":"L\u0027Asse"},"geometry":{"type":"LineString","coordinates":[[1.1486,46.3371],[1.1495,46.3393],[1.1505,46.3393],[1.1497,46.3402],[1.1452,46.3396],[1.1433,46.3406],[1.1420,46.3383],[1.1404,46.3382]]}},{"type":"Feature","properties":{"name":"L\u0027Asse"},"geometry":{"type":"LineString","coordinates":[[1.0847,46.4157],[1.0875,46.4204],[1.0867,46.4232],[1.0836,46.4254],[1.0843,46.4283],[1.0802,46.4279],[1.0723,46.4295],[1.0709,46.4304],[1.0709,46.4325]]}},{"type":"Feature","properties":{"name":"L\u0027Asse"},"geometry":{"type":"LineString","coordinates":[[1.1404,46.3382],[1.1396,46.3400],[1.1360,46.3420],[1.1369,46.3440],[1.1334,46.3438],[1.1281,46.3454],[1.1289,46.3469],[1.1309,46.3479],[1.1290,46.3506],[1.1301,46.3530],[1.1299,46.3554]]}},{"type":"Feature","properties":{"name":"L\u0027Asse"},"geometry":{"type":"LineString","coordinates":[[1.1996,46.3158],[1.1977,46.3183],[1.1965,46.3181],[1.1964,46.3191],[1.1943,46.3201],[1.1915,46.3262],[1.1930,46.3266],[1.1926,46.3292],[1.1901,46.3301],[1.1898,46.3323],[1.1882,46.3337]]}},{"type":"Feature","properties":{"name":"Le Narablon"},"geometry":{"type":"LineString","coordinates":[[1.0358,46.4376],[1.0381,46.4412],[1.0375,46.4432],[1.0396,46.4451],[1.0395,46.4469],[1.0441,46.4521],[1.0447,46.4539],[1.0438,46.4546],[1.0468,46.4568],[1.0467,46.4589],[1.0500,46.4616],[1.0502,46.4630]]}},{"type":"Feature","properties":{"name":"La Sédelle"},"geometry":{"type":"LineString","coordinates":[[1.4882,46.2640],[1.4876,46.2667],[1.4901,46.2686],[1.4882,46.2694],[1.4886,46.2709],[1.4921,46.2721],[1.4905,46.2733],[1.4911,46.2771],[1.4952,46.2779],[1.5009,46.2771],[1.5019,46.2785],[1.5093,46.2808],[1.5183,46.2794],[1.5201,46.2783],[1.5222,46.2784],[1.5226,46.2794],[1.5283,46.2776],[1.5314,46.2787],[1.5339,46.2782],[1.5378,46.2792],[1.5382,46.2803],[1.5401,46.2799],[1.5412,46.2809],[1.5433,46.2809],[1.5435,46.2821],[1.5452,46.2830],[1.5488,46.2830],[1.5492,46.2845],[1.5563,46.2860],[1.5570,46.2870],[1.5556,46.2875],[1.5593,46.2898],[1.5618,46.2902],[1.5657,46.2932],[1.5657,46.2942],[1.5679,46.2940],[1.5694,46.2961],[1.5709,46.2960],[1.5743,46.2980],[1.5798,46.2993],[1.5809,46.3012],[1.5848,46.3015],[1.5861,46.3024],[1.5878,46.3057],[1.5891,46.3060],[1.5883,46.3065],[1.5886,46.3075],[1.5924,46.3106],[1.5918,46.3134],[1.5932,46.3142],[1.5922,46.3145],[1.5925,46.3160],[1.5918,46.3161],[1.5934,46.3166],[1.5934,46.3174],[1.5953,46.3174],[1.5952,46.3190]]}},{"type":"Feature","properties":{"name":"La Sédelle"},"geometry":{"type":"LineString","coordinates":[[1.5952,46.3190],[1.5963,46.3195],[1.5953,46.3199],[1.5960,46.3220],[1.5942,46.3225],[1.5946,46.3231],[1.5935,46.3243],[1.5946,46.3253],[1.5942,46.3266],[1.5933,46.3280],[1.5904,46.3291],[1.5901,46.3319],[1.5888,46.3314],[1.5879,46.3336],[1.5907,46.3367],[1.5917,46.3405],[1.5948,46.3433],[1.5941,46.3454],[1.5974,46.3493],[1.5944,46.3503],[1.5925,46.3498],[1.5923,46.3474],[1.5888,46.3487],[1.5899,46.3521],[1.5914,46.3531],[1.5907,46.3539],[1.5909,46.3574],[1.5958,46.3577],[1.5942,46.3608],[1.5969,46.3619],[1.5946,46.3628],[1.5950,46.3638],[1.5963,46.3650],[1.5975,46.3640],[1.6006,46.3648],[1.6026,46.3692],[1.6064,46.3730],[1.6058,46.3747],[1.6115,46.3777],[1.6125,46.3828],[1.6148,46.3850],[1.6138,46.3867],[1.6170,46.3881],[1.6182,46.3897],[1.6181,46.3929],[1.6193,46.3941],[1.6183,46.3959],[1.6188,46.3985]]}},{"type":"Feature","properties":{"name":"La Fausse Rivière"},"geometry":{"type":"LineString","coordinates":[[2.1843,46.7676],[2.1834,46.7677],[2.1844,46.7683],[2.1835,46.7700],[2.1855,46.7716],[2.1851,46.7751],[2.1879,46.7775],[2.1895,46.7774],[2.1900,46.7786],[2.1880,46.7804]]}},{"type":"Feature","properties":{"name":"La Fausse Rivière"},"geometry":{"type":"LineString","coordinates":[[2.1820,46.7436],[2.1818,46.7452],[2.1833,46.7480],[2.1848,46.7489],[2.1842,46.7505],[2.1823,46.7512],[2.1828,46.7528],[2.1795,46.7549],[2.1827,46.7573],[2.1843,46.7676]]}},{"type":"Feature","properties":{"name":"Ruisseau de la Vignole"},"geometry":{"type":"LineString","coordinates":[[1.9770,46.9453],[1.9781,46.9463]]}},{"type":"Feature","properties":{"name":"Ruisseau de la Vignole"},"geometry":{"type":"LineString","coordinates":[[1.9769,46.9452],[1.9770,46.9453]]}},{"type":"Feature","properties":{"name":"Ruisseau de la Vignole"},"geometry":{"type":"LineString","coordinates":[[1.9781,46.9463],[1.9782,46.9462]]}},{"type":"Feature","properties":{"name":"Ruisseau de la Vignole"},"geometry":{"type":"LineString","coordinates":[[1.9782,46.9462],[1.9806,46.9472],[1.9817,46.9488],[1.9846,46.9488]]}},{"type":"Feature","properties":{"name":"Ruisseau de la Vignole"},"geometry":{"type":"LineString","coordinates":[[1.9741,46.9444],[1.9760,46.9448]]}},{"type":"Feature","properties":{"name":"Ruisseau de la Vignole"},"geometry":{"type":"LineString","coordinates":[[1.9739,46.9440],[1.9741,46.9444]]}},{"type":"Feature","properties":{"name":"Ruisseau de la Vignole"},"geometry":{"type":"LineString","coordinates":[[1.9760,46.9448],[1.9769,46.9452]]}},{"type":"Feature","properties":{"name":"Ruisseau de la Vignole"},"geometry":{"type":"LineString","coordinates":[[1.9717,46.9364],[1.9703,46.9397],[1.9721,46.9408],[1.9739,46.9440]]}},{"type":"Feature","properties":{"name":"Ruisseau de la Vignole"},"geometry":{"type":"LineString","coordinates":[[1.9718,46.9362],[1.9717,46.9364]]}},{"type":"Feature","properties":{"name":"Ruisseau de la Vignole"},"geometry":{"type":"LineString","coordinates":[[1.9368,46.9137],[1.9432,46.9146],[1.9472,46.9175],[1.9479,46.9196],[1.9572,46.9245],[1.9619,46.9307],[1.9718,46.9362]]}},{"type":"Feature","properties":{"name":"L\u0027Indrois"},"geometry":{"type":"LineString","coordinates":[[1.2698,47.0486],[1.2692,47.0491]]}},{"type":"Feature","properties":{"name":"L\u0027Indrois"},"geometry":{"type":"LineString","coordinates":[[1.2776,47.0403],[1.2744,47.0459]]}},{"type":"Feature","properties":{"name":"L\u0027Indrois"},"geometry":{"type":"LineString","coordinates":[[1.2493,47.0543],[1.2485,47.0555]]}},{"type":"Feature","properties":{"name":"L\u0027Indrois"},"geometry":{"type":"LineString","coordinates":[[1.2692,47.0491],[1.2691,47.0492]]}},{"type":"Feature","properties":{"name":"L\u0027Indrois"},"geometry":{"type":"LineString","coordinates":[[1.2691,47.0492],[1.2668,47.0494]]}},{"type":"Feature","properties":{"name":"L\u0027Indrois"},"geometry":{"type":"LineString","coordinates":[[1.2512,47.0551],[1.2493,47.0543]]}},{"type":"Feature","properties":{"name":"L\u0027Indrois"},"geometry":{"type":"LineString","coordinates":[[1.2668,47.0494],[1.2668,47.0494]]}},{"type":"Feature","properties":{"name":"L\u0027Indrois"},"geometry":{"type":"LineString","coordinates":[[1.2668,47.0494],[1.2667,47.0499]]}},{"type":"Feature","properties":{"name":"L\u0027Indrois"},"geometry":{"type":"LineString","coordinates":[[0.9741,47.2086],[0.9690,47.2067],[0.9632,47.2077],[0.9593,47.2099]]}},{"type":"Feature","properties":{"name":"L\u0027Indrois"},"geometry":{"type":"LineString","coordinates":[[0.9593,47.2099],[0.9524,47.2106]]}},{"type":"Feature","properties":{"name":"L\u0027Indrois"},"geometry":{"type":"LineString","coordinates":[[0.9730,47.2084],[0.9706,47.2083],[0.9691,47.2099]]}},{"type":"Feature","properties":{"name":"L\u0027Indrois"},"geometry":{"type":"LineString","coordinates":[[0.9830,47.2116],[0.9750,47.2099],[0.9691,47.2099]]}},{"type":"Feature","properties":{"name":"L\u0027Indrois"},"geometry":{"type":"LineString","coordinates":[[1.2485,47.0555],[1.2432,47.0586],[1.2437,47.0596],[1.2399,47.0617],[1.2387,47.0651],[1.2325,47.0687],[1.2322,47.0698]]}},{"type":"Feature","properties":{"name":"L\u0027Indrois"},"geometry":{"type":"LineString","coordinates":[[1.0586,47.2016],[1.0577,47.2017]]}},{"type":"Feature","properties":{"name":"L\u0027Indrois"},"geometry":{"type":"LineString","coordinates":[[1.1904,47.1550],[1.1904,47.1555]]}},{"type":"Feature","properties":{"name":"L\u0027Indrois"},"geometry":{"type":"LineString","coordinates":[[1.1873,47.1604],[1.1845,47.1603],[1.1815,47.1587],[1.1815,47.1577],[1.1799,47.1570],[1.1779,47.1575],[1.1761,47.1564],[1.1725,47.1580],[1.1697,47.1612]]}},{"type":"Feature","properties":{"name":"L\u0027Indrois"},"geometry":{"type":"LineString","coordinates":[[1.1697,47.1612],[1.1669,47.1635],[1.1645,47.1642]]}},{"type":"Feature","properties":{"name":"L\u0027Indrois"},"geometry":{"type":"LineString","coordinates":[[1.1314,47.1645],[1.1269,47.1653],[1.1234,47.1687],[1.1198,47.1698],[1.1138,47.1692],[1.1119,47.1634],[1.1087,47.1634],[1.1056,47.1650],[1.1100,47.1711],[1.1094,47.1751],[1.1102,47.1759],[1.1093,47.1778],[1.1060,47.1795],[1.0975,47.1796],[1.0863,47.1818],[1.0858,47.1830],[1.0867,47.1854],[1.0916,47.1891],[1.0910,47.1914]]}},{"type":"Feature","properties":{"name":"L\u0027Indrois"},"geometry":{"type":"LineString","coordinates":[[1.2207,47.1440],[1.2194,47.1448],[1.2146,47.1442],[1.2107,47.1460],[1.2050,47.1454],[1.2035,47.1479],[1.2036,47.1498],[1.2050,47.1514],[1.2037,47.1527],[1.2038,47.1540],[1.2004,47.1547],[1.1965,47.1530],[1.1915,47.1544],[1.1891,47.1577],[1.1895,47.1596],[1.1873,47.1604]]}},{"type":"Feature","properties":{"name":"L\u0027Indrois"},"geometry":{"type":"LineString","coordinates":[[1.2225,47.0847],[1.2188,47.0912]]}},{"type":"Feature","properties":{"name":"L\u0027Indrois"},"geometry":{"type":"LineString","coordinates":[[1.1645,47.1642],[1.1607,47.1617]]}},{"type":"Feature","properties":{"name":"L\u0027Indrois"},"geometry":{"type":"LineString","coordinates":[[1.2236,47.1377],[1.2209,47.1385],[1.2209,47.1405]]}},{"type":"Feature","properties":{"name":"L\u0027Indrois"},"geometry":{"type":"LineString","coordinates":[[1.0910,47.1914],[1.0885,47.1920],[1.0821,47.1913],[1.0804,47.1932],[1.0746,47.1953],[1.0672,47.1938],[1.0639,47.1941],[1.0612,47.1976],[1.0621,47.1991],[1.0603,47.1994],[1.0607,47.2004],[1.0592,47.2012],[1.0598,47.2017],[1.0586,47.2016]]}},{"type":"Feature","properties":{"name":"L\u0027Indrois"},"geometry":{"type":"LineString","coordinates":[[1.2192,47.0960],[1.2189,47.0977],[1.2202,47.0983],[1.2203,47.1005],[1.2238,47.1027]]}},{"type":"Feature","properties":{"name":"L\u0027Indrois"},"geometry":{"type":"LineString","coordinates":[[1.0017,47.1986],[0.9961,47.2025],[0.9948,47.2055],[0.9955,47.2071],[0.9935,47.2113],[0.9899,47.2121]]}},{"type":"Feature","properties":{"name":"L\u0027Indrois"},"geometry":{"type":"LineString","coordinates":[[1.1378,47.1662],[1.1328,47.1641]]}},{"type":"Feature","properties":{"name":"L\u0027Indrois"},"geometry":{"type":"LineString","coordinates":[[1.0586,47.2016],[1.0577,47.2017]]}},{"type":"Feature","properties":{"name":"L\u0027Indrois"},"geometry":{"type":"LineString","coordinates":[[1.0323,47.1973],[1.0314,47.1984],[1.0323,47.1991],[1.0297,47.2008],[1.0299,47.2016],[1.0262,47.2025],[1.0235,47.2026],[1.0184,47.2001]]}},{"type":"Feature","properties":{"name":"L\u0027Indrois"},"geometry":{"type":"LineString","coordinates":[[1.2667,47.0499],[1.2646,47.0501],[1.2639,47.0515],[1.2603,47.0522]]}},{"type":"Feature","properties":{"name":"L\u0027Indrois"},"geometry":{"type":"LineString","coordinates":[[1.2603,47.0522],[1.2512,47.0551]]}},{"type":"Feature","properties":{"name":"L\u0027Indrois"},"geometry":{"type":"LineString","coordinates":[[1.0577,47.2017],[1.0548,47.2036],[1.0508,47.2010],[1.0510,47.1949],[1.0473,47.1914],[1.0420,47.1922],[1.0343,47.1960]]}},{"type":"Feature","properties":{"name":"L\u0027Indrois"},"geometry":{"type":"LineString","coordinates":[[1.2225,47.0847],[1.2229,47.0863],[1.2219,47.0867],[1.2203,47.0921]]}},{"type":"Feature","properties":{"name":"L\u0027Indrois"},"geometry":{"type":"LineString","coordinates":[[1.1607,47.1617],[1.1557,47.1575],[1.1483,47.1575],[1.1466,47.1611],[1.1483,47.1624],[1.1466,47.1643],[1.1478,47.1680],[1.1462,47.1703],[1.1416,47.1704],[1.1378,47.1662]]}},{"type":"Feature","properties":{"name":"L\u0027Indrois"},"geometry":{"type":"LineString","coordinates":[[0.9936,47.2105],[0.9922,47.2100]]}},{"type":"Feature","properties":{"name":"L\u0027Indrois"},"geometry":{"type":"LineString","coordinates":[[0.9691,47.2099],[0.9613,47.2108],[0.9592,47.2100]]}},{"type":"Feature","properties":{"name":"L\u0027Indrois"},"geometry":{"type":"LineString","coordinates":[[1.2203,47.0921],[1.2192,47.0960]]}},{"type":"Feature","properties":{"name":"L\u0027Indrois"},"geometry":{"type":"LineString","coordinates":[[1.0184,47.2001],[1.0138,47.1995]]}},{"type":"Feature","properties":{"name":"L\u0027Indrois"},"geometry":{"type":"LineString","coordinates":[[0.9804,47.2100],[0.9803,47.2100]]}},{"type":"Feature","properties":{"name":"L\u0027Indrois"},"geometry":{"type":"LineString","coordinates":[[1.0343,47.1960],[1.0323,47.1973]]}},{"type":"Feature","properties":{"name":"L\u0027Indrois"},"geometry":{"type":"LineString","coordinates":[[0.9524,47.2106],[0.9465,47.2104]]}},{"type":"Feature","properties":{"name":"L\u0027Indrois"},"geometry":{"type":"LineString","coordinates":[[1.0504,47.1987],[1.0515,47.1983]]}},{"type":"Feature","properties":{"name":"L\u0027Indrois"},"geometry":{"type":"LineString","coordinates":[[1.3053,47.0177],[1.3030,47.0195],[1.3030,47.0212],[1.2979,47.0209],[1.2938,47.0223],[1.2920,47.0256],[1.2877,47.0296],[1.2873,47.0332],[1.2851,47.0353]]}},{"type":"Feature","properties":{"name":"L\u0027Indrois"},"geometry":{"type":"LineString","coordinates":[[1.0343,47.1960],[1.0323,47.1973]]}},{"type":"Feature","properties":{"name":"L\u0027Indrois"},"geometry":{"type":"LineString","coordinates":[[1.0505,47.1998],[1.0518,47.1987],[1.0515,47.1976],[1.0534,47.1948],[1.0523,47.1942],[1.0529,47.1928],[1.0508,47.1911],[1.0473,47.1914]]}},{"type":"Feature","properties":{"name":"L\u0027Indrois"},"geometry":{"type":"LineString","coordinates":[[1.2322,47.0698],[1.2322,47.0726],[1.2306,47.0744],[1.2317,47.0749],[1.2317,47.0760],[1.2305,47.0774],[1.2322,47.0786],[1.2298,47.0809],[1.2274,47.0812],[1.2249,47.0833],[1.2238,47.0831],[1.2240,47.0844],[1.2225,47.0847]]}},{"type":"Feature","properties":{"name":"L\u0027Indrois"},"geometry":{"type":"LineString","coordinates":[[0.9899,47.2121],[0.9893,47.2112]]}},{"type":"Feature","properties":{"name":"L\u0027Indrois"},"geometry":{"type":"LineString","coordinates":[[0.9893,47.2112],[0.9849,47.2107],[0.9813,47.2087],[0.9763,47.2084]]}},{"type":"Feature","properties":{"name":"L\u0027Indrois"},"geometry":{"type":"LineString","coordinates":[[0.9830,47.2116],[0.9804,47.2100]]}},{"type":"Feature","properties":{"name":"L\u0027Indrois"},"geometry":{"type":"LineString","coordinates":[[1.2903,47.0273],[1.2877,47.0282],[1.2877,47.0296]]}},{"type":"Feature","properties":{"name":"L\u0027Indrois"},"geometry":{"type":"LineString","coordinates":[[0.9899,47.2121],[0.9880,47.2123]]}},{"type":"Feature","properties":{"name":"L\u0027Indrois"},"geometry":{"type":"LineString","coordinates":[[0.9933,47.2093],[0.9937,47.2095]]}},{"type":"Feature","properties":{"name":"L\u0027Indrois"},"geometry":{"type":"LineString","coordinates":[[0.9763,47.2084],[0.9741,47.2086]]}},{"type":"Feature","properties":{"name":"L\u0027Indrois"},"geometry":{"type":"LineString","coordinates":[[0.9949,47.2089],[0.9936,47.2103]]}},{"type":"Feature","properties":{"name":"L\u0027Indrois"},"geometry":{"type":"LineString","coordinates":[[0.9804,47.2100],[0.9802,47.2086]]}},{"type":"Feature","properties":{"name":"L\u0027Indrois"},"geometry":{"type":"LineString","coordinates":[[1.0140,47.1995],[1.0088,47.2000],[1.0061,47.1988],[1.0017,47.1986]]}},{"type":"Feature","properties":{"name":"L\u0027Indrois"},"geometry":{"type":"LineString","coordinates":[[1.0499,47.1932],[1.0488,47.1924]]}},{"type":"Feature","properties":{"name":"L\u0027Indrois"},"geometry":{"type":"LineString","coordinates":[[1.1328,47.1641],[1.1314,47.1645]]}},{"type":"Feature","properties":{"name":"L\u0027Indrois"},"geometry":{"type":"LineString","coordinates":[[0.9951,47.2081],[0.9891,47.2112]]}},{"type":"Feature","properties":{"name":"L\u0027Indrois"},"geometry":{"type":"LineString","coordinates":[[0.9803,47.2100],[0.9778,47.2098],[0.9763,47.2084]]}},{"type":"Feature","properties":{"name":"L\u0027Indrois"},"geometry":{"type":"LineString","coordinates":[[1.0510,47.1979],[1.0514,47.1979]]}},{"type":"Feature","properties":{"name":"L\u0027Indrois"},"geometry":{"type":"LineString","coordinates":[[0.9909,47.2125],[0.9899,47.2121]]}},{"type":"Feature","properties":{"name":"L\u0027Indrois"},"geometry":{"type":"LineString","coordinates":[[1.1645,47.1642],[1.1613,47.1638],[1.1607,47.1617]]}},{"type":"Feature","properties":{"name":"L\u0027Indrois"},"geometry":{"type":"LineString","coordinates":[[1.2667,47.0499],[1.2642,47.0522],[1.2603,47.0522]]}},{"type":"Feature","properties":{"name":"L\u0027Indrois"},"geometry":{"type":"LineString","coordinates":[[1.0279,47.2018],[1.0249,47.2025],[1.0225,47.2017]]}},{"type":"Feature","properties":{"name":"L\u0027Indrois"},"geometry":{"type":"LineString","coordinates":[[1.2238,47.1027],[1.2241,47.1040]]}},{"type":"Feature","properties":{"name":"L\u0027Indrois"},"geometry":{"type":"LineString","coordinates":[[1.2238,47.1027],[1.2231,47.1035],[1.2241,47.1040]]}},{"type":"Feature","properties":{"name":"L\u0027Indrois"},"geometry":{"type":"LineString","coordinates":[[1.2241,47.1040],[1.2240,47.1077],[1.2263,47.1092],[1.2270,47.1116],[1.2317,47.1136],[1.2325,47.1190],[1.2345,47.1201],[1.2342,47.1217],[1.2314,47.1232],[1.2310,47.1261],[1.2295,47.1273],[1.2302,47.1297],[1.2284,47.1332],[1.2286,47.1347],[1.2213,47.1396],[1.2207,47.1440]]}},{"type":"Feature","properties":{"name":"L\u0027Indrois"},"geometry":{"type":"LineString","coordinates":[[1.2735,47.0461],[1.2698,47.0486]]}},{"type":"Feature","properties":{"name":"L\u0027Indrois"},"geometry":{"type":"LineString","coordinates":[[1.2744,47.0459],[1.2735,47.0461]]}},{"type":"Feature","properties":{"name":"L\u0027Indrois"},"geometry":{"type":"LineString","coordinates":[[1.3078,47.0159],[1.3053,47.0177]]}},{"type":"Feature","properties":{"name":"L\u0027Indrois"},"geometry":{"type":"LineString","coordinates":[[0.9880,47.2123],[0.9876,47.2122]]}},{"type":"Feature","properties":{"name":"L\u0027Indrois"},"geometry":{"type":"LineString","coordinates":[[0.9876,47.2122],[0.9830,47.2116]]}},{"type":"Feature","properties":{"name":"L\u0027Indrois"},"geometry":{"type":"LineString","coordinates":[[1.2188,47.0913],[1.2203,47.0921]]}},{"type":"Feature","properties":{"name":"L\u0027Indrois"},"geometry":{"type":"LineString","coordinates":[[1.2188,47.0912],[1.2188,47.0913]]}},{"type":"Feature","properties":{"name":"L\u0027Indrois"},"geometry":{"type":"LineString","coordinates":[[1.2850,47.0353],[1.2795,47.0381],[1.2788,47.0399],[1.2776,47.0403]]}},{"type":"Feature","properties":{"name":"L\u0027Indrois"},"geometry":{"type":"LineString","coordinates":[[1.2851,47.0353],[1.2850,47.0353]]}},{"type":"Feature","properties":{"name":"L\u0027Indrois"},"geometry":{"type":"LineString","coordinates":[[0.9601,47.2095],[0.9562,47.2083]]}},{"type":"Feature","properties":{"name":"L\u0027Indrois"},"geometry":{"type":"LineString","coordinates":[[0.9561,47.2083],[0.9519,47.2104]]}},{"type":"Feature","properties":{"name":"L\u0027Indrois"},"geometry":{"type":"LineString","coordinates":[[0.9562,47.2083],[0.9561,47.2083]]}},{"type":"Feature","properties":{"name":"L\u0027Indrois"},"geometry":{"type":"LineString","coordinates":[[0.9593,47.2099],[0.9592,47.2100]]}},{"type":"Feature","properties":{"name":"L\u0027Arnon"},"geometry":{"type":"LineString","coordinates":[[2.0414,47.1534],[2.0402,47.1554],[2.0305,47.1591],[2.0290,47.1612],[2.0286,47.1654],[2.0344,47.1690],[2.0323,47.1702],[2.0334,47.1754],[2.0327,47.1792],[2.0322,47.1816],[2.0296,47.1848],[2.0314,47.1873],[2.0310,47.1887]]}},{"type":"Feature","properties":{"name":"L\u0027Arnon"},"geometry":{"type":"LineString","coordinates":[[2.0310,47.1887],[2.0299,47.1915],[2.0319,47.1977],[2.0306,47.2000],[2.0309,47.2030],[2.0284,47.2059]]}},{"type":"Feature","properties":{"name":"L\u0027Arnon"},"geometry":{"type":"LineString","coordinates":[[2.0221,47.2115],[2.0239,47.2158],[2.0231,47.2167],[2.0170,47.2180],[2.0109,47.2171]]}},{"type":"Feature","properties":{"name":"L\u0027Arnon"},"geometry":{"type":"LineString","coordinates":[[2.0284,47.2059],[2.0268,47.2085],[2.0221,47.2115]]}},{"type":"Feature","properties":{"name":"L\u0027Arnon"},"geometry":{"type":"LineString","coordinates":[[2.1037,46.9949],[2.0999,46.9948],[2.0965,46.9967],[2.0960,47.0041],[2.0951,47.0053],[2.0884,47.0072],[2.0826,47.0059],[2.0778,47.0065],[2.0773,47.0106],[2.0793,47.0132],[2.0799,47.0164],[2.0778,47.0227],[2.0750,47.0257],[2.0704,47.0268],[2.0681,47.0263],[2.0639,47.0280],[2.0627,47.0311],[2.0609,47.0316],[2.0590,47.0341],[2.0566,47.0345],[2.0511,47.0399],[2.0515,47.0438],[2.0503,47.0457],[2.0517,47.0479],[2.0533,47.0482],[2.0548,47.0501],[2.0548,47.0563],[2.0580,47.0599],[2.0562,47.0655],[2.0535,47.0674],[2.0534,47.0702]]}},{"type":"Feature","properties":{"name":"L\u0027Arnon"},"geometry":{"type":"LineString","coordinates":[[2.1880,46.7864],[2.1849,46.7898],[2.1892,46.7954],[2.1934,46.7958],[2.1949,46.7984],[2.1940,46.7997],[2.1944,46.8009],[2.1990,46.8034],[2.1987,46.8044],[2.2028,46.8044],[2.2092,46.8093],[2.2056,46.8129],[2.2069,46.8132],[2.2058,46.8147],[2.2074,46.8162],[2.2072,46.8171],[2.2033,46.8176],[2.2012,46.8207],[2.1976,46.8213],[2.1932,46.8244],[2.1978,46.8342],[2.1954,46.8376],[2.1878,46.8433]]}},{"type":"Feature","properties":{"name":"L\u0027Arnon"},"geometry":{"type":"LineString","coordinates":[[2.1878,46.8433],[2.1861,46.8435],[2.1862,46.8448],[2.1821,46.8458],[2.1790,46.8445],[2.1768,46.8447],[2.1717,46.8409],[2.1680,46.8395],[2.1648,46.8389],[2.1620,46.8404],[2.1612,46.8429],[2.1638,46.8448],[2.1626,46.8457],[2.1634,46.8474],[2.1689,46.8495],[2.1758,46.8508],[2.1769,46.8524],[2.1761,46.8563],[2.1736,46.8588],[2.1693,46.8600],[2.1676,46.8592],[2.1655,46.8597],[2.1615,46.8627],[2.1583,46.8634],[2.1541,46.8693],[2.1574,46.8718],[2.1572,46.8736],[2.1597,46.8769],[2.1560,46.8792],[2.1522,46.8790],[2.1508,46.8773]]}},{"type":"Feature","properties":{"name":"L\u0027Arnon"},"geometry":{"type":"LineString","coordinates":[[2.1097,46.9975],[2.1037,46.9949]]}},{"type":"Feature","properties":{"name":"L\u0027Arnon"},"geometry":{"type":"LineString","coordinates":[[2.0534,47.0702],[2.0554,47.0720],[2.0551,47.0815],[2.0535,47.0867],[2.0511,47.0909],[2.0481,47.0926],[2.0480,47.0942],[2.0520,47.0979],[2.0530,47.1012],[2.0549,47.1033],[2.0554,47.1053],[2.0541,47.1068],[2.0554,47.1079],[2.0541,47.1092],[2.0561,47.1105],[2.0556,47.1120],[2.0573,47.1153],[2.0568,47.1214],[2.0548,47.1256],[2.0552,47.1284],[2.0537,47.1300],[2.0506,47.1302],[2.0495,47.1313],[2.0477,47.1383],[2.0448,47.1400],[2.0439,47.1435],[2.0454,47.1466],[2.0416,47.1516],[2.0414,47.1534]]}},{"type":"Feature","properties":{"name":"L\u0027Arnon"},"geometry":{"type":"LineString","coordinates":[[2.1508,46.8773],[2.1507,46.8773]]}},{"type":"Feature","properties":{"name":"L\u0027Arnon"},"geometry":{"type":"LineString","coordinates":[[2.1507,46.8773],[2.1468,46.8778],[2.1447,46.8771],[2.1407,46.8779],[2.1343,46.8760],[2.1318,46.8763],[2.1296,46.8788],[2.1294,46.8812],[2.1309,46.8828],[2.1300,46.8850],[2.1282,46.8859],[2.1268,46.8894],[2.1353,46.8949],[2.1365,46.8976],[2.1358,46.9000],[2.1304,46.9025],[2.1307,46.9058],[2.1286,46.9072],[2.1311,46.9102],[2.1371,46.9120],[2.1393,46.9143],[2.1385,46.9159],[2.1259,46.9198],[2.1252,46.9221],[2.1199,46.9260],[2.1197,46.9277],[2.1163,46.9293],[2.1149,46.9311],[2.1149,46.9339],[2.1105,46.9370],[2.1107,46.9399],[2.1132,46.9412],[2.1138,46.9489],[2.1164,46.9511],[2.1205,46.9507],[2.1243,46.9524],[2.1266,46.9541],[2.1275,46.9573],[2.1303,46.9594],[2.1261,46.9643],[2.1226,46.9647],[2.1213,46.9659],[2.1214,46.9694],[2.1194,46.9704],[2.1178,46.9731],[2.1186,46.9753],[2.1168,46.9776],[2.1149,46.9780],[2.1177,46.9785],[2.1161,46.9821],[2.1169,46.9839],[2.1189,46.9845],[2.1192,46.9866],[2.1210,46.9880],[2.1225,46.9940],[2.1211,46.9945],[2.1209,46.9961],[2.1193,46.9973],[2.1161,46.9975],[2.1133,46.9955],[2.1099,46.9966],[2.1108,46.9971],[2.1097,46.9975]]}},{"type":"Feature","properties":{"name":"L\u0027Arnon"},"geometry":{"type":"LineString","coordinates":[[2.3555,46.6856],[2.3513,46.6869],[2.3489,46.6899],[2.3430,46.6899],[2.3397,46.6942],[2.3361,46.6946],[2.3342,46.6954],[2.3341,46.6965],[2.3315,46.6967],[2.3316,46.6977],[2.3271,46.6976],[2.3252,46.6991],[2.3253,46.7001],[2.3224,46.7006],[2.3192,46.6999],[2.3164,46.7017],[2.3126,46.7007],[2.3112,46.6993],[2.3061,46.7005],[2.3050,46.6995],[2.3025,46.7000],[2.3013,46.6993],[2.3011,46.6977],[2.2952,46.6952],[2.2912,46.6968],[2.2897,46.6957],[2.2870,46.6973],[2.2826,46.6937],[2.2757,46.6970],[2.2705,46.6962],[2.2659,46.6973],[2.2656,46.6981],[2.2642,46.6977],[2.2634,46.6990],[2.2586,46.7007],[2.2572,46.7025],[2.2550,46.7022],[2.2547,46.7030],[2.2511,46.7027],[2.2468,46.7004],[2.2391,46.6985],[2.2356,46.7022],[2.2315,46.7030],[2.2244,46.7027],[2.2227,46.7041],[2.2234,46.7046],[2.2203,46.7060],[2.2185,46.7051],[2.2183,46.7038],[2.2161,46.7039],[2.2168,46.7046],[2.2154,46.7043],[2.2149,46.7050],[2.2128,46.7039],[2.2106,46.7040],[2.2076,46.7066],[2.2069,46.7082],[2.1994,46.7088],[2.1962,46.7105],[2.1909,46.7095],[2.1900,46.7113],[2.1852,46.7131],[2.1816,46.7132],[2.1822,46.7142],[2.1782,46.7228],[2.1811,46.7235],[2.1819,46.7252],[2.1801,46.7261],[2.1799,46.7315],[2.1812,46.7343],[2.1803,46.7346],[2.1814,46.7357],[2.1800,46.7371],[2.1806,46.7382],[2.1822,46.7384],[2.1811,46.7391],[2.1805,46.7420],[2.1807,46.7471],[2.1776,46.7507]]}},{"type":"Feature","properties":{"name":"L\u0027Arnon"},"geometry":{"type":"LineString","coordinates":[[2.1880,46.7804],[2.1894,46.7827],[2.1872,46.7844],[2.1880,46.7864]]}},{"type":"Feature","properties":{"name":"L\u0027Arnon"},"geometry":{"type":"LineString","coordinates":[[2.1776,46.7507],[2.1776,46.7508]]}},{"type":"Feature","properties":{"name":"L\u0027Arnon"},"geometry":{"type":"LineString","coordinates":[[2.1776,46.7508],[2.1791,46.7521],[2.1775,46.7542],[2.1784,46.7553],[2.1794,46.7611],[2.1778,46.7621],[2.1785,46.7624],[2.1774,46.7650],[2.1799,46.7683],[2.1792,46.7686],[2.1801,46.7699],[2.1791,46.7719],[2.1820,46.7736],[2.1811,46.7753],[2.1862,46.7782],[2.1880,46.7804]]}},{"type":"Feature","properties":{"name":"L\u0027Arnon"},"geometry":{"type":"LineString","coordinates":[[2.1201,46.9931],[2.1203,46.9933]]}},{"type":"Feature","properties":{"name":"L\u0027Arnon"},"geometry":{"type":"LineString","coordinates":[[2.1203,46.9933],[2.1214,46.9945]]}},{"type":"Feature","properties":{"name":"L\u0027Arnon"},"geometry":{"type":"LineString","coordinates":[[2.1198,46.9926],[2.1199,46.9928]]}},{"type":"Feature","properties":{"name":"L\u0027Arnon"},"geometry":{"type":"LineString","coordinates":[[2.1199,46.9928],[2.1201,46.9931]]}},{"type":"Feature","properties":{"name":"L\u0027Arnon"},"geometry":{"type":"LineString","coordinates":[[2.1161,46.9821],[2.1143,46.9860],[2.1177,46.9890],[2.1198,46.9926]]}},{"type":"Feature","properties":{"name":"L\u0027Arnon"},"geometry":{"type":"LineString","coordinates":[[2.0286,47.1587],[2.0278,47.1597],[2.0289,47.1616]]}},{"type":"Feature","properties":{"name":"L\u0027Arnon"},"geometry":{"type":"LineString","coordinates":[[2.0530,47.1012],[2.0531,47.1037],[2.0518,47.1038],[2.0500,47.1064],[2.0511,47.1076],[2.0505,47.1093],[2.0518,47.1169],[2.0492,47.1222],[2.0548,47.1261]]}},{"type":"Feature","properties":{"name":"L\u0027Arnon"},"geometry":{"type":"LineString","coordinates":[[2.0498,47.1328],[2.0497,47.1330]]}},{"type":"Feature","properties":{"name":"L\u0027Arnon"},"geometry":{"type":"LineString","coordinates":[[2.0497,47.1330],[2.0486,47.1351]]}},{"type":"Feature","properties":{"name":"L\u0027Arnon"},"geometry":{"type":"LineString","coordinates":[[2.0530,47.1303],[2.0498,47.1328]]}},{"type":"Feature","properties":{"name":"L\u0027Arnon"},"geometry":{"type":"LineString","coordinates":[[2.0498,47.1328],[2.0497,47.1330]]}},{"type":"Feature","properties":{"name":"L\u0027Igneraie"},"geometry":{"type":"LineString","coordinates":[[1.9980,46.6497],[1.9924,46.6496],[1.9926,46.6485],[1.9914,46.6483],[1.9918,46.6476],[1.9903,46.6465],[1.9823,46.6503],[1.9770,46.6488]]}},{"type":"Feature","properties":{"name":"L\u0027Igneraie"},"geometry":{"type":"LineString","coordinates":[[1.9613,46.6530],[1.9599,46.6532],[1.9572,46.6516],[1.9536,46.6519],[1.9530,46.6532],[1.9456,46.6514],[1.9426,46.6522],[1.9425,46.6538],[1.9360,46.6583]]}},{"type":"Feature","properties":{"name":"L\u0027Igneraie"},"geometry":{"type":"LineString","coordinates":[[1.9360,46.6583],[1.9338,46.6591]]}},{"type":"Feature","properties":{"name":"L\u0027Igneraie"},"geometry":{"type":"LineString","coordinates":[[2.0699,46.6334],[2.0624,46.6366],[2.0558,46.6359],[2.0492,46.6377],[2.0475,46.6392],[2.0488,46.6402],[2.0492,46.6455],[2.0450,46.6460],[2.0399,46.6504],[2.0358,46.6496],[2.0348,46.6484],[2.0227,46.6490],[2.0162,46.6514],[2.0120,46.6507],[2.0112,46.6492],[2.0061,46.6507],[1.9980,46.6497]]}},{"type":"Feature","properties":{"name":"L\u0027Igneraie"},"geometry":{"type":"LineString","coordinates":[[1.9768,46.6488],[1.9725,46.6483],[1.9692,46.6462],[1.9648,46.6467],[1.9650,46.6475],[1.9624,46.6484],[1.9636,46.6510],[1.9613,46.6530]]}},{"type":"Feature","properties":{"name":"L\u0027Igneraie"},"geometry":{"type":"LineString","coordinates":[[1.9770,46.6488],[1.9768,46.6488]]}},{"type":"Feature","properties":{"name":"Le Creuzançais"},"geometry":{"type":"LineString","coordinates":[[1.6788,46.6023],[1.6808,46.6030],[1.6827,46.6053],[1.6822,46.6078],[1.6832,46.6090],[1.6891,46.6122],[1.6905,46.6143],[1.6917,46.6145],[1.6927,46.6167],[1.6998,46.6190],[1.7012,46.6214],[1.7056,46.6223],[1.7061,46.6238],[1.7073,46.6239],[1.7088,46.6280],[1.7080,46.6298],[1.7057,46.6316],[1.7026,46.6323],[1.7024,46.6349],[1.6997,46.6363],[1.7008,46.6380],[1.7081,46.6406],[1.7066,46.6417],[1.7052,46.6449],[1.7049,46.6467],[1.7063,46.6479],[1.7042,46.6515],[1.7054,46.6539],[1.7089,46.6549],[1.7065,46.6562],[1.7046,46.6592],[1.7068,46.6611],[1.7103,46.6617],[1.7098,46.6639],[1.7081,46.6645],[1.7077,46.6657],[1.7086,46.6668],[1.7121,46.6671],[1.7138,46.6715],[1.7132,46.6733],[1.7179,46.6760],[1.7133,46.6790],[1.7122,46.6788],[1.7103,46.6819],[1.7073,46.6817],[1.7055,46.6791],[1.7003,46.6786],[1.7025,46.6811],[1.7024,46.6828],[1.7009,46.6837],[1.7013,46.6847],[1.6985,46.6863],[1.6992,46.6867],[1.6984,46.6870],[1.6999,46.6871],[1.7000,46.6888],[1.6989,46.6888],[1.6988,46.6910],[1.6971,46.6928],[1.6959,46.6982]]}},{"type":"Feature","properties":{"name":"Le Creuzançais"},"geometry":{"type":"LineString","coordinates":[[1.6786,46.6023],[1.6788,46.6023]]}},{"type":"Feature","properties":{"name":"Le Creuzançais"},"geometry":{"type":"LineString","coordinates":[[1.6918,46.5515],[1.6957,46.5547],[1.6971,46.5573],[1.6948,46.5594],[1.6930,46.5660],[1.6901,46.5700],[1.6901,46.5723],[1.6887,46.5742],[1.6869,46.5746],[1.6896,46.5782],[1.6996,46.5850],[1.6999,46.5889],[1.6950,46.5907],[1.6843,46.5907],[1.6831,46.5918],[1.6789,46.5924],[1.6775,46.5943],[1.6743,46.5961],[1.6737,46.5976],[1.6759,46.5998],[1.6753,46.6009],[1.6786,46.6023]]}},{"type":"Feature","properties":{"name":"Le Creuzançais"},"geometry":{"type":"LineString","coordinates":[[1.6917,46.5512],[1.6918,46.5515]]}},{"type":"Feature","properties":{"name":"Le Creuzançais"},"geometry":{"type":"LineString","coordinates":[[1.6813,46.5421],[1.6849,46.5456],[1.6882,46.5469],[1.6891,46.5498],[1.6917,46.5512]]}},{"type":"Feature","properties":{"name":"La Ringuoire"},"geometry":{"type":"LineString","coordinates":[[1.7140,46.8797],[1.7138,46.8796]]}},{"type":"Feature","properties":{"name":"La Ringuoire"},"geometry":{"type":"LineString","coordinates":[[1.7138,46.8796],[1.7038,46.8736]]}},{"type":"Feature","properties":{"name":"La Ringuoire"},"geometry":{"type":"LineString","coordinates":[[1.7153,46.8814],[1.7140,46.8797]]}},{"type":"Feature","properties":{"name":"La Ringuoire"},"geometry":{"type":"LineString","coordinates":[[1.7021,46.8722],[1.7009,46.8727],[1.6969,46.8695],[1.6918,46.8636],[1.6892,46.8639],[1.6893,46.8596],[1.6909,46.8533]]}},{"type":"Feature","properties":{"name":"La Ringuoire"},"geometry":{"type":"LineString","coordinates":[[1.7021,46.8722],[1.7021,46.8722]]}},{"type":"Feature","properties":{"name":"La Ringuoire"},"geometry":{"type":"LineString","coordinates":[[1.7038,46.8736],[1.7021,46.8722]]}},{"type":"Feature","properties":{"name":"La Ringuoire"},"geometry":{"type":"LineString","coordinates":[[1.7038,46.8736],[1.7038,46.8736]]}},{"type":"Feature","properties":{"name":"La Ringuoire"},"geometry":{"type":"LineString","coordinates":[[1.6891,46.8346],[1.6891,46.8346]]}},{"type":"Feature","properties":{"name":"La Ringuoire"},"geometry":{"type":"LineString","coordinates":[[1.6953,46.8384],[1.6891,46.8346]]}},{"type":"Feature","properties":{"name":"La Ringuoire"},"geometry":{"type":"LineString","coordinates":[[1.6891,46.8346],[1.6910,46.8301],[1.6899,46.8277]]}},{"type":"Feature","properties":{"name":"La Ringuoire"},"geometry":{"type":"LineString","coordinates":[[1.6909,46.8533],[1.6929,46.8478]]}},{"type":"Feature","properties":{"name":"La Ringuoire"},"geometry":{"type":"LineString","coordinates":[[1.6954,46.8384],[1.6953,46.8384]]}},{"type":"Feature","properties":{"name":"La Ringuoire"},"geometry":{"type":"LineString","coordinates":[[1.6929,46.8478],[1.6929,46.8477]]}},{"type":"Feature","properties":{"name":"La Ringuoire"},"geometry":{"type":"LineString","coordinates":[[1.6934,46.8393],[1.6935,46.8393]]}},{"type":"Feature","properties":{"name":"La Ringuoire"},"geometry":{"type":"LineString","coordinates":[[1.6935,46.8393],[1.6906,46.8435],[1.6924,46.8439]]}},{"type":"Feature","properties":{"name":"La Ringuoire"},"geometry":{"type":"LineString","coordinates":[[1.6930,46.8472],[1.6923,46.8427],[1.6957,46.8397],[1.6954,46.8384]]}},{"type":"Feature","properties":{"name":"La Ringuoire"},"geometry":{"type":"LineString","coordinates":[[1.6907,46.8534],[1.6909,46.8533]]}},{"type":"Feature","properties":{"name":"La Ringuoire"},"geometry":{"type":"LineString","coordinates":[[1.6930,46.8475],[1.6930,46.8473]]}},{"type":"Feature","properties":{"name":"La Ringuoire"},"geometry":{"type":"LineString","coordinates":[[1.6929,46.8477],[1.6930,46.8475]]}},{"type":"Feature","properties":{"name":"La Ringuoire"},"geometry":{"type":"LineString","coordinates":[[1.6930,46.8473],[1.6930,46.8472]]}},{"type":"Feature","properties":{"name":"Rivière Neuve"},"geometry":{"type":"LineString","coordinates":[[2.0504,47.1199],[2.0421,47.1249],[2.0369,47.1305],[2.0335,47.1315],[2.0284,47.1372],[2.0288,47.1401],[2.0268,47.1439],[2.0280,47.1471],[2.0271,47.1501],[2.0288,47.1520],[2.0265,47.1567],[2.0286,47.1587]]}},{"type":"Feature","properties":{"name":"La Vauvre"},"geometry":{"type":"LineString","coordinates":[[1.8856,46.4404],[1.8774,46.4407],[1.8751,46.4441]]}},{"type":"Feature","properties":{"name":"La Vauvre"},"geometry":{"type":"LineString","coordinates":[[1.8731,46.4454],[1.8703,46.4480],[1.8659,46.4483],[1.8647,46.4506],[1.8617,46.4526]]}},{"type":"Feature","properties":{"name":"La Vauvre"},"geometry":{"type":"LineString","coordinates":[[1.8564,46.4626],[1.8563,46.4626]]}},{"type":"Feature","properties":{"name":"La Vauvre"},"geometry":{"type":"LineString","coordinates":[[1.8597,46.4573],[1.8589,46.4597],[1.8563,46.4615],[1.8564,46.4626]]}},{"type":"Feature","properties":{"name":"La Vauvre"},"geometry":{"type":"LineString","coordinates":[[1.8990,46.5110],[1.8992,46.5124],[1.8971,46.5145],[1.8992,46.5161],[1.9009,46.5206]]}},{"type":"Feature","properties":{"name":"La Vauvre"},"geometry":{"type":"LineString","coordinates":[[1.9093,46.5348],[1.9143,46.5344]]}},{"type":"Feature","properties":{"name":"La Vauvre"},"geometry":{"type":"LineString","coordinates":[[1.8925,46.5046],[1.8964,46.5055],[1.8990,46.5110]]}},{"type":"Feature","properties":{"name":"La Vauvre"},"geometry":{"type":"LineString","coordinates":[[1.9012,46.5226],[1.9018,46.5243],[1.9045,46.5259],[1.9040,46.5267],[1.9058,46.5269],[1.9059,46.5282],[1.9073,46.5290],[1.9076,46.5330],[1.9093,46.5348]]}},{"type":"Feature","properties":{"name":"La Vauvre"},"geometry":{"type":"LineString","coordinates":[[1.9074,46.5298],[1.9074,46.5304]]}},{"type":"Feature","properties":{"name":"La Vauvre"},"geometry":{"type":"LineString","coordinates":[[1.8732,46.4454],[1.8731,46.4454]]}},{"type":"Feature","properties":{"name":"La Vauvre"},"geometry":{"type":"LineString","coordinates":[[1.8563,46.4626],[1.8554,46.4629],[1.8555,46.4643],[1.8582,46.4670],[1.8549,46.4680],[1.8556,46.4705]]}},{"type":"Feature","properties":{"name":"La Vauvre"},"geometry":{"type":"LineString","coordinates":[[1.8597,46.4573],[1.8597,46.4573]]}},{"type":"Feature","properties":{"name":"La Vauvre"},"geometry":{"type":"LineString","coordinates":[[1.8549,46.4796],[1.8549,46.4796]]}},{"type":"Feature","properties":{"name":"La Vauvre"},"geometry":{"type":"LineString","coordinates":[[1.8549,46.4796],[1.8541,46.4810],[1.8563,46.4834]]}},{"type":"Feature","properties":{"name":"La Vauvre"},"geometry":{"type":"LineString","coordinates":[[1.8601,46.4546],[1.8599,46.4555]]}},{"type":"Feature","properties":{"name":"La Vauvre"},"geometry":{"type":"LineString","coordinates":[[1.8617,46.4526],[1.8604,46.4541]]}},{"type":"Feature","properties":{"name":"La Vauvre"},"geometry":{"type":"LineString","coordinates":[[1.8604,46.4541],[1.8601,46.4546]]}},{"type":"Feature","properties":{"name":"La Vauvre"},"geometry":{"type":"LineString","coordinates":[[1.8556,46.4705],[1.8556,46.4718],[1.8537,46.4728],[1.8513,46.4766],[1.8556,46.4781],[1.8559,46.4793],[1.8549,46.4796]]}},{"type":"Feature","properties":{"name":"La Vauvre"},"geometry":{"type":"LineString","coordinates":[[1.8599,46.4555],[1.8597,46.4573]]}},{"type":"Feature","properties":{"name":"La Vauvre"},"geometry":{"type":"LineString","coordinates":[[1.9143,46.5344],[1.9149,46.5358],[1.9176,46.5373],[1.9171,46.5405],[1.9214,46.5436],[1.9184,46.5456],[1.9186,46.5467],[1.9221,46.5476],[1.9227,46.5493],[1.9193,46.5497],[1.9186,46.5489],[1.9169,46.5496],[1.9173,46.5526],[1.9154,46.5556],[1.9160,46.5567],[1.9148,46.5578],[1.9129,46.5569],[1.9103,46.5574],[1.9117,46.5586],[1.9113,46.5598],[1.9124,46.5613],[1.9075,46.5632],[1.9049,46.5654],[1.9039,46.5695],[1.9046,46.5699]]}},{"type":"Feature","properties":{"name":"La Vauvre"},"geometry":{"type":"LineString","coordinates":[[1.9046,46.5699],[1.9017,46.5727],[1.8977,46.5741],[1.8963,46.5766],[1.8969,46.5783],[1.8947,46.5810],[1.8953,46.5828],[1.8926,46.5845],[1.8928,46.5853],[1.8940,46.5850],[1.8942,46.5876],[1.8925,46.5880],[1.8926,46.5897],[1.8912,46.5902],[1.8929,46.5911],[1.8923,46.5920],[1.8981,46.6014],[1.8992,46.6011],[1.9000,46.6026],[1.9027,46.6031],[1.9026,46.6058],[1.9015,46.6072],[1.9025,46.6075],[1.9021,46.6088],[1.9029,46.6090],[1.9026,46.6109],[1.9035,46.6110],[1.9038,46.6132],[1.9140,46.6144],[1.9139,46.6166],[1.9128,46.6167],[1.9128,46.6178],[1.9104,46.6180],[1.9106,46.6200]]}},{"type":"Feature","properties":{"name":"La Vauvre"},"geometry":{"type":"LineString","coordinates":[[1.9106,46.6200],[1.9099,46.6222],[1.9053,46.6226],[1.9044,46.6238],[1.9055,46.6248],[1.9023,46.6264],[1.9017,46.6290],[1.9005,46.6297],[1.9022,46.6318],[1.9013,46.6343],[1.8981,46.6355],[1.8971,46.6350],[1.8960,46.6358],[1.8966,46.6370],[1.8954,46.6372],[1.8956,46.6382],[1.8911,46.6395]]}},{"type":"Feature","properties":{"name":"La Vauvre"},"geometry":{"type":"LineString","coordinates":[[1.8911,46.6395],[1.8916,46.6407],[1.8904,46.6425],[1.8917,46.6438],[1.8907,46.6450],[1.8917,46.6464],[1.8898,46.6475],[1.8900,46.6488],[1.8880,46.6506],[1.8869,46.6505],[1.8876,46.6516],[1.8863,46.6521],[1.8872,46.6526],[1.8873,46.6547],[1.8818,46.6603],[1.8833,46.6623],[1.8815,46.6639],[1.8824,46.6646],[1.8816,46.6654]]}},{"type":"Feature","properties":{"name":"La Vauvre"},"geometry":{"type":"LineString","coordinates":[[1.9102,46.6218],[1.9097,46.6231],[1.9046,46.6256]]}},{"type":"Feature","properties":{"name":"La Vauvre"},"geometry":{"type":"LineString","coordinates":[[1.8563,46.4834],[1.8592,46.4861],[1.8674,46.4870],[1.8687,46.4886],[1.8785,46.4920],[1.8799,46.4945],[1.8840,46.4981],[1.8835,46.5006],[1.8851,46.5025],[1.8910,46.5034],[1.8925,46.5046]]}},{"type":"Feature","properties":{"name":"La Vauvre"},"geometry":{"type":"LineString","coordinates":[[1.9009,46.5206],[1.9017,46.5214],[1.9012,46.5226]]}},{"type":"Feature","properties":{"name":"La Vauvre"},"geometry":{"type":"LineString","coordinates":[[1.8751,46.4441],[1.8732,46.4454]]}},{"type":"Feature","properties":{"name":"La Vauvre"},"geometry":{"type":"LineString","coordinates":[[1.8953,46.4371],[1.8920,46.4395],[1.8919,46.4416],[1.8869,46.4408]]}},{"type":"Feature","properties":{"name":"La Vauvre"},"geometry":{"type":"LineString","coordinates":[[1.8971,46.4356],[1.8970,46.4356]]}},{"type":"Feature","properties":{"name":"La Vauvre"},"geometry":{"type":"LineString","coordinates":[[1.8979,46.4353],[1.8971,46.4356]]}},{"type":"Feature","properties":{"name":"La Vauvre"},"geometry":{"type":"LineString","coordinates":[[1.8993,46.4354],[1.8981,46.4352]]}},{"type":"Feature","properties":{"name":"La Vauvre"},"geometry":{"type":"LineString","coordinates":[[1.8986,46.4340],[1.8986,46.4341]]}},{"type":"Feature","properties":{"name":"La Vauvre"},"geometry":{"type":"LineString","coordinates":[[1.8869,46.4408],[1.8868,46.4408]]}},{"type":"Feature","properties":{"name":"La Vauvre"},"geometry":{"type":"LineString","coordinates":[[1.8868,46.4408],[1.8865,46.4408]]}},{"type":"Feature","properties":{"name":"La Vauvre"},"geometry":{"type":"LineString","coordinates":[[1.8865,46.4408],[1.8864,46.4408]]}},{"type":"Feature","properties":{"name":"La Vauvre"},"geometry":{"type":"LineString","coordinates":[[1.8864,46.4408],[1.8863,46.4406]]}},{"type":"Feature","properties":{"name":"La Vauvre"},"geometry":{"type":"LineString","coordinates":[[1.8862,46.4405],[1.8856,46.4404]]}},{"type":"Feature","properties":{"name":"La Vauvre"},"geometry":{"type":"LineString","coordinates":[[1.8863,46.4406],[1.8862,46.4405]]}},{"type":"Feature","properties":{"name":"Le Brion"},"geometry":{"type":"LineString","coordinates":[[1.3121,46.6079],[1.3102,46.6075],[1.3084,46.6052],[1.3069,46.6047],[1.3048,46.6056],[1.3037,46.6078]]}},{"type":"Feature","properties":{"name":"Le Brion"},"geometry":{"type":"LineString","coordinates":[[1.2859,46.6154],[1.2860,46.6154]]}},{"type":"Feature","properties":{"name":"Le Brion"},"geometry":{"type":"LineString","coordinates":[[1.3037,46.6078],[1.3037,46.6078]]}},{"type":"Feature","properties":{"name":"Le Brion"},"geometry":{"type":"LineString","coordinates":[[1.2860,46.6154],[1.2854,46.6169],[1.2802,46.6165],[1.2758,46.6185],[1.2732,46.6172],[1.2713,46.6175],[1.2733,46.6205],[1.2710,46.6212]]}},{"type":"Feature","properties":{"name":"Le Brion"},"geometry":{"type":"LineString","coordinates":[[1.3037,46.6078],[1.3021,46.6082],[1.3001,46.6073],[1.2985,46.6090],[1.2991,46.6111],[1.2963,46.6125],[1.2931,46.6118],[1.2897,46.6130],[1.2885,46.6118],[1.2857,46.6122],[1.2859,46.6154]]}},{"type":"Feature","properties":{"name":"Le Brion"},"geometry":{"type":"LineString","coordinates":[[1.2710,46.6212],[1.2709,46.6212]]}},{"type":"Feature","properties":{"name":"Le Brion"},"geometry":{"type":"LineString","coordinates":[[1.2710,46.6212],[1.2710,46.6212]]}},{"type":"Feature","properties":{"name":"Le Brion"},"geometry":{"type":"LineString","coordinates":[[1.2709,46.6211],[1.2666,46.6203],[1.2663,46.6248],[1.2656,46.6250],[1.2618,46.6231],[1.2578,46.6240],[1.2535,46.6220],[1.2524,46.6238],[1.2538,46.6255],[1.2531,46.6270]]}},{"type":"Feature","properties":{"name":"Le Brion"},"geometry":{"type":"LineString","coordinates":[[1.2709,46.6212],[1.2709,46.6211]]}},{"type":"Feature","properties":{"name":"Le Verraux"},"geometry":{"type":"LineString","coordinates":[[2.1254,46.3063],[2.1262,46.3087],[2.1249,46.3097],[2.1254,46.3111],[2.1230,46.3128],[2.1222,46.3148],[2.1225,46.3171],[2.1253,46.3180],[2.1255,46.3189],[2.1186,46.3203],[2.1167,46.3215],[2.1198,46.3246],[2.1174,46.3268],[2.1193,46.3275],[2.1199,46.3311],[2.1194,46.3322],[2.1167,46.3321]]}},{"type":"Feature","properties":{"name":"Le Croulas"},"geometry":{"type":"LineString","coordinates":[[2.2139,47.2004],[2.2138,47.2005]]}},{"type":"Feature","properties":{"name":"Le Croulas"},"geometry":{"type":"LineString","coordinates":[[2.2250,47.1954],[2.2139,47.2004]]}},{"type":"Feature","properties":{"name":"Le Croulas"},"geometry":{"type":"LineString","coordinates":[[2.2138,47.2005],[2.2091,47.2024],[2.2047,47.2015],[2.2038,47.2006],[2.2053,47.1997],[2.2042,47.1995],[2.2045,47.1971],[2.2037,47.1956],[2.1997,47.1942],[2.1997,47.1930],[2.1967,47.1929],[2.1941,47.1914],[2.1914,47.1919],[2.1895,47.1898],[2.1801,47.1864],[2.1754,47.1872],[2.1730,47.1939],[2.1695,47.1953],[2.1670,47.1984],[2.1657,47.1979],[2.1643,47.1989]]}},{"type":"Feature","properties":{"name":"Le Barangeon"},"geometry":{"type":"LineString","coordinates":[[2.1946,47.2172],[2.1934,47.2162]]}},{"type":"Feature","properties":{"name":"Le Barangeon"},"geometry":{"type":"LineString","coordinates":[[2.2216,47.2486],[2.2195,47.2475],[2.2191,47.2459],[2.2148,47.2412],[2.2091,47.2251],[2.2075,47.2239],[2.2040,47.2243],[2.1998,47.2226],[2.1995,47.2213],[2.1975,47.2201],[2.1948,47.2165],[2.1916,47.2152],[2.1914,47.2120],[2.1896,47.2086],[2.1869,47.2088],[2.1833,47.2070],[2.1702,47.2042],[2.1676,47.2022],[2.1636,47.2029],[2.1615,47.2003],[2.1587,47.1995],[2.1558,47.2007],[2.1543,47.2032],[2.1509,47.2035],[2.1502,47.2045],[2.1399,47.2063],[2.1376,47.2059],[2.1352,47.2077],[2.1247,47.2098],[2.1235,47.2113],[2.1177,47.2113]]}},{"type":"Feature","properties":{"name":"Le Barangeon"},"geometry":{"type":"LineString","coordinates":[[2.1955,47.2172],[2.1919,47.2155]]}},{"type":"Feature","properties":{"name":"Le Barangeon"},"geometry":{"type":"LineString","coordinates":[[2.2387,47.2768],[2.2374,47.2726],[2.2357,47.2717],[2.2350,47.2687],[2.2322,47.2659]]}},{"type":"Feature","properties":{"name":"Le Barangeon"},"geometry":{"type":"LineString","coordinates":[[2.2322,47.2659],[2.2258,47.2599],[2.2260,47.2558],[2.2216,47.2486]]}},{"type":"Feature","properties":{"name":"La Couarde"},"geometry":{"type":"LineString","coordinates":[[1.9272,46.5957],[1.9234,46.5989],[1.9212,46.5993],[1.9209,46.6017],[1.9184,46.6047],[1.9172,46.6049],[1.9168,46.6067],[1.9144,46.6071],[1.9150,46.6078],[1.9141,46.6078],[1.9132,46.6093],[1.9138,46.6096],[1.9130,46.6098],[1.9137,46.6103],[1.9133,46.6126],[1.9119,46.6134],[1.9127,46.6141]]}},{"type":"Feature","properties":{"name":"La Couarde"},"geometry":{"type":"LineString","coordinates":[[1.9268,46.5951],[1.9272,46.5957]]}},{"type":"Feature","properties":{"name":"Arnon"},"geometry":{"type":"LineString","coordinates":[[1.9901,47.2190],[1.9877,47.2197],[1.9870,47.2204],[1.9877,47.2211]]}},{"type":"Feature","properties":{"name":"Arnon"},"geometry":{"type":"LineString","coordinates":[[2.0221,47.2117],[2.0170,47.2121],[2.0145,47.2131],[2.0151,47.2139],[2.0120,47.2146],[2.0091,47.2136],[2.0036,47.2140],[2.0024,47.2161],[1.9901,47.2190]]}},{"type":"Feature","properties":{"name":"Arnon"},"geometry":{"type":"LineString","coordinates":[[2.0272,47.2007],[2.0272,47.2009]]}},{"type":"Feature","properties":{"name":"Arnon"},"geometry":{"type":"LineString","coordinates":[[2.0306,47.2000],[2.0293,47.1996],[2.0288,47.2003],[2.0299,47.2019],[2.0311,47.2016]]}},{"type":"Feature","properties":{"name":"Arnon"},"geometry":{"type":"LineString","coordinates":[[2.0306,47.1949],[2.0272,47.2007]]}},{"type":"Feature","properties":{"name":"Arnon"},"geometry":{"type":"LineString","coordinates":[[2.0272,47.2009],[2.0276,47.2025],[2.0304,47.2036]]}},{"type":"Feature","properties":{"name":"Arnon"},"geometry":{"type":"LineString","coordinates":[[2.0272,47.2006],[2.0292,47.2010]]}},{"type":"Feature","properties":{"name":"La Creuse"},"geometry":{"type":"LineString","coordinates":[[1.6121,46.4359],[1.6097,46.4359],[1.6087,46.4387],[1.6129,46.4418],[1.6140,46.4444],[1.6184,46.4488],[1.6173,46.4500],[1.6128,46.4500],[1.6124,46.4512],[1.6146,46.4533]]}},{"type":"Feature","properties":{"name":"La Creuse"},"geometry":{"type":"LineString","coordinates":[[1.6096,46.4231],[1.6082,46.4252],[1.6126,46.4342],[1.6121,46.4359]]}},{"type":"Feature","properties":{"name":"La Creuse"},"geometry":{"type":"LineString","coordinates":[[1.5977,46.4634],[1.5969,46.4658],[1.6011,46.4695],[1.6025,46.4724],[1.5998,46.4749],[1.5978,46.4815],[1.5942,46.4846],[1.5889,46.4865],[1.5829,46.4836],[1.5808,46.4846],[1.5783,46.4902],[1.5801,46.4921],[1.5831,46.4927],[1.5826,46.4943]]}},{"type":"Feature","properties":{"name":"La Creuse"},"geometry":{"type":"LineString","coordinates":[[1.3725,46.6340],[1.3686,46.6323],[1.3600,46.6327],[1.3538,46.6317]]}},{"type":"Feature","properties":{"name":"La Creuse"},"geometry":{"type":"LineString","coordinates":[[1.5826,46.4943],[1.5799,46.4973],[1.5795,46.4997],[1.5804,46.5019],[1.5840,46.5046],[1.5807,46.5085],[1.5852,46.5124],[1.5804,46.5206],[1.5823,46.5221],[1.5887,46.5223],[1.5897,46.5230],[1.5896,46.5242],[1.5878,46.5253],[1.5841,46.5249],[1.5834,46.5273],[1.5786,46.5332],[1.5775,46.5371],[1.5665,46.5491],[1.5648,46.5526],[1.5518,46.5574],[1.5463,46.5578],[1.5398,46.5609],[1.5359,46.5704],[1.5313,46.5732],[1.5293,46.5758],[1.5263,46.5829],[1.5238,46.5842],[1.5177,46.5840],[1.5172,46.5911],[1.5060,46.5944],[1.5016,46.5972],[1.5001,46.6017],[1.4917,46.6056],[1.4910,46.6107],[1.4857,46.6162],[1.4810,46.6192]]}},{"type":"Feature","properties":{"name":"La Creuse"},"geometry":{"type":"LineString","coordinates":[[0.9171,46.7563],[0.9120,46.7591],[0.9106,46.7616]]}},{"type":"Feature","properties":{"name":"La Creuse"},"geometry":{"type":"LineString","coordinates":[[0.9106,46.7616],[0.9038,46.7656],[0.8996,46.7643],[0.8975,46.7621],[0.8957,46.7627],[0.8954,46.7663],[0.8974,46.7703],[0.8928,46.7774],[0.8882,46.7768],[0.8842,46.7729],[0.8816,46.7720],[0.8677,46.7770],[0.8650,46.7794],[0.8663,46.7816],[0.8664,46.7842],[0.8642,46.7862],[0.8611,46.7861],[0.8541,46.7829],[0.8520,46.7828],[0.8375,46.7887],[0.8353,46.7881],[0.8319,46.7850],[0.8297,46.7849]]}},{"type":"Feature","properties":{"name":"La Creuse"},"geometry":{"type":"LineString","coordinates":[[0.9477,46.7367],[0.9442,46.7370],[0.9426,46.7407],[0.9367,46.7466],[0.9350,46.7514],[0.9303,46.7555],[0.9259,46.7574],[0.9188,46.7557],[0.9171,46.7563]]}},{"type":"Feature","properties":{"name":"La Creuse"},"geometry":{"type":"LineString","coordinates":[[0.9469,46.7146],[0.9466,46.7206],[0.9450,46.7250],[0.9466,46.7287],[0.9505,46.7311],[0.9518,46.7332],[0.9510,46.7349],[0.9477,46.7367]]}},{"type":"Feature","properties":{"name":"La Creuse"},"geometry":{"type":"LineString","coordinates":[[1.3538,46.6317],[1.3445,46.6402],[1.3255,46.6430]]}},{"type":"Feature","properties":{"name":"La Creuse"},"geometry":{"type":"LineString","coordinates":[[1.0192,46.6550],[1.0113,46.6674],[1.0053,46.6704],[0.9993,46.6708]]}},{"type":"Feature","properties":{"name":"La Creuse"},"geometry":{"type":"LineString","coordinates":[[1.0513,46.6420],[1.0498,46.6439],[1.0476,46.6446]]}},{"type":"Feature","properties":{"name":"La Creuse"},"geometry":{"type":"LineString","coordinates":[[1.3255,46.6430],[1.3147,46.6416],[1.3126,46.6386],[1.3088,46.6381],[1.2964,46.6323],[1.2812,46.6330]]}},{"type":"Feature","properties":{"name":"La Creuse"},"geometry":{"type":"LineString","coordinates":[[1.4121,46.6288],[1.4049,46.6313]]}},{"type":"Feature","properties":{"name":"La Creuse"},"geometry":{"type":"LineString","coordinates":[[1.2812,46.6330],[1.2755,46.6336],[1.2660,46.6298],[1.2582,46.6294],[1.2531,46.6270],[1.2399,46.6232],[1.2270,46.6226],[1.2199,46.6202],[1.2067,46.6245],[1.2012,46.6273],[1.1944,46.6282],[1.1890,46.6272],[1.1835,46.6282],[1.1723,46.6263],[1.1678,46.6266],[1.1600,46.6235],[1.1501,46.6252]]}},{"type":"Feature","properties":{"name":"La Creuse"},"geometry":{"type":"LineString","coordinates":[[1.1396,46.6253],[1.1339,46.6268],[1.1259,46.6313],[1.1166,46.6304],[1.1070,46.6330],[1.1034,46.6316],[1.0991,46.6318],[1.0920,46.6300],[1.0684,46.6296],[1.0631,46.6302],[1.0556,46.6336],[1.0513,46.6420]]}},{"type":"Feature","properties":{"name":"La Creuse"},"geometry":{"type":"LineString","coordinates":[[1.4314,46.6361],[1.4256,46.6347],[1.4193,46.6292],[1.4121,46.6288]]}},{"type":"Feature","properties":{"name":"La Creuse"},"geometry":{"type":"LineString","coordinates":[[1.0476,46.6446],[1.0376,46.6450],[1.0253,46.6491],[1.0215,46.6512],[1.0192,46.6550]]}},{"type":"Feature","properties":{"name":"La Creuse"},"geometry":{"type":"LineString","coordinates":[[1.4049,46.6313],[1.4029,46.6316],[1.3958,46.6365],[1.3882,46.6362],[1.3810,46.6389],[1.3725,46.6340]]}},{"type":"Feature","properties":{"name":"La Creuse"},"geometry":{"type":"LineString","coordinates":[[0.9843,46.6731],[0.9793,46.6747],[0.9753,46.6773],[0.9720,46.6865],[0.9694,46.6908],[0.9639,46.6953],[0.9584,46.7023]]}},{"type":"Feature","properties":{"name":"La Creuse"},"geometry":{"type":"LineString","coordinates":[[0.9993,46.6708],[0.9889,46.6713],[0.9843,46.6731]]}},{"type":"Feature","properties":{"name":"La Creuse"},"geometry":{"type":"LineString","coordinates":[[1.1501,46.6252],[1.1396,46.6253]]}},{"type":"Feature","properties":{"name":"La Creuse"},"geometry":{"type":"LineString","coordinates":[[1.6146,46.4021],[1.6146,46.4065],[1.6228,46.4155],[1.6233,46.4180],[1.6198,46.4219],[1.6162,46.4229],[1.6123,46.4210],[1.6096,46.4231]]}},{"type":"Feature","properties":{"name":"La Creuse"},"geometry":{"type":"LineString","coordinates":[[1.4810,46.6192],[1.4757,46.6213],[1.4711,46.6248],[1.4601,46.6270],[1.4492,46.6341],[1.4400,46.6375],[1.4314,46.6361]]}},{"type":"Feature","properties":{"name":"La Creuse"},"geometry":{"type":"LineString","coordinates":[[0.9584,46.7023],[0.9556,46.7038],[0.9545,46.7055]]}},{"type":"Feature","properties":{"name":"La Creuse"},"geometry":{"type":"LineString","coordinates":[[0.9629,46.6967],[0.9616,46.6999],[0.9602,46.7007]]}},{"type":"Feature","properties":{"name":"La Creuse"},"geometry":{"type":"LineString","coordinates":[[0.9573,46.7042],[0.9545,46.7055]]}},{"type":"Feature","properties":{"name":"La Creuse"},"geometry":{"type":"LineString","coordinates":[[0.9545,46.7055],[0.9469,46.7146]]}},{"type":"Feature","properties":{"name":"La Creuse"},"geometry":{"type":"LineString","coordinates":[[1.1107,46.6317],[1.1085,46.6332],[1.1070,46.6330]]}},{"type":"Feature","properties":{"name":"La Creuse"},"geometry":{"type":"LineString","coordinates":[[1.0937,46.6304],[1.0897,46.6300]]}},{"type":"Feature","properties":{"name":"La Creuse"},"geometry":{"type":"LineString","coordinates":[[1.1769,46.6270],[1.1726,46.6276],[1.1678,46.6266]]}},{"type":"Feature","properties":{"name":"La Creuse"},"geometry":{"type":"LineString","coordinates":[[1.5837,46.5055],[1.5832,46.5069],[1.5811,46.5075]]}},{"type":"Feature","properties":{"name":"La Creuse"},"geometry":{"type":"LineString","coordinates":[[1.8055,46.3021],[1.8020,46.3054],[1.7966,46.3032],[1.7928,46.3032],[1.7905,46.3053],[1.7883,46.3097],[1.7838,46.3116],[1.7720,46.3097],[1.7695,46.3070],[1.7675,46.3074],[1.7665,46.3147],[1.7652,46.3163],[1.7632,46.3168],[1.7587,46.3158],[1.7561,46.3166],[1.7547,46.3196],[1.7508,46.3210],[1.7490,46.3230],[1.7450,46.3240],[1.7400,46.3300],[1.7305,46.3361],[1.7272,46.3366],[1.7249,46.3404],[1.7193,46.3425],[1.7167,46.3447],[1.7168,46.3481],[1.7132,46.3509],[1.7160,46.3539],[1.7155,46.3551],[1.7107,46.3558],[1.7083,46.3583],[1.7035,46.3578],[1.7018,46.3596],[1.7029,46.3620],[1.6906,46.3673],[1.6892,46.3706],[1.6810,46.3758],[1.6732,46.3836],[1.6708,46.3875],[1.6634,46.3875],[1.6579,46.3899],[1.6547,46.3900],[1.6481,46.3869],[1.6467,46.3835],[1.6430,46.3835],[1.6387,46.3852],[1.6342,46.3890],[1.6272,46.3886],[1.6258,46.3898],[1.6268,46.3933],[1.6257,46.3946],[1.6221,46.3942],[1.6204,46.3984],[1.6144,46.3988],[1.6146,46.4021]]}},{"type":"Feature","properties":{"name":"La Creuse"},"geometry":{"type":"LineString","coordinates":[[1.6128,46.4553],[1.5994,46.4610],[1.5977,46.4634]]}},{"type":"Feature","properties":{"name":"La Creuse"},"geometry":{"type":"LineString","coordinates":[[1.4229,46.6334],[1.4227,46.6333]]}},{"type":"Feature","properties":{"name":"La Creuse"},"geometry":{"type":"LineString","coordinates":[[1.4227,46.6333],[1.4188,46.6290]]}},{"type":"Feature","properties":{"name":"La Creuse"},"geometry":{"type":"LineString","coordinates":[[1.4243,46.6338],[1.4229,46.6334]]}},{"type":"Feature","properties":{"name":"La Creuse"},"geometry":{"type":"LineString","coordinates":[[1.4753,46.6210],[1.4752,46.6211]]}},{"type":"Feature","properties":{"name":"La Creuse"},"geometry":{"type":"LineString","coordinates":[[1.4752,46.6211],[1.4750,46.6218]]}},{"type":"Feature","properties":{"name":"La Creuse"},"geometry":{"type":"LineString","coordinates":[[1.4789,46.6198],[1.4753,46.6210]]}},{"type":"Feature","properties":{"name":"La Creuse"},"geometry":{"type":"LineString","coordinates":[[1.5379,46.5658],[1.5382,46.5673],[1.5368,46.5682]]}},{"type":"Feature","properties":{"name":"La Creuse"},"geometry":{"type":"LineString","coordinates":[[1.6144,46.4545],[1.6134,46.4550]]}},{"type":"Feature","properties":{"name":"La Creuse"},"geometry":{"type":"LineString","coordinates":[[1.6134,46.4550],[1.6128,46.4553]]}},{"type":"Feature","properties":{"name":"La Creuse"},"geometry":{"type":"LineString","coordinates":[[1.6146,46.4533],[1.6144,46.4545]]}},{"type":"Feature","properties":{"name":"La Creuse"},"geometry":{"type":"LineString","coordinates":[[0.9589,46.7020],[0.9573,46.7042]]}},{"type":"Feature","properties":{"name":"La Sauldre"},"geometry":{"type":"LineString","coordinates":[[1.6401,47.3022],[1.6375,47.3011],[1.6363,47.3017],[1.6365,47.3036],[1.6351,47.3037],[1.6316,47.3003],[1.6300,47.2999],[1.6279,47.3008],[1.6270,47.2992],[1.6242,47.3001],[1.6235,47.3013],[1.6179,47.3009],[1.6174,47.3003],[1.6189,47.2986],[1.6176,47.2968],[1.6143,47.2955],[1.6125,47.2982],[1.6089,47.2999],[1.6072,47.2977],[1.6045,47.2983],[1.6040,47.2969],[1.6015,47.2967],[1.6004,47.2955],[1.5971,47.2964],[1.5959,47.2954],[1.5943,47.2969],[1.5879,47.2976],[1.5879,47.2990],[1.5858,47.3003],[1.5826,47.2992],[1.5769,47.2995],[1.5740,47.2984],[1.5715,47.2996],[1.5677,47.2978],[1.5653,47.2985],[1.5620,47.2962],[1.5560,47.2975],[1.5541,47.2953],[1.5521,47.2949],[1.5449,47.2952],[1.5416,47.2933],[1.5404,47.2912],[1.5344,47.2865],[1.5303,47.2847],[1.5268,47.2806],[1.5176,47.2780],[1.5168,47.2760],[1.5110,47.2735]]}},{"type":"Feature","properties":{"name":"La Sauldre"},"geometry":{"type":"LineString","coordinates":[[1.7013,47.3336],[1.6970,47.3316],[1.6912,47.3306],[1.6900,47.3265],[1.6829,47.3227],[1.6777,47.3216],[1.6759,47.3203],[1.6739,47.3213],[1.6701,47.3205],[1.6680,47.3180],[1.6684,47.3152],[1.6654,47.3129],[1.6601,47.3127],[1.6541,47.3146],[1.6509,47.3093],[1.6472,47.3091],[1.6454,47.3052],[1.6435,47.3049],[1.6401,47.3022]]}},{"type":"Feature","properties":{"name":"Le Portefeuille"},"geometry":{"type":"LineString","coordinates":[[1.3890,46.4380],[1.3882,46.4384],[1.3886,46.4396],[1.3851,46.4397],[1.3821,46.4429],[1.3778,46.4408],[1.3727,46.4417],[1.3728,46.4439],[1.3708,46.4441],[1.3695,46.4429],[1.3672,46.4461],[1.3644,46.4479],[1.3619,46.4472],[1.3575,46.4483],[1.3557,46.4463],[1.3532,46.4489],[1.3508,46.4470],[1.3423,46.4475],[1.3401,46.4462],[1.3350,46.4462],[1.3326,46.4469],[1.3311,46.4485]]}},{"type":"Feature","properties":{"name":"Le Portefeuille"},"geometry":{"type":"LineString","coordinates":[[1.3017,46.4591],[1.3003,46.4601]]}},{"type":"Feature","properties":{"name":"Le Portefeuille"},"geometry":{"type":"LineString","coordinates":[[1.3311,46.4485],[1.3289,46.4493],[1.3260,46.4487],[1.3243,46.4504],[1.3196,46.4521],[1.3190,46.4537],[1.3153,46.4545],[1.3111,46.4532],[1.3069,46.4560],[1.3025,46.4569],[1.3017,46.4591]]}},{"type":"Feature","properties":{"name":"Le Portefeuille"},"geometry":{"type":"LineString","coordinates":[[1.3892,46.4379],[1.3890,46.4380]]}},{"type":"Feature","properties":{"name":"Le Portefeuille"},"geometry":{"type":"LineString","coordinates":[[1.3933,46.4393],[1.3903,46.4367],[1.3892,46.4379]]}},{"type":"Feature","properties":{"name":"La Sinaise"},"geometry":{"type":"LineString","coordinates":[[2.1833,46.6211],[2.1828,46.6243],[2.1811,46.6250],[2.1796,46.6283],[2.1812,46.6305],[2.1834,46.6308],[2.1869,46.6336],[2.1880,46.6390],[2.1925,46.6429],[2.1917,46.6437],[2.1925,46.6457],[2.1909,46.6478],[2.1884,46.6484],[2.1884,46.6505],[2.1871,46.6509],[2.1871,46.6519],[2.1817,46.6523],[2.1829,46.6533],[2.1821,46.6538],[2.1829,46.6548],[2.1815,46.6578],[2.1797,46.6592],[2.1790,46.6586],[2.1785,46.6595],[2.1762,46.6600],[2.1760,46.6616],[2.1731,46.6640],[2.1736,46.6649],[2.1728,46.6653],[2.1735,46.6671],[2.1756,46.6680],[2.1748,46.6686],[2.1759,46.6696],[2.1819,46.6730],[2.1850,46.6763],[2.1893,46.6782],[2.1895,46.6795],[2.1879,46.6806],[2.1896,46.6808],[2.1887,46.6817],[2.1896,46.6822],[2.1881,46.6868],[2.1916,46.6911],[2.1913,46.6944],[2.1946,46.6972],[2.1963,46.6974],[2.1957,46.6981],[2.1970,46.6984],[2.1963,46.6990],[2.1976,46.6998],[2.1972,46.7008],[2.1988,46.7017],[2.1975,46.7021],[2.1973,46.7032],[2.1979,46.7043],[2.1972,46.7055],[2.1985,46.7076],[2.1972,46.7082],[2.1978,46.7090],[2.1963,46.7105]]}},{"type":"Feature","properties":{"name":"La Claise"},"geometry":{"type":"LineString","coordinates":[[0.9218,46.8539],[0.9157,46.8567],[0.9122,46.8565],[0.9071,46.8582],[0.9031,46.8604],[0.8925,46.8590],[0.8879,46.8613],[0.8775,46.8636],[0.8658,46.8618],[0.8638,46.8634],[0.8642,46.8677],[0.8660,46.8691],[0.8645,46.8711],[0.8585,46.8730],[0.8529,46.8731],[0.8486,46.8744],[0.8428,46.8786],[0.8397,46.8848],[0.8306,46.8904]]}},{"type":"Feature","properties":{"name":"La Claise"},"geometry":{"type":"LineString","coordinates":[[0.9263,46.8518],[0.9218,46.8539]]}},{"type":"Feature","properties":{"name":"La Claise"},"geometry":{"type":"LineString","coordinates":[[1.1384,46.8059],[1.1294,46.8040],[1.1259,46.8048],[1.1193,46.8038],[1.1065,46.8051],[1.1032,46.8021],[1.0979,46.8046],[1.0823,46.8010],[1.0747,46.8031],[1.0729,46.8020],[1.0658,46.8017],[1.0587,46.7997],[1.0401,46.8060],[1.0079,46.8101],[1.0012,46.8156],[0.9960,46.8170],[0.9914,46.8161],[0.9895,46.8166],[0.9849,46.8198],[0.9821,46.8244],[0.9713,46.8271],[0.9704,46.8286],[0.9677,46.8291],[0.9621,46.8371],[0.9508,46.8371],[0.9483,46.8383],[0.9452,46.8444],[0.9367,46.8515],[0.9284,46.8524],[0.9263,46.8518]]}},{"type":"Feature","properties":{"name":"La Claise"},"geometry":{"type":"LineString","coordinates":[[1.2270,46.8175],[1.2240,46.8178],[1.2185,46.8166],[1.2149,46.8189],[1.2117,46.8174],[1.2066,46.8185],[1.2027,46.8164],[1.1938,46.8143],[1.1811,46.8151],[1.1777,46.8125],[1.1680,46.8121],[1.1667,46.8114]]}},{"type":"Feature","properties":{"name":"La Claise"},"geometry":{"type":"LineString","coordinates":[[1.2274,46.8173],[1.2265,46.8188],[1.2190,46.8177],[1.2153,46.8192],[1.2113,46.8186],[1.2106,46.8196]]}},{"type":"Feature","properties":{"name":"La Claise"},"geometry":{"type":"LineString","coordinates":[[1.2879,46.8318],[1.2836,46.8307],[1.2754,46.8322],[1.2711,46.8316],[1.2693,46.8276],[1.2660,46.8256],[1.2650,46.8240],[1.2602,46.8254],[1.2468,46.8239],[1.2443,46.8228],[1.2451,46.8205],[1.2442,46.8191],[1.2408,46.8188],[1.2390,46.8203]]}},{"type":"Feature","properties":{"name":"La Claise"},"geometry":{"type":"LineString","coordinates":[[1.4382,46.8008],[1.4191,46.7983],[1.4104,46.8018],[1.3945,46.8034]]}},{"type":"Feature","properties":{"name":"La Claise"},"geometry":{"type":"LineString","coordinates":[[1.3850,46.8051],[1.3806,46.8040],[1.3767,46.8064],[1.3643,46.8069]]}},{"type":"Feature","properties":{"name":"La Claise"},"geometry":{"type":"LineString","coordinates":[[1.2363,46.8206],[1.2337,46.8199],[1.2324,46.8164],[1.2289,46.8163],[1.2279,46.8173]]}},{"type":"Feature","properties":{"name":"La Claise"},"geometry":{"type":"LineString","coordinates":[[1.2390,46.8203],[1.2363,46.8206]]}},{"type":"Feature","properties":{"name":"La Claise"},"geometry":{"type":"LineString","coordinates":[[1.2279,46.8173],[1.2270,46.8175]]}},{"type":"Feature","properties":{"name":"La Claise"},"geometry":{"type":"LineString","coordinates":[[1.3029,46.8314],[1.2996,46.8324],[1.2915,46.8289],[1.2890,46.8319],[1.2879,46.8318]]}},{"type":"Feature","properties":{"name":"La Claise"},"geometry":{"type":"LineString","coordinates":[[1.3178,46.8268],[1.3130,46.8292],[1.3089,46.8282],[1.3062,46.8286],[1.3029,46.8314]]}},{"type":"Feature","properties":{"name":"La Claise"},"geometry":{"type":"LineString","coordinates":[[1.5060,46.7931],[1.5027,46.7920],[1.4968,46.7930],[1.4867,46.7928],[1.4817,46.7898],[1.4788,46.7907],[1.4736,46.7948],[1.4669,46.7943],[1.4589,46.7953],[1.4500,46.7990],[1.4441,46.7987],[1.4382,46.8008]]}},{"type":"Feature","properties":{"name":"La Claise"},"geometry":{"type":"LineString","coordinates":[[1.1667,46.8114],[1.1560,46.8074],[1.1439,46.8055],[1.1384,46.8059]]}},{"type":"Feature","properties":{"name":"La Claise"},"geometry":{"type":"LineString","coordinates":[[1.3643,46.8073],[1.3646,46.8094]]}},{"type":"Feature","properties":{"name":"La Claise"},"geometry":{"type":"LineString","coordinates":[[1.3643,46.8069],[1.3643,46.8073]]}},{"type":"Feature","properties":{"name":"La Claise"},"geometry":{"type":"LineString","coordinates":[[1.2106,46.8196],[1.2106,46.8196]]}},{"type":"Feature","properties":{"name":"La Claise"},"geometry":{"type":"LineString","coordinates":[[1.2090,46.8203],[1.2072,46.8199],[1.2068,46.8184]]}},{"type":"Feature","properties":{"name":"La Claise"},"geometry":{"type":"LineString","coordinates":[[0.8991,46.8599],[0.8955,46.8584],[0.8922,46.8591]]}},{"type":"Feature","properties":{"name":"La Claise"},"geometry":{"type":"LineString","coordinates":[[1.4100,46.8017],[1.4003,46.8002],[1.3945,46.8034]]}},{"type":"Feature","properties":{"name":"La Claise"},"geometry":{"type":"LineString","coordinates":[[1.3945,46.8034],[1.3873,46.8053],[1.3774,46.8062],[1.3757,46.8075],[1.3608,46.8103],[1.3505,46.8091],[1.3452,46.8098],[1.3419,46.8123],[1.3415,46.8145],[1.3380,46.8146],[1.3350,46.8169],[1.3328,46.8162],[1.3324,46.8176],[1.3295,46.8188],[1.3264,46.8183],[1.3277,46.8220],[1.3218,46.8230],[1.3210,46.8251],[1.3178,46.8268]]}},{"type":"Feature","properties":{"name":"La Claise"},"geometry":{"type":"LineString","coordinates":[[1.2106,46.8196],[1.2092,46.8202]]}},{"type":"Feature","properties":{"name":"La Claise"},"geometry":{"type":"LineString","coordinates":[[1.2092,46.8202],[1.2090,46.8203]]}},{"type":"Feature","properties":{"name":"La Théols"},"geometry":{"type":"LineString","coordinates":[[1.9746,46.9156],[1.9748,46.9167],[1.9777,46.9169],[1.9863,46.9240],[1.9905,46.9337],[1.9919,46.9402],[1.9909,46.9416],[1.9926,46.9427],[1.9929,46.9444],[1.9913,46.9462],[1.9849,46.9469]]}},{"type":"Feature","properties":{"name":"La Théols"},"geometry":{"type":"LineString","coordinates":[[1.9429,46.8823],[1.9443,46.8844],[1.9441,46.8870],[1.9475,46.8907],[1.9501,46.8919],[1.9502,46.8928],[1.9540,46.8944],[1.9556,46.8963],[1.9564,46.8998],[1.9600,46.9026],[1.9590,46.9050],[1.9673,46.9086],[1.9696,46.9131],[1.9746,46.9156]]}},{"type":"Feature","properties":{"name":"La Théols"},"geometry":{"type":"LineString","coordinates":[[1.9843,46.9471],[1.9847,46.9488],[1.9899,46.9565],[1.9934,46.9612],[1.9955,46.9625]]}},{"type":"Feature","properties":{"name":"La Théols"},"geometry":{"type":"LineString","coordinates":[[1.9955,46.9625],[1.9957,46.9630]]}},{"type":"Feature","properties":{"name":"La Théols"},"geometry":{"type":"LineString","coordinates":[[1.9957,46.9630],[1.9967,46.9655],[1.9953,46.9659],[2.0002,46.9741],[2.0027,46.9755],[2.0061,46.9817],[2.0073,46.9813],[2.0136,46.9845],[2.0217,46.9928],[2.0339,47.0212],[2.0402,47.0230],[2.0414,47.0241],[2.0438,47.0240],[2.0458,47.0253],[2.0443,47.0283],[2.0417,47.0292],[2.0384,47.0332],[2.0352,47.0350],[2.0286,47.0471],[2.0335,47.0495],[2.0340,47.0523],[2.0358,47.0533],[2.0364,47.0587],[2.0387,47.0632],[2.0379,47.0653],[2.0392,47.0665],[2.0449,47.0674],[2.0465,47.0688],[2.0513,47.0688],[2.0534,47.0702]]}},{"type":"Feature","properties":{"name":"La Théols"},"geometry":{"type":"LineString","coordinates":[[2.0190,46.9900],[2.0194,46.9944],[2.0222,46.9952]]}},{"type":"Feature","properties":{"name":"La Théols"},"geometry":{"type":"LineString","coordinates":[[1.9698,46.8026],[1.9719,46.8069],[1.9747,46.8085],[1.9745,46.8105],[1.9707,46.8118],[1.9642,46.8117],[1.9624,46.8127],[1.9626,46.8145]]}},{"type":"Feature","properties":{"name":"La Théols"},"geometry":{"type":"LineString","coordinates":[[1.9626,46.8145],[1.9627,46.8169],[1.9539,46.8200],[1.9555,46.8221],[1.9613,46.8234],[1.9640,46.8262],[1.9617,46.8278],[1.9583,46.8286],[1.9588,46.8314],[1.9612,46.8346],[1.9545,46.8369],[1.9533,46.8383],[1.9511,46.8378],[1.9504,46.8386],[1.9504,46.8454],[1.9525,46.8484],[1.9478,46.8502],[1.9451,46.8537],[1.9452,46.8564],[1.9476,46.8580]]}},{"type":"Feature","properties":{"name":"La Théols"},"geometry":{"type":"LineString","coordinates":[[1.9848,46.9469],[1.9843,46.9471]]}},{"type":"Feature","properties":{"name":"La Théols"},"geometry":{"type":"LineString","coordinates":[[1.9849,46.9469],[1.9848,46.9469]]}},{"type":"Feature","properties":{"name":"La Théols"},"geometry":{"type":"LineString","coordinates":[[2.0284,47.0462],[2.0286,47.0468]]}},{"type":"Feature","properties":{"name":"La Théols"},"geometry":{"type":"LineString","coordinates":[[2.0285,47.0461],[2.0284,47.0462]]}},{"type":"Feature","properties":{"name":"La Théols"},"geometry":{"type":"LineString","coordinates":[[2.0289,47.0456],[2.0285,47.0461]]}},{"type":"Feature","properties":{"name":"La Théols"},"geometry":{"type":"LineString","coordinates":[[1.9919,46.9402],[1.9923,46.9425]]}},{"type":"Feature","properties":{"name":"La Théols"},"geometry":{"type":"LineString","coordinates":[[1.9476,46.8580],[1.9515,46.8600],[1.9546,46.8596],[1.9571,46.8628],[1.9544,46.8636],[1.9546,46.8671],[1.9485,46.8687],[1.9480,46.8713],[1.9508,46.8762],[1.9446,46.8782],[1.9427,46.8803],[1.9429,46.8823]]}},{"type":"Feature","properties":{"name":"La Théols"},"geometry":{"type":"LineString","coordinates":[[1.9476,46.8580],[1.9476,46.8580]]}},{"type":"Feature","properties":{"name":"La Théols"},"geometry":{"type":"LineString","coordinates":[[1.9453,46.8779],[1.9444,46.8784]]}},{"type":"Feature","properties":{"name":"La Théols"},"geometry":{"type":"LineString","coordinates":[[1.9452,46.8781],[1.9449,46.8780]]}},{"type":"Feature","properties":{"name":"La Théols"},"geometry":{"type":"LineString","coordinates":[[1.9856,46.9496],[1.9854,46.9497]]}},{"type":"Feature","properties":{"name":"Le Fouzon"},"geometry":{"type":"LineString","coordinates":[[1.8452,47.1434],[1.8449,47.1435]]}},{"type":"Feature","properties":{"name":"Le Fouzon"},"geometry":{"type":"LineString","coordinates":[[1.8689,47.1374],[1.8688,47.1364],[1.8635,47.1369]]}},{"type":"Feature","properties":{"name":"Le Fouzon"},"geometry":{"type":"LineString","coordinates":[[1.8901,47.1260],[1.8700,47.1296],[1.8689,47.1311],[1.8710,47.1352],[1.8704,47.1368]]}},{"type":"Feature","properties":{"name":"Le Fouzon"},"geometry":{"type":"LineString","coordinates":[[1.8471,47.1432],[1.8473,47.1435]]}},{"type":"Feature","properties":{"name":"Le Fouzon"},"geometry":{"type":"LineString","coordinates":[[1.8479,47.1431],[1.8468,47.1436]]}},{"type":"Feature","properties":{"name":"Le Fouzon"},"geometry":{"type":"LineString","coordinates":[[1.8383,47.1471],[1.8361,47.1491],[1.8374,47.1547],[1.8290,47.1548],[1.8279,47.1557],[1.8275,47.1582]]}},{"type":"Feature","properties":{"name":"Le Fouzon"},"geometry":{"type":"LineString","coordinates":[[1.8443,47.1434],[1.8383,47.1471]]}},{"type":"Feature","properties":{"name":"Le Fouzon"},"geometry":{"type":"LineString","coordinates":[[1.8404,47.1458],[1.8386,47.1469]]}},{"type":"Feature","properties":{"name":"Le Fouzon"},"geometry":{"type":"LineString","coordinates":[[1.8451,47.1433],[1.8450,47.1433]]}},{"type":"Feature","properties":{"name":"Le Fouzon"},"geometry":{"type":"LineString","coordinates":[[1.8450,47.1433],[1.8443,47.1434]]}},{"type":"Feature","properties":{"name":"Le Fouzon"},"geometry":{"type":"LineString","coordinates":[[1.8467,47.1437],[1.8452,47.1434]]}},{"type":"Feature","properties":{"name":"Le Fouzon"},"geometry":{"type":"LineString","coordinates":[[1.8465,47.1434],[1.8452,47.1434]]}},{"type":"Feature","properties":{"name":"Le Fouzon"},"geometry":{"type":"LineString","coordinates":[[1.8468,47.1436],[1.8467,47.1437]]}},{"type":"Feature","properties":{"name":"Le Fouzon"},"geometry":{"type":"LineString","coordinates":[[1.8467,47.1433],[1.8465,47.1434]]}},{"type":"Feature","properties":{"name":"Le Fouzon"},"geometry":{"type":"LineString","coordinates":[[1.6003,47.2253],[1.5978,47.2307],[1.5983,47.2320],[1.5973,47.2334],[1.5959,47.2337],[1.5977,47.2360],[1.5974,47.2387],[1.6001,47.2435],[1.5968,47.2447],[1.5969,47.2458],[1.5936,47.2460],[1.5924,47.2471],[1.5814,47.2463],[1.5715,47.2468],[1.5701,47.2461],[1.5631,47.2475],[1.5601,47.2468],[1.5493,47.2499]]}},{"type":"Feature","properties":{"name":"Le Fouzon"},"geometry":{"type":"LineString","coordinates":[[1.8167,47.1594],[1.8156,47.1631],[1.8114,47.1636]]}},{"type":"Feature","properties":{"name":"Le Fouzon"},"geometry":{"type":"LineString","coordinates":[[1.6364,47.2412],[1.6293,47.2384],[1.6303,47.2374],[1.6267,47.2349],[1.6279,47.2340],[1.6262,47.2327],[1.6243,47.2321],[1.6226,47.2326],[1.6205,47.2308],[1.6225,47.2263],[1.6215,47.2256],[1.6225,47.2252],[1.6195,47.2200],[1.6151,47.2184],[1.6117,47.2186]]}},{"type":"Feature","properties":{"name":"Le Fouzon"},"geometry":{"type":"LineString","coordinates":[[1.7566,47.2018],[1.7553,47.2029],[1.7554,47.2048],[1.7582,47.2059],[1.7587,47.2073],[1.7605,47.2081],[1.7585,47.2110]]}},{"type":"Feature","properties":{"name":"Le Fouzon"},"geometry":{"type":"LineString","coordinates":[[1.8449,47.1435],[1.8448,47.1436]]}},{"type":"Feature","properties":{"name":"Le Fouzon"},"geometry":{"type":"LineString","coordinates":[[1.8448,47.1436],[1.8443,47.1434]]}},{"type":"Feature","properties":{"name":"Le Fouzon"},"geometry":{"type":"LineString","coordinates":[[1.7455,47.2215],[1.7394,47.2216],[1.7344,47.2241]]}},{"type":"Feature","properties":{"name":"Le Fouzon"},"geometry":{"type":"LineString","coordinates":[[1.7585,47.2110],[1.7549,47.2146],[1.7558,47.2170],[1.7579,47.2183]]}},{"type":"Feature","properties":{"name":"Le Fouzon"},"geometry":{"type":"LineString","coordinates":[[1.7585,47.2110],[1.7568,47.2144],[1.7589,47.2199],[1.7583,47.2210],[1.7546,47.2218],[1.7513,47.2211],[1.7455,47.2215]]}},{"type":"Feature","properties":{"name":"Le Fouzon"},"geometry":{"type":"LineString","coordinates":[[1.7155,47.2318],[1.7050,47.2336],[1.6876,47.2316]]}},{"type":"Feature","properties":{"name":"Le Fouzon"},"geometry":{"type":"LineString","coordinates":[[1.7584,47.2188],[1.7609,47.2201],[1.7606,47.2218],[1.7541,47.2224],[1.7467,47.2215]]}},{"type":"Feature","properties":{"name":"Le Fouzon"},"geometry":{"type":"LineString","coordinates":[[1.6611,47.2408],[1.6598,47.2435],[1.6559,47.2435],[1.6531,47.2402],[1.6527,47.2380],[1.6492,47.2361],[1.6455,47.2366],[1.6442,47.2379],[1.6451,47.2386],[1.6443,47.2396],[1.6393,47.2428],[1.6372,47.2427],[1.6364,47.2412]]}},{"type":"Feature","properties":{"name":"Le Fouzon"},"geometry":{"type":"LineString","coordinates":[[1.6088,47.2189],[1.6038,47.2164],[1.6003,47.2177],[1.5977,47.2231],[1.5993,47.2252],[1.6003,47.2253]]}},{"type":"Feature","properties":{"name":"Le Fouzon"},"geometry":{"type":"LineString","coordinates":[[1.6003,47.2177],[1.5988,47.2204]]}},{"type":"Feature","properties":{"name":"Le Fouzon"},"geometry":{"type":"LineString","coordinates":[[1.7455,47.2215],[1.7445,47.2225],[1.7393,47.2234]]}},{"type":"Feature","properties":{"name":"Le Fouzon"},"geometry":{"type":"LineString","coordinates":[[1.7344,47.2241],[1.7283,47.2254],[1.7231,47.2316],[1.7184,47.2328],[1.7155,47.2318]]}},{"type":"Feature","properties":{"name":"Le Fouzon"},"geometry":{"type":"LineString","coordinates":[[1.6045,47.2167],[1.6002,47.2182]]}},{"type":"Feature","properties":{"name":"Le Fouzon"},"geometry":{"type":"LineString","coordinates":[[1.7155,47.2318],[1.7134,47.2306],[1.7042,47.2327],[1.6954,47.2307],[1.6881,47.2306],[1.6876,47.2316]]}},{"type":"Feature","properties":{"name":"Le Fouzon"},"geometry":{"type":"LineString","coordinates":[[1.6117,47.2186],[1.6074,47.2191],[1.6033,47.2211],[1.6009,47.2230],[1.6003,47.2253]]}},{"type":"Feature","properties":{"name":"Le Fouzon"},"geometry":{"type":"LineString","coordinates":[[1.6081,47.2185],[1.6022,47.2205],[1.5990,47.2245]]}},{"type":"Feature","properties":{"name":"Le Fouzon"},"geometry":{"type":"LineString","coordinates":[[1.6876,47.2316],[1.6848,47.2308],[1.6807,47.2314],[1.6784,47.2328],[1.6767,47.2321],[1.6704,47.2328],[1.6673,47.2348],[1.6627,47.2358],[1.6619,47.2372],[1.6623,47.2402],[1.6611,47.2408]]}},{"type":"Feature","properties":{"name":"Le Fouzon"},"geometry":{"type":"LineString","coordinates":[[1.5493,47.2499],[1.5475,47.2490],[1.5383,47.2530],[1.5320,47.2498]]}},{"type":"Feature","properties":{"name":"Le Fouzon"},"geometry":{"type":"LineString","coordinates":[[1.5410,47.2518],[1.5343,47.2495]]}},{"type":"Feature","properties":{"name":"Le Fouzon"},"geometry":{"type":"LineString","coordinates":[[1.5433,47.2505],[1.5409,47.2510],[1.5353,47.2488],[1.5328,47.2503]]}},{"type":"Feature","properties":{"name":"Le Fouzon"},"geometry":{"type":"LineString","coordinates":[[1.5497,47.2498],[1.5500,47.2508],[1.5475,47.2515],[1.5419,47.2517]]}},{"type":"Feature","properties":{"name":"Le Fouzon"},"geometry":{"type":"LineString","coordinates":[[1.5200,47.2428],[1.5186,47.2425],[1.5137,47.2456],[1.5124,47.2536],[1.5132,47.2553],[1.5121,47.2563],[1.5097,47.2561],[1.5067,47.2576],[1.4985,47.2578],[1.4948,47.2604],[1.4797,47.2602],[1.4751,47.2618],[1.4725,47.2605],[1.4717,47.2616],[1.4662,47.2625],[1.4629,47.2648],[1.4576,47.2630]]}},{"type":"Feature","properties":{"name":"Le Fouzon"},"geometry":{"type":"LineString","coordinates":[[1.5320,47.2498],[1.5311,47.2489]]}},{"type":"Feature","properties":{"name":"Le Fouzon"},"geometry":{"type":"LineString","coordinates":[[1.5439,47.2515],[1.5430,47.2509]]}},{"type":"Feature","properties":{"name":"Le Fouzon"},"geometry":{"type":"LineString","coordinates":[[1.8475,47.1431],[1.8472,47.1432]]}},{"type":"Feature","properties":{"name":"Le Fouzon"},"geometry":{"type":"LineString","coordinates":[[1.8472,47.1432],[1.8467,47.1433]]}},{"type":"Feature","properties":{"name":"Le Fouzon"},"geometry":{"type":"LineString","coordinates":[[1.8275,47.1582],[1.8275,47.1583]]}},{"type":"Feature","properties":{"name":"Le Fouzon"},"geometry":{"type":"LineString","coordinates":[[1.8275,47.1583],[1.8252,47.1599],[1.8213,47.1590],[1.8167,47.1594]]}},{"type":"Feature","properties":{"name":"Le Fouzon"},"geometry":{"type":"LineString","coordinates":[[1.8585,47.1391],[1.8584,47.1391]]}},{"type":"Feature","properties":{"name":"Le Fouzon"},"geometry":{"type":"LineString","coordinates":[[1.8584,47.1391],[1.8538,47.1404],[1.8498,47.1430],[1.8475,47.1431]]}},{"type":"Feature","properties":{"name":"Le Fouzon"},"geometry":{"type":"LineString","coordinates":[[1.9119,47.1130],[1.9102,47.1136]]}},{"type":"Feature","properties":{"name":"Le Fouzon"},"geometry":{"type":"LineString","coordinates":[[1.9102,47.1137],[1.9052,47.1146]]}},{"type":"Feature","properties":{"name":"Le Fouzon"},"geometry":{"type":"LineString","coordinates":[[1.9052,47.1146],[1.9053,47.1149]]}},{"type":"Feature","properties":{"name":"Le Fouzon"},"geometry":{"type":"LineString","coordinates":[[1.9053,47.1149],[1.9052,47.1150]]}},{"type":"Feature","properties":{"name":"Le Fouzon"},"geometry":{"type":"LineString","coordinates":[[1.9102,47.1136],[1.9102,47.1137]]}},{"type":"Feature","properties":{"name":"Le Fouzon"},"geometry":{"type":"LineString","coordinates":[[1.9052,47.1150],[1.9049,47.1151]]}},{"type":"Feature","properties":{"name":"Le Fouzon"},"geometry":{"type":"LineString","coordinates":[[1.9049,47.1151],[1.9022,47.1154],[1.8993,47.1171],[1.8984,47.1202],[1.8938,47.1224],[1.8903,47.1259]]}},{"type":"Feature","properties":{"name":"Le Fouzon"},"geometry":{"type":"LineString","coordinates":[[1.8903,47.1259],[1.8901,47.1260]]}},{"type":"Feature","properties":{"name":"Le Fouzon"},"geometry":{"type":"LineString","coordinates":[[1.8114,47.1636],[1.8113,47.1636]]}},{"type":"Feature","properties":{"name":"Le Fouzon"},"geometry":{"type":"LineString","coordinates":[[1.8059,47.1618],[1.8050,47.1634],[1.8054,47.1665],[1.7992,47.1674],[1.7975,47.1666],[1.7944,47.1683],[1.7886,47.1674],[1.7797,47.1687],[1.7773,47.1705],[1.7781,47.1714],[1.7771,47.1731],[1.7739,47.1751],[1.7706,47.1752],[1.7679,47.1764],[1.7653,47.1794],[1.7662,47.1806],[1.7656,47.1809],[1.7676,47.1819],[1.7661,47.1847],[1.7668,47.1866],[1.7654,47.1887],[1.7614,47.1905],[1.7611,47.1935],[1.7573,47.1939],[1.7561,47.1964],[1.7570,47.1997],[1.7566,47.2018]]}},{"type":"Feature","properties":{"name":"Le Fouzon"},"geometry":{"type":"LineString","coordinates":[[1.8083,47.1619],[1.8051,47.1642]]}},{"type":"Feature","properties":{"name":"Le Fouzon"},"geometry":{"type":"LineString","coordinates":[[1.8026,47.1669],[1.8006,47.1672]]}},{"type":"Feature","properties":{"name":"Le Fouzon"},"geometry":{"type":"LineString","coordinates":[[1.7570,47.1994],[1.7566,47.2018]]}},{"type":"Feature","properties":{"name":"Le Fouzon"},"geometry":{"type":"LineString","coordinates":[[1.8635,47.1369],[1.8585,47.1391]]}},{"type":"Feature","properties":{"name":"Le Fouzon"},"geometry":{"type":"LineString","coordinates":[[1.8061,47.1617],[1.8059,47.1618]]}},{"type":"Feature","properties":{"name":"Le Fouzon"},"geometry":{"type":"LineString","coordinates":[[1.8110,47.1634],[1.8099,47.1620],[1.8061,47.1617]]}},{"type":"Feature","properties":{"name":"Le Fouzon"},"geometry":{"type":"LineString","coordinates":[[1.8411,47.1452],[1.8400,47.1458]]}},{"type":"Feature","properties":{"name":"Le Fouzon"},"geometry":{"type":"LineString","coordinates":[[1.8702,47.1369],[1.8649,47.1376],[1.8635,47.1369]]}},{"type":"Feature","properties":{"name":"Le Fouzon"},"geometry":{"type":"LineString","coordinates":[[1.8704,47.1368],[1.8702,47.1369]]}},{"type":"Feature","properties":{"name":"Le Fouzon"},"geometry":{"type":"LineString","coordinates":[[1.8005,47.1672],[1.7994,47.1673]]}},{"type":"Feature","properties":{"name":"Le Fouzon"},"geometry":{"type":"LineString","coordinates":[[1.8006,47.1672],[1.8005,47.1672]]}},{"type":"Feature","properties":{"name":"Le Fouzon"},"geometry":{"type":"LineString","coordinates":[[1.5260,47.2428],[1.5250,47.2434],[1.5229,47.2425],[1.5200,47.2428]]}},{"type":"Feature","properties":{"name":"Le Fouzon"},"geometry":{"type":"LineString","coordinates":[[1.5311,47.2489],[1.5260,47.2428]]}},{"type":"Feature","properties":{"name":"Le Fouzon"},"geometry":{"type":"LineString","coordinates":[[1.7387,47.2236],[1.7344,47.2241]]}},{"type":"Feature","properties":{"name":"Le Fouzon"},"geometry":{"type":"LineString","coordinates":[[1.7393,47.2234],[1.7387,47.2236]]}},{"type":"Feature","properties":{"name":"Le Fouzon"},"geometry":{"type":"LineString","coordinates":[[1.5597,47.2468],[1.5595,47.2469]]}},{"type":"Feature","properties":{"name":"Le Fouzon"},"geometry":{"type":"LineString","coordinates":[[1.5601,47.2468],[1.5597,47.2468]]}},{"type":"Feature","properties":{"name":"Le Fouzon"},"geometry":{"type":"LineString","coordinates":[[1.5595,47.2469],[1.5581,47.2476]]}},{"type":"Feature","properties":{"name":"Le Fouzon"},"geometry":{"type":"LineString","coordinates":[[1.5623,47.2472],[1.5600,47.2470]]}},{"type":"Feature","properties":{"name":"Le Cher"},"geometry":{"type":"LineString","coordinates":[[2.2665,46.9431],[2.2683,46.9461],[2.2671,46.9493],[2.2685,46.9537],[2.2587,46.9591],[2.2545,46.9599],[2.2536,46.9610],[2.2546,46.9683],[2.2525,46.9691],[2.2509,46.9739],[2.2515,46.9773],[2.2538,46.9783],[2.2538,46.9793],[2.2470,46.9869],[2.2458,46.9904],[2.2405,46.9951],[2.2395,46.9975],[2.2338,46.9991],[2.2310,47.0007],[2.2301,47.0029],[2.2267,47.0038]]}},{"type":"Feature","properties":{"name":"Le Cher"},"geometry":{"type":"LineString","coordinates":[[2.2375,46.9982],[2.2330,46.9999]]}},{"type":"Feature","properties":{"name":"Le Cher"},"geometry":{"type":"LineString","coordinates":[[1.3825,47.2669],[1.3796,47.2691]]}},{"type":"Feature","properties":{"name":"Le Cher"},"geometry":{"type":"LineString","coordinates":[[2.2267,47.0038],[2.2255,47.0046],[2.2255,47.0063],[2.2243,47.0078],[2.2261,47.0104],[2.2255,47.0118],[2.2135,47.0225],[2.2165,47.0264],[2.2207,47.0261],[2.2207,47.0280],[2.2169,47.0305],[2.2097,47.0329],[2.2083,47.0345],[2.2103,47.0412],[2.2078,47.0455],[2.2081,47.0560],[2.2039,47.0626],[2.2019,47.0641],[2.1981,47.0649],[2.1947,47.0676],[2.1962,47.0712],[2.1948,47.0776],[2.1962,47.0806],[2.1943,47.0848]]}},{"type":"Feature","properties":{"name":"Le Cher"},"geometry":{"type":"LineString","coordinates":[[2.2019,47.0641],[2.1999,47.0658],[2.1963,47.0659]]}},{"type":"Feature","properties":{"name":"Le Cher"},"geometry":{"type":"LineString","coordinates":[[2.0560,47.2188],[2.0525,47.2189],[2.0489,47.2174],[2.0456,47.2173],[2.0312,47.2187],[2.0259,47.2201],[2.0219,47.2191],[2.0173,47.2201],[2.0084,47.2163]]}},{"type":"Feature","properties":{"name":"Le Cher"},"geometry":{"type":"LineString","coordinates":[[2.1943,47.0848],[2.1887,47.0894],[2.1804,47.0931],[2.1798,47.0963],[2.1755,47.0978],[2.1747,47.1023],[2.1812,47.1059],[2.1811,47.1119],[2.1786,47.1135],[2.1736,47.1110],[2.1698,47.1126],[2.1701,47.1159],[2.1689,47.1202],[2.1710,47.1269],[2.1651,47.1314],[2.1641,47.1343],[2.1579,47.1390],[2.1572,47.1435],[2.1615,47.1511],[2.1601,47.1566],[2.1575,47.1580],[2.1536,47.1578],[2.1514,47.1599],[2.1513,47.1625],[2.1559,47.1638],[2.1549,47.1654],[2.1448,47.1712],[2.1412,47.1755],[2.1358,47.1758],[2.1346,47.1766],[2.1334,47.1778],[2.1343,47.1813],[2.1331,47.1831],[2.1257,47.1836],[2.1238,47.1855],[2.1227,47.1898],[2.1240,47.1929],[2.1203,47.1941],[2.1165,47.1971],[2.1138,47.1967],[2.1104,47.1942],[2.1066,47.1981],[2.0935,47.1974],[2.0916,47.2032],[2.0849,47.2069]]}},{"type":"Feature","properties":{"name":"Le Cher"},"geometry":{"type":"LineString","coordinates":[[2.0084,47.2163],[2.0012,47.2186],[2.0011,47.2198],[2.0031,47.2223]]}},{"type":"Feature","properties":{"name":"Le Cher"},"geometry":{"type":"LineString","coordinates":[[2.0031,47.2223],[2.0035,47.2238],[2.0025,47.2246],[1.9980,47.2255],[1.9971,47.2246],[1.9975,47.2220],[1.9961,47.2207],[1.9912,47.2216],[1.9877,47.2211]]}},{"type":"Feature","properties":{"name":"Le Cher"},"geometry":{"type":"LineString","coordinates":[[1.9157,47.2596],[1.9154,47.2594]]}},{"type":"Feature","properties":{"name":"Le Cher"},"geometry":{"type":"LineString","coordinates":[[1.9705,47.2301],[1.9675,47.2306],[1.9636,47.2293],[1.9564,47.2327],[1.9511,47.2329],[1.9493,47.2355],[1.9462,47.2373],[1.9464,47.2389],[1.9488,47.2402],[1.9499,47.2432],[1.9442,47.2467],[1.9426,47.2506],[1.9357,47.2512],[1.9308,47.2530],[1.9234,47.2495],[1.9178,47.2521],[1.9157,47.2563],[1.9154,47.2594],[1.9060,47.2616],[1.9016,47.2646],[1.8975,47.2644],[1.8940,47.2628],[1.8870,47.2644],[1.8774,47.2644],[1.8740,47.2678],[1.8645,47.2666],[1.8609,47.2677],[1.8581,47.2709],[1.8494,47.2709],[1.8483,47.2745],[1.8456,47.2753],[1.8414,47.2736],[1.8427,47.2707],[1.8418,47.2695],[1.8346,47.2701],[1.8289,47.2727],[1.8163,47.2752],[1.8098,47.2797],[1.8074,47.2802],[1.8005,47.2791],[1.7933,47.2802],[1.7890,47.2825],[1.7879,47.2842],[1.7886,47.2864],[1.7857,47.2879],[1.7811,47.2878],[1.7756,47.2848],[1.7727,47.2855],[1.7681,47.2849],[1.7649,47.2832],[1.7616,47.2839],[1.7583,47.2884],[1.7566,47.2890],[1.7542,47.2884],[1.7511,47.2854],[1.7415,47.2833],[1.7272,47.2832],[1.7237,47.2822],[1.7120,47.2734],[1.7055,47.2716],[1.7046,47.2705],[1.7061,47.2664],[1.7054,47.2656],[1.6954,47.2632],[1.6834,47.2632],[1.6815,47.2626],[1.6789,47.2598],[1.6702,47.2607],[1.6687,47.2597],[1.6687,47.2582],[1.6673,47.2581],[1.6499,47.2615],[1.6445,47.2646],[1.6460,47.2668],[1.6506,47.2680],[1.6533,47.2702],[1.6523,47.2728],[1.6511,47.2733],[1.6483,47.2734],[1.6435,47.2715],[1.6379,47.2747],[1.6313,47.2742],[1.6256,47.2752],[1.6190,47.2722],[1.6161,47.2735],[1.6138,47.2769],[1.6121,47.2774],[1.6082,47.2750],[1.6056,47.2749],[1.5956,47.2754],[1.5876,47.2772],[1.5834,47.2747],[1.5789,47.2760],[1.5771,47.2782],[1.5746,47.2790],[1.5693,47.2750],[1.5677,47.2723],[1.5654,47.2714],[1.5611,47.2733],[1.5611,47.2768],[1.5598,47.2783],[1.5510,47.2770]]}},{"type":"Feature","properties":{"name":"Le Cher"},"geometry":{"type":"LineString","coordinates":[[1.9877,47.2211],[1.9856,47.2225],[1.9842,47.2270],[1.9821,47.2287],[1.9803,47.2293],[1.9746,47.2281],[1.9714,47.2291],[1.9705,47.2301]]}},{"type":"Feature","properties":{"name":"Le Cher"},"geometry":{"type":"LineString","coordinates":[[1.4129,47.2594],[1.4094,47.2598],[1.4056,47.2622],[1.4052,47.2640],[1.4064,47.2662],[1.4044,47.2685],[1.4006,47.2690],[1.3962,47.2667]]}},{"type":"Feature","properties":{"name":"Le Cher"},"geometry":{"type":"LineString","coordinates":[[1.4466,47.2636],[1.4424,47.2642],[1.4309,47.2619],[1.4288,47.2626],[1.4258,47.2662],[1.4186,47.2667],[1.4153,47.2652],[1.4162,47.2610],[1.4129,47.2594]]}},{"type":"Feature","properties":{"name":"Le Cher"},"geometry":{"type":"LineString","coordinates":[[1.3796,47.2691],[1.3783,47.2716],[1.3744,47.2723],[1.3681,47.2767]]}},{"type":"Feature","properties":{"name":"Le Cher"},"geometry":{"type":"LineString","coordinates":[[1.3608,47.2848],[1.3520,47.2856],[1.3486,47.2891],[1.3428,47.2912]]}},{"type":"Feature","properties":{"name":"Le Cher"},"geometry":{"type":"LineString","coordinates":[[1.4605,47.2649],[1.4568,47.2626],[1.4526,47.2619],[1.4466,47.2636]]}},{"type":"Feature","properties":{"name":"Le Cher"},"geometry":{"type":"LineString","coordinates":[[1.3796,47.2691],[1.3761,47.2707]]}},{"type":"Feature","properties":{"name":"Le Cher"},"geometry":{"type":"LineString","coordinates":[[1.3681,47.2767],[1.3646,47.2786]]}},{"type":"Feature","properties":{"name":"Le Cher"},"geometry":{"type":"LineString","coordinates":[[1.3646,47.2786],[1.3618,47.2805],[1.3608,47.2848]]}},{"type":"Feature","properties":{"name":"Le Cher"},"geometry":{"type":"LineString","coordinates":[[1.3428,47.2912],[1.3381,47.2910],[1.3313,47.2938],[1.3285,47.2975],[1.3189,47.3049],[1.3183,47.3068],[1.3198,47.3096],[1.3168,47.3136],[1.3061,47.3200],[1.3037,47.3248],[1.2931,47.3282],[1.2897,47.3281],[1.2770,47.3309],[1.2731,47.3328],[1.2706,47.3369],[1.2563,47.3411],[1.2434,47.3425],[1.2374,47.3416],[1.2261,47.3443],[1.2109,47.3448],[1.2046,47.3432],[1.1966,47.3434],[1.1813,47.3412],[1.1704,47.3363],[1.1599,47.3332],[1.1414,47.3310],[1.1325,47.3312],[1.1217,47.3330],[1.1122,47.3327],[1.0961,47.3290],[1.0866,47.3284],[1.0674,47.3237],[1.0596,47.3228],[1.0456,47.3255],[1.0381,47.3257],[1.0283,47.3280],[1.0008,47.3287],[0.9918,47.3311],[0.9639,47.3310],[0.9397,47.3357],[0.9296,47.3383],[0.9214,47.3417],[0.9104,47.3422],[0.9005,47.3441],[0.8874,47.3480],[0.8668,47.3482],[0.8417,47.3540],[0.8286,47.3584],[0.8189,47.3595],[0.8114,47.3587],[0.8073,47.3602],[0.7994,47.3653]]}},{"type":"Feature","properties":{"name":"Le Cher"},"geometry":{"type":"LineString","coordinates":[[1.3869,47.2666],[1.3852,47.2658],[1.3825,47.2669]]}},{"type":"Feature","properties":{"name":"Le Cher"},"geometry":{"type":"LineString","coordinates":[[1.3962,47.2667],[1.3912,47.2678],[1.3881,47.2674]]}},{"type":"Feature","properties":{"name":"Le Cher"},"geometry":{"type":"LineString","coordinates":[[1.3743,47.2713],[1.3696,47.2737],[1.3681,47.2767]]}},{"type":"Feature","properties":{"name":"Le Cher"},"geometry":{"type":"LineString","coordinates":[[1.3881,47.2674],[1.3869,47.2666]]}},{"type":"Feature","properties":{"name":"Le Cher"},"geometry":{"type":"LineString","coordinates":[[1.3761,47.2707],[1.3743,47.2713]]}},{"type":"Feature","properties":{"name":"Le Cher"},"geometry":{"type":"LineString","coordinates":[[1.8975,47.2644],[1.8922,47.2653],[1.8881,47.2640]]}},{"type":"Feature","properties":{"name":"Le Cher"},"geometry":{"type":"LineString","coordinates":[[2.0849,47.2069],[2.0821,47.2122],[2.0791,47.2139],[2.0731,47.2163],[2.0639,47.2165],[2.0560,47.2188]]}},{"type":"Feature","properties":{"name":"Le Cher"},"geometry":{"type":"LineString","coordinates":[[1.5510,47.2770],[1.5482,47.2757],[1.5459,47.2730],[1.5356,47.2679],[1.5329,47.2682],[1.5318,47.2692],[1.5347,47.2709],[1.5355,47.2722],[1.5347,47.2732],[1.5261,47.2713],[1.5144,47.2717],[1.5096,47.2739],[1.4892,47.2701],[1.4787,47.2694],[1.4605,47.2649]]}}]}