{"type":"FeatureCollection","features":[{"type":"Feature","properties":{"name":"L\u0027Auzène"},"geometry":{"type":"LineString","coordinates":[[4.4337,44.7703],[4.4372,44.7685],[4.4457,44.7700],[4.4514,44.7698],[4.4538,44.7683],[4.4564,44.7707],[4.4653,44.7739]]}},{"type":"Feature","properties":{"name":"L\u0027Auzène"},"geometry":{"type":"LineString","coordinates":[[4.4812,44.7780],[4.4835,44.7786],[4.4844,44.7753],[4.4874,44.7748],[4.4887,44.7733],[4.5006,44.7759],[4.5026,44.7747],[4.5037,44.7756],[4.5034,44.7773],[4.5162,44.7797],[4.5287,44.7866],[4.5304,44.7862],[4.5323,44.7874]]}},{"type":"Feature","properties":{"name":"L\u0027Auzène"},"geometry":{"type":"LineString","coordinates":[[4.4653,44.7740],[4.4720,44.7759]]}},{"type":"Feature","properties":{"name":"L\u0027Auzène"},"geometry":{"type":"LineString","coordinates":[[4.4720,44.7759],[4.4756,44.7750],[4.4794,44.7769],[4.4783,44.7780],[4.4793,44.7793],[4.4812,44.7780]]}},{"type":"Feature","properties":{"name":"La Bédaule"},"geometry":{"type":"LineString","coordinates":[[3.1218,44.8165],[3.1205,44.8180],[3.1186,44.8184],[3.1137,44.8173],[3.1132,44.8180],[3.1142,44.8183],[3.1149,44.8226],[3.1127,44.8224],[3.1089,44.8239],[3.1098,44.8256],[3.1078,44.8291],[3.1030,44.8290],[3.1029,44.8313],[3.0989,44.8331]]}},{"type":"Feature","properties":{"name":"La Bédaule"},"geometry":{"type":"LineString","coordinates":[[3.1245,44.8095],[3.1238,44.8132],[3.1224,44.8142],[3.1218,44.8165]]}},{"type":"Feature","properties":{"name":"Ruisseau du Pradal"},"geometry":{"type":"LineString","coordinates":[[4.2105,44.8614],[4.2158,44.8594],[4.2225,44.8589],[4.2342,44.8605],[4.2374,44.8619],[4.2414,44.8655],[4.2487,44.8676],[4.2498,44.8694],[4.2522,44.8704],[4.2549,44.8703],[4.2598,44.8758]]}},{"type":"Feature","properties":{"name":"L\u0027Auze"},"geometry":{"type":"LineString","coordinates":[[4.1787,45.1060],[4.1792,45.1085],[4.1784,45.1128],[4.1817,45.1133],[4.1841,45.1177],[4.1800,45.1202],[4.1829,45.1247],[4.1828,45.1272],[4.1859,45.1295],[4.1882,45.1345],[4.1821,45.1368],[4.1841,45.1408],[4.1795,45.1418],[4.1801,45.1447],[4.1782,45.1458],[4.1802,45.1483],[4.1798,45.1504],[4.1754,45.1505],[4.1726,45.1524],[4.1726,45.1537],[4.1748,45.1562],[4.1728,45.1610]]}},{"type":"Feature","properties":{"name":"Ruisseau du Mas"},"geometry":{"type":"LineString","coordinates":[[4.3651,44.7573],[4.3641,44.7554],[4.3604,44.7523],[4.3620,44.7474],[4.3604,44.7429],[4.3620,44.7376],[4.3604,44.7335],[4.3610,44.7315],[4.3590,44.7297],[4.3605,44.7240],[4.3591,44.7221],[4.3597,44.7202]]}},{"type":"Feature","properties":{"name":"Le Dolaizon"},"geometry":{"type":"LineString","coordinates":[[3.8904,45.0438],[3.8917,45.0449]]}},{"type":"Feature","properties":{"name":"Le Dolaizon"},"geometry":{"type":"LineString","coordinates":[[3.8919,45.0454],[3.8947,45.0480],[3.8966,45.0478],[3.8962,45.0494]]}},{"type":"Feature","properties":{"name":"Le Dolaizon"},"geometry":{"type":"LineString","coordinates":[[3.8964,45.0500],[3.8964,45.0504]]}},{"type":"Feature","properties":{"name":"Le Dolaizon"},"geometry":{"type":"LineString","coordinates":[[3.8887,45.0427],[3.8904,45.0438]]}},{"type":"Feature","properties":{"name":"Le Dolaizon"},"geometry":{"type":"LineString","coordinates":[[3.8917,45.0449],[3.8919,45.0454]]}},{"type":"Feature","properties":{"name":"Le Dolaizon"},"geometry":{"type":"LineString","coordinates":[[3.8962,45.0494],[3.8964,45.0500]]}},{"type":"Feature","properties":{"name":"Le Dolaizon"},"geometry":{"type":"LineString","coordinates":[[3.8389,45.0148],[3.8422,45.0181],[3.8455,45.0197],[3.8489,45.0200],[3.8494,45.0209],[3.8531,45.0209],[3.8533,45.0217],[3.8559,45.0219],[3.8584,45.0234],[3.8614,45.0231],[3.8665,45.0262],[3.8745,45.0283],[3.8845,45.0352],[3.8887,45.0427]]}},{"type":"Feature","properties":{"name":"Ruisseau de Mazan"},"geometry":{"type":"LineString","coordinates":[[4.1043,44.7509],[4.0982,44.7530],[4.0948,44.7554]]}},{"type":"Feature","properties":{"name":"Ruisseau de Mazan"},"geometry":{"type":"LineString","coordinates":[[4.1095,44.7477],[4.1067,44.7505],[4.1043,44.7509]]}},{"type":"Feature","properties":{"name":"Ruisseau de Mazan"},"geometry":{"type":"LineString","coordinates":[[4.0868,44.7260],[4.0870,44.7280],[4.0893,44.7288],[4.0883,44.7303],[4.0933,44.7331],[4.0968,44.7332],[4.0987,44.7362],[4.1010,44.7365],[4.1058,44.7436],[4.1085,44.7448],[4.1095,44.7477]]}},{"type":"Feature","properties":{"name":"La Saliouse"},"geometry":{"type":"LineString","coordinates":[[4.3580,44.9474],[4.3613,44.9467],[4.3651,44.9415]]}},{"type":"Feature","properties":{"name":"La Saliouse"},"geometry":{"type":"LineString","coordinates":[[4.2376,44.9094],[4.2396,44.9143],[4.2427,44.9163],[4.2426,44.9179],[4.2443,44.9184],[4.2446,44.9212],[4.2479,44.9226],[4.2488,44.9275],[4.2509,44.9306],[4.2526,44.9309],[4.2554,44.9333],[4.2573,44.9335],[4.2576,44.9346],[4.2616,44.9346],[4.2621,44.9355],[4.2667,44.9367]]}},{"type":"Feature","properties":{"name":"La Saliouse"},"geometry":{"type":"LineString","coordinates":[[4.3302,44.9470],[4.3339,44.9457],[4.3378,44.9416],[4.3505,44.9425],[4.3556,44.9441]]}},{"type":"Feature","properties":{"name":"La Saliouse"},"geometry":{"type":"LineString","coordinates":[[4.2774,44.9368],[4.2901,44.9347],[4.2983,44.9365],[4.3095,44.9406],[4.3131,44.9441],[4.3225,44.9448],[4.3246,44.9467],[4.3273,44.9472]]}},{"type":"Feature","properties":{"name":"La Saliouse"},"geometry":{"type":"LineString","coordinates":[[4.3273,44.9472],[4.3301,44.9470]]}},{"type":"Feature","properties":{"name":"La Saliouse"},"geometry":{"type":"LineString","coordinates":[[4.3580,44.9474],[4.3580,44.9474]]}},{"type":"Feature","properties":{"name":"La Saliouse"},"geometry":{"type":"LineString","coordinates":[[4.3652,44.9415],[4.3676,44.9422]]}},{"type":"Feature","properties":{"name":"La Saliouse"},"geometry":{"type":"LineString","coordinates":[[4.3556,44.9441],[4.3556,44.9442]]}},{"type":"Feature","properties":{"name":"La Saliouse"},"geometry":{"type":"LineString","coordinates":[[4.3556,44.9442],[4.3580,44.9474]]}},{"type":"Feature","properties":{"name":"La Saliouse"},"geometry":{"type":"LineString","coordinates":[[4.3651,44.9415],[4.3652,44.9415]]}},{"type":"Feature","properties":{"name":"Le Grandrieu"},"geometry":{"type":"LineString","coordinates":[[3.6304,44.7219],[3.6312,44.7244],[3.6330,44.7258],[3.6314,44.7279],[3.6349,44.7322],[3.6344,44.7345],[3.6360,44.7372],[3.6312,44.7414],[3.6336,44.7420],[3.6346,44.7436],[3.6344,44.7463],[3.6328,44.7491]]}},{"type":"Feature","properties":{"name":"Le Grandrieu"},"geometry":{"type":"LineString","coordinates":[[3.6328,44.7492],[3.6313,44.7498],[3.6313,44.7508],[3.6322,44.7523],[3.6319,44.7537],[3.6340,44.7560],[3.6349,44.7589],[3.6335,44.7601],[3.6342,44.7620],[3.6340,44.7628],[3.6329,44.7628],[3.6329,44.7659],[3.6316,44.7663],[3.6325,44.7676],[3.6309,44.7687],[3.6313,44.7715],[3.6283,44.7754],[3.6355,44.7788],[3.6345,44.7809],[3.6361,44.7818],[3.6374,44.7844],[3.6347,44.7864],[3.6359,44.7884],[3.6392,44.7897],[3.6384,44.7910],[3.6394,44.7917],[3.6419,44.7910],[3.6433,44.7920],[3.6440,44.7943],[3.6493,44.7963],[3.6542,44.7962],[3.6577,44.7998],[3.6609,44.8000],[3.6608,44.8018],[3.6620,44.8036],[3.6599,44.8046],[3.6600,44.8061],[3.6647,44.8080],[3.6761,44.8053],[3.6806,44.8056],[3.6821,44.8069],[3.6841,44.8060],[3.6874,44.8069],[3.6902,44.8062],[3.6950,44.8082]]}},{"type":"Feature","properties":{"name":"Le Grandrieu"},"geometry":{"type":"LineString","coordinates":[[3.6328,44.7491],[3.6328,44.7492]]}},{"type":"Feature","properties":{"name":"L\u0027Eyrieux"},"geometry":{"type":"LineString","coordinates":[[4.3559,44.9873],[4.3565,44.9844],[4.3583,44.9835],[4.3618,44.9845],[4.3597,44.9824],[4.3619,44.9810],[4.3591,44.9798],[4.3592,44.9785]]}},{"type":"Feature","properties":{"name":"L\u0027Eyrieux"},"geometry":{"type":"LineString","coordinates":[[4.3697,45.0103],[4.3631,45.0104],[4.3632,45.0089],[4.3661,45.0064],[4.3647,45.0055],[4.3636,45.0061],[4.3640,45.0045],[4.3615,45.0033],[4.3616,45.0022],[4.3560,45.0030],[4.3518,45.0020],[4.3586,44.9948],[4.3561,44.9943],[4.3570,44.9921],[4.3556,44.9908],[4.3580,44.9896],[4.3559,44.9873]]}},{"type":"Feature","properties":{"name":"L\u0027Eyrieux"},"geometry":{"type":"LineString","coordinates":[[4.3950,45.0214],[4.3926,45.0190],[4.3875,45.0205],[4.3815,45.0177],[4.3798,45.0145],[4.3781,45.0138],[4.3793,45.0110],[4.3776,45.0105],[4.3772,45.0092],[4.3748,45.0089],[4.3697,45.0103]]}},{"type":"Feature","properties":{"name":"L\u0027Eyrieux"},"geometry":{"type":"LineString","coordinates":[[4.3592,44.9785],[4.3592,44.9753],[4.3554,44.9748]]}},{"type":"Feature","properties":{"name":"L\u0027Eyrieux"},"geometry":{"type":"LineString","coordinates":[[4.3554,44.9748],[4.3531,44.9730],[4.3507,44.9728],[4.3538,44.9711],[4.3537,44.9699],[4.3508,44.9691],[4.3497,44.9656],[4.3539,44.9625],[4.3529,44.9611],[4.3496,44.9604],[4.3501,44.9583],[4.3492,44.9567],[4.3554,44.9554],[4.3591,44.9514],[4.3634,44.9511],[4.3673,44.9493],[4.3700,44.9456],[4.3664,44.9444],[4.3663,44.9435],[4.3686,44.9413],[4.3720,44.9405],[4.3710,44.9364],[4.3723,44.9355],[4.3744,44.9354],[4.3800,44.9396],[4.3846,44.9396]]}},{"type":"Feature","properties":{"name":"L\u0027Eyrieux"},"geometry":{"type":"LineString","coordinates":[[4.4272,44.9121],[4.4346,44.9155],[4.4446,44.9164],[4.4483,44.9147],[4.4523,44.9114],[4.4652,44.9108],[4.4702,44.9083],[4.4770,44.9073],[4.4772,44.9062],[4.4794,44.9046]]}},{"type":"Feature","properties":{"name":"L\u0027Eyrieux"},"geometry":{"type":"LineString","coordinates":[[4.4794,44.9046],[4.4836,44.9050],[4.4862,44.9028],[4.4846,44.9002],[4.4870,44.8986],[4.4869,44.8969],[4.4905,44.8959],[4.4902,44.8929],[4.4917,44.8923],[4.4933,44.8937],[4.4946,44.8933],[4.4937,44.8896],[4.4943,44.8882],[4.4966,44.8887],[4.5005,44.8880],[4.5040,44.8891]]}},{"type":"Feature","properties":{"name":"L\u0027Eyrieux"},"geometry":{"type":"LineString","coordinates":[[4.5040,44.8891],[4.5066,44.8908],[4.5079,44.8904],[4.5104,44.8861],[4.5115,44.8802],[4.5130,44.8794],[4.5155,44.8808],[4.5151,44.8838],[4.5163,44.8844],[4.5236,44.8808],[4.5250,44.8812],[4.5256,44.8831],[4.5295,44.8822]]}},{"type":"Feature","properties":{"name":"L\u0027Eyrieux"},"geometry":{"type":"LineString","coordinates":[[4.4167,44.9157],[4.4178,44.9160]]}},{"type":"Feature","properties":{"name":"L\u0027Eyrieux"},"geometry":{"type":"LineString","coordinates":[[4.3790,44.9392],[4.3800,44.9396]]}},{"type":"Feature","properties":{"name":"L\u0027Eyrieux"},"geometry":{"type":"LineString","coordinates":[[4.3888,44.9379],[4.3917,44.9369],[4.3939,44.9386],[4.4007,44.9384],[4.4011,44.9377],[4.3995,44.9357],[4.4039,44.9354],[4.4045,44.9344]]}},{"type":"Feature","properties":{"name":"L\u0027Eyrieux"},"geometry":{"type":"LineString","coordinates":[[4.3846,44.9396],[4.3857,44.9389]]}},{"type":"Feature","properties":{"name":"L\u0027Eyrieux"},"geometry":{"type":"LineString","coordinates":[[4.3874,44.9384],[4.3875,44.9385]]}},{"type":"Feature","properties":{"name":"L\u0027Eyrieux"},"geometry":{"type":"LineString","coordinates":[[4.3846,44.9396],[4.3888,44.9379]]}},{"type":"Feature","properties":{"name":"L\u0027Eyrieux"},"geometry":{"type":"LineString","coordinates":[[4.3857,44.9389],[4.3888,44.9379]]}},{"type":"Feature","properties":{"name":"L\u0027Eyrieux"},"geometry":{"type":"LineString","coordinates":[[4.3770,44.9377],[4.3784,44.9390]]}},{"type":"Feature","properties":{"name":"L\u0027Eyrieux"},"geometry":{"type":"LineString","coordinates":[[4.3695,44.9466],[4.3687,44.9448]]}},{"type":"Feature","properties":{"name":"L\u0027Eyrieux"},"geometry":{"type":"LineString","coordinates":[[4.4057,44.9212],[4.4063,44.9203],[4.4108,44.9202],[4.4116,44.9186],[4.4158,44.9157],[4.4202,44.9167],[4.4234,44.9126],[4.4272,44.9121]]}},{"type":"Feature","properties":{"name":"L\u0027Eyrieux"},"geometry":{"type":"LineString","coordinates":[[4.4045,44.9344],[4.4031,44.9335]]}},{"type":"Feature","properties":{"name":"L\u0027Eyrieux"},"geometry":{"type":"LineString","coordinates":[[4.4036,44.9336],[4.4025,44.9328]]}},{"type":"Feature","properties":{"name":"L\u0027Eyrieux"},"geometry":{"type":"LineString","coordinates":[[4.4025,44.9328],[4.3995,44.9316],[4.3998,44.9303],[4.4029,44.9289],[4.4003,44.9274],[4.4032,44.9251],[4.4042,44.9226],[4.4067,44.9229],[4.4057,44.9212]]}},{"type":"Feature","properties":{"name":"L\u0027Eyrieux"},"geometry":{"type":"LineString","coordinates":[[4.4016,44.9326],[4.3997,44.9312]]}},{"type":"Feature","properties":{"name":"Le Gier"},"geometry":{"type":"LineString","coordinates":[[4.5121,45.4386],[4.5104,45.4400],[4.5110,45.4414],[4.5089,45.4451]]}},{"type":"Feature","properties":{"name":"Le Gier"},"geometry":{"type":"LineString","coordinates":[[4.5051,45.4564],[4.5042,45.4591]]}},{"type":"Feature","properties":{"name":"Le Gier"},"geometry":{"type":"LineString","coordinates":[[4.5053,45.4539],[4.5052,45.4554]]}},{"type":"Feature","properties":{"name":"Le Gier"},"geometry":{"type":"LineString","coordinates":[[4.5052,45.4538],[4.5053,45.4539]]}},{"type":"Feature","properties":{"name":"Le Gier"},"geometry":{"type":"LineString","coordinates":[[4.5047,45.4507],[4.5048,45.4511]]}},{"type":"Feature","properties":{"name":"Le Gier"},"geometry":{"type":"LineString","coordinates":[[4.5044,45.4502],[4.5047,45.4507]]}},{"type":"Feature","properties":{"name":"Le Gier"},"geometry":{"type":"LineString","coordinates":[[4.5048,45.4511],[4.5052,45.4538]]}},{"type":"Feature","properties":{"name":"Le Gier"},"geometry":{"type":"LineString","coordinates":[[4.5044,45.4500],[4.5044,45.4502]]}},{"type":"Feature","properties":{"name":"Le Gier"},"geometry":{"type":"LineString","coordinates":[[4.5074,45.4454],[4.5044,45.4500]]}},{"type":"Feature","properties":{"name":"Le Gier"},"geometry":{"type":"LineString","coordinates":[[4.5089,45.4451],[4.5083,45.4452]]}},{"type":"Feature","properties":{"name":"Le Gier"},"geometry":{"type":"LineString","coordinates":[[4.5083,45.4452],[4.5074,45.4454]]}},{"type":"Feature","properties":{"name":"Le Gier"},"geometry":{"type":"LineString","coordinates":[[4.5053,45.4555],[4.5051,45.4564]]}},{"type":"Feature","properties":{"name":"Le Gier"},"geometry":{"type":"LineString","coordinates":[[4.5052,45.4554],[4.5053,45.4555]]}},{"type":"Feature","properties":{"name":"La Virlange"},"geometry":{"type":"LineString","coordinates":[[3.5283,44.8951],[3.5303,44.8958],[3.5325,44.8952],[3.5344,44.8973],[3.5389,44.8979],[3.5406,44.8995],[3.5445,44.8994],[3.5455,44.8982],[3.5471,44.8983],[3.5531,44.9006],[3.5545,44.9033],[3.5572,44.9039],[3.5565,44.9046],[3.5570,44.9060],[3.5606,44.9098],[3.5627,44.9102],[3.5630,44.9123],[3.5622,44.9128],[3.5646,44.9136],[3.5638,44.9153],[3.5646,44.9187],[3.5661,44.9207],[3.5676,44.9208],[3.5719,44.9239]]}},{"type":"Feature","properties":{"name":"La Virlange"},"geometry":{"type":"LineString","coordinates":[[3.5719,44.9239],[3.5735,44.9260],[3.5732,44.9273],[3.5769,44.9279],[3.5761,44.9286],[3.5780,44.9293],[3.5775,44.9298],[3.5793,44.9316],[3.5838,44.9323]]}},{"type":"Feature","properties":{"name":"La Virlange"},"geometry":{"type":"LineString","coordinates":[[3.5838,44.9323],[3.5883,44.9329],[3.5916,44.9314],[3.5962,44.9312],[3.5980,44.9287],[3.6041,44.9271],[3.6073,44.9285],[3.6079,44.9297],[3.6106,44.9302],[3.6126,44.9329],[3.6253,44.9330]]}},{"type":"Feature","properties":{"name":"La Virlange"},"geometry":{"type":"LineString","coordinates":[[3.5110,44.8892],[3.5128,44.8889],[3.5150,44.8913],[3.5169,44.8914],[3.5190,44.8932],[3.5283,44.8951]]}},{"type":"Feature","properties":{"name":"La Virlange"},"geometry":{"type":"LineString","coordinates":[[3.5109,44.8891],[3.5110,44.8892]]}},{"type":"Feature","properties":{"name":"La Virlange"},"geometry":{"type":"LineString","coordinates":[[3.5088,44.8856],[3.5095,44.8859],[3.5092,44.8877],[3.5109,44.8891]]}},{"type":"Feature","properties":{"name":"Ruisseau de Courgoux"},"geometry":{"type":"LineString","coordinates":[[3.3739,45.2789],[3.3794,45.2799],[3.3836,45.2847],[3.3843,45.2841],[3.3846,45.2852],[3.3933,45.2906],[3.4026,45.2944]]}},{"type":"Feature","properties":{"name":"Le Sandron"},"geometry":{"type":"LineString","coordinates":[[4.4050,44.7209],[4.4050,44.7184],[4.4028,44.7166],[4.4011,44.7164],[4.3980,44.7127],[4.3999,44.7103],[4.3963,44.7084],[4.3963,44.7051],[4.3943,44.7026],[4.3950,44.7006],[4.3931,44.6987]]}},{"type":"Feature","properties":{"name":"La Sumène"},"geometry":{"type":"LineString","coordinates":[[4.5069,44.9504],[4.5084,44.9504],[4.5111,44.9535],[4.5182,44.9562],[4.5324,44.9585]]}},{"type":"Feature","properties":{"name":"La Sumène"},"geometry":{"type":"LineString","coordinates":[[4.4890,44.9419],[4.5029,44.9445],[4.5052,44.9478],[4.5054,44.9497],[4.5069,44.9504]]}},{"type":"Feature","properties":{"name":"Ruisseau de la Clamouse"},"geometry":{"type":"LineString","coordinates":[[3.7661,44.7058],[3.7658,44.7068],[3.7672,44.7092],[3.7628,44.7101],[3.7619,44.7123],[3.7608,44.7125],[3.7635,44.7147],[3.7627,44.7170],[3.7633,44.7187],[3.7621,44.7198],[3.7603,44.7197],[3.7568,44.7251],[3.7550,44.7243]]}},{"type":"Feature","properties":{"name":"Ruisseau de la Clamouse"},"geometry":{"type":"LineString","coordinates":[[3.7550,44.7243],[3.7513,44.7251],[3.7489,44.7237],[3.7469,44.7246]]}},{"type":"Feature","properties":{"name":"Le Chapeauroux"},"geometry":{"type":"LineString","coordinates":[[3.6710,44.6538],[3.6734,44.6540],[3.6760,44.6520],[3.6759,44.6509],[3.6811,44.6501],[3.6818,44.6507],[3.6806,44.6508],[3.6826,44.6518],[3.6860,44.6523],[3.6864,44.6549],[3.6908,44.6549],[3.6931,44.6571],[3.6957,44.6571],[3.6962,44.6577],[3.6950,44.6594],[3.6982,44.6622],[3.6968,44.6651],[3.6985,44.6673],[3.6961,44.6696],[3.7001,44.6729],[3.7003,44.6747],[3.7043,44.6751],[3.7046,44.6765],[3.7064,44.6770],[3.7063,44.6788],[3.7040,44.6811],[3.7073,44.6843],[3.7070,44.6869],[3.7059,44.6880],[3.7067,44.6887],[3.7109,44.6908],[3.7138,44.6901],[3.7181,44.6909],[3.7191,44.6917],[3.7180,44.6927],[3.7191,44.6933],[3.7256,44.6945],[3.7280,44.6905],[3.7295,44.6898],[3.7330,44.6891],[3.7396,44.6901],[3.7421,44.6957],[3.7411,44.6980],[3.7439,44.6989],[3.7436,44.7014],[3.7410,44.7021],[3.7392,44.7050],[3.7415,44.7073],[3.7447,44.7079],[3.7422,44.7107],[3.7395,44.7117],[3.7452,44.7148],[3.7447,44.7160],[3.7410,44.7178],[3.7417,44.7184],[3.7415,44.7215],[3.7456,44.7218],[3.7454,44.7231],[3.7470,44.7253],[3.7464,44.7284],[3.7446,44.7288],[3.7409,44.7271],[3.7400,44.7279],[3.7401,44.7294],[3.7430,44.7298],[3.7438,44.7322],[3.7368,44.7320],[3.7363,44.7352],[3.7345,44.7373],[3.7354,44.7381],[3.7347,44.7399],[3.7335,44.7406],[3.7290,44.7396],[3.7284,44.7401],[3.7299,44.7442],[3.7290,44.7453],[3.7254,44.7450],[3.7239,44.7459],[3.7279,44.7485],[3.7285,44.7508],[3.7269,44.7521],[3.7239,44.7525],[3.7224,44.7555],[3.7179,44.7555],[3.7193,44.7597],[3.7186,44.7624],[3.7148,44.7658],[3.7143,44.7710],[3.7126,44.7710],[3.7114,44.7725],[3.7123,44.7750],[3.7107,44.7764],[3.7124,44.7771],[3.7127,44.7783],[3.7104,44.7801],[3.7127,44.7822],[3.7074,44.7844],[3.7058,44.7864],[3.7063,44.7874],[3.7104,44.7890],[3.7066,44.7907],[3.7086,44.7944],[3.7074,44.7957],[3.7017,44.7971],[3.7009,44.8002],[3.6991,44.8018],[3.6959,44.8014],[3.6956,44.8030],[3.6973,44.8049],[3.6943,44.8072],[3.6954,44.8088],[3.6979,44.8080],[3.6996,44.8090],[3.7005,44.8127],[3.7060,44.8123],[3.7066,44.8133],[3.7050,44.8134],[3.7032,44.8150],[3.7065,44.8160],[3.7091,44.8189],[3.7153,44.8177],[3.7154,44.8144],[3.7205,44.8148],[3.7199,44.8130],[3.7172,44.8116],[3.7181,44.8094],[3.7212,44.8091],[3.7272,44.8153],[3.7289,44.8160],[3.7306,44.8197],[3.7327,44.8195],[3.7348,44.8170],[3.7365,44.8170],[3.7377,44.8191],[3.7364,44.8217],[3.7366,44.8258],[3.7342,44.8271],[3.7363,44.8289],[3.7352,44.8302]]}},{"type":"Feature","properties":{"name":"Le Chapeauroux"},"geometry":{"type":"LineString","coordinates":[[3.7352,44.8302],[3.7351,44.8302]]}},{"type":"Feature","properties":{"name":"Le Chapeauroux"},"geometry":{"type":"LineString","coordinates":[[3.7351,44.8302],[3.7332,44.8321],[3.7369,44.8348],[3.7369,44.8361],[3.7346,44.8384],[3.7353,44.8400]]}},{"type":"Feature","properties":{"name":"L\u0027Escourtay"},"geometry":{"type":"LineString","coordinates":[[4.2730,44.8512],[4.2789,44.8545],[4.2817,44.8602],[4.2847,44.8599],[4.2899,44.8623],[4.2904,44.8639],[4.2928,44.8653],[4.2932,44.8693],[4.2944,44.8714],[4.2974,44.8731],[4.3015,44.8780]]}},{"type":"Feature","properties":{"name":"L\u0027Espézonnette"},"geometry":{"type":"LineString","coordinates":[[3.9603,44.7376],[3.9535,44.7392],[3.9501,44.7380],[3.9489,44.7388],[3.9464,44.7382],[3.9377,44.7393]]}},{"type":"Feature","properties":{"name":"L\u0027Espézonnette"},"geometry":{"type":"LineString","coordinates":[[3.9377,44.7393],[3.9342,44.7409]]}},{"type":"Feature","properties":{"name":"L\u0027Espézonnette"},"geometry":{"type":"LineString","coordinates":[[3.9342,44.7409],[3.9303,44.7400],[3.9275,44.7404],[3.9201,44.7383],[3.9174,44.7393],[3.9137,44.7357],[3.9110,44.7350],[3.9102,44.7328],[3.9081,44.7328],[3.9042,44.7298],[3.9050,44.7221],[3.9028,44.7198],[3.9034,44.7160],[3.9023,44.7148],[3.8991,44.7144],[3.8979,44.7130],[3.9014,44.7117],[3.9010,44.7098],[3.8959,44.7084],[3.8967,44.7043],[3.8952,44.7027],[3.8951,44.6963]]}},{"type":"Feature","properties":{"name":"L\u0027Espézonnette"},"geometry":{"type":"LineString","coordinates":[[4.0087,44.7034],[4.0069,44.7069],[4.0066,44.7193],[4.0038,44.7226],[4.0038,44.7253],[4.0025,44.7270],[3.9975,44.7279],[3.9923,44.7315],[3.9888,44.7323],[3.9868,44.7345],[3.9849,44.7341],[3.9826,44.7351],[3.9803,44.7374],[3.9760,44.7386],[3.9741,44.7377],[3.9702,44.7398]]}},{"type":"Feature","properties":{"name":"L\u0027Espézonnette"},"geometry":{"type":"LineString","coordinates":[[3.9702,44.7398],[3.9687,44.7393],[3.9663,44.7342],[3.9640,44.7355],[3.9637,44.7379],[3.9603,44.7376]]}},{"type":"Feature","properties":{"name":"La Glueyre"},"geometry":{"type":"LineString","coordinates":[[4.3809,44.7929],[4.3859,44.7994],[4.3876,44.7997],[4.3902,44.8027],[4.3940,44.8123],[4.3975,44.8120],[4.4017,44.8148],[4.4044,44.8147],[4.4063,44.8157]]}},{"type":"Feature","properties":{"name":"La Glueyre"},"geometry":{"type":"LineString","coordinates":[[4.5116,44.8288],[4.5135,44.8284],[4.5139,44.8296],[4.5153,44.8300],[4.5164,44.8282],[4.5191,44.8298],[4.5218,44.8277],[4.5245,44.8292],[4.5258,44.8265],[4.5285,44.8272],[4.5299,44.8262],[4.5325,44.8277],[4.5389,44.8265],[4.5433,44.8271],[4.5441,44.8291],[4.5411,44.8306],[4.5451,44.8319],[4.5500,44.8354],[4.5538,44.8353],[4.5530,44.8370],[4.5548,44.8375],[4.5592,44.8367],[4.5650,44.8284],[4.5647,44.8244],[4.5622,44.8238]]}},{"type":"Feature","properties":{"name":"La Glueyre"},"geometry":{"type":"LineString","coordinates":[[4.4063,44.8157],[4.4073,44.8155]]}},{"type":"Feature","properties":{"name":"La Glueyre"},"geometry":{"type":"LineString","coordinates":[[4.4063,44.8157],[4.4073,44.8155]]}},{"type":"Feature","properties":{"name":"La Glueyre"},"geometry":{"type":"LineString","coordinates":[[4.4302,44.8237],[4.4349,44.8226],[4.4374,44.8243],[4.4393,44.8241]]}},{"type":"Feature","properties":{"name":"La Glueyre"},"geometry":{"type":"LineString","coordinates":[[4.4705,44.8255],[4.4716,44.8252]]}},{"type":"Feature","properties":{"name":"La Glueyre"},"geometry":{"type":"LineString","coordinates":[[4.4839,44.8239],[4.4844,44.8239]]}},{"type":"Feature","properties":{"name":"La Glueyre"},"geometry":{"type":"LineString","coordinates":[[4.4716,44.8252],[4.4716,44.8252]]}},{"type":"Feature","properties":{"name":"La Glueyre"},"geometry":{"type":"LineString","coordinates":[[4.4249,44.8189],[4.4304,44.8215],[4.4301,44.8236]]}},{"type":"Feature","properties":{"name":"La Glueyre"},"geometry":{"type":"LineString","coordinates":[[4.4715,44.8253],[4.4716,44.8252]]}},{"type":"Feature","properties":{"name":"La Glueyre"},"geometry":{"type":"LineString","coordinates":[[4.4844,44.8238],[4.4856,44.8237],[4.4865,44.8254],[4.4949,44.8243],[4.4962,44.8254],[4.5037,44.8263],[4.5062,44.8285],[4.5105,44.8296],[4.5115,44.8288]]}},{"type":"Feature","properties":{"name":"La Glueyre"},"geometry":{"type":"LineString","coordinates":[[4.4393,44.8241],[4.4423,44.8231],[4.4449,44.8250],[4.4464,44.8251],[4.4455,44.8267],[4.4504,44.8262],[4.4533,44.8273],[4.4550,44.8255],[4.4582,44.8250]]}},{"type":"Feature","properties":{"name":"La Glueyre"},"geometry":{"type":"LineString","coordinates":[[4.4582,44.8250],[4.4583,44.8250]]}},{"type":"Feature","properties":{"name":"La Glueyre"},"geometry":{"type":"LineString","coordinates":[[4.4073,44.8155],[4.4090,44.8151],[4.4109,44.8164],[4.4145,44.8156],[4.4160,44.8179],[4.4188,44.8166],[4.4213,44.8183],[4.4248,44.8189]]}},{"type":"Feature","properties":{"name":"La Glueyre"},"geometry":{"type":"LineString","coordinates":[[4.4583,44.8250],[4.4616,44.8241],[4.4643,44.8260],[4.4674,44.8246],[4.4715,44.8253]]}},{"type":"Feature","properties":{"name":"La Glueyre"},"geometry":{"type":"LineString","coordinates":[[4.5115,44.8288],[4.5116,44.8288]]}},{"type":"Feature","properties":{"name":"La Glueyre"},"geometry":{"type":"LineString","coordinates":[[4.4844,44.8239],[4.4844,44.8238]]}},{"type":"Feature","properties":{"name":"La Glueyre"},"geometry":{"type":"LineString","coordinates":[[4.4842,44.8238],[4.4844,44.8237]]}},{"type":"Feature","properties":{"name":"La Glueyre"},"geometry":{"type":"LineString","coordinates":[[4.4716,44.8252],[4.4755,44.8265],[4.4781,44.8251],[4.4792,44.8223],[4.4812,44.8210],[4.4823,44.8213],[4.4841,44.8239]]}},{"type":"Feature","properties":{"name":"La Glueyre"},"geometry":{"type":"LineString","coordinates":[[4.4841,44.8239],[4.4842,44.8238]]}},{"type":"Feature","properties":{"name":"L\u0027Eysse"},"geometry":{"type":"LineString","coordinates":[[4.3465,44.9236],[4.3572,44.9307]]}},{"type":"Feature","properties":{"name":"L\u0027Eysse"},"geometry":{"type":"LineString","coordinates":[[4.2389,44.8839],[4.2402,44.8826],[4.2476,44.8815],[4.2510,44.8789],[4.2524,44.8793],[4.2526,44.8781],[4.2590,44.8758],[4.2641,44.8781],[4.2668,44.8768],[4.2720,44.8763],[4.2804,44.8773],[4.2817,44.8801],[4.2839,44.8795],[4.2859,44.8801],[4.2880,44.8788]]}},{"type":"Feature","properties":{"name":"L\u0027Eysse"},"geometry":{"type":"LineString","coordinates":[[4.2309,44.8869],[4.2312,44.8859],[4.2342,44.8861],[4.2388,44.8839]]}},{"type":"Feature","properties":{"name":"L\u0027Eysse"},"geometry":{"type":"LineString","coordinates":[[4.3296,44.9065],[4.3299,44.9075],[4.3284,44.9105],[4.3299,44.9128],[4.3291,44.9142],[4.3331,44.9155],[4.3344,44.9191],[4.3332,44.9206],[4.3338,44.9214]]}},{"type":"Feature","properties":{"name":"L\u0027Eysse"},"geometry":{"type":"LineString","coordinates":[[4.3338,44.9214],[4.3363,44.9210],[4.3378,44.9219],[4.3384,44.9239],[4.3465,44.9236]]}},{"type":"Feature","properties":{"name":"L\u0027Eysse"},"geometry":{"type":"LineString","coordinates":[[4.3652,44.9336],[4.3650,44.9340]]}},{"type":"Feature","properties":{"name":"L\u0027Eysse"},"geometry":{"type":"LineString","coordinates":[[4.3673,44.9361],[4.3725,44.9354]]}},{"type":"Feature","properties":{"name":"L\u0027Eysse"},"geometry":{"type":"LineString","coordinates":[[4.2887,44.8785],[4.2888,44.8784]]}},{"type":"Feature","properties":{"name":"L\u0027Eysse"},"geometry":{"type":"LineString","coordinates":[[4.3572,44.9307],[4.3576,44.9307]]}},{"type":"Feature","properties":{"name":"L\u0027Eysse"},"geometry":{"type":"LineString","coordinates":[[4.2887,44.8785],[4.2888,44.8785]]}},{"type":"Feature","properties":{"name":"L\u0027Eysse"},"geometry":{"type":"LineString","coordinates":[[4.3609,44.9318],[4.3639,44.9307],[4.3661,44.9363],[4.3673,44.9361]]}},{"type":"Feature","properties":{"name":"L\u0027Eysse"},"geometry":{"type":"LineString","coordinates":[[4.3054,44.8910],[4.3086,44.8910],[4.3126,44.8940],[4.3160,44.8948]]}},{"type":"Feature","properties":{"name":"L\u0027Eysse"},"geometry":{"type":"LineString","coordinates":[[4.2886,44.8785],[4.2887,44.8785]]}},{"type":"Feature","properties":{"name":"L\u0027Eysse"},"geometry":{"type":"LineString","coordinates":[[4.3576,44.9307],[4.3609,44.9318]]}},{"type":"Feature","properties":{"name":"L\u0027Eysse"},"geometry":{"type":"LineString","coordinates":[[4.3160,44.8948],[4.3236,44.8978],[4.3296,44.9065]]}},{"type":"Feature","properties":{"name":"L\u0027Eysse"},"geometry":{"type":"LineString","coordinates":[[4.2888,44.8784],[4.2949,44.8770],[4.3024,44.8786],[4.3033,44.8799],[4.3030,44.8820],[4.3069,44.8832],[4.3065,44.8844],[4.3085,44.8849],[4.3057,44.8862],[4.3054,44.8910]]}},{"type":"Feature","properties":{"name":"L\u0027Eysse"},"geometry":{"type":"LineString","coordinates":[[4.2888,44.8785],[4.2892,44.8783]]}},{"type":"Feature","properties":{"name":"L\u0027Eysse"},"geometry":{"type":"LineString","coordinates":[[4.2880,44.8788],[4.2881,44.8787]]}},{"type":"Feature","properties":{"name":"L\u0027Eysse"},"geometry":{"type":"LineString","coordinates":[[4.3572,44.9307],[4.3576,44.9307]]}},{"type":"Feature","properties":{"name":"L\u0027Eysse"},"geometry":{"type":"LineString","coordinates":[[4.2881,44.8787],[4.2886,44.8785]]}},{"type":"Feature","properties":{"name":"L\u0027Eysse"},"geometry":{"type":"LineString","coordinates":[[4.2388,44.8839],[4.2389,44.8839]]}},{"type":"Feature","properties":{"name":"Dorette"},"geometry":{"type":"LineString","coordinates":[[3.7431,45.3117],[3.7432,45.3149],[3.7474,45.3211],[3.7468,45.3268]]}},{"type":"Feature","properties":{"name":"Dorette"},"geometry":{"type":"LineString","coordinates":[[3.7468,45.3268],[3.7494,45.3295]]}},{"type":"Feature","properties":{"name":"Dorette"},"geometry":{"type":"LineString","coordinates":[[3.7511,45.3314],[3.7516,45.3320],[3.7501,45.3359]]}},{"type":"Feature","properties":{"name":"Dorette"},"geometry":{"type":"LineString","coordinates":[[3.7494,45.3295],[3.7495,45.3295]]}},{"type":"Feature","properties":{"name":"Dorette"},"geometry":{"type":"LineString","coordinates":[[3.7495,45.3295],[3.7511,45.3314]]}},{"type":"Feature","properties":{"name":"Dorette"},"geometry":{"type":"LineString","coordinates":[[3.7501,45.3359],[3.7489,45.3384],[3.7498,45.3413]]}},{"type":"Feature","properties":{"name":"Dorette"},"geometry":{"type":"LineString","coordinates":[[3.7498,45.3413],[3.7497,45.3414]]}},{"type":"Feature","properties":{"name":"Dorette"},"geometry":{"type":"LineString","coordinates":[[3.7497,45.3414],[3.7528,45.3467],[3.7530,45.3502],[3.7560,45.3539]]}},{"type":"Feature","properties":{"name":"Le Langouyrou"},"geometry":{"type":"LineString","coordinates":[[3.8257,44.6606],[3.8247,44.6617],[3.8253,44.6638],[3.8238,44.6651],[3.8244,44.6659],[3.8281,44.6654],[3.8291,44.6684],[3.8317,44.6704],[3.8305,44.6712],[3.8297,44.6738],[3.8319,44.6743],[3.8315,44.6787],[3.8346,44.6810],[3.8337,44.6829],[3.8322,44.6951],[3.8365,44.6973],[3.8369,44.7006],[3.8354,44.7037],[3.8374,44.7038],[3.8397,44.7064],[3.8385,44.7080],[3.8414,44.7096],[3.8404,44.7107],[3.8413,44.7130],[3.8404,44.7160],[3.8445,44.7213],[3.8513,44.7213],[3.8574,44.7267]]}},{"type":"Feature","properties":{"name":"La Bézorgues"},"geometry":{"type":"LineString","coordinates":[[4.2962,44.7383],[4.2968,44.7370],[4.2962,44.7306],[4.2995,44.7278],[4.3063,44.7263],[4.3057,44.7256],[4.3069,44.7243],[4.3086,44.7250],[4.3101,44.7244],[4.3152,44.7199],[4.3154,44.7179],[4.3191,44.7144],[4.3204,44.7117]]}},{"type":"Feature","properties":{"name":"La Gagne"},"geometry":{"type":"LineString","coordinates":[[4.0672,44.9944],[4.0608,44.9923],[4.0593,44.9930]]}},{"type":"Feature","properties":{"name":"La Gagne"},"geometry":{"type":"LineString","coordinates":[[4.1649,44.9806],[4.1647,44.9805]]}},{"type":"Feature","properties":{"name":"La Gagne"},"geometry":{"type":"LineString","coordinates":[[4.0167,45.0128],[4.0129,45.0149],[4.0110,45.0140],[4.0086,45.0144],[4.0063,45.0184],[4.0049,45.0187],[4.0045,45.0170],[3.9997,45.0174],[3.9993,45.0152],[3.9960,45.0143],[3.9956,45.0127],[3.9928,45.0100],[3.9881,45.0084],[3.9860,45.0102],[3.9842,45.0139],[3.9790,45.0126],[3.9753,45.0131],[3.9670,45.0228],[3.9580,45.0252],[3.9532,45.0275],[3.9471,45.0285],[3.9432,45.0307],[3.9376,45.0318],[3.9365,45.0335]]}},{"type":"Feature","properties":{"name":"La Gagne"},"geometry":{"type":"LineString","coordinates":[[4.0413,44.9992],[4.0387,45.0019],[4.0356,45.0012],[4.0292,45.0035],[4.0269,45.0048],[4.0257,45.0071],[4.0191,45.0091],[4.0167,45.0128]]}},{"type":"Feature","properties":{"name":"La Gagne"},"geometry":{"type":"LineString","coordinates":[[4.1645,44.9805],[4.1623,44.9806]]}},{"type":"Feature","properties":{"name":"La Gagne"},"geometry":{"type":"LineString","coordinates":[[4.1623,44.9806],[4.1621,44.9806]]}},{"type":"Feature","properties":{"name":"La Gagne"},"geometry":{"type":"LineString","coordinates":[[4.1647,44.9805],[4.1645,44.9805]]}},{"type":"Feature","properties":{"name":"La Gagne"},"geometry":{"type":"LineString","coordinates":[[4.1621,44.9806],[4.1575,44.9831],[4.1467,44.9825],[4.1441,44.9850],[4.1427,44.9882],[4.1402,44.9899],[4.1363,44.9897],[4.1258,44.9863],[4.1234,44.9867],[4.1217,44.9902],[4.1221,44.9934],[4.1183,44.9955],[4.1165,44.9979],[4.1118,44.9987],[4.1119,44.9997],[4.1062,45.0022],[4.1039,45.0065],[4.1007,45.0082],[4.0945,45.0066],[4.0940,45.0054],[4.0892,45.0047],[4.0853,45.0018],[4.0862,44.9994],[4.0839,44.9967],[4.0822,44.9975],[4.0799,44.9964],[4.0782,44.9983],[4.0741,44.9958],[4.0672,44.9944]]}},{"type":"Feature","properties":{"name":"La Gagne"},"geometry":{"type":"LineString","coordinates":[[4.0550,44.9931],[4.0457,44.9964],[4.0413,44.9992]]}},{"type":"Feature","properties":{"name":"La Gagne"},"geometry":{"type":"LineString","coordinates":[[4.0593,44.9930],[4.0550,44.9931]]}},{"type":"Feature","properties":{"name":"Le Gage"},"geometry":{"type":"LineString","coordinates":[[4.1039,44.8118],[4.1053,44.8106],[4.1031,44.8089],[4.1044,44.8073],[4.1047,44.8043],[4.0992,44.8023],[4.0970,44.7992]]}},{"type":"Feature","properties":{"name":"Le Gage"},"geometry":{"type":"LineString","coordinates":[[4.1111,44.8225],[4.1047,44.8183],[4.1024,44.8138],[4.1039,44.8118]]}},{"type":"Feature","properties":{"name":"Le Gage"},"geometry":{"type":"LineString","coordinates":[[4.1425,44.8478],[4.1402,44.8455],[4.1405,44.8432],[4.1366,44.8391],[4.1364,44.8378],[4.1373,44.8369]]}},{"type":"Feature","properties":{"name":"Le Gage"},"geometry":{"type":"LineString","coordinates":[[4.1386,44.8362],[4.1376,44.8352],[4.1380,44.8342],[4.1353,44.8337],[4.1344,44.8322],[4.1277,44.8325],[4.1191,44.8281]]}},{"type":"Feature","properties":{"name":"Le Gage"},"geometry":{"type":"LineString","coordinates":[[4.0970,44.7992],[4.0967,44.7992]]}},{"type":"Feature","properties":{"name":"Le Gage"},"geometry":{"type":"LineString","coordinates":[[4.1191,44.8281],[4.1196,44.8273],[4.1182,44.8259]]}},{"type":"Feature","properties":{"name":"Le Gage"},"geometry":{"type":"LineString","coordinates":[[4.0967,44.7992],[4.0926,44.7995],[4.0893,44.8036],[4.0867,44.8047]]}},{"type":"Feature","properties":{"name":"Le Gage"},"geometry":{"type":"LineString","coordinates":[[4.1182,44.8259],[4.1173,44.8239],[4.1152,44.8227],[4.1111,44.8225]]}},{"type":"Feature","properties":{"name":"Le Gage"},"geometry":{"type":"LineString","coordinates":[[4.0867,44.8047],[4.0817,44.8050],[4.0799,44.8077],[4.0756,44.8065],[4.0749,44.8051],[4.0694,44.8049]]}},{"type":"Feature","properties":{"name":"Le Gage"},"geometry":{"type":"LineString","coordinates":[[4.1373,44.8369],[4.1386,44.8362]]}},{"type":"Feature","properties":{"name":"La Desges"},"geometry":{"type":"LineString","coordinates":[[3.5485,45.0585],[3.5476,45.0591],[3.5484,45.0608],[3.5467,45.0634],[3.5474,45.0663],[3.5465,45.0677],[3.5373,45.0678],[3.5351,45.0689],[3.5344,45.0711],[3.5323,45.0710],[3.5329,45.0723],[3.5285,45.0741],[3.5286,45.0766],[3.5313,45.0773],[3.5339,45.0794]]}},{"type":"Feature","properties":{"name":"La Desges"},"geometry":{"type":"LineString","coordinates":[[3.5486,45.0584],[3.5485,45.0585]]}},{"type":"Feature","properties":{"name":"La Desges"},"geometry":{"type":"LineString","coordinates":[[3.5313,45.0506],[3.5345,45.0501],[3.5360,45.0524],[3.5353,45.0539],[3.5429,45.0542],[3.5438,45.0549],[3.5439,45.0567],[3.5486,45.0584]]}},{"type":"Feature","properties":{"name":"L\u0027Auzon"},"geometry":{"type":"LineString","coordinates":[[3.3799,45.3955],[3.3772,45.3937],[3.3678,45.3921],[3.3667,45.3906],[3.3643,45.3910],[3.3638,45.3899],[3.3619,45.3895],[3.3596,45.3862],[3.3574,45.3853]]}},{"type":"Feature","properties":{"name":"Le Lignon"},"geometry":{"type":"LineString","coordinates":[[4.1527,45.2418],[4.1512,45.2441],[4.1480,45.2445],[4.1472,45.2462],[4.1430,45.2481],[4.1440,45.2496],[4.1475,45.2496],[4.1507,45.2515],[4.1519,45.2539]]}},{"type":"Feature","properties":{"name":"Le Lignon"},"geometry":{"type":"LineString","coordinates":[[4.1787,45.2244],[4.1740,45.2277],[4.1567,45.2287],[4.1546,45.2330]]}},{"type":"Feature","properties":{"name":"Le Lignon"},"geometry":{"type":"LineString","coordinates":[[4.2570,45.1509],[4.2507,45.1502],[4.2491,45.1517],[4.2470,45.1572],[4.2436,45.1565],[4.2364,45.1573],[4.2355,45.1569],[4.2373,45.1549],[4.2367,45.1538],[4.2330,45.1518],[4.2273,45.1509],[4.2235,45.1481],[4.2202,45.1478],[4.2166,45.1444],[4.2148,45.1454],[4.2141,45.1475],[4.2122,45.1481]]}},{"type":"Feature","properties":{"name":"Le Lignon"},"geometry":{"type":"LineString","coordinates":[[4.3023,45.0244],[4.3050,45.0259]]}},{"type":"Feature","properties":{"name":"Le Lignon"},"geometry":{"type":"LineString","coordinates":[[4.3105,45.0315],[4.3120,45.0352],[4.3103,45.0363],[4.3082,45.0362],[4.3068,45.0384],[4.3074,45.0404],[4.3122,45.0423],[4.3096,45.0466],[4.3098,45.0493],[4.3182,45.0488],[4.3209,45.0504],[4.3188,45.0524],[4.3153,45.0527],[4.3084,45.0562],[4.3046,45.0599],[4.3035,45.0594],[4.3030,45.0571],[4.2948,45.0598],[4.2926,45.0619],[4.2921,45.0652],[4.2867,45.0658],[4.2872,45.0670],[4.2862,45.0688],[4.2912,45.0694],[4.2899,45.0737],[4.2882,45.0737],[4.2874,45.0752],[4.2840,45.0760],[4.2858,45.0768],[4.2861,45.0782],[4.2897,45.0790],[4.2912,45.0813],[4.2883,45.0833],[4.2896,45.0850],[4.2902,45.0888],[4.2879,45.0941],[4.2898,45.0962],[4.2875,45.0984],[4.2816,45.1012],[4.2811,45.1048],[4.2766,45.1045],[4.2740,45.1057],[4.2762,45.1098],[4.2811,45.1098],[4.2775,45.1129],[4.2773,45.1136],[4.2790,45.1150],[4.2869,45.1151],[4.2861,45.1171],[4.2784,45.1216],[4.2826,45.1245],[4.2826,45.1308],[4.2851,45.1329],[4.2851,45.1340],[4.2815,45.1369],[4.2813,45.1387],[4.2784,45.1405],[4.2754,45.1400],[4.2725,45.1377],[4.2662,45.1374],[4.2663,45.1402],[4.2708,45.1423],[4.2718,45.1444],[4.2644,45.1456],[4.2638,45.1437],[4.2611,45.1434],[4.2603,45.1445],[4.2616,45.1463],[4.2612,45.1477],[4.2570,45.1509]]}},{"type":"Feature","properties":{"name":"Le Lignon"},"geometry":{"type":"LineString","coordinates":[[4.2194,44.9832],[4.2196,44.9863],[4.2218,44.9868],[4.2210,44.9887],[4.2243,44.9921],[4.2294,44.9925],[4.2301,44.9912],[4.2362,44.9906],[4.2378,44.9885],[4.2392,44.9888],[4.2383,44.9890],[4.2389,44.9903],[4.2421,44.9909],[4.2410,44.9953],[4.2443,44.9973],[4.2420,44.9985],[4.2408,45.0025],[4.2438,45.0035],[4.2472,45.0064],[4.2439,45.0112],[4.2450,45.0131],[4.2483,45.0137],[4.2478,45.0153],[4.2545,45.0171],[4.2545,45.0185],[4.2533,45.0192],[4.2582,45.0194],[4.2626,45.0229],[4.2739,45.0235],[4.2812,45.0222],[4.2835,45.0254],[4.2833,45.0267],[4.2848,45.0260],[4.2886,45.0197],[4.2915,45.0180],[4.2982,45.0206],[4.3041,45.0175],[4.3041,45.0217],[4.3019,45.0245],[4.3018,45.0263],[4.3115,45.0246],[4.3119,45.0257],[4.3093,45.0301],[4.3105,45.0315]]}},{"type":"Feature","properties":{"name":"Le Lignon"},"geometry":{"type":"LineString","coordinates":[[4.1520,45.2540],[4.1519,45.2563],[4.1445,45.2586]]}},{"type":"Feature","properties":{"name":"Le Lignon"},"geometry":{"type":"LineString","coordinates":[[4.1519,45.2539],[4.1520,45.2540]]}},{"type":"Feature","properties":{"name":"Le Lignon"},"geometry":{"type":"LineString","coordinates":[[4.1546,45.2330],[4.1546,45.2331]]}},{"type":"Feature","properties":{"name":"Le Lignon"},"geometry":{"type":"LineString","coordinates":[[4.1546,45.2331],[4.1551,45.2347],[4.1585,45.2363],[4.1559,45.2382],[4.1581,45.2404],[4.1572,45.2416],[4.1549,45.2406],[4.1527,45.2418]]}},{"type":"Feature","properties":{"name":"Le Lignon"},"geometry":{"type":"LineString","coordinates":[[4.1792,45.1674],[4.1790,45.1673]]}},{"type":"Feature","properties":{"name":"Le Lignon"},"geometry":{"type":"LineString","coordinates":[[4.1745,45.1598],[4.1727,45.1615]]}},{"type":"Feature","properties":{"name":"Le Lignon"},"geometry":{"type":"LineString","coordinates":[[4.1790,45.1673],[4.1776,45.1649],[4.1786,45.1618],[4.1745,45.1598]]}},{"type":"Feature","properties":{"name":"Le Lignon"},"geometry":{"type":"LineString","coordinates":[[4.2122,45.1481],[4.2116,45.1488],[4.2133,45.1512],[4.2129,45.1524],[4.2031,45.1539],[4.2025,45.1563],[4.1997,45.1574],[4.1943,45.1565],[4.1933,45.1613],[4.1905,45.1630],[4.1876,45.1615],[4.1870,45.1641],[4.1820,45.1675],[4.1792,45.1674]]}},{"type":"Feature","properties":{"name":"Le Lignon"},"geometry":{"type":"LineString","coordinates":[[4.2197,44.9828],[4.2194,44.9832]]}},{"type":"Feature","properties":{"name":"Le Lignon"},"geometry":{"type":"LineString","coordinates":[[4.2180,44.9761],[4.2179,44.9797],[4.2197,44.9828]]}},{"type":"Feature","properties":{"name":"Le Lignon"},"geometry":{"type":"LineString","coordinates":[[4.1744,45.1663],[4.1765,45.1662],[4.1735,45.1689],[4.1728,45.1712],[4.1709,45.1718],[4.1681,45.1700],[4.1657,45.1724],[4.1693,45.1731],[4.1701,45.1749],[4.1696,45.1767],[4.1645,45.1758],[4.1637,45.1770],[4.1607,45.1766],[4.1590,45.1778],[4.1556,45.1782],[4.1521,45.1806],[4.1465,45.1805],[4.1482,45.1810],[4.1478,45.1829],[4.1503,45.1826],[4.1506,45.1839],[4.1480,45.1849],[4.1493,45.1873],[4.1512,45.1882],[4.1505,45.1890],[4.1528,45.1897],[4.1557,45.1922],[4.1577,45.1924],[4.1583,45.1915],[4.1574,45.1903],[4.1584,45.1893],[4.1584,45.1872],[4.1604,45.1864],[4.1622,45.1897],[4.1642,45.1908],[4.1653,45.1936],[4.1697,45.1955],[4.1700,45.1982],[4.1677,45.1999],[4.1677,45.2016],[4.1635,45.2024],[4.1641,45.2041],[4.1668,45.2051],[4.1683,45.2109],[4.1705,45.2123],[4.1726,45.2122],[4.1728,45.2132],[4.1714,45.2139],[4.1659,45.2136],[4.1648,45.2148],[4.1660,45.2163],[4.1638,45.2173],[4.1666,45.2216],[4.1702,45.2210],[4.1729,45.2217]]}},{"type":"Feature","properties":{"name":"Le Lignon"},"geometry":{"type":"LineString","coordinates":[[4.1729,45.2217],[4.1787,45.2244]]}},{"type":"Feature","properties":{"name":"Le Lignon"},"geometry":{"type":"LineString","coordinates":[[4.1727,45.1615],[4.1703,45.1632],[4.1683,45.1667],[4.1744,45.1663]]}},{"type":"Feature","properties":{"name":"La Padelle"},"geometry":{"type":"LineString","coordinates":[[4.2296,44.7981],[4.2273,44.7979],[4.2246,44.7951],[4.2246,44.7938],[4.2268,44.7928],[4.2237,44.7903],[4.2215,44.7824],[4.2161,44.7817],[4.2146,44.7829],[4.2115,44.7826],[4.2097,44.7837],[4.2080,44.7813],[4.2054,44.7811],[4.2079,44.7786],[4.2084,44.7767],[4.2019,44.7744],[4.1988,44.7762],[4.1908,44.7768],[4.1896,44.7765],[4.1889,44.7736],[4.1867,44.7746],[4.1848,44.7730],[4.1796,44.7738],[4.1781,44.7707],[4.1756,44.7705],[4.1729,44.7721]]}},{"type":"Feature","properties":{"name":"Le Doux"},"geometry":{"type":"LineString","coordinates":[[4.4596,45.1077],[4.4597,45.1059],[4.4632,45.1018],[4.4630,45.1004],[4.4661,45.1011],[4.4754,45.0974],[4.4774,45.0934],[4.4751,45.0923],[4.4755,45.0897],[4.4743,45.0886],[4.4777,45.0876],[4.4787,45.0859]]}},{"type":"Feature","properties":{"name":"Le Doux"},"geometry":{"type":"LineString","coordinates":[[4.4889,45.0702],[4.4917,45.0679],[4.4935,45.0649],[4.4960,45.0638],[4.4963,45.0614],[4.4951,45.0606],[4.4966,45.0576],[4.5015,45.0564],[4.5019,45.0556],[4.4982,45.0536],[4.4993,45.0491],[4.4951,45.0489],[4.4964,45.0461],[4.4949,45.0450],[4.5020,45.0431]]}},{"type":"Feature","properties":{"name":"Le Doux"},"geometry":{"type":"LineString","coordinates":[[4.4928,45.0220],[4.4933,45.0196]]}},{"type":"Feature","properties":{"name":"Le Doux"},"geometry":{"type":"LineString","coordinates":[[4.4933,45.0196],[4.4946,45.0164]]}},{"type":"Feature","properties":{"name":"Le Doux"},"geometry":{"type":"LineString","coordinates":[[4.4947,45.0335],[4.4959,45.0304],[4.4931,45.0284],[4.4977,45.0259],[4.4966,45.0241],[4.4928,45.0220]]}},{"type":"Feature","properties":{"name":"Le Doux"},"geometry":{"type":"LineString","coordinates":[[4.4946,45.0164],[4.4949,45.0144],[4.4975,45.0129],[4.4967,45.0100],[4.5006,45.0072]]}},{"type":"Feature","properties":{"name":"Le Doux"},"geometry":{"type":"LineString","coordinates":[[4.5073,45.0033],[4.5087,45.0021],[4.5086,45.0011]]}},{"type":"Feature","properties":{"name":"Le Doux"},"geometry":{"type":"LineString","coordinates":[[4.5006,45.0072],[4.5018,45.0055],[4.5047,45.0056],[4.5073,45.0033]]}},{"type":"Feature","properties":{"name":"Le Doux"},"geometry":{"type":"LineString","coordinates":[[4.5086,45.0011],[4.5090,45.0009]]}},{"type":"Feature","properties":{"name":"Le Doux"},"geometry":{"type":"LineString","coordinates":[[4.5090,45.0009],[4.5111,45.0002]]}},{"type":"Feature","properties":{"name":"Le Doux"},"geometry":{"type":"LineString","coordinates":[[4.5111,45.0002],[4.5127,44.9986]]}},{"type":"Feature","properties":{"name":"Le Doux"},"geometry":{"type":"LineString","coordinates":[[4.5130,44.9986],[4.5178,44.9984],[4.5289,44.9940]]}},{"type":"Feature","properties":{"name":"Le Doux"},"geometry":{"type":"LineString","coordinates":[[4.4787,45.0859],[4.4847,45.0821],[4.4899,45.0816],[4.4912,45.0797],[4.4906,45.0786],[4.4928,45.0781]]}},{"type":"Feature","properties":{"name":"Le Doux"},"geometry":{"type":"LineString","coordinates":[[4.4928,45.0781],[4.4911,45.0764],[4.4941,45.0737],[4.4941,45.0724],[4.4901,45.0716],[4.4889,45.0702]]}},{"type":"Feature","properties":{"name":"Le Doux"},"geometry":{"type":"LineString","coordinates":[[4.5020,45.0431],[4.5028,45.0420],[4.4980,45.0383],[4.4934,45.0365],[4.4933,45.0345],[4.4947,45.0335]]}},{"type":"Feature","properties":{"name":"Le Doux"},"geometry":{"type":"LineString","coordinates":[[4.4937,45.0341],[4.4942,45.0340]]}},{"type":"Feature","properties":{"name":"Le Doux"},"geometry":{"type":"LineString","coordinates":[[4.4934,45.0343],[4.4937,45.0341]]}},{"type":"Feature","properties":{"name":"L\u0027Azette"},"geometry":{"type":"LineString","coordinates":[[4.2906,44.9173],[4.2919,44.9189],[4.2912,44.9204],[4.2925,44.9216],[4.3009,44.9241],[4.3078,44.9242]]}},{"type":"Feature","properties":{"name":"L\u0027Azette"},"geometry":{"type":"LineString","coordinates":[[4.3207,44.9313],[4.3219,44.9336],[4.3278,44.9376],[4.3287,44.9392],[4.3376,44.9417]]}},{"type":"Feature","properties":{"name":"L\u0027Azette"},"geometry":{"type":"LineString","coordinates":[[4.3207,44.9313],[4.3207,44.9313]]}},{"type":"Feature","properties":{"name":"L\u0027Azette"},"geometry":{"type":"LineString","coordinates":[[4.3078,44.9242],[4.3111,44.9258],[4.3110,44.9268],[4.3123,44.9267],[4.3137,44.9293],[4.3207,44.9313]]}},{"type":"Feature","properties":{"name":"La Semène"},"geometry":{"type":"LineString","coordinates":[[4.2995,45.2755],[4.2957,45.2754],[4.2875,45.2779],[4.2860,45.2795],[4.2824,45.2773],[4.2801,45.2788]]}},{"type":"Feature","properties":{"name":"La Semène"},"geometry":{"type":"LineString","coordinates":[[4.2624,45.2933],[4.2598,45.2919],[4.2523,45.2944],[4.2476,45.2938],[4.2469,45.2945],[4.2474,45.2969],[4.2465,45.2982],[4.2481,45.2992],[4.2471,45.3006],[4.2442,45.3012],[4.2465,45.3035],[4.2454,45.3050],[4.2502,45.3054],[4.2504,45.3072],[4.2539,45.3097],[4.2516,45.3134],[4.2491,45.3149],[4.2510,45.3169],[4.2491,45.3201],[4.2503,45.3218],[4.2524,45.3225],[4.2468,45.3276],[4.2472,45.3296]]}},{"type":"Feature","properties":{"name":"La Semène"},"geometry":{"type":"LineString","coordinates":[[4.2472,45.3296],[4.2484,45.3321],[4.2431,45.3360],[4.2471,45.3390],[4.2459,45.3401],[4.2416,45.3404],[4.2407,45.3417],[4.2419,45.3428],[4.2445,45.3414],[4.2456,45.3422],[4.2435,45.3454],[4.2444,45.3473],[4.2417,45.3494],[4.2432,45.3525],[4.2398,45.3526],[4.2394,45.3547],[4.2359,45.3546],[4.2375,45.3568],[4.2369,45.3589],[4.2388,45.3597],[4.2394,45.3613],[4.2431,45.3614],[4.2429,45.3642],[4.2461,45.3634],[4.2466,45.3645],[4.2417,45.3675],[4.2427,45.3695],[4.2406,45.3707],[4.2408,45.3734],[4.2390,45.3719],[4.2376,45.3722],[4.2375,45.3733],[4.2390,45.3744],[4.2374,45.3755],[4.2385,45.3775],[4.2367,45.3779],[4.2351,45.3802],[4.2318,45.3813],[4.2309,45.3832],[4.2198,45.3833]]}},{"type":"Feature","properties":{"name":"La Semène"},"geometry":{"type":"LineString","coordinates":[[4.2687,45.2838],[4.2688,45.2861],[4.2655,45.2875],[4.2682,45.2894],[4.2692,45.2914],[4.2672,45.2921],[4.2649,45.2911],[4.2624,45.2933]]}},{"type":"Feature","properties":{"name":"La Semène"},"geometry":{"type":"LineString","coordinates":[[4.4636,45.3422],[4.4504,45.3481],[4.4474,45.3482],[4.4447,45.3463]]}},{"type":"Feature","properties":{"name":"La Semène"},"geometry":{"type":"LineString","coordinates":[[4.4446,45.3463],[4.4404,45.3461],[4.4389,45.3452],[4.4371,45.3413]]}},{"type":"Feature","properties":{"name":"La Semène"},"geometry":{"type":"LineString","coordinates":[[4.4447,45.3463],[4.4446,45.3463]]}},{"type":"Feature","properties":{"name":"La Semène"},"geometry":{"type":"LineString","coordinates":[[4.4371,45.3413],[4.4372,45.3411]]}},{"type":"Feature","properties":{"name":"La Semène"},"geometry":{"type":"LineString","coordinates":[[4.4372,45.3411],[4.4369,45.3392],[4.4385,45.3382],[4.4370,45.3349],[4.4377,45.3334],[4.4360,45.3328],[4.4304,45.3335],[4.4289,45.3327],[4.4242,45.3344],[4.4218,45.3335],[4.4215,45.3316],[4.4232,45.3296],[4.4229,45.3278],[4.4215,45.3269],[4.4194,45.3270],[4.4086,45.3320],[4.4051,45.3316],[4.4017,45.3297]]}},{"type":"Feature","properties":{"name":"La Semène"},"geometry":{"type":"LineString","coordinates":[[4.4694,45.3423],[4.4690,45.3422]]}},{"type":"Feature","properties":{"name":"La Semène"},"geometry":{"type":"LineString","coordinates":[[4.4690,45.3422],[4.4636,45.3422]]}},{"type":"Feature","properties":{"name":"La Semène"},"geometry":{"type":"LineString","coordinates":[[4.4772,45.3395],[4.4770,45.3409],[4.4755,45.3418],[4.4694,45.3423]]}},{"type":"Feature","properties":{"name":"La Semène"},"geometry":{"type":"LineString","coordinates":[[4.2472,45.3296],[4.2477,45.3309],[4.2453,45.3334]]}},{"type":"Feature","properties":{"name":"La Semène"},"geometry":{"type":"LineString","coordinates":[[4.4017,45.3297],[4.4007,45.3286],[4.3981,45.3285],[4.3937,45.3301]]}},{"type":"Feature","properties":{"name":"La Semène"},"geometry":{"type":"LineString","coordinates":[[4.3937,45.3301],[4.3925,45.3312],[4.3898,45.3300],[4.3889,45.3280],[4.3851,45.3274],[4.3854,45.3266],[4.3824,45.3239],[4.3848,45.3196],[4.3818,45.3150],[4.3805,45.3145],[4.3800,45.3123],[4.3769,45.3109],[4.3763,45.3094],[4.3735,45.3088],[4.3664,45.3015]]}},{"type":"Feature","properties":{"name":"La Semène"},"geometry":{"type":"LineString","coordinates":[[4.2801,45.2788],[4.2766,45.2811],[4.2747,45.2796],[4.2717,45.2805],[4.2678,45.2801],[4.2669,45.2813],[4.2686,45.2820],[4.2687,45.2838]]}},{"type":"Feature","properties":{"name":"La Semène"},"geometry":{"type":"LineString","coordinates":[[4.3664,45.3015],[4.3639,45.3003],[4.3630,45.2988],[4.3543,45.2945],[4.3505,45.2953],[4.3446,45.2921],[4.3399,45.2930],[4.3354,45.2918],[4.3347,45.2894],[4.3314,45.2883],[4.3293,45.2825],[4.3271,45.2801],[4.3188,45.2796],[4.3166,45.2782],[4.3104,45.2771],[4.3068,45.2744],[4.3029,45.2732],[4.3006,45.2735],[4.3010,45.2752],[4.2995,45.2755]]}},{"type":"Feature","properties":{"name":"La Semène"},"geometry":{"type":"LineString","coordinates":[[4.3314,45.2883],[4.3288,45.2857],[4.3298,45.2848],[4.3277,45.2834],[4.3287,45.2819]]}},{"type":"Feature","properties":{"name":"La Semène"},"geometry":{"type":"LineString","coordinates":[[4.2452,45.3336],[4.2456,45.3346]]}},{"type":"Feature","properties":{"name":"La Semène"},"geometry":{"type":"LineString","coordinates":[[4.2453,45.3334],[4.2452,45.3336]]}},{"type":"Feature","properties":{"name":"L\u0027Arcueil"},"geometry":{"type":"LineString","coordinates":[[3.1826,45.2389],[3.1842,45.2408],[3.1830,45.2416],[3.1833,45.2425],[3.1864,45.2438],[3.1876,45.2465]]}},{"type":"Feature","properties":{"name":"L\u0027Arcueil"},"geometry":{"type":"LineString","coordinates":[[3.1343,45.1970],[3.1339,45.1980],[3.1362,45.1985],[3.1366,45.2000],[3.1386,45.2006],[3.1384,45.2038],[3.1415,45.2053],[3.1458,45.2042],[3.1478,45.2056],[3.1500,45.2044],[3.1519,45.2058],[3.1577,45.2063],[3.1594,45.2085],[3.1601,45.2120],[3.1629,45.2150],[3.1599,45.2226],[3.1603,45.2246],[3.1639,45.2260],[3.1709,45.2326],[3.1751,45.2339],[3.1748,45.2351],[3.1789,45.2360],[3.1789,45.2381],[3.1826,45.2389]]}},{"type":"Feature","properties":{"name":"La Senouire"},"geometry":{"type":"LineString","coordinates":[[3.6357,45.2396],[3.6349,45.2395]]}},{"type":"Feature","properties":{"name":"La Senouire"},"geometry":{"type":"LineString","coordinates":[[3.5282,45.1945],[3.5239,45.1973],[3.5196,45.1980],[3.5199,45.2002],[3.5127,45.2023],[3.5067,45.2074],[3.5029,45.2078],[3.5026,45.2098],[3.5049,45.2148],[3.5075,45.2160],[3.5093,45.2181],[3.5066,45.2191],[3.5071,45.2201],[3.5051,45.2222],[3.5062,45.2233],[3.5089,45.2234],[3.5091,45.2260],[3.5113,45.2278],[3.5103,45.2330],[3.5038,45.2335],[3.5032,45.2351],[3.5041,45.2395],[3.5012,45.2420],[3.5012,45.2448],[3.4996,45.2478],[3.5005,45.2501],[3.5059,45.2501],[3.5078,45.2510],[3.5071,45.2522],[3.5023,45.2542],[3.5026,45.2551],[3.5055,45.2558],[3.5067,45.2576],[3.5018,45.2593],[3.4966,45.2576],[3.4925,45.2578],[3.4893,45.2589],[3.4866,45.2616],[3.4866,45.2632],[3.4846,45.2640],[3.4682,45.2640],[3.4652,45.2654],[3.4628,45.2639],[3.4572,45.2635],[3.4528,45.2599],[3.4499,45.2612],[3.4455,45.2583],[3.4388,45.2620],[3.4403,45.2631],[3.4408,45.2662],[3.4367,45.2658],[3.4341,45.2691],[3.4310,45.2703],[3.4270,45.2684],[3.4242,45.2688],[3.4211,45.2676],[3.4192,45.2694],[3.4174,45.2689],[3.4177,45.2703],[3.4139,45.2742],[3.4123,45.2747],[3.4115,45.2767],[3.4082,45.2773]]}},{"type":"Feature","properties":{"name":"La Senouire"},"geometry":{"type":"LineString","coordinates":[[3.6545,45.2532],[3.6528,45.2529],[3.6534,45.2516],[3.6505,45.2513],[3.6527,45.2498]]}},{"type":"Feature","properties":{"name":"La Senouire"},"geometry":{"type":"LineString","coordinates":[[3.6494,45.2662],[3.6517,45.2646],[3.6501,45.2626],[3.6518,45.2613],[3.6517,45.2597],[3.6496,45.2593],[3.6504,45.2581]]}},{"type":"Feature","properties":{"name":"La Senouire"},"geometry":{"type":"LineString","coordinates":[[3.6469,45.2796],[3.6455,45.2790],[3.6459,45.2777],[3.6450,45.2761],[3.6484,45.2733],[3.6476,45.2724],[3.6488,45.2702]]}},{"type":"Feature","properties":{"name":"La Senouire"},"geometry":{"type":"LineString","coordinates":[[3.6619,45.2938],[3.6616,45.2936]]}},{"type":"Feature","properties":{"name":"La Senouire"},"geometry":{"type":"LineString","coordinates":[[3.6548,45.2861],[3.6541,45.2861],[3.6542,45.2844],[3.6533,45.2839],[3.6539,45.2829],[3.6529,45.2835]]}},{"type":"Feature","properties":{"name":"La Senouire"},"geometry":{"type":"LineString","coordinates":[[3.6524,45.2829],[3.6510,45.2814],[3.6515,45.2807]]}},{"type":"Feature","properties":{"name":"La Senouire"},"geometry":{"type":"LineString","coordinates":[[3.6349,45.2395],[3.6315,45.2400],[3.6284,45.2375],[3.6237,45.2368],[3.6236,45.2348],[3.6225,45.2344],[3.6207,45.2310],[3.6223,45.2288],[3.6197,45.2282],[3.6180,45.2258],[3.6198,45.2238],[3.6172,45.2216],[3.6075,45.2212],[3.6076,45.2188],[3.6040,45.2139],[3.5997,45.2151],[3.5990,45.2133],[3.5941,45.2108],[3.5961,45.2084],[3.5872,45.2036]]}},{"type":"Feature","properties":{"name":"La Senouire"},"geometry":{"type":"LineString","coordinates":[[3.6527,45.2498],[3.6482,45.2483],[3.6462,45.2448],[3.6450,45.2448],[3.6444,45.2461],[3.6428,45.2451],[3.6410,45.2453],[3.6357,45.2396]]}},{"type":"Feature","properties":{"name":"La Senouire"},"geometry":{"type":"LineString","coordinates":[[3.6504,45.2581],[3.6542,45.2571]]}},{"type":"Feature","properties":{"name":"La Senouire"},"geometry":{"type":"LineString","coordinates":[[3.6488,45.2702],[3.6485,45.2669],[3.6494,45.2662]]}},{"type":"Feature","properties":{"name":"La Senouire"},"geometry":{"type":"LineString","coordinates":[[3.6515,45.2807],[3.6507,45.2797],[3.6469,45.2796]]}},{"type":"Feature","properties":{"name":"La Senouire"},"geometry":{"type":"LineString","coordinates":[[3.6529,45.2835],[3.6524,45.2829]]}},{"type":"Feature","properties":{"name":"La Senouire"},"geometry":{"type":"LineString","coordinates":[[3.6546,45.2532],[3.6545,45.2532]]}},{"type":"Feature","properties":{"name":"La Senouire"},"geometry":{"type":"LineString","coordinates":[[3.6542,45.2571],[3.6563,45.2545],[3.6562,45.2536],[3.6546,45.2532]]}},{"type":"Feature","properties":{"name":"La Senouire"},"geometry":{"type":"LineString","coordinates":[[3.5283,45.1945],[3.5282,45.1945]]}},{"type":"Feature","properties":{"name":"La Senouire"},"geometry":{"type":"LineString","coordinates":[[3.5872,45.2036],[3.5861,45.2013],[3.5809,45.1980],[3.5829,45.1939],[3.5821,45.1925],[3.5780,45.1922],[3.5757,45.1892],[3.5699,45.1892],[3.5682,45.1878],[3.5676,45.1850],[3.5633,45.1827],[3.5582,45.1840],[3.5557,45.1836],[3.5557,45.1821],[3.5532,45.1828],[3.5510,45.1839],[3.5517,45.1855],[3.5504,45.1862],[3.5461,45.1870],[3.5433,45.1893],[3.5361,45.1900],[3.5283,45.1945]]}},{"type":"Feature","properties":{"name":"La Senouire"},"geometry":{"type":"LineString","coordinates":[[3.4410,45.2660],[3.4404,45.2671],[3.4390,45.2664]]}},{"type":"Feature","properties":{"name":"La Senouire"},"geometry":{"type":"LineString","coordinates":[[3.6504,45.2581],[3.6515,45.2581]]}},{"type":"Feature","properties":{"name":"La Rimeize"},"geometry":{"type":"LineString","coordinates":[[3.1905,44.7254],[3.1919,44.7260],[3.1947,44.7249],[3.1974,44.7251],[3.1975,44.7230],[3.2008,44.7238],[3.2038,44.7230],[3.2088,44.7192],[3.2081,44.7166],[3.2094,44.7153],[3.2149,44.7169],[3.2161,44.7164],[3.2177,44.7190],[3.2221,44.7171],[3.2215,44.7198],[3.2222,44.7201],[3.2200,44.7218],[3.2251,44.7257],[3.2275,44.7258],[3.2264,44.7276],[3.2284,44.7288],[3.2278,44.7310],[3.2285,44.7322],[3.2269,44.7340],[3.2291,44.7352],[3.2303,44.7374],[3.2289,44.7425],[3.2321,44.7434],[3.2338,44.7473],[3.2364,44.7495],[3.2395,44.7487],[3.2439,44.7501],[3.2492,44.7484],[3.2513,44.7486],[3.2561,44.7524],[3.2566,44.7548],[3.2589,44.7554],[3.2607,44.7547],[3.2631,44.7560],[3.2664,44.7548],[3.2677,44.7528],[3.2735,44.7545],[3.2761,44.7522],[3.2824,44.7529],[3.2855,44.7511],[3.2883,44.7508],[3.2898,44.7520],[3.2912,44.7511],[3.2913,44.7523],[3.2961,44.7514],[3.2969,44.7530],[3.2988,44.7520],[3.3031,44.7527],[3.3049,44.7536],[3.3039,44.7561],[3.3065,44.7591],[3.3068,44.7612],[3.3115,44.7664],[3.3143,44.7660],[3.3152,44.7650],[3.3178,44.7664],[3.3296,44.7646],[3.3306,44.7669],[3.3279,44.7690],[3.3292,44.7700],[3.3279,44.7719],[3.3292,44.7736],[3.3371,44.7720],[3.3401,44.7732],[3.3421,44.7757],[3.3446,44.7740],[3.3485,44.7756]]}},{"type":"Feature","properties":{"name":"La Rimeize"},"geometry":{"type":"LineString","coordinates":[[3.3485,44.7756],[3.3486,44.7758]]}},{"type":"Feature","properties":{"name":"La Rimeize"},"geometry":{"type":"LineString","coordinates":[[3.3486,44.7758],[3.3485,44.7766]]}},{"type":"Feature","properties":{"name":"La Veyruègne"},"geometry":{"type":"LineString","coordinates":[[4.4833,44.8138],[4.4907,44.8130],[4.4914,44.8156],[4.4900,44.8161],[4.4905,44.8167],[4.4972,44.8164],[4.4979,44.8176],[4.4998,44.8173],[4.5006,44.8199],[4.5024,44.8199],[4.5017,44.8217],[4.5054,44.8231],[4.5061,44.8268],[4.5054,44.8281]]}},{"type":"Feature","properties":{"name":"La Veyruègne"},"geometry":{"type":"LineString","coordinates":[[4.4353,44.7967],[4.4364,44.7965],[4.4377,44.7982],[4.4408,44.7991],[4.4413,44.8006],[4.4437,44.8013],[4.4524,44.8074],[4.4596,44.8081],[4.4608,44.8109],[4.4675,44.8111],[4.4786,44.8092],[4.4825,44.8135]]}},{"type":"Feature","properties":{"name":"La Veyruègne"},"geometry":{"type":"LineString","coordinates":[[4.4825,44.8135],[4.4833,44.8138]]}},{"type":"Feature","properties":{"name":"L\u0027Ander"},"geometry":{"type":"LineString","coordinates":[[3.1348,44.9812],[3.1335,44.9797],[3.1356,44.9768],[3.1401,44.9750],[3.1381,44.9740],[3.1377,44.9728],[3.1406,44.9710],[3.1445,44.9710],[3.1463,44.9696]]}},{"type":"Feature","properties":{"name":"L\u0027Ander"},"geometry":{"type":"LineString","coordinates":[[3.1397,45.0086],[3.1368,45.0056],[3.1407,45.0043],[3.1410,45.0033],[3.1396,44.9995],[3.1406,44.9943],[3.1385,44.9911],[3.1427,44.9907],[3.1444,44.9888],[3.1429,44.9877],[3.1401,44.9879],[3.1390,44.9857],[3.1395,44.9825],[3.1348,44.9812]]}},{"type":"Feature","properties":{"name":"L\u0027Ander"},"geometry":{"type":"LineString","coordinates":[[3.0118,45.0522],[3.0136,45.0502],[3.0158,45.0505],[3.0190,45.0487],[3.0202,45.0504],[3.0239,45.0520],[3.0258,45.0514],[3.0281,45.0523],[3.0329,45.0507],[3.0342,45.0514],[3.0414,45.0512],[3.0457,45.0518],[3.0585,45.0568],[3.0683,45.0576],[3.0704,45.0518],[3.0760,45.0490],[3.0767,45.0465],[3.0796,45.0467],[3.0823,45.0485],[3.0855,45.0491],[3.0876,45.0434],[3.0922,45.0419],[3.0952,45.0435],[3.0962,45.0419],[3.0940,45.0402],[3.0943,45.0369],[3.0987,45.0336],[3.1024,45.0324],[3.1107,45.0332],[3.1112,45.0308],[3.1131,45.0295],[3.1156,45.0299],[3.1125,45.0270],[3.1128,45.0256],[3.1145,45.0239],[3.1181,45.0240]]}},{"type":"Feature","properties":{"name":"L\u0027Ander"},"geometry":{"type":"LineString","coordinates":[[3.1181,45.0240],[3.1202,45.0238],[3.1252,45.0186],[3.1237,45.0157],[3.1252,45.0135],[3.1280,45.0123],[3.1299,45.0088],[3.1338,45.0069],[3.1382,45.0094],[3.1397,45.0086]]}},{"type":"Feature","properties":{"name":"L\u0027Ander"},"geometry":{"type":"LineString","coordinates":[[3.1181,45.0240],[3.1181,45.0240]]}},{"type":"Feature","properties":{"name":"Le Furan"},"geometry":{"type":"LineString","coordinates":[[4.4740,45.3660],[4.4694,45.3686],[4.4635,45.3738]]}},{"type":"Feature","properties":{"name":"Le Furan"},"geometry":{"type":"LineString","coordinates":[[4.4929,45.3571],[4.4892,45.3561],[4.4836,45.3575],[4.4804,45.3596],[4.4798,45.3620],[4.4782,45.3637],[4.4740,45.3660]]}},{"type":"Feature","properties":{"name":"Le Furan"},"geometry":{"type":"LineString","coordinates":[[4.4193,45.4066],[4.4093,45.4093],[4.4056,45.4139],[4.4062,45.4152]]}},{"type":"Feature","properties":{"name":"Le Furan"},"geometry":{"type":"LineString","coordinates":[[4.4055,45.4165],[4.4053,45.4184],[4.4021,45.4197]]}},{"type":"Feature","properties":{"name":"Le Furan"},"geometry":{"type":"LineString","coordinates":[[4.4021,45.4198],[4.4008,45.4216]]}},{"type":"Feature","properties":{"name":"Le Furan"},"geometry":{"type":"LineString","coordinates":[[4.4062,45.4152],[4.4062,45.4154]]}},{"type":"Feature","properties":{"name":"Le Furan"},"geometry":{"type":"LineString","coordinates":[[4.4021,45.4197],[4.4021,45.4198]]}},{"type":"Feature","properties":{"name":"Le Furan"},"geometry":{"type":"LineString","coordinates":[[4.4062,45.4154],[4.4061,45.4161]]}},{"type":"Feature","properties":{"name":"Le Furan"},"geometry":{"type":"LineString","coordinates":[[4.3990,45.4223],[4.3952,45.4234],[4.3883,45.4323],[4.3875,45.4352],[4.3891,45.4374],[4.3839,45.4540],[4.3846,45.4542],[4.3847,45.4604],[4.3865,45.4667]]}},{"type":"Feature","properties":{"name":"Le Furan"},"geometry":{"type":"LineString","coordinates":[[4.4008,45.4216],[4.3990,45.4223]]}},{"type":"Feature","properties":{"name":"Le Furan"},"geometry":{"type":"LineString","coordinates":[[4.4378,45.4081],[4.4377,45.4088]]}},{"type":"Feature","properties":{"name":"Le Furan"},"geometry":{"type":"LineString","coordinates":[[4.4377,45.4088],[4.4365,45.4088],[4.4371,45.4073],[4.4364,45.4069],[4.4311,45.4083],[4.4193,45.4066]]}},{"type":"Feature","properties":{"name":"Le Furan"},"geometry":{"type":"LineString","coordinates":[[4.4479,45.3904],[4.4460,45.3928]]}},{"type":"Feature","properties":{"name":"Le Furan"},"geometry":{"type":"LineString","coordinates":[[4.4571,45.3786],[4.4564,45.3791]]}},{"type":"Feature","properties":{"name":"Le Furan"},"geometry":{"type":"LineString","coordinates":[[4.4519,45.3823],[4.4489,45.3823],[4.4471,45.3853],[4.4482,45.3870],[4.4462,45.3894],[4.4479,45.3904]]}},{"type":"Feature","properties":{"name":"Le Furan"},"geometry":{"type":"LineString","coordinates":[[4.4061,45.4161],[4.4056,45.4165]]}},{"type":"Feature","properties":{"name":"Le Furan"},"geometry":{"type":"LineString","coordinates":[[4.4056,45.4165],[4.4055,45.4165]]}},{"type":"Feature","properties":{"name":"Le Furan"},"geometry":{"type":"LineString","coordinates":[[4.4480,45.3951],[4.4459,45.3988],[4.4470,45.4011],[4.4459,45.4012],[4.4449,45.4047],[4.4424,45.4082],[4.4432,45.4091],[4.4378,45.4081]]}},{"type":"Feature","properties":{"name":"Le Furan"},"geometry":{"type":"LineString","coordinates":[[4.4564,45.3791],[4.4551,45.3810],[4.4520,45.3823]]}},{"type":"Feature","properties":{"name":"Le Furan"},"geometry":{"type":"LineString","coordinates":[[4.4520,45.3823],[4.4519,45.3823]]}},{"type":"Feature","properties":{"name":"Le Ramel"},"geometry":{"type":"LineString","coordinates":[[4.0860,45.1748],[4.0846,45.1762],[4.0881,45.1768],[4.0898,45.1790],[4.0935,45.1782],[4.0942,45.1812],[4.0960,45.1829],[4.0988,45.1813],[4.0997,45.1833],[4.1015,45.1831],[4.1032,45.1849],[4.1057,45.1856],[4.1082,45.1886],[4.1085,45.1911],[4.1109,45.1914],[4.1114,45.1927],[4.1102,45.1940],[4.1134,45.1950],[4.1125,45.1963],[4.1087,45.1973],[4.1101,45.1995]]}},{"type":"Feature","properties":{"name":"Le Ramel"},"geometry":{"type":"LineString","coordinates":[[4.1101,45.1995],[4.1105,45.2010],[4.1087,45.2017],[4.1097,45.2032],[4.1072,45.2032],[4.1079,45.2044],[4.1069,45.2053],[4.1082,45.2070],[4.1031,45.2093],[4.1031,45.2108],[4.1010,45.2123],[4.1016,45.2172],[4.1010,45.2195],[4.1020,45.2223],[4.1037,45.2237],[4.1020,45.2275],[4.1041,45.2322],[4.1005,45.2339],[4.1008,45.2365]]}},{"type":"Feature","properties":{"name":"L\u0027Ondaine"},"geometry":{"type":"LineString","coordinates":[[4.2650,45.3931],[4.2635,45.3947],[4.2581,45.3972],[4.2550,45.4013],[4.2539,45.4079],[4.2498,45.4090],[4.2502,45.4113],[4.2474,45.4137],[4.2498,45.4155],[4.2495,45.4169],[4.2475,45.4186]]}},{"type":"Feature","properties":{"name":"L\u0027Ondaine"},"geometry":{"type":"LineString","coordinates":[[4.3344,45.3989],[4.3268,45.3989],[4.3210,45.3979],[4.3185,45.3961],[4.3140,45.3964],[4.3063,45.3953]]}},{"type":"Feature","properties":{"name":"L\u0027Ondaine"},"geometry":{"type":"LineString","coordinates":[[4.3449,45.3996],[4.3442,45.3997]]}},{"type":"Feature","properties":{"name":"L\u0027Ondaine"},"geometry":{"type":"LineString","coordinates":[[4.3521,45.4009],[4.3451,45.3995]]}},{"type":"Feature","properties":{"name":"L\u0027Ondaine"},"geometry":{"type":"LineString","coordinates":[[4.3596,45.4044],[4.3523,45.4010]]}},{"type":"Feature","properties":{"name":"L\u0027Ondaine"},"geometry":{"type":"LineString","coordinates":[[4.3433,45.3990],[4.3396,45.4001],[4.3344,45.3988]]}},{"type":"Feature","properties":{"name":"L\u0027Ondaine"},"geometry":{"type":"LineString","coordinates":[[4.3451,45.3995],[4.3449,45.3996]]}},{"type":"Feature","properties":{"name":"L\u0027Ondaine"},"geometry":{"type":"LineString","coordinates":[[4.3442,45.3997],[4.3440,45.3996]]}},{"type":"Feature","properties":{"name":"L\u0027Ondaine"},"geometry":{"type":"LineString","coordinates":[[4.3523,45.4010],[4.3521,45.4009]]}},{"type":"Feature","properties":{"name":"L\u0027Ondaine"},"geometry":{"type":"LineString","coordinates":[[4.3344,45.3988],[4.3344,45.3989]]}},{"type":"Feature","properties":{"name":"L\u0027Ondaine"},"geometry":{"type":"LineString","coordinates":[[4.2863,45.3952],[4.2827,45.3940]]}},{"type":"Feature","properties":{"name":"L\u0027Ondaine"},"geometry":{"type":"LineString","coordinates":[[4.2812,45.3940],[4.2794,45.3942],[4.2719,45.3918]]}},{"type":"Feature","properties":{"name":"L\u0027Ondaine"},"geometry":{"type":"LineString","coordinates":[[4.2658,45.3926],[4.2653,45.3930]]}},{"type":"Feature","properties":{"name":"L\u0027Ondaine"},"geometry":{"type":"LineString","coordinates":[[4.2659,45.3925],[4.2658,45.3926]]}},{"type":"Feature","properties":{"name":"L\u0027Ondaine"},"geometry":{"type":"LineString","coordinates":[[4.2653,45.3930],[4.2650,45.3931]]}},{"type":"Feature","properties":{"name":"L\u0027Ondaine"},"geometry":{"type":"LineString","coordinates":[[4.2719,45.3918],[4.2673,45.3917],[4.2659,45.3925]]}},{"type":"Feature","properties":{"name":"L\u0027Ondaine"},"geometry":{"type":"LineString","coordinates":[[4.3062,45.3952],[4.3001,45.3948],[4.2945,45.3966],[4.2910,45.3961],[4.2903,45.3950],[4.2863,45.3952]]}},{"type":"Feature","properties":{"name":"L\u0027Ondaine"},"geometry":{"type":"LineString","coordinates":[[4.3063,45.3953],[4.3062,45.3952]]}},{"type":"Feature","properties":{"name":"L\u0027Ondaine"},"geometry":{"type":"LineString","coordinates":[[4.3434,45.3990],[4.3433,45.3990]]}},{"type":"Feature","properties":{"name":"L\u0027Ondaine"},"geometry":{"type":"LineString","coordinates":[[4.3440,45.3996],[4.3434,45.3990]]}},{"type":"Feature","properties":{"name":"L\u0027Ondaine"},"geometry":{"type":"LineString","coordinates":[[4.2818,45.3939],[4.2816,45.3939]]}},{"type":"Feature","properties":{"name":"L\u0027Ondaine"},"geometry":{"type":"LineString","coordinates":[[4.2819,45.3939],[4.2818,45.3939]]}},{"type":"Feature","properties":{"name":"L\u0027Ondaine"},"geometry":{"type":"LineString","coordinates":[[4.2825,45.3939],[4.2823,45.3939]]}},{"type":"Feature","properties":{"name":"L\u0027Ondaine"},"geometry":{"type":"LineString","coordinates":[[4.2827,45.3940],[4.2825,45.3939]]}},{"type":"Feature","properties":{"name":"L\u0027Ondaine"},"geometry":{"type":"LineString","coordinates":[[4.2816,45.3939],[4.2812,45.3940]]}},{"type":"Feature","properties":{"name":"L\u0027Ondaine"},"geometry":{"type":"LineString","coordinates":[[4.2823,45.3939],[4.2819,45.3939]]}},{"type":"Feature","properties":{"name":"La Dunière"},"geometry":{"type":"LineString","coordinates":[[4.2381,45.2182],[4.2353,45.2195],[4.2305,45.2193],[4.2312,45.2177],[4.2300,45.2148]]}},{"type":"Feature","properties":{"name":"La Dunière"},"geometry":{"type":"LineString","coordinates":[[4.2300,45.2148],[4.2282,45.2157],[4.2237,45.2155],[4.2211,45.2185],[4.2187,45.2179],[4.2152,45.2149],[4.2130,45.2148],[4.2108,45.2157],[4.2106,45.2171],[4.2066,45.2211],[4.2057,45.2212],[4.2047,45.2187],[4.2029,45.2184],[4.2007,45.2195],[4.2015,45.2212],[4.1985,45.2209],[4.1961,45.2237]]}},{"type":"Feature","properties":{"name":"La Dunière"},"geometry":{"type":"LineString","coordinates":[[4.3498,45.2193],[4.3471,45.2205],[4.3463,45.2191],[4.3438,45.2184],[4.3371,45.2204],[4.3300,45.2200],[4.3245,45.2180],[4.3195,45.2186],[4.3174,45.2175],[4.3147,45.2182],[4.3085,45.2160],[4.3066,45.2141],[4.3042,45.2145],[4.2972,45.2128],[4.2965,45.2145],[4.2935,45.2155],[4.2849,45.2133],[4.2829,45.2168],[4.2775,45.2185],[4.2748,45.2164],[4.2767,45.2150],[4.2757,45.2111],[4.2735,45.2105],[4.2719,45.2124],[4.2685,45.2101],[4.2682,45.2126],[4.2646,45.2130],[4.2636,45.2142],[4.2620,45.2129],[4.2587,45.2125],[4.2600,45.2159],[4.2563,45.2193],[4.2546,45.2177],[4.2556,45.2156],[4.2545,45.2158],[4.2531,45.2178],[4.2493,45.2183],[4.2503,45.2151],[4.2477,45.2150],[4.2465,45.2167],[4.2469,45.2151],[4.2443,45.2136]]}},{"type":"Feature","properties":{"name":"La Dunière"},"geometry":{"type":"LineString","coordinates":[[4.1961,45.2237],[4.1942,45.2241],[4.1918,45.2264],[4.1903,45.2250],[4.1882,45.2261],[4.1864,45.2248],[4.1839,45.2248],[4.1821,45.2284],[4.1796,45.2284],[4.1784,45.2268],[4.1755,45.2262]]}},{"type":"Feature","properties":{"name":"La Dunière"},"geometry":{"type":"LineString","coordinates":[[4.4009,45.2321],[4.3994,45.2300],[4.4001,45.2261],[4.3973,45.2236],[4.3947,45.2180],[4.3917,45.2170],[4.3886,45.2174],[4.3881,45.2158],[4.3820,45.2161],[4.3821,45.2133],[4.3774,45.2113],[4.3758,45.2092],[4.3769,45.2083],[4.3763,45.2069],[4.3737,45.2076],[4.3693,45.2058],[4.3610,45.2106],[4.3560,45.2109],[4.3527,45.2139],[4.3498,45.2147],[4.3493,45.2160],[4.3506,45.2179],[4.3498,45.2193]]}},{"type":"Feature","properties":{"name":"La Dunière"},"geometry":{"type":"LineString","coordinates":[[4.2443,45.2136],[4.2435,45.2145],[4.2442,45.2164],[4.2405,45.2165],[4.2381,45.2182]]}},{"type":"Feature","properties":{"name":"La Dolore"},"geometry":{"type":"LineString","coordinates":[[3.6792,45.4138],[3.6807,45.4133],[3.6802,45.4114],[3.6831,45.4109],[3.6823,45.4100],[3.6851,45.4108],[3.6865,45.4095],[3.6911,45.4092],[3.6912,45.4071]]}},{"type":"Feature","properties":{"name":"La Dolore"},"geometry":{"type":"LineString","coordinates":[[3.6730,45.4145],[3.6793,45.4127]]}},{"type":"Feature","properties":{"name":"La Dolore"},"geometry":{"type":"LineString","coordinates":[[3.6116,45.4624],[3.6139,45.4610],[3.6135,45.4605],[3.6150,45.4586],[3.6120,45.4554],[3.6143,45.4532]]}},{"type":"Feature","properties":{"name":"La Dolore"},"geometry":{"type":"LineString","coordinates":[[3.7015,45.4063],[3.7017,45.4059]]}},{"type":"Feature","properties":{"name":"La Dolore"},"geometry":{"type":"LineString","coordinates":[[3.7170,45.4127],[3.7170,45.4127]]}},{"type":"Feature","properties":{"name":"La Dolore"},"geometry":{"type":"LineString","coordinates":[[3.7017,45.4059],[3.7037,45.4030],[3.7068,45.4045],[3.7162,45.4060],[3.7175,45.4072],[3.7158,45.4089],[3.7170,45.4127]]}},{"type":"Feature","properties":{"name":"La Dolore"},"geometry":{"type":"LineString","coordinates":[[3.7170,45.4127],[3.7204,45.4165],[3.7197,45.4206],[3.7214,45.4214],[3.7240,45.4208],[3.7235,45.4219],[3.7277,45.4289],[3.7272,45.4307],[3.7303,45.4325],[3.7296,45.4332],[3.7312,45.4379],[3.7282,45.4419],[3.7303,45.4462],[3.7294,45.4473],[3.7296,45.4490]]}},{"type":"Feature","properties":{"name":"La Dolore"},"geometry":{"type":"LineString","coordinates":[[3.6922,45.4070],[3.6955,45.4067],[3.6989,45.4077],[3.7015,45.4063]]}},{"type":"Feature","properties":{"name":"La Dolore"},"geometry":{"type":"LineString","coordinates":[[3.6912,45.4071],[3.6922,45.4070]]}},{"type":"Feature","properties":{"name":"La Dolore"},"geometry":{"type":"LineString","coordinates":[[3.6793,45.4127],[3.6792,45.4138]]}},{"type":"Feature","properties":{"name":"La Dolore"},"geometry":{"type":"LineString","coordinates":[[3.6348,45.4474],[3.6383,45.4439]]}},{"type":"Feature","properties":{"name":"La Dolore"},"geometry":{"type":"LineString","coordinates":[[3.6143,45.4532],[3.6174,45.4529]]}},{"type":"Feature","properties":{"name":"La Dolore"},"geometry":{"type":"LineString","coordinates":[[3.6606,45.4307],[3.6605,45.4297],[3.6632,45.4295],[3.6624,45.4268],[3.6646,45.4255],[3.6638,45.4240],[3.6653,45.4232],[3.6666,45.4242],[3.6688,45.4229],[3.6673,45.4219],[3.6675,45.4209],[3.6728,45.4205],[3.6753,45.4192],[3.6731,45.4180],[3.6751,45.4171],[3.6747,45.4153],[3.6726,45.4154],[3.6730,45.4145]]}},{"type":"Feature","properties":{"name":"La Dolore"},"geometry":{"type":"LineString","coordinates":[[3.6498,45.4418],[3.6503,45.4410],[3.6486,45.4385],[3.6495,45.4367],[3.6509,45.4370],[3.6517,45.4386],[3.6560,45.4364],[3.6565,45.4351],[3.6553,45.4337],[3.6591,45.4326],[3.6612,45.4313],[3.6606,45.4307]]}},{"type":"Feature","properties":{"name":"La Dolore"},"geometry":{"type":"LineString","coordinates":[[3.6174,45.4529],[3.6187,45.4538],[3.6232,45.4467],[3.6262,45.4459],[3.6286,45.4473],[3.6313,45.4462],[3.6348,45.4474]]}},{"type":"Feature","properties":{"name":"La Dolore"},"geometry":{"type":"LineString","coordinates":[[3.7322,45.4504],[3.7328,45.4514]]}},{"type":"Feature","properties":{"name":"La Dolore"},"geometry":{"type":"LineString","coordinates":[[3.7296,45.4490],[3.7296,45.4509],[3.7305,45.4499],[3.7322,45.4504]]}},{"type":"Feature","properties":{"name":"La Dolore"},"geometry":{"type":"LineString","coordinates":[[3.6416,45.4419],[3.6434,45.4390],[3.6453,45.4405],[3.6438,45.4413],[3.6498,45.4418]]}},{"type":"Feature","properties":{"name":"La Dolore"},"geometry":{"type":"LineString","coordinates":[[3.6383,45.4439],[3.6403,45.4436],[3.6416,45.4419]]}},{"type":"Feature","properties":{"name":"La Gazeille"},"geometry":{"type":"LineString","coordinates":[[4.0187,44.9307],[4.0165,44.9313],[4.0152,44.9305]]}},{"type":"Feature","properties":{"name":"La Gazeille"},"geometry":{"type":"LineString","coordinates":[[3.9275,44.9560],[3.9267,44.9570]]}},{"type":"Feature","properties":{"name":"La Gazeille"},"geometry":{"type":"LineString","coordinates":[[4.0152,44.9305],[4.0133,44.9308],[4.0080,44.9292],[4.0075,44.9287],[4.0094,44.9275],[4.0069,44.9266],[4.0039,44.9284],[4.0014,44.9283],[3.9998,44.9309],[3.9966,44.9301],[3.9864,44.9318],[3.9860,44.9350],[3.9807,44.9360],[3.9792,44.9372],[3.9777,44.9367],[3.9753,44.9375],[3.9729,44.9358],[3.9683,44.9369],[3.9666,44.9362],[3.9639,44.9373],[3.9615,44.9353],[3.9579,44.9354],[3.9563,44.9344],[3.9512,44.9367],[3.9482,44.9355],[3.9480,44.9382],[3.9460,44.9373],[3.9444,44.9378],[3.9452,44.9396],[3.9433,44.9404],[3.9420,44.9439],[3.9430,44.9448],[3.9424,44.9460],[3.9404,44.9476],[3.9373,44.9483],[3.9380,44.9519],[3.9332,44.9531],[3.9308,44.9549],[3.9276,44.9542],[3.9275,44.9560]]}},{"type":"Feature","properties":{"name":"La Gazeille"},"geometry":{"type":"LineString","coordinates":[[4.1128,44.9157],[4.1110,44.9182],[4.1078,44.9196],[4.1021,44.9247],[4.0838,44.9255],[4.0815,44.9271],[4.0791,44.9267],[4.0768,44.9274],[4.0735,44.9265],[4.0706,44.9275],[4.0632,44.9260],[4.0608,44.9238],[4.0553,44.9239],[4.0518,44.9252],[4.0457,44.9228],[4.0420,44.9249],[4.0389,44.9288],[4.0368,44.9299],[4.0235,44.9310],[4.0209,44.9298],[4.0187,44.9307]]}},{"type":"Feature","properties":{"name":"La Gazeille"},"geometry":{"type":"LineString","coordinates":[[4.0008,44.9299],[3.9982,44.9302]]}},{"type":"Feature","properties":{"name":"Le Tauron"},"geometry":{"type":"LineString","coordinates":[[4.1551,44.8173],[4.1549,44.8143],[4.1503,44.8104],[4.1516,44.8085],[4.1515,44.8058],[4.1499,44.8040],[4.1495,44.8015],[4.1469,44.8010],[4.1479,44.7982],[4.1445,44.7953],[4.1441,44.7918],[4.1416,44.7918],[4.1411,44.7904],[4.1387,44.7892],[4.1336,44.7891],[4.1326,44.7901],[4.1287,44.7905],[4.1275,44.7922],[4.1200,44.7936],[4.1165,44.7923],[4.1137,44.7942]]}},{"type":"Feature","properties":{"name":"Le Tauron"},"geometry":{"type":"LineString","coordinates":[[4.1137,44.7942],[4.1114,44.7936],[4.1057,44.7951],[4.0979,44.7996]]}},{"type":"Feature","properties":{"name":"Le Tauron"},"geometry":{"type":"LineString","coordinates":[[4.1703,44.8351],[4.1687,44.8336],[4.1701,44.8329],[4.1692,44.8315],[4.1641,44.8303],[4.1591,44.8273],[4.1594,44.8228],[4.1551,44.8173]]}},{"type":"Feature","properties":{"name":"La Dorette"},"geometry":{"type":"LineString","coordinates":[[3.7479,45.3843],[3.7476,45.3842]]}},{"type":"Feature","properties":{"name":"La Dorette"},"geometry":{"type":"LineString","coordinates":[[3.7476,45.3842],[3.7473,45.3842]]}},{"type":"Feature","properties":{"name":"La Dorette"},"geometry":{"type":"LineString","coordinates":[[3.7560,45.3539],[3.7573,45.3568],[3.7569,45.3590],[3.7582,45.3602],[3.7564,45.3624],[3.7578,45.3643],[3.7564,45.3670],[3.7587,45.3719],[3.7547,45.3780],[3.7526,45.3797],[3.7509,45.3797],[3.7507,45.3817],[3.7479,45.3843]]}},{"type":"Feature","properties":{"name":"L\u0027Allier"},"geometry":{"type":"LineString","coordinates":[[3.4046,45.2837],[3.4007,45.2893],[3.4013,45.2907],[3.4004,45.2920],[3.4021,45.2929],[3.4026,45.2944]]}},{"type":"Feature","properties":{"name":"L\u0027Allier"},"geometry":{"type":"LineString","coordinates":[[3.5950,45.0294],[3.5925,45.0298],[3.5908,45.0342],[3.5880,45.0341],[3.5861,45.0396],[3.5910,45.0416],[3.5924,45.0438],[3.5812,45.0492],[3.5798,45.0506],[3.5809,45.0548],[3.5787,45.0574],[3.5705,45.0595],[3.5632,45.0646],[3.5527,45.0649],[3.5487,45.0673],[3.5429,45.0727],[3.5377,45.0744],[3.5354,45.0762],[3.5351,45.0784],[3.5340,45.0791],[3.5342,45.0869],[3.5303,45.0922],[3.5162,45.0957],[3.5076,45.0928],[3.4984,45.0971],[3.4976,45.0986],[3.4984,45.1006],[3.5047,45.1050],[3.4980,45.1119],[3.4933,45.1126],[3.4912,45.1146],[3.4906,45.1192],[3.4869,45.1289],[3.4881,45.1309],[3.4874,45.1339],[3.4883,45.1348],[3.4883,45.1371],[3.4846,45.1397],[3.4800,45.1420],[3.4766,45.1424],[3.4671,45.1391],[3.4658,45.1397],[3.4648,45.1443],[3.4621,45.1463],[3.4607,45.1462],[3.4574,45.1430],[3.4502,45.1463],[3.4419,45.1435],[3.4406,45.1444],[3.4399,45.1475],[3.4443,45.1535],[3.4405,45.1557],[3.4332,45.1541],[3.4262,45.1563],[3.4222,45.1560],[3.4206,45.1548],[3.4199,45.1500],[3.4211,45.1474],[3.4200,45.1452],[3.4115,45.1455],[3.4103,45.1475],[3.4073,45.1492],[3.4039,45.1482],[3.4030,45.1470],[3.4011,45.1471],[3.4017,45.1486],[3.4044,45.1492],[3.4090,45.1528],[3.4055,45.1571],[3.4121,45.1624],[3.4145,45.1684],[3.4117,45.1702],[3.4073,45.1710],[3.4043,45.1745],[3.4071,45.1768],[3.4117,45.1765],[3.4122,45.1789],[3.4053,45.1822],[3.4030,45.1812],[3.4030,45.1796],[3.4015,45.1784],[3.3909,45.1786],[3.3885,45.1811],[3.3907,45.1855],[3.3867,45.1881],[3.3854,45.1912],[3.3874,45.1990],[3.3951,45.2012],[3.3995,45.2050],[3.3977,45.2149],[3.3961,45.2173],[3.3926,45.2196],[3.3923,45.2238],[3.3935,45.2261],[3.3954,45.2275],[3.3982,45.2275],[3.3994,45.2284],[3.3985,45.2304],[3.3992,45.2323],[3.3956,45.2341],[3.3973,45.2380],[3.3956,45.2409],[3.3968,45.2431],[3.3953,45.2462],[3.3962,45.2494],[3.4004,45.2512],[3.4040,45.2554],[3.4088,45.2578],[3.4083,45.2628],[3.4072,45.2640],[3.4103,45.2664],[3.4084,45.2718],[3.4076,45.2800],[3.4106,45.2876],[3.4102,45.2896],[3.4120,45.2931],[3.4123,45.2958],[3.4109,45.2977],[3.4077,45.2975],[3.4060,45.3019],[3.4065,45.3032],[3.4044,45.3060],[3.4027,45.3139],[3.3965,45.3187],[3.3980,45.3241],[3.3949,45.3245],[3.3921,45.3297],[3.3934,45.3308],[3.3966,45.3308],[3.3971,45.3315],[3.3879,45.3348],[3.3868,45.3368],[3.3897,45.3371],[3.3898,45.3382],[3.3816,45.3428],[3.3803,45.3474],[3.3756,45.3514],[3.3747,45.3571],[3.3708,45.3570],[3.3688,45.3581],[3.3690,45.3596],[3.3714,45.3600],[3.3724,45.3613],[3.3759,45.3613],[3.3762,45.3622],[3.3747,45.3658],[3.3733,45.3664],[3.3712,45.3644],[3.3675,45.3667],[3.3636,45.3671],[3.3617,45.3683],[3.3630,45.3713],[3.3612,45.3745],[3.3630,45.3787],[3.3595,45.3805],[3.3606,45.3821],[3.3596,45.3843],[3.3544,45.3883],[3.3467,45.3917],[3.3399,45.3922],[3.3334,45.3992],[3.3335,45.4074],[3.3380,45.4113],[3.3387,45.4132],[3.3440,45.4169],[3.3409,45.4193],[3.3407,45.4216],[3.3339,45.4251],[3.3367,45.4334],[3.3363,45.4342],[3.3338,45.4368],[3.3297,45.4389],[3.3264,45.4431],[3.3136,45.4448],[3.3127,45.4496],[3.3088,45.4489],[3.3063,45.4498],[3.3023,45.4541],[3.3008,45.4599],[3.2953,45.4674],[3.2856,45.4676],[3.2823,45.4692],[3.2701,45.4669],[3.2697,45.4698],[3.2676,45.4720],[3.2674,45.4813],[3.2679,45.4830],[3.2746,45.4901],[3.2759,45.4930],[3.2740,45.5039],[3.2814,45.5085],[3.2820,45.5137],[3.2858,45.5171],[3.2809,45.5233],[3.2833,45.5331],[3.2800,45.5350],[3.2801,45.5391],[3.2750,45.5412],[3.2751,45.5430],[3.2775,45.5453],[3.2777,45.5504]]}},{"type":"Feature","properties":{"name":"L\u0027Allier"},"geometry":{"type":"LineString","coordinates":[[3.8667,44.7284],[3.8663,44.7309],[3.8615,44.7311],[3.8559,44.7367],[3.8505,44.7376],[3.8414,44.7432],[3.8371,44.7441],[3.8352,44.7464],[3.8352,44.7482]]}},{"type":"Feature","properties":{"name":"L\u0027Allier"},"geometry":{"type":"LineString","coordinates":[[3.8694,44.6973],[3.8694,44.7006],[3.8671,44.7031],[3.8721,44.7059],[3.8722,44.7076],[3.8706,44.7089],[3.8673,44.7087],[3.8642,44.7106],[3.8611,44.7112],[3.8648,44.7177],[3.8612,44.7199],[3.8643,44.7233],[3.8667,44.7284]]}},{"type":"Feature","properties":{"name":"L\u0027Allier"},"geometry":{"type":"LineString","coordinates":[[3.5912,45.0450],[3.5902,45.0463],[3.5831,45.0483]]}},{"type":"Feature","properties":{"name":"L\u0027Allier"},"geometry":{"type":"LineString","coordinates":[[3.3328,45.4358],[3.3297,45.4389]]}},{"type":"Feature","properties":{"name":"L\u0027Allier"},"geometry":{"type":"LineString","coordinates":[[3.3367,45.4361],[3.3340,45.4365]]}},{"type":"Feature","properties":{"name":"L\u0027Allier"},"geometry":{"type":"LineString","coordinates":[[3.6730,44.9470],[3.6731,44.9471]]}},{"type":"Feature","properties":{"name":"L\u0027Allier"},"geometry":{"type":"LineString","coordinates":[[3.7351,44.8403],[3.7405,44.8436],[3.7402,44.8455],[3.7350,44.8460],[3.7332,44.8476],[3.7381,44.8490],[3.7355,44.8533],[3.7370,44.8559],[3.7371,44.8585],[3.7172,44.8617],[3.7188,44.8658],[3.7171,44.8691],[3.7122,44.8709],[3.7107,44.8699],[3.7073,44.8706],[3.7053,44.8723],[3.7055,44.8742],[3.7004,44.8773],[3.6988,44.8768],[3.6966,44.8738],[3.6924,44.8730],[3.6906,44.8735],[3.6889,44.8756],[3.6893,44.8777],[3.6916,44.8792],[3.6958,44.8790],[3.6964,44.8803],[3.6955,44.8826],[3.6881,44.8837],[3.6909,44.8851],[3.6909,44.8864],[3.6937,44.8873],[3.6933,44.8927],[3.6858,44.8986],[3.6840,44.8986],[3.6823,44.8968],[3.6783,44.8953],[3.6745,44.8956],[3.6722,44.8974],[3.6742,44.8998],[3.6745,44.9034],[3.6761,44.9068],[3.6754,44.9122],[3.6736,44.9146],[3.6682,44.9128],[3.6655,44.9159],[3.6724,44.9195],[3.6808,44.9265],[3.6819,44.9292],[3.6814,44.9340],[3.6724,44.9398],[3.6730,44.9470]]}},{"type":"Feature","properties":{"name":"L\u0027Allier"},"geometry":{"type":"LineString","coordinates":[[3.4082,45.2615],[3.4072,45.2640]]}},{"type":"Feature","properties":{"name":"L\u0027Allier"},"geometry":{"type":"LineString","coordinates":[[3.4026,45.2944],[3.4034,45.2948]]}},{"type":"Feature","properties":{"name":"L\u0027Allier"},"geometry":{"type":"LineString","coordinates":[[3.6357,44.9825],[3.6348,44.9832]]}},{"type":"Feature","properties":{"name":"L\u0027Allier"},"geometry":{"type":"LineString","coordinates":[[3.6367,44.9812],[3.6357,44.9825]]}},{"type":"Feature","properties":{"name":"L\u0027Allier"},"geometry":{"type":"LineString","coordinates":[[3.6243,45.0168],[3.6228,45.0172]]}},{"type":"Feature","properties":{"name":"L\u0027Allier"},"geometry":{"type":"LineString","coordinates":[[3.6305,45.0083],[3.6266,45.0123],[3.6264,45.0146],[3.6243,45.0168]]}},{"type":"Feature","properties":{"name":"L\u0027Allier"},"geometry":{"type":"LineString","coordinates":[[3.6312,45.0076],[3.6305,45.0083]]}},{"type":"Feature","properties":{"name":"L\u0027Allier"},"geometry":{"type":"LineString","coordinates":[[3.6271,44.9904],[3.6277,44.9953],[3.6239,45.0010],[3.6258,45.0038],[3.6312,45.0076]]}},{"type":"Feature","properties":{"name":"L\u0027Allier"},"geometry":{"type":"LineString","coordinates":[[3.6271,44.9888],[3.6271,44.9904]]}},{"type":"Feature","properties":{"name":"L\u0027Allier"},"geometry":{"type":"LineString","coordinates":[[3.6348,44.9832],[3.6340,44.9862],[3.6271,44.9888]]}},{"type":"Feature","properties":{"name":"L\u0027Allier"},"geometry":{"type":"LineString","coordinates":[[3.6375,44.9809],[3.6367,44.9812]]}},{"type":"Feature","properties":{"name":"L\u0027Allier"},"geometry":{"type":"LineString","coordinates":[[3.6393,44.9804],[3.6375,44.9809]]}},{"type":"Feature","properties":{"name":"L\u0027Allier"},"geometry":{"type":"LineString","coordinates":[[3.6398,44.9800],[3.6393,44.9804]]}},{"type":"Feature","properties":{"name":"L\u0027Allier"},"geometry":{"type":"LineString","coordinates":[[3.6445,44.9736],[3.6449,44.9746],[3.6436,44.9758],[3.6402,44.9765],[3.6398,44.9800]]}},{"type":"Feature","properties":{"name":"L\u0027Allier"},"geometry":{"type":"LineString","coordinates":[[3.6440,44.9732],[3.6445,44.9736]]}},{"type":"Feature","properties":{"name":"L\u0027Allier"},"geometry":{"type":"LineString","coordinates":[[3.6494,44.9672],[3.6478,44.9662],[3.6463,44.9685],[3.6408,44.9714],[3.6440,44.9732]]}},{"type":"Feature","properties":{"name":"L\u0027Allier"},"geometry":{"type":"LineString","coordinates":[[3.7875,44.7929],[3.7871,44.7939],[3.7829,44.7956],[3.7795,44.7959],[3.7796,44.7975],[3.7783,44.7989],[3.7748,44.7966],[3.7719,44.7967],[3.7713,44.7987],[3.7734,44.7990],[3.7741,44.8001],[3.7703,44.8038],[3.7665,44.8033],[3.7641,44.8005],[3.7612,44.8017],[3.7606,44.8047],[3.7585,44.8063],[3.7628,44.8097],[3.7613,44.8120],[3.7613,44.8143],[3.7592,44.8165],[3.7558,44.8170],[3.7549,44.8202],[3.7499,44.8231],[3.7498,44.8241],[3.7517,44.8257],[3.7518,44.8282],[3.7465,44.8297],[3.7443,44.8379],[3.7430,44.8388],[3.7384,44.8387],[3.7351,44.8403]]}},{"type":"Feature","properties":{"name":"L\u0027Allier"},"geometry":{"type":"LineString","coordinates":[[3.6228,45.0172],[3.6194,45.0172],[3.6112,45.0225],[3.5986,45.0243],[3.5971,45.0287],[3.5950,45.0294]]}},{"type":"Feature","properties":{"name":"L\u0027Allier"},"geometry":{"type":"LineString","coordinates":[[3.6731,44.9471],[3.6750,44.9483],[3.6757,44.9502],[3.6807,44.9494],[3.6850,44.9503],[3.6887,44.9532],[3.6963,44.9553],[3.6968,44.9575],[3.6942,44.9593],[3.6863,44.9594],[3.6840,44.9631],[3.6839,44.9643],[3.6857,44.9658],[3.6821,44.9672],[3.6826,44.9702],[3.6812,44.9714],[3.6807,44.9740],[3.6793,44.9749],[3.6754,44.9750],[3.6743,44.9697],[3.6723,44.9690],[3.6699,44.9694],[3.6666,44.9717],[3.6635,44.9693],[3.6581,44.9696],[3.6505,44.9682],[3.6494,44.9672]]}},{"type":"Feature","properties":{"name":"L\u0027Allier"},"geometry":{"type":"LineString","coordinates":[[3.8034,44.7774],[3.8032,44.7778]]}},{"type":"Feature","properties":{"name":"L\u0027Allier"},"geometry":{"type":"LineString","coordinates":[[3.8032,44.7778],[3.8020,44.7800],[3.8030,44.7817],[3.7996,44.7852],[3.7875,44.7929]]}},{"type":"Feature","properties":{"name":"L\u0027Allier"},"geometry":{"type":"LineString","coordinates":[[3.8239,44.7741],[3.8175,44.7720],[3.8180,44.7702],[3.8162,44.7685],[3.8122,44.7690],[3.8118,44.7658],[3.8093,44.7652],[3.8087,44.7666],[3.8031,44.7706],[3.8049,44.7730],[3.8034,44.7774]]}},{"type":"Feature","properties":{"name":"L\u0027Allier"},"geometry":{"type":"LineString","coordinates":[[3.8352,44.7482],[3.8363,44.7510],[3.8298,44.7552],[3.8374,44.7603],[3.8427,44.7675],[3.8425,44.7716],[3.8349,44.7736],[3.8333,44.7767],[3.8312,44.7767],[3.8289,44.7748],[3.8239,44.7741]]}},{"type":"Feature","properties":{"name":"L\u0027Allier"},"geometry":{"type":"LineString","coordinates":[[3.8574,44.7353],[3.8567,44.7361]]}},{"type":"Feature","properties":{"name":"L\u0027Allier"},"geometry":{"type":"LineString","coordinates":[[3.5516,45.0654],[3.5474,45.0689]]}},{"type":"Feature","properties":{"name":"La Loire"},"geometry":{"type":"LineString","coordinates":[[4.2473,45.4298],[4.2478,45.4337],[4.2443,45.4372],[4.2456,45.4378],[4.2501,45.4373],[4.2521,45.4410],[4.2575,45.4412],[4.2585,45.4422],[4.2567,45.4447],[4.2522,45.4427],[4.2507,45.4434],[4.2504,45.4470],[4.2553,45.4504],[4.2559,45.4526],[4.2537,45.4533],[4.2499,45.4518],[4.2469,45.4531],[4.2504,45.4564],[4.2572,45.4603],[4.2574,45.4622],[4.2545,45.4642]]}},{"type":"Feature","properties":{"name":"La Loire"},"geometry":{"type":"LineString","coordinates":[[4.2478,45.4082],[4.2478,45.4092],[4.2466,45.4096],[4.2397,45.4086],[4.2385,45.4094],[4.2383,45.4109],[4.2395,45.4128],[4.2437,45.4146],[4.2514,45.4216]]}},{"type":"Feature","properties":{"name":"La Loire"},"geometry":{"type":"LineString","coordinates":[[4.2514,45.4216],[4.2518,45.4228],[4.2473,45.4298]]}},{"type":"Feature","properties":{"name":"La Loire"},"geometry":{"type":"LineString","coordinates":[[4.2266,45.3900],[4.2268,45.3918],[4.2202,45.3994],[4.2200,45.4007],[4.2209,45.4012]]}},{"type":"Feature","properties":{"name":"La Loire"},"geometry":{"type":"LineString","coordinates":[[4.2209,45.4012],[4.2244,45.4025],[4.2293,45.4015],[4.2319,45.4003],[4.2349,45.3969],[4.2373,45.4023],[4.2478,45.4082]]}},{"type":"Feature","properties":{"name":"La Loire"},"geometry":{"type":"LineString","coordinates":[[3.9194,45.1787],[3.9198,45.1823],[3.9141,45.1836],[3.9127,45.1849],[3.9175,45.1867],[3.9209,45.1840],[3.9228,45.1854],[3.9235,45.1895],[3.9214,45.1919],[3.9150,45.1935],[3.9142,45.1946],[3.9150,45.1955],[3.9197,45.1970],[3.9256,45.1961],[3.9267,45.1970],[3.9263,45.1992],[3.9293,45.2019],[3.9402,45.2036],[3.9430,45.2050],[3.9632,45.2044]]}},{"type":"Feature","properties":{"name":"La Loire"},"geometry":{"type":"LineString","coordinates":[[3.9789,45.2021],[3.9874,45.2022],[3.9886,45.2038]]}},{"type":"Feature","properties":{"name":"La Loire"},"geometry":{"type":"LineString","coordinates":[[3.9632,45.2044],[3.9660,45.2022],[3.9625,45.2013],[3.9629,45.1989],[3.9659,45.1979],[3.9697,45.1984]]}},{"type":"Feature","properties":{"name":"La Loire"},"geometry":{"type":"LineString","coordinates":[[3.9697,45.1984],[3.9749,45.2014],[3.9789,45.2021]]}},{"type":"Feature","properties":{"name":"La Loire"},"geometry":{"type":"LineString","coordinates":[[4.0288,44.8348],[4.0271,44.8359],[4.0291,44.8373],[4.0286,44.8389],[4.0245,44.8418],[4.0235,44.8445],[4.0203,44.8458]]}},{"type":"Feature","properties":{"name":"La Loire"},"geometry":{"type":"LineString","coordinates":[[4.0409,44.8247],[4.0407,44.8260],[4.0376,44.8275],[4.0320,44.8333],[4.0288,44.8348]]}},{"type":"Feature","properties":{"name":"La Loire"},"geometry":{"type":"LineString","coordinates":[[4.0203,44.8458],[4.0140,44.8465],[4.0133,44.8483],[4.0107,44.8492],[4.0071,44.8473],[4.0057,44.8490],[4.0030,44.8494],[3.9923,44.8460],[3.9920,44.8487],[3.9877,44.8500],[3.9837,44.8543],[3.9838,44.8561],[3.9780,44.8551],[3.9743,44.8588],[3.9657,44.8582],[3.9619,44.8590]]}},{"type":"Feature","properties":{"name":"La Loire"},"geometry":{"type":"LineString","coordinates":[[4.1821,44.7904],[4.1854,44.7893],[4.1838,44.7863],[4.1858,44.7841],[4.1854,44.7826],[4.1782,44.7800],[4.1757,44.7803],[4.1752,44.7755],[4.1730,44.7754],[4.1730,44.7722],[4.1627,44.7671],[4.1614,44.7628],[4.1572,44.7614],[4.1566,44.7659],[4.1530,44.7684],[4.1548,44.7708],[4.1512,44.7706],[4.1499,44.7719],[4.1470,44.7688],[4.1437,44.7697],[4.1415,44.7688],[4.1413,44.7700],[4.1323,44.7729],[4.1327,44.7748],[4.1344,44.7753],[4.1344,44.7772],[4.1320,44.7774],[4.1285,44.7804],[4.1231,44.7803],[4.1207,44.7817],[4.1168,44.7787],[4.1146,44.7798],[4.1051,44.7805],[4.0982,44.7792],[4.0967,44.7804],[4.0968,44.7832],[4.0902,44.7833],[4.0891,44.7858],[4.0897,44.7884],[4.0875,44.7903],[4.0896,44.7910],[4.0910,44.7929],[4.0909,44.7950],[4.0874,44.7942],[4.0858,44.7948],[4.0853,44.7954],[4.0863,44.7977],[4.0834,44.7977],[4.0811,44.8013],[4.0789,44.8024],[4.0749,44.8019],[4.0712,44.7989],[4.0689,44.8013],[4.0693,44.8050],[4.0604,44.8039],[4.0562,44.8076],[4.0557,44.8120],[4.0496,44.8191],[4.0444,44.8203],[4.0424,44.8199],[4.0398,44.8212],[4.0395,44.8224],[4.0409,44.8247]]}},{"type":"Feature","properties":{"name":"La Loire"},"geometry":{"type":"LineString","coordinates":[[4.1953,44.8196],[4.1967,44.8154],[4.1936,44.8107],[4.1916,44.8096],[4.1874,44.8034],[4.1842,44.8044],[4.1827,44.8034],[4.1845,44.7941],[4.1821,44.7904]]}},{"type":"Feature","properties":{"name":"La Loire"},"geometry":{"type":"LineString","coordinates":[[3.9188,44.8878],[3.9199,44.8891],[3.9225,44.8893],[3.9227,44.8907],[3.9162,44.8967],[3.9174,44.8995],[3.9165,44.9011],[3.9133,44.9009],[3.9112,44.9020],[3.9108,44.9034],[3.9112,44.9041],[3.9187,44.9034],[3.9214,44.9051],[3.9221,44.9092],[3.9186,44.9115],[3.9188,44.9129],[3.9203,44.9142],[3.9194,44.9155],[3.9158,44.9166],[3.9173,44.9194],[3.9146,44.9212],[3.9103,44.9220],[3.9071,44.9197],[3.9047,44.9209],[3.9068,44.9244],[3.9032,44.9282],[3.9087,44.9339],[3.9064,44.9362],[3.9023,44.9351],[3.9010,44.9360],[3.9047,44.9398],[3.9074,44.9391],[3.9100,44.9396],[3.9119,44.9428],[3.9146,44.9436],[3.9169,44.9423],[3.9171,44.9400],[3.9217,44.9397],[3.9217,44.9416],[3.9182,44.9466],[3.9187,44.9513],[3.9216,44.9540],[3.9198,44.9559],[3.9254,44.9562],[3.9271,44.9578],[3.9209,44.9637],[3.9214,44.9678],[3.9199,44.9686],[3.9157,44.9685],[3.9091,44.9769],[3.9074,44.9766],[3.9083,44.9732],[3.9043,44.9716],[3.9003,44.9726],[3.8928,44.9779],[3.8935,44.9817],[3.8909,44.9869],[3.8908,44.9958],[3.8875,45.0011],[3.8884,45.0027],[3.8905,45.0038],[3.8956,45.0025],[3.8970,44.9998],[3.8958,44.9965],[3.8999,44.9946],[3.9048,44.9951],[3.9061,44.9967],[3.9171,44.9980],[3.9222,44.9997],[3.9260,45.0022],[3.9274,45.0062],[3.9254,45.0094],[3.9349,45.0136],[3.9316,45.0186],[3.9307,45.0218],[3.9317,45.0231],[3.9366,45.0253],[3.9366,45.0292],[3.9343,45.0310],[3.9376,45.0355],[3.9353,45.0392],[3.9292,45.0410],[3.9285,45.0427],[3.9295,45.0449]]}},{"type":"Feature","properties":{"name":"La Loire"},"geometry":{"type":"LineString","coordinates":[[3.9196,45.1761],[3.9194,45.1787]]}},{"type":"Feature","properties":{"name":"La Loire"},"geometry":{"type":"LineString","coordinates":[[3.9295,45.0449],[3.9283,45.0468],[3.9156,45.0539],[3.9136,45.0599],[3.9106,45.0624],[3.9116,45.0649],[3.9104,45.0668],[3.9011,45.0683],[3.8983,45.0707],[3.8976,45.0724],[3.8985,45.0737],[3.9116,45.0770],[3.9108,45.0804],[3.9138,45.0828],[3.9085,45.0835],[3.9074,45.0855],[3.9112,45.0885],[3.9119,45.0913],[3.9089,45.0933],[3.9026,45.0925],[3.8996,45.0934],[3.8965,45.0994],[3.8980,45.1013],[3.8986,45.1053],[3.8976,45.1064],[3.8933,45.1073],[3.8912,45.1061],[3.8900,45.1071],[3.8914,45.1100],[3.8939,45.1118],[3.8972,45.1115],[3.8994,45.1131],[3.8992,45.1155],[3.8972,45.1173],[3.8955,45.1175],[3.8915,45.1160],[3.8908,45.1177],[3.8926,45.1203],[3.8997,45.1194],[3.9098,45.1196],[3.9185,45.1223],[3.9230,45.1331],[3.9234,45.1385],[3.9288,45.1413],[3.9299,45.1431],[3.9297,45.1456],[3.9245,45.1518],[3.9256,45.1595],[3.9345,45.1646],[3.9340,45.1684]]}},{"type":"Feature","properties":{"name":"La Loire"},"geometry":{"type":"LineString","coordinates":[[4.1445,45.2586],[4.1391,45.2627],[4.1392,45.2657],[4.1341,45.2659],[4.1354,45.2680],[4.1357,45.2710],[4.1329,45.2759],[4.1340,45.2780],[4.1377,45.2768],[4.1416,45.2808],[4.1453,45.2814],[4.1462,45.2833],[4.1455,45.2861],[4.1399,45.2876],[4.1383,45.2855],[4.1341,45.2847],[4.1287,45.2888],[4.1188,45.2917],[4.1179,45.2968],[4.1187,45.2975],[4.1184,45.3064]]}},{"type":"Feature","properties":{"name":"La Loire"},"geometry":{"type":"LineString","coordinates":[[3.9886,45.2038],[3.9893,45.2061],[3.9956,45.2105],[4.0013,45.2099],[4.0119,45.2053],[4.0143,45.2061],[4.0162,45.2093],[4.0180,45.2100],[4.0190,45.2094],[4.0183,45.2048],[4.0243,45.2020],[4.0383,45.1994],[4.0436,45.1994],[4.0466,45.2029],[4.0417,45.2129],[4.0422,45.2147],[4.0443,45.2162],[4.0509,45.2164],[4.0580,45.2135],[4.0614,45.2135],[4.0631,45.2159],[4.0601,45.2199],[4.0603,45.2225],[4.0649,45.2265],[4.0671,45.2269],[4.0698,45.2239],[4.0701,45.2221],[4.0745,45.2206],[4.0861,45.2324],[4.1004,45.2364],[4.1029,45.2398],[4.1029,45.2437],[4.1045,45.2449],[4.1118,45.2439],[4.1145,45.2445],[4.1174,45.2470],[4.1278,45.2469],[4.1313,45.2497],[4.1320,45.2530],[4.1311,45.2548],[4.1320,45.2561],[4.1423,45.2565],[4.1445,45.2586]]}},{"type":"Feature","properties":{"name":"La Loire"},"geometry":{"type":"LineString","coordinates":[[4.1184,45.3064],[4.1224,45.3108],[4.1309,45.3091],[4.1349,45.3131],[4.1451,45.3130],[4.1519,45.3155],[4.1580,45.3226],[4.1576,45.3258],[4.1533,45.3304],[4.1552,45.3343],[4.1802,45.3318],[4.1811,45.3336],[4.1855,45.3359],[4.1887,45.3390],[4.1906,45.3421],[4.1911,45.3459],[4.1963,45.3496],[4.1912,45.3515],[4.1966,45.3556],[4.1970,45.3737],[4.2042,45.3777],[4.2167,45.3797],[4.2192,45.3811],[4.2194,45.3858],[4.2207,45.3881],[4.2266,45.3900]]}},{"type":"Feature","properties":{"name":"La Loire"},"geometry":{"type":"LineString","coordinates":[[4.1542,45.3294],[4.1545,45.3305]]}},{"type":"Feature","properties":{"name":"La Loire"},"geometry":{"type":"LineString","coordinates":[[4.1545,45.3288],[4.1537,45.3319]]}},{"type":"Feature","properties":{"name":"La Loire"},"geometry":{"type":"LineString","coordinates":[[3.8938,44.9956],[3.8939,44.9957]]}},{"type":"Feature","properties":{"name":"La Loire"},"geometry":{"type":"LineString","coordinates":[[3.9340,45.1684],[3.9305,45.1701],[3.9231,45.1712],[3.9194,45.1764],[3.9194,45.1787]]}},{"type":"Feature","properties":{"name":"La Loire"},"geometry":{"type":"LineString","coordinates":[[3.9227,45.1366],[3.9231,45.1378]]}},{"type":"Feature","properties":{"name":"La Loire"},"geometry":{"type":"LineString","coordinates":[[3.9619,44.8590],[3.9591,44.8602],[3.9580,44.8631],[3.9510,44.8647],[3.9490,44.8647],[3.9459,44.8630],[3.9419,44.8645],[3.9391,44.8643],[3.9350,44.8617],[3.9296,44.8648],[3.9244,44.8651],[3.9256,44.8676],[3.9246,44.8687],[3.9191,44.8677],[3.9187,44.8688],[3.9229,44.8720],[3.9198,44.8742],[3.9174,44.8788],[3.9162,44.8842],[3.9188,44.8878]]}},{"type":"Feature","properties":{"name":"La Loire"},"geometry":{"type":"LineString","coordinates":[[4.1974,44.8304],[4.1944,44.8277],[4.1956,44.8257],[4.1944,44.8234],[4.1953,44.8196]]}},{"type":"Feature","properties":{"name":"Le Doulon"},"geometry":{"type":"LineString","coordinates":[[3.5419,45.3134],[3.5436,45.3112],[3.5399,45.3087],[3.5379,45.3019],[3.5370,45.3013],[3.5409,45.3005]]}},{"type":"Feature","properties":{"name":"Le Doulon"},"geometry":{"type":"LineString","coordinates":[[3.5409,45.3005],[3.5380,45.2989],[3.5387,45.2964]]}},{"type":"Feature","properties":{"name":"Le Doulon"},"geometry":{"type":"LineString","coordinates":[[3.5387,45.2964],[3.5370,45.2950],[3.5344,45.2946],[3.5338,45.2923],[3.5320,45.2926],[3.5313,45.2938],[3.5294,45.2913],[3.5267,45.2918],[3.5280,45.2899],[3.5252,45.2883],[3.5262,45.2867],[3.5250,45.2850],[3.5256,45.2843],[3.5243,45.2835],[3.5249,45.2818],[3.5206,45.2787],[3.5216,45.2754],[3.5240,45.2733],[3.5196,45.2697],[3.5215,45.2685],[3.5215,45.2667],[3.5258,45.2614],[3.5229,45.2583],[3.5234,45.2569],[3.5218,45.2561],[3.5216,45.2540],[3.5200,45.2519],[3.5155,45.2508],[3.5132,45.2521],[3.5101,45.2513],[3.5071,45.2522]]}},{"type":"Feature","properties":{"name":"Le Cotatay"},"geometry":{"type":"LineString","coordinates":[[4.3426,45.3989],[4.3425,45.3990]]}},{"type":"Feature","properties":{"name":"Le Cotatay"},"geometry":{"type":"LineString","coordinates":[[4.3472,45.3954],[4.3454,45.3958]]}},{"type":"Feature","properties":{"name":"Le Cotatay"},"geometry":{"type":"LineString","coordinates":[[4.3454,45.3958],[4.3450,45.3962]]}},{"type":"Feature","properties":{"name":"Le Cotatay"},"geometry":{"type":"LineString","coordinates":[[4.3749,45.3864],[4.3667,45.3887],[4.3665,45.3897],[4.3651,45.3903],[4.3605,45.3898],[4.3595,45.3906],[4.3582,45.3893],[4.3518,45.3909],[4.3494,45.3903],[4.3481,45.3928]]}},{"type":"Feature","properties":{"name":"Le Cotatay"},"geometry":{"type":"LineString","coordinates":[[4.3481,45.3928],[4.3481,45.3928]]}},{"type":"Feature","properties":{"name":"Le Cotatay"},"geometry":{"type":"LineString","coordinates":[[4.3474,45.3953],[4.3472,45.3954]]}},{"type":"Feature","properties":{"name":"Le Cotatay"},"geometry":{"type":"LineString","coordinates":[[4.3427,45.3984],[4.3426,45.3986]]}},{"type":"Feature","properties":{"name":"Le Cotatay"},"geometry":{"type":"LineString","coordinates":[[4.3426,45.3986],[4.3426,45.3989]]}},{"type":"Feature","properties":{"name":"Le Cotatay"},"geometry":{"type":"LineString","coordinates":[[4.3481,45.3928],[4.3474,45.3953]]}},{"type":"Feature","properties":{"name":"Le Cotatay"},"geometry":{"type":"LineString","coordinates":[[4.3450,45.3962],[4.3427,45.3984]]}},{"type":"Feature","properties":{"name":"Le Cotatay"},"geometry":{"type":"LineString","coordinates":[[4.3844,45.3805],[4.3844,45.3805]]}},{"type":"Feature","properties":{"name":"Le Cotatay"},"geometry":{"type":"LineString","coordinates":[[4.3848,45.3797],[4.3844,45.3805]]}},{"type":"Feature","properties":{"name":"Le Cotatay"},"geometry":{"type":"LineString","coordinates":[[4.3844,45.3805],[4.3807,45.3803],[4.3789,45.3831],[4.3759,45.3838],[4.3762,45.3858]]}},{"type":"Feature","properties":{"name":"Le Cotatay"},"geometry":{"type":"LineString","coordinates":[[4.3749,45.3863],[4.3749,45.3864]]}},{"type":"Feature","properties":{"name":"Le Cotatay"},"geometry":{"type":"LineString","coordinates":[[4.3761,45.3859],[4.3749,45.3863]]}},{"type":"Feature","properties":{"name":"Le Cotatay"},"geometry":{"type":"LineString","coordinates":[[4.3762,45.3858],[4.3761,45.3859]]}},{"type":"Feature","properties":{"name":"L\u0027Arzon"},"geometry":{"type":"LineString","coordinates":[[3.8370,45.3665],[3.8320,45.3617],[3.8328,45.3600],[3.8319,45.3591],[3.8332,45.3589],[3.8306,45.3555],[3.8314,45.3539],[3.8336,45.3534],[3.8350,45.3502],[3.8366,45.3492],[3.8378,45.3468],[3.8369,45.3448],[3.8386,45.3438],[3.8379,45.3413],[3.8348,45.3374],[3.8329,45.3373],[3.8305,45.3353],[3.8316,45.3346],[3.8318,45.3325],[3.8301,45.3302],[3.8226,45.3282],[3.8197,45.3284],[3.8173,45.3272],[3.8151,45.3225],[3.8181,45.3212],[3.8175,45.3198],[3.8202,45.3153],[3.8186,45.3145],[3.8181,45.3129],[3.8166,45.3126],[3.8169,45.3096],[3.8135,45.3101],[3.8143,45.3087],[3.8122,45.3084],[3.8117,45.3072],[3.8127,45.3066],[3.8109,45.3058],[3.8107,45.3044],[3.8047,45.3023],[3.8056,45.3008],[3.8039,45.2999],[3.8045,45.2989],[3.8032,45.2976],[3.8039,45.2951],[3.8061,45.2945],[3.8056,45.2941],[3.8080,45.2892],[3.8095,45.2890],[3.8091,45.2883],[3.8101,45.2876],[3.8132,45.2873],[3.8172,45.2897],[3.8182,45.2883],[3.8196,45.2882],[3.8198,45.2863],[3.8185,45.2866],[3.8185,45.2852],[3.8173,45.2843],[3.8204,45.2814],[3.8193,45.2786],[3.8201,45.2772],[3.8188,45.2748],[3.8190,45.2709],[3.8201,45.2694],[3.8216,45.2693],[3.8218,45.2661],[3.8244,45.2661],[3.8262,45.2650]]}},{"type":"Feature","properties":{"name":"L\u0027Arzon"},"geometry":{"type":"LineString","coordinates":[[3.8262,45.2650],[3.8267,45.2650]]}},{"type":"Feature","properties":{"name":"L\u0027Arzon"},"geometry":{"type":"LineString","coordinates":[[3.8267,45.2650],[3.8283,45.2671],[3.8292,45.2670],[3.8310,45.2641],[3.8302,45.2630],[3.8321,45.2626],[3.8304,45.2596],[3.8290,45.2604],[3.8282,45.2594],[3.8283,45.2567],[3.8302,45.2557],[3.8308,45.2538],[3.8348,45.2536],[3.8339,45.2551],[3.8364,45.2561],[3.8436,45.2535],[3.8462,45.2534],[3.8462,45.2521],[3.8474,45.2529],[3.8478,45.2548],[3.8502,45.2545],[3.8501,45.2529],[3.8519,45.2519],[3.8534,45.2494],[3.8515,45.2458],[3.8524,45.2444],[3.8520,45.2430],[3.8560,45.2421],[3.8568,45.2404],[3.8545,45.2402],[3.8540,45.2391],[3.8564,45.2381],[3.8567,45.2360],[3.8583,45.2370],[3.8603,45.2366],[3.8588,45.2334],[3.8597,45.2321],[3.8620,45.2323],[3.8599,45.2282],[3.8612,45.2277],[3.8622,45.2257],[3.8600,45.2256],[3.8600,45.2240],[3.8636,45.2225],[3.8643,45.2202],[3.8669,45.2195],[3.8657,45.2181],[3.8621,45.2170],[3.8642,45.2158],[3.8660,45.2120],[3.8703,45.2136],[3.8729,45.2123],[3.8749,45.2129],[3.8784,45.2118],[3.8796,45.2106],[3.8795,45.2065],[3.8813,45.2042],[3.8815,45.2022],[3.8855,45.2013],[3.8872,45.1992],[3.8914,45.1972],[3.8922,45.1939],[3.8915,45.1922],[3.8925,45.1910],[3.8946,45.1900],[3.8980,45.1907],[3.9007,45.1877],[3.9077,45.1850],[3.9128,45.1852]]}},{"type":"Feature","properties":{"name":"La Dorne"},"geometry":{"type":"LineString","coordinates":[[4.2881,44.8307],[4.2904,44.8296],[4.2940,44.8296],[4.3000,44.8335],[4.3065,44.8358],[4.3123,44.8364],[4.3137,44.8358],[4.3154,44.8369],[4.3201,44.8365],[4.3217,44.8381],[4.3263,44.8394],[4.3270,44.8416],[4.3290,44.8428],[4.3314,44.8421],[4.3324,44.8462],[4.3377,44.8459],[4.3418,44.8496],[4.3448,44.8490],[4.3494,44.8524]]}},{"type":"Feature","properties":{"name":"La Dorne"},"geometry":{"type":"LineString","coordinates":[[4.3631,44.8630],[4.3630,44.8642],[4.3605,44.8656],[4.3641,44.8679],[4.3640,44.8694],[4.3658,44.8715],[4.3647,44.8732],[4.3664,44.8746]]}},{"type":"Feature","properties":{"name":"La Dorne"},"geometry":{"type":"LineString","coordinates":[[4.3664,44.8746],[4.3672,44.8771],[4.3651,44.8794],[4.3658,44.8821],[4.3689,44.8833],[4.3702,44.8854],[4.3758,44.8875],[4.3793,44.8918],[4.3817,44.8903],[4.3857,44.8905]]}},{"type":"Feature","properties":{"name":"La Dorne"},"geometry":{"type":"LineString","coordinates":[[4.3494,44.8524],[4.3503,44.8540],[4.3544,44.8538],[4.3581,44.8589],[4.3569,44.8607],[4.3631,44.8630]]}},{"type":"Feature","properties":{"name":"La Dorne"},"geometry":{"type":"LineString","coordinates":[[4.4136,44.8977],[4.4136,44.8989]]}},{"type":"Feature","properties":{"name":"La Dorne"},"geometry":{"type":"LineString","coordinates":[[4.4136,44.8990],[4.4151,44.9004]]}},{"type":"Feature","properties":{"name":"La Dorne"},"geometry":{"type":"LineString","coordinates":[[4.4040,44.8963],[4.4043,44.8964]]}},{"type":"Feature","properties":{"name":"La Dorne"},"geometry":{"type":"LineString","coordinates":[[4.4149,44.9002],[4.4167,44.9017]]}},{"type":"Feature","properties":{"name":"La Dorne"},"geometry":{"type":"LineString","coordinates":[[4.4029,44.8926],[4.4039,44.8936],[4.4037,44.8962],[4.4126,44.8961],[4.4136,44.8989]]}},{"type":"Feature","properties":{"name":"La Dorne"},"geometry":{"type":"LineString","coordinates":[[4.3857,44.8905],[4.3880,44.8895],[4.3910,44.8916],[4.3959,44.8923]]}},{"type":"Feature","properties":{"name":"La Dorne"},"geometry":{"type":"LineString","coordinates":[[4.3959,44.8923],[4.3996,44.8908],[4.4029,44.8926]]}},{"type":"Feature","properties":{"name":"La Dorne"},"geometry":{"type":"LineString","coordinates":[[4.4151,44.9004],[4.4164,44.9014]]}},{"type":"Feature","properties":{"name":"La Dorne"},"geometry":{"type":"LineString","coordinates":[[4.4244,44.9045],[4.4232,44.9086]]}},{"type":"Feature","properties":{"name":"La Dorne"},"geometry":{"type":"LineString","coordinates":[[4.4232,44.9087],[4.4294,44.9101],[4.4300,44.9132]]}},{"type":"Feature","properties":{"name":"La Dorne"},"geometry":{"type":"LineString","coordinates":[[4.4167,44.9018],[4.4207,44.9052],[4.4230,44.9038],[4.4244,44.9045]]}},{"type":"Feature","properties":{"name":"Le Vernazon"},"geometry":{"type":"LineString","coordinates":[[4.0948,44.7554],[4.0943,44.7566],[4.0951,44.7581],[4.0921,44.7597],[4.0943,44.7612],[4.0942,44.7619],[4.0896,44.7641],[4.0930,44.7666],[4.0917,44.7692],[4.0972,44.7708],[4.1024,44.7739],[4.1007,44.7792]]}},{"type":"Feature","properties":{"name":"Ruisseau de Bise"},"geometry":{"type":"LineString","coordinates":[[4.3977,44.7592],[4.3973,44.7545],[4.3933,44.7538],[4.3920,44.7512],[4.3844,44.7471],[4.3788,44.7419],[4.3792,44.7406],[4.3774,44.7392],[4.3795,44.7358],[4.3755,44.7322],[4.3766,44.7298],[4.3764,44.7270],[4.3719,44.7248],[4.3702,44.7214],[4.3683,44.7203],[4.3684,44.7191],[4.3664,44.7196],[4.3644,44.7180],[4.3609,44.7182]]}},{"type":"Feature","properties":{"name":"Ruisseau de Bise"},"geometry":{"type":"LineString","coordinates":[[4.3609,44.7182],[4.3602,44.7168],[4.3609,44.7155]]}},{"type":"Feature","properties":{"name":"La Borne"},"geometry":{"type":"LineString","coordinates":[[3.7232,45.1716],[3.7237,45.1695],[3.7217,45.1674],[3.7224,45.1620],[3.7283,45.1589],[3.7299,45.1568],[3.7324,45.1571],[3.7379,45.1544],[3.7382,45.1518],[3.7421,45.1496],[3.7418,45.1472],[3.7435,45.1452],[3.7474,45.1430],[3.7500,45.1450],[3.7524,45.1456],[3.7583,45.1436],[3.7588,45.1419],[3.7605,45.1417],[3.7591,45.1405],[3.7596,45.1396],[3.7683,45.1366],[3.7697,45.1369],[3.7689,45.1352],[3.7709,45.1344],[3.7716,45.1330],[3.7766,45.1333],[3.7774,45.1322],[3.7770,45.1309],[3.7785,45.1292],[3.7777,45.1280],[3.7792,45.1261],[3.7850,45.1265],[3.7870,45.1254],[3.7889,45.1283],[3.7945,45.1283],[3.7944,45.1254],[3.7923,45.1237],[3.7914,45.1211],[3.7935,45.1214],[3.7952,45.1196],[3.7953,45.1174],[3.7961,45.1171],[3.7951,45.1155],[3.7974,45.1120],[3.7999,45.1112],[3.8000,45.1090],[3.8030,45.1074],[3.8025,45.1061],[3.7971,45.1019],[3.8005,45.1016],[3.7996,45.0989],[3.8001,45.0966],[3.7980,45.0951],[3.7978,45.0925],[3.7965,45.0908],[3.7970,45.0864],[3.7926,45.0812],[3.7950,45.0791],[3.7936,45.0763],[3.7942,45.0747],[3.7984,45.0727],[3.7969,45.0714],[3.7975,45.0702],[3.8055,45.0682],[3.8099,45.0688],[3.8140,45.0669],[3.8217,45.0691],[3.8259,45.0684],[3.8280,45.0696],[3.8328,45.0664],[3.8369,45.0677],[3.8376,45.0653],[3.8406,45.0647],[3.8418,45.0635],[3.8418,45.0554],[3.8452,45.0515],[3.8483,45.0503],[3.8516,45.0519],[3.8541,45.0495],[3.8556,45.0488],[3.8576,45.0494],[3.8592,45.0483],[3.8609,45.0488],[3.8598,45.0503],[3.8629,45.0505],[3.8651,45.0485]]}},{"type":"Feature","properties":{"name":"La Borne"},"geometry":{"type":"LineString","coordinates":[[3.7145,45.2459],[3.7135,45.2418],[3.7117,45.2396],[3.7070,45.2374],[3.7061,45.2361],[3.7067,45.2333],[3.7045,45.2325],[3.7032,45.2270],[3.7036,45.2217]]}},{"type":"Feature","properties":{"name":"La Borne"},"geometry":{"type":"LineString","coordinates":[[3.8651,45.0485],[3.8759,45.0478],[3.8842,45.0537],[3.8874,45.0501],[3.8970,45.0504],[3.8995,45.0517],[3.9003,45.0528],[3.8995,45.0541],[3.9029,45.0576],[3.9095,45.0556],[3.9140,45.0573]]}},{"type":"Feature","properties":{"name":"La Borne"},"geometry":{"type":"LineString","coordinates":[[3.7151,45.2477],[3.7151,45.2477]]}},{"type":"Feature","properties":{"name":"La Borne"},"geometry":{"type":"LineString","coordinates":[[3.7151,45.2478],[3.7151,45.2477]]}},{"type":"Feature","properties":{"name":"La Borne"},"geometry":{"type":"LineString","coordinates":[[3.7151,45.2477],[3.7151,45.2476]]}},{"type":"Feature","properties":{"name":"La Borne"},"geometry":{"type":"LineString","coordinates":[[3.7151,45.2476],[3.7144,45.2460]]}},{"type":"Feature","properties":{"name":"La Borne"},"geometry":{"type":"LineString","coordinates":[[3.7036,45.2216],[3.7031,45.2205],[3.7042,45.2192],[3.7018,45.2170]]}},{"type":"Feature","properties":{"name":"La Borne"},"geometry":{"type":"LineString","coordinates":[[3.7036,45.2217],[3.7036,45.2216]]}},{"type":"Feature","properties":{"name":"La Borne"},"geometry":{"type":"LineString","coordinates":[[3.7144,45.2460],[3.7145,45.2459]]}},{"type":"Feature","properties":{"name":"La Borne"},"geometry":{"type":"LineString","coordinates":[[3.7018,45.2170],[3.7017,45.2170]]}},{"type":"Feature","properties":{"name":"La Borne"},"geometry":{"type":"LineString","coordinates":[[3.7007,45.2167],[3.7006,45.2167]]}},{"type":"Feature","properties":{"name":"La Borne"},"geometry":{"type":"LineString","coordinates":[[3.7006,45.2167],[3.6964,45.2157],[3.6949,45.2137],[3.6954,45.2122],[3.6898,45.2074],[3.6881,45.2072],[3.6877,45.2041],[3.6893,45.2024],[3.6895,45.1997],[3.6921,45.1983],[3.6940,45.1964],[3.6937,45.1954],[3.6960,45.1944],[3.6966,45.1929],[3.6958,45.1919],[3.6909,45.1908],[3.6894,45.1891],[3.6891,45.1867],[3.6951,45.1842],[3.6993,45.1843],[3.7007,45.1821],[3.7031,45.1808],[3.7044,45.1776],[3.7075,45.1756],[3.7134,45.1747],[3.7201,45.1754],[3.7232,45.1716]]}},{"type":"Feature","properties":{"name":"La Borne"},"geometry":{"type":"LineString","coordinates":[[3.7017,45.2170],[3.7007,45.2167]]}},{"type":"Feature","properties":{"name":"L\u0027Orcival"},"geometry":{"type":"LineString","coordinates":[[4.0286,44.8663],[4.0300,44.8642],[4.0283,44.8636],[4.0266,44.8603],[4.0247,44.8603],[4.0236,44.8590],[4.0261,44.8537],[4.0247,44.8522],[4.0253,44.8502],[4.0228,44.8488],[4.0229,44.8471],[4.0216,44.8472],[4.0203,44.8458]]}},{"type":"Feature","properties":{"name":"La Bourges"},"geometry":{"type":"LineString","coordinates":[[4.2681,44.7920],[4.2593,44.7909],[4.2585,44.7885],[4.2556,44.7879],[4.2535,44.7864],[4.2549,44.7842],[4.2582,44.7836],[4.2581,44.7817],[4.2558,44.7798]]}},{"type":"Feature","properties":{"name":"La Bourges"},"geometry":{"type":"LineString","coordinates":[[4.2699,44.7948],[4.2681,44.7920]]}},{"type":"Feature","properties":{"name":"La Bourges"},"geometry":{"type":"LineString","coordinates":[[4.2569,44.7757],[4.2575,44.7740],[4.2550,44.7715],[4.2596,44.7694],[4.2602,44.7676],[4.2642,44.7647],[4.2626,44.7636],[4.2619,44.7596],[4.2628,44.7588],[4.2619,44.7587],[4.2601,44.7553],[4.2572,44.7554],[4.2517,44.7530],[4.2497,44.7507],[4.2466,44.7497],[4.2467,44.7479],[4.2495,44.7472],[4.2486,44.7458],[4.2493,44.7447]]}},{"type":"Feature","properties":{"name":"La Bourges"},"geometry":{"type":"LineString","coordinates":[[4.2704,44.7141],[4.2702,44.7119],[4.2669,44.7101],[4.2613,44.7021],[4.2610,44.7000],[4.2586,44.6993],[4.2586,44.6960]]}},{"type":"Feature","properties":{"name":"La Bourges"},"geometry":{"type":"LineString","coordinates":[[4.2558,44.7798],[4.2547,44.7774],[4.2569,44.7757]]}},{"type":"Feature","properties":{"name":"La Bourges"},"geometry":{"type":"LineString","coordinates":[[4.2493,44.7447],[4.2470,44.7438],[4.2463,44.7416],[4.2441,44.7410],[4.2433,44.7397],[4.2497,44.7378],[4.2515,44.7363],[4.2558,44.7292],[4.2597,44.7276],[4.2600,44.7258],[4.2623,44.7247],[4.2632,44.7224],[4.2649,44.7223],[4.2687,44.7191],[4.2686,44.7167],[4.2704,44.7141]]}},{"type":"Feature","properties":{"name":"La Seuge"},"geometry":{"type":"LineString","coordinates":[[3.5477,44.9691],[3.5497,44.9699]]}},{"type":"Feature","properties":{"name":"La Seuge"},"geometry":{"type":"LineString","coordinates":[[3.5484,44.9693],[3.5486,44.9693]]}},{"type":"Feature","properties":{"name":"La Seuge"},"geometry":{"type":"LineString","coordinates":[[3.5486,44.9693],[3.5520,44.9719],[3.5513,44.9741]]}},{"type":"Feature","properties":{"name":"La Seuge"},"geometry":{"type":"LineString","coordinates":[[3.5439,44.9665],[3.5464,44.9690],[3.5472,44.9683],[3.5484,44.9693]]}},{"type":"Feature","properties":{"name":"La Seuge"},"geometry":{"type":"LineString","coordinates":[[3.5913,45.0151],[3.5939,45.0173],[3.5929,45.0202],[3.5935,45.0230],[3.5923,45.0251],[3.5938,45.0292]]}},{"type":"Feature","properties":{"name":"La Seuge"},"geometry":{"type":"LineString","coordinates":[[3.5513,44.9741],[3.5513,44.9752]]}},{"type":"Feature","properties":{"name":"La Seuge"},"geometry":{"type":"LineString","coordinates":[[3.5513,44.9741],[3.5522,44.9745],[3.5515,44.9754],[3.5542,44.9772],[3.5539,44.9791],[3.5585,44.9809],[3.5606,44.9835],[3.5632,44.9840],[3.5644,44.9855],[3.5671,44.9837],[3.5708,44.9847],[3.5768,44.9834],[3.5838,44.9844],[3.5882,44.9930],[3.5866,44.9943],[3.5881,44.9974],[3.5870,44.9993],[3.5898,44.9987],[3.5906,45.0007],[3.5898,45.0025],[3.5877,45.0035],[3.5893,45.0062],[3.5880,45.0072],[3.5872,45.0104],[3.5882,45.0107],[3.5891,45.0133],[3.5912,45.0137],[3.5913,45.0151]]}},{"type":"Feature","properties":{"name":"La Volane"},"geometry":{"type":"LineString","coordinates":[[4.3618,44.7140],[4.3636,44.7097],[4.3631,44.7075]]}},{"type":"Feature","properties":{"name":"La Volane"},"geometry":{"type":"LineString","coordinates":[[4.3414,44.7614],[4.3428,44.7584],[4.3426,44.7544],[4.3444,44.7515],[4.3434,44.7495],[4.3389,44.7456],[4.3389,44.7429],[4.3418,44.7411],[4.3429,44.7369],[4.3494,44.7317],[4.3514,44.7314],[4.3507,44.7299],[4.3476,44.7292],[4.3473,44.7278],[4.3482,44.7268],[4.3476,44.7252],[4.3483,44.7236],[4.3497,44.7227],[4.3524,44.7181],[4.3609,44.7155]]}},{"type":"Feature","properties":{"name":"La Volane"},"geometry":{"type":"LineString","coordinates":[[4.3609,44.7155],[4.3618,44.7140]]}},{"type":"Feature","properties":{"name":"La Volane"},"geometry":{"type":"LineString","coordinates":[[4.3458,44.7769],[4.3430,44.7747],[4.3434,44.7735],[4.3417,44.7710],[4.3430,44.7687],[4.3415,44.7668],[4.3423,44.7624],[4.3414,44.7614]]}},{"type":"Feature","properties":{"name":"La Couze d\u0027Ardes"},"geometry":{"type":"LineString","coordinates":[[3.1221,45.4051],[3.1229,45.4063],[3.1263,45.4068],[3.1288,45.4088],[3.1301,45.4107],[3.1300,45.4151],[3.1320,45.4161],[3.1349,45.4148],[3.1372,45.4158],[3.1510,45.4131],[3.1534,45.4140],[3.1584,45.4126],[3.1639,45.4144],[3.1655,45.4165],[3.1765,45.4193],[3.1771,45.4214],[3.1850,45.4257],[3.1869,45.4283],[3.1954,45.4334],[3.1965,45.4356],[3.1999,45.4367],[3.2034,45.4398],[3.2080,45.4416],[3.2133,45.4468],[3.2166,45.4484],[3.2164,45.4499],[3.2186,45.4507],[3.2184,45.4522],[3.2210,45.4538],[3.2206,45.4554],[3.2232,45.4557],[3.2253,45.4568],[3.2257,45.4580],[3.2280,45.4580],[3.2274,45.4586],[3.2282,45.4599],[3.2462,45.4641],[3.2507,45.4627],[3.2558,45.4643],[3.2591,45.4636],[3.2596,45.4645],[3.2618,45.4644],[3.2624,45.4655],[3.2708,45.4653],[3.2701,45.4669]]}},{"type":"Feature","properties":{"name":"La Couze d\u0027Ardes"},"geometry":{"type":"LineString","coordinates":[[3.0814,45.4165],[3.0832,45.4173],[3.0855,45.4160],[3.0869,45.4170],[3.0935,45.4162],[3.0944,45.4146],[3.0975,45.4147],[3.0999,45.4136],[3.1049,45.4144],[3.1062,45.4129],[3.1110,45.4117],[3.1155,45.4073],[3.1221,45.4051]]}},{"type":"Feature","properties":{"name":"La Dore"},"geometry":{"type":"LineString","coordinates":[[3.6758,45.3966],[3.6761,45.3947],[3.6775,45.3940],[3.6764,45.3937],[3.6764,45.3926],[3.6798,45.3918],[3.6773,45.3907],[3.6805,45.3900],[3.6804,45.3889],[3.6828,45.3897],[3.6837,45.3879],[3.6818,45.3873],[3.6868,45.3836]]}},{"type":"Feature","properties":{"name":"La Dore"},"geometry":{"type":"LineString","coordinates":[[3.7498,45.4230],[3.7493,45.4243],[3.7524,45.4255],[3.7508,45.4296],[3.7512,45.4313],[3.7491,45.4323],[3.7471,45.4313],[3.7462,45.4330],[3.7432,45.4328],[3.7460,45.4412],[3.7436,45.4435]]}},{"type":"Feature","properties":{"name":"La Dore"},"geometry":{"type":"LineString","coordinates":[[3.7468,45.3856],[3.7485,45.3880],[3.7485,45.3903],[3.7424,45.3952],[3.7433,45.3969],[3.7428,45.3980],[3.7456,45.4000],[3.7438,45.4012],[3.7441,45.4032],[3.7427,45.4036],[3.7430,45.4049],[3.7451,45.4057],[3.7440,45.4073],[3.7458,45.4097],[3.7451,45.4112],[3.7471,45.4115],[3.7472,45.4133],[3.7484,45.4132]]}},{"type":"Feature","properties":{"name":"La Dore"},"geometry":{"type":"LineString","coordinates":[[3.6868,45.3836],[3.6886,45.3826],[3.6927,45.3829],[3.6929,45.3812],[3.7050,45.3751],[3.7094,45.3762],[3.7260,45.3695],[3.7277,45.3702],[3.7271,45.3711],[3.7301,45.3741],[3.7324,45.3740],[3.7410,45.3797],[3.7432,45.3800],[3.7457,45.3826],[3.7453,45.3836],[3.7473,45.3842],[3.7468,45.3856]]}},{"type":"Feature","properties":{"name":"La Dore"},"geometry":{"type":"LineString","coordinates":[[3.6500,45.3907],[3.6499,45.3924],[3.6514,45.3939],[3.6510,45.3955],[3.6521,45.3965],[3.6557,45.3970],[3.6587,45.3954],[3.6599,45.3967],[3.6659,45.3962],[3.6662,45.3975],[3.6682,45.3953],[3.6715,45.3959],[3.6722,45.3971],[3.6758,45.3966]]}},{"type":"Feature","properties":{"name":"La Dore"},"geometry":{"type":"LineString","coordinates":[[3.6416,45.3925],[3.6411,45.3916],[3.6422,45.3913],[3.6396,45.3906],[3.6402,45.3899],[3.6452,45.3891],[3.6500,45.3907]]}},{"type":"Feature","properties":{"name":"La Dore"},"geometry":{"type":"LineString","coordinates":[[3.6190,45.4126],[3.6189,45.4115],[3.6204,45.4110],[3.6207,45.4092],[3.6265,45.4075],[3.6283,45.4063],[3.6289,45.4044],[3.6323,45.4031],[3.6326,45.4011],[3.6309,45.4007],[3.6316,45.3997],[3.6358,45.3972],[3.6386,45.3969],[3.6377,45.3947],[3.6393,45.3926],[3.6416,45.3925]]}},{"type":"Feature","properties":{"name":"La Dore"},"geometry":{"type":"LineString","coordinates":[[3.7415,45.4485],[3.7372,45.4476],[3.7370,45.4497],[3.7340,45.4509],[3.7361,45.4518],[3.7325,45.4515],[3.7311,45.4535],[3.7316,45.4543]]}},{"type":"Feature","properties":{"name":"La Dore"},"geometry":{"type":"LineString","coordinates":[[3.7435,45.4484],[3.7415,45.4485]]}},{"type":"Feature","properties":{"name":"La Dore"},"geometry":{"type":"LineString","coordinates":[[3.7444,45.4445],[3.7465,45.4461],[3.7435,45.4484]]}},{"type":"Feature","properties":{"name":"La Dore"},"geometry":{"type":"LineString","coordinates":[[3.7436,45.4435],[3.7444,45.4445]]}},{"type":"Feature","properties":{"name":"La Dore"},"geometry":{"type":"LineString","coordinates":[[3.7484,45.4132],[3.7494,45.4148],[3.7475,45.4159],[3.7471,45.4173],[3.7482,45.4186],[3.7480,45.4218],[3.7499,45.4222],[3.7498,45.4230]]}},{"type":"Feature","properties":{"name":"La Dore"},"geometry":{"type":"LineString","coordinates":[[3.7316,45.4543],[3.7337,45.4554],[3.7312,45.4574],[3.7328,45.4609],[3.7312,45.4642],[3.7336,45.4679],[3.7297,45.4681],[3.7281,45.4713],[3.7342,45.4740],[3.7312,45.4760],[3.7314,45.4775],[3.7333,45.4790],[3.7306,45.4832],[3.7313,45.4846],[3.7349,45.4867],[3.7348,45.4894],[3.7366,45.4919],[3.7346,45.4949],[3.7390,45.4959],[3.7381,45.4970],[3.7364,45.4968],[3.7353,45.4977],[3.7375,45.5005],[3.7360,45.5011],[3.7359,45.5022],[3.7381,45.5051],[3.7363,45.5054],[3.7377,45.5060],[3.7374,45.5073],[3.7358,45.5080],[3.7346,45.5063],[3.7316,45.5078],[3.7313,45.5085],[3.7330,45.5091],[3.7324,45.5113]]}},{"type":"Feature","properties":{"name":"La Truyère"},"geometry":{"type":"LineString","coordinates":[[3.2498,44.9161],[3.2482,44.9218],[3.2442,44.9268],[3.2448,44.9277],[3.2478,44.9282],[3.2485,44.9294],[3.2433,44.9318],[3.2415,44.9349],[3.2429,44.9359],[3.2463,44.9339],[3.2501,44.9347],[3.2509,44.9371],[3.2488,44.9393]]}},{"type":"Feature","properties":{"name":"La Truyère"},"geometry":{"type":"LineString","coordinates":[[3.3551,44.7969],[3.3534,44.8003],[3.3532,44.8047],[3.3522,44.8057],[3.3555,44.8084],[3.3516,44.8146],[3.3531,44.8200],[3.3522,44.8231]]}},{"type":"Feature","properties":{"name":"La Truyère"},"geometry":{"type":"LineString","coordinates":[[3.2693,44.8988],[3.2685,44.9006],[3.2648,44.9020],[3.2623,44.9052],[3.2600,44.9049]]}},{"type":"Feature","properties":{"name":"La Truyère"},"geometry":{"type":"LineString","coordinates":[[3.3537,44.7796],[3.3556,44.7822],[3.3547,44.7875],[3.3556,44.7917],[3.3601,44.7939],[3.3575,44.7972],[3.3551,44.7969]]}},{"type":"Feature","properties":{"name":"La Truyère"},"geometry":{"type":"LineString","coordinates":[[3.1069,44.9303],[3.1014,44.9266],[3.1017,44.9237],[3.0943,44.9224],[3.0877,44.9167],[3.0827,44.9174],[3.0766,44.9217]]}},{"type":"Feature","properties":{"name":"La Truyère"},"geometry":{"type":"LineString","coordinates":[[3.1463,44.9696],[3.1431,44.9676],[3.1384,44.9673],[3.1357,44.9640],[3.1334,44.9649],[3.1341,44.9680],[3.1334,44.9692],[3.1292,44.9686],[3.1252,44.9651],[3.1273,44.9616],[3.1252,44.9606],[3.1228,44.9610],[3.1209,44.9581],[3.1172,44.9557],[3.1182,44.9519],[3.1144,44.9469],[3.1096,44.9442],[3.1045,44.9441],[3.1043,44.9416],[3.1033,44.9404],[3.1007,44.9402],[3.0978,44.9413],[3.0955,44.9446],[3.0928,44.9441],[3.0944,44.9407],[3.0971,44.9384],[3.0958,44.9346],[3.1044,44.9327],[3.1069,44.9303]]}},{"type":"Feature","properties":{"name":"La Truyère"},"geometry":{"type":"LineString","coordinates":[[3.3033,44.8868],[3.3013,44.8897],[3.2967,44.8918],[3.2932,44.8916],[3.2924,44.8934],[3.2842,44.8965],[3.2810,44.8963],[3.2777,44.8944],[3.2733,44.8964]]}},{"type":"Feature","properties":{"name":"La Truyère"},"geometry":{"type":"LineString","coordinates":[[3.3483,44.8398],[3.3517,44.8466],[3.3506,44.8494],[3.3482,44.8498],[3.3446,44.8484],[3.3411,44.8526],[3.3368,44.8543],[3.3346,44.8547],[3.3300,44.8533],[3.3261,44.8546],[3.3229,44.8625],[3.3187,44.8635],[3.3147,44.8671],[3.3145,44.8759],[3.3121,44.8783],[3.3119,44.8798],[3.3121,44.8819],[3.3135,44.8837],[3.3121,44.8876],[3.3104,44.8875],[3.3102,44.8856],[3.3085,44.8849],[3.3063,44.8864],[3.3033,44.8868]]}},{"type":"Feature","properties":{"name":"La Truyère"},"geometry":{"type":"LineString","coordinates":[[3.3522,44.8231],[3.3498,44.8239],[3.3504,44.8263],[3.3471,44.8287],[3.3505,44.8326],[3.3473,44.8359],[3.3470,44.8384],[3.3483,44.8398]]}},{"type":"Feature","properties":{"name":"La Truyère"},"geometry":{"type":"LineString","coordinates":[[3.1756,44.9744],[3.1718,44.9725]]}},{"type":"Feature","properties":{"name":"La Truyère"},"geometry":{"type":"LineString","coordinates":[[3.0766,44.9217],[3.0721,44.9229],[3.0689,44.9221],[3.0689,44.9182],[3.0674,44.9168],[3.0651,44.9169],[3.0617,44.9197],[3.0570,44.9193],[3.0560,44.9180],[3.0569,44.9169],[3.0656,44.9138],[3.0655,44.9119],[3.0608,44.9077],[3.0549,44.9090],[3.0531,44.9076]]}},{"type":"Feature","properties":{"name":"La Truyère"},"geometry":{"type":"LineString","coordinates":[[3.2488,44.9393],[3.2452,44.9404],[3.2389,44.9387],[3.2320,44.9393],[3.2313,44.9403],[3.2335,44.9426],[3.2350,44.9461],[3.2342,44.9480],[3.2278,44.9547],[3.2195,44.9540],[3.2188,44.9556],[3.2199,44.9568],[3.2189,44.9588],[3.2171,44.9610],[3.2131,44.9621],[3.2097,44.9683]]}},{"type":"Feature","properties":{"name":"La Truyère"},"geometry":{"type":"LineString","coordinates":[[3.2097,44.9683],[3.1982,44.9669],[3.1939,44.9684],[3.1940,44.9702],[3.1915,44.9709],[3.1858,44.9695],[3.1804,44.9753],[3.1781,44.9757],[3.1756,44.9744]]}},{"type":"Feature","properties":{"name":"La Truyère"},"geometry":{"type":"LineString","coordinates":[[3.1718,44.9725],[3.1657,44.9740],[3.1635,44.9770],[3.1623,44.9773],[3.1602,44.9701],[3.1573,44.9686],[3.1583,44.9653],[3.1572,44.9647],[3.1536,44.9654],[3.1524,44.9688],[3.1502,44.9710],[3.1483,44.9711],[3.1463,44.9696]]}},{"type":"Feature","properties":{"name":"La Truyère"},"geometry":{"type":"LineString","coordinates":[[3.3484,44.7353],[3.3493,44.7374],[3.3479,44.7398],[3.3489,44.7416],[3.3456,44.7430],[3.3443,44.7422],[3.3428,44.7430],[3.3435,44.7447],[3.3416,44.7453],[3.3429,44.7463],[3.3414,44.7478],[3.3435,44.7487],[3.3442,44.7506],[3.3431,44.7520],[3.3406,44.7529],[3.3396,44.7525]]}},{"type":"Feature","properties":{"name":"La Truyère"},"geometry":{"type":"LineString","coordinates":[[3.3747,44.7066],[3.3675,44.7070],[3.3666,44.7084],[3.3632,44.7079],[3.3616,44.7097],[3.3605,44.7096],[3.3614,44.7105],[3.3601,44.7126],[3.3574,44.7128],[3.3561,44.7151],[3.3543,44.7135],[3.3529,44.7138],[3.3533,44.7157],[3.3511,44.7174],[3.3530,44.7188],[3.3532,44.7204],[3.3513,44.7227],[3.3500,44.7230],[3.3513,44.7258],[3.3506,44.7273],[3.3477,44.7270],[3.3475,44.7296],[3.3461,44.7300],[3.3481,44.7330],[3.3484,44.7353]]}},{"type":"Feature","properties":{"name":"La Truyère"},"geometry":{"type":"LineString","coordinates":[[3.3396,44.7525],[3.3368,44.7565],[3.3397,44.7569],[3.3405,44.7594],[3.3427,44.7598],[3.3429,44.7627],[3.3412,44.7638],[3.3410,44.7655],[3.3455,44.7704],[3.3425,44.7718],[3.3421,44.7733],[3.3432,44.7743],[3.3453,44.7734],[3.3491,44.7755],[3.3490,44.7764],[3.3468,44.7773],[3.3475,44.7813],[3.3516,44.7795],[3.3537,44.7796]]}},{"type":"Feature","properties":{"name":"La Truyère"},"geometry":{"type":"LineString","coordinates":[[3.3548,44.7889],[3.3555,44.7901]]}},{"type":"Feature","properties":{"name":"La Truyère"},"geometry":{"type":"LineString","coordinates":[[3.2559,44.9073],[3.2534,44.9090],[3.2498,44.9161]]}},{"type":"Feature","properties":{"name":"La Truyère"},"geometry":{"type":"LineString","coordinates":[[3.2600,44.9049],[3.2573,44.9045],[3.2559,44.9073]]}},{"type":"Feature","properties":{"name":"La Truyère"},"geometry":{"type":"LineString","coordinates":[[3.2733,44.8964],[3.2696,44.8987]]}},{"type":"Feature","properties":{"name":"La Truyère"},"geometry":{"type":"LineString","coordinates":[[3.2696,44.8987],[3.2693,44.8988]]}},{"type":"Feature","properties":{"name":"La Rimande"},"geometry":{"type":"LineString","coordinates":[[4.2342,44.9456],[4.2366,44.9503],[4.2399,44.9538],[4.2470,44.9587],[4.2526,44.9588],[4.2617,44.9605],[4.2668,44.9626],[4.2688,44.9622],[4.2716,44.9634],[4.2739,44.9658],[4.2779,44.9672],[4.2842,44.9677],[4.2892,44.9662],[4.2920,44.9673],[4.2979,44.9657]]}},{"type":"Feature","properties":{"name":"La Rimande"},"geometry":{"type":"LineString","coordinates":[[4.3083,44.9684],[4.3112,44.9682],[4.3141,44.9698],[4.3196,44.9707],[4.3231,44.9708],[4.3276,44.9691],[4.3328,44.9720],[4.3346,44.9711],[4.3385,44.9714],[4.3508,44.9691]]}},{"type":"Feature","properties":{"name":"La Rimande"},"geometry":{"type":"LineString","coordinates":[[4.2979,44.9657],[4.3068,44.9677]]}},{"type":"Feature","properties":{"name":"La Rimande"},"geometry":{"type":"LineString","coordinates":[[4.3069,44.9677],[4.3083,44.9684]]}},{"type":"Feature","properties":{"name":"Le Talaron"},"geometry":{"type":"LineString","coordinates":[[4.4797,44.8865],[4.4838,44.8863],[4.4836,44.8844],[4.4857,44.8842],[4.4870,44.8822],[4.4931,44.8833],[4.5022,44.8832],[4.5041,44.8794],[4.5087,44.8782],[4.5074,44.8770],[4.5093,44.8743],[4.5136,44.8756],[4.5217,44.8752],[4.5271,44.8765]]}},{"type":"Feature","properties":{"name":"Le Talaron"},"geometry":{"type":"LineString","coordinates":[[4.4092,44.8567],[4.4108,44.8582],[4.4145,44.8589],[4.4173,44.8617],[4.4218,44.8633],[4.4288,44.8634],[4.4294,44.8651],[4.4352,44.8649],[4.4386,44.8675],[4.4443,44.8676],[4.4539,44.8760],[4.4580,44.8784],[4.4619,44.8785],[4.4657,44.8810],[4.4676,44.8827],[4.4694,44.8878],[4.4721,44.8873],[4.4769,44.8882],[4.4776,44.8874],[4.4772,44.8858],[4.4796,44.8865]]}},{"type":"Feature","properties":{"name":"L\u0027Ance"},"geometry":{"type":"LineString","coordinates":[[3.9058,45.3333],[3.9045,45.3318],[3.9062,45.3285],[3.9116,45.3295],[3.9141,45.3275],[3.9135,45.3232],[3.9149,45.3220],[3.9116,45.3186],[3.9122,45.3164]]}},{"type":"Feature","properties":{"name":"L\u0027Ance"},"geometry":{"type":"LineString","coordinates":[[3.9122,45.3164],[3.9110,45.3121],[3.9122,45.3088],[3.9106,45.3064],[3.9200,45.3054],[3.9215,45.3071],[3.9179,45.3095],[3.9239,45.3134],[3.9258,45.3140],[3.9315,45.3121],[3.9350,45.3144],[3.9366,45.3144],[3.9387,45.3129],[3.9366,45.3116],[3.9396,45.3091],[3.9381,45.3067],[3.9387,45.3058],[3.9432,45.3068],[3.9478,45.3056],[3.9529,45.3062],[3.9573,45.3026],[3.9568,45.3018],[3.9535,45.3017],[3.9577,45.2994]]}},{"type":"Feature","properties":{"name":"L\u0027Ance"},"geometry":{"type":"LineString","coordinates":[[4.0048,45.2618],[4.0067,45.2577],[4.0134,45.2602],[4.0221,45.2572],[4.0232,45.2577],[4.0226,45.2625],[4.0282,45.2636],[4.0312,45.2622],[4.0350,45.2649],[4.0408,45.2624],[4.0416,45.2637],[4.0405,45.2664],[4.0450,45.2677],[4.0451,45.2692],[4.0464,45.2697]]}},{"type":"Feature","properties":{"name":"L\u0027Ance"},"geometry":{"type":"LineString","coordinates":[[3.5754,44.8133],[3.5799,44.8132],[3.5849,44.8150],[3.5871,44.8170],[3.5953,44.8186],[3.6005,44.8240],[3.6043,44.8241],[3.6095,44.8220],[3.6145,44.8230],[3.6203,44.8219],[3.6240,44.8236],[3.6233,44.8279],[3.6249,44.8284],[3.6262,44.8307],[3.6293,44.8321]]}},{"type":"Feature","properties":{"name":"L\u0027Ance"},"geometry":{"type":"LineString","coordinates":[[3.9221,45.3116],[3.9283,45.3121]]}},{"type":"Feature","properties":{"name":"L\u0027Ance"},"geometry":{"type":"LineString","coordinates":[[3.9283,45.3121],[3.9294,45.3123]]}},{"type":"Feature","properties":{"name":"L\u0027Ance"},"geometry":{"type":"LineString","coordinates":[[3.9294,45.3123],[3.9306,45.3122]]}},{"type":"Feature","properties":{"name":"L\u0027Ance"},"geometry":{"type":"LineString","coordinates":[[3.9014,45.4843],[3.9034,45.4820],[3.9025,45.4814],[3.9030,45.4805],[3.9013,45.4798],[3.9014,45.4784],[3.9025,45.4777],[3.9012,45.4770],[3.9026,45.4762],[3.9026,45.4726],[3.9012,45.4706],[3.9002,45.4709],[3.8965,45.4683],[3.8979,45.4684],[3.8990,45.4624],[3.8987,45.4601],[3.8974,45.4592],[3.8988,45.4584],[3.8980,45.4566],[3.9008,45.4553],[3.9015,45.4539],[3.9049,45.4534],[3.9067,45.4513],[3.9091,45.4508],[3.9084,45.4498],[3.9091,45.4488],[3.9128,45.4468],[3.9136,45.4452],[3.9114,45.4447],[3.9123,45.4428],[3.9136,45.4427],[3.9126,45.4394],[3.9136,45.4386],[3.9136,45.4369],[3.9197,45.4324],[3.9183,45.4313],[3.9131,45.4311],[3.9155,45.4237],[3.9136,45.4212],[3.9121,45.4207],[3.9109,45.4178],[3.9083,45.4178],[3.9099,45.4120],[3.9034,45.4125],[3.9032,45.4101],[3.8986,45.4104],[3.8985,45.4074],[3.8999,45.4070],[3.8993,45.4056],[3.8925,45.4002],[3.8934,45.3959],[3.8909,45.3962],[3.8891,45.3942],[3.8894,45.3915],[3.8922,45.3891],[3.8916,45.3852],[3.8944,45.3844],[3.8958,45.3823],[3.8951,45.3814],[3.8920,45.3815],[3.8907,45.3807],[3.8916,45.3779],[3.8937,45.3773],[3.8926,45.3747],[3.8929,45.3729],[3.8908,45.3707],[3.8938,45.3677],[3.8929,45.3671],[3.8950,45.3665],[3.8945,45.3658],[3.8963,45.3645],[3.8965,45.3621],[3.8944,45.3599],[3.8985,45.3557],[3.8982,45.3511],[3.9011,45.3484],[3.9024,45.3450],[3.9000,45.3430],[3.9026,45.3421],[3.9023,45.3391],[3.9047,45.3380],[3.9045,45.3339],[3.9058,45.3333]]}},{"type":"Feature","properties":{"name":"L\u0027Ance"},"geometry":{"type":"LineString","coordinates":[[3.9577,45.2994],[3.9616,45.2972],[3.9615,45.2951],[3.9645,45.2951],[3.9654,45.2932],[3.9681,45.2933],[3.9701,45.2944],[3.9715,45.2939],[3.9706,45.2913],[3.9736,45.2903],[3.9738,45.2870],[3.9748,45.2863],[3.9780,45.2864],[3.9790,45.2851],[3.9814,45.2857],[3.9820,45.2849],[3.9845,45.2848],[3.9842,45.2813],[3.9819,45.2791],[3.9842,45.2779],[3.9839,45.2759],[3.9856,45.2751],[3.9872,45.2760],[3.9883,45.2738],[3.9907,45.2734],[3.9948,45.2685],[4.0000,45.2662],[4.0010,45.2633],[4.0040,45.2624]]}},{"type":"Feature","properties":{"name":"L\u0027Ance"},"geometry":{"type":"LineString","coordinates":[[4.0044,45.2621],[4.0048,45.2618]]}},{"type":"Feature","properties":{"name":"L\u0027Ance"},"geometry":{"type":"LineString","coordinates":[[3.6293,44.8321],[3.6294,44.8320]]}},{"type":"Feature","properties":{"name":"L\u0027Ance"},"geometry":{"type":"LineString","coordinates":[[3.6294,44.8320],[3.6301,44.8318],[3.6300,44.8329],[3.6375,44.8327],[3.6397,44.8363],[3.6404,44.8414],[3.6415,44.8423],[3.6403,44.8439],[3.6413,44.8454],[3.6443,44.8458],[3.6446,44.8497],[3.6482,44.8510],[3.6487,44.8527],[3.6520,44.8553],[3.6565,44.8570],[3.6613,44.8627],[3.6619,44.8659],[3.6592,44.8696],[3.6602,44.8708],[3.6571,44.8718],[3.6537,44.8751],[3.6536,44.8761],[3.6503,44.8740],[3.6477,44.8757],[3.6442,44.8762],[3.6439,44.8780],[3.6447,44.8774],[3.6459,44.8781],[3.6457,44.8792],[3.6440,44.8799],[3.6454,44.8806],[3.6453,44.8818]]}},{"type":"Feature","properties":{"name":"L\u0027Ance"},"geometry":{"type":"LineString","coordinates":[[4.0042,45.2623],[4.0044,45.2621]]}},{"type":"Feature","properties":{"name":"L\u0027Ance"},"geometry":{"type":"LineString","coordinates":[[4.0040,45.2624],[4.0042,45.2623]]}},{"type":"Feature","properties":{"name":"L\u0027Ance"},"geometry":{"type":"LineString","coordinates":[[3.6453,44.8818],[3.6453,44.8837],[3.6466,44.8850],[3.6433,44.8854],[3.6422,44.8866],[3.6405,44.8860],[3.6371,44.8866],[3.6362,44.8875],[3.6384,44.8907],[3.6377,44.8959],[3.6360,44.8973],[3.6340,44.8965],[3.6309,44.8975],[3.6323,44.8983],[3.6308,44.9004],[3.6327,44.9034],[3.6330,44.9082],[3.6287,44.9123],[3.6255,44.9140],[3.6232,44.9193],[3.6195,44.9188],[3.6203,44.9227],[3.6193,44.9236],[3.6189,44.9262],[3.6205,44.9295],[3.6278,44.9341],[3.6288,44.9369],[3.6281,44.9379],[3.6298,44.9391],[3.6291,44.9457],[3.6319,44.9503],[3.6301,44.9565],[3.6282,44.9589],[3.6307,44.9630],[3.6305,44.9642],[3.6428,44.9699]]}},{"type":"Feature","properties":{"name":"L\u0027Ance"},"geometry":{"type":"LineString","coordinates":[[4.0683,45.2749],[4.0657,45.2753],[4.0662,45.2773],[4.0680,45.2782],[4.0708,45.2782],[4.0744,45.2763],[4.0781,45.2781],[4.0863,45.2747],[4.0960,45.2759],[4.0981,45.2754],[4.1001,45.2781],[4.1025,45.2790],[4.1033,45.2817],[4.1071,45.2824],[4.1099,45.2851],[4.1129,45.2850],[4.1157,45.2862],[4.1186,45.2919]]}},{"type":"Feature","properties":{"name":"L\u0027Ance"},"geometry":{"type":"LineString","coordinates":[[4.0464,45.2697],[4.0485,45.2679],[4.0503,45.2676],[4.0517,45.2682],[4.0514,45.2707],[4.0525,45.2722],[4.0556,45.2733],[4.0569,45.2733],[4.0581,45.2701],[4.0639,45.2723],[4.0698,45.2716],[4.0718,45.2729],[4.0701,45.2748],[4.0683,45.2749]]}},{"type":"Feature","properties":{"name":"L\u0027Ance"},"geometry":{"type":"LineString","coordinates":[[4.0057,45.2593],[4.0061,45.2581]]}},{"type":"Feature","properties":{"name":"L\u0027Ance"},"geometry":{"type":"LineString","coordinates":[[4.1181,45.2905],[4.1188,45.2917]]}},{"type":"Feature","properties":{"name":"L\u0027Ance"},"geometry":{"type":"LineString","coordinates":[[4.1051,45.2824],[4.1058,45.2821]]}},{"type":"Feature","properties":{"name":"L\u0027Ance"},"geometry":{"type":"LineString","coordinates":[[4.0536,45.2727],[4.0550,45.2730]]}},{"type":"Feature","properties":{"name":"L\u0027Ance"},"geometry":{"type":"LineString","coordinates":[[4.0318,45.2629],[4.0329,45.2639]]}},{"type":"Feature","properties":{"name":"L\u0027Ance"},"geometry":{"type":"LineString","coordinates":[[4.0230,45.2603],[4.0228,45.2605]]}},{"type":"Feature","properties":{"name":"L\u0027Ance"},"geometry":{"type":"LineString","coordinates":[[4.0230,45.2601],[4.0227,45.2610]]}},{"type":"Feature","properties":{"name":"L\u0027Ance"},"geometry":{"type":"LineString","coordinates":[[4.1014,45.2789],[4.1025,45.2790]]}},{"type":"Feature","properties":{"name":"L\u0027Ance"},"geometry":{"type":"LineString","coordinates":[[4.0929,45.2756],[4.0946,45.2755]]}},{"type":"Feature","properties":{"name":"L\u0027Ance"},"geometry":{"type":"LineString","coordinates":[[4.0837,45.2753],[4.0844,45.2752]]}},{"type":"Feature","properties":{"name":"La Langougnole"},"geometry":{"type":"LineString","coordinates":[[4.0019,44.7903],[3.9986,44.7941],[3.9988,44.7966],[3.9945,44.8016]]}},{"type":"Feature","properties":{"name":"La Langougnole"},"geometry":{"type":"LineString","coordinates":[[3.9945,44.8016],[3.9935,44.8034],[3.9888,44.8052],[3.9873,44.8068],[3.9880,44.8087],[3.9905,44.8097],[3.9895,44.8110]]}},{"type":"Feature","properties":{"name":"L\u0027Alagnon"},"geometry":{"type":"LineString","coordinates":[[3.0126,45.1380],[3.0118,45.1390],[3.0133,45.1412],[3.0165,45.1423],[3.0161,45.1457],[3.0215,45.1543],[3.0280,45.1599],[3.0294,45.1600],[3.0319,45.1624],[3.0340,45.1630],[3.0340,45.1662],[3.0385,45.1671],[3.0417,45.1709],[3.0423,45.1726],[3.0404,45.1769],[3.0458,45.1781],[3.0472,45.1772],[3.0496,45.1774],[3.0566,45.1822],[3.0605,45.1818],[3.0685,45.1857],[3.0727,45.1861],[3.0774,45.1890],[3.0799,45.1921],[3.0860,45.1929],[3.0867,45.1982],[3.0920,45.2009],[3.0928,45.2038],[3.0966,45.2054],[3.1015,45.2130],[3.1043,45.2158],[3.1077,45.2171],[3.1075,45.2203],[3.1102,45.2238],[3.1244,45.2249],[3.1277,45.2292],[3.1295,45.2291],[3.1380,45.2354],[3.1447,45.2384],[3.1491,45.2387],[3.1548,45.2423],[3.1670,45.2409],[3.1748,45.2438],[3.1795,45.2436],[3.1858,45.2463],[3.1927,45.2470],[3.1928,45.2495],[3.1948,45.2528],[3.1921,45.2564],[3.1967,45.2601],[3.1963,45.2619],[3.1931,45.2657],[3.1926,45.2696],[3.1895,45.2721],[3.1915,45.2749],[3.1891,45.2777],[3.1889,45.2817],[3.1864,45.2850],[3.1864,45.2862],[3.1904,45.2887],[3.1914,45.2906],[3.1877,45.2915],[3.1843,45.2940],[3.1860,45.2970],[3.1853,45.3003],[3.1894,45.3023],[3.1901,45.3044],[3.1885,45.3072],[3.1861,45.3084],[3.1854,45.3131],[3.1910,45.3163],[3.1931,45.3206],[3.1988,45.3223],[3.2004,45.3282],[3.2064,45.3301],[3.2089,45.3321],[3.2087,45.3340],[3.2039,45.3350],[3.2030,45.3374],[3.2052,45.3407],[3.2053,45.3464],[3.2096,45.3474],[3.2096,45.3511],[3.2119,45.3512],[3.2146,45.3480],[3.2219,45.3505],[3.2189,45.3535],[3.2193,45.3570],[3.2180,45.3598],[3.2130,45.3618],[3.2200,45.3653],[3.2253,45.3709],[3.2259,45.3733],[3.2320,45.3748],[3.2332,45.3706],[3.2366,45.3747],[3.2399,45.3718],[3.2480,45.3719],[3.2472,45.3763],[3.2528,45.3776],[3.2536,45.3791],[3.2557,45.3801],[3.2634,45.3816],[3.2661,45.3846],[3.2688,45.3907],[3.2743,45.3937],[3.2754,45.3955],[3.2810,45.3968],[3.2817,45.3989],[3.2803,45.4001],[3.2810,45.4013],[3.2834,45.4006],[3.2856,45.4015],[3.2856,45.4039],[3.2870,45.4051],[3.2854,45.4106],[3.2891,45.4116],[3.2895,45.4129],[3.2887,45.4136],[3.2908,45.4153],[3.2907,45.4176],[3.2928,45.4207],[3.2928,45.4224],[3.2950,45.4232],[3.2924,45.4260],[3.2929,45.4292],[3.2947,45.4304],[3.2944,45.4318],[3.2961,45.4351],[3.2962,45.4383],[3.2943,45.4405],[3.2997,45.4425],[3.3000,45.4447],[3.2975,45.4464],[3.2980,45.4483],[3.3041,45.4524]]}},{"type":"Feature","properties":{"name":"L\u0027Alagnon"},"geometry":{"type":"LineString","coordinates":[[3.1927,45.2470],[3.1934,45.2490]]}},{"type":"Feature","properties":{"name":"L\u0027Alagnon"},"geometry":{"type":"LineString","coordinates":[[3.1934,45.2492],[3.1932,45.2503]]}},{"type":"Feature","properties":{"name":"L\u0027Alagnon"},"geometry":{"type":"LineString","coordinates":[[3.1934,45.2490],[3.1934,45.2492]]}},{"type":"Feature","properties":{"name":"L\u0027Alagnon"},"geometry":{"type":"LineString","coordinates":[[3.2855,45.4108],[3.2862,45.4119],[3.2868,45.4112]]}},{"type":"Feature","properties":{"name":"L\u0027Alagnon"},"geometry":{"type":"LineString","coordinates":[[3.1357,45.2340],[3.1360,45.2350],[3.1400,45.2364]]}},{"type":"Feature","properties":{"name":"Le Bès"},"geometry":{"type":"LineString","coordinates":[[3.0992,44.8331],[3.0993,44.8403],[3.0973,44.8425],[3.1002,44.8441]]}},{"type":"Feature","properties":{"name":"Le Bès"},"geometry":{"type":"LineString","coordinates":[[3.0962,44.8279],[3.0938,44.8333]]}},{"type":"Feature","properties":{"name":"Le Bès"},"geometry":{"type":"LineString","coordinates":[[3.0775,44.8246],[3.0842,44.8275],[3.0857,44.8272],[3.0856,44.8261]]}},{"type":"Feature","properties":{"name":"Le Bès"},"geometry":{"type":"LineString","coordinates":[[3.0938,44.8333],[3.0946,44.8340],[3.0992,44.8331]]}},{"type":"Feature","properties":{"name":"Le Bès"},"geometry":{"type":"LineString","coordinates":[[3.1162,44.9222],[3.1132,44.9219],[3.1116,44.9205],[3.1134,44.9179],[3.1129,44.9157],[3.1087,44.9160],[3.1081,44.9173],[3.1093,44.9223],[3.1061,44.9248],[3.1052,44.9265],[3.1089,44.9290],[3.1085,44.9301],[3.1069,44.9303]]}},{"type":"Feature","properties":{"name":"Le Bès"},"geometry":{"type":"LineString","coordinates":[[3.0460,44.7974],[3.0460,44.8004],[3.0477,44.8040],[3.0515,44.8054],[3.0564,44.8096],[3.0581,44.8131],[3.0599,44.8134],[3.0617,44.8153],[3.0614,44.8177],[3.0626,44.8192],[3.0668,44.8220],[3.0732,44.8228],[3.0775,44.8246]]}},{"type":"Feature","properties":{"name":"Le Bès"},"geometry":{"type":"LineString","coordinates":[[3.1187,44.9177],[3.1180,44.9184],[3.1190,44.9203],[3.1162,44.9222]]}},{"type":"Feature","properties":{"name":"Le Bès"},"geometry":{"type":"LineString","coordinates":[[3.0879,44.8261],[3.0962,44.8279]]}},{"type":"Feature","properties":{"name":"Le Bès"},"geometry":{"type":"LineString","coordinates":[[3.0856,44.8261],[3.0866,44.8254],[3.0879,44.8261]]}},{"type":"Feature","properties":{"name":"Le Bès"},"geometry":{"type":"LineString","coordinates":[[3.1051,44.8664],[3.1103,44.8666],[3.1064,44.8678],[3.1026,44.8711],[3.1029,44.8758],[3.1071,44.8768],[3.1076,44.8782],[3.1032,44.8847]]}},{"type":"Feature","properties":{"name":"Le Bès"},"geometry":{"type":"LineString","coordinates":[[3.1002,44.8441],[3.0967,44.8467],[3.0990,44.8498],[3.0952,44.8504],[3.0953,44.8519],[3.0932,44.8547],[3.0969,44.8588],[3.1022,44.8610],[3.1035,44.8652],[3.1051,44.8664]]}},{"type":"Feature","properties":{"name":"Le Bès"},"geometry":{"type":"LineString","coordinates":[[3.1279,44.9036],[3.1281,44.9048],[3.1252,44.9060],[3.1271,44.9091],[3.1245,44.9118],[3.1257,44.9145],[3.1216,44.9149],[3.1187,44.9177]]}},{"type":"Feature","properties":{"name":"Le Bès"},"geometry":{"type":"LineString","coordinates":[[3.1032,44.8847],[3.1022,44.8862],[3.1037,44.8869],[3.1118,44.8878],[3.1159,44.8946],[3.1172,44.8940],[3.1176,44.8899],[3.1245,44.8895],[3.1244,44.8918],[3.1216,44.8937],[3.1211,44.8952],[3.1254,44.8974],[3.1246,44.8996],[3.1279,44.9036]]}},{"type":"Feature","properties":{"name":"La Cance"},"geometry":{"type":"LineString","coordinates":[[4.5181,45.1859],[4.5256,45.1887]]}},{"type":"Feature","properties":{"name":"La Fontaulière"},"geometry":{"type":"LineString","coordinates":[[4.1421,44.7140],[4.1419,44.7132],[4.1481,44.7118],[4.1508,44.7136],[4.1523,44.7118],[4.1558,44.7118],[4.1632,44.7084],[4.1674,44.7084],[4.1707,44.7058],[4.1712,44.7071],[4.1787,44.7050],[4.1963,44.7047],[4.1975,44.7032],[4.2046,44.7049],[4.2096,44.7037],[4.2155,44.7051],[4.2205,44.7039],[4.2222,44.7050],[4.2243,44.7044],[4.2263,44.7050],[4.2364,44.7020],[4.2412,44.7020],[4.2515,44.6967],[4.2539,44.6968],[4.2561,44.6946],[4.2584,44.6961],[4.2584,44.6936],[4.2682,44.6929],[4.2745,44.6886],[4.2838,44.6873],[4.2825,44.6824],[4.2840,44.6811],[4.2847,44.6773],[4.2873,44.6756],[4.2853,44.6739],[4.2853,44.6727],[4.2861,44.6713],[4.2884,44.6713],[4.2888,44.6690]]}},{"type":"Feature","properties":{"name":"Le Béal de Brioude"},"geometry":{"type":"LineString","coordinates":[[3.4077,45.2794],[3.4046,45.2837],[3.4073,45.2871],[3.4078,45.2893],[3.4067,45.2903],[3.4066,45.2924],[3.4034,45.2947],[3.4049,45.2961],[3.4048,45.2973],[3.4021,45.3004],[3.4051,45.3054]]}},{"type":"Feature","properties":{"name":"Le Lizeron"},"geometry":{"type":"LineString","coordinates":[[4.2655,45.4464],[4.2632,45.4460],[4.2634,45.4474],[4.2618,45.4489],[4.2555,45.4506]]}},{"type":"Feature","properties":{"name":"Le Lizeron"},"geometry":{"type":"LineString","coordinates":[[4.3185,45.4460],[4.3160,45.4482],[4.3132,45.4487],[4.3085,45.4465],[4.3058,45.4475],[4.3028,45.4463],[4.3027,45.4472],[4.3010,45.4475],[4.2977,45.4454],[4.2955,45.4447],[4.2939,45.4454],[4.2911,45.4436],[4.2848,45.4433],[4.2834,45.4442],[4.2817,45.4429],[4.2795,45.4439],[4.2764,45.4424],[4.2748,45.4428],[4.2739,45.4417],[4.2666,45.4442],[4.2655,45.4464]]}},{"type":"Feature","properties":{"name":"La Suissesse"},"geometry":{"type":"LineString","coordinates":[[3.9563,45.1231],[3.9515,45.1230],[3.9482,45.1248],[3.9436,45.1243],[3.9423,45.1233],[3.9399,45.1245],[3.9342,45.1245]]}},{"type":"Feature","properties":{"name":"La Suissesse"},"geometry":{"type":"LineString","coordinates":[[3.9342,45.1245],[3.9292,45.1265],[3.9239,45.1260],[3.9205,45.1278]]}}]}