{"type":"FeatureCollection","features":[{"type":"Feature","properties":{"name":"La Dormoise"},"geometry":{"type":"LineString","coordinates":[[4.7609,49.2287],[4.7718,49.2312],[4.7845,49.2404],[4.7914,49.2407],[4.7957,49.2435],[4.8005,49.2441],[4.8030,49.2473],[4.8121,49.2494]]}},{"type":"Feature","properties":{"name":"La Dormoise"},"geometry":{"type":"LineString","coordinates":[[4.8121,49.2494],[4.8183,49.2509],[4.8206,49.2505],[4.8245,49.2536],[4.8271,49.2531],[4.8316,49.2545],[4.8354,49.2542],[4.8352,49.2576],[4.8388,49.2603]]}},{"type":"Feature","properties":{"name":"L\u0027Auve"},"geometry":{"type":"LineString","coordinates":[[4.7437,49.0380],[4.7567,49.0429],[4.7584,49.0427],[4.7609,49.0447],[4.7631,49.0445],[4.7680,49.0461],[4.7711,49.0482],[4.7766,49.0483],[4.7860,49.0515],[4.7892,49.0507],[4.7913,49.0516],[4.7929,49.0538],[4.7974,49.0550],[4.8063,49.0631],[4.8212,49.0669],[4.8265,49.0689],[4.8267,49.0697],[4.8278,49.0695],[4.8284,49.0706],[4.8347,49.0716],[4.8363,49.0743],[4.8398,49.0732],[4.8445,49.0749]]}},{"type":"Feature","properties":{"name":"L\u0027Auve"},"geometry":{"type":"LineString","coordinates":[[4.8445,49.0749],[4.8457,49.0753]]}},{"type":"Feature","properties":{"name":"L\u0027Auve"},"geometry":{"type":"LineString","coordinates":[[4.8457,49.0753],[4.8510,49.0773],[4.8595,49.0772],[4.8634,49.0790],[4.8657,49.0784]]}},{"type":"Feature","properties":{"name":"La Crise"},"geometry":{"type":"LineString","coordinates":[[3.3745,49.3124],[3.3709,49.3173],[3.3698,49.3205],[3.3661,49.3226],[3.3653,49.3254]]}},{"type":"Feature","properties":{"name":"La Crise"},"geometry":{"type":"LineString","coordinates":[[3.4014,49.3039],[3.3950,49.3025],[3.3857,49.3023]]}},{"type":"Feature","properties":{"name":"La Crise"},"geometry":{"type":"LineString","coordinates":[[3.3770,49.3060],[3.3744,49.3123]]}},{"type":"Feature","properties":{"name":"La Crise"},"geometry":{"type":"LineString","coordinates":[[3.3776,49.3057],[3.3770,49.3060]]}},{"type":"Feature","properties":{"name":"La Crise"},"geometry":{"type":"LineString","coordinates":[[3.3774,49.3058],[3.3770,49.3060]]}},{"type":"Feature","properties":{"name":"La Crise"},"geometry":{"type":"LineString","coordinates":[[3.3857,49.3023],[3.3840,49.3046],[3.3774,49.3058]]}},{"type":"Feature","properties":{"name":"La Crise"},"geometry":{"type":"LineString","coordinates":[[3.3744,49.3123],[3.3745,49.3124]]}},{"type":"Feature","properties":{"name":"La Crise"},"geometry":{"type":"LineString","coordinates":[[3.4015,49.3039],[3.4014,49.3039]]}},{"type":"Feature","properties":{"name":"La Crise"},"geometry":{"type":"LineString","coordinates":[[3.4017,49.3040],[3.4015,49.3039]]}},{"type":"Feature","properties":{"name":"La Crise"},"geometry":{"type":"LineString","coordinates":[[3.4017,49.3041],[3.4017,49.3040]]}},{"type":"Feature","properties":{"name":"La Crise"},"geometry":{"type":"LineString","coordinates":[[3.4159,49.3013],[3.4137,49.3027],[3.4017,49.3041]]}},{"type":"Feature","properties":{"name":"La Somme-Soude"},"geometry":{"type":"LineString","coordinates":[[4.1704,48.9693],[4.1715,48.9703],[4.1709,48.9716],[4.1721,48.9724],[4.1711,48.9732],[4.1721,48.9736],[4.1714,48.9747],[4.1724,48.9748],[4.1722,48.9762],[4.1731,48.9764],[4.1717,48.9776],[4.1740,48.9799],[4.1738,48.9815],[4.1799,48.9878],[4.1820,48.9915],[4.1865,48.9924],[4.1858,48.9943],[4.1879,48.9946],[4.1866,48.9951],[4.1869,48.9958],[4.1894,48.9980],[4.1919,48.9984],[4.1915,48.9995],[4.1932,49.0006],[4.1924,49.0012],[4.1923,49.0049],[4.1936,49.0079],[4.1928,49.0091],[4.1959,49.0120],[4.1956,49.0131],[4.2001,49.0156],[4.1998,49.0181]]}},{"type":"Feature","properties":{"name":"La Droye"},"geometry":{"type":"LineString","coordinates":[[4.7060,48.5290],[4.7034,48.5278],[4.7029,48.5251],[4.7046,48.5240],[4.7130,48.5233],[4.7131,48.5224],[4.7116,48.5219]]}},{"type":"Feature","properties":{"name":"La Droye"},"geometry":{"type":"LineString","coordinates":[[4.7470,48.5412],[4.7415,48.5411],[4.7383,48.5377],[4.7354,48.5379],[4.7326,48.5394],[4.7296,48.5393],[4.7294,48.5382],[4.7324,48.5370],[4.7361,48.5327],[4.7291,48.5337],[4.7242,48.5305],[4.7209,48.5341],[4.7203,48.5377],[4.7162,48.5385],[4.7139,48.5378],[4.7116,48.5330],[4.7060,48.5290]]}},{"type":"Feature","properties":{"name":"Noue du Livon"},"geometry":{"type":"LineString","coordinates":[[3.8416,48.5720],[3.8398,48.5720],[3.8389,48.5740],[3.8369,48.5753],[3.8337,48.5766],[3.8301,48.5764],[3.8305,48.5771],[3.8294,48.5774],[3.8275,48.5761],[3.8201,48.5760],[3.8151,48.5747],[3.8128,48.5721],[3.8099,48.5716]]}},{"type":"Feature","properties":{"name":"Noue du Livon"},"geometry":{"type":"LineString","coordinates":[[3.9331,48.5591],[3.9280,48.5593],[3.9261,48.5566],[3.9237,48.5566],[3.9189,48.5582],[3.9142,48.5629],[3.9029,48.5653],[3.8993,48.5651],[3.8946,48.5678],[3.8810,48.5707],[3.8776,48.5696],[3.8724,48.5697],[3.8676,48.5676],[3.8632,48.5685],[3.8600,48.5710],[3.8567,48.5719],[3.8549,48.5710],[3.8475,48.5715],[3.8451,48.5730],[3.8416,48.5720]]}},{"type":"Feature","properties":{"name":"Noue du Livon"},"geometry":{"type":"LineString","coordinates":[[3.8099,48.5716],[3.8095,48.5716]]}},{"type":"Feature","properties":{"name":"Noue du Livon"},"geometry":{"type":"LineString","coordinates":[[3.8095,48.5716],[3.8011,48.5718]]}},{"type":"Feature","properties":{"name":"L\u0027Ornel"},"geometry":{"type":"LineString","coordinates":[[5.0434,48.6689],[5.0403,48.6710],[5.0337,48.6700],[5.0207,48.6722]]}},{"type":"Feature","properties":{"name":"L\u0027Ornel"},"geometry":{"type":"LineString","coordinates":[[5.0080,48.6715],[5.0056,48.6719],[5.0044,48.6705],[4.9931,48.6707],[4.9901,48.6686]]}},{"type":"Feature","properties":{"name":"L\u0027Ornel"},"geometry":{"type":"LineString","coordinates":[[4.9893,48.6684],[4.9815,48.6649],[4.9772,48.6586],[4.9661,48.6535],[4.9636,48.6483],[4.9612,48.6484]]}},{"type":"Feature","properties":{"name":"L\u0027Ornel"},"geometry":{"type":"LineString","coordinates":[[4.9894,48.6684],[4.9893,48.6684]]}},{"type":"Feature","properties":{"name":"L\u0027Ornel"},"geometry":{"type":"LineString","coordinates":[[4.9564,48.6445],[4.9556,48.6438]]}},{"type":"Feature","properties":{"name":"L\u0027Ornel"},"geometry":{"type":"LineString","coordinates":[[4.9569,48.6450],[4.9564,48.6445]]}},{"type":"Feature","properties":{"name":"L\u0027Ornel"},"geometry":{"type":"LineString","coordinates":[[4.9594,48.6478],[4.9583,48.6471]]}},{"type":"Feature","properties":{"name":"L\u0027Ornel"},"geometry":{"type":"LineString","coordinates":[[4.9542,48.6336],[4.9541,48.6330]]}},{"type":"Feature","properties":{"name":"L\u0027Ornel"},"geometry":{"type":"LineString","coordinates":[[4.9581,48.6467],[4.9569,48.6450]]}},{"type":"Feature","properties":{"name":"L\u0027Ornel"},"geometry":{"type":"LineString","coordinates":[[5.0081,48.6714],[5.0080,48.6715]]}},{"type":"Feature","properties":{"name":"L\u0027Ornel"},"geometry":{"type":"LineString","coordinates":[[5.0207,48.6722],[5.0152,48.6730],[5.0081,48.6714]]}},{"type":"Feature","properties":{"name":"L\u0027Ornel"},"geometry":{"type":"LineString","coordinates":[[4.9583,48.6471],[4.9581,48.6467]]}},{"type":"Feature","properties":{"name":"L\u0027Ornel"},"geometry":{"type":"LineString","coordinates":[[4.9556,48.6438],[4.9555,48.6437]]}},{"type":"Feature","properties":{"name":"L\u0027Ornel"},"geometry":{"type":"LineString","coordinates":[[4.9555,48.6437],[4.9542,48.6428]]}},{"type":"Feature","properties":{"name":"L\u0027Ornel"},"geometry":{"type":"LineString","coordinates":[[4.9542,48.6428],[4.9542,48.6427]]}},{"type":"Feature","properties":{"name":"L\u0027Ornel"},"geometry":{"type":"LineString","coordinates":[[4.9542,48.6427],[4.9532,48.6402]]}},{"type":"Feature","properties":{"name":"L\u0027Ornel"},"geometry":{"type":"LineString","coordinates":[[4.9544,48.6346],[4.9542,48.6336]]}},{"type":"Feature","properties":{"name":"L\u0027Ornel"},"geometry":{"type":"LineString","coordinates":[[4.9608,48.6482],[4.9594,48.6478]]}},{"type":"Feature","properties":{"name":"L\u0027Ornel"},"geometry":{"type":"LineString","coordinates":[[4.9612,48.6484],[4.9608,48.6482]]}},{"type":"Feature","properties":{"name":"L\u0027Ornel"},"geometry":{"type":"LineString","coordinates":[[4.9898,48.6685],[4.9894,48.6684]]}},{"type":"Feature","properties":{"name":"L\u0027Ornel"},"geometry":{"type":"LineString","coordinates":[[4.9901,48.6686],[4.9898,48.6685]]}},{"type":"Feature","properties":{"name":"L\u0027Aubetin"},"geometry":{"type":"LineString","coordinates":[[3.4404,48.6637],[3.4321,48.6657],[3.4316,48.6674],[3.4294,48.6685],[3.4248,48.6677],[3.4181,48.6697],[3.4163,48.6681],[3.4114,48.6683],[3.4080,48.6656],[3.4037,48.6668],[3.3991,48.6649],[3.3958,48.6657],[3.3947,48.6641],[3.3909,48.6621],[3.3875,48.6621],[3.3851,48.6642],[3.3782,48.6624],[3.3745,48.6646],[3.3699,48.6641],[3.3651,48.6657],[3.3611,48.6681],[3.3588,48.6716],[3.3514,48.6711],[3.3439,48.6753],[3.3427,48.6768],[3.3402,48.6773]]}},{"type":"Feature","properties":{"name":"La Soude"},"geometry":{"type":"LineString","coordinates":[[4.2055,48.8352],[4.2008,48.8409],[4.1999,48.8497],[4.1887,48.8531],[4.1833,48.8577],[4.1764,48.8604]]}},{"type":"Feature","properties":{"name":"La Soude"},"geometry":{"type":"LineString","coordinates":[[4.2456,48.8230],[4.2454,48.8230]]}},{"type":"Feature","properties":{"name":"La Soude"},"geometry":{"type":"LineString","coordinates":[[4.2454,48.8230],[4.2406,48.8226],[4.2375,48.8240],[4.2337,48.8228],[4.2256,48.8255],[4.2194,48.8265],[4.2158,48.8285],[4.2142,48.8319],[4.2079,48.8329],[4.2056,48.8352]]}},{"type":"Feature","properties":{"name":"La Soude"},"geometry":{"type":"LineString","coordinates":[[4.2056,48.8352],[4.2055,48.8352]]}},{"type":"Feature","properties":{"name":"La Soude"},"geometry":{"type":"LineString","coordinates":[[4.1762,48.8605],[4.1660,48.8636]]}},{"type":"Feature","properties":{"name":"La Soude"},"geometry":{"type":"LineString","coordinates":[[4.1764,48.8604],[4.1762,48.8605]]}},{"type":"Feature","properties":{"name":"L\u0027Ante"},"geometry":{"type":"LineString","coordinates":[[4.9106,49.0389],[4.9108,49.0417],[4.9062,49.0418],[4.9057,49.0435],[4.9133,49.0455],[4.9143,49.0471],[4.9090,49.0484],[4.9078,49.0503],[4.9100,49.0522],[4.9150,49.0537],[4.9172,49.0533],[4.9180,49.0544]]}},{"type":"Feature","properties":{"name":"Canal des Moulins de Sauvage"},"geometry":{"type":"LineString","coordinates":[[3.8390,48.5225],[3.8255,48.5228],[3.8221,48.5253],[3.8141,48.5265],[3.8086,48.5297],[3.8078,48.5288],[3.8057,48.5302],[3.8051,48.5293],[3.8045,48.5304],[3.8035,48.5296],[3.8026,48.5306],[3.8015,48.5300],[3.7954,48.5310],[3.7929,48.5333],[3.7905,48.5328],[3.7858,48.5350],[3.7760,48.5370],[3.7751,48.5382],[3.7721,48.5378],[3.7709,48.5390],[3.7697,48.5385],[3.7700,48.5410],[3.7606,48.5442],[3.7577,48.5462],[3.7564,48.5483],[3.7542,48.5480],[3.7523,48.5495],[3.7477,48.5483],[3.7465,48.5496],[3.7423,48.5503],[3.7385,48.5521],[3.7357,48.5518],[3.7340,48.5530],[3.7333,48.5517],[3.7302,48.5529]]}},{"type":"Feature","properties":{"name":"La Saulx"},"geometry":{"type":"LineString","coordinates":[[4.9608,48.7948],[4.9570,48.7947],[4.9564,48.7937],[4.9421,48.7908],[4.9387,48.7921],[4.9387,48.7910],[4.9357,48.7905]]}},{"type":"Feature","properties":{"name":"La Saulx"},"geometry":{"type":"LineString","coordinates":[[5.0250,48.7657],[5.0249,48.7677],[5.0206,48.7676],[5.0221,48.7699],[5.0204,48.7714],[5.0206,48.7724],[5.0180,48.7741],[5.0180,48.7763]]}},{"type":"Feature","properties":{"name":"La Saulx"},"geometry":{"type":"LineString","coordinates":[[5.0180,48.7763],[5.0132,48.7769],[5.0152,48.7787],[5.0133,48.7789],[5.0131,48.7798],[5.0148,48.7807],[5.0114,48.7808],[5.0107,48.7823],[5.0036,48.7858],[4.9992,48.7851],[4.9972,48.7884],[4.9929,48.7874],[4.9922,48.7884],[4.9891,48.7883],[4.9889,48.7893],[4.9873,48.7888],[4.9877,48.7903],[4.9845,48.7897],[4.9837,48.7926],[4.9810,48.7941],[4.9785,48.7974],[4.9697,48.7957],[4.9633,48.7962],[4.9608,48.7948]]}},{"type":"Feature","properties":{"name":"La Saulx"},"geometry":{"type":"LineString","coordinates":[[4.8404,48.7710],[4.8369,48.7752],[4.8337,48.7760]]}},{"type":"Feature","properties":{"name":"La Saulx"},"geometry":{"type":"LineString","coordinates":[[5.0082,48.7836],[5.0064,48.7830],[5.0056,48.7843]]}},{"type":"Feature","properties":{"name":"La Saulx"},"geometry":{"type":"LineString","coordinates":[[5.0690,48.7080],[5.0677,48.7100],[5.0629,48.7111]]}},{"type":"Feature","properties":{"name":"La Saulx"},"geometry":{"type":"LineString","coordinates":[[5.0629,48.7111],[5.0600,48.7115],[5.0551,48.7100],[5.0534,48.7135],[5.0542,48.7141]]}},{"type":"Feature","properties":{"name":"La Saulx"},"geometry":{"type":"LineString","coordinates":[[5.0542,48.7141],[5.0560,48.7162],[5.0543,48.7179]]}},{"type":"Feature","properties":{"name":"La Saulx"},"geometry":{"type":"LineString","coordinates":[[5.0543,48.7179],[5.0450,48.7167],[5.0433,48.7187],[5.0435,48.7212],[5.0478,48.7240],[5.0471,48.7251],[5.0418,48.7288],[5.0365,48.7288],[5.0341,48.7278],[5.0309,48.7303],[5.0330,48.7314],[5.0331,48.7327],[5.0377,48.7352],[5.0393,48.7351],[5.0415,48.7406],[5.0427,48.7408]]}},{"type":"Feature","properties":{"name":"La Saulx"},"geometry":{"type":"LineString","coordinates":[[5.0231,48.7487],[5.0244,48.7511],[5.0224,48.7507],[5.0211,48.7522],[5.0217,48.7539],[5.0243,48.7553],[5.0235,48.7567],[5.0243,48.7597],[5.0227,48.7601],[5.0219,48.7616],[5.0230,48.7632],[5.0248,48.7634],[5.0250,48.7657]]}},{"type":"Feature","properties":{"name":"La Saulx"},"geometry":{"type":"LineString","coordinates":[[5.0322,48.7473],[5.0283,48.7479]]}},{"type":"Feature","properties":{"name":"La Saulx"},"geometry":{"type":"LineString","coordinates":[[5.0283,48.7479],[5.0264,48.7479],[5.0267,48.7469],[5.0259,48.7466],[5.0250,48.7491],[5.0231,48.7487]]}},{"type":"Feature","properties":{"name":"La Saulx"},"geometry":{"type":"LineString","coordinates":[[5.0427,48.7408],[5.0435,48.7423],[5.0429,48.7444],[5.0464,48.7460],[5.0413,48.7492],[5.0394,48.7483],[5.0360,48.7487]]}},{"type":"Feature","properties":{"name":"La Saulx"},"geometry":{"type":"LineString","coordinates":[[4.9357,48.7905],[4.9339,48.7903],[4.9339,48.7911],[4.9316,48.7906],[4.9309,48.7915],[4.9274,48.7903],[4.9266,48.7923],[4.9244,48.7926],[4.9222,48.7901],[4.9111,48.7860],[4.9075,48.7877],[4.8991,48.7870],[4.8934,48.7878],[4.8762,48.7825],[4.8758,48.7835],[4.8726,48.7827],[4.8682,48.7790],[4.8624,48.7788],[4.8568,48.7761],[4.8544,48.7768],[4.8512,48.7761],[4.8411,48.7711],[4.8262,48.7697],[4.8216,48.7701],[4.8181,48.7673],[4.8121,48.7680],[4.8066,48.7661],[4.8040,48.7686],[4.8000,48.7695],[4.8002,48.7683],[4.7978,48.7680],[4.7862,48.7697],[4.7803,48.7689],[4.7791,48.7680],[4.7763,48.7694],[4.7754,48.7717],[4.7728,48.7705],[4.7722,48.7719],[4.7706,48.7720],[4.7708,48.7706],[4.7697,48.7704],[4.7676,48.7720],[4.7666,48.7709],[4.7677,48.7698],[4.7656,48.7684],[4.7638,48.7697],[4.7607,48.7675],[4.7544,48.7679],[4.7518,48.7668],[4.7499,48.7674],[4.7494,48.7656],[4.7478,48.7651],[4.7453,48.7672],[4.7438,48.7668],[4.7431,48.7642],[4.7406,48.7640],[4.7399,48.7653],[4.7385,48.7647],[4.7395,48.7639],[4.7389,48.7633],[4.7358,48.7642],[4.7314,48.7638],[4.7310,48.7626],[4.7292,48.7623],[4.7251,48.7631],[4.7212,48.7617],[4.7196,48.7596],[4.7137,48.7620],[4.7101,48.7622],[4.7091,48.7595],[4.7034,48.7593],[4.7035,48.7583],[4.7008,48.7581],[4.7009,48.7573],[4.6953,48.7558],[4.6940,48.7567],[4.6934,48.7557],[4.6919,48.7557],[4.6921,48.7543],[4.6914,48.7539],[4.6885,48.7555],[4.6858,48.7556],[4.6848,48.7544],[4.6830,48.7545],[4.6817,48.7515],[4.6778,48.7526],[4.6731,48.7517],[4.6679,48.7497],[4.6680,48.7484],[4.6628,48.7497],[4.6576,48.7494],[4.6567,48.7512],[4.6552,48.7505],[4.6549,48.7516],[4.6518,48.7517],[4.6507,48.7507],[4.6464,48.7519],[4.6427,48.7500],[4.6314,48.7499],[4.6303,48.7488],[4.6303,48.7474],[4.6211,48.7439],[4.6133,48.7430],[4.6097,48.7438],[4.6095,48.7418],[4.6081,48.7413],[4.6034,48.7424],[4.5988,48.7413],[4.5939,48.7425],[4.5827,48.7425],[4.5813,48.7434]]}},{"type":"Feature","properties":{"name":"La Saulx"},"geometry":{"type":"LineString","coordinates":[[5.0328,48.7478],[5.0306,48.7478]]}},{"type":"Feature","properties":{"name":"La Saulx"},"geometry":{"type":"LineString","coordinates":[[5.0323,48.7474],[5.0322,48.7473]]}},{"type":"Feature","properties":{"name":"La Saulx"},"geometry":{"type":"LineString","coordinates":[[5.0360,48.7487],[5.0323,48.7474]]}},{"type":"Feature","properties":{"name":"La Saulx"},"geometry":{"type":"LineString","coordinates":[[5.0214,48.7535],[5.0225,48.7540]]}},{"type":"Feature","properties":{"name":"Rivière Noire"},"geometry":{"type":"LineString","coordinates":[[4.1075,48.9944],[4.1332,49.0025]]}},{"type":"Feature","properties":{"name":"Rivière Noire"},"geometry":{"type":"LineString","coordinates":[[4.1396,49.0047],[4.1397,49.0047]]}},{"type":"Feature","properties":{"name":"Rivière Noire"},"geometry":{"type":"LineString","coordinates":[[4.1332,49.0025],[4.1333,49.0025]]}},{"type":"Feature","properties":{"name":"Rivière Noire"},"geometry":{"type":"LineString","coordinates":[[4.1333,49.0025],[4.1396,49.0047]]}},{"type":"Feature","properties":{"name":"Rivière Noire"},"geometry":{"type":"LineString","coordinates":[[4.1397,49.0047],[4.1461,49.0070],[4.1494,49.0103],[4.1560,49.0122],[4.1594,49.0170],[4.1600,49.0204],[4.1565,49.0246],[4.1561,49.0269],[4.1469,49.0262]]}},{"type":"Feature","properties":{"name":"Ru de Saint-Agnan"},"geometry":{"type":"LineString","coordinates":[[3.6325,49.0238],[3.6224,49.0221],[3.6177,49.0222],[3.6069,49.0195],[3.5985,49.0195],[3.5890,49.0164]]}},{"type":"Feature","properties":{"name":"Ru de Saint-Agnan"},"geometry":{"type":"LineString","coordinates":[[3.5888,49.0163],[3.5849,49.0138],[3.5838,49.0116],[3.5732,49.0078]]}},{"type":"Feature","properties":{"name":"Ru de Saint-Agnan"},"geometry":{"type":"LineString","coordinates":[[3.5890,49.0164],[3.5888,49.0163]]}},{"type":"Feature","properties":{"name":"La Bionne"},"geometry":{"type":"LineString","coordinates":[[4.7563,49.1116],[4.7676,49.1216],[4.7768,49.1253],[4.7762,49.1267],[4.7770,49.1275],[4.7796,49.1275],[4.7841,49.1312],[4.7931,49.1348],[4.8035,49.1353],[4.8075,49.1370],[4.8071,49.1383],[4.8086,49.1384],[4.8085,49.1396],[4.8179,49.1402],[4.8214,49.1431],[4.8249,49.1432],[4.8296,49.1452],[4.8345,49.1492],[4.8382,49.1489],[4.8402,49.1511],[4.8439,49.1522],[4.8439,49.1534],[4.8421,49.1544],[4.8428,49.1549],[4.8461,49.1545],[4.8546,49.1579],[4.8550,49.1605],[4.8637,49.1695]]}},{"type":"Feature","properties":{"name":"Le Petit Morin"},"geometry":{"type":"LineString","coordinates":[[3.5030,48.8713],[3.4904,48.8679]]}},{"type":"Feature","properties":{"name":"Le Petit Morin"},"geometry":{"type":"LineString","coordinates":[[3.4904,48.8679],[3.4874,48.8667],[3.4817,48.8664]]}},{"type":"Feature","properties":{"name":"Le Petit Morin"},"geometry":{"type":"LineString","coordinates":[[3.3974,48.8678],[3.3911,48.8708],[3.3876,48.8711],[3.3836,48.8711],[3.3759,48.8677],[3.3724,48.8697],[3.3712,48.8726],[3.3676,48.8742],[3.3581,48.8719]]}},{"type":"Feature","properties":{"name":"Le Petit Morin"},"geometry":{"type":"LineString","coordinates":[[3.3997,48.8663],[3.3974,48.8678]]}},{"type":"Feature","properties":{"name":"Le Petit Morin"},"geometry":{"type":"LineString","coordinates":[[3.4767,48.8676],[3.4750,48.8677],[3.4738,48.8662]]}},{"type":"Feature","properties":{"name":"Le Petit Morin"},"geometry":{"type":"LineString","coordinates":[[3.4738,48.8662],[3.4747,48.8642],[3.4732,48.8618],[3.4656,48.8628]]}},{"type":"Feature","properties":{"name":"Le Petit Morin"},"geometry":{"type":"LineString","coordinates":[[3.5091,48.8672],[3.5088,48.8678]]}},{"type":"Feature","properties":{"name":"Le Petit Morin"},"geometry":{"type":"LineString","coordinates":[[3.4656,48.8628],[3.4593,48.8632],[3.4571,48.8575],[3.4557,48.8563]]}},{"type":"Feature","properties":{"name":"Le Petit Morin"},"geometry":{"type":"LineString","coordinates":[[3.4772,48.8674],[3.4767,48.8676]]}},{"type":"Feature","properties":{"name":"Le Petit Morin"},"geometry":{"type":"LineString","coordinates":[[3.8198,48.8145],[3.8178,48.8130]]}},{"type":"Feature","properties":{"name":"Le Petit Morin"},"geometry":{"type":"LineString","coordinates":[[3.8201,48.8145],[3.8198,48.8145]]}},{"type":"Feature","properties":{"name":"Le Petit Morin"},"geometry":{"type":"LineString","coordinates":[[3.8899,48.8168],[3.8769,48.8174]]}},{"type":"Feature","properties":{"name":"Le Petit Morin"},"geometry":{"type":"LineString","coordinates":[[3.8329,48.8168],[3.8201,48.8145]]}},{"type":"Feature","properties":{"name":"Le Petit Morin"},"geometry":{"type":"LineString","coordinates":[[3.9274,48.8152],[3.8978,48.8165]]}},{"type":"Feature","properties":{"name":"Le Petit Morin"},"geometry":{"type":"LineString","coordinates":[[3.8978,48.8165],[3.8899,48.8168]]}},{"type":"Feature","properties":{"name":"Le Petit Morin"},"geometry":{"type":"LineString","coordinates":[[3.8735,48.8175],[3.8495,48.8181]]}},{"type":"Feature","properties":{"name":"Le Petit Morin"},"geometry":{"type":"LineString","coordinates":[[3.9276,48.8152],[3.9274,48.8152]]}},{"type":"Feature","properties":{"name":"Le Petit Morin"},"geometry":{"type":"LineString","coordinates":[[3.5945,48.8434],[3.5894,48.8425],[3.5865,48.8439],[3.5809,48.8442],[3.5813,48.8454],[3.5801,48.8479],[3.5735,48.8497],[3.5713,48.8534],[3.5614,48.8529],[3.5546,48.8537],[3.5530,48.8547],[3.5543,48.8605],[3.5528,48.8611]]}},{"type":"Feature","properties":{"name":"Le Petit Morin"},"geometry":{"type":"LineString","coordinates":[[3.8423,48.8184],[3.8329,48.8168]]}},{"type":"Feature","properties":{"name":"Le Petit Morin"},"geometry":{"type":"LineString","coordinates":[[3.8178,48.8130],[3.7967,48.8176]]}},{"type":"Feature","properties":{"name":"Le Petit Morin"},"geometry":{"type":"LineString","coordinates":[[3.7967,48.8176],[3.7720,48.8213]]}},{"type":"Feature","properties":{"name":"Le Petit Morin"},"geometry":{"type":"LineString","coordinates":[[3.7262,48.8351],[3.7247,48.8358]]}},{"type":"Feature","properties":{"name":"Le Petit Morin"},"geometry":{"type":"LineString","coordinates":[[3.4494,48.8582],[3.4458,48.8605],[3.4438,48.8607],[3.4329,48.8596],[3.4329,48.8604],[3.4260,48.8635],[3.4242,48.8674],[3.4209,48.8674],[3.4184,48.8654]]}},{"type":"Feature","properties":{"name":"Le Petit Morin"},"geometry":{"type":"LineString","coordinates":[[3.4557,48.8563],[3.4523,48.8567],[3.4494,48.8582]]}},{"type":"Feature","properties":{"name":"Le Petit Morin"},"geometry":{"type":"LineString","coordinates":[[3.7225,48.8364],[3.7135,48.8374],[3.7049,48.8407],[3.6985,48.8411],[3.6916,48.8509],[3.6826,48.8508],[3.6782,48.8521],[3.6714,48.8502],[3.6688,48.8480],[3.6649,48.8475],[3.6629,48.8492],[3.6576,48.8507],[3.6546,48.8496],[3.6392,48.8481],[3.6338,48.8491],[3.6298,48.8483],[3.6278,48.8492],[3.6239,48.8490],[3.6159,48.8473],[3.6150,48.8462],[3.6042,48.8455]]}},{"type":"Feature","properties":{"name":"Le Petit Morin"},"geometry":{"type":"LineString","coordinates":[[3.7720,48.8213],[3.7534,48.8242],[3.7427,48.8296],[3.7329,48.8300],[3.7285,48.8326],[3.7262,48.8351]]}},{"type":"Feature","properties":{"name":"Le Petit Morin"},"geometry":{"type":"LineString","coordinates":[[3.9426,48.8106],[3.9362,48.8134]]}},{"type":"Feature","properties":{"name":"Le Petit Morin"},"geometry":{"type":"LineString","coordinates":[[3.8495,48.8181],[3.8423,48.8184]]}},{"type":"Feature","properties":{"name":"Le Petit Morin"},"geometry":{"type":"LineString","coordinates":[[3.4817,48.8664],[3.4772,48.8674]]}},{"type":"Feature","properties":{"name":"Le Petit Morin"},"geometry":{"type":"LineString","coordinates":[[3.9362,48.8134],[3.9276,48.8152]]}},{"type":"Feature","properties":{"name":"Le Petit Morin"},"geometry":{"type":"LineString","coordinates":[[3.9557,48.8111],[3.9426,48.8106]]}},{"type":"Feature","properties":{"name":"Le Petit Morin"},"geometry":{"type":"LineString","coordinates":[[3.7247,48.8358],[3.7225,48.8364]]}},{"type":"Feature","properties":{"name":"Le Petit Morin"},"geometry":{"type":"LineString","coordinates":[[3.8769,48.8174],[3.8735,48.8175]]}},{"type":"Feature","properties":{"name":"Le Petit Morin"},"geometry":{"type":"LineString","coordinates":[[3.5277,48.8632],[3.5269,48.8660],[3.5238,48.8682],[3.5174,48.8661],[3.5091,48.8672]]}},{"type":"Feature","properties":{"name":"Le Petit Morin"},"geometry":{"type":"LineString","coordinates":[[3.6040,48.8456],[3.6016,48.8457],[3.6004,48.8440],[3.5978,48.8432],[3.5945,48.8434]]}},{"type":"Feature","properties":{"name":"Le Petit Morin"},"geometry":{"type":"LineString","coordinates":[[3.6042,48.8455],[3.6040,48.8456]]}},{"type":"Feature","properties":{"name":"Le Petit Morin"},"geometry":{"type":"LineString","coordinates":[[3.5088,48.8678],[3.5039,48.8684],[3.5034,48.8690],[3.5044,48.8694],[3.5030,48.8713]]}},{"type":"Feature","properties":{"name":"Le Petit Morin"},"geometry":{"type":"LineString","coordinates":[[3.5491,48.8630],[3.5440,48.8645],[3.5401,48.8644],[3.5387,48.8633],[3.5326,48.8618],[3.5277,48.8632]]}},{"type":"Feature","properties":{"name":"Le Petit Morin"},"geometry":{"type":"LineString","coordinates":[[3.4182,48.8653],[3.4156,48.8658],[3.4135,48.8640],[3.4107,48.8645],[3.4082,48.8632],[3.3997,48.8663]]}},{"type":"Feature","properties":{"name":"Le Petit Morin"},"geometry":{"type":"LineString","coordinates":[[3.4184,48.8654],[3.4182,48.8653]]}},{"type":"Feature","properties":{"name":"Le Petit Morin"},"geometry":{"type":"LineString","coordinates":[[3.5526,48.8612],[3.5491,48.8630]]}},{"type":"Feature","properties":{"name":"Le Petit Morin"},"geometry":{"type":"LineString","coordinates":[[3.5528,48.8611],[3.5526,48.8612]]}},{"type":"Feature","properties":{"name":"Le Meldançon"},"geometry":{"type":"LineString","coordinates":[[4.3820,48.5032],[4.3776,48.5028],[4.3741,48.5011],[4.3728,48.5015],[4.3729,48.5024],[4.3688,48.5009],[4.3680,48.5019],[4.3670,48.5014]]}},{"type":"Feature","properties":{"name":"Le Meldançon"},"geometry":{"type":"LineString","coordinates":[[4.3822,48.5032],[4.3820,48.5032]]}},{"type":"Feature","properties":{"name":"Le Meldançon"},"geometry":{"type":"LineString","coordinates":[[4.4990,48.5475],[4.4941,48.5413],[4.4946,48.5387],[4.4933,48.5356],[4.4906,48.5338],[4.4884,48.5332],[4.4872,48.5339],[4.4846,48.5327],[4.4843,48.5315],[4.4776,48.5295],[4.4739,48.5272],[4.4740,48.5251],[4.4701,48.5236],[4.4701,48.5221],[4.4663,48.5186],[4.4646,48.5183],[4.4649,48.5172],[4.4515,48.5152],[4.4503,48.5162],[4.4477,48.5161],[4.4437,48.5143],[4.4412,48.5147],[4.4339,48.5129],[4.4334,48.5120],[4.4303,48.5115],[4.4300,48.5104],[4.4288,48.5100],[4.4187,48.5097],[4.4177,48.5109],[4.4144,48.5106],[4.4098,48.5119],[4.4046,48.5088],[4.3995,48.5084],[4.3987,48.5066],[4.3962,48.5053],[4.3918,48.5057],[4.3923,48.5048],[4.3902,48.5042],[4.3867,48.5044],[4.3822,48.5032]]}},{"type":"Feature","properties":{"name":"La Blaise"},"geometry":{"type":"LineString","coordinates":[[4.9247,48.3758],[4.9270,48.3779],[4.9271,48.3796],[4.9254,48.3802],[4.9231,48.3828],[4.9235,48.3835],[4.9221,48.3840],[4.9221,48.3878],[4.9197,48.3880],[4.9186,48.3896],[4.9188,48.3958],[4.9215,48.3966],[4.9206,48.3980],[4.9235,48.3995],[4.9227,48.4003],[4.9272,48.4034],[4.9264,48.4040],[4.9287,48.4048],[4.9291,48.4061],[4.9312,48.4064],[4.9340,48.4102],[4.9381,48.4121],[4.9403,48.4154],[4.9422,48.4157],[4.9415,48.4161],[4.9428,48.4184],[4.9424,48.4199],[4.9481,48.4219],[4.9497,48.4240],[4.9561,48.4279],[4.9558,48.4296],[4.9576,48.4296],[4.9569,48.4313],[4.9591,48.4345],[4.9568,48.4359],[4.9577,48.4365],[4.9544,48.4367],[4.9557,48.4382],[4.9531,48.4402],[4.9544,48.4450],[4.9538,48.4515],[4.9529,48.4523],[4.9575,48.4553],[4.9564,48.4584],[4.9602,48.4610],[4.9619,48.4638],[4.9609,48.4653],[4.9625,48.4653],[4.9621,48.4666],[4.9665,48.4699],[4.9683,48.4736],[4.9699,48.4744],[4.9696,48.4781],[4.9631,48.4810],[4.9650,48.4840],[4.9639,48.4848],[4.9644,48.4875],[4.9625,48.4923],[4.9537,48.4919],[4.9513,48.4936],[4.9488,48.4936],[4.9432,48.4976],[4.9366,48.5089],[4.9328,48.5101],[4.9308,48.5159],[4.9291,48.5168],[4.9267,48.5203],[4.9257,48.5228],[4.9260,48.5244],[4.9244,48.5268],[4.9260,48.5273],[4.9251,48.5314],[4.9210,48.5317],[4.9209,48.5327],[4.9153,48.5346],[4.9153,48.5360],[4.9173,48.5366],[4.9177,48.5383],[4.9162,48.5420],[4.9145,48.5424],[4.9140,48.5441],[4.9165,48.5483],[4.9160,48.5514],[4.9144,48.5516],[4.9141,48.5532],[4.9161,48.5554],[4.9136,48.5566],[4.9083,48.5646],[4.9051,48.5660],[4.9029,48.5654],[4.9017,48.5678],[4.9004,48.5676],[4.9001,48.5666],[4.8973,48.5682],[4.8973,48.5696],[4.8960,48.5699],[4.8972,48.5711],[4.8948,48.5728],[4.8930,48.5713],[4.8934,48.5740],[4.8921,48.5733],[4.8911,48.5739],[4.8926,48.5751],[4.8926,48.5764],[4.8906,48.5783],[4.8877,48.5793],[4.8865,48.5781],[4.8800,48.5808],[4.8786,48.5805],[4.8789,48.5816],[4.8754,48.5826],[4.8763,48.5829],[4.8760,48.5851],[4.8728,48.5865],[4.8679,48.5864],[4.8669,48.5874]]}},{"type":"Feature","properties":{"name":"La Blaise"},"geometry":{"type":"LineString","coordinates":[[4.8592,48.5916],[4.8579,48.5920]]}},{"type":"Feature","properties":{"name":"La Blaise"},"geometry":{"type":"LineString","coordinates":[[4.8579,48.5920],[4.8503,48.5913],[4.8482,48.5930],[4.8474,48.5921],[4.8456,48.5927],[4.8410,48.5913],[4.8408,48.5931],[4.8391,48.5927],[4.8393,48.5934],[4.8373,48.5940],[4.8367,48.5953],[4.8329,48.5936],[4.8288,48.5942],[4.8276,48.5953],[4.8285,48.5959],[4.8280,48.5969],[4.8254,48.5974],[4.8241,48.5990],[4.8199,48.5978],[4.8160,48.5991],[4.8156,48.5997],[4.8163,48.6002],[4.8151,48.6007],[4.8148,48.5997],[4.8120,48.5999],[4.8119,48.6006],[4.8095,48.6001],[4.8096,48.6010],[4.8083,48.6013],[4.8095,48.6021],[4.8064,48.6031],[4.8070,48.6037],[4.8058,48.6038],[4.8056,48.6066],[4.8030,48.6071],[4.8021,48.6102],[4.7998,48.6106],[4.7987,48.6098],[4.7978,48.6108],[4.7963,48.6098],[4.7927,48.6099],[4.7906,48.6103],[4.7904,48.6113],[4.7875,48.6111],[4.7863,48.6119],[4.7862,48.6112],[4.7843,48.6122],[4.7823,48.6163],[4.7785,48.6165],[4.7753,48.6188],[4.7640,48.6206],[4.7636,48.6190],[4.7625,48.6193],[4.7607,48.6178],[4.7621,48.6186],[4.7543,48.6191],[4.7539,48.6196],[4.7549,48.6202],[4.7519,48.6205],[4.7517,48.6197],[4.7512,48.6209],[4.7494,48.6200],[4.7460,48.6202],[4.7461,48.6209],[4.7448,48.6207],[4.7435,48.6223],[4.7425,48.6220],[4.7400,48.6235],[4.7393,48.6231],[4.7404,48.6224],[4.7397,48.6220],[4.7350,48.6229],[4.7245,48.6214]]}},{"type":"Feature","properties":{"name":"La Blaise"},"geometry":{"type":"LineString","coordinates":[[4.8669,48.5874],[4.8592,48.5916]]}},{"type":"Feature","properties":{"name":"La Blaise"},"geometry":{"type":"LineString","coordinates":[[4.6050,48.6637],[4.6044,48.6661],[4.6026,48.6664],[4.6030,48.6669],[4.6014,48.6690],[4.5955,48.6736]]}},{"type":"Feature","properties":{"name":"Rivière du Moulin"},"geometry":{"type":"LineString","coordinates":[[3.8502,48.5042],[3.8442,48.5044],[3.8415,48.5059],[3.8326,48.5069],[3.8287,48.5084],[3.8245,48.5121],[3.8129,48.5133],[3.8113,48.5127],[3.8003,48.5146],[3.7942,48.5176],[3.7919,48.5177],[3.7912,48.5196],[3.7887,48.5196],[3.7892,48.5213],[3.7864,48.5215],[3.7840,48.5232]]}},{"type":"Feature","properties":{"name":"Rivière du Moulin"},"geometry":{"type":"LineString","coordinates":[[3.5955,48.5152],[3.5952,48.5182],[3.5923,48.5186],[3.5908,48.5198]]}},{"type":"Feature","properties":{"name":"Rivière du Moulin"},"geometry":{"type":"LineString","coordinates":[[3.6109,48.5153],[3.6036,48.5165],[3.5955,48.5152]]}},{"type":"Feature","properties":{"name":"Rivière du Moulin"},"geometry":{"type":"LineString","coordinates":[[3.8876,48.5066],[3.8842,48.5077],[3.8811,48.5070],[3.8674,48.5083],[3.8604,48.5072],[3.8559,48.5076],[3.8517,48.5071],[3.8514,48.5051],[3.8502,48.5042]]}},{"type":"Feature","properties":{"name":"La Noblette"},"geometry":{"type":"LineString","coordinates":[[4.6000,49.0569],[4.5966,49.0569],[4.5943,49.0559],[4.5925,49.0563],[4.5906,49.0585],[4.5817,49.0586]]}},{"type":"Feature","properties":{"name":"La Noblette"},"geometry":{"type":"LineString","coordinates":[[4.4997,49.0492],[4.4986,49.0483],[4.4953,49.0480],[4.4944,49.0488],[4.4910,49.0470],[4.4861,49.0465],[4.4834,49.0472],[4.4841,49.0484],[4.4808,49.0503],[4.4786,49.0492],[4.4629,49.0518],[4.4598,49.0509],[4.4543,49.0535],[4.4487,49.0534],[4.4455,49.0556],[4.4394,49.0570],[4.4389,49.0620],[4.4347,49.0623]]}},{"type":"Feature","properties":{"name":"La Noblette"},"geometry":{"type":"LineString","coordinates":[[4.4345,49.0623],[4.4295,49.0613],[4.4249,49.0626],[4.4223,49.0622],[4.4208,49.0640],[4.4164,49.0641],[4.4157,49.0649],[4.4143,49.0639],[4.4117,49.0641],[4.4102,49.0647],[4.4111,49.0665],[4.4100,49.0689],[4.4068,49.0690],[4.4047,49.0710],[4.3993,49.0720],[4.3992,49.0729],[4.3960,49.0746],[4.3927,49.0744],[4.3902,49.0754],[4.3884,49.0741],[4.3857,49.0756],[4.3844,49.0753]]}},{"type":"Feature","properties":{"name":"La Noblette"},"geometry":{"type":"LineString","coordinates":[[4.4347,49.0623],[4.4345,49.0623]]}},{"type":"Feature","properties":{"name":"La Noblette"},"geometry":{"type":"LineString","coordinates":[[4.5817,49.0586],[4.5816,49.0586]]}},{"type":"Feature","properties":{"name":"La Noblette"},"geometry":{"type":"LineString","coordinates":[[4.5816,49.0586],[4.5763,49.0585],[4.5713,49.0603],[4.5680,49.0602],[4.5675,49.0592],[4.5661,49.0608],[4.5641,49.0603],[4.5602,49.0615],[4.5574,49.0614],[4.5568,49.0601],[4.5543,49.0606],[4.5522,49.0597],[4.5491,49.0610],[4.5382,49.0619],[4.5339,49.0613],[4.5301,49.0596],[4.5297,49.0583],[4.5243,49.0577],[4.5203,49.0553],[4.5163,49.0553],[4.5122,49.0540],[4.5111,49.0548],[4.5092,49.0541],[4.5086,49.0521],[4.5063,49.0527],[4.5013,49.0518],[4.5006,49.0509],[4.5018,49.0495],[4.4997,49.0492]]}},{"type":"Feature","properties":{"name":"La Noblette"},"geometry":{"type":"LineString","coordinates":[[4.4929,49.0481],[4.4915,49.0479]]}},{"type":"Feature","properties":{"name":"La Noblette"},"geometry":{"type":"LineString","coordinates":[[4.4948,49.0485],[4.4932,49.0481]]}},{"type":"Feature","properties":{"name":"La Buante"},"geometry":{"type":"LineString","coordinates":[[5.0726,49.2171],[5.0714,49.2176],[5.0710,49.2197],[5.0675,49.2199],[5.0650,49.2222],[5.0617,49.2227],[5.0604,49.2262],[5.0555,49.2265],[5.0552,49.2281],[5.0574,49.2293],[5.0581,49.2308],[5.0562,49.2319],[5.0530,49.2318],[5.0522,49.2361],[5.0502,49.2379],[5.0511,49.2383],[5.0485,49.2410],[5.0481,49.2435],[5.0452,49.2466],[5.0437,49.2468],[5.0406,49.2512],[5.0371,49.2531],[5.0374,49.2540],[5.0357,49.2544],[5.0354,49.2553],[5.0334,49.2551],[5.0339,49.2556],[5.0253,49.2596],[5.0234,49.2596],[5.0237,49.2585],[5.0224,49.2586],[5.0220,49.2603],[5.0131,49.2588]]}},{"type":"Feature","properties":{"name":"Le Dolloir"},"geometry":{"type":"LineString","coordinates":[[3.3898,48.9843],[3.3864,48.9834],[3.3845,48.9846],[3.3812,48.9833],[3.3808,48.9842],[3.3756,48.9843],[3.3736,48.9859],[3.3693,48.9857],[3.3674,48.9899],[3.3676,48.9919],[3.3688,48.9918],[3.3697,48.9929],[3.3685,48.9953],[3.3693,48.9964],[3.3671,48.9999]]}},{"type":"Feature","properties":{"name":"Le Dolloir"},"geometry":{"type":"LineString","coordinates":[[3.4080,48.9807],[3.4024,48.9826],[3.3982,48.9827],[3.3964,48.9817],[3.3898,48.9843]]}},{"type":"Feature","properties":{"name":"L\u0027Aire"},"geometry":{"type":"LineString","coordinates":[[4.9778,49.2771],[4.9739,49.2767],[4.9698,49.2789],[4.9624,49.2850],[4.9612,49.2869],[4.9609,49.2885],[4.9678,49.2949],[4.9682,49.2965],[4.9669,49.2992],[4.9701,49.3032],[4.9678,49.3054],[4.9632,49.3066],[4.9615,49.3097],[4.9630,49.3114],[4.9626,49.3131],[4.9608,49.3132],[4.9590,49.3180],[4.9556,49.3201],[4.9551,49.3225],[4.9519,49.3274],[4.9474,49.3286],[4.9440,49.3280],[4.9387,49.3302],[4.9342,49.3308],[4.9269,49.3301],[4.9262,49.3328],[4.9231,49.3330],[4.9207,49.3294],[4.9183,49.3305],[4.9181,49.3324],[4.9155,49.3342],[4.9149,49.3304],[4.9041,49.3336],[4.9006,49.3355],[4.8987,49.3378],[4.8984,49.3355],[4.8941,49.3350],[4.8926,49.3360],[4.8933,49.3376],[4.8912,49.3377],[4.8882,49.3419],[4.8859,49.3419],[4.8833,49.3434],[4.8816,49.3431],[4.8810,49.3410],[4.8708,49.3371],[4.8688,49.3353],[4.8677,49.3358],[4.8679,49.3374],[4.8635,49.3381],[4.8593,49.3374],[4.8579,49.3352],[4.8592,49.3351],[4.8597,49.3366],[4.8615,49.3366],[4.8606,49.3355],[4.8610,49.3342],[4.8583,49.3326],[4.8558,49.3332],[4.8573,49.3321],[4.8563,49.3312],[4.8553,49.3320],[4.8539,49.3313],[4.8510,49.3340],[4.8502,49.3334],[4.8509,49.3324],[4.8480,49.3315],[4.8449,49.3334],[4.8439,49.3325],[4.8415,49.3325],[4.8394,49.3293],[4.8405,49.3272],[4.8364,49.3267],[4.8359,49.3280],[4.8335,49.3262],[4.8323,49.3266],[4.8316,49.3228],[4.8297,49.3203],[4.8278,49.3202],[4.8305,49.3196],[4.8285,49.3170],[4.8263,49.3169],[4.8285,49.3119],[4.8283,49.3098],[4.8236,49.3093],[4.8216,49.3107],[4.8189,49.3085]]}},{"type":"Feature","properties":{"name":"L\u0027Aire"},"geometry":{"type":"LineString","coordinates":[[5.1539,49.0200],[5.1499,49.0206],[5.1486,49.0226],[5.1468,49.0224],[5.1470,49.0235],[5.1445,49.0227],[5.1429,49.0235],[5.1417,49.0228],[5.1400,49.0238],[5.1401,49.0248],[5.1378,49.0248],[5.1365,49.0260],[5.1372,49.0267],[5.1369,49.0297],[5.1379,49.0295],[5.1385,49.0322],[5.1423,49.0356],[5.1407,49.0394],[5.1384,49.0390],[5.1377,49.0397],[5.1374,49.0422],[5.1385,49.0431],[5.1397,49.0474],[5.1383,49.0489],[5.1329,49.0499],[5.1344,49.0505],[5.1318,49.0537],[5.1323,49.0569],[5.1281,49.0586],[5.1268,49.0604],[5.1249,49.0605],[5.1245,49.0639],[5.1220,49.0636],[5.1213,49.0650],[5.1226,49.0659],[5.1212,49.0654],[5.1198,49.0669],[5.1197,49.0683],[5.1205,49.0686],[5.1198,49.0702],[5.1218,49.0722],[5.1221,49.0746],[5.1189,49.0756],[5.1179,49.0775],[5.1195,49.0779],[5.1183,49.0802],[5.1197,49.0818],[5.1163,49.0817],[5.1139,49.0831],[5.1121,49.0852],[5.1128,49.0859],[5.1110,49.0870],[5.1105,49.0893],[5.1092,49.0891],[5.1098,49.0909],[5.1088,49.0913],[5.1077,49.0947],[5.1010,49.0992],[5.0996,49.1051],[5.0973,49.1061],[5.0986,49.1068],[5.0974,49.1083],[5.0985,49.1091],[5.0983,49.1104],[5.0970,49.1102],[5.0962,49.1131],[5.0941,49.1135],[5.0946,49.1147],[5.0912,49.1189],[5.0916,49.1196],[5.0888,49.1215],[5.0880,49.1206],[5.0869,49.1208],[5.0868,49.1218],[5.0797,49.1199],[5.0766,49.1217],[5.0772,49.1220],[5.0759,49.1238],[5.0766,49.1242],[5.0753,49.1251],[5.0772,49.1269],[5.0805,49.1261],[5.0835,49.1277],[5.0879,49.1273],[5.0884,49.1301],[5.0904,49.1309],[5.0882,49.1347],[5.0892,49.1359],[5.0888,49.1369],[5.0866,49.1373],[5.0865,49.1385],[5.0785,49.1424],[5.0642,49.1465],[5.0589,49.1497],[5.0592,49.1506],[5.0615,49.1510],[5.0589,49.1522],[5.0610,49.1572],[5.0592,49.1592],[5.0545,49.1597],[5.0503,49.1622],[5.0525,49.1644],[5.0512,49.1658],[5.0531,49.1689],[5.0507,49.1711],[5.0461,49.1717],[5.0461,49.1727],[5.0436,49.1749],[5.0450,49.1763],[5.0420,49.1785],[5.0391,49.1791],[5.0427,49.1814],[5.0406,49.1807],[5.0411,49.1825],[5.0372,49.1868],[5.0382,49.1901],[5.0408,49.1935],[5.0387,49.1952],[5.0367,49.1946],[5.0363,49.1973],[5.0333,49.1988],[5.0317,49.2008],[5.0343,49.2021],[5.0336,49.2030],[5.0355,49.2052],[5.0405,49.2063],[5.0404,49.2073],[5.0431,49.2091],[5.0429,49.2106],[5.0389,49.2147],[5.0385,49.2179],[5.0392,49.2189],[5.0381,49.2207],[5.0384,49.2219],[5.0365,49.2233],[5.0342,49.2272],[5.0341,49.2315],[5.0318,49.2317],[5.0307,49.2283],[5.0288,49.2264],[5.0265,49.2270],[5.0270,49.2284],[5.0245,49.2293],[5.0253,49.2282],[5.0246,49.2281],[5.0225,49.2300],[5.0256,49.2345],[5.0269,49.2350],[5.0262,49.2368],[5.0283,49.2390],[5.0275,49.2401],[5.0277,49.2421],[5.0297,49.2438],[5.0283,49.2437],[5.0164,49.2507],[5.0174,49.2518],[5.0159,49.2557],[5.0148,49.2566],[5.0133,49.2562],[5.0114,49.2580],[5.0131,49.2588],[5.0119,49.2598],[5.0053,49.2621],[4.9994,49.2607],[4.9998,49.2625],[4.9969,49.2632],[4.9958,49.2649],[4.9990,49.2664],[4.9965,49.2695],[4.9939,49.2704],[4.9924,49.2727],[4.9929,49.2743],[4.9913,49.2754],[4.9876,49.2761],[4.9869,49.2748],[4.9848,49.2747],[4.9778,49.2771]]}},{"type":"Feature","properties":{"name":"L\u0027Aire"},"geometry":{"type":"LineString","coordinates":[[4.8250,49.3210],[4.8193,49.3200],[4.8218,49.3174],[4.8190,49.3162],[4.8152,49.3169],[4.8132,49.3159],[4.8155,49.3141],[4.8112,49.3134],[4.8117,49.3130],[4.8104,49.3123],[4.8115,49.3112],[4.8098,49.3104]]}},{"type":"Feature","properties":{"name":"L\u0027Aire"},"geometry":{"type":"LineString","coordinates":[[5.0327,49.2001],[5.0402,49.2061]]}},{"type":"Feature","properties":{"name":"L\u0027Aire"},"geometry":{"type":"LineString","coordinates":[[5.0385,49.2179],[5.0344,49.2236],[5.0344,49.2266]]}},{"type":"Feature","properties":{"name":"L\u0027Aire"},"geometry":{"type":"LineString","coordinates":[[5.0581,49.1595],[5.0566,49.1588],[5.0560,49.1595]]}},{"type":"Feature","properties":{"name":"L\u0027Aire"},"geometry":{"type":"LineString","coordinates":[[4.8250,49.3210],[4.8250,49.3210]]}},{"type":"Feature","properties":{"name":"L\u0027Aire"},"geometry":{"type":"LineString","coordinates":[[4.8313,49.3246],[4.8275,49.3245],[4.8258,49.3230],[4.8264,49.3217],[4.8250,49.3210]]}},{"type":"Feature","properties":{"name":"Le Morembert"},"geometry":{"type":"LineString","coordinates":[[4.3468,48.4974],[4.3425,48.4960],[4.3395,48.4972],[4.3359,48.4971],[4.3340,48.4982],[4.3323,48.5009],[4.3297,48.5004],[4.3280,48.5018],[4.3260,48.5014],[4.3263,48.5028],[4.3248,48.5046],[4.3230,48.5050],[4.3178,48.5046],[4.3166,48.5023],[4.3120,48.5024],[4.3109,48.5033]]}},{"type":"Feature","properties":{"name":"Le Morembert"},"geometry":{"type":"LineString","coordinates":[[4.3670,48.5014],[4.3650,48.5003],[4.3605,48.5004],[4.3469,48.4974]]}},{"type":"Feature","properties":{"name":"Le Morembert"},"geometry":{"type":"LineString","coordinates":[[4.3469,48.4974],[4.3468,48.4974]]}},{"type":"Feature","properties":{"name":"L\u0027Agron"},"geometry":{"type":"LineString","coordinates":[[4.9320,49.3556],[4.9320,49.3554]]}},{"type":"Feature","properties":{"name":"L\u0027Agron"},"geometry":{"type":"LineString","coordinates":[[4.9320,49.3554],[4.9302,49.3540],[4.9301,49.3510],[4.9348,49.3479],[4.9349,49.3459],[4.9323,49.3427],[4.9284,49.3424],[4.9260,49.3405],[4.9257,49.3383],[4.9277,49.3376],[4.9266,49.3348],[4.9297,49.3330],[4.9262,49.3328]]}},{"type":"Feature","properties":{"name":"L\u0027Agron"},"geometry":{"type":"LineString","coordinates":[[4.9439,49.3916],[4.9404,49.3896],[4.9315,49.3871],[4.9299,49.3853],[4.9275,49.3872],[4.9263,49.3859],[4.9266,49.3841],[4.9221,49.3834],[4.9251,49.3815],[4.9230,49.3801],[4.9225,49.3779],[4.9258,49.3767],[4.9243,49.3747],[4.9252,49.3748],[4.9249,49.3735],[4.9263,49.3735],[4.9264,49.3709],[4.9282,49.3696],[4.9257,49.3684],[4.9265,49.3668],[4.9259,49.3665],[4.9341,49.3642],[4.9322,49.3614],[4.9335,49.3584],[4.9306,49.3568],[4.9320,49.3556]]}},{"type":"Feature","properties":{"name":"La Voire"},"geometry":{"type":"LineString","coordinates":[[4.7474,48.4901],[4.7429,48.4930],[4.7337,48.4941],[4.7273,48.4974],[4.7209,48.5018],[4.7191,48.5048],[4.7157,48.5043],[4.7105,48.5017],[4.7060,48.5012],[4.7044,48.4981],[4.7021,48.4967]]}},{"type":"Feature","properties":{"name":"La Voire"},"geometry":{"type":"LineString","coordinates":[[4.7021,48.4967],[4.7032,48.4944],[4.7020,48.4927],[4.7025,48.4908],[4.7056,48.4885],[4.7042,48.4836],[4.6963,48.4804],[4.6933,48.4802],[4.6866,48.4764],[4.6796,48.4739],[4.6780,48.4709],[4.6753,48.4712],[4.6732,48.4685],[4.6714,48.4692],[4.6694,48.4683],[4.6642,48.4700]]}},{"type":"Feature","properties":{"name":"La Voire"},"geometry":{"type":"LineString","coordinates":[[4.7698,48.4782],[4.7672,48.4777],[4.7588,48.4850],[4.7474,48.4901]]}},{"type":"Feature","properties":{"name":"Les Tarnauds"},"geometry":{"type":"LineString","coordinates":[[3.9910,49.0358],[3.9893,49.0363]]}},{"type":"Feature","properties":{"name":"Les Tarnauds"},"geometry":{"type":"LineString","coordinates":[[4.1906,49.0109],[4.1900,49.0119],[4.1797,49.0156],[4.1791,49.0169],[4.1799,49.0175],[4.1788,49.0177],[4.1781,49.0196],[4.1786,49.0209],[4.1751,49.0228],[4.1758,49.0243],[4.1695,49.0255],[4.1699,49.0261],[4.1685,49.0273],[4.1690,49.0289],[4.1677,49.0299],[4.1616,49.0300],[4.1600,49.0277],[4.1541,49.0296],[4.1488,49.0287],[4.1472,49.0280],[4.1477,49.0268],[4.1424,49.0237],[4.1359,49.0230],[4.1333,49.0202],[4.1075,49.0187],[4.1043,49.0178],[4.0990,49.0179],[4.0970,49.0190],[4.0920,49.0190],[4.0803,49.0212],[4.0663,49.0201],[4.0595,49.0227]]}},{"type":"Feature","properties":{"name":"Les Tarnauds"},"geometry":{"type":"LineString","coordinates":[[4.0595,49.0227],[4.0523,49.0255],[4.0469,49.0251]]}},{"type":"Feature","properties":{"name":"Les Tarnauds"},"geometry":{"type":"LineString","coordinates":[[4.0448,49.0249],[4.0400,49.0248]]}},{"type":"Feature","properties":{"name":"Les Tarnauds"},"geometry":{"type":"LineString","coordinates":[[4.0400,49.0248],[4.0376,49.0244]]}},{"type":"Feature","properties":{"name":"Les Tarnauds"},"geometry":{"type":"LineString","coordinates":[[4.0374,49.0244],[4.0321,49.0253],[4.0295,49.0248]]}},{"type":"Feature","properties":{"name":"Les Tarnauds"},"geometry":{"type":"LineString","coordinates":[[4.0295,49.0248],[4.0282,49.0250]]}},{"type":"Feature","properties":{"name":"Les Tarnauds"},"geometry":{"type":"LineString","coordinates":[[4.0282,49.0250],[4.0217,49.0259]]}},{"type":"Feature","properties":{"name":"Les Tarnauds"},"geometry":{"type":"LineString","coordinates":[[4.0206,49.0261],[4.0146,49.0274]]}},{"type":"Feature","properties":{"name":"Les Tarnauds"},"geometry":{"type":"LineString","coordinates":[[4.0145,49.0275],[4.0138,49.0288]]}},{"type":"Feature","properties":{"name":"Les Tarnauds"},"geometry":{"type":"LineString","coordinates":[[4.0135,49.0292],[4.0126,49.0306],[4.0078,49.0325]]}},{"type":"Feature","properties":{"name":"Les Tarnauds"},"geometry":{"type":"LineString","coordinates":[[4.0078,49.0325],[3.9993,49.0333]]}},{"type":"Feature","properties":{"name":"Les Tarnauds"},"geometry":{"type":"LineString","coordinates":[[3.9993,49.0333],[3.9910,49.0358]]}},{"type":"Feature","properties":{"name":"Les Tarnauds"},"geometry":{"type":"LineString","coordinates":[[3.9892,49.0364],[3.9844,49.0381]]}},{"type":"Feature","properties":{"name":"Les Tarnauds"},"geometry":{"type":"LineString","coordinates":[[3.9893,49.0363],[3.9892,49.0364]]}},{"type":"Feature","properties":{"name":"Les Tarnauds"},"geometry":{"type":"LineString","coordinates":[[4.0138,49.0288],[4.0135,49.0292]]}},{"type":"Feature","properties":{"name":"Les Tarnauds"},"geometry":{"type":"LineString","coordinates":[[4.0146,49.0274],[4.0145,49.0275]]}},{"type":"Feature","properties":{"name":"Les Tarnauds"},"geometry":{"type":"LineString","coordinates":[[4.0217,49.0259],[4.0206,49.0261]]}},{"type":"Feature","properties":{"name":"Les Tarnauds"},"geometry":{"type":"LineString","coordinates":[[4.0376,49.0244],[4.0374,49.0244]]}},{"type":"Feature","properties":{"name":"Les Tarnauds"},"geometry":{"type":"LineString","coordinates":[[4.0449,49.0249],[4.0448,49.0249]]}},{"type":"Feature","properties":{"name":"Les Tarnauds"},"geometry":{"type":"LineString","coordinates":[[4.0469,49.0251],[4.0449,49.0249]]}},{"type":"Feature","properties":{"name":"Les Tarnauds"},"geometry":{"type":"LineString","coordinates":[[4.0652,49.0238],[4.0622,49.0248],[4.0571,49.0237]]}},{"type":"Feature","properties":{"name":"Le Resson"},"geometry":{"type":"LineString","coordinates":[[3.5039,48.5285],[3.5015,48.5287],[3.5003,48.5268],[3.4969,48.5260],[3.4959,48.5240],[3.4893,48.5231],[3.4877,48.5217],[3.4882,48.5208],[3.4845,48.5183],[3.4844,48.5170],[3.4804,48.5156],[3.4763,48.5126],[3.4776,48.5082],[3.4765,48.5037],[3.4695,48.5032],[3.4629,48.5047],[3.4602,48.5069],[3.4586,48.5069],[3.4573,48.5056],[3.4537,48.5054],[3.4531,48.5025],[3.4509,48.5016],[3.4504,48.5001],[3.4486,48.4990],[3.4473,48.4992],[3.4459,48.4976],[3.4433,48.4973],[3.4428,48.4964],[3.4398,48.4961],[3.4244,48.4906],[3.4212,48.4922],[3.4196,48.4898],[3.4161,48.4898],[3.4149,48.4877],[3.4134,48.4870],[3.4084,48.4880]]}},{"type":"Feature","properties":{"name":"Le Resson"},"geometry":{"type":"LineString","coordinates":[[3.4084,48.4880],[3.4045,48.4883],[3.4037,48.4859],[3.3990,48.4872],[3.3982,48.4859],[3.4007,48.4848],[3.3998,48.4835],[3.3937,48.4844],[3.3931,48.4832],[3.3939,48.4813],[3.3834,48.4799],[3.3844,48.4785],[3.3832,48.4787]]}},{"type":"Feature","properties":{"name":"La Noxe"},"geometry":{"type":"LineString","coordinates":[[3.5554,48.5315],[3.5524,48.5304],[3.5478,48.5255],[3.5423,48.5239],[3.5423,48.5221],[3.5399,48.5227],[3.5325,48.5203],[3.5298,48.5203]]}},{"type":"Feature","properties":{"name":"La Noxe"},"geometry":{"type":"LineString","coordinates":[[3.5754,48.5711],[3.5763,48.5681],[3.5730,48.5665],[3.5735,48.5635],[3.5727,48.5629],[3.5726,48.5594],[3.5701,48.5566],[3.5701,48.5552],[3.5673,48.5529],[3.5676,48.5519],[3.5714,48.5504],[3.5795,48.5504],[3.5833,48.5475],[3.5844,48.5454],[3.5831,48.5438],[3.5757,48.5416],[3.5554,48.5315]]}},{"type":"Feature","properties":{"name":"L\u0027Auzon"},"geometry":{"type":"LineString","coordinates":[[4.3788,48.4149],[4.3810,48.4183],[4.3799,48.4187],[4.3805,48.4196],[4.3792,48.4196],[4.3803,48.4207],[4.3775,48.4213],[4.3782,48.4224],[4.3769,48.4233],[4.3798,48.4266],[4.3783,48.4285],[4.3791,48.4302],[4.3778,48.4314],[4.3790,48.4320],[4.3762,48.4351],[4.3689,48.4375],[4.3681,48.4416],[4.3653,48.4441],[4.3637,48.4438],[4.3606,48.4475],[4.3538,48.4498],[4.3523,48.4518],[4.3501,48.4527],[4.3468,48.4590],[4.3477,48.4615],[4.3439,48.4629],[4.3441,48.4647],[4.3424,48.4682],[4.3435,48.4730],[4.3398,48.4748],[4.3387,48.4772],[4.3353,48.4801],[4.3352,48.4813],[4.3320,48.4825],[4.3317,48.4845],[4.3268,48.4875],[4.3264,48.4896],[4.3244,48.4909],[4.3243,48.4928],[4.3265,48.4930],[4.3263,48.4939],[4.3229,48.4957]]}},{"type":"Feature","properties":{"name":"L\u0027Aisne"},"geometry":{"type":"LineString","coordinates":[[3.4280,49.3726],[3.4213,49.3706],[3.4137,49.3703]]}},{"type":"Feature","properties":{"name":"L\u0027Aisne"},"geometry":{"type":"LineString","coordinates":[[3.4328,49.3743],[3.4280,49.3726]]}},{"type":"Feature","properties":{"name":"L\u0027Aisne"},"geometry":{"type":"LineString","coordinates":[[3.4585,49.3882],[3.4482,49.3861],[3.4415,49.3810]]}},{"type":"Feature","properties":{"name":"L\u0027Aisne"},"geometry":{"type":"LineString","coordinates":[[3.4792,49.3994],[3.4748,49.3985]]}},{"type":"Feature","properties":{"name":"L\u0027Aisne"},"geometry":{"type":"LineString","coordinates":[[3.4951,49.4088],[3.4860,49.4032]]}},{"type":"Feature","properties":{"name":"L\u0027Aisne"},"geometry":{"type":"LineString","coordinates":[[3.7426,49.3758],[3.7381,49.3768],[3.7321,49.3817],[3.7305,49.3853],[3.7246,49.3885]]}},{"type":"Feature","properties":{"name":"L\u0027Aisne"},"geometry":{"type":"LineString","coordinates":[[3.5784,49.4014],[3.5703,49.4026],[3.5679,49.4018]]}},{"type":"Feature","properties":{"name":"L\u0027Aisne"},"geometry":{"type":"LineString","coordinates":[[3.4603,49.3886],[3.4585,49.3882]]}},{"type":"Feature","properties":{"name":"L\u0027Aisne"},"geometry":{"type":"LineString","coordinates":[[3.7246,49.3885],[3.7211,49.3888],[3.7194,49.3861]]}},{"type":"Feature","properties":{"name":"L\u0027Aisne"},"geometry":{"type":"LineString","coordinates":[[3.7194,49.3861],[3.7174,49.3838]]}},{"type":"Feature","properties":{"name":"L\u0027Aisne"},"geometry":{"type":"LineString","coordinates":[[3.5679,49.4018],[3.5623,49.4002],[3.5534,49.4002],[3.5414,49.4028]]}},{"type":"Feature","properties":{"name":"L\u0027Aisne"},"geometry":{"type":"LineString","coordinates":[[3.5827,49.4016],[3.5784,49.4014]]}},{"type":"Feature","properties":{"name":"L\u0027Aisne"},"geometry":{"type":"LineString","coordinates":[[3.8629,49.4047],[3.8553,49.4011],[3.8505,49.4014],[3.8484,49.4031],[3.8462,49.4032],[3.8446,49.4019],[3.8466,49.4012],[3.8464,49.4006],[3.8408,49.4011],[3.8373,49.4027],[3.8328,49.4019],[3.8309,49.4029],[3.8237,49.4022],[3.8218,49.4029]]}},{"type":"Feature","properties":{"name":"L\u0027Aisne"},"geometry":{"type":"LineString","coordinates":[[3.8893,49.4007],[3.8847,49.4024],[3.8807,49.4054],[3.8736,49.4048],[3.8697,49.4067],[3.8629,49.4047]]}},{"type":"Feature","properties":{"name":"L\u0027Aisne"},"geometry":{"type":"LineString","coordinates":[[3.8218,49.4029],[3.8162,49.4042],[3.8119,49.4020],[3.8096,49.3987],[3.8058,49.3981]]}},{"type":"Feature","properties":{"name":"L\u0027Aisne"},"geometry":{"type":"LineString","coordinates":[[3.8023,49.3929],[3.8015,49.3913],[3.7987,49.3919]]}},{"type":"Feature","properties":{"name":"L\u0027Aisne"},"geometry":{"type":"LineString","coordinates":[[3.7633,49.3754],[3.7588,49.3746]]}},{"type":"Feature","properties":{"name":"L\u0027Aisne"},"geometry":{"type":"LineString","coordinates":[[3.7987,49.3919],[3.7949,49.3911],[3.7895,49.3870],[3.7912,49.3854],[3.7979,49.3859],[3.7992,49.3848],[3.7985,49.3839],[3.7822,49.3821]]}},{"type":"Feature","properties":{"name":"L\u0027Aisne"},"geometry":{"type":"LineString","coordinates":[[3.7588,49.3746],[3.7581,49.3745]]}},{"type":"Feature","properties":{"name":"L\u0027Aisne"},"geometry":{"type":"LineString","coordinates":[[3.7581,49.3745],[3.7555,49.3746],[3.7507,49.3771],[3.7433,49.3759]]}},{"type":"Feature","properties":{"name":"L\u0027Aisne"},"geometry":{"type":"LineString","coordinates":[[3.7433,49.3759],[3.7426,49.3758]]}},{"type":"Feature","properties":{"name":"L\u0027Aisne"},"geometry":{"type":"LineString","coordinates":[[3.6225,49.3984],[3.6151,49.3987],[3.6095,49.3959],[3.6061,49.3928]]}},{"type":"Feature","properties":{"name":"L\u0027Aisne"},"geometry":{"type":"LineString","coordinates":[[3.6061,49.3928],[3.6017,49.3922]]}},{"type":"Feature","properties":{"name":"L\u0027Aisne"},"geometry":{"type":"LineString","coordinates":[[4.1567,49.4960],[4.1557,49.4949],[4.1578,49.4930],[4.1570,49.4894],[4.1529,49.4898],[4.1452,49.4870],[4.1444,49.4862],[4.1457,49.4846],[4.1443,49.4838],[4.1413,49.4845],[4.1400,49.4864],[4.1377,49.4863],[4.1363,49.4853],[4.1357,49.4831],[4.1378,49.4817],[4.1375,49.4811],[4.1352,49.4822],[4.1328,49.4818],[4.1330,49.4837],[4.1303,49.4840],[4.1291,49.4851],[4.1240,49.4854],[4.1229,49.4849],[4.1233,49.4825],[4.1158,49.4760],[4.1149,49.4730],[4.1134,49.4718],[4.1102,49.4726],[4.1072,49.4752],[4.1050,49.4749],[4.1039,49.4730],[4.1021,49.4736],[4.1002,49.4726],[4.1000,49.4738],[4.0991,49.4739],[4.0987,49.4725],[4.1002,49.4708],[4.0997,49.4704],[4.0958,49.4719],[4.0949,49.4698],[4.0952,49.4606],[4.0942,49.4596],[4.0912,49.4593],[4.0907,49.4563],[4.0889,49.4569],[4.0877,49.4550],[4.0837,49.4540],[4.0859,49.4524],[4.0852,49.4511],[4.0862,49.4490],[4.0892,49.4472],[4.0862,49.4441],[4.0813,49.4429],[4.0726,49.4429],[4.0631,49.4453],[4.0603,49.4473],[4.0521,49.4439],[4.0508,49.4447],[4.0520,49.4465],[4.0494,49.4477],[4.0459,49.4444],[4.0443,49.4440],[4.0432,49.4417],[4.0402,49.4405],[4.0332,49.4350],[4.0309,49.4315],[4.0314,49.4291],[4.0305,49.4279],[4.0285,49.4277],[4.0274,49.4257],[4.0248,49.4252],[4.0234,49.4210],[4.0282,49.4174],[4.0306,49.4174],[4.0294,49.4166],[4.0251,49.4156],[4.0245,49.4143],[4.0223,49.4132],[4.0159,49.4130],[4.0083,49.4144],[4.0048,49.4172],[4.0036,49.4193],[3.9990,49.4190]]}},{"type":"Feature","properties":{"name":"L\u0027Aisne"},"geometry":{"type":"LineString","coordinates":[[3.9838,49.4225],[3.9774,49.4291],[3.9722,49.4304],[3.9710,49.4282],[3.9695,49.4289],[3.9695,49.4311]]}},{"type":"Feature","properties":{"name":"L\u0027Aisne"},"geometry":{"type":"LineString","coordinates":[[3.5162,49.4028],[3.5078,49.4070],[3.5002,49.4087],[3.4951,49.4088]]}},{"type":"Feature","properties":{"name":"L\u0027Aisne"},"geometry":{"type":"LineString","coordinates":[[3.5206,49.4010],[3.5162,49.4028]]}},{"type":"Feature","properties":{"name":"L\u0027Aisne"},"geometry":{"type":"LineString","coordinates":[[3.5352,49.4016],[3.5269,49.3996],[3.5206,49.4010]]}},{"type":"Feature","properties":{"name":"L\u0027Aisne"},"geometry":{"type":"LineString","coordinates":[[3.6017,49.3922],[3.5910,49.3930],[3.5890,49.3951],[3.5893,49.3979],[3.5847,49.3985],[3.5827,49.4016]]}},{"type":"Feature","properties":{"name":"L\u0027Aisne"},"geometry":{"type":"LineString","coordinates":[[3.6978,49.3853],[3.6923,49.3854],[3.6898,49.3872],[3.6843,49.3857],[3.6834,49.3840],[3.6802,49.3830],[3.6786,49.3845],[3.6783,49.3875],[3.6756,49.3900],[3.6724,49.3902],[3.6670,49.3925],[3.6642,49.3950],[3.6565,49.3938],[3.6461,49.3903],[3.6424,49.3910]]}},{"type":"Feature","properties":{"name":"L\u0027Aisne"},"geometry":{"type":"LineString","coordinates":[[3.7174,49.3838],[3.7153,49.3844],[3.7135,49.3836],[3.7126,49.3860],[3.7104,49.3847],[3.7080,49.3859],[3.7082,49.3872],[3.7122,49.3871],[3.7138,49.3882],[3.7115,49.3900],[3.7071,49.3892],[3.7021,49.3851],[3.6993,49.3869],[3.6978,49.3853]]}},{"type":"Feature","properties":{"name":"L\u0027Aisne"},"geometry":{"type":"LineString","coordinates":[[3.6424,49.3910],[3.6349,49.3980]]}},{"type":"Feature","properties":{"name":"L\u0027Aisne"},"geometry":{"type":"LineString","coordinates":[[3.6349,49.3980],[3.6334,49.3973],[3.6337,49.3953],[3.6330,49.3950],[3.6302,49.3969],[3.6225,49.3984]]}},{"type":"Feature","properties":{"name":"L\u0027Aisne"},"geometry":{"type":"LineString","coordinates":[[3.8058,49.3981],[3.8020,49.3955],[3.8023,49.3929]]}},{"type":"Feature","properties":{"name":"L\u0027Aisne"},"geometry":{"type":"LineString","coordinates":[[3.7822,49.3821],[3.7733,49.3827],[3.7698,49.3839],[3.7655,49.3834],[3.7638,49.3811],[3.7677,49.3801],[3.7688,49.3780],[3.7633,49.3754]]}},{"type":"Feature","properties":{"name":"L\u0027Aisne"},"geometry":{"type":"LineString","coordinates":[[4.8910,49.1000],[4.8892,49.1015],[4.8887,49.1057],[4.8898,49.1056],[4.8908,49.1068],[4.8895,49.1084],[4.8876,49.1079],[4.8851,49.1087],[4.8836,49.1072],[4.8804,49.1090],[4.8778,49.1082],[4.8788,49.1074],[4.8766,49.1058],[4.8762,49.1034],[4.8680,49.1019],[4.8682,49.1034],[4.8661,49.1042],[4.8653,49.1060],[4.8669,49.1081],[4.8709,49.1100],[4.8711,49.1130],[4.8669,49.1154],[4.8615,49.1158],[4.8559,49.1178],[4.8559,49.1187],[4.8536,49.1197],[4.8532,49.1224],[4.8546,49.1233],[4.8552,49.1258],[4.8566,49.1261],[4.8541,49.1281],[4.8537,49.1269],[4.8523,49.1279],[4.8490,49.1273],[4.8462,49.1282],[4.8470,49.1293],[4.8451,49.1306],[4.8489,49.1312],[4.8465,49.1318],[4.8487,49.1322],[4.8483,49.1336],[4.8606,49.1297],[4.8643,49.1308],[4.8641,49.1326],[4.8662,49.1331],[4.8652,49.1358],[4.8640,49.1363],[4.8646,49.1372],[4.8621,49.1381],[4.8650,49.1402],[4.8628,49.1438],[4.8666,49.1443],[4.8678,49.1457],[4.8672,49.1467],[4.8700,49.1473],[4.8682,49.1480],[4.8682,49.1501],[4.8697,49.1512],[4.8680,49.1514],[4.8696,49.1538],[4.8713,49.1538],[4.8715,49.1553],[4.8706,49.1556],[4.8725,49.1564],[4.8709,49.1572],[4.8727,49.1574],[4.8691,49.1592],[4.8694,49.1605],[4.8684,49.1612],[4.8661,49.1609],[4.8609,49.1624],[4.8626,49.1631],[4.8605,49.1658],[4.8643,49.1691],[4.8637,49.1695],[4.8651,49.1714],[4.8624,49.1728],[4.8640,49.1728],[4.8653,49.1740]]}},{"type":"Feature","properties":{"name":"L\u0027Aisne"},"geometry":{"type":"LineString","coordinates":[[3.9695,49.4311],[3.9645,49.4330],[3.9592,49.4328],[3.9541,49.4298],[3.9480,49.4243],[3.9419,49.4226],[3.9344,49.4185],[3.9306,49.4175],[3.9268,49.4179],[3.9232,49.4130],[3.9235,49.4118],[3.9254,49.4111],[3.9242,49.4094],[3.9249,49.4066],[3.9207,49.4045],[3.9131,49.4035],[3.9120,49.4047],[3.9093,49.4052],[3.9084,49.4043],[3.9099,49.4020],[3.8951,49.3999],[3.8893,49.4007]]}},{"type":"Feature","properties":{"name":"L\u0027Aisne"},"geometry":{"type":"LineString","coordinates":[[3.3816,49.3824],[3.3758,49.3839],[3.3695,49.3842],[3.3657,49.3864]]}},{"type":"Feature","properties":{"name":"L\u0027Aisne"},"geometry":{"type":"LineString","coordinates":[[3.4748,49.3985],[3.4725,49.3975],[3.4703,49.3945],[3.4677,49.3937]]}},{"type":"Feature","properties":{"name":"L\u0027Aisne"},"geometry":{"type":"LineString","coordinates":[[3.5414,49.4028],[3.5352,49.4016]]}},{"type":"Feature","properties":{"name":"L\u0027Aisne"},"geometry":{"type":"LineString","coordinates":[[3.4860,49.4032],[3.4808,49.4000]]}},{"type":"Feature","properties":{"name":"L\u0027Aisne"},"geometry":{"type":"LineString","coordinates":[[4.9252,49.0431],[4.9260,49.0442],[4.9271,49.0438],[4.9265,49.0450],[4.9271,49.0465],[4.9281,49.0463]]}},{"type":"Feature","properties":{"name":"L\u0027Aisne"},"geometry":{"type":"LineString","coordinates":[[4.8913,49.0923],[4.8879,49.0950],[4.8894,49.0954],[4.8882,49.0969],[4.8903,49.0967],[4.8910,49.1000]]}},{"type":"Feature","properties":{"name":"L\u0027Aisne"},"geometry":{"type":"LineString","coordinates":[[3.9990,49.4190],[3.9958,49.4175],[3.9838,49.4225]]}},{"type":"Feature","properties":{"name":"L\u0027Aisne"},"geometry":{"type":"LineString","coordinates":[[4.0373,49.4381],[4.0325,49.4340]]}},{"type":"Feature","properties":{"name":"L\u0027Aisne"},"geometry":{"type":"LineString","coordinates":[[4.7061,49.4147],[4.7085,49.4143],[4.7089,49.4156],[4.7071,49.4167],[4.7116,49.4166],[4.7130,49.4182],[4.7122,49.4192],[4.7079,49.4201],[4.7076,49.4188],[4.7055,49.4177],[4.7041,49.4180],[4.7032,49.4198],[4.7035,49.4238],[4.6986,49.4236],[4.6984,49.4245],[4.7004,49.4262],[4.6999,49.4266],[4.6964,49.4256],[4.6952,49.4263],[4.6969,49.4284],[4.6993,49.4281],[4.6973,49.4294],[4.6949,49.4290],[4.6931,49.4305],[4.6951,49.4313],[4.6936,49.4318],[4.6938,49.4328],[4.6962,49.4336],[4.6940,49.4365],[4.6930,49.4367],[4.6920,49.4354],[4.6881,49.4354],[4.6878,49.4366],[4.6893,49.4371],[4.6890,49.4379],[4.6908,49.4370],[4.6921,49.4386],[4.6886,49.4383],[4.6862,49.4399],[4.6804,49.4405],[4.6813,49.4418],[4.6798,49.4431],[4.6811,49.4438],[4.6822,49.4433],[4.6818,49.4447],[4.6832,49.4454],[4.6804,49.4460],[4.6813,49.4471],[4.6806,49.4477],[4.6810,49.4516],[4.6835,49.4526],[4.6808,49.4538],[4.6831,49.4547],[4.6779,49.4549],[4.6787,49.4532],[4.6780,49.4526],[4.6737,49.4542],[4.6732,49.4551],[4.6753,49.4556],[4.6754,49.4563],[4.6713,49.4561],[4.6709,49.4569],[4.6728,49.4572],[4.6726,49.4581],[4.6707,49.4580],[4.6703,49.4602],[4.6673,49.4605],[4.6685,49.4613],[4.6708,49.4604],[4.6722,49.4611],[4.6688,49.4625],[4.6707,49.4644],[4.6684,49.4639],[4.6677,49.4628],[4.6683,49.4650],[4.6667,49.4659],[4.6646,49.4654],[4.6633,49.4663],[4.6616,49.4648],[4.6597,49.4649],[4.6577,49.4666],[4.6586,49.4681],[4.6545,49.4688],[4.6539,49.4697],[4.6510,49.4695],[4.6511,49.4675],[4.6500,49.4672],[4.6495,49.4687],[4.6479,49.4690],[4.6509,49.4701],[4.6485,49.4711],[4.6490,49.4722]]}},{"type":"Feature","properties":{"name":"L\u0027Aisne"},"geometry":{"type":"LineString","coordinates":[[4.8551,49.1860],[4.8530,49.1864],[4.8546,49.1883],[4.8524,49.1878],[4.8498,49.1904],[4.8507,49.1911],[4.8493,49.1918],[4.8507,49.1939],[4.8491,49.1940],[4.8499,49.1955],[4.8474,49.1963],[4.8428,49.2011],[4.8407,49.2038],[4.8411,49.2058],[4.8394,49.2054],[4.8383,49.2084],[4.8366,49.2072],[4.8318,49.2100],[4.8319,49.2125],[4.8335,49.2120],[4.8343,49.2130],[4.8310,49.2143],[4.8306,49.2182],[4.8264,49.2211],[4.8277,49.2220],[4.8256,49.2230],[4.8262,49.2235],[4.8239,49.2263],[4.8256,49.2311],[4.8240,49.2320],[4.8260,49.2319],[4.8267,49.2332],[4.8300,49.2334],[4.8305,49.2344]]}},{"type":"Feature","properties":{"name":"L\u0027Aisne"},"geometry":{"type":"LineString","coordinates":[[4.8964,49.0873],[4.8927,49.0894],[4.8913,49.0923]]}},{"type":"Feature","properties":{"name":"L\u0027Aisne"},"geometry":{"type":"LineString","coordinates":[[4.8653,49.1740],[4.8656,49.1747],[4.8628,49.1740],[4.8638,49.1752],[4.8619,49.1762],[4.8640,49.1777]]}},{"type":"Feature","properties":{"name":"L\u0027Aisne"},"geometry":{"type":"LineString","coordinates":[[4.8348,49.2357],[4.8397,49.2348]]}},{"type":"Feature","properties":{"name":"L\u0027Aisne"},"geometry":{"type":"LineString","coordinates":[[4.8308,49.2349],[4.8323,49.2361],[4.8348,49.2357]]}},{"type":"Feature","properties":{"name":"L\u0027Aisne"},"geometry":{"type":"LineString","coordinates":[[4.8397,49.2348],[4.8411,49.2349],[4.8418,49.2341],[4.8428,49.2346],[4.8429,49.2357],[4.8420,49.2352],[4.8414,49.2359],[4.8425,49.2364],[4.8439,49.2400],[4.8403,49.2417],[4.8400,49.2430],[4.8378,49.2438],[4.8382,49.2445]]}},{"type":"Feature","properties":{"name":"L\u0027Aisne"},"geometry":{"type":"LineString","coordinates":[[4.8305,49.2344],[4.8308,49.2349]]}},{"type":"Feature","properties":{"name":"L\u0027Aisne"},"geometry":{"type":"LineString","coordinates":[[4.8382,49.2445],[4.8364,49.2477],[4.8387,49.2479],[4.8376,49.2501],[4.8462,49.2503],[4.8454,49.2510],[4.8478,49.2519],[4.8492,49.2535],[4.8489,49.2577]]}},{"type":"Feature","properties":{"name":"L\u0027Aisne"},"geometry":{"type":"LineString","coordinates":[[4.8489,49.2577],[4.8404,49.2588],[4.8410,49.2598],[4.8372,49.2604],[4.8350,49.2641],[4.8332,49.2646],[4.8348,49.2651],[4.8348,49.2660],[4.8379,49.2655],[4.8420,49.2678],[4.8446,49.2670],[4.8443,49.2679],[4.8469,49.2693],[4.8495,49.2690],[4.8491,49.2681],[4.8499,49.2674],[4.8524,49.2676],[4.8521,49.2687],[4.8564,49.2692],[4.8562,49.2700],[4.8582,49.2705],[4.8573,49.2717],[4.8590,49.2714],[4.8596,49.2734],[4.8622,49.2739]]}},{"type":"Feature","properties":{"name":"L\u0027Aisne"},"geometry":{"type":"LineString","coordinates":[[4.8622,49.2739],[4.8659,49.2762]]}},{"type":"Feature","properties":{"name":"L\u0027Aisne"},"geometry":{"type":"LineString","coordinates":[[4.8659,49.2762],[4.8667,49.2779],[4.8702,49.2799],[4.8691,49.2809],[4.8715,49.2813],[4.8712,49.2836],[4.8751,49.2833],[4.8744,49.2846],[4.8729,49.2846],[4.8765,49.2887],[4.8710,49.2938],[4.8740,49.2957],[4.8737,49.2966]]}},{"type":"Feature","properties":{"name":"L\u0027Aisne"},"geometry":{"type":"LineString","coordinates":[[4.8640,49.1777],[4.8627,49.1778],[4.8623,49.1794],[4.8605,49.1802],[4.8588,49.1835],[4.8593,49.1852],[4.8574,49.1842],[4.8567,49.1848],[4.8580,49.1854],[4.8551,49.1860]]}},{"type":"Feature","properties":{"name":"L\u0027Aisne"},"geometry":{"type":"LineString","coordinates":[[4.7261,49.3697],[4.7302,49.3698],[4.7307,49.3705],[4.7286,49.3724],[4.7321,49.3722],[4.7322,49.3729],[4.7273,49.3744],[4.7281,49.3758],[4.7275,49.3764],[4.7241,49.3756],[4.7232,49.3798],[4.7242,49.3808],[4.7210,49.3834],[4.7164,49.3851],[4.7171,49.3867],[4.7204,49.3857],[4.7207,49.3871],[4.7223,49.3876],[4.7222,49.3893],[4.7205,49.3901],[4.7178,49.3885],[4.7154,49.3888]]}},{"type":"Feature","properties":{"name":"L\u0027Aisne"},"geometry":{"type":"LineString","coordinates":[[4.7330,49.3646],[4.7327,49.3640],[4.7340,49.3633],[4.7323,49.3621],[4.7290,49.3629],[4.7288,49.3645],[4.7304,49.3651],[4.7285,49.3660],[4.7290,49.3671],[4.7278,49.3693],[4.7261,49.3697]]}},{"type":"Feature","properties":{"name":"L\u0027Aisne"},"geometry":{"type":"LineString","coordinates":[[4.8333,49.3071],[4.8261,49.3067]]}},{"type":"Feature","properties":{"name":"L\u0027Aisne"},"geometry":{"type":"LineString","coordinates":[[3.4808,49.4000],[3.4792,49.3994]]}},{"type":"Feature","properties":{"name":"L\u0027Aisne"},"geometry":{"type":"LineString","coordinates":[[3.4415,49.3810],[3.4328,49.3743]]}},{"type":"Feature","properties":{"name":"L\u0027Aisne"},"geometry":{"type":"LineString","coordinates":[[3.4677,49.3937],[3.4631,49.3897],[3.4603,49.3886]]}},{"type":"Feature","properties":{"name":"L\u0027Aisne"},"geometry":{"type":"LineString","coordinates":[[3.4137,49.3703],[3.3996,49.3682],[3.3877,49.3699],[3.3856,49.3724],[3.3920,49.3750],[3.3930,49.3767],[3.3855,49.3790],[3.3816,49.3824]]}},{"type":"Feature","properties":{"name":"L\u0027Aisne"},"geometry":{"type":"LineString","coordinates":[[4.7145,49.3888],[4.7125,49.3889],[4.7126,49.3901],[4.7055,49.3932],[4.7052,49.4000]]}},{"type":"Feature","properties":{"name":"L\u0027Aisne"},"geometry":{"type":"LineString","coordinates":[[4.7154,49.3888],[4.7145,49.3888]]}},{"type":"Feature","properties":{"name":"L\u0027Aisne"},"geometry":{"type":"LineString","coordinates":[[4.9281,49.0463],[4.9283,49.0477],[4.9267,49.0489],[4.9251,49.0486],[4.9241,49.0496],[4.9219,49.0487],[4.9223,49.0508],[4.9205,49.0502],[4.9196,49.0515],[4.9204,49.0536],[4.9157,49.0553],[4.9136,49.0574],[4.9143,49.0587],[4.9130,49.0602],[4.9143,49.0613],[4.9144,49.0636],[4.9179,49.0643],[4.9182,49.0632],[4.9241,49.0629],[4.9263,49.0647],[4.9223,49.0671],[4.9209,49.0659],[4.9194,49.0672],[4.9158,49.0671],[4.9126,49.0691],[4.9095,49.0730],[4.9066,49.0737],[4.9084,49.0758],[4.9095,49.0752],[4.9113,49.0763],[4.9110,49.0793],[4.9143,49.0820],[4.9158,49.0859],[4.9118,49.0885],[4.9091,49.0876],[4.9066,49.0890],[4.9056,49.0872],[4.9038,49.0876],[4.9038,49.0865],[4.8974,49.0864],[4.8964,49.0873]]}},{"type":"Feature","properties":{"name":"L\u0027Aisne"},"geometry":{"type":"LineString","coordinates":[[4.7052,49.4000],[4.7037,49.4035]]}},{"type":"Feature","properties":{"name":"L\u0027Aisne"},"geometry":{"type":"LineString","coordinates":[[4.7059,49.4069],[4.7060,49.4078]]}},{"type":"Feature","properties":{"name":"L\u0027Aisne"},"geometry":{"type":"LineString","coordinates":[[4.7060,49.4078],[4.7041,49.4088],[4.7050,49.4105],[4.7038,49.4133],[4.7046,49.4145],[4.7061,49.4147]]}},{"type":"Feature","properties":{"name":"L\u0027Aisne"},"geometry":{"type":"LineString","coordinates":[[4.7037,49.4035],[4.7067,49.4061],[4.7059,49.4069]]}},{"type":"Feature","properties":{"name":"L\u0027Aisne"},"geometry":{"type":"LineString","coordinates":[[4.9659,49.0213],[4.9626,49.0238],[4.9637,49.0243],[4.9631,49.0253],[4.9594,49.0266],[4.9604,49.0277],[4.9570,49.0286],[4.9567,49.0300],[4.9502,49.0294],[4.9474,49.0277],[4.9461,49.0289],[4.9403,49.0277],[4.9351,49.0283],[4.9332,49.0303],[4.9346,49.0326],[4.9364,49.0331],[4.9362,49.0339],[4.9383,49.0365],[4.9403,49.0377],[4.9404,49.0402],[4.9382,49.0406],[4.9356,49.0388],[4.9330,49.0384],[4.9317,49.0396],[4.9290,49.0396],[4.9287,49.0405],[4.9244,49.0409],[4.9252,49.0431]]}},{"type":"Feature","properties":{"name":"L\u0027Aisne"},"geometry":{"type":"LineString","coordinates":[[4.8737,49.2966],[4.8718,49.2968],[4.8704,49.2981],[4.8717,49.2997],[4.8642,49.3026],[4.8612,49.3012],[4.8617,49.3005],[4.8610,49.3001],[4.8562,49.3013],[4.8555,49.3023],[4.8505,49.3013],[4.8478,49.3027],[4.8451,49.3022],[4.8412,49.3033],[4.8395,49.3050],[4.8398,49.3061],[4.8337,49.3064],[4.8338,49.3079],[4.8302,49.3086],[4.8297,49.3095],[4.8289,49.3092],[4.8295,49.3085],[4.8287,49.3076],[4.8260,49.3076],[4.8255,49.3065],[4.8150,49.3101],[4.8088,49.3104],[4.8053,49.3093],[4.8028,49.3100],[4.7953,49.3080],[4.7885,49.3093],[4.7874,49.3071],[4.7842,49.3083],[4.7810,49.3074],[4.7790,49.3055],[4.7766,49.3062],[4.7754,49.3085],[4.7737,49.3070],[4.7721,49.3071],[4.7703,49.3095],[4.7624,49.3131],[4.7607,49.3158],[4.7625,49.3187],[4.7681,49.3182],[4.7667,49.3166],[4.7676,49.3161],[4.7704,49.3184],[4.7720,49.3185],[4.7711,49.3194],[4.7716,49.3208],[4.7694,49.3218],[4.7715,49.3228],[4.7711,49.3294],[4.7740,49.3287],[4.7728,49.3323],[4.7702,49.3324],[4.7700,49.3338],[4.7685,49.3339],[4.7682,49.3350],[4.7656,49.3344],[4.7615,49.3367],[4.7570,49.3374],[4.7568,49.3383],[4.7587,49.3391],[4.7530,49.3426],[4.7540,49.3434],[4.7557,49.3423],[4.7566,49.3434],[4.7515,49.3456],[4.7525,49.3470],[4.7550,49.3465],[4.7548,49.3479],[4.7573,49.3478],[4.7580,49.3491],[4.7528,49.3490],[4.7530,49.3501],[4.7547,49.3512],[4.7543,49.3520],[4.7505,49.3517],[4.7474,49.3549],[4.7447,49.3541],[4.7439,49.3575],[4.7419,49.3570],[4.7412,49.3584],[4.7397,49.3581],[4.7391,49.3594],[4.7374,49.3594],[4.7374,49.3605],[4.7392,49.3609],[4.7374,49.3617],[4.7381,49.3635],[4.7369,49.3663],[4.7344,49.3656],[4.7357,49.3644],[4.7330,49.3646]]}},{"type":"Feature","properties":{"name":"L\u0027Aisne"},"geometry":{"type":"LineString","coordinates":[[4.7518,49.3452],[4.7521,49.3460]]}},{"type":"Feature","properties":{"name":"L\u0027Aisne"},"geometry":{"type":"LineString","coordinates":[[4.7413,49.3583],[4.7421,49.3587],[4.7406,49.3584]]}},{"type":"Feature","properties":{"name":"L\u0027Aisne"},"geometry":{"type":"LineString","coordinates":[[4.7535,49.3442],[4.7532,49.3444]]}},{"type":"Feature","properties":{"name":"L\u0027Aisne"},"geometry":{"type":"LineString","coordinates":[[4.7560,49.3438],[4.7552,49.3448],[4.7541,49.3444]]}},{"type":"Feature","properties":{"name":"L\u0027Aisne"},"geometry":{"type":"LineString","coordinates":[[4.7716,49.3208],[4.7737,49.3207],[4.7713,49.3211]]}},{"type":"Feature","properties":{"name":"L\u0027Aisne"},"geometry":{"type":"LineString","coordinates":[[4.7716,49.3190],[4.7704,49.3189],[4.7711,49.3196]]}},{"type":"Feature","properties":{"name":"L\u0027Aisne"},"geometry":{"type":"LineString","coordinates":[[4.7833,49.3078],[4.7807,49.3070]]}},{"type":"Feature","properties":{"name":"Le Puits"},"geometry":{"type":"LineString","coordinates":[[4.3298,48.5204],[4.3275,48.5190],[4.3281,48.5173],[4.3268,48.5164],[4.3273,48.5156],[4.3243,48.5148],[4.3202,48.5120],[4.3131,48.5115],[4.3102,48.5130],[4.3031,48.5118],[4.3008,48.5123]]}},{"type":"Feature","properties":{"name":"Le Puits"},"geometry":{"type":"LineString","coordinates":[[4.3008,48.5123],[4.2968,48.5141],[4.2968,48.5166],[4.2936,48.5174],[4.2904,48.5166],[4.2851,48.5175],[4.2834,48.5156],[4.2794,48.5158],[4.2797,48.5151],[4.2781,48.5157],[4.2773,48.5142],[4.2750,48.5155],[4.2720,48.5157],[4.2699,48.5134],[4.2661,48.5147],[4.2633,48.5137],[4.2590,48.5140],[4.2551,48.5163]]}},{"type":"Feature","properties":{"name":"Noue de Pigny"},"geometry":{"type":"LineString","coordinates":[[3.5128,48.5258],[3.5064,48.5249],[3.5067,48.5237],[3.5040,48.5219],[3.4999,48.5205],[3.4997,48.5180],[3.4954,48.5135],[3.4916,48.5129],[3.4883,48.5104],[3.4839,48.5092],[3.4842,48.5062],[3.4817,48.5029],[3.4779,48.5006],[3.4763,48.4962],[3.4744,48.4961],[3.4739,48.4944]]}},{"type":"Feature","properties":{"name":"L\u0027Ourcq"},"geometry":{"type":"LineString","coordinates":[[3.3859,49.1903],[3.3845,49.1896]]}},{"type":"Feature","properties":{"name":"L\u0027Ourcq"},"geometry":{"type":"LineString","coordinates":[[3.3859,49.1904],[3.3859,49.1903]]}},{"type":"Feature","properties":{"name":"L\u0027Ourcq"},"geometry":{"type":"LineString","coordinates":[[3.4531,49.2016],[3.4511,49.1988],[3.4493,49.1985],[3.4472,49.1990],[3.4462,49.2006],[3.4410,49.2034],[3.4395,49.2035],[3.4291,49.2011],[3.4254,49.1984],[3.4188,49.1982],[3.4184,49.1989],[3.4148,49.1979]]}},{"type":"Feature","properties":{"name":"L\u0027Ourcq"},"geometry":{"type":"LineString","coordinates":[[3.4960,49.1983],[3.4932,49.1989],[3.4901,49.2023]]}},{"type":"Feature","properties":{"name":"L\u0027Ourcq"},"geometry":{"type":"LineString","coordinates":[[3.5021,49.1985],[3.5004,49.1992]]}},{"type":"Feature","properties":{"name":"L\u0027Ourcq"},"geometry":{"type":"LineString","coordinates":[[3.5004,49.1992],[3.4978,49.2001]]}},{"type":"Feature","properties":{"name":"L\u0027Ourcq"},"geometry":{"type":"LineString","coordinates":[[3.5045,49.1963],[3.5021,49.1950],[3.5017,49.1973]]}},{"type":"Feature","properties":{"name":"L\u0027Ourcq"},"geometry":{"type":"LineString","coordinates":[[3.4974,49.1998],[3.4960,49.1983]]}},{"type":"Feature","properties":{"name":"L\u0027Ourcq"},"geometry":{"type":"LineString","coordinates":[[3.3845,49.1896],[3.3827,49.1899],[3.3828,49.1890],[3.3774,49.1880],[3.3772,49.1872],[3.3755,49.1870],[3.3759,49.1864],[3.3738,49.1842],[3.3695,49.1834],[3.3664,49.1844],[3.3652,49.1864],[3.3657,49.1871],[3.3641,49.1877],[3.3578,49.1849],[3.3558,49.1855],[3.3554,49.1870],[3.3525,49.1874],[3.3458,49.1857],[3.3425,49.1864],[3.3423,49.1855],[3.3411,49.1860],[3.3408,49.1848],[3.3390,49.1846],[3.3385,49.1857],[3.3372,49.1855],[3.3370,49.1871],[3.3353,49.1866],[3.3365,49.1877],[3.3346,49.1879],[3.3354,49.1887],[3.3336,49.1884],[3.3347,49.1893],[3.3333,49.1892],[3.3341,49.1898],[3.3325,49.1907],[3.3207,49.1922]]}},{"type":"Feature","properties":{"name":"L\u0027Ourcq"},"geometry":{"type":"LineString","coordinates":[[3.3871,49.1909],[3.3860,49.1900]]}},{"type":"Feature","properties":{"name":"L\u0027Ourcq"},"geometry":{"type":"LineString","coordinates":[[3.4788,49.2073],[3.4786,49.2073]]}},{"type":"Feature","properties":{"name":"L\u0027Ourcq"},"geometry":{"type":"LineString","coordinates":[[3.4531,49.2016],[3.4531,49.2016]]}},{"type":"Feature","properties":{"name":"L\u0027Ourcq"},"geometry":{"type":"LineString","coordinates":[[3.4901,49.2023],[3.4900,49.2023]]}},{"type":"Feature","properties":{"name":"L\u0027Ourcq"},"geometry":{"type":"LineString","coordinates":[[3.4823,49.2029],[3.4822,49.2030]]}},{"type":"Feature","properties":{"name":"L\u0027Ourcq"},"geometry":{"type":"LineString","coordinates":[[3.4612,49.2009],[3.4611,49.2008]]}},{"type":"Feature","properties":{"name":"L\u0027Ourcq"},"geometry":{"type":"LineString","coordinates":[[3.4824,49.2028],[3.4823,49.2029]]}},{"type":"Feature","properties":{"name":"L\u0027Ourcq"},"geometry":{"type":"LineString","coordinates":[[3.4611,49.2008],[3.4591,49.2008],[3.4556,49.2027],[3.4531,49.2016]]}},{"type":"Feature","properties":{"name":"L\u0027Ourcq"},"geometry":{"type":"LineString","coordinates":[[3.4822,49.2030],[3.4804,49.2033],[3.4806,49.2064],[3.4788,49.2073]]}},{"type":"Feature","properties":{"name":"L\u0027Ourcq"},"geometry":{"type":"LineString","coordinates":[[3.4786,49.2073],[3.4715,49.2042],[3.4642,49.2051],[3.4631,49.2034],[3.4642,49.2019],[3.4612,49.2009]]}},{"type":"Feature","properties":{"name":"L\u0027Ourcq"},"geometry":{"type":"LineString","coordinates":[[3.4900,49.2023],[3.4881,49.2029],[3.4854,49.2008],[3.4824,49.2028]]}},{"type":"Feature","properties":{"name":"L\u0027Ourcq"},"geometry":{"type":"LineString","coordinates":[[3.5004,49.1992],[3.4960,49.1983]]}},{"type":"Feature","properties":{"name":"L\u0027Ourcq"},"geometry":{"type":"LineString","coordinates":[[3.4975,49.1999],[3.4974,49.1998]]}},{"type":"Feature","properties":{"name":"L\u0027Ourcq"},"geometry":{"type":"LineString","coordinates":[[3.4978,49.2001],[3.4975,49.1999]]}},{"type":"Feature","properties":{"name":"L\u0027Ourcq"},"geometry":{"type":"LineString","coordinates":[[3.4148,49.1979],[3.4129,49.1973],[3.4100,49.1989],[3.4077,49.1990],[3.4056,49.1977],[3.4059,49.1969],[3.4020,49.1968],[3.3965,49.1937],[3.3945,49.1938],[3.3859,49.1904]]}},{"type":"Feature","properties":{"name":"La Bar"},"geometry":{"type":"LineString","coordinates":[[4.9287,49.4328],[4.9272,49.4315],[4.9234,49.4317],[4.8973,49.4381],[4.8939,49.4369],[4.8878,49.4369],[4.8647,49.4425],[4.8596,49.4423],[4.8487,49.4542],[4.8469,49.4552],[4.8398,49.4699],[4.8400,49.4723],[4.8387,49.4743],[4.8409,49.4766],[4.8398,49.4772],[4.8387,49.4802],[4.8378,49.4812],[4.8350,49.4812],[4.8319,49.4826],[4.8309,49.4848],[4.8264,49.4865],[4.8189,49.4928],[4.8172,49.4925],[4.8178,49.4939],[4.8156,49.4949],[4.8161,49.4956],[4.8148,49.4970],[4.8155,49.4978],[4.8141,49.4985],[4.8104,49.5043],[4.8112,49.5052],[4.8099,49.5052],[4.8109,49.5070],[4.8095,49.5074],[4.8104,49.5083],[4.8106,49.5112],[4.8099,49.5116],[4.8104,49.5131],[4.8095,49.5136],[4.8093,49.5193],[4.8111,49.5190],[4.8118,49.5202],[4.8147,49.5197],[4.8182,49.5227],[4.8173,49.5237],[4.8177,49.5257],[4.8228,49.5258],[4.8265,49.5306],[4.8252,49.5313],[4.8258,49.5332],[4.8251,49.5341],[4.8262,49.5353],[4.8248,49.5353],[4.8261,49.5364],[4.8256,49.5380],[4.8269,49.5393],[4.8249,49.5408],[4.8257,49.5419],[4.8228,49.5437],[4.8247,49.5446],[4.8227,49.5447],[4.8222,49.5459],[4.8237,49.5476],[4.8229,49.5483],[4.8246,49.5489],[4.8227,49.5501],[4.8243,49.5507],[4.8240,49.5514],[4.8251,49.5515],[4.8256,49.5530],[4.8230,49.5533],[4.8251,49.5546],[4.8232,49.5548],[4.8236,49.5558],[4.8215,49.5581],[4.8189,49.5581],[4.8196,49.5592],[4.8189,49.5598],[4.8210,49.5598],[4.8203,49.5606],[4.8211,49.5609],[4.8200,49.5616],[4.8221,49.5620],[4.8224,49.5635],[4.8251,49.5658],[4.8264,49.5658],[4.8267,49.5648],[4.8295,49.5668],[4.8298,49.5681],[4.8326,49.5700],[4.8319,49.5710],[4.8339,49.5711],[4.8373,49.5733],[4.8369,49.5749],[4.8384,49.5753],[4.8379,49.5763],[4.8402,49.5765],[4.8392,49.5779],[4.8398,49.5785],[4.8388,49.5786],[4.8393,49.5796],[4.8385,49.5799],[4.8382,49.5823],[4.8342,49.5838],[4.8336,49.5864],[4.8292,49.5864],[4.8280,49.5875],[4.8265,49.5866],[4.8244,49.5871],[4.8243,49.5881],[4.8236,49.5873],[4.8210,49.5879],[4.8200,49.5867],[4.8179,49.5898],[4.8175,49.5935],[4.8367,49.5930],[4.8406,49.5938],[4.8505,49.5979],[4.8526,49.5980],[4.8537,49.6000],[4.8557,49.6002],[4.8565,49.6029],[4.8611,49.6051],[4.8646,49.6090],[4.8609,49.6130],[4.8589,49.6125],[4.8574,49.6143],[4.8550,49.6151],[4.8549,49.6169],[4.8572,49.6180],[4.8483,49.6208],[4.8475,49.6238],[4.8404,49.6271],[4.8401,49.6285],[4.8379,49.6287],[4.8352,49.6305],[4.8324,49.6354],[4.8325,49.6374],[4.8359,49.6385],[4.8373,49.6420],[4.8443,49.6440],[4.8543,49.6414],[4.8549,49.6401],[4.8569,49.6395],[4.8653,49.6398],[4.8683,49.6415],[4.8711,49.6459],[4.8697,49.6472],[4.8805,49.6501],[4.8813,49.6523],[4.8792,49.6531],[4.8802,49.6552],[4.8812,49.6559],[4.8832,49.6547],[4.8842,49.6550],[4.8831,49.6600],[4.8778,49.6626],[4.8766,49.6623],[4.8778,49.6638],[4.8735,49.6645],[4.8745,49.6652],[4.8735,49.6656],[4.8670,49.6638],[4.8665,49.6630],[4.8695,49.6624],[4.8686,49.6614],[4.8663,49.6612],[4.8675,49.6601],[4.8650,49.6600],[4.8654,49.6584],[4.8620,49.6578],[4.8623,49.6565],[4.8605,49.6553],[4.8589,49.6561],[4.8598,49.6548],[4.8574,49.6554],[4.8572,49.6538],[4.8536,49.6530],[4.8529,49.6517],[4.8509,49.6526],[4.8470,49.6506],[4.8411,49.6494],[4.8358,49.6502],[4.8334,49.6514],[4.8329,49.6546],[4.8338,49.6568],[4.8324,49.6578],[4.8317,49.6599],[4.8370,49.6652],[4.8360,49.6660],[4.8362,49.6691],[4.8385,49.6712]]}},{"type":"Feature","properties":{"name":"La Chée"},"geometry":{"type":"LineString","coordinates":[[4.6888,48.7742],[4.6870,48.7730],[4.6832,48.7725],[4.6820,48.7686],[4.6745,48.7640],[4.6740,48.7599],[4.6722,48.7595],[4.6714,48.7582],[4.6723,48.7576],[4.6690,48.7571],[4.6662,48.7538],[4.6640,48.7542],[4.6628,48.7529],[4.6606,48.7541],[4.6575,48.7528],[4.6561,48.7535],[4.6562,48.7554],[4.6533,48.7556],[4.6531,48.7542],[4.6520,48.7550],[4.6506,48.7537],[4.6476,48.7540],[4.6462,48.7519]]}},{"type":"Feature","properties":{"name":"La Chée"},"geometry":{"type":"LineString","coordinates":[[4.8234,48.7919],[4.8188,48.7906],[4.8105,48.7910],[4.8052,48.7896],[4.8041,48.7901],[4.7927,48.7889],[4.7891,48.7878],[4.7894,48.7868],[4.7840,48.7854],[4.7792,48.7829],[4.7768,48.7836],[4.7735,48.7824],[4.7564,48.7816]]}},{"type":"Feature","properties":{"name":"La Chée"},"geometry":{"type":"LineString","coordinates":[[4.9457,48.8512],[4.9348,48.8475],[4.9321,48.8451],[4.9280,48.8443],[4.9274,48.8426],[4.9222,48.8427],[4.9172,48.8414],[4.9145,48.8390],[4.9133,48.8393],[4.9070,48.8355],[4.9052,48.8356],[4.9055,48.8338],[4.8989,48.8313]]}},{"type":"Feature","properties":{"name":"La Chée"},"geometry":{"type":"LineString","coordinates":[[4.7013,48.7710],[4.6997,48.7696],[4.6917,48.7723],[4.6888,48.7742]]}},{"type":"Feature","properties":{"name":"La Chée"},"geometry":{"type":"LineString","coordinates":[[4.7564,48.7816],[4.7372,48.7769],[4.7245,48.7775],[4.7112,48.7740],[4.7100,48.7714],[4.7080,48.7707],[4.7057,48.7709],[4.7046,48.7699],[4.7013,48.7710]]}},{"type":"Feature","properties":{"name":"La Chée"},"geometry":{"type":"LineString","coordinates":[[4.8989,48.8313],[4.8939,48.8300],[4.8895,48.8270]]}},{"type":"Feature","properties":{"name":"La Chée"},"geometry":{"type":"LineString","coordinates":[[5.0446,48.8873],[5.0428,48.8857],[5.0379,48.8864],[5.0351,48.8851],[5.0285,48.8860],[5.0285,48.8884],[5.0267,48.8874],[5.0219,48.8894],[5.0129,48.8886],[5.0046,48.8897],[5.0037,48.8906]]}},{"type":"Feature","properties":{"name":"La Chée"},"geometry":{"type":"LineString","coordinates":[[5.0037,48.8906],[4.9971,48.8906],[4.9951,48.8880],[4.9889,48.8870],[4.9842,48.8904],[4.9784,48.8926],[4.9698,48.8939],[4.9692,48.8917],[4.9656,48.8902],[4.9664,48.8884],[4.9646,48.8882],[4.9646,48.8872],[4.9627,48.8866],[4.9642,48.8855],[4.9606,48.8838],[4.9608,48.8827],[4.9587,48.8818],[4.9579,48.8802],[4.9564,48.8802],[4.9567,48.8788],[4.9523,48.8738],[4.9474,48.8751],[4.9448,48.8728],[4.9447,48.8673],[4.9466,48.8671],[4.9480,48.8633],[4.9490,48.8629],[4.9458,48.8599],[4.9472,48.8597],[4.9463,48.8581],[4.9481,48.8563],[4.9457,48.8512]]}},{"type":"Feature","properties":{"name":"La Chée"},"geometry":{"type":"LineString","coordinates":[[5.0573,48.8823],[5.0495,48.8846],[5.0471,48.8866],[5.0446,48.8873]]}},{"type":"Feature","properties":{"name":"La Chée"},"geometry":{"type":"LineString","coordinates":[[5.0576,48.8821],[5.0573,48.8823]]}},{"type":"Feature","properties":{"name":"La Chée"},"geometry":{"type":"LineString","coordinates":[[5.1956,48.8889],[5.1898,48.8873],[5.1876,48.8880],[5.1805,48.8853],[5.1762,48.8848],[5.1763,48.8830],[5.1804,48.8807],[5.1774,48.8798],[5.1767,48.8757],[5.1723,48.8730],[5.1717,48.8703],[5.1639,48.8684],[5.1636,48.8655],[5.1609,48.8653],[5.1570,48.8666],[5.1561,48.8655],[5.1530,48.8662],[5.1428,48.8628],[5.1419,48.8635],[5.1349,48.8621],[5.1293,48.8644],[5.1256,48.8627],[5.1229,48.8634],[5.1225,48.8646],[5.1214,48.8637],[5.1208,48.8646],[5.1182,48.8643],[5.1169,48.8659],[5.1174,48.8668],[5.1145,48.8665],[5.1140,48.8675],[5.1077,48.8656],[5.1026,48.8653],[5.1013,48.8640],[5.0984,48.8651],[5.0971,48.8646],[5.0972,48.8657],[5.0936,48.8653],[5.0930,48.8663],[5.0897,48.8663],[5.0882,48.8679],[5.0883,48.8694],[5.0680,48.8714],[5.0657,48.8729],[5.0619,48.8787],[5.0576,48.8821]]}},{"type":"Feature","properties":{"name":"La Chée"},"geometry":{"type":"LineString","coordinates":[[4.8238,48.7920],[4.8234,48.7919]]}},{"type":"Feature","properties":{"name":"La Chée"},"geometry":{"type":"LineString","coordinates":[[4.8895,48.8270],[4.8858,48.8240],[4.8848,48.8194],[4.8869,48.8110],[4.8854,48.8075],[4.8835,48.8061],[4.8785,48.8055],[4.8773,48.8042],[4.8778,48.8037],[4.8763,48.8031],[4.8763,48.8017],[4.8706,48.7959],[4.8658,48.7937],[4.8551,48.7944],[4.8535,48.7932],[4.8518,48.7944],[4.8482,48.7940],[4.8363,48.7906],[4.8316,48.7920],[4.8266,48.7914],[4.8238,48.7920]]}},{"type":"Feature","properties":{"name":"Le Cubry"},"geometry":{"type":"LineString","coordinates":[[3.9487,49.0321],[3.9524,49.0358],[3.9526,49.0387]]}},{"type":"Feature","properties":{"name":"Le Cubry"},"geometry":{"type":"LineString","coordinates":[[3.9528,49.0399],[3.9518,49.0408]]}},{"type":"Feature","properties":{"name":"Le Cubry"},"geometry":{"type":"LineString","coordinates":[[3.9518,49.0408],[3.9513,49.0447]]}},{"type":"Feature","properties":{"name":"Le Cubry"},"geometry":{"type":"LineString","coordinates":[[3.9518,49.0453],[3.9521,49.0455]]}},{"type":"Feature","properties":{"name":"Le Cubry"},"geometry":{"type":"LineString","coordinates":[[3.9619,49.0512],[3.9621,49.0514]]}},{"type":"Feature","properties":{"name":"Le Cubry"},"geometry":{"type":"LineString","coordinates":[[3.9617,49.0511],[3.9619,49.0512]]}},{"type":"Feature","properties":{"name":"Le Cubry"},"geometry":{"type":"LineString","coordinates":[[3.9553,49.0479],[3.9589,49.0493]]}},{"type":"Feature","properties":{"name":"Le Cubry"},"geometry":{"type":"LineString","coordinates":[[3.9589,49.0493],[3.9617,49.0511]]}},{"type":"Feature","properties":{"name":"Le Cubry"},"geometry":{"type":"LineString","coordinates":[[3.9546,49.0471],[3.9553,49.0479]]}},{"type":"Feature","properties":{"name":"Le Cubry"},"geometry":{"type":"LineString","coordinates":[[3.9551,49.0468],[3.9546,49.0471]]}},{"type":"Feature","properties":{"name":"Le Cubry"},"geometry":{"type":"LineString","coordinates":[[3.9547,49.0467],[3.9551,49.0468]]}},{"type":"Feature","properties":{"name":"Le Cubry"},"geometry":{"type":"LineString","coordinates":[[3.9545,49.0466],[3.9547,49.0467]]}},{"type":"Feature","properties":{"name":"Le Cubry"},"geometry":{"type":"LineString","coordinates":[[3.9542,49.0465],[3.9545,49.0466]]}},{"type":"Feature","properties":{"name":"Le Cubry"},"geometry":{"type":"LineString","coordinates":[[3.9525,49.0459],[3.9542,49.0465]]}},{"type":"Feature","properties":{"name":"Le Cubry"},"geometry":{"type":"LineString","coordinates":[[3.9522,49.0456],[3.9525,49.0459]]}},{"type":"Feature","properties":{"name":"Le Cubry"},"geometry":{"type":"LineString","coordinates":[[3.9521,49.0455],[3.9522,49.0456]]}},{"type":"Feature","properties":{"name":"Le Cubry"},"geometry":{"type":"LineString","coordinates":[[3.9517,49.0453],[3.9518,49.0453]]}},{"type":"Feature","properties":{"name":"Le Cubry"},"geometry":{"type":"LineString","coordinates":[[3.9513,49.0447],[3.9517,49.0453]]}},{"type":"Feature","properties":{"name":"Le Cubry"},"geometry":{"type":"LineString","coordinates":[[3.9526,49.0387],[3.9528,49.0399]]}},{"type":"Feature","properties":{"name":"Le Cubry"},"geometry":{"type":"LineString","coordinates":[[3.9488,49.0318],[3.9487,49.0321]]}},{"type":"Feature","properties":{"name":"Le Cubry"},"geometry":{"type":"LineString","coordinates":[[3.9478,49.0262],[3.9469,49.0276],[3.9488,49.0318]]}},{"type":"Feature","properties":{"name":"Le Cubry"},"geometry":{"type":"LineString","coordinates":[[3.9481,49.0241],[3.9479,49.0262]]}},{"type":"Feature","properties":{"name":"La Coole"},"geometry":{"type":"LineString","coordinates":[[4.3265,48.8880],[4.3294,48.8892]]}},{"type":"Feature","properties":{"name":"La Coole"},"geometry":{"type":"LineString","coordinates":[[4.3589,48.9225],[4.3621,48.9259],[4.3592,48.9270],[4.3563,48.9266],[4.3546,48.9277],[4.3542,48.9335],[4.3552,48.9339]]}},{"type":"Feature","properties":{"name":"La Coole"},"geometry":{"type":"LineString","coordinates":[[4.3562,48.9212],[4.3586,48.9247]]}},{"type":"Feature","properties":{"name":"La Coole"},"geometry":{"type":"LineString","coordinates":[[4.3586,48.9247],[4.3594,48.9261],[4.3581,48.9270]]}},{"type":"Feature","properties":{"name":"La Coole"},"geometry":{"type":"LineString","coordinates":[[4.3553,48.9205],[4.3562,48.9212]]}},{"type":"Feature","properties":{"name":"La Coole"},"geometry":{"type":"LineString","coordinates":[[4.3294,48.8892],[4.3310,48.8903],[4.3293,48.8915],[4.3306,48.8919],[4.3309,48.8937],[4.3321,48.8937],[4.3339,48.8955],[4.3335,48.8962],[4.3410,48.9031],[4.3405,48.9043],[4.3442,48.9062],[4.3428,48.9071],[4.3449,48.9073],[4.3441,48.9082],[4.3461,48.9084],[4.3471,48.9102],[4.3489,48.9104],[4.3554,48.9158]]}},{"type":"Feature","properties":{"name":"La Coole"},"geometry":{"type":"LineString","coordinates":[[4.3555,48.9158],[4.3560,48.9168],[4.3544,48.9183],[4.3553,48.9205]]}},{"type":"Feature","properties":{"name":"La Coole"},"geometry":{"type":"LineString","coordinates":[[4.3554,48.9158],[4.3555,48.9158]]}},{"type":"Feature","properties":{"name":"La Coole"},"geometry":{"type":"LineString","coordinates":[[4.3564,48.9211],[4.3564,48.9211]]}},{"type":"Feature","properties":{"name":"La Coole"},"geometry":{"type":"LineString","coordinates":[[4.3562,48.9212],[4.3564,48.9211]]}},{"type":"Feature","properties":{"name":"La Coole"},"geometry":{"type":"LineString","coordinates":[[4.3590,48.9225],[4.3589,48.9225]]}},{"type":"Feature","properties":{"name":"La Coole"},"geometry":{"type":"LineString","coordinates":[[4.3564,48.9211],[4.3581,48.9206],[4.3590,48.9225]]}},{"type":"Feature","properties":{"name":"La Suippe"},"geometry":{"type":"LineString","coordinates":[[3.9627,49.4134],[3.9583,49.4145],[3.9574,49.4162],[3.9548,49.4167],[3.9556,49.4174],[3.9520,49.4202],[3.9491,49.4249]]}},{"type":"Feature","properties":{"name":"La Suippe"},"geometry":{"type":"LineString","coordinates":[[3.9845,49.4020],[3.9824,49.4013],[3.9789,49.4030],[3.9760,49.4028],[3.9753,49.4043],[3.9737,49.4043],[3.9696,49.4071]]}},{"type":"Feature","properties":{"name":"La Suippe"},"geometry":{"type":"LineString","coordinates":[[4.3612,49.2922],[4.3559,49.2913],[4.3553,49.2924],[4.3536,49.2924],[4.3533,49.2936],[4.3526,49.2925],[4.3516,49.2926],[4.3506,49.2932],[4.3512,49.2939],[4.3471,49.2939],[4.3447,49.2951],[4.3448,49.2960],[4.3346,49.2947],[4.3335,49.2954],[4.3340,49.2959],[4.3325,49.2959],[4.3329,49.2966],[4.3254,49.2970],[4.3214,49.2982],[4.3217,49.2995],[4.3205,49.3001],[4.3175,49.3006],[4.3154,49.2996],[4.3080,49.3017],[4.3026,49.3016],[4.3005,49.3022],[4.3012,49.3033],[4.2998,49.3030],[4.2928,49.3059],[4.2886,49.3062],[4.2872,49.3083],[4.2851,49.3091],[4.2786,49.3093],[4.2765,49.3109],[4.2762,49.3130],[4.2720,49.3139],[4.2704,49.3158],[4.2652,49.3154],[4.2650,49.3163],[4.2631,49.3161],[4.2627,49.3173],[4.2613,49.3172],[4.2608,49.3197],[4.2587,49.3214],[4.2596,49.3216],[4.2601,49.3237],[4.2577,49.3248],[4.2573,49.3262],[4.2558,49.3269],[4.2563,49.3286],[4.2503,49.3325],[4.2504,49.3334],[4.2463,49.3352],[4.2456,49.3346],[4.2447,49.3361],[4.2414,49.3358],[4.2410,49.3370],[4.2394,49.3369],[4.2365,49.3392],[4.2346,49.3389],[4.2349,49.3407],[4.2321,49.3407],[4.2317,49.3418],[4.2299,49.3416],[4.2298,49.3431],[4.2251,49.3439],[4.2232,49.3450],[4.2224,49.3474]]}},{"type":"Feature","properties":{"name":"La Suippe"},"geometry":{"type":"LineString","coordinates":[[4.3790,49.2848],[4.3766,49.2863],[4.3777,49.2868],[4.3755,49.2890],[4.3726,49.2884],[4.3706,49.2915],[4.3638,49.2910],[4.3612,49.2922]]}},{"type":"Feature","properties":{"name":"La Suippe"},"geometry":{"type":"LineString","coordinates":[[4.0046,49.3905],[3.9982,49.3935],[3.9958,49.3957],[3.9961,49.3972],[3.9914,49.3992]]}},{"type":"Feature","properties":{"name":"La Suippe"},"geometry":{"type":"LineString","coordinates":[[4.1477,49.3725],[4.1433,49.3743],[4.1342,49.3748],[4.1295,49.3770],[4.1291,49.3780],[4.1301,49.3784],[4.1295,49.3788],[4.1248,49.3798],[4.1236,49.3790],[4.1204,49.3807],[4.1207,49.3816],[4.1176,49.3824],[4.1155,49.3827],[4.1147,49.3815],[4.1132,49.3815],[4.1129,49.3835],[4.1079,49.3828],[4.1064,49.3848],[4.1048,49.3853],[4.0991,49.3852],[4.0972,49.3834],[4.0929,49.3839],[4.0916,49.3829],[4.0905,49.3837],[4.0866,49.3826],[4.0872,49.3835],[4.0862,49.3837],[4.0846,49.3831],[4.0842,49.3816],[4.0824,49.3817],[4.0826,49.3805],[4.0779,49.3796],[4.0728,49.3814],[4.0723,49.3803],[4.0683,49.3814],[4.0650,49.3807],[4.0625,49.3819],[4.0619,49.3808],[4.0567,49.3808],[4.0534,49.3818],[4.0536,49.3831],[4.0495,49.3836],[4.0380,49.3834],[4.0354,49.3821],[4.0265,49.3829],[4.0219,49.3849],[4.0159,49.3854]]}},{"type":"Feature","properties":{"name":"La Suippe"},"geometry":{"type":"LineString","coordinates":[[4.0118,49.3882],[4.0078,49.3886],[4.0046,49.3905]]}},{"type":"Feature","properties":{"name":"La Suippe"},"geometry":{"type":"LineString","coordinates":[[4.3935,49.2608],[4.3927,49.2624],[4.3943,49.2633],[4.3919,49.2647],[4.3920,49.2679],[4.3885,49.2704],[4.3854,49.2713],[4.3845,49.2736],[4.3850,49.2752],[4.3843,49.2753],[4.3853,49.2762],[4.3838,49.2773],[4.3846,49.2778],[4.3826,49.2774],[4.3826,49.2783],[4.3803,49.2786]]}},{"type":"Feature","properties":{"name":"La Suippe"},"geometry":{"type":"LineString","coordinates":[[3.9693,49.4072],[3.9678,49.4078],[3.9688,49.4088],[3.9683,49.4098],[3.9651,49.4110]]}},{"type":"Feature","properties":{"name":"La Suippe"},"geometry":{"type":"LineString","coordinates":[[4.4089,49.2458],[4.4066,49.2482],[4.4037,49.2491],[4.4022,49.2512],[4.3997,49.2514],[4.3969,49.2532],[4.3957,49.2546],[4.3967,49.2560],[4.3955,49.2563],[4.3964,49.2578],[4.3947,49.2591],[4.3956,49.2598],[4.3935,49.2608]]}},{"type":"Feature","properties":{"name":"La Suippe"},"geometry":{"type":"LineString","coordinates":[[4.1716,49.3632],[4.1641,49.3644],[4.1644,49.3653],[4.1631,49.3663],[4.1599,49.3667],[4.1564,49.3682],[4.1561,49.3694],[4.1509,49.3705],[4.1478,49.3724]]}},{"type":"Feature","properties":{"name":"La Suippe"},"geometry":{"type":"LineString","coordinates":[[4.2224,49.3474],[4.2133,49.3522],[4.2131,49.3539],[4.2109,49.3552],[4.2016,49.3544],[4.1987,49.3563],[4.1904,49.3570],[4.1895,49.3576],[4.1902,49.3585],[4.1841,49.3586],[4.1751,49.3634],[4.1722,49.3631]]}},{"type":"Feature","properties":{"name":"Le Grand Morin"},"geometry":{"type":"LineString","coordinates":[[3.4417,48.7821],[3.4406,48.7822],[3.4399,48.7843],[3.4372,48.7851],[3.4340,48.7809],[3.4286,48.7794],[3.4244,48.7827],[3.4244,48.7849]]}},{"type":"Feature","properties":{"name":"Le Grand Morin"},"geometry":{"type":"LineString","coordinates":[[3.4094,48.7837],[3.4082,48.7842]]}},{"type":"Feature","properties":{"name":"Le Grand Morin"},"geometry":{"type":"LineString","coordinates":[[3.5597,48.7239],[3.5557,48.7249],[3.5555,48.7261],[3.5576,48.7292],[3.5496,48.7298],[3.5472,48.7323],[3.5451,48.7319],[3.5416,48.7295],[3.5353,48.7293],[3.5352,48.7312],[3.5378,48.7343],[3.5361,48.7353],[3.5311,48.7348]]}},{"type":"Feature","properties":{"name":"Le Grand Morin"},"geometry":{"type":"LineString","coordinates":[[3.5599,48.7238],[3.5597,48.7239]]}},{"type":"Feature","properties":{"name":"Le Grand Morin"},"geometry":{"type":"LineString","coordinates":[[3.6885,48.7157],[3.6848,48.7125],[3.6832,48.7073],[3.6781,48.7033],[3.6732,48.7024]]}},{"type":"Feature","properties":{"name":"Le Grand Morin"},"geometry":{"type":"LineString","coordinates":[[3.6155,48.6983],[3.6103,48.6985],[3.6081,48.6998],[3.6057,48.7077],[3.6065,48.7080],[3.6064,48.7101],[3.6021,48.7133],[3.6003,48.7164],[3.5957,48.7156],[3.5880,48.7184],[3.5846,48.7168],[3.5799,48.7162],[3.5800,48.7237],[3.5733,48.7249],[3.5700,48.7234],[3.5599,48.7238]]}},{"type":"Feature","properties":{"name":"Le Grand Morin"},"geometry":{"type":"LineString","coordinates":[[3.4146,48.7845],[3.4130,48.7830],[3.4094,48.7837]]}},{"type":"Feature","properties":{"name":"Le Grand Morin"},"geometry":{"type":"LineString","coordinates":[[3.4244,48.7849],[3.4249,48.7861],[3.4241,48.7880],[3.4199,48.7888],[3.4158,48.7870],[3.4146,48.7845]]}},{"type":"Feature","properties":{"name":"Le Grand Morin"},"geometry":{"type":"LineString","coordinates":[[3.4082,48.7842],[3.4049,48.7853],[3.4014,48.7847],[3.3946,48.7801],[3.3898,48.7788],[3.3847,48.7789],[3.3786,48.7821],[3.3748,48.7823],[3.3739,48.7809],[3.3745,48.7795],[3.3757,48.7775],[3.3776,48.7766],[3.3772,48.7757],[3.3791,48.7735],[3.3770,48.7715],[3.3735,48.7714]]}},{"type":"Feature","properties":{"name":"Le Grand Morin"},"geometry":{"type":"LineString","coordinates":[[3.5220,48.7412],[3.5216,48.7430],[3.5186,48.7456],[3.5124,48.7467],[3.5097,48.7481],[3.5098,48.7497],[3.5122,48.7533],[3.5073,48.7575],[3.5084,48.7588],[3.5074,48.7599],[3.5072,48.7629],[3.5007,48.7669],[3.5017,48.7686],[3.5011,48.7696],[3.4970,48.7686],[3.4939,48.7655],[3.4915,48.7648],[3.4832,48.7655],[3.4812,48.7665],[3.4813,48.7684],[3.4797,48.7687],[3.4774,48.7685],[3.4745,48.7658],[3.4727,48.7655],[3.4698,48.7681],[3.4697,48.7715],[3.4682,48.7722],[3.4686,48.7743],[3.4669,48.7753],[3.4627,48.7754],[3.4615,48.7744],[3.4610,48.7720],[3.4572,48.7707],[3.4547,48.7717],[3.4543,48.7783],[3.4525,48.7803],[3.4469,48.7832],[3.4417,48.7821]]}},{"type":"Feature","properties":{"name":"Le Grand Morin"},"geometry":{"type":"LineString","coordinates":[[3.5311,48.7348],[3.5289,48.7324],[3.5252,48.7327],[3.5252,48.7368],[3.5203,48.7394],[3.5220,48.7412]]}},{"type":"Feature","properties":{"name":"Le Grand Morin"},"geometry":{"type":"LineString","coordinates":[[3.6732,48.7024],[3.6711,48.7016],[3.6708,48.6992],[3.6667,48.6975],[3.6628,48.6976],[3.6598,48.7003],[3.6559,48.7015],[3.6442,48.7023],[3.6281,48.6968],[3.6155,48.6983]]}},{"type":"Feature","properties":{"name":"Le Grand Morin"},"geometry":{"type":"LineString","coordinates":[[3.7039,48.7610],[3.7041,48.7604]]}},{"type":"Feature","properties":{"name":"Le Grand Morin"},"geometry":{"type":"LineString","coordinates":[[3.7091,48.7674],[3.7072,48.7666],[3.7048,48.7624]]}},{"type":"Feature","properties":{"name":"Le Grand Morin"},"geometry":{"type":"LineString","coordinates":[[3.7111,48.7689],[3.7091,48.7674]]}},{"type":"Feature","properties":{"name":"Le Grand Morin"},"geometry":{"type":"LineString","coordinates":[[3.7055,48.7609],[3.7098,48.7571]]}},{"type":"Feature","properties":{"name":"Le Grand Morin"},"geometry":{"type":"LineString","coordinates":[[3.7098,48.7571],[3.7102,48.7539],[3.7082,48.7527],[3.7063,48.7476],[3.7027,48.7461],[3.7005,48.7431],[3.6995,48.7436],[3.6965,48.7390],[3.6867,48.7335],[3.6862,48.7321],[3.6874,48.7296],[3.6867,48.7274]]}},{"type":"Feature","properties":{"name":"Le Grand Morin"},"geometry":{"type":"LineString","coordinates":[[3.7048,48.7624],[3.7039,48.7610]]}},{"type":"Feature","properties":{"name":"Le Grand Morin"},"geometry":{"type":"LineString","coordinates":[[3.7044,48.7603],[3.7075,48.7577],[3.7098,48.7571]]}},{"type":"Feature","properties":{"name":"Le Grand Morin"},"geometry":{"type":"LineString","coordinates":[[3.7041,48.7604],[3.7044,48.7603]]}},{"type":"Feature","properties":{"name":"Le Grand Morin"},"geometry":{"type":"LineString","coordinates":[[3.6867,48.7274],[3.6866,48.7270]]}},{"type":"Feature","properties":{"name":"Le Grand Morin"},"geometry":{"type":"LineString","coordinates":[[3.6866,48.7270],[3.6848,48.7238],[3.6819,48.7231],[3.6804,48.7198],[3.6821,48.7177],[3.6873,48.7180],[3.6892,48.7171],[3.6885,48.7157]]}},{"type":"Feature","properties":{"name":"Le Grand Morin"},"geometry":{"type":"LineString","coordinates":[[3.3735,48.7714],[3.3710,48.7717],[3.3659,48.7746],[3.3619,48.7752]]}},{"type":"Feature","properties":{"name":"Le Grand Morin"},"geometry":{"type":"LineString","coordinates":[[3.7055,48.7609],[3.7055,48.7609]]}},{"type":"Feature","properties":{"name":"Le Grand Morin"},"geometry":{"type":"LineString","coordinates":[[3.7048,48.7624],[3.7055,48.7609]]}},{"type":"Feature","properties":{"name":"Noue des Nageoires"},"geometry":{"type":"LineString","coordinates":[[3.5063,48.5178],[3.5047,48.5178],[3.5010,48.5135],[3.5030,48.5114],[3.5027,48.5104],[3.4996,48.5082],[3.4939,48.5010],[3.4896,48.5006],[3.4881,48.4990],[3.4856,48.4987],[3.4775,48.4995]]}},{"type":"Feature","properties":{"name":"Noue des Nageoires"},"geometry":{"type":"LineString","coordinates":[[3.5128,48.5258],[3.5137,48.5238]]}},{"type":"Feature","properties":{"name":"La Retourne"},"geometry":{"type":"LineString","coordinates":[[4.4855,49.3898],[4.4790,49.3896],[4.4746,49.3920],[4.4685,49.3933],[4.4653,49.3954],[4.4649,49.3972],[4.4557,49.3973],[4.4545,49.3993],[4.4521,49.3993],[4.4490,49.3974],[4.4469,49.3982],[4.4413,49.3968],[4.4399,49.3970],[4.4399,49.3978],[4.4330,49.3976],[4.4312,49.3983],[4.4224,49.3972],[4.4192,49.3983],[4.4172,49.3975],[4.4161,49.3986],[4.4147,49.3977],[4.4131,49.3990],[4.4092,49.3996],[4.4051,49.3983],[4.3992,49.3985],[4.3891,49.3942],[4.3825,49.3953],[4.3797,49.3967]]}},{"type":"Feature","properties":{"name":"La Retourne"},"geometry":{"type":"LineString","coordinates":[[4.3307,49.4051],[4.3215,49.4045],[4.3218,49.4053],[4.3190,49.4055],[4.3144,49.4076],[4.3139,49.4089],[4.3097,49.4114],[4.3042,49.4131],[4.3000,49.4127],[4.2999,49.4112],[4.2968,49.4113],[4.2891,49.4120],[4.2736,49.4164],[4.2700,49.4164],[4.2691,49.4154],[4.2623,49.4164]]}},{"type":"Feature","properties":{"name":"La Retourne"},"geometry":{"type":"LineString","coordinates":[[4.2623,49.4164],[4.2621,49.4165]]}},{"type":"Feature","properties":{"name":"La Retourne"},"geometry":{"type":"LineString","coordinates":[[4.2619,49.4166],[4.2606,49.4177],[4.2574,49.4170],[4.2498,49.4182],[4.2492,49.4170],[4.2424,49.4155],[4.2353,49.4165],[4.2268,49.4159],[4.2194,49.4178],[4.2190,49.4186],[4.2160,49.4183],[4.2131,49.4200],[4.2067,49.4181],[4.2024,49.4191],[4.1953,49.4176],[4.1922,49.4193],[4.1862,49.4190],[4.1842,49.4206],[4.1808,49.4213],[4.1798,49.4229],[4.1695,49.4236],[4.1692,49.4221],[4.1673,49.4227],[4.1656,49.4220],[4.1622,49.4236],[4.1624,49.4244],[4.1510,49.4266],[4.1484,49.4264],[4.1425,49.4240],[4.1383,49.4239],[4.1355,49.4252],[4.1282,49.4241],[4.1252,49.4246],[4.1228,49.4237],[4.1218,49.4222],[4.1150,49.4228],[4.1095,49.4202],[4.1054,49.4210],[4.1011,49.4202],[4.0960,49.4230],[4.0914,49.4212],[4.0883,49.4226],[4.0820,49.4203],[4.0805,49.4206],[4.0800,49.4220],[4.0734,49.4222],[4.0734,49.4232],[4.0722,49.4232],[4.0713,49.4249],[4.0690,49.4259],[4.0658,49.4253],[4.0594,49.4262],[4.0583,49.4275],[4.0569,49.4275],[4.0528,49.4317],[4.0412,49.4321]]}},{"type":"Feature","properties":{"name":"La Retourne"},"geometry":{"type":"LineString","coordinates":[[4.1613,49.4246],[4.1577,49.4264],[4.1559,49.4259]]}},{"type":"Feature","properties":{"name":"La Retourne"},"geometry":{"type":"LineString","coordinates":[[4.1344,49.4252],[4.1314,49.4248]]}},{"type":"Feature","properties":{"name":"La Retourne"},"geometry":{"type":"LineString","coordinates":[[4.1248,49.4243],[4.1236,49.4242]]}},{"type":"Feature","properties":{"name":"La Retourne"},"geometry":{"type":"LineString","coordinates":[[4.1228,49.4237],[4.1202,49.4228]]}},{"type":"Feature","properties":{"name":"La Retourne"},"geometry":{"type":"LineString","coordinates":[[4.3466,49.4022],[4.3379,49.4033],[4.3344,49.4029],[4.3334,49.4050],[4.3307,49.4051]]}},{"type":"Feature","properties":{"name":"La Retourne"},"geometry":{"type":"LineString","coordinates":[[4.3536,49.3955],[4.3497,49.3981],[4.3492,49.4000],[4.3466,49.4022]]}},{"type":"Feature","properties":{"name":"La Retourne"},"geometry":{"type":"LineString","coordinates":[[4.0412,49.4321],[4.0406,49.4322]]}},{"type":"Feature","properties":{"name":"La Retourne"},"geometry":{"type":"LineString","coordinates":[[4.0406,49.4322],[4.0385,49.4315],[4.0373,49.4323],[4.0351,49.4312],[4.0335,49.4291],[4.0314,49.4294]]}},{"type":"Feature","properties":{"name":"La Retourne"},"geometry":{"type":"LineString","coordinates":[[4.3797,49.3967],[4.3791,49.3967]]}},{"type":"Feature","properties":{"name":"La Retourne"},"geometry":{"type":"LineString","coordinates":[[4.3791,49.3967],[4.3758,49.3971],[4.3742,49.3987],[4.3706,49.3979],[4.3688,49.3986],[4.3684,49.3975],[4.3607,49.3976],[4.3595,49.3965],[4.3572,49.3963],[4.3564,49.3950],[4.3536,49.3955]]}},{"type":"Feature","properties":{"name":"La Retourne"},"geometry":{"type":"LineString","coordinates":[[4.2620,49.4165],[4.2619,49.4166]]}},{"type":"Feature","properties":{"name":"La Retourne"},"geometry":{"type":"LineString","coordinates":[[4.2621,49.4165],[4.2620,49.4165]]}},{"type":"Feature","properties":{"name":"La Retourne"},"geometry":{"type":"LineString","coordinates":[[4.5241,49.3779],[4.5231,49.3812],[4.5208,49.3838],[4.5139,49.3861],[4.5137,49.3870],[4.5117,49.3865],[4.5112,49.3876],[4.5100,49.3878],[4.5094,49.3869],[4.5021,49.3859],[4.4858,49.3898]]}},{"type":"Feature","properties":{"name":"La Retourne"},"geometry":{"type":"LineString","coordinates":[[4.4858,49.3898],[4.4855,49.3898]]}},{"type":"Feature","properties":{"name":"La Vière"},"geometry":{"type":"LineString","coordinates":[[4.7849,48.8204],[4.7834,48.8201]]}},{"type":"Feature","properties":{"name":"La Vière"},"geometry":{"type":"LineString","coordinates":[[4.8415,48.8361],[4.8396,48.8350],[4.8389,48.8359],[4.8373,48.8341],[4.8354,48.8339],[4.8357,48.8322]]}},{"type":"Feature","properties":{"name":"La Vière"},"geometry":{"type":"LineString","coordinates":[[4.8178,48.8301],[4.8163,48.8298],[4.8171,48.8294],[4.8163,48.8287],[4.8168,48.8282],[4.8157,48.8280],[4.8163,48.8273],[4.8143,48.8277],[4.8142,48.8268],[4.7957,48.8215]]}},{"type":"Feature","properties":{"name":"La Vière"},"geometry":{"type":"LineString","coordinates":[[4.8357,48.8322],[4.8350,48.8306],[4.8323,48.8309],[4.8288,48.8295],[4.8224,48.8311],[4.8178,48.8301]]}},{"type":"Feature","properties":{"name":"La Vière"},"geometry":{"type":"LineString","coordinates":[[4.8465,48.8494],[4.8466,48.8481],[4.8447,48.8471],[4.8450,48.8458],[4.8437,48.8453],[4.8451,48.8435],[4.8470,48.8429],[4.8451,48.8424],[4.8457,48.8416],[4.8447,48.8418],[4.8447,48.8410],[4.8455,48.8409],[4.8456,48.8399],[4.8417,48.8383],[4.8412,48.8373],[4.8419,48.8366]]}},{"type":"Feature","properties":{"name":"La Vière"},"geometry":{"type":"LineString","coordinates":[[4.7834,48.8201],[4.7775,48.8191],[4.7784,48.8182],[4.7757,48.8175],[4.7758,48.8168],[4.7721,48.8142],[4.7729,48.8138],[4.7718,48.8110],[4.7695,48.8105],[4.7679,48.8088],[4.7659,48.8087],[4.7616,48.8051],[4.7614,48.8025],[4.7520,48.7985],[4.7494,48.7959]]}},{"type":"Feature","properties":{"name":"La Vière"},"geometry":{"type":"LineString","coordinates":[[4.8419,48.8366],[4.8415,48.8361]]}},{"type":"Feature","properties":{"name":"La Vière"},"geometry":{"type":"LineString","coordinates":[[4.7957,48.8215],[4.7959,48.8205],[4.7910,48.8198],[4.7889,48.8197],[4.7880,48.8206]]}},{"type":"Feature","properties":{"name":"La Vière"},"geometry":{"type":"LineString","coordinates":[[4.7880,48.8206],[4.7849,48.8204]]}},{"type":"Feature","properties":{"name":"La Vière"},"geometry":{"type":"LineString","coordinates":[[4.7137,48.7912],[4.7097,48.7884],[4.7086,48.7848],[4.7070,48.7848],[4.7073,48.7834],[4.7067,48.7822],[4.7052,48.7826],[4.7052,48.7811],[4.6977,48.7794],[4.6967,48.7783],[4.6977,48.7776],[4.6961,48.7774],[4.6954,48.7759],[4.6892,48.7755],[4.6888,48.7742]]}},{"type":"Feature","properties":{"name":"La Vière"},"geometry":{"type":"LineString","coordinates":[[4.7138,48.7913],[4.7137,48.7912]]}},{"type":"Feature","properties":{"name":"La Vière"},"geometry":{"type":"LineString","coordinates":[[4.7494,48.7959],[4.7467,48.7950]]}},{"type":"Feature","properties":{"name":"La Vière"},"geometry":{"type":"LineString","coordinates":[[4.7467,48.7950],[4.7437,48.7937],[4.7401,48.7948],[4.7375,48.7936],[4.7319,48.7946],[4.7234,48.7916],[4.7167,48.7923],[4.7138,48.7913]]}},{"type":"Feature","properties":{"name":"La Traconne"},"geometry":{"type":"LineString","coordinates":[[3.4040,48.5673],[3.4027,48.5690],[3.4046,48.5708],[3.4039,48.5723],[3.3931,48.5725],[3.3903,48.5764],[3.3870,48.5770],[3.3832,48.5741],[3.3794,48.5729],[3.3795,48.5717],[3.3777,48.5714],[3.3752,48.5661],[3.3706,48.5652],[3.3606,48.5568],[3.3575,48.5553],[3.3508,48.5547]]}},{"type":"Feature","properties":{"name":"L\u0027Yèvre"},"geometry":{"type":"LineString","coordinates":[[4.7947,49.0166],[4.7929,49.0181],[4.7948,49.0220],[4.7960,49.0222],[4.7958,49.0249],[4.7970,49.0257],[4.7959,49.0267],[4.7999,49.0294],[4.7993,49.0302],[4.8006,49.0316],[4.7996,49.0328],[4.8013,49.0341],[4.8006,49.0348],[4.8026,49.0360],[4.8016,49.0370],[4.8022,49.0383],[4.8007,49.0389],[4.8013,49.0416],[4.7993,49.0424],[4.8004,49.0446],[4.8003,49.0465],[4.7990,49.0477],[4.8010,49.0500],[4.8003,49.0503],[4.8008,49.0512],[4.8045,49.0514],[4.8040,49.0523],[4.8050,49.0526],[4.8036,49.0531],[4.8051,49.0536],[4.8051,49.0571],[4.8084,49.0598],[4.8070,49.0623],[4.8077,49.0633]]}},{"type":"Feature","properties":{"name":"Rivière de Sellières"},"geometry":{"type":"LineString","coordinates":[[3.6912,48.5300],[3.6911,48.5301]]}},{"type":"Feature","properties":{"name":"Rivière de Sellières"},"geometry":{"type":"LineString","coordinates":[[3.7138,48.5234],[3.7129,48.5252],[3.7113,48.5260],[3.7119,48.5265],[3.7057,48.5292],[3.6912,48.5300]]}},{"type":"Feature","properties":{"name":"Rivière de Sellières"},"geometry":{"type":"LineString","coordinates":[[3.6911,48.5301],[3.6879,48.5329],[3.6818,48.5335],[3.6624,48.5320],[3.6575,48.5306],[3.6566,48.5284],[3.6576,48.5279],[3.6571,48.5264],[3.6542,48.5262],[3.6533,48.5246],[3.6479,48.5228],[3.6432,48.5227],[3.6385,48.5193]]}},{"type":"Feature","properties":{"name":"La Semoigne"},"geometry":{"type":"LineString","coordinates":[[3.6772,49.1167],[3.6765,49.1153],[3.6732,49.1141],[3.6709,49.1093],[3.6687,49.1082],[3.6698,49.1028],[3.6712,49.1007],[3.6707,49.0995],[3.6721,49.0981],[3.6719,49.0965],[3.6746,49.0945],[3.6747,49.0909],[3.6766,49.0897],[3.6754,49.0874],[3.6741,49.0870]]}},{"type":"Feature","properties":{"name":"La Semoigne"},"geometry":{"type":"LineString","coordinates":[[3.6767,49.1229],[3.6793,49.1205],[3.6772,49.1167]]}},{"type":"Feature","properties":{"name":"La Semoigne"},"geometry":{"type":"LineString","coordinates":[[3.6766,49.1300],[3.6755,49.1266],[3.6768,49.1245],[3.6767,49.1229]]}},{"type":"Feature","properties":{"name":"La Guenelle"},"geometry":{"type":"LineString","coordinates":[[4.5618,48.7093],[4.5628,48.7097],[4.5619,48.7109],[4.5630,48.7121],[4.5620,48.7129],[4.5643,48.7139],[4.5631,48.7150],[4.5662,48.7164],[4.5651,48.7178],[4.5653,48.7210],[4.5636,48.7230],[4.5640,48.7241],[4.5624,48.7242],[4.5624,48.7251],[4.5596,48.7266],[4.5603,48.7289],[4.5587,48.7315],[4.5609,48.7341],[4.5598,48.7361],[4.5615,48.7368],[4.5619,48.7395],[4.5608,48.7398],[4.5606,48.7417],[4.5617,48.7417],[4.5611,48.7431],[4.5627,48.7441],[4.5617,48.7451],[4.5633,48.7459],[4.5599,48.7476],[4.5600,48.7493],[4.5553,48.7518],[4.5515,48.7562]]}},{"type":"Feature","properties":{"name":"La Guenelle"},"geometry":{"type":"LineString","coordinates":[[4.5515,48.7562],[4.5452,48.7626],[4.5407,48.7701],[4.5392,48.7747],[4.5289,48.7776],[4.5249,48.7801]]}},{"type":"Feature","properties":{"name":"La Guenelle"},"geometry":{"type":"LineString","coordinates":[[4.5249,48.7801],[4.5227,48.7822],[4.5233,48.7833],[4.5207,48.7871],[4.5191,48.7879],[4.5195,48.7885],[4.5153,48.7917],[4.5160,48.7936],[4.5143,48.7936],[4.5139,48.7952],[4.5149,48.7958],[4.5116,48.7981],[4.5090,48.8020],[4.5029,48.8047],[4.4969,48.8103]]}},{"type":"Feature","properties":{"name":"La Guenelle"},"geometry":{"type":"LineString","coordinates":[[4.4969,48.8103],[4.4917,48.8196],[4.4892,48.8295],[4.4844,48.8312],[4.4781,48.8353],[4.4720,48.8367],[4.4714,48.8380],[4.4697,48.8384],[4.4687,48.8400],[4.4649,48.8424],[4.4644,48.8439],[4.4615,48.8460],[4.4623,48.8468],[4.4563,48.8522],[4.4501,48.8525],[4.4495,48.8539],[4.4461,48.8524],[4.4436,48.8550],[4.4402,48.8554],[4.4320,48.8593],[4.4266,48.8653],[4.4266,48.8697]]}},{"type":"Feature","properties":{"name":"La Guenelle"},"geometry":{"type":"LineString","coordinates":[[4.5575,48.7081],[4.5618,48.7093]]}},{"type":"Feature","properties":{"name":"La Seine"},"geometry":{"type":"LineString","coordinates":[[3.7149,48.5578],[3.7087,48.5533],[3.7019,48.5530],[3.6993,48.5519],[3.6968,48.5497],[3.6933,48.5483],[3.6926,48.5455],[3.6912,48.5449],[3.6882,48.5455],[3.6884,48.5500],[3.6866,48.5513],[3.6695,48.5448],[3.6649,48.5462],[3.6624,48.5445],[3.6597,48.5442],[3.6587,48.5445],[3.6572,48.5476],[3.6543,48.5478],[3.6533,48.5464],[3.6575,48.5423],[3.6545,48.5407],[3.6528,48.5414],[3.6519,48.5432],[3.6489,48.5431],[3.6482,48.5423],[3.6503,48.5413],[3.6504,48.5394]]}},{"type":"Feature","properties":{"name":"La Seine"},"geometry":{"type":"LineString","coordinates":[[3.4527,48.4848],[3.4455,48.4893],[3.4443,48.4940],[3.4428,48.4949],[3.4405,48.4945],[3.4398,48.4906],[3.4301,48.4901],[3.4290,48.4886],[3.4330,48.4839],[3.4308,48.4800],[3.4339,48.4759],[3.4342,48.4736],[3.4273,48.4697],[3.4232,48.4692],[3.4204,48.4706],[3.4218,48.4734],[3.4186,48.4743],[3.4167,48.4730],[3.4170,48.4707],[3.4143,48.4667],[3.3961,48.4661],[3.3941,48.4643],[3.3951,48.4613],[3.3932,48.4602],[3.3892,48.4601],[3.3882,48.4588],[3.3880,48.4557],[3.3870,48.4549],[3.3857,48.4548],[3.3850,48.4575],[3.3823,48.4594],[3.3709,48.4644],[3.3683,48.4641],[3.3627,48.4614],[3.3589,48.4637]]}},{"type":"Feature","properties":{"name":"La Seine"},"geometry":{"type":"LineString","coordinates":[[3.4692,48.4952],[3.4619,48.4919],[3.4577,48.4913],[3.4569,48.4889]]}},{"type":"Feature","properties":{"name":"La Seine"},"geometry":{"type":"LineString","coordinates":[[3.4569,48.4889],[3.4573,48.4871]]}},{"type":"Feature","properties":{"name":"La Seine"},"geometry":{"type":"LineString","coordinates":[[3.4569,48.4889],[3.4573,48.4871]]}},{"type":"Feature","properties":{"name":"La Seine"},"geometry":{"type":"LineString","coordinates":[[3.4573,48.4871],[3.4585,48.4845],[3.4579,48.4814],[3.4560,48.4810],[3.4541,48.4829]]}},{"type":"Feature","properties":{"name":"La Seine"},"geometry":{"type":"LineString","coordinates":[[3.5304,48.5194],[3.5294,48.5218],[3.5276,48.5213],[3.5265,48.5178],[3.5285,48.5154],[3.5314,48.5146],[3.5274,48.5125],[3.5263,48.5101],[3.5238,48.5081],[3.5179,48.5060],[3.5114,48.5069],[3.5083,48.5058]]}},{"type":"Feature","properties":{"name":"La Seine"},"geometry":{"type":"LineString","coordinates":[[3.5083,48.5058],[3.5067,48.5036],[3.5066,48.5016]]}},{"type":"Feature","properties":{"name":"La Seine"},"geometry":{"type":"LineString","coordinates":[[3.9948,48.3792],[3.9910,48.3803],[3.9870,48.3800],[3.9850,48.3821],[3.9780,48.3845],[3.9716,48.3932],[3.9725,48.3945],[3.9748,48.3934],[3.9754,48.3954],[3.9703,48.3961],[3.9702,48.3979],[3.9691,48.3984],[3.9704,48.4020],[3.9653,48.4033],[3.9631,48.4069],[3.9640,48.4081],[3.9636,48.4088],[3.9562,48.4109],[3.9560,48.4137],[3.9586,48.4144],[3.9583,48.4155],[3.9548,48.4165],[3.9510,48.4194],[3.9461,48.4208],[3.9440,48.4251],[3.9445,48.4262],[3.9463,48.4267],[3.9463,48.4276],[3.9404,48.4315],[3.9427,48.4322],[3.9453,48.4302],[3.9448,48.4325],[3.9405,48.4349],[3.9372,48.4349],[3.9370,48.4358],[3.9406,48.4358],[3.9416,48.4381],[3.9381,48.4393],[3.9383,48.4405],[3.9368,48.4421],[3.9407,48.4432],[3.9408,48.4445],[3.9428,48.4460],[3.9417,48.4467],[3.9387,48.4454],[3.9359,48.4460],[3.9347,48.4469],[3.9382,48.4491],[3.9381,48.4499],[3.9342,48.4504],[3.9312,48.4492],[3.9303,48.4525],[3.9234,48.4515],[3.9240,48.4540],[3.9224,48.4571],[3.9182,48.4576],[3.9204,48.4629],[3.9181,48.4618],[3.9144,48.4623],[3.9129,48.4668],[3.9104,48.4681],[3.9106,48.4700],[3.9076,48.4707],[3.9054,48.4727],[3.9026,48.4729],[3.9005,48.4758],[3.9000,48.4791],[3.8984,48.4799],[3.8954,48.4795],[3.8945,48.4813],[3.8960,48.4831],[3.9015,48.4853],[3.9001,48.4878],[3.8977,48.4879],[3.9002,48.4915],[3.8992,48.4945],[3.9009,48.4957],[3.8992,48.4964],[3.9005,48.4975],[3.8993,48.4990],[3.9009,48.4992],[3.8998,48.5006],[3.9005,48.5015],[3.8956,48.5021],[3.8957,48.5036],[3.8977,48.5035],[3.8975,48.5041],[3.8842,48.5091],[3.8803,48.5116],[3.8775,48.5108],[3.8791,48.5090],[3.8743,48.5086],[3.8735,48.5095],[3.8752,48.5101],[3.8748,48.5106],[3.8683,48.5104],[3.8666,48.5121],[3.8651,48.5111],[3.8639,48.5125],[3.8613,48.5120],[3.8615,48.5140],[3.8593,48.5163],[3.8579,48.5161],[3.8568,48.5147],[3.8573,48.5133],[3.8560,48.5130],[3.8554,48.5144],[3.8508,48.5152],[3.8557,48.5162],[3.8546,48.5171],[3.8472,48.5170],[3.8473,48.5186],[3.8417,48.5195],[3.8403,48.5223],[3.8390,48.5225]]}},{"type":"Feature","properties":{"name":"La Seine"},"geometry":{"type":"LineString","coordinates":[[3.8390,48.5225],[3.8388,48.5214],[3.8350,48.5199],[3.8309,48.5203],[3.8277,48.5189],[3.8234,48.5202],[3.8192,48.5187],[3.8178,48.5206],[3.8180,48.5220],[3.8161,48.5210],[3.8114,48.5213],[3.8148,48.5226],[3.8131,48.5234],[3.8132,48.5255],[3.8115,48.5251],[3.8112,48.5237],[3.8091,48.5246],[3.8071,48.5233],[3.8056,48.5239],[3.8053,48.5224],[3.8020,48.5245],[3.8011,48.5233],[3.7975,48.5232],[3.7968,48.5243],[3.7974,48.5251],[3.7964,48.5258],[3.7946,48.5250],[3.7928,48.5257],[3.7929,48.5237],[3.7894,48.5245],[3.7842,48.5231],[3.7810,48.5238],[3.7829,48.5249],[3.7828,48.5261],[3.7767,48.5264],[3.7751,48.5286],[3.7736,48.5266],[3.7721,48.5269],[3.7725,48.5284],[3.7717,48.5290],[3.7656,48.5270],[3.7632,48.5284],[3.7571,48.5275],[3.7569,48.5288],[3.7559,48.5290],[3.7542,48.5280],[3.7474,48.5334],[3.7447,48.5321],[3.7424,48.5324],[3.7429,48.5339],[3.7413,48.5341],[3.7404,48.5359],[3.7409,48.5374],[3.7391,48.5375],[3.7379,48.5388],[3.7351,48.5374],[3.7354,48.5391],[3.7315,48.5396],[3.7308,48.5418],[3.7320,48.5426],[3.7292,48.5433],[3.7304,48.5437],[3.7307,48.5451],[3.7294,48.5472],[3.7311,48.5484],[3.7285,48.5488],[3.7281,48.5497],[3.7301,48.5496],[3.7303,48.5513],[3.7294,48.5518],[3.7302,48.5529]]}},{"type":"Feature","properties":{"name":"La Seine"},"geometry":{"type":"LineString","coordinates":[[3.7302,48.5529],[3.7288,48.5571],[3.7280,48.5571],[3.7277,48.5550],[3.7269,48.5547],[3.7250,48.5550],[3.7253,48.5563],[3.7236,48.5567],[3.7234,48.5579],[3.7218,48.5558],[3.7207,48.5583],[3.7177,48.5589],[3.7149,48.5578]]}},{"type":"Feature","properties":{"name":"La Seine"},"geometry":{"type":"LineString","coordinates":[[3.6439,48.5365],[3.6401,48.5346],[3.6394,48.5297],[3.6377,48.5299],[3.6368,48.5321],[3.6352,48.5330],[3.6285,48.5297],[3.6260,48.5270],[3.6226,48.5284],[3.6202,48.5283],[3.6182,48.5261],[3.6217,48.5258],[3.6200,48.5233],[3.6166,48.5235],[3.6131,48.5225],[3.6110,48.5188],[3.6075,48.5173],[3.6046,48.5181],[3.6053,48.5207],[3.6040,48.5222],[3.5973,48.5221],[3.5946,48.5236],[3.5906,48.5226],[3.5910,48.5201],[3.5903,48.5191],[3.5843,48.5139],[3.5816,48.5140],[3.5745,48.5173],[3.5714,48.5171],[3.5709,48.5159],[3.5747,48.5139],[3.5734,48.5128],[3.5696,48.5131],[3.5687,48.5172],[3.5667,48.5197],[3.5634,48.5158],[3.5611,48.5147],[3.5478,48.5189],[3.5470,48.5179],[3.5482,48.5160],[3.5419,48.5156],[3.5407,48.5188],[3.5371,48.5201],[3.5356,48.5196],[3.5360,48.5184],[3.5350,48.5167],[3.5304,48.5194]]}},{"type":"Feature","properties":{"name":"La Seine"},"geometry":{"type":"LineString","coordinates":[[3.6504,48.5394],[3.6439,48.5365]]}},{"type":"Feature","properties":{"name":"La Seine"},"geometry":{"type":"LineString","coordinates":[[3.4962,48.4934],[3.4935,48.4919],[3.4895,48.4915],[3.4855,48.4935],[3.4692,48.4952]]}},{"type":"Feature","properties":{"name":"La Seine"},"geometry":{"type":"LineString","coordinates":[[3.4989,48.4949],[3.4962,48.4934]]}},{"type":"Feature","properties":{"name":"La Seine"},"geometry":{"type":"LineString","coordinates":[[3.5050,48.5005],[3.4988,48.4978],[3.4982,48.4954],[3.4962,48.4934]]}},{"type":"Feature","properties":{"name":"La Seine"},"geometry":{"type":"LineString","coordinates":[[3.5023,48.4976],[3.4991,48.4980]]}},{"type":"Feature","properties":{"name":"La Seine"},"geometry":{"type":"LineString","coordinates":[[3.5066,48.5016],[3.5023,48.4976]]}},{"type":"Feature","properties":{"name":"La Seine"},"geometry":{"type":"LineString","coordinates":[[3.5023,48.4976],[3.4989,48.4949]]}},{"type":"Feature","properties":{"name":"La Héronne"},"geometry":{"type":"LineString","coordinates":[[4.7116,48.5219],[4.7074,48.5211],[4.7061,48.5195],[4.7060,48.5176],[4.7033,48.5159],[4.7034,48.5146],[4.6977,48.5127],[4.6962,48.5074],[4.6885,48.5058],[4.6887,48.5032]]}},{"type":"Feature","properties":{"name":"La Héronne"},"geometry":{"type":"LineString","coordinates":[[4.6984,48.4993],[4.7011,48.4984]]}},{"type":"Feature","properties":{"name":"La Héronne"},"geometry":{"type":"LineString","coordinates":[[4.6887,48.5032],[4.6932,48.4998],[4.6984,48.4993]]}},{"type":"Feature","properties":{"name":"La Héronne"},"geometry":{"type":"LineString","coordinates":[[4.7012,48.4984],[4.7021,48.4967]]}},{"type":"Feature","properties":{"name":"La Héronne"},"geometry":{"type":"LineString","coordinates":[[4.7011,48.4984],[4.7012,48.4984]]}},{"type":"Feature","properties":{"name":"La Superbe"},"geometry":{"type":"LineString","coordinates":[[3.8740,48.6883],[3.8739,48.6880]]}},{"type":"Feature","properties":{"name":"La Superbe"},"geometry":{"type":"LineString","coordinates":[[3.9059,48.6131],[3.9086,48.6091],[3.9059,48.6045],[3.9059,48.6010],[3.9033,48.5967],[3.9037,48.5947],[3.8978,48.5902],[3.8986,48.5878],[3.8962,48.5871]]}},{"type":"Feature","properties":{"name":"La Superbe"},"geometry":{"type":"LineString","coordinates":[[3.8962,48.5871],[3.8948,48.5871],[3.8927,48.5841],[3.8906,48.5845],[3.8882,48.5833],[3.8873,48.5790]]}},{"type":"Feature","properties":{"name":"La Superbe"},"geometry":{"type":"LineString","coordinates":[[3.8900,48.6441],[3.9000,48.6387],[3.9017,48.6368],[3.9023,48.6330],[3.9007,48.6301],[3.9013,48.6252],[3.9003,48.6226],[3.9059,48.6131]]}},{"type":"Feature","properties":{"name":"La Superbe"},"geometry":{"type":"LineString","coordinates":[[3.8739,48.6880],[3.8738,48.6879]]}},{"type":"Feature","properties":{"name":"La Superbe"},"geometry":{"type":"LineString","coordinates":[[3.8738,48.6879],[3.8722,48.6848],[3.8729,48.6838],[3.8700,48.6807],[3.8739,48.6741],[3.8751,48.6690],[3.8744,48.6669],[3.8705,48.6649],[3.8708,48.6581],[3.8736,48.6560],[3.8769,48.6549],[3.8798,48.6511],[3.8900,48.6441]]}},{"type":"Feature","properties":{"name":"La Marne"},"geometry":{"type":"LineString","coordinates":[[4.3543,48.9485],[4.3490,48.9578],[4.3328,48.9733],[4.3308,48.9775],[4.3282,48.9792],[4.3071,48.9774],[4.2999,48.9777],[4.2949,48.9800],[4.2989,48.9806],[4.2999,48.9826],[4.2952,48.9841],[4.2910,48.9818],[4.2879,48.9851],[4.2869,48.9877],[4.2827,48.9863],[4.2812,48.9884],[4.2766,48.9904],[4.2723,48.9882],[4.2682,48.9908],[4.2634,48.9907],[4.2622,48.9919],[4.2648,48.9939],[4.2631,48.9952],[4.2605,48.9946],[4.2598,48.9927],[4.2575,48.9910],[4.2498,48.9970],[4.2481,48.9971],[4.2457,48.9953],[4.2433,48.9956],[4.2375,48.9987],[4.2349,49.0047],[4.2311,49.0029],[4.2346,49.0011],[4.2339,48.9997],[4.2325,48.9996],[4.2283,49.0000],[4.2289,49.0021],[4.2261,49.0041],[4.2248,49.0040],[4.2235,49.0013],[4.2226,49.0011],[4.2182,49.0047],[4.2170,49.0045],[4.2174,49.0025],[4.2164,49.0019],[4.2095,49.0039],[4.2065,49.0063],[4.2059,49.0083],[4.2063,49.0133],[4.2096,49.0178],[4.2047,49.0209],[4.1996,49.0181],[4.1952,49.0216],[4.1957,49.0224],[4.1989,49.0224],[4.1991,49.0232],[4.1940,49.0237],[4.1917,49.0250],[4.1886,49.0246],[4.1869,49.0277],[4.1893,49.0288],[4.1896,49.0302],[4.1947,49.0289],[4.1971,49.0312],[4.1911,49.0334],[4.1899,49.0362],[4.1885,49.0360],[4.1873,49.0343],[4.1860,49.0346],[4.1862,49.0378],[4.1779,49.0414],[4.1732,49.0416],[4.1692,49.0403],[4.1657,49.0377],[4.1632,49.0375],[4.1619,49.0382],[4.1645,49.0404],[4.1644,49.0412],[4.1520,49.0419],[4.1383,49.0453],[4.1288,49.0444],[4.1227,49.0406],[4.1215,49.0411],[4.1210,49.0427],[4.1236,49.0455],[4.1209,49.0459],[4.1101,49.0447],[4.1041,49.0429],[4.0971,49.0442],[4.0960,49.0434],[4.0960,49.0407],[4.0942,49.0398],[4.0893,49.0398],[4.0880,49.0421],[4.0835,49.0426],[4.0827,49.0418],[4.0842,49.0400],[4.0835,49.0386],[4.0748,49.0366],[4.0733,49.0377],[4.0752,49.0393],[4.0752,49.0408],[4.0714,49.0417],[4.0689,49.0442],[4.0610,49.0445],[4.0535,49.0410],[4.0437,49.0414],[4.0283,49.0448],[4.0238,49.0445],[4.0209,49.0434],[4.0219,49.0414],[4.0199,49.0405],[4.0152,49.0419],[4.0164,49.0434],[4.0199,49.0443],[4.0206,49.0457],[4.0172,49.0476],[4.0134,49.0442],[4.0117,49.0440],[4.0110,49.0449],[4.0129,49.0472],[4.0103,49.0482],[4.0079,49.0478],[4.0085,49.0450],[4.0077,49.0442],[4.0016,49.0427],[4.0035,49.0397],[3.9969,49.0407],[3.9960,49.0399],[3.9965,49.0381],[3.9893,49.0377],[3.9819,49.0386],[3.9781,49.0442],[3.9756,49.0449]]}},{"type":"Feature","properties":{"name":"La Marne"},"geometry":{"type":"LineString","coordinates":[[5.1364,48.4599],[5.1337,48.4615],[5.1325,48.4638],[5.1339,48.4662],[5.1335,48.4681],[5.1350,48.4718],[5.1289,48.4769],[5.1305,48.4852],[5.1286,48.4882],[5.1294,48.4909],[5.1280,48.4942],[5.1279,48.4969],[5.1235,48.4995],[5.1245,48.5026],[5.1221,48.5073],[5.1119,48.5140],[5.1132,48.5153],[5.1180,48.5140],[5.1143,48.5194],[5.1060,48.5236],[5.1053,48.5271],[5.1042,48.5282],[5.0994,48.5291],[5.0978,48.5306],[5.0988,48.5311],[5.0983,48.5340],[5.0993,48.5382],[5.0981,48.5426],[5.0892,48.5458],[5.0846,48.5464],[5.0826,48.5477],[5.0735,48.5486],[5.0647,48.5569],[5.0575,48.5597],[5.0553,48.5612],[5.0553,48.5628],[5.0485,48.5669]]}},{"type":"Feature","properties":{"name":"La Marne"},"geometry":{"type":"LineString","coordinates":[[3.4902,49.0725],[3.4861,49.0716],[3.4843,49.0698]]}},{"type":"Feature","properties":{"name":"La Marne"},"geometry":{"type":"LineString","coordinates":[[3.9426,49.0713],[3.9388,49.0724],[3.9283,49.0708],[3.9235,49.0689],[3.9197,49.0657],[3.9161,49.0662]]}},{"type":"Feature","properties":{"name":"La Marne"},"geometry":{"type":"LineString","coordinates":[[4.5032,48.8270],[4.5047,48.8277]]}},{"type":"Feature","properties":{"name":"La Marne"},"geometry":{"type":"LineString","coordinates":[[4.5197,48.8152],[4.5195,48.8163]]}},{"type":"Feature","properties":{"name":"La Marne"},"geometry":{"type":"LineString","coordinates":[[4.5989,48.6820],[4.5972,48.6827],[4.5991,48.6826]]}},{"type":"Feature","properties":{"name":"La Marne"},"geometry":{"type":"LineString","coordinates":[[4.6138,48.6776],[4.6123,48.6774]]}},{"type":"Feature","properties":{"name":"La Marne"},"geometry":{"type":"LineString","coordinates":[[4.5984,48.6801],[4.5991,48.6826],[4.6019,48.6838],[4.6006,48.6848],[4.6026,48.6853],[4.6051,48.6842],[4.6046,48.6854],[4.6053,48.6869],[4.6020,48.6894],[4.5998,48.6896],[4.5980,48.6915],[4.5942,48.6909],[4.5930,48.6896],[4.5898,48.6887],[4.5892,48.6904],[4.5912,48.6922],[4.5866,48.6936],[4.5882,48.6970],[4.5871,48.6993],[4.5877,48.7005],[4.5799,48.7041],[4.5775,48.7077],[4.5747,48.7078],[4.5710,48.7062],[4.5680,48.7084],[4.5683,48.7097],[4.5702,48.7100],[4.5734,48.7086],[4.5741,48.7107],[4.5729,48.7122],[4.5766,48.7139],[4.5752,48.7147],[4.5756,48.7156],[4.5778,48.7154],[4.5779,48.7128],[4.5800,48.7133],[4.5796,48.7162],[4.5777,48.7182],[4.5780,48.7201],[4.5763,48.7223],[4.5750,48.7270],[4.5811,48.7325],[4.5803,48.7350],[4.5815,48.7404],[4.5785,48.7429],[4.5788,48.7435],[4.5813,48.7434],[4.5816,48.7455],[4.5768,48.7459],[4.5720,48.7485],[4.5661,48.7491],[4.5662,48.7519],[4.5644,48.7536],[4.5677,48.7552],[4.5672,48.7576],[4.5651,48.7595],[4.5612,48.7582],[4.5570,48.7547],[4.5554,48.7550],[4.5536,48.7568],[4.5547,48.7589],[4.5542,48.7611],[4.5563,48.7617],[4.5596,48.7608],[4.5610,48.7616],[4.5575,48.7676],[4.5430,48.7749],[4.5387,48.7786],[4.5318,48.7793],[4.5316,48.7818],[4.5285,48.7836],[4.5315,48.7854],[4.5313,48.7879],[4.5327,48.7899],[4.5310,48.7935],[4.5278,48.7946],[4.5265,48.7968],[4.5214,48.8010],[4.5152,48.8030],[4.5171,48.8058],[4.5188,48.8054],[4.5200,48.8031],[4.5219,48.8047],[4.5214,48.8056],[4.5191,48.8061],[4.5208,48.8087],[4.5188,48.8119],[4.5199,48.8134],[4.5198,48.8159],[4.5180,48.8208],[4.5150,48.8235],[4.5104,48.8250],[4.5032,48.8252],[4.5001,48.8269],[4.5007,48.8275],[4.5028,48.8269],[4.5069,48.8277],[4.5121,48.8306],[4.5121,48.8312],[4.5080,48.8321],[4.5109,48.8341],[4.5102,48.8356],[4.4917,48.8453],[4.4874,48.8457],[4.4818,48.8446],[4.4775,48.8466],[4.4777,48.8479],[4.4847,48.8516],[4.4825,48.8545]]}},{"type":"Feature","properties":{"name":"La Marne"},"geometry":{"type":"LineString","coordinates":[[5.0403,48.5832],[5.0414,48.5868],[5.0380,48.5922],[5.0381,48.5942]]}},{"type":"Feature","properties":{"name":"La Marne"},"geometry":{"type":"LineString","coordinates":[[5.0497,48.5658],[5.0468,48.5662],[5.0447,48.5683]]}},{"type":"Feature","properties":{"name":"La Marne"},"geometry":{"type":"LineString","coordinates":[[5.0500,48.5657],[5.0472,48.5660]]}},{"type":"Feature","properties":{"name":"La Marne"},"geometry":{"type":"LineString","coordinates":[[3.9161,49.0662],[3.9139,49.0627],[3.9110,49.0613],[3.9041,49.0638],[3.9036,49.0662]]}},{"type":"Feature","properties":{"name":"La Marne"},"geometry":{"type":"LineString","coordinates":[[3.4843,49.0698],[3.4820,49.0674]]}},{"type":"Feature","properties":{"name":"La Marne"},"geometry":{"type":"LineString","coordinates":[[3.9036,49.0662],[3.9006,49.0663],[3.8974,49.0647],[3.8890,49.0656],[3.8807,49.0676],[3.8732,49.0718],[3.8642,49.0731]]}},{"type":"Feature","properties":{"name":"La Marne"},"geometry":{"type":"LineString","coordinates":[[3.8642,49.0731],[3.8612,49.0709],[3.8604,49.0678],[3.8619,49.0657],[3.8605,49.0652],[3.8547,49.0676],[3.8533,49.0709],[3.8463,49.0710],[3.8455,49.0715],[3.8468,49.0736],[3.8400,49.0738],[3.8393,49.0756]]}},{"type":"Feature","properties":{"name":"La Marne"},"geometry":{"type":"LineString","coordinates":[[3.5976,49.0608],[3.5919,49.0603]]}},{"type":"Feature","properties":{"name":"La Marne"},"geometry":{"type":"LineString","coordinates":[[3.5919,49.0603],[3.5750,49.0558],[3.5644,49.0582],[3.5611,49.0611],[3.5589,49.0706],[3.5541,49.0806],[3.5492,49.0848],[3.5404,49.0867],[3.5317,49.0840],[3.5274,49.0739],[3.5228,49.0693],[3.5200,49.0689],[3.5124,49.0717],[3.5030,49.0720],[3.5005,49.0713],[3.4926,49.0728],[3.4843,49.0698]]}},{"type":"Feature","properties":{"name":"La Marne"},"geometry":{"type":"LineString","coordinates":[[3.3747,49.0000],[3.3647,48.9998],[3.3578,48.9980],[3.3474,48.9990],[3.3435,48.9982],[3.3436,48.9950],[3.3491,48.9813],[3.3473,48.9790],[3.3348,48.9715],[3.3206,48.9697],[3.3016,48.9700],[3.2959,48.9688],[3.2858,48.9709],[3.2800,48.9681]]}},{"type":"Feature","properties":{"name":"La Marne"},"geometry":{"type":"LineString","coordinates":[[3.7303,49.0944],[3.7276,49.0950],[3.7248,49.0984]]}},{"type":"Feature","properties":{"name":"La Marne"},"geometry":{"type":"LineString","coordinates":[[3.3775,49.0022],[3.3747,49.0000]]}},{"type":"Feature","properties":{"name":"La Marne"},"geometry":{"type":"LineString","coordinates":[[3.4820,49.0674],[3.4772,49.0602],[3.4763,49.0570],[3.4718,49.0491],[3.4685,49.0451],[3.4663,49.0441],[3.4563,49.0435],[3.4308,49.0460],[3.4243,49.0432],[3.4185,49.0424],[3.4111,49.0423],[3.4039,49.0441],[3.3932,49.0421],[3.3874,49.0392],[3.3825,49.0345],[3.3821,49.0296],[3.3793,49.0215],[3.3800,49.0188],[3.3776,49.0145],[3.3790,49.0070],[3.3775,49.0022]]}},{"type":"Feature","properties":{"name":"La Marne"},"geometry":{"type":"LineString","coordinates":[[3.8393,49.0756],[3.8363,49.0759],[3.8312,49.0739],[3.8233,49.0724],[3.8069,49.0765],[3.8028,49.0765],[3.7970,49.0817],[3.7932,49.0833],[3.7900,49.0819],[3.7848,49.0831],[3.7782,49.0810],[3.7710,49.0811],[3.7597,49.0839],[3.7574,49.0864],[3.7515,49.0867],[3.7391,49.0923],[3.7303,49.0944]]}},{"type":"Feature","properties":{"name":"La Marne"},"geometry":{"type":"LineString","coordinates":[[3.7248,49.0984],[3.7156,49.0976],[3.7106,49.0938],[3.7032,49.0904],[3.6955,49.0894],[3.6911,49.0878],[3.6847,49.0884],[3.6789,49.0855],[3.6645,49.0887],[3.6459,49.0904],[3.6420,49.0877],[3.6399,49.0844],[3.6384,49.0768],[3.6326,49.0723],[3.6250,49.0708],[3.6190,49.0712],[3.6127,49.0735],[3.6103,49.0734],[3.6041,49.0693],[3.6028,49.0635],[3.5976,49.0608]]}},{"type":"Feature","properties":{"name":"La Marne"},"geometry":{"type":"LineString","coordinates":[[3.9756,49.0449],[3.9692,49.0436],[3.9641,49.0467],[3.9608,49.0544],[3.9608,49.0583],[3.9446,49.0628],[3.9436,49.0643],[3.9439,49.0666],[3.9426,49.0713]]}},{"type":"Feature","properties":{"name":"La Marne"},"geometry":{"type":"LineString","coordinates":[[4.9692,48.6295],[4.9650,48.6290],[4.9595,48.6312]]}},{"type":"Feature","properties":{"name":"La Marne"},"geometry":{"type":"LineString","coordinates":[[4.9915,48.6262],[4.9867,48.6292],[4.9810,48.6308],[4.9692,48.6295]]}},{"type":"Feature","properties":{"name":"La Marne"},"geometry":{"type":"LineString","coordinates":[[4.9416,48.6305],[4.9382,48.6315],[4.9389,48.6341],[4.9375,48.6355],[4.9330,48.6371]]}},{"type":"Feature","properties":{"name":"La Marne"},"geometry":{"type":"LineString","coordinates":[[4.9595,48.6312],[4.9547,48.6329]]}},{"type":"Feature","properties":{"name":"La Marne"},"geometry":{"type":"LineString","coordinates":[[4.9330,48.6371],[4.9304,48.6373],[4.9296,48.6357],[4.9312,48.6305],[4.9284,48.6305],[4.9265,48.6335],[4.9217,48.6332],[4.9182,48.6295],[4.9187,48.6281],[4.9219,48.6283],[4.9208,48.6262],[4.9183,48.6251],[4.9175,48.6229],[4.9120,48.6188],[4.9073,48.6174],[4.8998,48.6195],[4.8956,48.6238],[4.8901,48.6226],[4.8852,48.6200],[4.8844,48.6226],[4.8866,48.6258],[4.8853,48.6271],[4.8844,48.6275],[4.8830,48.6258],[4.8782,48.6271],[4.8690,48.6270],[4.8599,48.6310],[4.8566,48.6350],[4.8543,48.6363],[4.8448,48.6367],[4.8394,48.6355],[4.8368,48.6373],[4.8361,48.6421],[4.8275,48.6469],[4.8217,48.6446],[4.8212,48.6420],[4.8235,48.6405],[4.8192,48.6382],[4.8183,48.6385],[4.8188,48.6404],[4.8115,48.6440],[4.8067,48.6429],[4.8054,48.6406],[4.7957,48.6437],[4.7945,48.6417],[4.7913,48.6411],[4.7882,48.6423],[4.7855,48.6472],[4.7844,48.6477],[4.7777,48.6461],[4.7761,48.6409],[4.7687,48.6430],[4.7639,48.6415],[4.7633,48.6403],[4.7643,48.6387],[4.7563,48.6358],[4.7523,48.6309],[4.7488,48.6317],[4.7514,48.6346],[4.7460,48.6357],[4.7433,48.6339],[4.7384,48.6331],[4.7370,48.6308],[4.7350,48.6302],[4.7330,48.6309],[4.7303,48.6338],[4.7234,48.6330],[4.7200,48.6342],[4.7144,48.6306],[4.7094,48.6295],[4.7051,48.6306],[4.7019,48.6299],[4.6979,48.6322],[4.6950,48.6320],[4.6933,48.6337],[4.6889,48.6349],[4.6860,48.6369],[4.6875,48.6382],[4.6831,48.6385],[4.6789,48.6425],[4.6758,48.6429],[4.6648,48.6415],[4.6555,48.6451],[4.6503,48.6490],[4.6520,48.6508],[4.6515,48.6516],[4.6492,48.6521],[4.6476,48.6506],[4.6457,48.6507],[4.6440,48.6513],[4.6407,48.6555],[4.6362,48.6557],[4.6381,48.6593],[4.6346,48.6613],[4.6325,48.6643],[4.6286,48.6650],[4.6289,48.6676],[4.6232,48.6689],[4.6166,48.6661],[4.6130,48.6675],[4.6129,48.6683],[4.6159,48.6686],[4.6153,48.6702],[4.6175,48.6709],[4.6153,48.6748],[4.6173,48.6754],[4.6165,48.6762],[4.6142,48.6775],[4.6097,48.6784],[4.5997,48.6761],[4.5960,48.6776],[4.5984,48.6801]]}},{"type":"Feature","properties":{"name":"La Marne"},"geometry":{"type":"LineString","coordinates":[[4.9547,48.6329],[4.9491,48.6330],[4.9416,48.6305]]}},{"type":"Feature","properties":{"name":"La Marne"},"geometry":{"type":"LineString","coordinates":[[4.3949,48.9050],[4.3864,48.9102],[4.3829,48.9151],[4.3759,48.9168],[4.3749,48.9194],[4.3712,48.9203],[4.3566,48.9318],[4.3551,48.9342],[4.3547,48.9377],[4.3528,48.9406],[4.3551,48.9469],[4.3543,48.9485]]}},{"type":"Feature","properties":{"name":"La Marne"},"geometry":{"type":"LineString","coordinates":[[4.4825,48.8545],[4.4760,48.8607],[4.4707,48.8636],[4.4629,48.8649],[4.4606,48.8633],[4.4593,48.8635],[4.4584,48.8649],[4.4622,48.8657],[4.4631,48.8670],[4.4580,48.8691],[4.4530,48.8692],[4.4514,48.8727],[4.4497,48.8724],[4.4485,48.8694],[4.4459,48.8680],[4.4469,48.8658],[4.4490,48.8645],[4.4469,48.8632],[4.4418,48.8637],[4.4399,48.8656],[4.4360,48.8659],[4.4364,48.8671],[4.4393,48.8678],[4.4393,48.8690],[4.4317,48.8676],[4.4308,48.8683],[4.4310,48.8709],[4.4300,48.8717],[4.4278,48.8696],[4.4266,48.8697],[4.4228,48.8769],[4.4243,48.8834],[4.4231,48.8893],[4.4206,48.8911],[4.4134,48.8925],[4.4128,48.8955],[4.4087,48.8999],[4.3949,48.9050]]}},{"type":"Feature","properties":{"name":"La Marne"},"geometry":{"type":"LineString","coordinates":[[5.0770,48.5533],[5.0675,48.5542]]}},{"type":"Feature","properties":{"name":"La Marne"},"geometry":{"type":"LineString","coordinates":[[5.0408,48.5824],[5.0403,48.5831]]}},{"type":"Feature","properties":{"name":"La Marne"},"geometry":{"type":"LineString","coordinates":[[5.0403,48.5831],[5.0403,48.5832]]}},{"type":"Feature","properties":{"name":"La Marne"},"geometry":{"type":"LineString","coordinates":[[5.0485,48.5669],[5.0449,48.5681],[5.0431,48.5702],[5.0418,48.5743],[5.0424,48.5777],[5.0404,48.5802],[5.0408,48.5824],[5.0428,48.5837],[5.0430,48.5874],[5.0347,48.5985],[5.0347,48.6025],[5.0426,48.6080],[5.0404,48.6122],[5.0341,48.6137],[5.0268,48.6119],[5.0187,48.6120],[5.0139,48.6102],[5.0064,48.6113],[4.9995,48.6147],[4.9915,48.6262]]}},{"type":"Feature","properties":{"name":"La Marne"},"geometry":{"type":"LineString","coordinates":[[5.0485,48.5669],[5.0485,48.5669]]}},{"type":"Feature","properties":{"name":"L\u0027Isson"},"geometry":{"type":"LineString","coordinates":[[4.6360,48.6384],[4.6333,48.6395],[4.6296,48.6395],[4.6275,48.6420],[4.6285,48.6427],[4.6283,48.6443],[4.6223,48.6453],[4.6225,48.6480],[4.6203,48.6501],[4.6213,48.6528],[4.6134,48.6556],[4.6113,48.6584],[4.6063,48.6610],[4.6050,48.6637]]}},{"type":"Feature","properties":{"name":"Ardusson"},"geometry":{"type":"LineString","coordinates":[[3.7006,48.4342],[3.6957,48.4352],[3.6882,48.4389],[3.6846,48.4397],[3.6823,48.4391],[3.6785,48.4399],[3.6669,48.4397],[3.6579,48.4427],[3.6533,48.4428],[3.6483,48.4450],[3.6440,48.4448],[3.6415,48.4463],[3.6412,48.4475],[3.6344,48.4479],[3.6317,48.4503],[3.6284,48.4499],[3.6284,48.4508],[3.6271,48.4512],[3.6262,48.4501],[3.6232,48.4496],[3.6180,48.4502],[3.6142,48.4516],[3.6048,48.4587],[3.6038,48.4626],[3.5987,48.4635],[3.5966,48.4649],[3.5696,48.4691],[3.5615,48.4728],[3.5589,48.4747],[3.5589,48.4771],[3.5556,48.4781],[3.5562,48.4795],[3.5496,48.4809],[3.5401,48.4862],[3.5334,48.4924],[3.5343,48.4929],[3.5329,48.4959]]}},{"type":"Feature","properties":{"name":"Le Cavé"},"geometry":{"type":"LineString","coordinates":[[4.5850,48.6889],[4.5842,48.6906],[4.5829,48.6907],[4.5864,48.6955],[4.5851,48.6987],[4.5871,48.6994]]}},{"type":"Feature","properties":{"name":"Le Cavé"},"geometry":{"type":"LineString","coordinates":[[4.5854,48.6849],[4.5840,48.6854],[4.5850,48.6889]]}},{"type":"Feature","properties":{"name":"Le Cavé"},"geometry":{"type":"LineString","coordinates":[[4.5955,48.6736],[4.5919,48.6736],[4.5860,48.6771],[4.5867,48.6788],[4.5855,48.6801],[4.5854,48.6849]]}},{"type":"Feature","properties":{"name":"La Bruxenelle"},"geometry":{"type":"LineString","coordinates":[[4.6975,48.7473],[4.6931,48.7491],[4.6855,48.7495],[4.6844,48.7498],[4.6844,48.7507],[4.6830,48.7503],[4.6799,48.7513],[4.6783,48.7497],[4.6749,48.7499],[4.6702,48.7468],[4.6629,48.7471],[4.6631,48.7448],[4.6620,48.7444],[4.6561,48.7447],[4.6440,48.7429],[4.6369,48.7428],[4.6272,48.7463]]}},{"type":"Feature","properties":{"name":"La Bruxenelle"},"geometry":{"type":"LineString","coordinates":[[4.6978,48.7473],[4.6975,48.7473]]}},{"type":"Feature","properties":{"name":"La Bruxenelle"},"geometry":{"type":"LineString","coordinates":[[4.7838,48.7327],[4.7805,48.7308],[4.7758,48.7318],[4.7756,48.7302],[4.7763,48.7298],[4.7714,48.7280],[4.7653,48.7279],[4.7641,48.7270],[4.7603,48.7291],[4.7592,48.7277],[4.7535,48.7272],[4.7512,48.7243],[4.7486,48.7244],[4.7369,48.7281],[4.7355,48.7292],[4.7357,48.7301],[4.7345,48.7299],[4.7339,48.7318],[4.7352,48.7319],[4.7344,48.7325],[4.7317,48.7327],[4.7313,48.7310],[4.7294,48.7306],[4.7227,48.7339],[4.7210,48.7337],[4.7198,48.7364],[4.7219,48.7397],[4.7236,48.7407],[4.7175,48.7434],[4.7204,48.7480],[4.7196,48.7493],[4.7157,48.7507],[4.7132,48.7503],[4.7116,48.7519],[4.7097,48.7512],[4.7087,48.7496],[4.7017,48.7517],[4.6999,48.7510],[4.6983,48.7489],[4.6990,48.7478],[4.6978,48.7473]]}},{"type":"Feature","properties":{"name":"L\u0027Ornain"},"geometry":{"type":"LineString","coordinates":[[5.1472,48.7870],[5.1452,48.7909],[5.1419,48.7921],[5.1398,48.7926],[5.1342,48.7915],[5.1291,48.7951],[5.1218,48.7950],[5.1207,48.7964],[5.1216,48.7981],[5.1179,48.8008],[5.1141,48.8015],[5.1151,48.8029],[5.1143,48.8050],[5.1102,48.8061],[5.1082,48.8089],[5.1054,48.8085],[5.1040,48.8102],[5.0983,48.8119],[5.0906,48.8130],[5.0842,48.8115],[5.0788,48.8066],[5.0796,48.8061],[5.0744,48.8045],[5.0717,48.8048],[5.0700,48.8086],[5.0678,48.8096],[5.0606,48.8063],[5.0576,48.8060],[5.0513,48.8094],[5.0507,48.8130],[5.0482,48.8142],[5.0487,48.8160],[5.0467,48.8169],[5.0474,48.8188],[5.0438,48.8195],[5.0375,48.8237],[5.0350,48.8291],[5.0293,48.8307],[5.0275,48.8332],[5.0243,48.8333],[5.0209,48.8353],[5.0185,48.8338],[5.0163,48.8342],[5.0158,48.8326],[5.0129,48.8318],[5.0082,48.8320],[5.0091,48.8282],[5.0067,48.8271],[5.0022,48.8266],[5.0019,48.8294],[4.9994,48.8305],[4.9996,48.8286],[4.9969,48.8279],[4.9970,48.8268],[4.9932,48.8274],[4.9793,48.8242],[4.9779,48.8255],[4.9792,48.8262],[4.9784,48.8271],[4.9766,48.8264],[4.9770,48.8254],[4.9750,48.8253],[4.9730,48.8267],[4.9715,48.8262],[4.9699,48.8283],[4.9645,48.8262],[4.9656,48.8250],[4.9655,48.8237],[4.9634,48.8226],[4.9632,48.8215],[4.9565,48.8207],[4.9556,48.8203],[4.9556,48.8187],[4.9534,48.8206],[4.9496,48.8204],[4.9497,48.8195],[4.9425,48.8201],[4.9410,48.8190],[4.9394,48.8197],[4.9366,48.8185],[4.9360,48.8201],[4.9347,48.8201],[4.9324,48.8191],[4.9311,48.8167],[4.9231,48.8163],[4.9207,48.8141],[4.9196,48.8145],[4.9197,48.8157],[4.9175,48.8160],[4.9162,48.8147],[4.9068,48.8121],[4.9048,48.8101],[4.8959,48.8108],[4.8934,48.8094],[4.8925,48.8077],[4.8893,48.8071],[4.8886,48.8054],[4.8893,48.8047],[4.8883,48.8040],[4.8890,48.8034],[4.8882,48.8031],[4.8917,48.8008],[4.8892,48.7995],[4.8858,48.8003],[4.8847,48.7994],[4.8852,48.7981],[4.8870,48.7983],[4.8863,48.7978],[4.8875,48.7967],[4.8837,48.7964],[4.8752,48.7935],[4.8708,48.7940],[4.8658,48.7929],[4.8626,48.7907],[4.8624,48.7891],[4.8579,48.7881],[4.8559,48.7865],[4.8556,48.7849],[4.8533,48.7836],[4.8506,48.7834],[4.8494,48.7822],[4.8499,48.7807],[4.8491,48.7798],[4.8461,48.7793],[4.8415,48.7819],[4.8383,48.7819],[4.8372,48.7804],[4.8409,48.7794],[4.8401,48.7776],[4.8351,48.7785],[4.8340,48.7777],[4.8340,48.7762],[4.8287,48.7735],[4.8274,48.7736],[4.8268,48.7747],[4.8275,48.7754],[4.8245,48.7769],[4.8215,48.7749],[4.8190,48.7713],[4.8122,48.7731],[4.8066,48.7725],[4.8057,48.7693],[4.8039,48.7686]]}},{"type":"Feature","properties":{"name":"L\u0027Ornain"},"geometry":{"type":"LineString","coordinates":[[5.0021,48.8267],[4.9998,48.8272],[4.9984,48.8262],[4.9972,48.8270]]}},{"type":"Feature","properties":{"name":"Fausse Rivière"},"geometry":{"type":"LineString","coordinates":[[4.6880,49.4183],[4.6829,49.4222],[4.6834,49.4270],[4.6825,49.4286],[4.6833,49.4309],[4.6846,49.4317],[4.6890,49.4319],[4.6896,49.4313],[4.6887,49.4303],[4.6896,49.4304],[4.6906,49.4322],[4.6902,49.4333],[4.6863,49.4323],[4.6855,49.4331],[4.6877,49.4336],[4.6875,49.4346],[4.6910,49.4348],[4.6901,49.4354]]}},{"type":"Feature","properties":{"name":"Le Surmelin"},"geometry":{"type":"LineString","coordinates":[[3.5269,49.0333],[3.5236,49.0370]]}},{"type":"Feature","properties":{"name":"Le Surmelin"},"geometry":{"type":"LineString","coordinates":[[3.5323,49.0245],[3.5312,49.0249]]}},{"type":"Feature","properties":{"name":"Le Surmelin"},"geometry":{"type":"LineString","coordinates":[[3.5547,49.0145],[3.5519,49.0155]]}},{"type":"Feature","properties":{"name":"Le Surmelin"},"geometry":{"type":"LineString","coordinates":[[3.5582,49.0123],[3.5555,49.0139]]}},{"type":"Feature","properties":{"name":"Le Surmelin"},"geometry":{"type":"LineString","coordinates":[[3.5555,49.0139],[3.5547,49.0145]]}},{"type":"Feature","properties":{"name":"Le Surmelin"},"geometry":{"type":"LineString","coordinates":[[3.5371,49.0221],[3.5362,49.0226]]}},{"type":"Feature","properties":{"name":"Le Surmelin"},"geometry":{"type":"LineString","coordinates":[[3.5519,49.0155],[3.5487,49.0160],[3.5454,49.0188]]}},{"type":"Feature","properties":{"name":"Le Surmelin"},"geometry":{"type":"LineString","coordinates":[[3.5454,49.0188],[3.5432,49.0195]]}},{"type":"Feature","properties":{"name":"Le Surmelin"},"geometry":{"type":"LineString","coordinates":[[3.5432,49.0195],[3.5371,49.0221]]}},{"type":"Feature","properties":{"name":"Le Surmelin"},"geometry":{"type":"LineString","coordinates":[[3.5362,49.0226],[3.5323,49.0245]]}},{"type":"Feature","properties":{"name":"Le Surmelin"},"geometry":{"type":"LineString","coordinates":[[3.5604,49.0110],[3.5582,49.0123]]}},{"type":"Feature","properties":{"name":"Le Surmelin"},"geometry":{"type":"LineString","coordinates":[[3.5279,49.0314],[3.5269,49.0333]]}},{"type":"Feature","properties":{"name":"Le Surmelin"},"geometry":{"type":"LineString","coordinates":[[3.5909,49.0025],[3.5859,49.0037],[3.5795,49.0033],[3.5777,49.0039],[3.5748,49.0069],[3.5732,49.0070],[3.5722,49.0086],[3.5681,49.0094],[3.5680,49.0104],[3.5634,49.0114],[3.5604,49.0110]]}},{"type":"Feature","properties":{"name":"Le Surmelin"},"geometry":{"type":"LineString","coordinates":[[3.5312,49.0249],[3.5298,49.0255],[3.5304,49.0264],[3.5296,49.0272]]}},{"type":"Feature","properties":{"name":"Le Surmelin"},"geometry":{"type":"LineString","coordinates":[[3.7475,48.9516],[3.7447,48.9518]]}},{"type":"Feature","properties":{"name":"Le Surmelin"},"geometry":{"type":"LineString","coordinates":[[3.6480,48.9770],[3.6455,48.9771]]}},{"type":"Feature","properties":{"name":"Le Surmelin"},"geometry":{"type":"LineString","coordinates":[[3.7611,48.9490],[3.7515,48.9518],[3.7479,48.9517]]}},{"type":"Feature","properties":{"name":"Le Surmelin"},"geometry":{"type":"LineString","coordinates":[[3.7442,48.9518],[3.7372,48.9502],[3.7360,48.9515],[3.7227,48.9502],[3.7184,48.9523],[3.7093,48.9519],[3.7030,48.9538]]}},{"type":"Feature","properties":{"name":"Le Surmelin"},"geometry":{"type":"LineString","coordinates":[[3.6443,48.9773],[3.6440,48.9774]]}},{"type":"Feature","properties":{"name":"Le Surmelin"},"geometry":{"type":"LineString","coordinates":[[3.6680,48.9714],[3.6677,48.9715]]}},{"type":"Feature","properties":{"name":"Le Surmelin"},"geometry":{"type":"LineString","coordinates":[[3.6455,48.9771],[3.6443,48.9773]]}},{"type":"Feature","properties":{"name":"Le Surmelin"},"geometry":{"type":"LineString","coordinates":[[3.5209,49.0444],[3.5195,49.0470]]}},{"type":"Feature","properties":{"name":"Le Surmelin"},"geometry":{"type":"LineString","coordinates":[[3.5200,49.0465],[3.5195,49.0470]]}},{"type":"Feature","properties":{"name":"Le Surmelin"},"geometry":{"type":"LineString","coordinates":[[3.5214,49.0439],[3.5212,49.0459],[3.5193,49.0467]]}},{"type":"Feature","properties":{"name":"Le Surmelin"},"geometry":{"type":"LineString","coordinates":[[3.5195,49.0470],[3.5188,49.0482],[3.5195,49.0515],[3.5159,49.0582],[3.5165,49.0601],[3.5187,49.0608],[3.5182,49.0620],[3.5197,49.0645],[3.5191,49.0664],[3.5200,49.0689]]}},{"type":"Feature","properties":{"name":"Le Surmelin"},"geometry":{"type":"LineString","coordinates":[[3.5236,49.0370],[3.5209,49.0444]]}},{"type":"Feature","properties":{"name":"Le Surmelin"},"geometry":{"type":"LineString","coordinates":[[3.5296,49.0272],[3.5294,49.0296],[3.5279,49.0314]]}},{"type":"Feature","properties":{"name":"Le Surmelin"},"geometry":{"type":"LineString","coordinates":[[3.5296,49.0272],[3.5299,49.0296],[3.5279,49.0315]]}},{"type":"Feature","properties":{"name":"Le Surmelin"},"geometry":{"type":"LineString","coordinates":[[3.6440,48.9774],[3.6427,48.9779],[3.6417,48.9793],[3.6426,48.9798],[3.6408,48.9813],[3.6313,48.9814],[3.6290,48.9825],[3.6257,48.9808],[3.6236,48.9826],[3.6233,48.9859],[3.6184,48.9849],[3.6126,48.9860],[3.6083,48.9912],[3.6093,48.9921],[3.6069,48.9947],[3.6058,48.9982],[3.6021,48.9989],[3.5956,49.0021],[3.5909,49.0025]]}},{"type":"Feature","properties":{"name":"Le Surmelin"},"geometry":{"type":"LineString","coordinates":[[3.6677,48.9715],[3.6662,48.9730],[3.6644,48.9726],[3.6628,48.9741],[3.6560,48.9742],[3.6480,48.9770]]}},{"type":"Feature","properties":{"name":"Le Surmelin"},"geometry":{"type":"LineString","coordinates":[[3.7030,48.9538],[3.6987,48.9547],[3.6948,48.9580],[3.6916,48.9587],[3.6905,48.9612],[3.6885,48.9621],[3.6847,48.9622],[3.6829,48.9643],[3.6747,48.9660],[3.6733,48.9693],[3.6680,48.9714]]}},{"type":"Feature","properties":{"name":"Le Surmelin"},"geometry":{"type":"LineString","coordinates":[[3.6527,48.9753],[3.6503,48.9771],[3.6481,48.9769]]}},{"type":"Feature","properties":{"name":"La Vesle"},"geometry":{"type":"LineString","coordinates":[[3.6151,49.3027],[3.6086,49.3019],[3.6084,49.3029],[3.6019,49.3034],[3.5999,49.3048]]}},{"type":"Feature","properties":{"name":"La Vesle"},"geometry":{"type":"LineString","coordinates":[[3.5240,49.3389],[3.5239,49.3396],[3.5216,49.3398],[3.5217,49.3412],[3.5203,49.3415],[3.5225,49.3425],[3.5199,49.3423],[3.5210,49.3453],[3.5192,49.3476],[3.5207,49.3488],[3.5193,49.3507],[3.5184,49.3495],[3.5168,49.3507],[3.5165,49.3497],[3.5145,49.3501],[3.5128,49.3487],[3.5055,49.3491],[3.5023,49.3515],[3.5000,49.3559],[3.4997,49.3580],[3.5016,49.3594],[3.4943,49.3639],[3.4902,49.3638],[3.4888,49.3627],[3.4858,49.3642],[3.4860,49.3657],[3.4837,49.3671],[3.4859,49.3677],[3.4832,49.3677],[3.4817,49.3686],[3.4806,49.3718],[3.4791,49.3719],[3.4796,49.3748],[3.4826,49.3771],[3.4858,49.3775],[3.4866,49.3790],[3.4852,49.3797],[3.4869,49.3805],[3.4860,49.3811],[3.4874,49.3818],[3.4877,49.3807],[3.4889,49.3804],[3.4883,49.3833],[3.4871,49.3842],[3.4889,49.3856],[3.4882,49.3865],[3.4899,49.3856],[3.4913,49.3867],[3.4891,49.3878],[3.4866,49.3870],[3.4867,49.3863],[3.4857,49.3871],[3.4853,49.3862],[3.4846,49.3868],[3.4852,49.3876],[3.4839,49.3877],[3.4811,49.3858],[3.4799,49.3878],[3.4807,49.3886],[3.4780,49.3879],[3.4771,49.3890],[3.4748,49.3893],[3.4745,49.3886],[3.4741,49.3898],[3.4752,49.3906],[3.4736,49.3912],[3.4742,49.3902],[3.4729,49.3895],[3.4725,49.3906],[3.4712,49.3904],[3.4712,49.3920],[3.4701,49.3920],[3.4708,49.3930],[3.4683,49.3926],[3.4677,49.3937]]}},{"type":"Feature","properties":{"name":"La Vesle"},"geometry":{"type":"LineString","coordinates":[[3.6433,49.3030],[3.6384,49.3012],[3.6356,49.3019],[3.6354,49.3028],[3.6341,49.3020],[3.6318,49.3028],[3.6316,49.3041],[3.6303,49.3046],[3.6296,49.3037],[3.6277,49.3037],[3.6279,49.3050],[3.6248,49.3057],[3.6240,49.3047],[3.6228,49.3056],[3.6178,49.3047],[3.6151,49.3027]]}},{"type":"Feature","properties":{"name":"La Vesle"},"geometry":{"type":"LineString","coordinates":[[3.5473,49.3310],[3.5422,49.3325],[3.5421,49.3339],[3.5399,49.3346],[3.5392,49.3360],[3.5402,49.3364],[3.5391,49.3382],[3.5396,49.3389],[3.5370,49.3393]]}},{"type":"Feature","properties":{"name":"La Vesle"},"geometry":{"type":"LineString","coordinates":[[3.5999,49.3048],[3.5947,49.3064],[3.5949,49.3073],[3.5939,49.3072],[3.5938,49.3061],[3.5916,49.3065],[3.5923,49.3077],[3.5911,49.3087],[3.5919,49.3110],[3.5937,49.3124],[3.5927,49.3136],[3.5934,49.3148],[3.5917,49.3145],[3.5904,49.3161],[3.5894,49.3159],[3.5902,49.3175],[3.5887,49.3186],[3.5831,49.3197],[3.5822,49.3222],[3.5801,49.3215],[3.5806,49.3230],[3.5776,49.3238],[3.5786,49.3283],[3.5767,49.3301],[3.5722,49.3308],[3.5718,49.3322],[3.5712,49.3311],[3.5675,49.3322],[3.5672,49.3333],[3.5647,49.3328],[3.5622,49.3351],[3.5597,49.3348],[3.5599,49.3355],[3.5587,49.3358],[3.5596,49.3364],[3.5574,49.3358],[3.5573,49.3367],[3.5563,49.3365],[3.5569,49.3371],[3.5555,49.3361],[3.5498,49.3353],[3.5516,49.3329],[3.5503,49.3323],[3.5515,49.3319],[3.5473,49.3310]]}},{"type":"Feature","properties":{"name":"La Vesle"},"geometry":{"type":"LineString","coordinates":[[3.9637,49.2754],[3.9596,49.2764],[3.9577,49.2760],[3.9561,49.2773],[3.9537,49.2764],[3.9518,49.2779],[3.9464,49.2777],[3.9428,49.2794],[3.9413,49.2792]]}},{"type":"Feature","properties":{"name":"La Vesle"},"geometry":{"type":"LineString","coordinates":[[3.9365,49.2782],[3.9316,49.2763],[3.9150,49.2797],[3.9135,49.2792],[3.9137,49.2777],[3.9075,49.2786],[3.9037,49.2771],[3.8976,49.2778],[3.8981,49.2788],[3.8964,49.2792],[3.8929,49.2782],[3.8824,49.2785],[3.8726,49.2766],[3.8700,49.2769],[3.8682,49.2782],[3.8654,49.2772],[3.8580,49.2792],[3.8560,49.2807],[3.8535,49.2807],[3.8537,49.2815],[3.8522,49.2808],[3.8494,49.2814],[3.8497,49.2822],[3.8470,49.2819],[3.8388,49.2858],[3.8362,49.2854],[3.8368,49.2869],[3.8346,49.2883],[3.8342,49.2864],[3.8323,49.2880],[3.8288,49.2863],[3.8264,49.2893],[3.8223,49.2899],[3.8209,49.2919],[3.8098,49.2953],[3.8091,49.2969],[3.8069,49.2978],[3.8025,49.2979],[3.8016,49.2990]]}},{"type":"Feature","properties":{"name":"La Vesle"},"geometry":{"type":"LineString","coordinates":[[3.7529,49.3090],[3.7523,49.3082],[3.7484,49.3092],[3.7442,49.3084],[3.7425,49.3092]]}},{"type":"Feature","properties":{"name":"La Vesle"},"geometry":{"type":"LineString","coordinates":[[3.7711,49.3132],[3.7693,49.3127],[3.7621,49.3146],[3.7594,49.3132],[3.7597,49.3122],[3.7580,49.3117],[3.7571,49.3100],[3.7529,49.3090]]}},{"type":"Feature","properties":{"name":"La Vesle"},"geometry":{"type":"LineString","coordinates":[[3.8016,49.2990],[3.7990,49.3002],[3.7969,49.2993],[3.7967,49.3026],[3.7918,49.3019],[3.7912,49.3030],[3.7887,49.3029],[3.7882,49.3041],[3.7869,49.3040],[3.7869,49.3051],[3.7810,49.3047],[3.7792,49.3069],[3.7746,49.3083],[3.7746,49.3115],[3.7711,49.3132]]}},{"type":"Feature","properties":{"name":"La Vesle"},"geometry":{"type":"LineString","coordinates":[[3.7425,49.3092],[3.7406,49.3092],[3.7417,49.3101],[3.7335,49.3126],[3.7326,49.3117],[3.7299,49.3125],[3.7273,49.3110],[3.7225,49.3102],[3.7190,49.3110],[3.7165,49.3101],[3.7143,49.3113],[3.7080,49.3109],[3.7043,49.3127],[3.7007,49.3116],[3.6969,49.3119],[3.6977,49.3127],[3.6965,49.3129],[3.6945,49.3115],[3.6916,49.3126],[3.6879,49.3112],[3.6827,49.3135],[3.6766,49.3114],[3.6710,49.3113],[3.6685,49.3122],[3.6670,49.3111],[3.6672,49.3127],[3.6658,49.3129],[3.6633,49.3103],[3.6611,49.3100],[3.6602,49.3081],[3.6547,49.3084],[3.6542,49.3067],[3.6511,49.3065],[3.6501,49.3050],[3.6433,49.3030]]}},{"type":"Feature","properties":{"name":"La Vesle"},"geometry":{"type":"LineString","coordinates":[[4.5948,48.9879],[4.5934,48.9879],[4.5928,48.9862],[4.5909,48.9873],[4.5879,48.9870],[4.5871,48.9883],[4.5810,48.9882],[4.5773,48.9897],[4.5759,48.9890],[4.5715,48.9913],[4.5650,48.9915]]}},{"type":"Feature","properties":{"name":"La Vesle"},"geometry":{"type":"LineString","coordinates":[[4.1756,49.1914],[4.1721,49.1928],[4.1721,49.1952],[4.1711,49.1950],[4.1690,49.1967],[4.1528,49.1961],[4.1493,49.1968]]}},{"type":"Feature","properties":{"name":"La Vesle"},"geometry":{"type":"LineString","coordinates":[[4.2972,49.1207],[4.2920,49.1225]]}},{"type":"Feature","properties":{"name":"La Vesle"},"geometry":{"type":"LineString","coordinates":[[4.2920,49.1225],[4.2896,49.1226],[4.2892,49.1240],[4.2860,49.1243],[4.2846,49.1256],[4.2833,49.1253],[4.2839,49.1266],[4.2819,49.1264],[4.2828,49.1272],[4.2822,49.1274],[4.2735,49.1269],[4.2713,49.1283],[4.2718,49.1289],[4.2698,49.1309],[4.2706,49.1316],[4.2661,49.1338],[4.2664,49.1343],[4.2636,49.1362],[4.2645,49.1375],[4.2588,49.1397],[4.2559,49.1441],[4.2526,49.1453],[4.2507,49.1449],[4.2488,49.1482],[4.2500,49.1491],[4.2479,49.1537],[4.2484,49.1546],[4.2467,49.1548],[4.2470,49.1560],[4.2458,49.1557],[4.2432,49.1570],[4.2443,49.1576],[4.2412,49.1589],[4.2365,49.1581],[4.2341,49.1591],[4.2327,49.1587],[4.2266,49.1614],[4.2213,49.1626],[4.2170,49.1658],[4.2166,49.1670],[4.2089,49.1693],[4.2087,49.1706],[4.2066,49.1719],[4.2054,49.1713],[4.2052,49.1722]]}},{"type":"Feature","properties":{"name":"La Vesle"},"geometry":{"type":"LineString","coordinates":[[4.3248,49.1027],[4.3231,49.1048],[4.3238,49.1051],[4.3233,49.1062],[4.3192,49.1066]]}},{"type":"Feature","properties":{"name":"La Vesle"},"geometry":{"type":"LineString","coordinates":[[4.3071,49.1158],[4.3082,49.1165],[4.3068,49.1170],[4.3067,49.1185],[4.3037,49.1191],[4.3031,49.1183],[4.3023,49.1199],[4.2981,49.1196],[4.2974,49.1204]]}},{"type":"Feature","properties":{"name":"La Vesle"},"geometry":{"type":"LineString","coordinates":[[4.3274,49.1014],[4.3248,49.1027]]}},{"type":"Feature","properties":{"name":"La Vesle"},"geometry":{"type":"LineString","coordinates":[[4.0216,49.2505],[4.0189,49.2517],[4.0169,49.2538],[4.0115,49.2552],[4.0070,49.2545],[3.9853,49.2567],[3.9830,49.2589],[3.9839,49.2600],[3.9826,49.2617],[3.9829,49.2626],[3.9801,49.2638],[3.9798,49.2658],[3.9773,49.2674],[3.9780,49.2689],[3.9766,49.2700],[3.9775,49.2709],[3.9637,49.2754]]}},{"type":"Feature","properties":{"name":"La Vesle"},"geometry":{"type":"LineString","coordinates":[[4.4148,49.0279],[4.4113,49.0310],[4.4089,49.0316],[4.4069,49.0342]]}},{"type":"Feature","properties":{"name":"La Vesle"},"geometry":{"type":"LineString","coordinates":[[4.4069,49.0342],[4.4068,49.0345]]}},{"type":"Feature","properties":{"name":"La Vesle"},"geometry":{"type":"LineString","coordinates":[[4.5391,48.9886],[4.5390,48.9886]]}},{"type":"Feature","properties":{"name":"La Vesle"},"geometry":{"type":"LineString","coordinates":[[4.5650,48.9915],[4.5649,48.9915]]}},{"type":"Feature","properties":{"name":"La Vesle"},"geometry":{"type":"LineString","coordinates":[[4.4152,49.0276],[4.4148,49.0279]]}},{"type":"Feature","properties":{"name":"La Vesle"},"geometry":{"type":"LineString","coordinates":[[4.5152,48.9847],[4.5150,48.9847]]}},{"type":"Feature","properties":{"name":"La Vesle"},"geometry":{"type":"LineString","coordinates":[[4.5236,48.9870],[4.5234,48.9870]]}},{"type":"Feature","properties":{"name":"La Vesle"},"geometry":{"type":"LineString","coordinates":[[4.5313,48.9884],[4.5312,48.9885]]}},{"type":"Feature","properties":{"name":"La Vesle"},"geometry":{"type":"LineString","coordinates":[[4.5042,48.9824],[4.5040,48.9824]]}},{"type":"Feature","properties":{"name":"La Vesle"},"geometry":{"type":"LineString","coordinates":[[4.5530,48.9893],[4.5529,48.9892]]}},{"type":"Feature","properties":{"name":"La Vesle"},"geometry":{"type":"LineString","coordinates":[[4.5312,48.9885],[4.5261,48.9867],[4.5236,48.9870]]}},{"type":"Feature","properties":{"name":"La Vesle"},"geometry":{"type":"LineString","coordinates":[[4.4992,48.9827],[4.4905,48.9831],[4.4876,48.9814],[4.4833,48.9816],[4.4788,48.9795],[4.4768,48.9804],[4.4732,48.9803],[4.4658,48.9827],[4.4647,48.9844],[4.4653,48.9851],[4.4608,48.9858],[4.4600,48.9880],[4.4559,48.9890],[4.4549,48.9904],[4.4525,48.9907],[4.4502,48.9926],[4.4492,48.9920],[4.4411,48.9946],[4.4404,48.9962],[4.4386,48.9962],[4.4355,48.9980],[4.4353,48.9991],[4.4373,48.9999],[4.4343,49.0015],[4.4355,49.0029],[4.4325,49.0034],[4.4328,49.0057],[4.4307,49.0066],[4.4318,49.0070],[4.4315,49.0086],[4.4295,49.0117],[4.4317,49.0130],[4.4294,49.0143],[4.4311,49.0162],[4.4284,49.0174],[4.4281,49.0190],[4.4260,49.0190],[4.4248,49.0207],[4.4233,49.0204],[4.4215,49.0219],[4.4196,49.0258],[4.4183,49.0257],[4.4186,49.0272],[4.4152,49.0276]]}},{"type":"Feature","properties":{"name":"La Vesle"},"geometry":{"type":"LineString","coordinates":[[4.5390,48.9886],[4.5354,48.9874],[4.5323,48.9874],[4.5313,48.9884]]}},{"type":"Feature","properties":{"name":"La Vesle"},"geometry":{"type":"LineString","coordinates":[[4.5649,48.9915],[4.5607,48.9891],[4.5530,48.9893]]}},{"type":"Feature","properties":{"name":"La Vesle"},"geometry":{"type":"LineString","coordinates":[[4.5234,48.9870],[4.5181,48.9859]]}},{"type":"Feature","properties":{"name":"La Vesle"},"geometry":{"type":"LineString","coordinates":[[4.5529,48.9892],[4.5522,48.9874],[4.5506,48.9872],[4.5489,48.9883],[4.5391,48.9886]]}},{"type":"Feature","properties":{"name":"La Vesle"},"geometry":{"type":"LineString","coordinates":[[4.5150,48.9847],[4.5131,48.9836],[4.5050,48.9833],[4.5042,48.9824]]}},{"type":"Feature","properties":{"name":"La Vesle"},"geometry":{"type":"LineString","coordinates":[[4.4068,49.0345],[4.4063,49.0358],[4.4070,49.0360],[4.4052,49.0385],[4.3985,49.0415],[4.3968,49.0437],[4.3943,49.0449],[4.3926,49.0468],[4.3930,49.0473],[4.3902,49.0474],[4.3908,49.0499],[4.3891,49.0499],[4.3882,49.0517],[4.3857,49.0521],[4.3863,49.0552],[4.3888,49.0560],[4.3868,49.0573],[4.3849,49.0626],[4.3855,49.0661],[4.3847,49.0670],[4.3870,49.0679],[4.3879,49.0698],[4.3858,49.0740],[4.3844,49.0753],[4.3811,49.0754],[4.3795,49.0773],[4.3761,49.0778],[4.3749,49.0798],[4.3710,49.0806],[4.3705,49.0820],[4.3677,49.0827],[4.3663,49.0846],[4.3564,49.0859]]}},{"type":"Feature","properties":{"name":"La Vesle"},"geometry":{"type":"LineString","coordinates":[[4.0414,49.2354],[4.0414,49.2355]]}},{"type":"Feature","properties":{"name":"La Vesle"},"geometry":{"type":"LineString","coordinates":[[4.0414,49.2355],[4.0347,49.2414]]}},{"type":"Feature","properties":{"name":"La Vesle"},"geometry":{"type":"LineString","coordinates":[[4.0420,49.2348],[4.0414,49.2354]]}},{"type":"Feature","properties":{"name":"La Vesle"},"geometry":{"type":"LineString","coordinates":[[3.5370,49.3393],[3.5369,49.3393]]}},{"type":"Feature","properties":{"name":"La Vesle"},"geometry":{"type":"LineString","coordinates":[[3.5369,49.3393],[3.5291,49.3363],[3.5240,49.3389]]}},{"type":"Feature","properties":{"name":"La Vesle"},"geometry":{"type":"LineString","coordinates":[[4.0224,49.2498],[4.0216,49.2505]]}},{"type":"Feature","properties":{"name":"La Vesle"},"geometry":{"type":"LineString","coordinates":[[4.0271,49.2466],[4.0224,49.2498]]}},{"type":"Feature","properties":{"name":"La Vesle"},"geometry":{"type":"LineString","coordinates":[[4.0278,49.2467],[4.0271,49.2466]]}},{"type":"Feature","properties":{"name":"La Vesle"},"geometry":{"type":"LineString","coordinates":[[4.0299,49.2456],[4.0278,49.2467]]}},{"type":"Feature","properties":{"name":"La Vesle"},"geometry":{"type":"LineString","coordinates":[[4.0301,49.2455],[4.0299,49.2456]]}},{"type":"Feature","properties":{"name":"La Vesle"},"geometry":{"type":"LineString","coordinates":[[4.0343,49.2420],[4.0301,49.2455]]}},{"type":"Feature","properties":{"name":"La Vesle"},"geometry":{"type":"LineString","coordinates":[[4.0460,49.2329],[4.0420,49.2348]]}},{"type":"Feature","properties":{"name":"La Vesle"},"geometry":{"type":"LineString","coordinates":[[4.0461,49.2329],[4.0460,49.2329]]}},{"type":"Feature","properties":{"name":"La Vesle"},"geometry":{"type":"LineString","coordinates":[[4.0667,49.2258],[4.0667,49.2258]]}},{"type":"Feature","properties":{"name":"La Vesle"},"geometry":{"type":"LineString","coordinates":[[4.0668,49.2258],[4.0667,49.2258]]}},{"type":"Feature","properties":{"name":"La Vesle"},"geometry":{"type":"LineString","coordinates":[[4.0670,49.2257],[4.0668,49.2258]]}},{"type":"Feature","properties":{"name":"La Vesle"},"geometry":{"type":"LineString","coordinates":[[4.0659,49.2260],[4.0566,49.2267],[4.0461,49.2329]]}},{"type":"Feature","properties":{"name":"La Vesle"},"geometry":{"type":"LineString","coordinates":[[4.0946,49.2157],[4.0916,49.2165],[4.0918,49.2178],[4.0905,49.2186],[4.0794,49.2185],[4.0760,49.2200],[4.0726,49.2240],[4.0683,49.2246],[4.0670,49.2257]]}},{"type":"Feature","properties":{"name":"La Vesle"},"geometry":{"type":"LineString","coordinates":[[4.0947,49.2157],[4.0946,49.2157]]}},{"type":"Feature","properties":{"name":"La Vesle"},"geometry":{"type":"LineString","coordinates":[[4.1224,49.2064],[4.1199,49.2081],[4.1192,49.2100],[4.1153,49.2109],[4.1144,49.2102],[4.1095,49.2102],[4.1058,49.2132],[4.1038,49.2130],[4.1007,49.2151],[4.0947,49.2157]]}},{"type":"Feature","properties":{"name":"La Vesle"},"geometry":{"type":"LineString","coordinates":[[4.1226,49.2063],[4.1224,49.2064]]}},{"type":"Feature","properties":{"name":"La Vesle"},"geometry":{"type":"LineString","coordinates":[[4.1362,49.2009],[4.1327,49.2028],[4.1332,49.2056],[4.1249,49.2048],[4.1226,49.2063]]}},{"type":"Feature","properties":{"name":"La Vesle"},"geometry":{"type":"LineString","coordinates":[[4.1365,49.2009],[4.1362,49.2009]]}},{"type":"Feature","properties":{"name":"La Vesle"},"geometry":{"type":"LineString","coordinates":[[4.1423,49.2004],[4.1365,49.2009]]}},{"type":"Feature","properties":{"name":"La Vesle"},"geometry":{"type":"LineString","coordinates":[[4.1430,49.2001],[4.1423,49.2004]]}},{"type":"Feature","properties":{"name":"La Vesle"},"geometry":{"type":"LineString","coordinates":[[4.1489,49.1969],[4.1430,49.2001]]}},{"type":"Feature","properties":{"name":"La Vesle"},"geometry":{"type":"LineString","coordinates":[[4.1758,49.1914],[4.1756,49.1914]]}},{"type":"Feature","properties":{"name":"La Vesle"},"geometry":{"type":"LineString","coordinates":[[4.1760,49.1913],[4.1758,49.1914]]}},{"type":"Feature","properties":{"name":"La Vesle"},"geometry":{"type":"LineString","coordinates":[[4.2052,49.1722],[4.2011,49.1745],[4.1999,49.1738],[4.1947,49.1754],[4.1942,49.1775],[4.1922,49.1771],[4.1901,49.1783],[4.1878,49.1776],[4.1826,49.1822],[4.1807,49.1824],[4.1795,49.1870],[4.1760,49.1913]]}},{"type":"Feature","properties":{"name":"La Vesle"},"geometry":{"type":"LineString","coordinates":[[4.3078,49.1155],[4.3071,49.1158]]}},{"type":"Feature","properties":{"name":"La Vesle"},"geometry":{"type":"LineString","coordinates":[[4.3088,49.1154],[4.3078,49.1155]]}},{"type":"Feature","properties":{"name":"La Vesle"},"geometry":{"type":"LineString","coordinates":[[4.3191,49.1067],[4.3133,49.1098],[4.3137,49.1108],[4.3125,49.1108],[4.3107,49.1126],[4.3114,49.1138],[4.3104,49.1140],[4.3104,49.1151],[4.3088,49.1154]]}},{"type":"Feature","properties":{"name":"La Vesle"},"geometry":{"type":"LineString","coordinates":[[4.3192,49.1066],[4.3191,49.1067]]}},{"type":"Feature","properties":{"name":"La Vesle"},"geometry":{"type":"LineString","coordinates":[[4.3390,49.0956],[4.3376,49.0959],[4.3383,49.0972],[4.3359,49.0969]]}},{"type":"Feature","properties":{"name":"La Vesle"},"geometry":{"type":"LineString","coordinates":[[4.3359,49.0969],[4.3351,49.0980],[4.3341,49.0974],[4.3327,49.0981],[4.3315,49.0997],[4.3281,49.1000],[4.3282,49.1015],[4.3274,49.1014]]}},{"type":"Feature","properties":{"name":"La Vesle"},"geometry":{"type":"LineString","coordinates":[[4.3564,49.0859],[4.3513,49.0867],[4.3511,49.0889],[4.3499,49.0888],[4.3471,49.0910],[4.3463,49.0905],[4.3441,49.0925],[4.3418,49.0921],[4.3416,49.0943],[4.3395,49.0938],[4.3390,49.0956]]}},{"type":"Feature","properties":{"name":"La Vesle"},"geometry":{"type":"LineString","coordinates":[[4.5949,48.9879],[4.5948,48.9879]]}},{"type":"Feature","properties":{"name":"La Vesle"},"geometry":{"type":"LineString","coordinates":[[4.6035,48.9835],[4.6032,48.9860],[4.6018,48.9870],[4.5949,48.9879]]}},{"type":"Feature","properties":{"name":"La Vesle"},"geometry":{"type":"LineString","coordinates":[[4.0271,49.2466],[4.0271,49.2466]]}},{"type":"Feature","properties":{"name":"La Vesle"},"geometry":{"type":"LineString","coordinates":[[4.0346,49.2415],[4.0343,49.2414]]}},{"type":"Feature","properties":{"name":"La Vesle"},"geometry":{"type":"LineString","coordinates":[[4.0345,49.2417],[4.0343,49.2420]]}},{"type":"Feature","properties":{"name":"La Vesle"},"geometry":{"type":"LineString","coordinates":[[4.0343,49.2414],[4.0336,49.2423]]}},{"type":"Feature","properties":{"name":"La Vesle"},"geometry":{"type":"LineString","coordinates":[[4.0336,49.2423],[4.0332,49.2432]]}},{"type":"Feature","properties":{"name":"La Vesle"},"geometry":{"type":"LineString","coordinates":[[4.0659,49.2260],[4.0659,49.2260]]}},{"type":"Feature","properties":{"name":"La Vesle"},"geometry":{"type":"LineString","coordinates":[[4.0667,49.2258],[4.0659,49.2260]]}},{"type":"Feature","properties":{"name":"La Vesle"},"geometry":{"type":"LineString","coordinates":[[4.1493,49.1968],[4.1490,49.1969]]}},{"type":"Feature","properties":{"name":"La Vesle"},"geometry":{"type":"LineString","coordinates":[[4.1490,49.1969],[4.1489,49.1969]]}},{"type":"Feature","properties":{"name":"La Vesle"},"geometry":{"type":"LineString","coordinates":[[4.5040,48.9824],[4.4993,48.9828]]}},{"type":"Feature","properties":{"name":"La Vesle"},"geometry":{"type":"LineString","coordinates":[[4.4993,48.9828],[4.4992,48.9827]]}},{"type":"Feature","properties":{"name":"La Vesle"},"geometry":{"type":"LineString","coordinates":[[4.5181,48.9859],[4.5152,48.9847]]}},{"type":"Feature","properties":{"name":"La Vesle"},"geometry":{"type":"LineString","coordinates":[[4.5181,48.9859],[4.5181,48.9859]]}},{"type":"Feature","properties":{"name":"La Tourbe"},"geometry":{"type":"LineString","coordinates":[[4.6889,49.1393],[4.6924,49.1469],[4.6934,49.1480],[4.6955,49.1483],[4.6989,49.1517],[4.7002,49.1545],[4.6992,49.1571],[4.7015,49.1572],[4.7034,49.1587],[4.7035,49.1605],[4.7077,49.1619],[4.7152,49.1667],[4.7150,49.1695],[4.7223,49.1708],[4.7270,49.1751],[4.7323,49.1775],[4.7320,49.1783],[4.7360,49.1783],[4.7370,49.1793],[4.7438,49.1776],[4.7525,49.1781],[4.7548,49.1789],[4.7546,49.1805],[4.7577,49.1816],[4.7614,49.1812],[4.7642,49.1831],[4.7685,49.1830],[4.7690,49.1820],[4.7752,49.1841],[4.7765,49.1834],[4.7825,49.1848]]}},{"type":"Feature","properties":{"name":"La Tourbe"},"geometry":{"type":"LineString","coordinates":[[4.7826,49.1848],[4.7857,49.1854],[4.7865,49.1847]]}},{"type":"Feature","properties":{"name":"La Tourbe"},"geometry":{"type":"LineString","coordinates":[[4.7825,49.1848],[4.7826,49.1848]]}},{"type":"Feature","properties":{"name":"La Tourbe"},"geometry":{"type":"LineString","coordinates":[[4.7865,49.1847],[4.7922,49.1865],[4.7915,49.1874],[4.7926,49.1880],[4.7971,49.1874],[4.8037,49.1901],[4.8095,49.1897],[4.8257,49.1993],[4.8275,49.2019],[4.8275,49.2045],[4.8325,49.2075],[4.8336,49.2092]]}},{"type":"Feature","properties":{"name":"La Dhuys"},"geometry":{"type":"LineString","coordinates":[[3.5499,48.9555],[3.5494,48.9579],[3.5502,48.9592],[3.5475,48.9630],[3.5454,48.9644],[3.5457,48.9659]]}},{"type":"Feature","properties":{"name":"La Dhuys"},"geometry":{"type":"LineString","coordinates":[[3.5431,48.9767],[3.5446,48.9777],[3.5471,48.9821],[3.5504,48.9826],[3.5502,48.9850],[3.5529,48.9875],[3.5552,48.9922],[3.5582,48.9948]]}},{"type":"Feature","properties":{"name":"La Dhuys"},"geometry":{"type":"LineString","coordinates":[[3.5582,48.9948],[3.5583,48.9948]]}},{"type":"Feature","properties":{"name":"La Dhuys"},"geometry":{"type":"LineString","coordinates":[[3.5583,48.9948],[3.5610,48.9968],[3.5601,48.9980],[3.5601,49.0002],[3.5612,49.0016],[3.5599,49.0054],[3.5610,49.0084],[3.5605,49.0109]]}},{"type":"Feature","properties":{"name":"La Dhuys"},"geometry":{"type":"LineString","coordinates":[[3.5605,49.0109],[3.5604,49.0110]]}},{"type":"Feature","properties":{"name":"La Dhuys"},"geometry":{"type":"LineString","coordinates":[[3.5457,48.9659],[3.5441,48.9686],[3.5434,48.9714],[3.5441,48.9737],[3.5428,48.9750],[3.5431,48.9767]]}},{"type":"Feature","properties":{"name":"La Barbuise"},"geometry":{"type":"LineString","coordinates":[[4.0505,48.5504],[4.0510,48.5510],[4.0499,48.5524],[4.0441,48.5533],[4.0432,48.5549],[4.0373,48.5574],[4.0318,48.5567],[4.0328,48.5560],[4.0323,48.5548],[4.0271,48.5538]]}},{"type":"Feature","properties":{"name":"La Barbuise"},"geometry":{"type":"LineString","coordinates":[[4.0271,48.5538],[4.0206,48.5534],[4.0192,48.5546],[4.0087,48.5546],[4.0043,48.5535],[3.9999,48.5540],[3.9986,48.5531],[3.9982,48.5511],[3.9936,48.5503],[3.9860,48.5528],[3.9811,48.5507],[3.9777,48.5517],[3.9702,48.5495],[3.9657,48.5498]]}},{"type":"Feature","properties":{"name":"La Barbuise"},"geometry":{"type":"LineString","coordinates":[[4.0847,48.5106],[4.0804,48.5142],[4.0782,48.5149],[4.0792,48.5164],[4.0781,48.5164],[4.0773,48.5179],[4.0762,48.5177],[4.0751,48.5200],[4.0763,48.5206],[4.0760,48.5251],[4.0748,48.5263],[4.0747,48.5285],[4.0720,48.5302],[4.0713,48.5322],[4.0679,48.5352],[4.0642,48.5362],[4.0619,48.5388],[4.0615,48.5405],[4.0660,48.5439],[4.0653,48.5453],[4.0661,48.5486],[4.0613,48.5496],[4.0544,48.5491],[4.0505,48.5504]]}},{"type":"Feature","properties":{"name":"Hardillon"},"geometry":{"type":"LineString","coordinates":[[5.0035,48.9997],[4.9996,48.9973],[4.9967,48.9980],[4.9964,49.0015],[4.9920,49.0044],[4.9934,49.0064],[4.9904,49.0070],[4.9899,49.0081],[4.9874,49.0075],[4.9870,49.0086],[4.9842,49.0100],[4.9782,49.0097],[4.9765,49.0106],[4.9744,49.0086],[4.9729,49.0095],[4.9704,49.0089]]}},{"type":"Feature","properties":{"name":"Hardillon"},"geometry":{"type":"LineString","coordinates":[[4.9702,49.0089],[4.9688,49.0078],[4.9638,49.0078]]}},{"type":"Feature","properties":{"name":"Hardillon"},"geometry":{"type":"LineString","coordinates":[[4.9704,49.0089],[4.9702,49.0089]]}},{"type":"Feature","properties":{"name":"L\u0027Huîtrelle"},"geometry":{"type":"LineString","coordinates":[[4.2502,48.5716],[4.2534,48.5694],[4.2524,48.5669],[4.2541,48.5657],[4.2529,48.5637],[4.2550,48.5619],[4.2547,48.5613]]}},{"type":"Feature","properties":{"name":"L\u0027Huîtrelle"},"geometry":{"type":"LineString","coordinates":[[4.2417,48.5332],[4.2414,48.5329]]}},{"type":"Feature","properties":{"name":"L\u0027Huîtrelle"},"geometry":{"type":"LineString","coordinates":[[4.2418,48.5332],[4.2417,48.5332]]}},{"type":"Feature","properties":{"name":"L\u0027Huîtrelle"},"geometry":{"type":"LineString","coordinates":[[4.2469,48.5354],[4.2418,48.5332]]}},{"type":"Feature","properties":{"name":"L\u0027Huîtrelle"},"geometry":{"type":"LineString","coordinates":[[4.2414,48.5329],[4.2374,48.5314],[4.2376,48.5306],[4.2346,48.5314]]}},{"type":"Feature","properties":{"name":"L\u0027Huîtrelle"},"geometry":{"type":"LineString","coordinates":[[4.2520,48.5557],[4.2521,48.5554]]}},{"type":"Feature","properties":{"name":"L\u0027Huîtrelle"},"geometry":{"type":"LineString","coordinates":[[4.2547,48.5613],[4.2528,48.5592],[4.2532,48.5581],[4.2543,48.5580],[4.2523,48.5572],[4.2528,48.5566],[4.2516,48.5556],[4.2532,48.5550],[4.2523,48.5533],[4.2534,48.5520],[4.2514,48.5518],[4.2517,48.5507],[4.2530,48.5505],[4.2510,48.5479],[4.2524,48.5474],[4.2519,48.5464],[4.2537,48.5462],[4.2522,48.5451],[4.2530,48.5443],[4.2521,48.5429],[4.2528,48.5422],[4.2515,48.5423],[4.2508,48.5410],[4.2514,48.5407],[4.2496,48.5400],[4.2507,48.5394],[4.2482,48.5383],[4.2469,48.5354]]}},{"type":"Feature","properties":{"name":"La Biesme"},"geometry":{"type":"LineString","coordinates":[[4.9396,49.1851],[4.9280,49.1906],[4.9227,49.1904],[4.9216,49.1914],[4.9205,49.1907],[4.9142,49.1940],[4.9042,49.1940],[4.8981,49.1932],[4.8909,49.1907],[4.8830,49.1901],[4.8811,49.1888],[4.8804,49.1858],[4.8769,49.1815],[4.8625,49.1792]]}},{"type":"Feature","properties":{"name":"L\u0027Ardre"},"geometry":{"type":"LineString","coordinates":[[3.8054,49.2279],[3.8041,49.2297],[3.8057,49.2308],[3.8055,49.2321],[3.8008,49.2326],[3.7953,49.2318],[3.7943,49.2329],[3.7904,49.2329]]}},{"type":"Feature","properties":{"name":"L\u0027Ardre"},"geometry":{"type":"LineString","coordinates":[[3.7837,49.2364],[3.7832,49.2363]]}},{"type":"Feature","properties":{"name":"L\u0027Ardre"},"geometry":{"type":"LineString","coordinates":[[3.8060,49.2273],[3.8054,49.2279]]}},{"type":"Feature","properties":{"name":"L\u0027Ardre"},"geometry":{"type":"LineString","coordinates":[[3.8176,49.2236],[3.8154,49.2240]]}},{"type":"Feature","properties":{"name":"L\u0027Ardre"},"geometry":{"type":"LineString","coordinates":[[3.8066,49.2264],[3.8063,49.2270]]}},{"type":"Feature","properties":{"name":"L\u0027Ardre"},"geometry":{"type":"LineString","coordinates":[[3.8067,49.2255],[3.8069,49.2258]]}},{"type":"Feature","properties":{"name":"L\u0027Ardre"},"geometry":{"type":"LineString","coordinates":[[3.8154,49.2240],[3.8075,49.2244],[3.8067,49.2255]]}},{"type":"Feature","properties":{"name":"L\u0027Ardre"},"geometry":{"type":"LineString","coordinates":[[3.8067,49.2260],[3.8066,49.2264]]}},{"type":"Feature","properties":{"name":"L\u0027Ardre"},"geometry":{"type":"LineString","coordinates":[[3.8215,49.2204],[3.8209,49.2223],[3.8182,49.2232]]}},{"type":"Feature","properties":{"name":"L\u0027Ardre"},"geometry":{"type":"LineString","coordinates":[[3.8235,49.2176],[3.8216,49.2203]]}},{"type":"Feature","properties":{"name":"L\u0027Ardre"},"geometry":{"type":"LineString","coordinates":[[3.8063,49.2270],[3.8060,49.2273]]}},{"type":"Feature","properties":{"name":"L\u0027Ardre"},"geometry":{"type":"LineString","coordinates":[[3.8216,49.2203],[3.8215,49.2204]]}},{"type":"Feature","properties":{"name":"L\u0027Ardre"},"geometry":{"type":"LineString","coordinates":[[3.7904,49.2329],[3.7896,49.2327]]}},{"type":"Feature","properties":{"name":"L\u0027Ardre"},"geometry":{"type":"LineString","coordinates":[[3.7896,49.2327],[3.7859,49.2345],[3.7853,49.2360],[3.7837,49.2364]]}},{"type":"Feature","properties":{"name":"L\u0027Ardre"},"geometry":{"type":"LineString","coordinates":[[3.8282,49.2115],[3.8235,49.2176]]}},{"type":"Feature","properties":{"name":"L\u0027Ardre"},"geometry":{"type":"LineString","coordinates":[[3.8069,49.2258],[3.8067,49.2260]]}},{"type":"Feature","properties":{"name":"L\u0027Ardre"},"geometry":{"type":"LineString","coordinates":[[3.7473,49.2498],[3.7460,49.2510]]}},{"type":"Feature","properties":{"name":"L\u0027Ardre"},"geometry":{"type":"LineString","coordinates":[[3.7481,49.2492],[3.7473,49.2498]]}},{"type":"Feature","properties":{"name":"L\u0027Ardre"},"geometry":{"type":"LineString","coordinates":[[3.7492,49.2489],[3.7481,49.2492]]}},{"type":"Feature","properties":{"name":"L\u0027Ardre"},"geometry":{"type":"LineString","coordinates":[[3.7503,49.2482],[3.7492,49.2489]]}},{"type":"Feature","properties":{"name":"L\u0027Ardre"},"geometry":{"type":"LineString","coordinates":[[3.7445,49.2526],[3.7441,49.2533]]}},{"type":"Feature","properties":{"name":"L\u0027Ardre"},"geometry":{"type":"LineString","coordinates":[[3.7416,49.2547],[3.7390,49.2553]]}},{"type":"Feature","properties":{"name":"L\u0027Ardre"},"geometry":{"type":"LineString","coordinates":[[3.7387,49.2553],[3.7377,49.2554]]}},{"type":"Feature","properties":{"name":"L\u0027Ardre"},"geometry":{"type":"LineString","coordinates":[[3.7354,49.2555],[3.7343,49.2566]]}},{"type":"Feature","properties":{"name":"L\u0027Ardre"},"geometry":{"type":"LineString","coordinates":[[3.7343,49.2566],[3.7320,49.2576]]}},{"type":"Feature","properties":{"name":"L\u0027Ardre"},"geometry":{"type":"LineString","coordinates":[[3.7320,49.2576],[3.7309,49.2584]]}},{"type":"Feature","properties":{"name":"L\u0027Ardre"},"geometry":{"type":"LineString","coordinates":[[3.7309,49.2584],[3.7304,49.2586]]}},{"type":"Feature","properties":{"name":"L\u0027Ardre"},"geometry":{"type":"LineString","coordinates":[[3.7304,49.2586],[3.7299,49.2587]]}},{"type":"Feature","properties":{"name":"L\u0027Ardre"},"geometry":{"type":"LineString","coordinates":[[3.7299,49.2587],[3.7295,49.2588]]}},{"type":"Feature","properties":{"name":"L\u0027Ardre"},"geometry":{"type":"LineString","coordinates":[[3.7295,49.2588],[3.7287,49.2593]]}},{"type":"Feature","properties":{"name":"L\u0027Ardre"},"geometry":{"type":"LineString","coordinates":[[3.7287,49.2593],[3.7279,49.2594]]}},{"type":"Feature","properties":{"name":"L\u0027Ardre"},"geometry":{"type":"LineString","coordinates":[[3.6799,49.2820],[3.6757,49.2843],[3.6756,49.2870],[3.6770,49.2879],[3.6760,49.2881],[3.6759,49.2891],[3.6776,49.2970],[3.6754,49.2988]]}},{"type":"Feature","properties":{"name":"L\u0027Ardre"},"geometry":{"type":"LineString","coordinates":[[3.6856,49.2773],[3.6840,49.2774],[3.6835,49.2800],[3.6799,49.2820]]}},{"type":"Feature","properties":{"name":"L\u0027Ardre"},"geometry":{"type":"LineString","coordinates":[[3.6627,49.3087],[3.6602,49.3082]]}},{"type":"Feature","properties":{"name":"L\u0027Ardre"},"geometry":{"type":"LineString","coordinates":[[3.6629,49.3087],[3.6627,49.3087]]}},{"type":"Feature","properties":{"name":"L\u0027Ardre"},"geometry":{"type":"LineString","coordinates":[[3.6750,49.2990],[3.6746,49.2995]]}},{"type":"Feature","properties":{"name":"L\u0027Ardre"},"geometry":{"type":"LineString","coordinates":[[3.6754,49.2988],[3.6750,49.2990]]}},{"type":"Feature","properties":{"name":"L\u0027Ardre"},"geometry":{"type":"LineString","coordinates":[[3.6746,49.2996],[3.6746,49.3001]]}},{"type":"Feature","properties":{"name":"L\u0027Ardre"},"geometry":{"type":"LineString","coordinates":[[3.6746,49.2995],[3.6746,49.2996]]}},{"type":"Feature","properties":{"name":"L\u0027Ardre"},"geometry":{"type":"LineString","coordinates":[[3.6746,49.3001],[3.6733,49.3006],[3.6757,49.3040],[3.6750,49.3041],[3.6749,49.3060],[3.6715,49.3078],[3.6629,49.3087]]}},{"type":"Feature","properties":{"name":"L\u0027Ardre"},"geometry":{"type":"LineString","coordinates":[[3.6992,49.2720],[3.6909,49.2769],[3.6856,49.2773]]}},{"type":"Feature","properties":{"name":"L\u0027Ardre"},"geometry":{"type":"LineString","coordinates":[[3.6995,49.2720],[3.6992,49.2720]]}},{"type":"Feature","properties":{"name":"L\u0027Ardre"},"geometry":{"type":"LineString","coordinates":[[3.7279,49.2594],[3.7213,49.2597],[3.7203,49.2617],[3.7139,49.2644],[3.7125,49.2666],[3.7098,49.2664],[3.7054,49.2679],[3.7028,49.2699],[3.7029,49.2708],[3.6995,49.2720]]}},{"type":"Feature","properties":{"name":"L\u0027Ardre"},"geometry":{"type":"LineString","coordinates":[[3.7377,49.2554],[3.7354,49.2555]]}},{"type":"Feature","properties":{"name":"L\u0027Ardre"},"geometry":{"type":"LineString","coordinates":[[3.7390,49.2553],[3.7387,49.2553]]}},{"type":"Feature","properties":{"name":"L\u0027Ardre"},"geometry":{"type":"LineString","coordinates":[[3.7441,49.2533],[3.7416,49.2547]]}},{"type":"Feature","properties":{"name":"L\u0027Ardre"},"geometry":{"type":"LineString","coordinates":[[3.7460,49.2510],[3.7445,49.2526]]}},{"type":"Feature","properties":{"name":"L\u0027Ardre"},"geometry":{"type":"LineString","coordinates":[[3.7628,49.2465],[3.7586,49.2463],[3.7571,49.2452],[3.7503,49.2482]]}},{"type":"Feature","properties":{"name":"L\u0027Ardre"},"geometry":{"type":"LineString","coordinates":[[3.7637,49.2462],[3.7628,49.2465]]}},{"type":"Feature","properties":{"name":"L\u0027Ardre"},"geometry":{"type":"LineString","coordinates":[[3.7685,49.2441],[3.7637,49.2462]]}},{"type":"Feature","properties":{"name":"L\u0027Ardre"},"geometry":{"type":"LineString","coordinates":[[3.7803,49.2383],[3.7710,49.2418],[3.7685,49.2441]]}},{"type":"Feature","properties":{"name":"L\u0027Ardre"},"geometry":{"type":"LineString","coordinates":[[3.7832,49.2363],[3.7816,49.2367],[3.7803,49.2383]]}},{"type":"Feature","properties":{"name":"L\u0027Ardre"},"geometry":{"type":"LineString","coordinates":[[3.8182,49.2232],[3.8176,49.2236]]}},{"type":"Feature","properties":{"name":"Ruisseau de Faverolles"},"geometry":{"type":"LineString","coordinates":[[3.7138,48.5234],[3.7086,48.5234],[3.7046,48.5255],[3.6947,48.5256],[3.6858,48.5229],[3.6858,48.5216],[3.6837,48.5207],[3.6819,48.5210],[3.6750,48.5163],[3.6597,48.5168],[3.6509,48.5189],[3.6435,48.5194],[3.6399,48.5185],[3.6385,48.5193]]}},{"type":"Feature","properties":{"name":"L\u0027Aube"},"geometry":{"type":"LineString","coordinates":[[4.1595,48.5398],[4.1559,48.5395],[4.1571,48.5412],[4.1565,48.5422],[4.1528,48.5412],[4.1504,48.5418],[4.1490,48.5404],[4.1491,48.5388],[4.1468,48.5392],[4.1459,48.5384],[4.1355,48.5376],[4.1286,48.5359],[4.1166,48.5377],[4.1121,48.5394],[4.1110,48.5390],[4.1128,48.5377],[4.1125,48.5370],[4.1082,48.5375],[4.1005,48.5416],[4.1058,48.5408],[4.1066,48.5412],[4.1062,48.5424],[4.1004,48.5424],[4.1003,48.5438],[4.0986,48.5446],[4.0964,48.5434],[4.0968,48.5460],[4.0948,48.5468],[4.0913,48.5461],[4.0910,48.5483],[4.0892,48.5485],[4.0889,48.5472],[4.0879,48.5473],[4.0891,48.5499],[4.0877,48.5509],[4.0888,48.5513],[4.0886,48.5520],[4.0842,48.5515],[4.0816,48.5531],[4.0705,48.5521],[4.0663,48.5529],[4.0656,48.5541],[4.0664,48.5556],[4.0655,48.5561],[4.0521,48.5550],[4.0491,48.5592],[4.0456,48.5577],[4.0421,48.5588],[4.0420,48.5607],[4.0359,48.5611],[4.0333,48.5634],[4.0213,48.5644],[4.0127,48.5619],[3.9995,48.5642],[3.9905,48.5641],[3.9892,48.5626],[3.9841,48.5620],[3.9827,48.5599],[3.9821,48.5608],[3.9803,48.5601],[3.9795,48.5610],[3.9771,48.5602],[3.9761,48.5590],[3.9770,48.5580],[3.9747,48.5562],[3.9686,48.5553],[3.9685,48.5534],[3.9641,48.5515],[3.9663,48.5499],[3.9635,48.5492],[3.9584,48.5501],[3.9539,48.5523],[3.9508,48.5520],[3.9436,48.5537],[3.9402,48.5583],[3.9371,48.5572],[3.9327,48.5584],[3.9331,48.5591],[3.9357,48.5587],[3.9359,48.5601],[3.9372,48.5607],[3.9354,48.5619],[3.9370,48.5622],[3.9368,48.5644]]}},{"type":"Feature","properties":{"name":"L\u0027Aube"},"geometry":{"type":"LineString","coordinates":[[3.8345,48.5830],[3.8253,48.5841],[3.8189,48.5840],[3.8147,48.5827]]}},{"type":"Feature","properties":{"name":"L\u0027Aube"},"geometry":{"type":"LineString","coordinates":[[4.1872,48.5439],[4.1829,48.5455],[4.1808,48.5443],[4.1777,48.5446],[4.1755,48.5459],[4.1757,48.5476],[4.1702,48.5470],[4.1648,48.5454],[4.1647,48.5447],[4.1680,48.5443],[4.1678,48.5428],[4.1646,48.5420],[4.1661,48.5405],[4.1633,48.5400],[4.1615,48.5411],[4.1595,48.5398]]}},{"type":"Feature","properties":{"name":"L\u0027Aube"},"geometry":{"type":"LineString","coordinates":[[3.9905,48.5641],[3.9808,48.5658],[3.9788,48.5651],[3.9760,48.5665],[3.9728,48.5657],[3.9724,48.5667],[3.9687,48.5680],[3.9636,48.5666],[3.9631,48.5691],[3.9619,48.5692],[3.9622,48.5708],[3.9611,48.5711],[3.9580,48.5696],[3.9560,48.5703],[3.9544,48.5694],[3.9539,48.5688],[3.9551,48.5682],[3.9531,48.5665],[3.9542,48.5660],[3.9527,48.5654],[3.9533,48.5645],[3.9509,48.5637],[3.9509,48.5650],[3.9500,48.5633],[3.9489,48.5646],[3.9457,48.5648],[3.9467,48.5635],[3.9418,48.5639],[3.9416,48.5629],[3.9400,48.5625],[3.9398,48.5637],[3.9379,48.5641],[3.9386,48.5646],[3.9360,48.5671],[3.9334,48.5658],[3.9336,48.5671],[3.9351,48.5681],[3.9328,48.5682],[3.9324,48.5704],[3.9306,48.5699],[3.9319,48.5692],[3.9303,48.5678]]}},{"type":"Feature","properties":{"name":"L\u0027Aube"},"geometry":{"type":"LineString","coordinates":[[4.3987,48.4483],[4.3938,48.4451],[4.3906,48.4446],[4.3865,48.4457],[4.3879,48.4472],[4.3864,48.4491],[4.3814,48.4489],[4.3796,48.4503],[4.3745,48.4517],[4.3703,48.4512],[4.3694,48.4551],[4.3660,48.4577],[4.3607,48.4596],[4.3641,48.4605],[4.3625,48.4622],[4.3636,48.4639],[4.3600,48.4702],[4.3607,48.4719],[4.3551,48.4739],[4.3534,48.4756],[4.3522,48.4781],[4.3554,48.4772],[4.3557,48.4787],[4.3513,48.4818],[4.3498,48.4846],[4.3460,48.4853],[4.3471,48.4874],[4.3432,48.4904],[4.3403,48.4914],[4.3402,48.4931],[4.3419,48.4947],[4.3403,48.4959],[4.3384,48.4963],[4.3373,48.4952],[4.3399,48.4945],[4.3385,48.4933],[4.3358,48.4935],[4.3329,48.4945],[4.3335,48.4964],[4.3314,48.4959],[4.3333,48.4979],[4.3327,48.4984],[4.3291,48.4971],[4.3293,48.4958],[4.3258,48.4950],[4.3229,48.4972],[4.3222,48.4968],[4.3227,48.4954],[4.3202,48.4955],[4.3199,48.4971],[4.3156,48.4987],[4.3148,48.5011],[4.3106,48.5021],[4.3102,48.5072],[4.3062,48.5065],[4.3060,48.5082],[4.3074,48.5090],[4.3043,48.5088],[4.3012,48.5110],[4.2980,48.5099],[4.2977,48.5085],[4.2958,48.5106],[4.2904,48.5109],[4.2899,48.5118],[4.2907,48.5123],[4.2897,48.5125],[4.2876,48.5090],[4.2854,48.5088],[4.2856,48.5073],[4.2807,48.5065],[4.2798,48.5066],[4.2799,48.5082],[4.2776,48.5102],[4.2768,48.5099],[4.2772,48.5085],[4.2752,48.5074],[4.2707,48.5108],[4.2674,48.5090],[4.2660,48.5114],[4.2638,48.5114],[4.2647,48.5083],[4.2625,48.5083],[4.2604,48.5090],[4.2601,48.5100],[4.2577,48.5102],[4.2585,48.5119],[4.2558,48.5115],[4.2564,48.5128],[4.2550,48.5141],[4.2532,48.5135],[4.2519,48.5141],[4.2503,48.5181],[4.2517,48.5175],[4.2527,48.5153],[4.2553,48.5161],[4.2540,48.5168],[4.2536,48.5213],[4.2500,48.5217],[4.2479,48.5192],[4.2447,48.5202],[4.2411,48.5196],[4.2445,48.5227],[4.2415,48.5232],[4.2415,48.5252],[4.2379,48.5253],[4.2380,48.5269],[4.2393,48.5275],[4.2370,48.5280],[4.2355,48.5303],[4.2336,48.5306],[4.2346,48.5315],[4.2338,48.5324],[4.2326,48.5325],[4.2314,48.5298],[4.2291,48.5299],[4.2274,48.5307],[4.2274,48.5324],[4.2285,48.5327],[4.2307,48.5315],[4.2300,48.5331],[4.2217,48.5355],[4.2157,48.5345],[4.2143,48.5365],[4.2153,48.5382],[4.2099,48.5362],[4.2091,48.5364],[4.2091,48.5379],[4.2070,48.5358],[4.2062,48.5363],[4.2067,48.5375],[4.2030,48.5386],[4.2027,48.5368],[4.2015,48.5359],[4.2014,48.5372],[4.1993,48.5389],[4.2010,48.5397],[4.1985,48.5408],[4.1985,48.5416],[4.1956,48.5399],[4.1956,48.5412],[4.1970,48.5415],[4.1951,48.5418],[4.1940,48.5395],[4.1909,48.5392],[4.1904,48.5402],[4.1925,48.5418],[4.1872,48.5439]]}},{"type":"Feature","properties":{"name":"L\u0027Aube"},"geometry":{"type":"LineString","coordinates":[[3.9368,48.5644],[3.9358,48.5647],[3.9344,48.5629],[3.9335,48.5630],[3.9331,48.5651],[3.9308,48.5664],[3.9297,48.5652],[3.9275,48.5667],[3.9299,48.5666],[3.9302,48.5680],[3.9269,48.5678],[3.9223,48.5726],[3.9206,48.5730],[3.9206,48.5740],[3.9181,48.5744],[3.9168,48.5732],[3.9149,48.5730],[3.9137,48.5749],[3.9081,48.5745],[3.9042,48.5768],[3.9025,48.5753],[3.8995,48.5765],[3.9015,48.5751],[3.8965,48.5718],[3.8976,48.5744],[3.8941,48.5740],[3.8926,48.5749],[3.8921,48.5735],[3.8892,48.5744],[3.8892,48.5758],[3.8866,48.5765],[3.8882,48.5775],[3.8873,48.5790],[3.8811,48.5766],[3.8800,48.5792],[3.8770,48.5800],[3.8758,48.5791],[3.8728,48.5793],[3.8717,48.5815],[3.8668,48.5786],[3.8655,48.5800],[3.8628,48.5785],[3.8607,48.5789],[3.8611,48.5797],[3.8600,48.5803],[3.8569,48.5789],[3.8552,48.5803],[3.8483,48.5802],[3.8345,48.5830],[3.8330,48.5815],[3.8263,48.5803],[3.8246,48.5809],[3.8243,48.5790],[3.8203,48.5804],[3.8205,48.5781],[3.8163,48.5779],[3.8146,48.5791],[3.8130,48.5777],[3.8131,48.5803],[3.8061,48.5826],[3.8017,48.5820],[3.8018,48.5833],[3.7999,48.5840],[3.7973,48.5797],[3.7950,48.5801],[3.7936,48.5777],[3.7865,48.5777],[3.7774,48.5733],[3.7527,48.5732],[3.7428,48.5686],[3.7272,48.5632],[3.7246,48.5632],[3.7239,48.5649],[3.7226,48.5652],[3.7218,48.5629],[3.7188,48.5627],[3.7149,48.5578]]}},{"type":"Feature","properties":{"name":"L\u0027Aube"},"geometry":{"type":"LineString","coordinates":[[4.3470,48.4866],[4.3435,48.4878],[4.3459,48.4881]]}},{"type":"Feature","properties":{"name":"Le Rouillat"},"geometry":{"type":"LineString","coordinates":[[4.0177,49.2096],[4.0195,49.2107],[4.0211,49.2153],[4.0245,49.2188],[4.0307,49.2302],[4.0391,49.2368]]}},{"type":"Feature","properties":{"name":"Canal des Moulins"},"geometry":{"type":"LineString","coordinates":[[3.7615,48.5280],[3.7585,48.5258],[3.7551,48.5265],[3.7519,48.5242],[3.7499,48.5225],[3.7509,48.5203],[3.7445,48.5197],[3.7375,48.5174]]}},{"type":"Feature","properties":{"name":"Canal des Moulins"},"geometry":{"type":"LineString","coordinates":[[3.7190,48.5231],[3.7170,48.5225],[3.7138,48.5234]]}},{"type":"Feature","properties":{"name":"Canal des Moulins"},"geometry":{"type":"LineString","coordinates":[[3.7375,48.5174],[3.7344,48.5173],[3.7334,48.5187],[3.7315,48.5191],[3.7314,48.5199],[3.7257,48.5231],[3.7190,48.5231]]}}]}