{"type":"FeatureCollection","features":[{"type":"Feature","properties":{"name":"Le Lié"},"geometry":{"type":"LineString","coordinates":[[-2.6557,48.0324],[-2.6544,48.0310],[-2.6531,48.0253],[-2.6515,48.0236],[-2.6525,48.0162],[-2.6510,48.0145]]}},{"type":"Feature","properties":{"name":"Le Lié"},"geometry":{"type":"LineString","coordinates":[[-2.6431,48.2478],[-2.6413,48.2436],[-2.6458,48.2362],[-2.6449,48.2358],[-2.6442,48.2367],[-2.6413,48.2354],[-2.6375,48.2302],[-2.6326,48.2277],[-2.6314,48.2255],[-2.6327,48.2243],[-2.6330,48.2213]]}},{"type":"Feature","properties":{"name":"Le Lié"},"geometry":{"type":"LineString","coordinates":[[-2.6515,48.1104],[-2.6513,48.1075],[-2.6569,48.1066],[-2.6561,48.1034],[-2.6499,48.0985],[-2.6508,48.0963],[-2.6539,48.0953],[-2.6564,48.0929],[-2.6539,48.0874],[-2.6558,48.0841],[-2.6618,48.0823],[-2.6630,48.0788],[-2.6630,48.0750],[-2.6659,48.0717],[-2.6646,48.0694],[-2.6670,48.0685],[-2.6672,48.0659],[-2.6696,48.0655],[-2.6703,48.0645],[-2.6715,48.0652],[-2.6732,48.0640],[-2.6730,48.0628],[-2.6710,48.0613],[-2.6715,48.0606],[-2.6655,48.0563],[-2.6671,48.0514],[-2.6706,48.0506],[-2.6690,48.0469],[-2.6694,48.0459],[-2.6638,48.0441],[-2.6596,48.0449]]}},{"type":"Feature","properties":{"name":"Le Lié"},"geometry":{"type":"LineString","coordinates":[[-2.6596,48.0449],[-2.6573,48.0411]]}},{"type":"Feature","properties":{"name":"Le Lié"},"geometry":{"type":"LineString","coordinates":[[-2.6382,48.1667],[-2.6375,48.1636],[-2.6428,48.1621],[-2.6443,48.1626],[-2.6474,48.1605],[-2.6493,48.1578],[-2.6483,48.1563]]}},{"type":"Feature","properties":{"name":"Le Lié"},"geometry":{"type":"LineString","coordinates":[[-2.6483,48.1563],[-2.6474,48.1538],[-2.6496,48.1492],[-2.6562,48.1449],[-2.6560,48.1441],[-2.6579,48.1426],[-2.6568,48.1407]]}},{"type":"Feature","properties":{"name":"Le Lié"},"geometry":{"type":"LineString","coordinates":[[-2.6568,48.1407],[-2.6551,48.1380],[-2.6559,48.1373],[-2.6557,48.1356]]}},{"type":"Feature","properties":{"name":"Le Lié"},"geometry":{"type":"LineString","coordinates":[[-2.6520,48.1190],[-2.6572,48.1152],[-2.6515,48.1132],[-2.6515,48.1104]]}},{"type":"Feature","properties":{"name":"Le Lié"},"geometry":{"type":"LineString","coordinates":[[-2.6270,48.2127],[-2.6222,48.2108],[-2.6224,48.2095],[-2.6237,48.2087]]}},{"type":"Feature","properties":{"name":"Le Lié"},"geometry":{"type":"LineString","coordinates":[[-2.6557,48.1356],[-2.6563,48.1332],[-2.6581,48.1331],[-2.6608,48.1305]]}},{"type":"Feature","properties":{"name":"Le Lié"},"geometry":{"type":"LineString","coordinates":[[-2.6332,48.2182],[-2.6311,48.2157],[-2.6314,48.2138],[-2.6274,48.2128]]}},{"type":"Feature","properties":{"name":"Le Lié"},"geometry":{"type":"LineString","coordinates":[[-2.6241,48.2079],[-2.6251,48.2061],[-2.6266,48.2058],[-2.6250,48.2037],[-2.6260,48.2023],[-2.6244,48.2016],[-2.6224,48.2023],[-2.6189,48.1983],[-2.6186,48.1956],[-2.6203,48.1938],[-2.6194,48.1917],[-2.6244,48.1910],[-2.6261,48.1898],[-2.6261,48.1886],[-2.6248,48.1882],[-2.6248,48.1829],[-2.6274,48.1768],[-2.6315,48.1746],[-2.6390,48.1735],[-2.6392,48.1705],[-2.6384,48.1685]]}},{"type":"Feature","properties":{"name":"Le Lié"},"geometry":{"type":"LineString","coordinates":[[-2.6274,48.2128],[-2.6270,48.2127]]}},{"type":"Feature","properties":{"name":"Le Lié"},"geometry":{"type":"LineString","coordinates":[[-2.6330,48.2213],[-2.6332,48.2182],[-2.6348,48.2168],[-2.6347,48.2144],[-2.6296,48.2117]]}},{"type":"Feature","properties":{"name":"Le Lié"},"geometry":{"type":"LineString","coordinates":[[-2.6583,48.1329],[-2.6591,48.1319]]}},{"type":"Feature","properties":{"name":"Le Lié"},"geometry":{"type":"LineString","coordinates":[[-2.6646,48.0694],[-2.6650,48.0671],[-2.6694,48.0621],[-2.6686,48.0588]]}},{"type":"Feature","properties":{"name":"Le Lié"},"geometry":{"type":"LineString","coordinates":[[-2.6384,48.1685],[-2.6386,48.1682]]}},{"type":"Feature","properties":{"name":"Le Lié"},"geometry":{"type":"LineString","coordinates":[[-2.6237,48.2087],[-2.6241,48.2079]]}},{"type":"Feature","properties":{"name":"Le Lié"},"geometry":{"type":"LineString","coordinates":[[-2.6573,48.0411],[-2.6592,48.0392],[-2.6589,48.0377],[-2.6560,48.0349],[-2.6523,48.0288],[-2.6482,48.0265],[-2.6489,48.0221],[-2.6479,48.0197],[-2.6507,48.0167],[-2.6506,48.0140],[-2.6524,48.0120],[-2.6511,48.0112],[-2.6520,48.0098],[-2.6584,48.0080]]}},{"type":"Feature","properties":{"name":"Le Lié"},"geometry":{"type":"LineString","coordinates":[[-2.6386,48.1682],[-2.6382,48.1667]]}},{"type":"Feature","properties":{"name":"Le Lié"},"geometry":{"type":"LineString","coordinates":[[-2.6573,48.0411],[-2.6616,48.0386],[-2.6593,48.0345],[-2.6557,48.0324]]}},{"type":"Feature","properties":{"name":"Le Lié"},"geometry":{"type":"LineString","coordinates":[[-2.6608,48.1305],[-2.6621,48.1281],[-2.6618,48.1270],[-2.6580,48.1243],[-2.6578,48.1222],[-2.6559,48.1207],[-2.6520,48.1190]]}},{"type":"Feature","properties":{"name":"Le Lié"},"geometry":{"type":"LineString","coordinates":[[-2.6296,48.2117],[-2.6253,48.2110],[-2.6237,48.2087]]}},{"type":"Feature","properties":{"name":"Le Lié"},"geometry":{"type":"LineString","coordinates":[[-2.6510,48.0145],[-2.6508,48.0145]]}},{"type":"Feature","properties":{"name":"Rivière de Pénerf"},"geometry":{"type":"LineString","coordinates":[[-2.5765,47.5495],[-2.5757,47.5490],[-2.5764,47.5452],[-2.5810,47.5437],[-2.5818,47.5404],[-2.5802,47.5393],[-2.5814,47.5381],[-2.5862,47.5354],[-2.5903,47.5349],[-2.5937,47.5325],[-2.5968,47.5324],[-2.5985,47.5309],[-2.6054,47.5291],[-2.6128,47.5294],[-2.6152,47.5265],[-2.6181,47.5268],[-2.6228,47.5170],[-2.6344,47.5107],[-2.6481,47.5063],[-2.6493,47.5050],[-2.6477,47.5006]]}},{"type":"Feature","properties":{"name":"Rivière de Crac\u0027h"},"geometry":{"type":"LineString","coordinates":[[-3.0360,47.6385],[-3.0350,47.6345],[-3.0338,47.6341],[-3.0352,47.6306],[-3.0345,47.6280],[-3.0327,47.6265],[-3.0320,47.6221],[-3.0282,47.6201],[-3.0280,47.6192],[-3.0297,47.6182],[-3.0295,47.6169],[-3.0260,47.6153],[-3.0272,47.6127],[-3.0250,47.6109],[-3.0264,47.6074],[-3.0237,47.6050],[-3.0242,47.5984],[-3.0224,47.5941],[-3.0255,47.5881],[-3.0233,47.5849],[-3.0161,47.5812],[-3.0145,47.5781],[-3.0155,47.5748],[-3.0101,47.5657]]}},{"type":"Feature","properties":{"name":"Ruisseau du Golut"},"geometry":{"type":"LineString","coordinates":[[-2.9837,48.1158],[-2.9786,48.1170],[-2.9745,48.1204],[-2.9692,48.1219],[-2.9570,48.1211]]}},{"type":"Feature","properties":{"name":"Ruisseau du Golut"},"geometry":{"type":"LineString","coordinates":[[-2.9951,48.1145],[-2.9838,48.1157]]}},{"type":"Feature","properties":{"name":"Ruisseau du Golut"},"geometry":{"type":"LineString","coordinates":[[-2.9838,48.1157],[-2.9837,48.1158]]}},{"type":"Feature","properties":{"name":"Étier du Pouliguen"},"geometry":{"type":"LineString","coordinates":[[-2.4169,47.2849],[-2.4249,47.2830],[-2.4266,47.2813],[-2.4276,47.2770],[-2.4226,47.2734]]}},{"type":"Feature","properties":{"name":"Étier du Pouliguen"},"geometry":{"type":"LineString","coordinates":[[-2.4309,47.2865],[-2.4265,47.2873],[-2.4254,47.2858],[-2.4207,47.2886],[-2.4186,47.2879],[-2.4169,47.2849]]}},{"type":"Feature","properties":{"name":"L\u0027Épinay"},"geometry":{"type":"LineString","coordinates":[[-2.6177,47.5476],[-2.6167,47.5464],[-2.6191,47.5461],[-2.6205,47.5439],[-2.6185,47.5426],[-2.6155,47.5422],[-2.6141,47.5407],[-2.6126,47.5368],[-2.6162,47.5321],[-2.6126,47.5314],[-2.6140,47.5289]]}},{"type":"Feature","properties":{"name":"L\u0027Épinay"},"geometry":{"type":"LineString","coordinates":[[-2.6201,47.5461],[-2.6191,47.5461]]}},{"type":"Feature","properties":{"name":"L\u0027Aff"},"geometry":{"type":"LineString","coordinates":[[-2.1994,47.9921],[-2.1975,47.9906],[-2.1954,47.9910],[-2.1933,47.9901],[-2.1917,47.9912],[-2.1905,47.9894],[-2.1875,47.9885],[-2.1883,47.9868],[-2.1858,47.9854],[-2.1868,47.9833],[-2.1855,47.9819],[-2.1840,47.9828],[-2.1827,47.9816],[-2.1793,47.9813],[-2.1780,47.9794],[-2.1764,47.9804],[-2.1733,47.9794],[-2.1712,47.9808],[-2.1687,47.9806]]}},{"type":"Feature","properties":{"name":"L\u0027Aff"},"geometry":{"type":"LineString","coordinates":[[-2.1228,47.9635],[-2.1195,47.9628],[-2.1199,47.9609]]}},{"type":"Feature","properties":{"name":"L\u0027Aff"},"geometry":{"type":"LineString","coordinates":[[-2.1199,47.9609],[-2.1181,47.9601],[-2.1165,47.9609],[-2.1116,47.9595],[-2.1108,47.9599],[-2.1088,47.9569],[-2.1102,47.9528],[-2.1045,47.9521]]}},{"type":"Feature","properties":{"name":"L\u0027Aff"},"geometry":{"type":"LineString","coordinates":[[-2.0705,47.8115],[-2.0710,47.8075],[-2.0693,47.8057],[-2.0695,47.8025],[-2.0714,47.8021],[-2.0699,47.8009],[-2.0722,47.7988]]}},{"type":"Feature","properties":{"name":"L\u0027Aff"},"geometry":{"type":"LineString","coordinates":[[-2.0469,47.8189],[-2.0494,47.8170],[-2.0522,47.8176],[-2.0599,47.8142],[-2.0678,47.8132],[-2.0705,47.8115]]}},{"type":"Feature","properties":{"name":"L\u0027Aff"},"geometry":{"type":"LineString","coordinates":[[-2.0722,47.7988],[-2.0732,47.7943],[-2.0719,47.7922],[-2.0738,47.7890],[-2.0799,47.7893],[-2.0825,47.7853],[-2.0937,47.7808],[-2.0941,47.7791],[-2.0959,47.7783],[-2.1051,47.7798],[-2.1099,47.7785]]}},{"type":"Feature","properties":{"name":"L\u0027Aff"},"geometry":{"type":"LineString","coordinates":[[-2.1099,47.7785],[-2.1087,47.7759],[-2.1109,47.7731],[-2.1104,47.7712],[-2.1176,47.7704],[-2.1235,47.7715],[-2.1267,47.7706],[-2.1282,47.7687],[-2.1270,47.7671],[-2.1285,47.7619]]}},{"type":"Feature","properties":{"name":"L\u0027Aff"},"geometry":{"type":"LineString","coordinates":[[-2.1094,47.7358],[-2.1080,47.7351],[-2.1069,47.7320],[-2.1119,47.7287],[-2.1256,47.7254],[-2.1315,47.7222]]}},{"type":"Feature","properties":{"name":"L\u0027Aff"},"geometry":{"type":"LineString","coordinates":[[-2.1344,47.7547],[-2.1405,47.7509],[-2.1383,47.7475],[-2.1244,47.7482],[-2.1221,47.7496],[-2.1166,47.7494],[-2.1142,47.7474],[-2.1149,47.7458],[-2.1129,47.7441],[-2.1169,47.7426],[-2.1172,47.7405],[-2.1094,47.7358]]}},{"type":"Feature","properties":{"name":"L\u0027Aff"},"geometry":{"type":"LineString","coordinates":[[-2.1370,47.9791],[-2.1358,47.9762],[-2.1341,47.9758],[-2.1339,47.9745],[-2.1318,47.9734],[-2.1327,47.9721],[-2.1316,47.9716],[-2.1320,47.9709]]}},{"type":"Feature","properties":{"name":"L\u0027Aff"},"geometry":{"type":"LineString","coordinates":[[-2.0952,47.9325],[-2.0928,47.9322],[-2.0918,47.9304],[-2.0901,47.9300],[-2.0892,47.9271],[-2.0857,47.9258],[-2.0849,47.9233],[-2.0821,47.9228],[-2.0786,47.9194]]}},{"type":"Feature","properties":{"name":"L\u0027Aff"},"geometry":{"type":"LineString","coordinates":[[-2.1045,47.8982],[-2.1010,47.8967],[-2.1016,47.8947],[-2.1051,47.8941],[-2.1057,47.8932],[-2.1116,47.8949],[-2.1144,47.8923],[-2.1157,47.8901],[-2.1137,47.8892],[-2.1147,47.8883],[-2.1131,47.8875],[-2.1139,47.8870],[-2.1133,47.8859]]}},{"type":"Feature","properties":{"name":"L\u0027Aff"},"geometry":{"type":"LineString","coordinates":[[-2.0818,47.9088],[-2.0840,47.9069],[-2.0857,47.9068],[-2.0844,47.9050],[-2.0860,47.9035],[-2.0933,47.9025]]}},{"type":"Feature","properties":{"name":"L\u0027Aff"},"geometry":{"type":"LineString","coordinates":[[-2.0786,47.9194],[-2.0783,47.9184],[-2.0813,47.9167],[-2.0804,47.9154],[-2.0809,47.9146],[-2.0843,47.9147],[-2.0854,47.9141],[-2.0849,47.9126]]}},{"type":"Feature","properties":{"name":"L\u0027Aff"},"geometry":{"type":"LineString","coordinates":[[-2.0891,47.8448],[-2.0869,47.8441],[-2.0842,47.8450],[-2.0797,47.8448],[-2.0761,47.8430],[-2.0723,47.8453],[-2.0686,47.8445],[-2.0681,47.8434],[-2.0694,47.8412],[-2.0687,47.8379],[-2.0742,47.8353],[-2.0751,47.8329],[-2.0765,47.8325],[-2.0759,47.8301]]}},{"type":"Feature","properties":{"name":"L\u0027Aff"},"geometry":{"type":"LineString","coordinates":[[-2.0957,47.8617],[-2.0918,47.8601],[-2.0924,47.8582],[-2.0907,47.8574],[-2.0914,47.8559],[-2.0900,47.8552],[-2.0925,47.8511],[-2.0916,47.8480],[-2.0924,47.8473],[-2.0917,47.8451],[-2.0891,47.8448]]}},{"type":"Feature","properties":{"name":"L\u0027Aff"},"geometry":{"type":"LineString","coordinates":[[-2.0409,47.8288],[-2.0402,47.8281],[-2.0420,47.8270],[-2.0418,47.8257],[-2.0437,47.8256],[-2.0440,47.8241],[-2.0456,47.8239],[-2.0451,47.8220],[-2.0469,47.8189]]}},{"type":"Feature","properties":{"name":"L\u0027Aff"},"geometry":{"type":"LineString","coordinates":[[-2.1290,47.7612],[-2.1299,47.7590],[-2.1344,47.7547]]}},{"type":"Feature","properties":{"name":"L\u0027Aff"},"geometry":{"type":"LineString","coordinates":[[-2.1285,47.7619],[-2.1290,47.7612]]}},{"type":"Feature","properties":{"name":"L\u0027Aff"},"geometry":{"type":"LineString","coordinates":[[-2.1246,47.7482],[-2.1170,47.7425]]}},{"type":"Feature","properties":{"name":"L\u0027Aff"},"geometry":{"type":"LineString","coordinates":[[-2.0730,47.7940],[-2.0737,47.7925],[-2.0725,47.7912]]}},{"type":"Feature","properties":{"name":"L\u0027Aff"},"geometry":{"type":"LineString","coordinates":[[-2.0708,47.8364],[-2.0713,47.8354],[-2.0743,47.8349]]}},{"type":"Feature","properties":{"name":"L\u0027Aff"},"geometry":{"type":"LineString","coordinates":[[-2.0759,47.8301],[-2.0734,47.8290],[-2.0672,47.8294],[-2.0605,47.8316],[-2.0580,47.8338],[-2.0546,47.8321],[-2.0545,47.8308],[-2.0512,47.8293],[-2.0494,47.8303],[-2.0458,47.8301],[-2.0441,47.8286],[-2.0409,47.8288]]}},{"type":"Feature","properties":{"name":"L\u0027Aff"},"geometry":{"type":"LineString","coordinates":[[-2.0936,47.7809],[-2.0939,47.7801]]}},{"type":"Feature","properties":{"name":"L\u0027Aff"},"geometry":{"type":"LineString","coordinates":[[-2.0912,47.9023],[-2.0930,47.9024]]}},{"type":"Feature","properties":{"name":"L\u0027Aff"},"geometry":{"type":"LineString","coordinates":[[-2.0999,47.9463],[-2.0999,47.9450]]}},{"type":"Feature","properties":{"name":"L\u0027Aff"},"geometry":{"type":"LineString","coordinates":[[-2.1045,47.9521],[-2.1044,47.9508],[-2.1028,47.9500],[-2.1026,47.9482],[-2.0997,47.9481],[-2.0999,47.9463]]}},{"type":"Feature","properties":{"name":"L\u0027Aff"},"geometry":{"type":"LineString","coordinates":[[-2.0953,47.9325],[-2.0952,47.9325]]}},{"type":"Feature","properties":{"name":"L\u0027Aff"},"geometry":{"type":"LineString","coordinates":[[-2.0999,47.9450],[-2.1001,47.9443],[-2.0978,47.9435],[-2.0978,47.9418],[-2.1015,47.9390],[-2.1001,47.9374],[-2.0974,47.9365],[-2.0964,47.9337],[-2.0978,47.9331],[-2.0953,47.9325]]}},{"type":"Feature","properties":{"name":"L\u0027Aff"},"geometry":{"type":"LineString","coordinates":[[-2.0849,47.9126],[-2.0824,47.9108],[-2.0817,47.9090]]}},{"type":"Feature","properties":{"name":"L\u0027Aff"},"geometry":{"type":"LineString","coordinates":[[-2.0847,47.9055],[-2.0844,47.9050]]}},{"type":"Feature","properties":{"name":"L\u0027Aff"},"geometry":{"type":"LineString","coordinates":[[-2.0817,47.9090],[-2.0818,47.9088]]}},{"type":"Feature","properties":{"name":"L\u0027Aff"},"geometry":{"type":"LineString","coordinates":[[-2.1686,47.9806],[-2.1636,47.9827],[-2.1588,47.9811],[-2.1569,47.9828],[-2.1484,47.9836]]}},{"type":"Feature","properties":{"name":"L\u0027Aff"},"geometry":{"type":"LineString","coordinates":[[-2.1687,47.9806],[-2.1686,47.9806]]}},{"type":"Feature","properties":{"name":"L\u0027Aff"},"geometry":{"type":"LineString","coordinates":[[-2.1484,47.9835],[-2.1439,47.9840],[-2.1412,47.9802],[-2.1370,47.9791]]}},{"type":"Feature","properties":{"name":"L\u0027Aff"},"geometry":{"type":"LineString","coordinates":[[-2.1484,47.9836],[-2.1484,47.9835]]}},{"type":"Feature","properties":{"name":"L\u0027Aff"},"geometry":{"type":"LineString","coordinates":[[-2.1994,47.9921],[-2.1994,47.9921]]}},{"type":"Feature","properties":{"name":"L\u0027Aff"},"geometry":{"type":"LineString","coordinates":[[-2.2144,47.9933],[-2.2111,47.9948],[-2.2043,47.9938],[-2.2007,47.9917],[-2.1994,47.9921]]}},{"type":"Feature","properties":{"name":"L\u0027Aff"},"geometry":{"type":"LineString","coordinates":[[-2.1297,47.9693],[-2.1269,47.9674],[-2.1275,47.9664],[-2.1259,47.9654],[-2.1264,47.9644],[-2.1228,47.9648],[-2.1228,47.9635]]}},{"type":"Feature","properties":{"name":"L\u0027Aff"},"geometry":{"type":"LineString","coordinates":[[-2.1320,47.9709],[-2.1297,47.9693]]}},{"type":"Feature","properties":{"name":"L\u0027Aff"},"geometry":{"type":"LineString","coordinates":[[-2.1061,47.8998],[-2.1045,47.8982]]}},{"type":"Feature","properties":{"name":"L\u0027Aff"},"geometry":{"type":"LineString","coordinates":[[-2.0933,47.9025],[-2.1000,47.9003],[-2.1054,47.9025],[-2.1061,47.8998]]}},{"type":"Feature","properties":{"name":"L\u0027Aff"},"geometry":{"type":"LineString","coordinates":[[-2.1132,47.8830],[-2.1144,47.8830],[-2.1163,47.8805],[-2.1147,47.8776],[-2.1115,47.8747],[-2.1072,47.8728],[-2.1073,47.8706],[-2.1052,47.8684],[-2.1042,47.8692],[-2.1020,47.8683],[-2.0975,47.8648],[-2.0974,47.8632],[-2.0957,47.8617]]}},{"type":"Feature","properties":{"name":"L\u0027Aff"},"geometry":{"type":"LineString","coordinates":[[-2.1133,47.8859],[-2.1140,47.8848],[-2.1132,47.8830]]}},{"type":"Feature","properties":{"name":"L\u0027Aff"},"geometry":{"type":"LineString","coordinates":[[-2.1133,47.8859],[-2.1132,47.8830]]}},{"type":"Feature","properties":{"name":"L\u0027Aff"},"geometry":{"type":"LineString","coordinates":[[-2.1315,47.7222],[-2.1292,47.7177]]}},{"type":"Feature","properties":{"name":"Le Vincin"},"geometry":{"type":"LineString","coordinates":[[-2.8051,47.6542],[-2.8032,47.6536],[-2.8032,47.6519],[-2.8001,47.6522],[-2.7977,47.6512],[-2.7972,47.6501],[-2.7979,47.6492],[-2.7969,47.6477],[-2.7937,47.6474],[-2.7946,47.6461],[-2.7922,47.6415],[-2.7891,47.6392],[-2.7916,47.6372],[-2.7884,47.6346],[-2.7876,47.6324],[-2.7823,47.6314],[-2.7809,47.6282],[-2.7775,47.6263]]}},{"type":"Feature","properties":{"name":"Le Ninian"},"geometry":{"type":"LineString","coordinates":[[-2.5481,48.0936],[-2.5486,48.0925],[-2.5498,48.0929],[-2.5518,48.0916],[-2.5488,48.0887],[-2.5494,48.0878],[-2.5487,48.0869],[-2.5500,48.0846],[-2.5494,48.0825],[-2.5521,48.0814],[-2.5511,48.0794],[-2.5477,48.0778],[-2.5474,48.0765],[-2.5482,48.0764]]}},{"type":"Feature","properties":{"name":"Le Ninian"},"geometry":{"type":"LineString","coordinates":[[-2.5482,48.0764],[-2.5484,48.0761]]}},{"type":"Feature","properties":{"name":"Le Ninian"},"geometry":{"type":"LineString","coordinates":[[-2.5484,48.0761],[-2.5477,48.0747],[-2.5487,48.0737],[-2.5477,48.0714],[-2.5461,48.0708],[-2.5448,48.0670],[-2.5428,48.0658],[-2.5435,48.0646],[-2.5421,48.0617],[-2.5435,48.0601],[-2.5408,48.0589],[-2.5399,48.0559],[-2.5350,48.0548],[-2.5357,48.0536],[-2.5350,48.0521],[-2.5316,48.0488],[-2.5280,48.0486],[-2.5253,48.0449],[-2.5262,48.0442],[-2.5253,48.0434],[-2.5259,48.0417],[-2.5232,48.0411],[-2.5231,48.0403],[-2.5194,48.0400],[-2.5200,48.0395],[-2.5182,48.0373],[-2.5190,48.0359],[-2.5163,48.0346],[-2.5171,48.0342],[-2.5162,48.0321],[-2.5095,48.0312],[-2.5078,48.0286],[-2.5090,48.0258],[-2.5074,48.0256],[-2.5077,48.0248]]}},{"type":"Feature","properties":{"name":"Le Ninian"},"geometry":{"type":"LineString","coordinates":[[-2.4974,48.0192],[-2.4960,48.0186],[-2.4964,48.0160],[-2.4944,48.0135],[-2.4950,48.0130],[-2.4943,48.0102],[-2.4851,48.0069],[-2.4840,48.0060],[-2.4859,48.0041]]}},{"type":"Feature","properties":{"name":"Le Ninian"},"geometry":{"type":"LineString","coordinates":[[-2.5077,48.0248],[-2.5061,48.0238],[-2.5058,48.0219],[-2.5014,48.0198],[-2.4974,48.0192]]}},{"type":"Feature","properties":{"name":"Le Ninian"},"geometry":{"type":"LineString","coordinates":[[-2.4809,47.9888],[-2.4748,47.9889]]}},{"type":"Feature","properties":{"name":"Le Ninian"},"geometry":{"type":"LineString","coordinates":[[-2.4748,47.9889],[-2.4757,47.9863],[-2.4751,47.9848],[-2.4778,47.9836],[-2.4764,47.9824],[-2.4762,47.9798],[-2.4752,47.9795],[-2.4759,47.9778],[-2.4751,47.9762]]}},{"type":"Feature","properties":{"name":"Le Ninian"},"geometry":{"type":"LineString","coordinates":[[-2.4717,47.9464],[-2.4705,47.9454],[-2.4666,47.9453],[-2.4649,47.9468],[-2.4623,47.9470],[-2.4593,47.9457],[-2.4585,47.9428],[-2.4600,47.9409]]}},{"type":"Feature","properties":{"name":"Le Ninian"},"geometry":{"type":"LineString","coordinates":[[-2.5209,48.1223],[-2.5256,48.1196],[-2.5276,48.1142],[-2.5317,48.1110],[-2.5318,48.1093],[-2.5359,48.1087],[-2.5345,48.1066],[-2.5367,48.1062],[-2.5380,48.1054],[-2.5374,48.1043],[-2.5390,48.1044],[-2.5396,48.1031],[-2.5413,48.1034],[-2.5467,48.1013]]}},{"type":"Feature","properties":{"name":"Le Ninian"},"geometry":{"type":"LineString","coordinates":[[-2.4374,47.9182],[-2.4335,47.9165],[-2.4308,47.9137],[-2.4323,47.9126],[-2.4342,47.9068],[-2.4374,47.9014],[-2.4397,47.9001],[-2.4372,47.8971],[-2.4384,47.8912],[-2.4364,47.8878]]}},{"type":"Feature","properties":{"name":"Le Ninian"},"geometry":{"type":"LineString","coordinates":[[-2.4600,47.9409],[-2.4618,47.9380]]}},{"type":"Feature","properties":{"name":"Le Ninian"},"geometry":{"type":"LineString","coordinates":[[-2.4618,47.9380],[-2.4652,47.9365],[-2.4642,47.9357],[-2.4657,47.9345],[-2.4654,47.9332],[-2.4605,47.9286],[-2.4552,47.9266],[-2.4577,47.9223],[-2.4524,47.9175],[-2.4528,47.9169],[-2.4508,47.9159],[-2.4495,47.9174],[-2.4414,47.9180],[-2.4406,47.9168],[-2.4374,47.9182]]}},{"type":"Feature","properties":{"name":"Le Ninian"},"geometry":{"type":"LineString","coordinates":[[-2.4706,47.9703],[-2.4739,47.9691],[-2.4740,47.9682],[-2.4651,47.9624],[-2.4642,47.9598],[-2.4600,47.9567],[-2.4591,47.9539],[-2.4608,47.9519],[-2.4710,47.9494],[-2.4721,47.9480],[-2.4717,47.9464]]}},{"type":"Feature","properties":{"name":"Le Ninian"},"geometry":{"type":"LineString","coordinates":[[-2.4751,47.9762],[-2.4743,47.9751],[-2.4749,47.9742],[-2.4700,47.9722],[-2.4695,47.9710],[-2.4706,47.9703]]}},{"type":"Feature","properties":{"name":"Le Ninian"},"geometry":{"type":"LineString","coordinates":[[-2.4859,47.9967],[-2.4839,47.9957],[-2.4839,47.9923],[-2.4833,47.9921]]}},{"type":"Feature","properties":{"name":"Le Ninian"},"geometry":{"type":"LineString","coordinates":[[-2.4833,47.9921],[-2.4825,47.9897],[-2.4809,47.9888]]}},{"type":"Feature","properties":{"name":"Le Ninian"},"geometry":{"type":"LineString","coordinates":[[-2.4815,47.9946],[-2.4789,47.9924],[-2.4795,47.9919],[-2.4789,47.9900],[-2.4798,47.9891]]}},{"type":"Feature","properties":{"name":"Le Ninian"},"geometry":{"type":"LineString","coordinates":[[-2.4859,47.9967],[-2.4815,47.9946]]}},{"type":"Feature","properties":{"name":"Le Ninian"},"geometry":{"type":"LineString","coordinates":[[-2.4862,48.0013],[-2.4863,48.0000],[-2.4854,47.9996],[-2.4875,47.9978],[-2.4859,47.9967]]}},{"type":"Feature","properties":{"name":"Le Ninian"},"geometry":{"type":"LineString","coordinates":[[-2.4859,48.0041],[-2.4862,48.0013]]}},{"type":"Feature","properties":{"name":"Le Ninian"},"geometry":{"type":"LineString","coordinates":[[-2.5507,48.0981],[-2.5481,48.0936]]}},{"type":"Feature","properties":{"name":"Le Ninian"},"geometry":{"type":"LineString","coordinates":[[-2.5467,48.1013],[-2.5467,48.1003],[-2.5507,48.0981]]}},{"type":"Feature","properties":{"name":"Le Ninian"},"geometry":{"type":"LineString","coordinates":[[-2.4754,47.9743],[-2.4749,47.9742]]}},{"type":"Feature","properties":{"name":"Le Ninian"},"geometry":{"type":"LineString","coordinates":[[-2.4755,47.9744],[-2.4754,47.9743]]}},{"type":"Feature","properties":{"name":"Le Ninian"},"geometry":{"type":"LineString","coordinates":[[-2.4752,47.9759],[-2.4761,47.9753],[-2.4755,47.9744]]}},{"type":"Feature","properties":{"name":"Rivière de Landévant"},"geometry":{"type":"LineString","coordinates":[[-3.1507,47.7415],[-3.1548,47.7393],[-3.1546,47.7378],[-3.1561,47.7354],[-3.1530,47.7339],[-3.1525,47.7327],[-3.1575,47.7288],[-3.1577,47.7251],[-3.1634,47.7242],[-3.1654,47.7227],[-3.1656,47.7208]]}},{"type":"Feature","properties":{"name":"La Vilaine"},"geometry":{"type":"LineString","coordinates":[[-2.0853,47.6068],[-2.0863,47.6030],[-2.0966,47.5988]]}},{"type":"Feature","properties":{"name":"La Vilaine"},"geometry":{"type":"LineString","coordinates":[[-2.1236,47.5785],[-2.1391,47.5879],[-2.1590,47.5852],[-2.1675,47.5888],[-2.1709,47.5891]]}},{"type":"Feature","properties":{"name":"La Vilaine"},"geometry":{"type":"LineString","coordinates":[[-2.1949,47.5905],[-2.2011,47.5907],[-2.2083,47.5868]]}},{"type":"Feature","properties":{"name":"La Vilaine"},"geometry":{"type":"LineString","coordinates":[[-2.3023,47.5527],[-2.3084,47.5466],[-2.3094,47.5443],[-2.3011,47.5335],[-2.3007,47.5317],[-2.3015,47.5284],[-2.3062,47.5236]]}},{"type":"Feature","properties":{"name":"La Vilaine"},"geometry":{"type":"LineString","coordinates":[[-2.3062,47.5236],[-2.3085,47.5184]]}},{"type":"Feature","properties":{"name":"La Vilaine"},"geometry":{"type":"LineString","coordinates":[[-2.1709,47.5891],[-2.1734,47.5885],[-2.1792,47.5844],[-2.1827,47.5837],[-2.1879,47.5854],[-2.1949,47.5905]]}},{"type":"Feature","properties":{"name":"La Vilaine"},"geometry":{"type":"LineString","coordinates":[[-2.2083,47.5868],[-2.2146,47.5856],[-2.2291,47.5856],[-2.2317,47.5843],[-2.2375,47.5778],[-2.2423,47.5761],[-2.2500,47.5762],[-2.2572,47.5788],[-2.2610,47.5791],[-2.2801,47.5762],[-2.2832,47.5749]]}},{"type":"Feature","properties":{"name":"La Vilaine"},"geometry":{"type":"LineString","coordinates":[[-2.2832,47.5749],[-2.2841,47.5738],[-2.2838,47.5711],[-2.2793,47.5660],[-2.2796,47.5626],[-2.2812,47.5594],[-2.2844,47.5578],[-2.2919,47.5591],[-2.2954,47.5586],[-2.3023,47.5527]]}},{"type":"Feature","properties":{"name":"La Vilaine"},"geometry":{"type":"LineString","coordinates":[[-2.3085,47.5184],[-2.3285,47.5106],[-2.3328,47.5109],[-2.3483,47.5153],[-2.3540,47.5131],[-2.3576,47.5080]]}},{"type":"Feature","properties":{"name":"La Vilaine"},"geometry":{"type":"LineString","coordinates":[[-2.3576,47.5080],[-2.3728,47.4990],[-2.3798,47.4970]]}},{"type":"Feature","properties":{"name":"La Vilaine"},"geometry":{"type":"LineString","coordinates":[[-2.0966,47.5988],[-2.1023,47.5957],[-2.1038,47.5916],[-2.0995,47.5802],[-2.1014,47.5786],[-2.1056,47.5777]]}},{"type":"Feature","properties":{"name":"La Vilaine"},"geometry":{"type":"LineString","coordinates":[[-2.0908,47.6421],[-2.0916,47.6386],[-2.0966,47.6314]]}},{"type":"Feature","properties":{"name":"La Vilaine"},"geometry":{"type":"LineString","coordinates":[[-2.1056,47.5777],[-2.1124,47.5790],[-2.1200,47.5778],[-2.1236,47.5785]]}},{"type":"Feature","properties":{"name":"La Vilaine"},"geometry":{"type":"LineString","coordinates":[[-2.0966,47.6314],[-2.0905,47.6280],[-2.0857,47.6228],[-2.0840,47.6175],[-2.0844,47.6129]]}},{"type":"Feature","properties":{"name":"La Vilaine"},"geometry":{"type":"LineString","coordinates":[[-2.3798,47.4970],[-2.3806,47.4982]]}},{"type":"Feature","properties":{"name":"La Vilaine"},"geometry":{"type":"LineString","coordinates":[[-2.3858,47.5025],[-2.3913,47.5050],[-2.3972,47.5045],[-2.4007,47.5022],[-2.4068,47.4942],[-2.4101,47.4930],[-2.4140,47.4934],[-2.4241,47.4977],[-2.4544,47.4949],[-2.4591,47.4952],[-2.4663,47.4980],[-2.4768,47.5056],[-2.4830,47.5074],[-2.4990,47.5082],[-2.5172,47.5066]]}},{"type":"Feature","properties":{"name":"La Vilaine"},"geometry":{"type":"LineString","coordinates":[[-2.0844,47.6129],[-2.0836,47.6116],[-2.0853,47.6068]]}},{"type":"Feature","properties":{"name":"La Vilaine"},"geometry":{"type":"LineString","coordinates":[[-2.3825,47.4997],[-2.3858,47.5025]]}},{"type":"Feature","properties":{"name":"La Vilaine"},"geometry":{"type":"LineString","coordinates":[[-2.3806,47.4982],[-2.3825,47.4997]]}},{"type":"Feature","properties":{"name":"La Vilaine"},"geometry":{"type":"LineString","coordinates":[[-1.9893,47.6803],[-2.0030,47.6734],[-2.0074,47.6728]]}},{"type":"Feature","properties":{"name":"La Vilaine"},"geometry":{"type":"LineString","coordinates":[[-2.0074,47.6728],[-2.0191,47.6736],[-2.0324,47.6715],[-2.0353,47.6721],[-2.0383,47.6707],[-2.0407,47.6672],[-2.0492,47.6626],[-2.0497,47.6620],[-2.0482,47.6594],[-2.0498,47.6572],[-2.0668,47.6506],[-2.0742,47.6519],[-2.0815,47.6502],[-2.0843,47.6480],[-2.0867,47.6442],[-2.0908,47.6421]]}},{"type":"Feature","properties":{"name":"Chenal de Saint-Jean"},"geometry":{"type":"LineString","coordinates":[[-3.1327,47.7012],[-3.1377,47.6989],[-3.1415,47.6995],[-3.1436,47.6971],[-3.1466,47.6975],[-3.1509,47.6965],[-3.1516,47.6932],[-3.1540,47.6913],[-3.1630,47.6933],[-3.1702,47.6921],[-3.1775,47.6942]]}},{"type":"Feature","properties":{"name":"Chenal de Saint-Jean"},"geometry":{"type":"LineString","coordinates":[[-3.1197,47.6979],[-3.1238,47.7009],[-3.1288,47.7017],[-3.1327,47.7012]]}},{"type":"Feature","properties":{"name":"L\u0027Aulne"},"geometry":{"type":"LineString","coordinates":[[-3.6961,48.2648],[-3.6980,48.2601],[-3.7095,48.2553],[-3.7113,48.2511],[-3.7107,48.2493],[-3.7018,48.2474],[-3.6980,48.2450],[-3.6975,48.2413],[-3.7002,48.2364],[-3.7028,48.2358],[-3.7082,48.2385],[-3.7139,48.2397],[-3.7183,48.2381],[-3.7208,48.2342],[-3.7186,48.2227],[-3.7103,48.2219],[-3.7057,48.2205],[-3.7037,48.2187]]}},{"type":"Feature","properties":{"name":"L\u0027Aulne"},"geometry":{"type":"LineString","coordinates":[[-3.7037,48.2187],[-3.7048,48.2167],[-3.7065,48.2160],[-3.7146,48.2151],[-3.7181,48.2159]]}},{"type":"Feature","properties":{"name":"L\u0027Aulne"},"geometry":{"type":"LineString","coordinates":[[-3.7430,48.2051],[-3.7468,48.2071],[-3.7524,48.2081],[-3.7537,48.2076],[-3.7580,48.2014]]}},{"type":"Feature","properties":{"name":"L\u0027Aulne"},"geometry":{"type":"LineString","coordinates":[[-3.7598,48.1986],[-3.7627,48.1928],[-3.7524,48.1878]]}},{"type":"Feature","properties":{"name":"L\u0027Aulne"},"geometry":{"type":"LineString","coordinates":[[-3.7508,48.1856],[-3.7525,48.1819],[-3.7668,48.1768],[-3.7739,48.1720]]}},{"type":"Feature","properties":{"name":"L\u0027Aulne"},"geometry":{"type":"LineString","coordinates":[[-3.7360,48.2095],[-3.7335,48.2061],[-3.7336,48.2032],[-3.7373,48.2020],[-3.7413,48.2031]]}},{"type":"Feature","properties":{"name":"L\u0027Aulne"},"geometry":{"type":"LineString","coordinates":[[-3.7213,48.2176],[-3.7256,48.2208],[-3.7300,48.2216],[-3.7333,48.2210],[-3.7369,48.2194],[-3.7390,48.2165],[-3.7398,48.2140],[-3.7384,48.2121]]}},{"type":"Feature","properties":{"name":"L\u0027Aulne"},"geometry":{"type":"LineString","coordinates":[[-3.7384,48.2121],[-3.7360,48.2095]]}},{"type":"Feature","properties":{"name":"L\u0027Aulne"},"geometry":{"type":"LineString","coordinates":[[-3.7413,48.2031],[-3.7430,48.2051]]}},{"type":"Feature","properties":{"name":"L\u0027Aulne"},"geometry":{"type":"LineString","coordinates":[[-3.7181,48.2159],[-3.7213,48.2176]]}},{"type":"Feature","properties":{"name":"L\u0027Aulne"},"geometry":{"type":"LineString","coordinates":[[-3.7580,48.2014],[-3.7598,48.1986]]}},{"type":"Feature","properties":{"name":"L\u0027Aulne"},"geometry":{"type":"LineString","coordinates":[[-3.7524,48.1878],[-3.7508,48.1856]]}},{"type":"Feature","properties":{"name":"Le Scorff"},"geometry":{"type":"LineString","coordinates":[[-3.3686,47.7709],[-3.3659,47.7674]]}},{"type":"Feature","properties":{"name":"Le Scorff"},"geometry":{"type":"LineString","coordinates":[[-3.3948,47.8080],[-3.3953,47.8073],[-3.3928,47.8038],[-3.3875,47.8050],[-3.3853,47.8043],[-3.3866,47.8010],[-3.3888,47.7992],[-3.3886,47.7979],[-3.3811,47.7950],[-3.3780,47.7893],[-3.3769,47.7836],[-3.3688,47.7773],[-3.3686,47.7709]]}},{"type":"Feature","properties":{"name":"Le Scorff"},"geometry":{"type":"LineString","coordinates":[[-3.3983,47.8618],[-3.3982,47.8606],[-3.4015,47.8585],[-3.4017,47.8541],[-3.3979,47.8494],[-3.3903,47.8464],[-3.3909,47.8448],[-3.3949,47.8427],[-3.3921,47.8393],[-3.3942,47.8359],[-3.3940,47.8344],[-3.3915,47.8340]]}},{"type":"Feature","properties":{"name":"Le Scorff"},"geometry":{"type":"LineString","coordinates":[[-3.3907,47.8226],[-3.3913,47.8205],[-3.3886,47.8192],[-3.3863,47.8162],[-3.3869,47.8129],[-3.3896,47.8090],[-3.3948,47.8080]]}},{"type":"Feature","properties":{"name":"Le Scorff"},"geometry":{"type":"LineString","coordinates":[[-3.3659,47.7674],[-3.3646,47.7659],[-3.3646,47.7621],[-3.3607,47.7602],[-3.3546,47.7593],[-3.3523,47.7555]]}},{"type":"Feature","properties":{"name":"Le Scorff"},"geometry":{"type":"LineString","coordinates":[[-3.3372,47.9770],[-3.3404,47.9745],[-3.3432,47.9669],[-3.3497,47.9624],[-3.3501,47.9576],[-3.3492,47.9543],[-3.3519,47.9524],[-3.3519,47.9489],[-3.3532,47.9466],[-3.3591,47.9431],[-3.3621,47.9430],[-3.3672,47.9469],[-3.3686,47.9496],[-3.3722,47.9514],[-3.3751,47.9514],[-3.3780,47.9489],[-3.3819,47.9510],[-3.3852,47.9503],[-3.3931,47.9509]]}},{"type":"Feature","properties":{"name":"Le Scorff"},"geometry":{"type":"LineString","coordinates":[[-3.4064,47.9174],[-3.4090,47.9159],[-3.4094,47.9098],[-3.4043,47.9091],[-3.4038,47.9073],[-3.4100,47.9052],[-3.4169,47.9070],[-3.4193,47.9052],[-3.4188,47.9043],[-3.4156,47.9037],[-3.4096,47.9040],[-3.4052,47.9020],[-3.4044,47.8993],[-3.4081,47.8976],[-3.4085,47.8965],[-3.4054,47.8935],[-3.4025,47.8853]]}},{"type":"Feature","properties":{"name":"Le Scorff"},"geometry":{"type":"LineString","coordinates":[[-3.4025,47.8853],[-3.4037,47.8798],[-3.4014,47.8737],[-3.4041,47.8667],[-3.3982,47.8632]]}},{"type":"Feature","properties":{"name":"Le Scorff"},"geometry":{"type":"LineString","coordinates":[[-3.3063,47.9947],[-3.3079,47.9934],[-3.3067,47.9911],[-3.3107,47.9890],[-3.3127,47.9898],[-3.3138,47.9932],[-3.3157,47.9935],[-3.3161,47.9921],[-3.3202,47.9889],[-3.3240,47.9884]]}},{"type":"Feature","properties":{"name":"Le Scorff"},"geometry":{"type":"LineString","coordinates":[[-3.3240,47.9884],[-3.3254,47.9859],[-3.3323,47.9829],[-3.3332,47.9800],[-3.3368,47.9786],[-3.3372,47.9770]]}},{"type":"Feature","properties":{"name":"Le Scorff"},"geometry":{"type":"LineString","coordinates":[[-3.3931,47.9509],[-3.3971,47.9486],[-3.3975,47.9469],[-3.4011,47.9454],[-3.4018,47.9435],[-3.3984,47.9348],[-3.3899,47.9313],[-3.3871,47.9278],[-3.3869,47.9255],[-3.3920,47.9217],[-3.3938,47.9174],[-3.3957,47.9172],[-3.4006,47.9190],[-3.4064,47.9174]]}},{"type":"Feature","properties":{"name":"Le Scorff"},"geometry":{"type":"LineString","coordinates":[[-3.2124,48.0678],[-3.2143,48.0665]]}},{"type":"Feature","properties":{"name":"Le Scorff"},"geometry":{"type":"LineString","coordinates":[[-3.2105,48.0717],[-3.2107,48.0716]]}},{"type":"Feature","properties":{"name":"Le Scorff"},"geometry":{"type":"LineString","coordinates":[[-3.2143,48.0665],[-3.2138,48.0659],[-3.2159,48.0636],[-3.2149,48.0631],[-3.2172,48.0620]]}},{"type":"Feature","properties":{"name":"Le Scorff"},"geometry":{"type":"LineString","coordinates":[[-3.2120,48.0687],[-3.2124,48.0678]]}},{"type":"Feature","properties":{"name":"Le Scorff"},"geometry":{"type":"LineString","coordinates":[[-3.2107,48.0716],[-3.2112,48.0699],[-3.2122,48.0697],[-3.2120,48.0687]]}},{"type":"Feature","properties":{"name":"Le Scorff"},"geometry":{"type":"LineString","coordinates":[[-3.2172,48.0620],[-3.2225,48.0601],[-3.2233,48.0578],[-3.2222,48.0573],[-3.2219,48.0560],[-3.2228,48.0558],[-3.2218,48.0554],[-3.2227,48.0551],[-3.2221,48.0534],[-3.2233,48.0535],[-3.2248,48.0507],[-3.2333,48.0490],[-3.2372,48.0505],[-3.2385,48.0493],[-3.2378,48.0489],[-3.2383,48.0475],[-3.2407,48.0445],[-3.2363,48.0408],[-3.2345,48.0379],[-3.2338,48.0338],[-3.2355,48.0317],[-3.2332,48.0283],[-3.2344,48.0249]]}},{"type":"Feature","properties":{"name":"Le Scorff"},"geometry":{"type":"LineString","coordinates":[[-3.2883,47.9972],[-3.2901,47.9971]]}},{"type":"Feature","properties":{"name":"Le Scorff"},"geometry":{"type":"LineString","coordinates":[[-3.2344,48.0249],[-3.2417,48.0234],[-3.2475,48.0192],[-3.2475,48.0164],[-3.2435,48.0117],[-3.2441,48.0081],[-3.2463,48.0081],[-3.2477,48.0057],[-3.2491,48.0055],[-3.2505,48.0037],[-3.2537,48.0058],[-3.2551,48.0050],[-3.2542,48.0035],[-3.2552,48.0027],[-3.2647,48.0048],[-3.2677,48.0033],[-3.2670,48.0020],[-3.2691,48.0010],[-3.2701,47.9980]]}},{"type":"Feature","properties":{"name":"Le Scorff"},"geometry":{"type":"LineString","coordinates":[[-3.2901,47.9971],[-3.2929,47.9952],[-3.3024,47.9942],[-3.3063,47.9947]]}},{"type":"Feature","properties":{"name":"Le Scorff"},"geometry":{"type":"LineString","coordinates":[[-3.2701,47.9980],[-3.2719,47.9965],[-3.2777,47.9948],[-3.2803,47.9956],[-3.2814,47.9970],[-3.2868,47.9963],[-3.2883,47.9972]]}},{"type":"Feature","properties":{"name":"Le Scorff"},"geometry":{"type":"LineString","coordinates":[[-3.3523,47.7555],[-3.3480,47.7426]]}},{"type":"Feature","properties":{"name":"Le Scorff"},"geometry":{"type":"LineString","coordinates":[[-3.2235,48.0940],[-3.2219,48.0940],[-3.2188,48.0908],[-3.2148,48.0919],[-3.2133,48.0906],[-3.2141,48.0899],[-3.2120,48.0882]]}},{"type":"Feature","properties":{"name":"Le Scorff"},"geometry":{"type":"LineString","coordinates":[[-3.2095,48.0726],[-3.2105,48.0717]]}},{"type":"Feature","properties":{"name":"Le Scorff"},"geometry":{"type":"LineString","coordinates":[[-3.2120,48.0882],[-3.2114,48.0865],[-3.2072,48.0835],[-3.2074,48.0817],[-3.2057,48.0808],[-3.2066,48.0796],[-3.2054,48.0786],[-3.2093,48.0762],[-3.2084,48.0745],[-3.2104,48.0736],[-3.2095,48.0726]]}},{"type":"Feature","properties":{"name":"Le Scorff"},"geometry":{"type":"LineString","coordinates":[[-3.3480,47.7426],[-3.3480,47.7374]]}},{"type":"Feature","properties":{"name":"Le Scorff"},"geometry":{"type":"LineString","coordinates":[[-3.3915,47.8340],[-3.3873,47.8317],[-3.3887,47.8303],[-3.3907,47.8226]]}},{"type":"Feature","properties":{"name":"Le Scorff"},"geometry":{"type":"LineString","coordinates":[[-3.3983,47.8619],[-3.3983,47.8618]]}},{"type":"Feature","properties":{"name":"Le Scorff"},"geometry":{"type":"LineString","coordinates":[[-3.3982,47.8632],[-3.3983,47.8619]]}},{"type":"Feature","properties":{"name":"Le Scorff"},"geometry":{"type":"LineString","coordinates":[[-3.2064,48.0801],[-3.2055,48.0787]]}},{"type":"Feature","properties":{"name":"Le Scorff"},"geometry":{"type":"LineString","coordinates":[[-3.2060,48.0788],[-3.2071,48.0780]]}},{"type":"Feature","properties":{"name":"Rivière du Bono"},"geometry":{"type":"LineString","coordinates":[[-2.9194,47.6676],[-2.9210,47.6672],[-2.9244,47.6684],[-2.9283,47.6664],[-2.9280,47.6641],[-2.9245,47.6637],[-2.9240,47.6627],[-2.9282,47.6533],[-2.9314,47.6527]]}},{"type":"Feature","properties":{"name":"Rivière du Bono"},"geometry":{"type":"LineString","coordinates":[[-2.9314,47.6527],[-2.9346,47.6530],[-2.9387,47.6519],[-2.9498,47.6472],[-2.9537,47.6419],[-2.9539,47.6397],[-2.9558,47.6391]]}},{"type":"Feature","properties":{"name":"Rivière du Bono"},"geometry":{"type":"LineString","coordinates":[[-2.9558,47.6391],[-2.9647,47.6360]]}},{"type":"Feature","properties":{"name":"La Claie"},"geometry":{"type":"LineString","coordinates":[[-2.6015,47.8079],[-2.5976,47.8057],[-2.5896,47.8077],[-2.5864,47.8059],[-2.5853,47.8040],[-2.5802,47.8012],[-2.5788,47.8018],[-2.5752,47.8012],[-2.5670,47.7971],[-2.5644,47.7973],[-2.5651,47.7986],[-2.5626,47.7996],[-2.5599,47.7996],[-2.5599,47.7984]]}},{"type":"Feature","properties":{"name":"La Claie"},"geometry":{"type":"LineString","coordinates":[[-2.5421,47.7935],[-2.5332,47.7972],[-2.5280,47.7981],[-2.5252,47.7973],[-2.5214,47.7939],[-2.5083,47.7944]]}},{"type":"Feature","properties":{"name":"La Claie"},"geometry":{"type":"LineString","coordinates":[[-2.5599,47.7984],[-2.5589,47.7969],[-2.5573,47.7965],[-2.5501,47.7989],[-2.5482,47.7957],[-2.5446,47.7935],[-2.5421,47.7935]]}},{"type":"Feature","properties":{"name":"La Claie"},"geometry":{"type":"LineString","coordinates":[[-2.7718,47.8385],[-2.7703,47.8387],[-2.7675,47.8352],[-2.7680,47.8322]]}},{"type":"Feature","properties":{"name":"La Claie"},"geometry":{"type":"LineString","coordinates":[[-2.4378,47.7909],[-2.4322,47.7914],[-2.4296,47.7894],[-2.4277,47.7895],[-2.4247,47.7879],[-2.4234,47.7863]]}},{"type":"Feature","properties":{"name":"La Claie"},"geometry":{"type":"LineString","coordinates":[[-2.4158,47.7852],[-2.4147,47.7849],[-2.4152,47.7863]]}},{"type":"Feature","properties":{"name":"La Claie"},"geometry":{"type":"LineString","coordinates":[[-2.4005,47.7819],[-2.3984,47.7811],[-2.3959,47.7816]]}},{"type":"Feature","properties":{"name":"La Claie"},"geometry":{"type":"LineString","coordinates":[[-2.4081,47.7889],[-2.4046,47.7881],[-2.4045,47.7862],[-2.4005,47.7819],[-2.3910,47.7821],[-2.3887,47.7811],[-2.3877,47.7822],[-2.3843,47.7816],[-2.3825,47.7800],[-2.3812,47.7803],[-2.3803,47.7779],[-2.3828,47.7738],[-2.3799,47.7719],[-2.3752,47.7718],[-2.3650,47.7751],[-2.3616,47.7752],[-2.3572,47.7726],[-2.3542,47.7695],[-2.3518,47.7696]]}},{"type":"Feature","properties":{"name":"La Claie"},"geometry":{"type":"LineString","coordinates":[[-2.4556,47.7875],[-2.4546,47.7874]]}},{"type":"Feature","properties":{"name":"La Claie"},"geometry":{"type":"LineString","coordinates":[[-2.3808,47.7771],[-2.3771,47.7719]]}},{"type":"Feature","properties":{"name":"La Claie"},"geometry":{"type":"LineString","coordinates":[[-2.4611,47.7924],[-2.4613,47.7906],[-2.4596,47.7885],[-2.4556,47.7875]]}},{"type":"Feature","properties":{"name":"La Claie"},"geometry":{"type":"LineString","coordinates":[[-2.4546,47.7874],[-2.4422,47.7885],[-2.4420,47.7896],[-2.4378,47.7909]]}},{"type":"Feature","properties":{"name":"La Claie"},"geometry":{"type":"LineString","coordinates":[[-2.3331,47.7657],[-2.3304,47.7640],[-2.3317,47.7631],[-2.3314,47.7611],[-2.3265,47.7581],[-2.3200,47.7557],[-2.3162,47.7554],[-2.3166,47.7566],[-2.3152,47.7574]]}},{"type":"Feature","properties":{"name":"La Claie"},"geometry":{"type":"LineString","coordinates":[[-2.3365,47.7675],[-2.3352,47.7672]]}},{"type":"Feature","properties":{"name":"La Claie"},"geometry":{"type":"LineString","coordinates":[[-2.4158,47.7852],[-2.4152,47.7863]]}},{"type":"Feature","properties":{"name":"La Claie"},"geometry":{"type":"LineString","coordinates":[[-2.4234,47.7863],[-2.4209,47.7849],[-2.4158,47.7852]]}},{"type":"Feature","properties":{"name":"La Claie"},"geometry":{"type":"LineString","coordinates":[[-2.4152,47.7863],[-2.4127,47.7874],[-2.4116,47.7892],[-2.4081,47.7889]]}},{"type":"Feature","properties":{"name":"La Claie"},"geometry":{"type":"LineString","coordinates":[[-2.3518,47.7696],[-2.3460,47.7665],[-2.3365,47.7675]]}},{"type":"Feature","properties":{"name":"La Claie"},"geometry":{"type":"LineString","coordinates":[[-2.3365,47.7675],[-2.3352,47.7672]]}},{"type":"Feature","properties":{"name":"La Claie"},"geometry":{"type":"LineString","coordinates":[[-2.3352,47.7672],[-2.3331,47.7657]]}},{"type":"Feature","properties":{"name":"La Claie"},"geometry":{"type":"LineString","coordinates":[[-2.4662,47.7922],[-2.4611,47.7924]]}},{"type":"Feature","properties":{"name":"La Claie"},"geometry":{"type":"LineString","coordinates":[[-2.7680,47.8322],[-2.7631,47.8307],[-2.7603,47.8320],[-2.7592,47.8347],[-2.7575,47.8352],[-2.7495,47.8345],[-2.7461,47.8329],[-2.7408,47.8351],[-2.7375,47.8328],[-2.7286,47.8339],[-2.7263,47.8325],[-2.7259,47.8303],[-2.7223,47.8274],[-2.7160,47.8298],[-2.7134,47.8296],[-2.7095,47.8265],[-2.7052,47.8266],[-2.7009,47.8254],[-2.6965,47.8261],[-2.6954,47.8296]]}},{"type":"Feature","properties":{"name":"La Claie"},"geometry":{"type":"LineString","coordinates":[[-2.6739,47.8248],[-2.6669,47.8212],[-2.6599,47.8225],[-2.6538,47.8213],[-2.6496,47.8172],[-2.6468,47.8164],[-2.6451,47.8174],[-2.6404,47.8170],[-2.6342,47.8197],[-2.6291,47.8170],[-2.6268,47.8116],[-2.6227,47.8097],[-2.6219,47.8106],[-2.6183,47.8107],[-2.6156,47.8095],[-2.6149,47.8081],[-2.6112,47.8080],[-2.6093,47.8088],[-2.6099,47.8105],[-2.6088,47.8123],[-2.6066,47.8131],[-2.6055,47.8129],[-2.6015,47.8079]]}},{"type":"Feature","properties":{"name":"La Claie"},"geometry":{"type":"LineString","coordinates":[[-2.6272,47.8124],[-2.6276,47.8121]]}},{"type":"Feature","properties":{"name":"La Claie"},"geometry":{"type":"LineString","coordinates":[[-2.7444,47.8671],[-2.7458,47.8653],[-2.7507,47.8649],[-2.7487,47.8618],[-2.7494,47.8599],[-2.7569,47.8588],[-2.7535,47.8576],[-2.7538,47.8541],[-2.7612,47.8536],[-2.7615,47.8511],[-2.7607,47.8500],[-2.7629,47.8495],[-2.7629,47.8478],[-2.7659,47.8479],[-2.7708,47.8463],[-2.7715,47.8446],[-2.7708,47.8429],[-2.7683,47.8413],[-2.7718,47.8385]]}},{"type":"Feature","properties":{"name":"La Claie"},"geometry":{"type":"LineString","coordinates":[[-2.6872,47.8293],[-2.6847,47.8281],[-2.6836,47.8264],[-2.6739,47.8248]]}},{"type":"Feature","properties":{"name":"La Claie"},"geometry":{"type":"LineString","coordinates":[[-2.6954,47.8296],[-2.6938,47.8304],[-2.6872,47.8293]]}},{"type":"Feature","properties":{"name":"La Claie"},"geometry":{"type":"LineString","coordinates":[[-2.5091,47.7945],[-2.5087,47.7946]]}},{"type":"Feature","properties":{"name":"La Claie"},"geometry":{"type":"LineString","coordinates":[[-2.5085,47.7946],[-2.5081,47.7944]]}},{"type":"Feature","properties":{"name":"La Claie"},"geometry":{"type":"LineString","coordinates":[[-2.5087,47.7946],[-2.5085,47.7946]]}},{"type":"Feature","properties":{"name":"La Claie"},"geometry":{"type":"LineString","coordinates":[[-2.5082,47.7943],[-2.5037,47.7929],[-2.4997,47.7932],[-2.4969,47.7946],[-2.4946,47.7944],[-2.4928,47.7962],[-2.4903,47.7971],[-2.4869,47.7954],[-2.4865,47.7935],[-2.4853,47.7934],[-2.4849,47.7918],[-2.4857,47.7914],[-2.4790,47.7891],[-2.4733,47.7909],[-2.4733,47.7919],[-2.4718,47.7925],[-2.4662,47.7922]]}},{"type":"Feature","properties":{"name":"La Claie"},"geometry":{"type":"LineString","coordinates":[[-2.5083,47.7944],[-2.5082,47.7943]]}},{"type":"Feature","properties":{"name":"La Claie"},"geometry":{"type":"LineString","coordinates":[[-2.5081,47.7944],[-2.5081,47.7943]]}},{"type":"Feature","properties":{"name":"La Claie"},"geometry":{"type":"LineString","coordinates":[[-2.5081,47.7943],[-2.5081,47.7942]]}},{"type":"Feature","properties":{"name":"Le Garun"},"geometry":{"type":"LineString","coordinates":[[-2.0181,48.1800],[-2.0106,48.1797],[-2.0080,48.1782],[-2.0069,48.1759],[-2.0005,48.1774],[-1.9989,48.1764]]}},{"type":"Feature","properties":{"name":"Le Garun"},"geometry":{"type":"LineString","coordinates":[[-2.0369,48.1857],[-2.0309,48.1841],[-2.0300,48.1820],[-2.0277,48.1807],[-2.0257,48.1803],[-2.0243,48.1812],[-2.0181,48.1800]]}},{"type":"Feature","properties":{"name":"Le Blavet"},"geometry":{"type":"LineString","coordinates":[[-3.1196,48.2106],[-3.1166,48.2099],[-3.1153,48.2071]]}},{"type":"Feature","properties":{"name":"Le Blavet"},"geometry":{"type":"LineString","coordinates":[[-3.2445,47.8280],[-3.2451,47.8282]]}},{"type":"Feature","properties":{"name":"Le Blavet"},"geometry":{"type":"LineString","coordinates":[[-3.1989,47.8851],[-3.2021,47.8836],[-3.2040,47.8799],[-3.2015,47.8785],[-3.1968,47.8732],[-3.1965,47.8686],[-3.1993,47.8650],[-3.2075,47.8612],[-3.2127,47.8559],[-3.2120,47.8535],[-3.2155,47.8530],[-3.2161,47.8518],[-3.2158,47.8471],[-3.2058,47.8405],[-3.2054,47.8360],[-3.2092,47.8335],[-3.2102,47.8315],[-3.2130,47.8294],[-3.2244,47.8317],[-3.2340,47.8309]]}},{"type":"Feature","properties":{"name":"Le Blavet"},"geometry":{"type":"LineString","coordinates":[[-3.1898,47.8877],[-3.1989,47.8851]]}},{"type":"Feature","properties":{"name":"Le Blavet"},"geometry":{"type":"LineString","coordinates":[[-3.1112,47.8830],[-3.1265,47.8830],[-3.1367,47.8890]]}},{"type":"Feature","properties":{"name":"Le Blavet"},"geometry":{"type":"LineString","coordinates":[[-2.9998,48.1607],[-3.0003,48.1589],[-3.0016,48.1585],[-3.0103,48.1593],[-3.0112,48.1566]]}},{"type":"Feature","properties":{"name":"Le Blavet"},"geometry":{"type":"LineString","coordinates":[[-3.0857,48.2079],[-3.0841,48.2099]]}},{"type":"Feature","properties":{"name":"Le Blavet"},"geometry":{"type":"LineString","coordinates":[[-3.0121,48.1551],[-3.0122,48.1535]]}},{"type":"Feature","properties":{"name":"Le Blavet"},"geometry":{"type":"LineString","coordinates":[[-2.9871,48.0889],[-2.9838,48.0840],[-2.9853,48.0772],[-2.9828,48.0754]]}},{"type":"Feature","properties":{"name":"Le Blavet"},"geometry":{"type":"LineString","coordinates":[[-2.9964,48.1005],[-2.9914,48.0963],[-2.9904,48.0930]]}},{"type":"Feature","properties":{"name":"Le Blavet"},"geometry":{"type":"LineString","coordinates":[[-2.9621,48.0538],[-2.9618,48.0535]]}},{"type":"Feature","properties":{"name":"Le Blavet"},"geometry":{"type":"LineString","coordinates":[[-2.9698,48.0320],[-2.9706,48.0305],[-2.9752,48.0280],[-2.9745,48.0225],[-2.9770,48.0180],[-2.9791,48.0172]]}},{"type":"Feature","properties":{"name":"Le Blavet"},"geometry":{"type":"LineString","coordinates":[[-3.0001,48.0129],[-3.0015,48.0120],[-2.9981,48.0093]]}},{"type":"Feature","properties":{"name":"Le Blavet"},"geometry":{"type":"LineString","coordinates":[[-3.0611,47.9723],[-3.0615,47.9703],[-3.0632,47.9684],[-3.0551,47.9633],[-3.0546,47.9618],[-3.0610,47.9565],[-3.0623,47.9518],[-3.0659,47.9476]]}},{"type":"Feature","properties":{"name":"Le Blavet"},"geometry":{"type":"LineString","coordinates":[[-3.0739,47.9341],[-3.0738,47.9265],[-3.0842,47.9173],[-3.0852,47.9147],[-3.0878,47.9129],[-3.0864,47.9111],[-3.0782,47.9098]]}},{"type":"Feature","properties":{"name":"Le Blavet"},"geometry":{"type":"LineString","coordinates":[[-2.9860,48.0177],[-2.9958,48.0166],[-2.9980,48.0139],[-3.0001,48.0129]]}},{"type":"Feature","properties":{"name":"Le Blavet"},"geometry":{"type":"LineString","coordinates":[[-3.0659,47.9476],[-3.0687,47.9455],[-3.0705,47.9413],[-3.0728,47.9387],[-3.0739,47.9341]]}},{"type":"Feature","properties":{"name":"Le Blavet"},"geometry":{"type":"LineString","coordinates":[[-3.0782,47.9098],[-3.0765,47.9080],[-3.0776,47.9044],[-3.0763,47.9004],[-3.0780,47.8911],[-3.0759,47.8857],[-3.0778,47.8822],[-3.0818,47.8812],[-3.0848,47.8793],[-3.0889,47.8797],[-3.0944,47.8815],[-3.0979,47.8866],[-3.0999,47.8874],[-3.1112,47.8830]]}},{"type":"Feature","properties":{"name":"Le Blavet"},"geometry":{"type":"LineString","coordinates":[[-3.0159,48.1982],[-3.0141,48.1971]]}},{"type":"Feature","properties":{"name":"Le Blavet"},"geometry":{"type":"LineString","coordinates":[[-3.1785,48.2383],[-3.1767,48.2351],[-3.1789,48.2321],[-3.1774,48.2301],[-3.1779,48.2271],[-3.1769,48.2262]]}},{"type":"Feature","properties":{"name":"Le Blavet"},"geometry":{"type":"LineString","coordinates":[[-3.0560,48.2070],[-3.0531,48.2064],[-3.0478,48.2025]]}},{"type":"Feature","properties":{"name":"Le Blavet"},"geometry":{"type":"LineString","coordinates":[[-3.1153,48.2071],[-3.1122,48.2055],[-3.1099,48.2063]]}},{"type":"Feature","properties":{"name":"Le Blavet"},"geometry":{"type":"LineString","coordinates":[[-2.9666,48.0700],[-2.9688,48.0676],[-2.9703,48.0604],[-2.9635,48.0561],[-2.9621,48.0538]]}},{"type":"Feature","properties":{"name":"Le Blavet"},"geometry":{"type":"LineString","coordinates":[[-3.2828,47.8180],[-3.2843,47.8168],[-3.2844,47.8149],[-3.2797,47.8087],[-3.2830,47.8050],[-3.2768,47.8011],[-3.2759,47.7950],[-3.2779,47.7937],[-3.2897,47.7926]]}},{"type":"Feature","properties":{"name":"Le Blavet"},"geometry":{"type":"LineString","coordinates":[[-3.1523,48.2125],[-3.1433,48.2146],[-3.1323,48.2138],[-3.1307,48.2129]]}},{"type":"Feature","properties":{"name":"Le Blavet"},"geometry":{"type":"LineString","coordinates":[[-3.1307,48.2129],[-3.1293,48.2116]]}},{"type":"Feature","properties":{"name":"Le Blavet"},"geometry":{"type":"LineString","coordinates":[[-3.0184,48.1904],[-3.0125,48.1853]]}},{"type":"Feature","properties":{"name":"Le Blavet"},"geometry":{"type":"LineString","coordinates":[[-3.2749,47.8221],[-3.2770,47.8216]]}},{"type":"Feature","properties":{"name":"Le Blavet"},"geometry":{"type":"LineString","coordinates":[[-3.1769,48.2262],[-3.1734,48.2250]]}},{"type":"Feature","properties":{"name":"Le Blavet"},"geometry":{"type":"LineString","coordinates":[[-3.2897,47.7926],[-3.2916,47.7916],[-3.2951,47.7852],[-3.2937,47.7836],[-3.2902,47.7830],[-3.2883,47.7805]]}},{"type":"Feature","properties":{"name":"Le Blavet"},"geometry":{"type":"LineString","coordinates":[[-3.2340,47.8309],[-3.2380,47.8306],[-3.2445,47.8280]]}},{"type":"Feature","properties":{"name":"Le Blavet"},"geometry":{"type":"LineString","coordinates":[[-3.0125,48.1853],[-3.0109,48.1801],[-3.0124,48.1763],[-3.0123,48.1732],[-3.0112,48.1715],[-3.0079,48.1703],[-2.9953,48.1709],[-3.0005,48.1642],[-2.9998,48.1607]]}},{"type":"Feature","properties":{"name":"Le Blavet"},"geometry":{"type":"LineString","coordinates":[[-3.0064,48.1211],[-3.0030,48.1217]]}},{"type":"Feature","properties":{"name":"Le Blavet"},"geometry":{"type":"LineString","coordinates":[[-3.0065,48.1308],[-3.0099,48.1304],[-3.0142,48.1285],[-3.0156,48.1258],[-3.0147,48.1232],[-3.0128,48.1217],[-3.0064,48.1211]]}},{"type":"Feature","properties":{"name":"Le Blavet"},"geometry":{"type":"LineString","coordinates":[[-3.0112,48.1566],[-3.0121,48.1551]]}},{"type":"Feature","properties":{"name":"Le Blavet"},"geometry":{"type":"LineString","coordinates":[[-3.0039,48.1315],[-3.0065,48.1308]]}},{"type":"Feature","properties":{"name":"Le Blavet"},"geometry":{"type":"LineString","coordinates":[[-3.0030,48.1217],[-2.9987,48.1236],[-2.9954,48.1228],[-2.9931,48.1168],[-2.9955,48.1143],[-2.9987,48.1136]]}},{"type":"Feature","properties":{"name":"Le Blavet"},"geometry":{"type":"LineString","coordinates":[[-3.1293,48.2116],[-3.1259,48.2103],[-3.1196,48.2106]]}},{"type":"Feature","properties":{"name":"Le Blavet"},"geometry":{"type":"LineString","coordinates":[[-2.9783,48.0755],[-2.9717,48.0761],[-2.9696,48.0752],[-2.9685,48.0735]]}},{"type":"Feature","properties":{"name":"Le Blavet"},"geometry":{"type":"LineString","coordinates":[[-2.9685,48.0735],[-2.9666,48.0700]]}},{"type":"Feature","properties":{"name":"Le Blavet"},"geometry":{"type":"LineString","coordinates":[[-2.9892,48.0908],[-2.9871,48.0889]]}},{"type":"Feature","properties":{"name":"Le Blavet"},"geometry":{"type":"LineString","coordinates":[[-2.9828,48.0754],[-2.9796,48.0748],[-2.9783,48.0755]]}},{"type":"Feature","properties":{"name":"Le Blavet"},"geometry":{"type":"LineString","coordinates":[[-2.9904,48.0930],[-2.9892,48.0908]]}},{"type":"Feature","properties":{"name":"Le Blavet"},"geometry":{"type":"LineString","coordinates":[[-3.0022,48.1130],[-3.0045,48.1101],[-3.0041,48.1081],[-2.9964,48.1005]]}},{"type":"Feature","properties":{"name":"Le Blavet"},"geometry":{"type":"LineString","coordinates":[[-2.9987,48.1136],[-3.0022,48.1130]]}},{"type":"Feature","properties":{"name":"Le Blavet"},"geometry":{"type":"LineString","coordinates":[[-3.1092,48.2079],[-3.1071,48.2082],[-3.1059,48.2053],[-3.0999,48.2065]]}},{"type":"Feature","properties":{"name":"Le Blavet"},"geometry":{"type":"LineString","coordinates":[[-3.1099,48.2063],[-3.1092,48.2079]]}},{"type":"Feature","properties":{"name":"Le Blavet"},"geometry":{"type":"LineString","coordinates":[[-3.0063,48.1428],[-3.0112,48.1380],[-3.0099,48.1364],[-3.0051,48.1360],[-3.0027,48.1342],[-3.0039,48.1315]]}},{"type":"Feature","properties":{"name":"Le Blavet"},"geometry":{"type":"LineString","coordinates":[[-3.0040,48.1437],[-3.0063,48.1428]]}},{"type":"Feature","properties":{"name":"Le Blavet"},"geometry":{"type":"LineString","coordinates":[[-3.0122,48.1535],[-3.0109,48.1514],[-3.0040,48.1477],[-3.0027,48.1446],[-3.0040,48.1437]]}},{"type":"Feature","properties":{"name":"Le Blavet"},"geometry":{"type":"LineString","coordinates":[[-2.9618,48.0535],[-2.9608,48.0519]]}},{"type":"Feature","properties":{"name":"Le Blavet"},"geometry":{"type":"LineString","coordinates":[[-2.9608,48.0519],[-2.9591,48.0492],[-2.9591,48.0461],[-2.9683,48.0399]]}},{"type":"Feature","properties":{"name":"Le Blavet"},"geometry":{"type":"LineString","coordinates":[[-2.9683,48.0399],[-2.9685,48.0394]]}},{"type":"Feature","properties":{"name":"Le Blavet"},"geometry":{"type":"LineString","coordinates":[[-2.9683,48.0399],[-2.9696,48.0385]]}},{"type":"Feature","properties":{"name":"Le Blavet"},"geometry":{"type":"LineString","coordinates":[[-2.9696,48.0385],[-2.9698,48.0320]]}},{"type":"Feature","properties":{"name":"Le Blavet"},"geometry":{"type":"LineString","coordinates":[[-3.0179,48.1948],[-3.0182,48.1946]]}},{"type":"Feature","properties":{"name":"Le Blavet"},"geometry":{"type":"LineString","coordinates":[[-3.0182,48.1946],[-3.0203,48.1922]]}},{"type":"Feature","properties":{"name":"Le Blavet"},"geometry":{"type":"LineString","coordinates":[[-2.9823,48.0178],[-2.9860,48.0177]]}},{"type":"Feature","properties":{"name":"Le Blavet"},"geometry":{"type":"LineString","coordinates":[[-2.9685,48.0394],[-2.9687,48.0391]]}},{"type":"Feature","properties":{"name":"Le Blavet"},"geometry":{"type":"LineString","coordinates":[[-3.0051,48.0017],[-3.0100,48.0014],[-3.0156,47.9966],[-3.0152,47.9940],[-3.0088,47.9890],[-3.0095,47.9872],[-3.0124,47.9844],[-3.0172,47.9842],[-3.0275,47.9876],[-3.0313,47.9863],[-3.0367,47.9870],[-3.0407,47.9860],[-3.0423,47.9834],[-3.0425,47.9809],[-3.0382,47.9738],[-3.0395,47.9716],[-3.0439,47.9717],[-3.0465,47.9731],[-3.0466,47.9742],[-3.0436,47.9750],[-3.0427,47.9763],[-3.0454,47.9800],[-3.0509,47.9765],[-3.0533,47.9769]]}},{"type":"Feature","properties":{"name":"Le Blavet"},"geometry":{"type":"LineString","coordinates":[[-2.9687,48.0391],[-2.9696,48.0385]]}},{"type":"Feature","properties":{"name":"Le Blavet"},"geometry":{"type":"LineString","coordinates":[[-2.9953,48.0085],[-2.9892,48.0051],[-2.9887,48.0036],[-2.9896,48.0017],[-2.9924,48.0008],[-3.0020,48.0016]]}},{"type":"Feature","properties":{"name":"Le Blavet"},"geometry":{"type":"LineString","coordinates":[[-3.0020,48.0016],[-3.0051,48.0017]]}},{"type":"Feature","properties":{"name":"Le Blavet"},"geometry":{"type":"LineString","coordinates":[[-2.9791,48.0172],[-2.9823,48.0178]]}},{"type":"Feature","properties":{"name":"Le Blavet"},"geometry":{"type":"LineString","coordinates":[[-2.9981,48.0093],[-2.9953,48.0085]]}},{"type":"Feature","properties":{"name":"Le Blavet"},"geometry":{"type":"LineString","coordinates":[[-3.0141,48.1971],[-3.0158,48.1953]]}},{"type":"Feature","properties":{"name":"Le Blavet"},"geometry":{"type":"LineString","coordinates":[[-3.1367,47.8890],[-3.1382,47.8899],[-3.1405,47.8895]]}},{"type":"Feature","properties":{"name":"Le Blavet"},"geometry":{"type":"LineString","coordinates":[[-3.2458,47.8283],[-3.2489,47.8277],[-3.2494,47.8257]]}},{"type":"Feature","properties":{"name":"Le Blavet"},"geometry":{"type":"LineString","coordinates":[[-3.2459,47.8271],[-3.2522,47.8240],[-3.2547,47.8199],[-3.2589,47.8207]]}},{"type":"Feature","properties":{"name":"Le Blavet"},"geometry":{"type":"LineString","coordinates":[[-3.2736,47.8218],[-3.2749,47.8221]]}},{"type":"Feature","properties":{"name":"Le Blavet"},"geometry":{"type":"LineString","coordinates":[[-3.1405,47.8895],[-3.1463,47.8901],[-3.1576,47.8895],[-3.1755,47.8862],[-3.1898,47.8877]]}},{"type":"Feature","properties":{"name":"Le Blavet"},"geometry":{"type":"LineString","coordinates":[[-3.2451,47.8282],[-3.2458,47.8283]]}},{"type":"Feature","properties":{"name":"Le Blavet"},"geometry":{"type":"LineString","coordinates":[[-3.2445,47.8280],[-3.2459,47.8271]]}},{"type":"Feature","properties":{"name":"Le Blavet"},"geometry":{"type":"LineString","coordinates":[[-3.2660,47.8211],[-3.2736,47.8218]]}},{"type":"Feature","properties":{"name":"Le Blavet"},"geometry":{"type":"LineString","coordinates":[[-3.2589,47.8207],[-3.2634,47.8216],[-3.2660,47.8211]]}},{"type":"Feature","properties":{"name":"Le Blavet"},"geometry":{"type":"LineString","coordinates":[[-3.0558,47.9768],[-3.0607,47.9746],[-3.0611,47.9723]]}},{"type":"Feature","properties":{"name":"Le Blavet"},"geometry":{"type":"LineString","coordinates":[[-3.0533,47.9769],[-3.0558,47.9768]]}},{"type":"Feature","properties":{"name":"Le Blavet"},"geometry":{"type":"LineString","coordinates":[[-3.0161,48.1952],[-3.0179,48.1948]]}},{"type":"Feature","properties":{"name":"Le Blavet"},"geometry":{"type":"LineString","coordinates":[[-3.0254,48.1962],[-3.0230,48.1964]]}},{"type":"Feature","properties":{"name":"Le Blavet"},"geometry":{"type":"LineString","coordinates":[[-3.0474,48.2025],[-3.0366,48.2039],[-3.0338,48.2008]]}},{"type":"Feature","properties":{"name":"Le Blavet"},"geometry":{"type":"LineString","coordinates":[[-3.0600,48.2056],[-3.0563,48.2070]]}},{"type":"Feature","properties":{"name":"Le Blavet"},"geometry":{"type":"LineString","coordinates":[[-3.0663,48.2053],[-3.0604,48.2056]]}},{"type":"Feature","properties":{"name":"Le Blavet"},"geometry":{"type":"LineString","coordinates":[[-3.0771,48.2102],[-3.0747,48.2069],[-3.0722,48.2055],[-3.0666,48.2053]]}},{"type":"Feature","properties":{"name":"Le Blavet"},"geometry":{"type":"LineString","coordinates":[[-3.0838,48.2100],[-3.0831,48.2102]]}},{"type":"Feature","properties":{"name":"Le Blavet"},"geometry":{"type":"LineString","coordinates":[[-3.0778,48.2104],[-3.0771,48.2102]]}},{"type":"Feature","properties":{"name":"Le Blavet"},"geometry":{"type":"LineString","coordinates":[[-3.0831,48.2102],[-3.0778,48.2104]]}},{"type":"Feature","properties":{"name":"Le Blavet"},"geometry":{"type":"LineString","coordinates":[[-3.0850,48.2054],[-3.0858,48.2076]]}},{"type":"Feature","properties":{"name":"Le Blavet"},"geometry":{"type":"LineString","coordinates":[[-3.0865,48.2036],[-3.0849,48.2052]]}},{"type":"Feature","properties":{"name":"Le Blavet"},"geometry":{"type":"LineString","coordinates":[[-3.0901,48.2028],[-3.0869,48.2036]]}},{"type":"Feature","properties":{"name":"Le Blavet"},"geometry":{"type":"LineString","coordinates":[[-3.0950,48.2027],[-3.0935,48.2019],[-3.0905,48.2027]]}},{"type":"Feature","properties":{"name":"Le Blavet"},"geometry":{"type":"LineString","coordinates":[[-3.0996,48.2065],[-3.0951,48.2051]]}},{"type":"Feature","properties":{"name":"Le Blavet"},"geometry":{"type":"LineString","coordinates":[[-3.0949,48.2050],[-3.0950,48.2027]]}},{"type":"Feature","properties":{"name":"Le Blavet"},"geometry":{"type":"LineString","coordinates":[[-3.0203,48.1921],[-3.0184,48.1904]]}},{"type":"Feature","properties":{"name":"Le Blavet"},"geometry":{"type":"LineString","coordinates":[[-3.0337,48.2006],[-3.0304,48.1964],[-3.0257,48.1961]]}},{"type":"Feature","properties":{"name":"Le Blavet"},"geometry":{"type":"LineString","coordinates":[[-3.0225,48.1965],[-3.0159,48.1982]]}},{"type":"Feature","properties":{"name":"Le Blavet"},"geometry":{"type":"LineString","coordinates":[[-3.2143,47.8463],[-3.2126,47.8450]]}},{"type":"Feature","properties":{"name":"Le Blavet"},"geometry":{"type":"LineString","coordinates":[[-3.2146,47.8465],[-3.2143,47.8463]]}},{"type":"Feature","properties":{"name":"Le Blavet"},"geometry":{"type":"LineString","coordinates":[[-3.2157,47.8469],[-3.2146,47.8465]]}},{"type":"Feature","properties":{"name":"Le Blavet"},"geometry":{"type":"LineString","coordinates":[[-3.0425,47.9809],[-3.0421,47.9803]]}},{"type":"Feature","properties":{"name":"Le Blavet"},"geometry":{"type":"LineString","coordinates":[[-3.0419,47.9801],[-3.0416,47.9789]]}},{"type":"Feature","properties":{"name":"Le Blavet"},"geometry":{"type":"LineString","coordinates":[[-3.2883,47.7805],[-3.2842,47.7759],[-3.2872,47.7697],[-3.2907,47.7694],[-3.2949,47.7725],[-3.2969,47.7726],[-3.2987,47.7711],[-3.3000,47.7668],[-3.3042,47.7631],[-3.3125,47.7586],[-3.3254,47.7429],[-3.3346,47.7393],[-3.3480,47.7374]]}},{"type":"Feature","properties":{"name":"Le Blavet"},"geometry":{"type":"LineString","coordinates":[[-3.2770,47.8216],[-3.2828,47.8180]]}},{"type":"Feature","properties":{"name":"Rivière de Sarzeau"},"geometry":{"type":"LineString","coordinates":[[-2.6621,47.5402],[-2.6611,47.5397],[-2.6574,47.5406],[-2.6578,47.5384],[-2.6548,47.5370],[-2.6512,47.5367],[-2.6481,47.5376],[-2.6473,47.5370],[-2.6470,47.5343],[-2.6424,47.5317],[-2.6297,47.5311],[-2.6194,47.5280],[-2.6185,47.5263]]}},{"type":"Feature","properties":{"name":"Le Canut"},"geometry":{"type":"LineString","coordinates":[[-2.0351,47.9729],[-2.0322,47.9745],[-2.0318,47.9791],[-2.0295,47.9811],[-2.0288,47.9850],[-2.0259,47.9884],[-2.0220,47.9870],[-2.0107,47.9878],[-2.0096,47.9889],[-2.0009,47.9900],[-1.9939,47.9937],[-1.9935,47.9954]]}},{"type":"Feature","properties":{"name":"Le Canut"},"geometry":{"type":"LineString","coordinates":[[-2.0354,47.9728],[-2.0351,47.9729]]}},{"type":"Feature","properties":{"name":"Le Canut"},"geometry":{"type":"LineString","coordinates":[[-2.0704,47.9713],[-2.0701,47.9713]]}},{"type":"Feature","properties":{"name":"Le Canut"},"geometry":{"type":"LineString","coordinates":[[-2.0654,47.9717],[-2.0641,47.9726],[-2.0493,47.9746],[-2.0456,47.9736],[-2.0441,47.9747],[-2.0413,47.9745],[-2.0354,47.9728]]}},{"type":"Feature","properties":{"name":"Le Canut"},"geometry":{"type":"LineString","coordinates":[[-2.0098,47.7588],[-2.0081,47.7563],[-2.0092,47.7519],[-2.0076,47.7505],[-2.0088,47.7493],[-2.0067,47.7478],[-2.0070,47.7469]]}},{"type":"Feature","properties":{"name":"Le Canut"},"geometry":{"type":"LineString","coordinates":[[-1.9886,47.7728],[-1.9969,47.7683],[-1.9961,47.7649],[-1.9969,47.7635],[-1.9992,47.7634],[-1.9993,47.7609],[-2.0098,47.7588]]}},{"type":"Feature","properties":{"name":"Le Canut"},"geometry":{"type":"LineString","coordinates":[[-2.0070,47.7469],[-2.0065,47.7437],[-2.0039,47.7425],[-2.0031,47.7393],[-2.0004,47.7393],[-2.0004,47.7380],[-1.9995,47.7382],[-1.9991,47.7371],[-2.0000,47.7360],[-1.9985,47.7352]]}},{"type":"Feature","properties":{"name":"Le Canut"},"geometry":{"type":"LineString","coordinates":[[-2.0654,47.9717],[-2.0654,47.9717]]}},{"type":"Feature","properties":{"name":"Le Canut"},"geometry":{"type":"LineString","coordinates":[[-2.0701,47.9713],[-2.0654,47.9717]]}},{"type":"Feature","properties":{"name":"Le Canut"},"geometry":{"type":"LineString","coordinates":[[-2.0410,47.9744],[-2.0348,47.9757]]}},{"type":"Feature","properties":{"name":"Le Canut"},"geometry":{"type":"LineString","coordinates":[[-2.0340,47.9759],[-2.0326,47.9757]]}},{"type":"Feature","properties":{"name":"Le Canut"},"geometry":{"type":"LineString","coordinates":[[-2.0348,47.9757],[-2.0341,47.9759]]}},{"type":"Feature","properties":{"name":"Le Canut"},"geometry":{"type":"LineString","coordinates":[[-2.0341,47.9759],[-2.0340,47.9759]]}},{"type":"Feature","properties":{"name":"Rivière d\u0027Auray"},"geometry":{"type":"LineString","coordinates":[[-2.9885,47.6969],[-2.9914,47.6930],[-2.9901,47.6908],[-2.9887,47.6908],[-2.9907,47.6890],[-2.9894,47.6882],[-2.9869,47.6889],[-2.9863,47.6884],[-2.9871,47.6873],[-2.9842,47.6880],[-2.9825,47.6868],[-2.9837,47.6841],[-2.9775,47.6814],[-2.9777,47.6799],[-2.9800,47.6783],[-2.9811,47.6750],[-2.9750,47.6733],[-2.9705,47.6699],[-2.9705,47.6675]]}},{"type":"Feature","properties":{"name":"Rivière d\u0027Auray"},"geometry":{"type":"LineString","coordinates":[[-2.9885,47.6969],[-2.9885,47.6950],[-2.9894,47.6949]]}},{"type":"Feature","properties":{"name":"Rivière d\u0027Auray"},"geometry":{"type":"LineString","coordinates":[[-2.9417,47.5871],[-2.9410,47.5796],[-2.9381,47.5778],[-2.9319,47.5761]]}},{"type":"Feature","properties":{"name":"Rivière d\u0027Auray"},"geometry":{"type":"LineString","coordinates":[[-2.9705,47.6675],[-2.9719,47.6666],[-2.9773,47.6673],[-2.9796,47.6664]]}},{"type":"Feature","properties":{"name":"Rivière d\u0027Auray"},"geometry":{"type":"LineString","coordinates":[[-2.9796,47.6664],[-2.9773,47.6619],[-2.9759,47.6500],[-2.9684,47.6448],[-2.9694,47.6385],[-2.9633,47.6352],[-2.9606,47.6324],[-2.9590,47.6261],[-2.9526,47.6208],[-2.9507,47.6165],[-2.9508,47.6130],[-2.9555,47.6070],[-2.9559,47.6032],[-2.9546,47.6014],[-2.9489,47.5985],[-2.9449,47.5945],[-2.9417,47.5871],[-2.9347,47.5827],[-2.9319,47.5761]]}},{"type":"Feature","properties":{"name":"Curée des Fougères"},"geometry":{"type":"LineString","coordinates":[[-2.1960,47.3393],[-2.1969,47.3379],[-2.2087,47.3433],[-2.2074,47.3466],[-2.2089,47.3470],[-2.2086,47.3492],[-2.2059,47.3506],[-2.2037,47.3538],[-2.2052,47.3582],[-2.2034,47.3608]]}},{"type":"Feature","properties":{"name":"L\u0027Ellé"},"geometry":{"type":"LineString","coordinates":[[-3.4515,47.9190],[-3.4587,47.9182],[-3.4615,47.9162],[-3.4585,47.9062],[-3.4623,47.9028],[-3.4663,47.9031],[-3.4668,47.9069],[-3.4677,47.9073],[-3.4691,47.9064],[-3.4690,47.9038],[-3.4699,47.9029],[-3.4813,47.9042],[-3.4835,47.9015],[-3.4864,47.8999],[-3.4929,47.9021]]}},{"type":"Feature","properties":{"name":"L\u0027Ellé"},"geometry":{"type":"LineString","coordinates":[[-3.4974,47.9769],[-3.4913,47.9748],[-3.4883,47.9699],[-3.4851,47.9672],[-3.4844,47.9630],[-3.4851,47.9595],[-3.4819,47.9580],[-3.4809,47.9515],[-3.4775,47.9488],[-3.4737,47.9495],[-3.4667,47.9474],[-3.4679,47.9457]]}},{"type":"Feature","properties":{"name":"L\u0027Ellé"},"geometry":{"type":"LineString","coordinates":[[-3.4764,48.0014],[-3.4802,47.9972],[-3.4823,47.9918],[-3.4856,47.9895],[-3.4875,47.9859],[-3.4958,47.9846],[-3.4987,47.9827],[-3.4995,47.9794],[-3.4974,47.9769]]}},{"type":"Feature","properties":{"name":"L\u0027Ellé"},"geometry":{"type":"LineString","coordinates":[[-3.4679,47.9457],[-3.4693,47.9453],[-3.4701,47.9435]]}},{"type":"Feature","properties":{"name":"L\u0027Ellé"},"geometry":{"type":"LineString","coordinates":[[-3.4701,47.9435],[-3.4621,47.9390],[-3.4587,47.9335],[-3.4616,47.9293],[-3.4615,47.9264],[-3.4593,47.9235],[-3.4532,47.9216],[-3.4515,47.9190]]}},{"type":"Feature","properties":{"name":"L\u0027Ellé"},"geometry":{"type":"LineString","coordinates":[[-3.4760,48.0427],[-3.4760,48.0418]]}},{"type":"Feature","properties":{"name":"L\u0027Ellé"},"geometry":{"type":"LineString","coordinates":[[-3.4780,48.0712],[-3.4777,48.0687],[-3.4733,48.0676],[-3.4707,48.0638],[-3.4725,48.0624],[-3.4734,48.0633],[-3.4754,48.0626],[-3.4751,48.0597],[-3.4729,48.0569],[-3.4741,48.0552],[-3.4771,48.0543],[-3.4755,48.0521],[-3.4794,48.0490],[-3.4801,48.0460],[-3.4755,48.0423],[-3.4766,48.0410],[-3.4758,48.0360],[-3.4766,48.0345],[-3.4749,48.0320],[-3.4751,48.0282],[-3.4730,48.0252],[-3.4704,48.0248],[-3.4704,48.0206],[-3.4690,48.0182],[-3.4655,48.0175],[-3.4670,48.0162],[-3.4716,48.0166],[-3.4799,48.0075],[-3.4800,48.0055],[-3.4766,48.0038],[-3.4764,48.0014]]}},{"type":"Feature","properties":{"name":"L\u0027Ellé"},"geometry":{"type":"LineString","coordinates":[[-3.4993,47.8883],[-3.5034,47.8838],[-3.5100,47.8849],[-3.5175,47.8830],[-3.5225,47.8852],[-3.5243,47.8810],[-3.5275,47.8806]]}},{"type":"Feature","properties":{"name":"L\u0027Ellé"},"geometry":{"type":"LineString","coordinates":[[-3.5337,47.8786],[-3.5367,47.8761],[-3.5441,47.8752],[-3.5448,47.8744],[-3.5436,47.8720],[-3.5452,47.8708]]}},{"type":"Feature","properties":{"name":"L\u0027Ellé"},"geometry":{"type":"LineString","coordinates":[[-3.4929,47.9021],[-3.4955,47.9014],[-3.4972,47.8992],[-3.4956,47.8954],[-3.5034,47.8956],[-3.5023,47.8943],[-3.4988,47.8941],[-3.4993,47.8883]]}},{"type":"Feature","properties":{"name":"L\u0027Ellé"},"geometry":{"type":"LineString","coordinates":[[-3.5275,47.8806],[-3.5337,47.8786]]}},{"type":"Feature","properties":{"name":"L\u0027Ellé"},"geometry":{"type":"LineString","coordinates":[[-3.3700,48.1655],[-3.3757,48.1637],[-3.3746,48.1616],[-3.3766,48.1602]]}},{"type":"Feature","properties":{"name":"L\u0027Ellé"},"geometry":{"type":"LineString","coordinates":[[-3.3766,48.1602],[-3.3867,48.1563],[-3.3900,48.1543],[-3.3901,48.1525],[-3.3934,48.1517],[-3.3956,48.1523],[-3.3966,48.1556],[-3.3978,48.1563],[-3.4023,48.1570],[-3.4041,48.1562],[-3.4064,48.1531],[-3.4067,48.1492],[-3.4102,48.1484],[-3.4104,48.1472],[-3.4168,48.1442],[-3.4181,48.1396],[-3.4126,48.1373],[-3.4113,48.1350],[-3.4155,48.1316]]}},{"type":"Feature","properties":{"name":"L\u0027Ellé"},"geometry":{"type":"LineString","coordinates":[[-3.4467,48.0972],[-3.4477,48.0963],[-3.4468,48.0911],[-3.4536,48.0924],[-3.4586,48.0895],[-3.4605,48.0874],[-3.4609,48.0854],[-3.4598,48.0834],[-3.4613,48.0828],[-3.4621,48.0810],[-3.4597,48.0788],[-3.4599,48.0777],[-3.4627,48.0769],[-3.4655,48.0788],[-3.4680,48.0788],[-3.4690,48.0779],[-3.4696,48.0731],[-3.4723,48.0717],[-3.4780,48.0712]]}},{"type":"Feature","properties":{"name":"L\u0027Ellé"},"geometry":{"type":"LineString","coordinates":[[-3.4314,48.1075],[-3.4310,48.1057]]}},{"type":"Feature","properties":{"name":"L\u0027Ellé"},"geometry":{"type":"LineString","coordinates":[[-3.4305,48.1080],[-3.4305,48.1064],[-3.4317,48.1053],[-3.4384,48.1040],[-3.4384,48.1026],[-3.4414,48.1005],[-3.4403,48.0987],[-3.4410,48.0978],[-3.4427,48.0974],[-3.4451,48.0981],[-3.4467,48.0972]]}},{"type":"Feature","properties":{"name":"L\u0027Ellé"},"geometry":{"type":"LineString","coordinates":[[-3.4322,48.1051],[-3.4330,48.1048]]}},{"type":"Feature","properties":{"name":"L\u0027Ellé"},"geometry":{"type":"LineString","coordinates":[[-3.4305,48.1080],[-3.4314,48.1075]]}},{"type":"Feature","properties":{"name":"L\u0027Ellé"},"geometry":{"type":"LineString","coordinates":[[-3.4155,48.1315],[-3.4169,48.1294],[-3.4209,48.1279],[-3.4206,48.1271],[-3.4229,48.1256],[-3.4234,48.1239],[-3.4251,48.1236],[-3.4246,48.1218],[-3.4228,48.1200],[-3.4231,48.1180],[-3.4264,48.1165],[-3.4273,48.1138],[-3.4335,48.1125],[-3.4325,48.1102],[-3.4299,48.1096],[-3.4305,48.1080]]}},{"type":"Feature","properties":{"name":"L\u0027Ellé"},"geometry":{"type":"LineString","coordinates":[[-3.4155,48.1316],[-3.4155,48.1315]]}},{"type":"Feature","properties":{"name":"Le Meu"},"geometry":{"type":"LineString","coordinates":[[-2.2397,48.1347],[-2.2351,48.1326],[-2.2277,48.1316],[-2.2270,48.1306],[-2.2273,48.1279],[-2.2257,48.1268],[-2.2149,48.1270],[-2.2121,48.1278],[-2.2057,48.1269],[-2.2040,48.1246],[-2.2050,48.1234],[-2.2046,48.1225],[-2.2005,48.1208],[-2.1976,48.1214],[-2.1932,48.1200],[-2.1887,48.1215],[-2.1885,48.1230],[-2.1865,48.1247],[-2.1831,48.1252],[-2.1821,48.1227],[-2.1789,48.1214],[-2.1757,48.1185],[-2.1674,48.1197],[-2.1637,48.1218],[-2.1602,48.1220],[-2.1574,48.1207],[-2.1513,48.1198],[-2.1408,48.1229],[-2.1331,48.1211],[-2.1311,48.1191],[-2.1277,48.1181],[-2.1251,48.1213],[-2.1219,48.1229],[-2.1190,48.1230],[-2.1181,48.1250],[-2.1147,48.1266],[-2.1123,48.1251],[-2.1125,48.1238],[-2.1095,48.1232],[-2.1031,48.1246],[-2.0970,48.1280],[-2.0945,48.1259],[-2.0896,48.1241],[-2.0877,48.1247],[-2.0860,48.1268],[-2.0820,48.1283],[-2.0790,48.1268],[-2.0766,48.1233],[-2.0745,48.1237],[-2.0720,48.1223],[-2.0714,48.1209],[-2.0635,48.1234],[-2.0574,48.1192],[-2.0567,48.1171],[-2.0542,48.1162],[-2.0511,48.1171],[-2.0517,48.1201],[-2.0548,48.1226],[-2.0546,48.1267],[-2.0507,48.1264],[-2.0453,48.1290],[-2.0362,48.1264],[-2.0308,48.1265],[-2.0301,48.1257],[-2.0238,48.1265],[-2.0202,48.1287],[-2.0187,48.1283],[-2.0187,48.1272],[-2.0172,48.1272],[-2.0124,48.1296],[-2.0105,48.1314],[-2.0111,48.1320],[-2.0069,48.1351],[-1.9958,48.1365],[-1.9940,48.1376],[-1.9918,48.1367],[-1.9897,48.1377],[-1.9853,48.1372],[-1.9837,48.1379],[-1.9786,48.1365],[-1.9734,48.1379],[-1.9722,48.1374],[-1.9726,48.1365],[-1.9700,48.1360],[-1.9649,48.1365],[-1.9619,48.1356],[-1.9559,48.1364],[-1.9529,48.1354],[-1.9522,48.1319],[-1.9501,48.1296],[-1.9427,48.1286]]}},{"type":"Feature","properties":{"name":"Le Meu"},"geometry":{"type":"LineString","coordinates":[[-2.2690,48.1966],[-2.2687,48.1962]]}},{"type":"Feature","properties":{"name":"Le Meu"},"geometry":{"type":"LineString","coordinates":[[-2.3324,48.2140],[-2.3239,48.2148],[-2.3163,48.2123],[-2.3129,48.2126],[-2.3104,48.2116],[-2.3105,48.2108],[-2.3008,48.2091],[-2.2993,48.2077],[-2.2976,48.2080],[-2.2964,48.2071],[-2.2919,48.2064],[-2.2902,48.2047],[-2.2863,48.2035],[-2.2827,48.2041],[-2.2730,48.1990],[-2.2708,48.1988],[-2.2690,48.1966]]}},{"type":"Feature","properties":{"name":"Le Meu"},"geometry":{"type":"LineString","coordinates":[[-2.3871,48.2283],[-2.3815,48.2227],[-2.3786,48.2230],[-2.3690,48.2266],[-2.3665,48.2261]]}},{"type":"Feature","properties":{"name":"Le Meu"},"geometry":{"type":"LineString","coordinates":[[-2.2687,48.1962],[-2.2657,48.1934],[-2.2640,48.1931],[-2.2641,48.1919],[-2.2612,48.1905],[-2.2610,48.1882],[-2.2584,48.1877],[-2.2568,48.1853],[-2.2500,48.1842],[-2.2480,48.1801],[-2.2498,48.1798],[-2.2501,48.1786],[-2.2459,48.1765],[-2.2439,48.1744],[-2.2435,48.1726],[-2.2393,48.1688],[-2.2379,48.1685],[-2.2377,48.1670],[-2.2366,48.1666],[-2.2355,48.1643],[-2.2341,48.1639],[-2.2335,48.1616],[-2.2270,48.1580],[-2.2279,48.1570],[-2.2274,48.1551],[-2.2293,48.1539],[-2.2289,48.1527],[-2.2332,48.1486],[-2.2320,48.1456],[-2.2324,48.1447],[-2.2349,48.1427],[-2.2347,48.1414],[-2.2368,48.1398],[-2.2397,48.1347]]}},{"type":"Feature","properties":{"name":"Le Meu"},"geometry":{"type":"LineString","coordinates":[[-2.3665,48.2261],[-2.3597,48.2266],[-2.3559,48.2245],[-2.3544,48.2213],[-2.3524,48.2207],[-2.3507,48.2185],[-2.3366,48.2128]]}},{"type":"Feature","properties":{"name":"Le Meu"},"geometry":{"type":"LineString","coordinates":[[-2.3366,48.2128],[-2.3324,48.2140]]}},{"type":"Feature","properties":{"name":"La Marle"},"geometry":{"type":"LineString","coordinates":[[-2.7452,47.6635],[-2.7485,47.6610],[-2.7490,47.6590]]}},{"type":"Feature","properties":{"name":"La Marle"},"geometry":{"type":"LineString","coordinates":[[-2.7573,47.6547],[-2.7582,47.6540]]}},{"type":"Feature","properties":{"name":"La Marle"},"geometry":{"type":"LineString","coordinates":[[-2.7612,47.6399],[-2.7623,47.6279],[-2.7673,47.6281],[-2.7782,47.6260],[-2.7802,47.6239],[-2.7812,47.6203],[-2.7837,47.6191],[-2.7879,47.6190],[-2.7895,47.6174]]}},{"type":"Feature","properties":{"name":"Étier de Pont d\u0027Arm"},"geometry":{"type":"LineString","coordinates":[[-2.3854,47.4084],[-2.3890,47.4067],[-2.3910,47.4085],[-2.3912,47.4075],[-2.3939,47.4078],[-2.3941,47.4070],[-2.3950,47.4082],[-2.3974,47.4082],[-2.3994,47.4078],[-2.3992,47.4071],[-2.4021,47.4054],[-2.4056,47.4071],[-2.4049,47.4085],[-2.4065,47.4093],[-2.4077,47.4089],[-2.4098,47.4108],[-2.4119,47.4104],[-2.4129,47.4085],[-2.4199,47.4115],[-2.4231,47.4107],[-2.4249,47.4123],[-2.4284,47.4097],[-2.4342,47.4112]]}},{"type":"Feature","properties":{"name":"Le Mès"},"geometry":{"type":"LineString","coordinates":[[-2.3598,47.3902],[-2.3580,47.3932],[-2.3535,47.3945],[-2.3530,47.3960],[-2.3499,47.3983],[-2.3516,47.3989],[-2.3507,47.4021]]}},{"type":"Feature","properties":{"name":"Le Mès"},"geometry":{"type":"LineString","coordinates":[[-2.3547,47.3782],[-2.3547,47.3811]]}},{"type":"Feature","properties":{"name":"Le Mès"},"geometry":{"type":"LineString","coordinates":[[-2.3686,47.3716],[-2.3615,47.3724],[-2.3547,47.3782]]}},{"type":"Feature","properties":{"name":"Le Mès"},"geometry":{"type":"LineString","coordinates":[[-2.3556,47.4041],[-2.3584,47.4056],[-2.3618,47.4057],[-2.3659,47.4046],[-2.3662,47.4035],[-2.3673,47.4044],[-2.3718,47.4029],[-2.3740,47.4044],[-2.3747,47.4031],[-2.3802,47.4030],[-2.3812,47.4044],[-2.3839,47.4047],[-2.3835,47.4055],[-2.3848,47.4061],[-2.3854,47.4084]]}},{"type":"Feature","properties":{"name":"Le Mès"},"geometry":{"type":"LineString","coordinates":[[-2.3598,47.3902],[-2.3598,47.3902]]}},{"type":"Feature","properties":{"name":"Le Mès"},"geometry":{"type":"LineString","coordinates":[[-2.3547,47.3811],[-2.3617,47.3848],[-2.3618,47.3865],[-2.3604,47.3877],[-2.3598,47.3902]]}},{"type":"Feature","properties":{"name":"Le Mès"},"geometry":{"type":"LineString","coordinates":[[-2.3507,47.4021],[-2.3509,47.4029],[-2.3554,47.4040]]}},{"type":"Feature","properties":{"name":"Le Mès"},"geometry":{"type":"LineString","coordinates":[[-2.3554,47.4040],[-2.3556,47.4041]]}},{"type":"Feature","properties":{"name":"Chenal de Saint-Léonard"},"geometry":{"type":"LineString","coordinates":[[-2.7114,47.6470],[-2.7098,47.6437],[-2.7064,47.6421],[-2.7070,47.6394],[-2.7035,47.6377],[-2.7020,47.6354],[-2.7039,47.6329],[-2.7036,47.6294],[-2.6969,47.6272],[-2.6967,47.6262],[-2.6989,47.6242],[-2.6988,47.6220],[-2.6923,47.6168]]}},{"type":"Feature","properties":{"name":"Chenal de Saint-Léonard"},"geometry":{"type":"LineString","coordinates":[[-2.6923,47.6168],[-2.6914,47.6150],[-2.6919,47.6131],[-2.6946,47.6087],[-2.6990,47.6045],[-2.7003,47.6005]]}},{"type":"Feature","properties":{"name":"Chenal de Saint-Léonard"},"geometry":{"type":"LineString","coordinates":[[-2.7003,47.6005],[-2.7013,47.5970],[-2.7070,47.5916],[-2.7097,47.5904],[-2.7221,47.5889],[-2.7348,47.5925]]}},{"type":"Feature","properties":{"name":"Le Bélon"},"geometry":{"type":"LineString","coordinates":[[-3.6385,47.8299],[-3.6417,47.8280],[-3.6419,47.8268],[-3.6444,47.8258],[-3.6447,47.8248],[-3.6475,47.8236],[-3.6470,47.8228],[-3.6501,47.8231],[-3.6512,47.8217]]}},{"type":"Feature","properties":{"name":"Le Bélon"},"geometry":{"type":"LineString","coordinates":[[-3.6512,47.8217],[-3.6538,47.8215],[-3.6550,47.8234],[-3.6575,47.8233],[-3.6585,47.8243],[-3.6598,47.8225],[-3.6609,47.8224],[-3.6668,47.8253],[-3.6736,47.8248],[-3.6768,47.8231],[-3.6812,47.8227],[-3.6859,47.8195],[-3.6984,47.8204],[-3.7037,47.8136],[-3.7094,47.8134],[-3.7124,47.8111],[-3.7133,47.8091],[-3.7188,47.8075],[-3.7298,47.7996]]}},{"type":"Feature","properties":{"name":"Le Bélon"},"geometry":{"type":"LineString","coordinates":[[-3.6321,47.8475],[-3.6313,47.8452],[-3.6339,47.8436],[-3.6329,47.8405],[-3.6341,47.8400],[-3.6356,47.8368],[-3.6345,47.8359],[-3.6351,47.8317],[-3.6375,47.8307]]}},{"type":"Feature","properties":{"name":"Le Bélon"},"geometry":{"type":"LineString","coordinates":[[-3.6320,47.8477],[-3.6321,47.8475]]}},{"type":"Feature","properties":{"name":"Le Bélon"},"geometry":{"type":"LineString","coordinates":[[-3.6316,47.8468],[-3.6311,47.8460]]}},{"type":"Feature","properties":{"name":"Le Bélon"},"geometry":{"type":"LineString","coordinates":[[-3.6327,47.8483],[-3.6320,47.8477]]}},{"type":"Feature","properties":{"name":"Le Bélon"},"geometry":{"type":"LineString","coordinates":[[-3.6327,47.8484],[-3.6327,47.8483]]}},{"type":"Feature","properties":{"name":"Le Bélon"},"geometry":{"type":"LineString","coordinates":[[-3.6327,47.8485],[-3.6327,47.8484]]}},{"type":"Feature","properties":{"name":"Le Bélon"},"geometry":{"type":"LineString","coordinates":[[-3.6376,47.8307],[-3.6385,47.8299]]}},{"type":"Feature","properties":{"name":"Le Bélon"},"geometry":{"type":"LineString","coordinates":[[-3.6375,47.8307],[-3.6376,47.8307]]}},{"type":"Feature","properties":{"name":"L\u0027Oyon"},"geometry":{"type":"LineString","coordinates":[[-2.1929,47.9063],[-2.1897,47.9082],[-2.1864,47.9083],[-2.1786,47.9064],[-2.1778,47.9051]]}},{"type":"Feature","properties":{"name":"L\u0027Oyon"},"geometry":{"type":"LineString","coordinates":[[-2.1560,47.9094],[-2.1530,47.9079],[-2.1494,47.9078],[-2.1479,47.9060],[-2.1420,47.9055],[-2.1412,47.9041],[-2.1372,47.9049],[-2.1351,47.9027],[-2.1349,47.9009],[-2.1360,47.9000],[-2.1325,47.8982],[-2.1300,47.8989],[-2.1267,47.8979],[-2.1296,47.8954],[-2.1292,47.8943],[-2.1306,47.8916],[-2.1299,47.8906],[-2.1240,47.8912],[-2.1221,47.8888],[-2.1155,47.8886],[-2.1144,47.8878]]}},{"type":"Feature","properties":{"name":"L\u0027Oyon"},"geometry":{"type":"LineString","coordinates":[[-2.1778,47.9051],[-2.1741,47.9037],[-2.1696,47.9106],[-2.1665,47.9105],[-2.1656,47.9092],[-2.1601,47.9090],[-2.1586,47.9081],[-2.1575,47.9097],[-2.1560,47.9094]]}},{"type":"Feature","properties":{"name":"Rivière de l\u0027Étier"},"geometry":{"type":"LineString","coordinates":[[-2.2986,47.6004],[-2.2981,47.5987],[-2.2991,47.5969],[-2.2950,47.5939],[-2.2986,47.5893],[-2.2960,47.5889],[-2.2949,47.5871],[-2.2917,47.5863],[-2.2894,47.5836],[-2.2891,47.5796],[-2.2874,47.5759],[-2.2833,47.5748]]}},{"type":"Feature","properties":{"name":"Chenal de la Butte de Terre"},"geometry":{"type":"LineString","coordinates":[[-2.2837,47.3610],[-2.2744,47.3646],[-2.2743,47.3678],[-2.2721,47.3692],[-2.2516,47.3749]]}},{"type":"Feature","properties":{"name":"Chenal de la Butte de Terre"},"geometry":{"type":"LineString","coordinates":[[-2.2900,47.3489],[-2.2901,47.3538],[-2.2891,47.3546]]}},{"type":"Feature","properties":{"name":"L\u0027Hyères"},"geometry":{"type":"LineString","coordinates":[[-3.6615,48.2178],[-3.6621,48.2182]]}},{"type":"Feature","properties":{"name":"L\u0027Hyères"},"geometry":{"type":"LineString","coordinates":[[-3.6987,48.2213],[-3.7018,48.2200]]}},{"type":"Feature","properties":{"name":"L\u0027Hyères"},"geometry":{"type":"LineString","coordinates":[[-3.6888,48.2216],[-3.6902,48.2229],[-3.6962,48.2251],[-3.6979,48.2241],[-3.6987,48.2213]]}},{"type":"Feature","properties":{"name":"L\u0027Hyères"},"geometry":{"type":"LineString","coordinates":[[-3.6244,48.2356],[-3.6333,48.2329],[-3.6350,48.2284],[-3.6374,48.2258],[-3.6406,48.2254]]}},{"type":"Feature","properties":{"name":"L\u0027Hyères"},"geometry":{"type":"LineString","coordinates":[[-3.6447,48.2259],[-3.6535,48.2263],[-3.6550,48.2251],[-3.6559,48.2208],[-3.6573,48.2188],[-3.6615,48.2178]]}},{"type":"Feature","properties":{"name":"L\u0027Hyères"},"geometry":{"type":"LineString","coordinates":[[-3.6406,48.2254],[-3.6431,48.2256]]}},{"type":"Feature","properties":{"name":"L\u0027Hyères"},"geometry":{"type":"LineString","coordinates":[[-3.6644,48.2197],[-3.6688,48.2218],[-3.6717,48.2217],[-3.6815,48.2200],[-3.6859,48.2178],[-3.6881,48.2200]]}},{"type":"Feature","properties":{"name":"L\u0027Hyères"},"geometry":{"type":"LineString","coordinates":[[-3.6881,48.2200],[-3.6888,48.2216]]}},{"type":"Feature","properties":{"name":"L\u0027Hyères"},"geometry":{"type":"LineString","coordinates":[[-3.6621,48.2182],[-3.6644,48.2197]]}},{"type":"Feature","properties":{"name":"L\u0027Hyères"},"geometry":{"type":"LineString","coordinates":[[-3.7018,48.2200],[-3.7037,48.2187]]}},{"type":"Feature","properties":{"name":"L\u0027Hyères"},"geometry":{"type":"LineString","coordinates":[[-3.6431,48.2256],[-3.6447,48.2259]]}},{"type":"Feature","properties":{"name":"Stér en Istrec"},"geometry":{"type":"LineString","coordinates":[[-3.1135,47.7260],[-3.1205,47.7255],[-3.1218,47.7263],[-3.1236,47.7260],[-3.1255,47.7274],[-3.1299,47.7226],[-3.1303,47.7205],[-3.1387,47.7203],[-3.1425,47.7177],[-3.1494,47.7184],[-3.1505,47.7178],[-3.1518,47.7138],[-3.1545,47.7118],[-3.1549,47.7082],[-3.1618,47.7040]]}},{"type":"Feature","properties":{"name":"Ruisseau du Guernic"},"geometry":{"type":"LineString","coordinates":[[-3.0010,48.1134],[-3.0015,48.1153],[-2.9996,48.1168],[-3.0034,48.1190],[-3.0125,48.1174],[-3.0158,48.1182],[-3.0213,48.1170],[-3.0275,48.1186],[-3.0404,48.1187],[-3.0457,48.1177]]}},{"type":"Feature","properties":{"name":"L\u0027Yvel"},"geometry":{"type":"LineString","coordinates":[[-2.3578,47.9984],[-2.3619,47.9946],[-2.3660,47.9957],[-2.3706,47.9937],[-2.3727,47.9916],[-2.3741,47.9920],[-2.3760,47.9906],[-2.3761,47.9891],[-2.3777,47.9890],[-2.3784,47.9865],[-2.3824,47.9822],[-2.3861,47.9818],[-2.3902,47.9785],[-2.3922,47.9796],[-2.3932,47.9792],[-2.3893,47.9725],[-2.3890,47.9707],[-2.3904,47.9683],[-2.3958,47.9656],[-2.4074,47.9626]]}},{"type":"Feature","properties":{"name":"L\u0027Yvel"},"geometry":{"type":"LineString","coordinates":[[-2.4344,47.9303],[-2.4353,47.9301]]}},{"type":"Feature","properties":{"name":"L\u0027Yvel"},"geometry":{"type":"LineString","coordinates":[[-2.4170,47.9402],[-2.4194,47.9362],[-2.4244,47.9360],[-2.4291,47.9346]]}},{"type":"Feature","properties":{"name":"L\u0027Yvel"},"geometry":{"type":"LineString","coordinates":[[-2.4318,47.9341],[-2.4329,47.9315],[-2.4376,47.9277],[-2.4400,47.9193],[-2.4374,47.9182]]}},{"type":"Feature","properties":{"name":"L\u0027Yvel"},"geometry":{"type":"LineString","coordinates":[[-2.4291,47.9346],[-2.4318,47.9341]]}},{"type":"Feature","properties":{"name":"L\u0027Yvel"},"geometry":{"type":"LineString","coordinates":[[-2.3610,47.9953],[-2.3628,47.9959],[-2.3643,47.9947]]}},{"type":"Feature","properties":{"name":"L\u0027Yvel"},"geometry":{"type":"LineString","coordinates":[[-2.3741,48.0151],[-2.3728,48.0127],[-2.3736,48.0095],[-2.3678,48.0065],[-2.3671,48.0038],[-2.3679,48.0019],[-2.3665,48.0000],[-2.3647,47.9993],[-2.3609,48.0011],[-2.3578,47.9984]]}},{"type":"Feature","properties":{"name":"L\u0027Yvel"},"geometry":{"type":"LineString","coordinates":[[-2.4138,48.1980],[-2.4126,48.1962],[-2.4087,48.1939],[-2.4072,48.1911],[-2.4041,48.1902],[-2.4026,48.1869]]}},{"type":"Feature","properties":{"name":"L\u0027Yvel"},"geometry":{"type":"LineString","coordinates":[[-2.4165,47.9415],[-2.4170,47.9402]]}},{"type":"Feature","properties":{"name":"L\u0027Yvel"},"geometry":{"type":"LineString","coordinates":[[-2.4074,47.9626],[-2.4126,47.9599],[-2.4129,47.9583],[-2.4115,47.9556],[-2.4154,47.9433]]}},{"type":"Feature","properties":{"name":"L\u0027Yvel"},"geometry":{"type":"LineString","coordinates":[[-2.4154,47.9433],[-2.4173,47.9420]]}},{"type":"Feature","properties":{"name":"L\u0027Yvel"},"geometry":{"type":"LineString","coordinates":[[-2.4173,47.9420],[-2.4165,47.9415]]}},{"type":"Feature","properties":{"name":"L\u0027Yvel"},"geometry":{"type":"LineString","coordinates":[[-2.4024,48.1866],[-2.4030,48.1835],[-2.4023,48.1817],[-2.3981,48.1783],[-2.3968,48.1758],[-2.3830,48.1702],[-2.3832,48.1691],[-2.3822,48.1693],[-2.3788,48.1667],[-2.3773,48.1625],[-2.3730,48.1581],[-2.3735,48.1572],[-2.3703,48.1565],[-2.3706,48.1559],[-2.3681,48.1543],[-2.3689,48.1503],[-2.3738,48.1470],[-2.3730,48.1460],[-2.3753,48.1448],[-2.3763,48.1428],[-2.3745,48.1388],[-2.3764,48.1370],[-2.3743,48.1340],[-2.3744,48.1324],[-2.3752,48.1321],[-2.3743,48.1293],[-2.3758,48.1280],[-2.3758,48.1267],[-2.3730,48.1230],[-2.3716,48.1226],[-2.3707,48.1205],[-2.3683,48.1199],[-2.3665,48.1159],[-2.3626,48.1143],[-2.3621,48.1124],[-2.3584,48.1110],[-2.3556,48.1110],[-2.3529,48.1085],[-2.3438,48.1052],[-2.3447,48.1041],[-2.3429,48.1020],[-2.3432,48.1007],[-2.3387,48.0979],[-2.3385,48.0938],[-2.3326,48.0924],[-2.3330,48.0917],[-2.3318,48.0912],[-2.3284,48.0849],[-2.3256,48.0850],[-2.3207,48.0809],[-2.3227,48.0782],[-2.3260,48.0784],[-2.3293,48.0770],[-2.3294,48.0748],[-2.3260,48.0720],[-2.3276,48.0701],[-2.3271,48.0665],[-2.3283,48.0654],[-2.3274,48.0632],[-2.3293,48.0627],[-2.3283,48.0618],[-2.3293,48.0595],[-2.3282,48.0565],[-2.3240,48.0567],[-2.3224,48.0549],[-2.3192,48.0548],[-2.3158,48.0526],[-2.3147,48.0503],[-2.3183,48.0481],[-2.3188,48.0463],[-2.3175,48.0449],[-2.3178,48.0432],[-2.3211,48.0425],[-2.3302,48.0427],[-2.3321,48.0411],[-2.3302,48.0355],[-2.3324,48.0340],[-2.3367,48.0344],[-2.3420,48.0376],[-2.3440,48.0375],[-2.3444,48.0364],[-2.3467,48.0357],[-2.3470,48.0345],[-2.3452,48.0315],[-2.3485,48.0273],[-2.3461,48.0263],[-2.3526,48.0231],[-2.3521,48.0213],[-2.3576,48.0140],[-2.3615,48.0146],[-2.3633,48.0157],[-2.3630,48.0166],[-2.3666,48.0181],[-2.3708,48.0166],[-2.3708,48.0147],[-2.3741,48.0151]]}},{"type":"Feature","properties":{"name":"L\u0027Yvel"},"geometry":{"type":"LineString","coordinates":[[-2.4026,48.1869],[-2.4024,48.1866]]}},{"type":"Feature","properties":{"name":"Canal de Nantes à Brest - L\u0027Oust Canalisé"},"geometry":{"type":"LineString","coordinates":[[-2.1182,47.7082],[-2.1223,47.7017],[-2.1218,47.6995],[-2.1227,47.6949],[-2.1250,47.6911],[-2.1216,47.6882],[-2.1212,47.6874],[-2.1225,47.6854]]}},{"type":"Feature","properties":{"name":"Canal de Nantes à Brest - L\u0027Oust Canalisé"},"geometry":{"type":"LineString","coordinates":[[-2.4382,47.8876],[-2.4364,47.8878]]}},{"type":"Feature","properties":{"name":"Canal de Nantes à Brest - L\u0027Oust Canalisé"},"geometry":{"type":"LineString","coordinates":[[-2.5401,47.9429],[-2.5386,47.9384]]}},{"type":"Feature","properties":{"name":"Canal de Nantes à Brest - L\u0027Oust Canalisé"},"geometry":{"type":"LineString","coordinates":[[-2.5281,47.9310],[-2.5210,47.9308]]}},{"type":"Feature","properties":{"name":"Canal de Nantes à Brest - L\u0027Oust Canalisé"},"geometry":{"type":"LineString","coordinates":[[-2.4614,47.8999],[-2.4586,47.9000],[-2.4553,47.8961],[-2.4528,47.8908],[-2.4528,47.8883]]}},{"type":"Feature","properties":{"name":"Canal de Nantes à Brest - L\u0027Oust Canalisé"},"geometry":{"type":"LineString","coordinates":[[-2.4364,47.8878],[-2.4284,47.8848]]}},{"type":"Feature","properties":{"name":"Canal de Nantes à Brest - L\u0027Oust Canalisé"},"geometry":{"type":"LineString","coordinates":[[-2.4243,47.8783],[-2.4246,47.8780]]}},{"type":"Feature","properties":{"name":"Canal de Nantes à Brest - L\u0027Oust Canalisé"},"geometry":{"type":"LineString","coordinates":[[-2.4416,47.8449],[-2.4344,47.8401],[-2.4311,47.8403],[-2.4270,47.8386]]}},{"type":"Feature","properties":{"name":"Canal de Nantes à Brest - L\u0027Oust Canalisé"},"geometry":{"type":"LineString","coordinates":[[-2.4265,47.8384],[-2.4180,47.8370],[-2.4106,47.8311]]}},{"type":"Feature","properties":{"name":"Canal de Nantes à Brest - L\u0027Oust Canalisé"},"geometry":{"type":"LineString","coordinates":[[-2.3710,47.8053],[-2.3697,47.8071],[-2.3677,47.8077]]}},{"type":"Feature","properties":{"name":"Canal de Nantes à Brest - L\u0027Oust Canalisé"},"geometry":{"type":"LineString","coordinates":[[-2.4270,47.8386],[-2.4265,47.8384]]}},{"type":"Feature","properties":{"name":"Canal de Nantes à Brest - L\u0027Oust Canalisé"},"geometry":{"type":"LineString","coordinates":[[-2.3677,47.8077],[-2.3552,47.8084]]}},{"type":"Feature","properties":{"name":"Canal de Nantes à Brest - L\u0027Oust Canalisé"},"geometry":{"type":"LineString","coordinates":[[-2.3298,47.8019],[-2.3258,47.7965],[-2.3270,47.7925],[-2.3210,47.7900]]}},{"type":"Feature","properties":{"name":"Canal de Nantes à Brest - L\u0027Oust Canalisé"},"geometry":{"type":"LineString","coordinates":[[-2.3143,47.7793],[-2.3137,47.7784],[-2.3155,47.7679],[-2.3175,47.7650],[-2.3161,47.7584],[-2.3148,47.7572],[-2.3105,47.7569],[-2.2978,47.7513]]}},{"type":"Feature","properties":{"name":"Canal de Nantes à Brest - L\u0027Oust Canalisé"},"geometry":{"type":"LineString","coordinates":[[-2.2273,47.7371],[-2.2212,47.7311],[-2.2142,47.7290],[-2.2118,47.7248],[-2.1854,47.7231]]}},{"type":"Feature","properties":{"name":"Canal de Nantes à Brest - L\u0027Oust Canalisé"},"geometry":{"type":"LineString","coordinates":[[-2.3173,47.7845],[-2.3143,47.7793]]}},{"type":"Feature","properties":{"name":"Canal de Nantes à Brest - L\u0027Oust Canalisé"},"geometry":{"type":"LineString","coordinates":[[-2.4460,47.8526],[-2.4416,47.8449]]}},{"type":"Feature","properties":{"name":"Canal de Nantes à Brest - L\u0027Oust Canalisé"},"geometry":{"type":"LineString","coordinates":[[-2.2906,47.7478],[-2.2886,47.7451],[-2.2812,47.7437]]}},{"type":"Feature","properties":{"name":"Canal de Nantes à Brest - L\u0027Oust Canalisé"},"geometry":{"type":"LineString","coordinates":[[-2.3809,47.8100],[-2.3795,47.8062],[-2.3737,47.8046],[-2.3710,47.8053]]}},{"type":"Feature","properties":{"name":"Canal de Nantes à Brest - L\u0027Oust Canalisé"},"geometry":{"type":"LineString","coordinates":[[-2.5735,47.9528],[-2.5650,47.9539],[-2.5603,47.9522]]}},{"type":"Feature","properties":{"name":"Canal de Nantes à Brest - L\u0027Oust Canalisé"},"geometry":{"type":"LineString","coordinates":[[-2.5349,47.9351],[-2.5281,47.9310]]}},{"type":"Feature","properties":{"name":"Canal de Nantes à Brest - L\u0027Oust Canalisé"},"geometry":{"type":"LineString","coordinates":[[-2.5412,47.9452],[-2.5401,47.9429]]}},{"type":"Feature","properties":{"name":"Canal de Nantes à Brest - L\u0027Oust Canalisé"},"geometry":{"type":"LineString","coordinates":[[-2.5833,47.9565],[-2.5809,47.9550]]}},{"type":"Feature","properties":{"name":"Canal de Nantes à Brest - L\u0027Oust Canalisé"},"geometry":{"type":"LineString","coordinates":[[-2.6170,47.9576],[-2.6141,47.9578]]}},{"type":"Feature","properties":{"name":"Canal de Nantes à Brest - L\u0027Oust Canalisé"},"geometry":{"type":"LineString","coordinates":[[-2.6110,47.9578],[-2.6078,47.9584],[-2.6051,47.9614],[-2.5965,47.9603]]}},{"type":"Feature","properties":{"name":"Canal de Nantes à Brest - L\u0027Oust Canalisé"},"geometry":{"type":"LineString","coordinates":[[-2.6231,47.9712],[-2.6197,47.9654],[-2.6228,47.9615],[-2.6230,47.9599],[-2.6191,47.9580]]}},{"type":"Feature","properties":{"name":"Canal de Nantes à Brest - L\u0027Oust Canalisé"},"geometry":{"type":"LineString","coordinates":[[-2.5809,47.9550],[-2.5789,47.9538]]}},{"type":"Feature","properties":{"name":"Canal de Nantes à Brest - L\u0027Oust Canalisé"},"geometry":{"type":"LineString","coordinates":[[-2.6235,47.9726],[-2.6231,47.9712]]}},{"type":"Feature","properties":{"name":"Canal de Nantes à Brest - L\u0027Oust Canalisé"},"geometry":{"type":"LineString","coordinates":[[-2.6870,48.0219],[-2.6840,48.0218],[-2.6792,48.0189]]}},{"type":"Feature","properties":{"name":"Canal de Nantes à Brest - L\u0027Oust Canalisé"},"geometry":{"type":"LineString","coordinates":[[-2.7638,48.0816],[-2.7569,48.0756],[-2.7547,48.0714],[-2.7491,48.0695],[-2.7500,48.0674]]}},{"type":"Feature","properties":{"name":"Canal de Nantes à Brest - L\u0027Oust Canalisé"},"geometry":{"type":"LineString","coordinates":[[-2.6590,48.0059],[-2.6521,48.0032],[-2.6516,48.0018]]}},{"type":"Feature","properties":{"name":"Canal de Nantes à Brest - L\u0027Oust Canalisé"},"geometry":{"type":"LineString","coordinates":[[-2.6704,48.0093],[-2.6637,48.0109],[-2.6598,48.0092]]}},{"type":"Feature","properties":{"name":"Canal de Nantes à Brest - L\u0027Oust Canalisé"},"geometry":{"type":"LineString","coordinates":[[-2.7380,48.0623],[-2.7334,48.0580],[-2.7351,48.0533],[-2.7344,48.0521]]}},{"type":"Feature","properties":{"name":"Canal de Nantes à Brest - L\u0027Oust Canalisé"},"geometry":{"type":"LineString","coordinates":[[-2.6533,47.9975],[-2.6555,47.9943],[-2.6554,47.9926],[-2.6534,47.9901],[-2.6506,47.9889],[-2.6508,47.9870],[-2.6498,47.9856],[-2.6459,47.9839],[-2.6421,47.9842]]}},{"type":"Feature","properties":{"name":"Canal de Nantes à Brest - L\u0027Oust Canalisé"},"geometry":{"type":"LineString","coordinates":[[-2.7771,48.0941],[-2.7771,48.0895]]}},{"type":"Feature","properties":{"name":"Canal de Nantes à Brest - L\u0027Oust Canalisé"},"geometry":{"type":"LineString","coordinates":[[-2.6782,48.0180],[-2.6746,48.0129]]}},{"type":"Feature","properties":{"name":"Canal de Nantes à Brest - L\u0027Oust Canalisé"},"geometry":{"type":"LineString","coordinates":[[-2.4284,47.8848],[-2.4242,47.8813]]}},{"type":"Feature","properties":{"name":"Canal de Nantes à Brest - L\u0027Oust Canalisé"},"geometry":{"type":"LineString","coordinates":[[-2.4246,47.8780],[-2.4267,47.8766]]}},{"type":"Feature","properties":{"name":"Canal de Nantes à Brest - L\u0027Oust Canalisé"},"geometry":{"type":"LineString","coordinates":[[-2.4949,47.9236],[-2.4838,47.9163],[-2.4818,47.9125],[-2.4815,47.9095],[-2.4757,47.9076],[-2.4727,47.9051]]}},{"type":"Feature","properties":{"name":"Canal de Nantes à Brest - L\u0027Oust Canalisé"},"geometry":{"type":"LineString","coordinates":[[-2.5912,47.9598],[-2.5833,47.9565]]}},{"type":"Feature","properties":{"name":"Canal de Nantes à Brest - L\u0027Oust Canalisé"},"geometry":{"type":"LineString","coordinates":[[-2.5159,47.9305],[-2.5122,47.9284],[-2.5057,47.9267],[-2.5009,47.9226],[-2.4984,47.9229]]}},{"type":"Feature","properties":{"name":"Canal de Nantes à Brest - L\u0027Oust Canalisé"},"geometry":{"type":"LineString","coordinates":[[-2.2812,47.7437],[-2.2759,47.7431],[-2.2714,47.7444],[-2.2682,47.7466],[-2.2617,47.7451],[-2.2579,47.7405]]}},{"type":"Feature","properties":{"name":"Canal de Nantes à Brest - L\u0027Oust Canalisé"},"geometry":{"type":"LineString","coordinates":[[-2.7385,48.0624],[-2.7380,48.0623]]}},{"type":"Feature","properties":{"name":"Canal de Nantes à Brest - L\u0027Oust Canalisé"},"geometry":{"type":"LineString","coordinates":[[-2.7491,48.0664],[-2.7488,48.0664]]}},{"type":"Feature","properties":{"name":"Canal de Nantes à Brest - L\u0027Oust Canalisé"},"geometry":{"type":"LineString","coordinates":[[-2.1239,47.7136],[-2.1181,47.7099],[-2.1182,47.7082]]}},{"type":"Feature","properties":{"name":"Canal de Nantes à Brest - L\u0027Oust Canalisé"},"geometry":{"type":"LineString","coordinates":[[-2.4703,47.9031],[-2.4652,47.8998],[-2.4614,47.8999]]}},{"type":"Feature","properties":{"name":"Canal de Nantes à Brest - L\u0027Oust Canalisé"},"geometry":{"type":"LineString","coordinates":[[-2.3493,47.8072],[-2.3357,47.8031],[-2.3317,47.8032],[-2.3298,47.8019]]}},{"type":"Feature","properties":{"name":"Canal de Nantes à Brest - L\u0027Oust Canalisé"},"geometry":{"type":"LineString","coordinates":[[-2.2552,47.7382],[-2.2491,47.7366],[-2.2452,47.7378],[-2.2402,47.7410],[-2.2365,47.7414],[-2.2317,47.7401],[-2.2273,47.7371]]}},{"type":"Feature","properties":{"name":"Canal de Nantes à Brest - L\u0027Oust Canalisé"},"geometry":{"type":"LineString","coordinates":[[-2.4501,47.8866],[-2.4382,47.8876]]}},{"type":"Feature","properties":{"name":"Canal de Nantes à Brest - L\u0027Oust Canalisé"},"geometry":{"type":"LineString","coordinates":[[-2.5442,47.9492],[-2.5412,47.9452]]}},{"type":"Feature","properties":{"name":"Canal de Nantes à Brest - L\u0027Oust Canalisé"},"geometry":{"type":"LineString","coordinates":[[-2.7733,48.0866],[-2.7704,48.0871]]}},{"type":"Feature","properties":{"name":"Canal de Nantes à Brest - L\u0027Oust Canalisé"},"geometry":{"type":"LineString","coordinates":[[-2.4283,47.8747],[-2.4281,47.8715],[-2.4372,47.8674],[-2.4451,47.8663],[-2.4453,47.8613],[-2.4466,47.8585],[-2.4460,47.8556]]}},{"type":"Feature","properties":{"name":"Canal de Nantes à Brest - L\u0027Oust Canalisé"},"geometry":{"type":"LineString","coordinates":[[-2.7488,48.0664],[-2.7421,48.0631]]}},{"type":"Feature","properties":{"name":"Canal de Nantes à Brest - L\u0027Oust Canalisé"},"geometry":{"type":"LineString","coordinates":[[-2.7704,48.0871],[-2.7686,48.0874],[-2.7674,48.0862]]}},{"type":"Feature","properties":{"name":"La Grande Bande"},"geometry":{"type":"LineString","coordinates":[[-2.2541,47.3812],[-2.2500,47.3818],[-2.2474,47.3809],[-2.2366,47.3828],[-2.2211,47.3832],[-2.2157,47.3810]]}},{"type":"Feature","properties":{"name":"L\u0027Aër"},"geometry":{"type":"LineString","coordinates":[[-3.4212,48.0397],[-3.4219,48.0381],[-3.4276,48.0373],[-3.4327,48.0343]]}},{"type":"Feature","properties":{"name":"L\u0027Aër"},"geometry":{"type":"LineString","coordinates":[[-3.4502,48.0207],[-3.4512,48.0189],[-3.4559,48.0191],[-3.4594,48.0147],[-3.4624,48.0167],[-3.4670,48.0162]]}},{"type":"Feature","properties":{"name":"L\u0027Aër"},"geometry":{"type":"LineString","coordinates":[[-3.4022,48.0457],[-3.4043,48.0443]]}},{"type":"Feature","properties":{"name":"L\u0027Aër"},"geometry":{"type":"LineString","coordinates":[[-3.4043,48.0443],[-3.4061,48.0428],[-3.4143,48.0428],[-3.4212,48.0397]]}},{"type":"Feature","properties":{"name":"L\u0027Aër"},"geometry":{"type":"LineString","coordinates":[[-3.3972,48.0567],[-3.3984,48.0566],[-3.3978,48.0557],[-3.3985,48.0551],[-3.3964,48.0524],[-3.3944,48.0518],[-3.3945,48.0509],[-3.3985,48.0492],[-3.4007,48.0494],[-3.4024,48.0473],[-3.4022,48.0457]]}},{"type":"Feature","properties":{"name":"L\u0027Aër"},"geometry":{"type":"LineString","coordinates":[[-3.3039,48.1194],[-3.3077,48.1144],[-3.3119,48.1127],[-3.3111,48.1118],[-3.3119,48.1105],[-3.3114,48.1091],[-3.3082,48.1064],[-3.3083,48.1037],[-3.3057,48.1019],[-3.3084,48.1004],[-3.3084,48.0993],[-3.3098,48.0995],[-3.3134,48.0971],[-3.3126,48.0965],[-3.3152,48.0964],[-3.3165,48.0948],[-3.3199,48.0952],[-3.3204,48.0943],[-3.3194,48.0923],[-3.3220,48.0915],[-3.3219,48.0900],[-3.3287,48.0892],[-3.3312,48.0868],[-3.3361,48.0878],[-3.3409,48.0866],[-3.3463,48.0880],[-3.3532,48.0869]]}},{"type":"Feature","properties":{"name":"L\u0027Aër"},"geometry":{"type":"LineString","coordinates":[[-3.4388,48.0287],[-3.4427,48.0266],[-3.4427,48.0248],[-3.4410,48.0244],[-3.4415,48.0235],[-3.4473,48.0209],[-3.4502,48.0207]]}},{"type":"Feature","properties":{"name":"L\u0027Aër"},"geometry":{"type":"LineString","coordinates":[[-3.3039,48.1195],[-3.3039,48.1194]]}},{"type":"Feature","properties":{"name":"L\u0027Aër"},"geometry":{"type":"LineString","coordinates":[[-3.2930,48.1327],[-3.2954,48.1322],[-3.2949,48.1298],[-3.2990,48.1270],[-3.3008,48.1235],[-3.3030,48.1225],[-3.3039,48.1195]]}},{"type":"Feature","properties":{"name":"L\u0027Aër"},"geometry":{"type":"LineString","coordinates":[[-3.2929,48.1327],[-3.2930,48.1327]]}},{"type":"Feature","properties":{"name":"L\u0027Aër"},"geometry":{"type":"LineString","coordinates":[[-3.2886,48.1412],[-3.2884,48.1343],[-3.2929,48.1327]]}},{"type":"Feature","properties":{"name":"L\u0027Aër"},"geometry":{"type":"LineString","coordinates":[[-3.3532,48.0869],[-3.3619,48.0860],[-3.3654,48.0819],[-3.3699,48.0814],[-3.3735,48.0795],[-3.3826,48.0792],[-3.3823,48.0770],[-3.3864,48.0764],[-3.3848,48.0752],[-3.3860,48.0723],[-3.3851,48.0701],[-3.3894,48.0684],[-3.3908,48.0663],[-3.3938,48.0657],[-3.3950,48.0643],[-3.3918,48.0612],[-3.3927,48.0578],[-3.3965,48.0580],[-3.3972,48.0567]]}},{"type":"Feature","properties":{"name":"L\u0027Aër"},"geometry":{"type":"LineString","coordinates":[[-3.3532,48.0869],[-3.3532,48.0869]]}},{"type":"Feature","properties":{"name":"L\u0027Aër"},"geometry":{"type":"LineString","coordinates":[[-3.4302,48.0358],[-3.4375,48.0295]]}},{"type":"Feature","properties":{"name":"L\u0027Aër"},"geometry":{"type":"LineString","coordinates":[[-3.4375,48.0295],[-3.4388,48.0287]]}},{"type":"Feature","properties":{"name":"La Sarre"},"geometry":{"type":"LineString","coordinates":[[-3.1696,48.1010],[-3.1683,48.0996]]}},{"type":"Feature","properties":{"name":"La Sarre"},"geometry":{"type":"LineString","coordinates":[[-3.1641,48.0972],[-3.1605,48.0942],[-3.1591,48.0904],[-3.1576,48.0893],[-3.1583,48.0846],[-3.1532,48.0817],[-3.1550,48.0792],[-3.1494,48.0761],[-3.1497,48.0741],[-3.1472,48.0732]]}},{"type":"Feature","properties":{"name":"La Sarre"},"geometry":{"type":"LineString","coordinates":[[-3.1683,48.0996],[-3.1681,48.0995]]}},{"type":"Feature","properties":{"name":"La Sarre"},"geometry":{"type":"LineString","coordinates":[[-3.1641,48.0972],[-3.1641,48.0972]]}},{"type":"Feature","properties":{"name":"La Sarre"},"geometry":{"type":"LineString","coordinates":[[-3.1681,48.0995],[-3.1664,48.0974],[-3.1641,48.0972]]}},{"type":"Feature","properties":{"name":"La Sarre"},"geometry":{"type":"LineString","coordinates":[[-3.0936,47.9633],[-3.0915,47.9608],[-3.0897,47.9607],[-3.0875,47.9588],[-3.0810,47.9564],[-3.0762,47.9558],[-3.0732,47.9537],[-3.0704,47.9538],[-3.0707,47.9553],[-3.0677,47.9569],[-3.0655,47.9569],[-3.0636,47.9533],[-3.0682,47.9513],[-3.0670,47.9500],[-3.0649,47.9505],[-3.0645,47.9493]]}},{"type":"Feature","properties":{"name":"La Sarre"},"geometry":{"type":"LineString","coordinates":[[-3.0984,47.9680],[-3.0971,47.9684],[-3.0929,47.9666],[-3.0936,47.9633]]}},{"type":"Feature","properties":{"name":"La Sarre"},"geometry":{"type":"LineString","coordinates":[[-3.1405,48.0681],[-3.1377,48.0682],[-3.1384,48.0670],[-3.1361,48.0668],[-3.1368,48.0658],[-3.1351,48.0647],[-3.1357,48.0644],[-3.1351,48.0635],[-3.1368,48.0631],[-3.1380,48.0614],[-3.1373,48.0594],[-3.1339,48.0595],[-3.1292,48.0578],[-3.1288,48.0543],[-3.1253,48.0496],[-3.1265,48.0488],[-3.1253,48.0477],[-3.1259,48.0463],[-3.1243,48.0447],[-3.1255,48.0404],[-3.1235,48.0384],[-3.1255,48.0362],[-3.1209,48.0340],[-3.1206,48.0327],[-3.1218,48.0309],[-3.1185,48.0281],[-3.1235,48.0238],[-3.1231,48.0220],[-3.1247,48.0205],[-3.1209,48.0176],[-3.1224,48.0123],[-3.1259,48.0115],[-3.1278,48.0085],[-3.1322,48.0070]]}},{"type":"Feature","properties":{"name":"La Sarre"},"geometry":{"type":"LineString","coordinates":[[-3.1472,48.0731],[-3.1425,48.0715],[-3.1425,48.0701],[-3.1405,48.0681]]}},{"type":"Feature","properties":{"name":"La Sarre"},"geometry":{"type":"LineString","coordinates":[[-3.1472,48.0732],[-3.1472,48.0731]]}},{"type":"Feature","properties":{"name":"La Sarre"},"geometry":{"type":"LineString","coordinates":[[-3.1322,48.0070],[-3.1362,48.0042],[-3.1348,48.0004],[-3.1357,47.9978],[-3.1340,47.9963],[-3.1344,47.9944],[-3.1331,47.9918],[-3.1351,47.9902],[-3.1346,47.9860],[-3.1318,47.9856],[-3.1315,47.9833],[-3.1251,47.9833],[-3.1238,47.9809],[-3.1191,47.9804],[-3.1190,47.9787],[-3.1205,47.9772],[-3.1191,47.9763],[-3.1167,47.9765],[-3.1135,47.9742]]}},{"type":"Feature","properties":{"name":"La Sarre"},"geometry":{"type":"LineString","coordinates":[[-3.1134,47.9742],[-3.1106,47.9740],[-3.1076,47.9720],[-3.1059,47.9690],[-3.1063,47.9677],[-3.1038,47.9656],[-3.1031,47.9664],[-3.1009,47.9662],[-3.0984,47.9680]]}},{"type":"Feature","properties":{"name":"La Sarre"},"geometry":{"type":"LineString","coordinates":[[-3.1135,47.9742],[-3.1134,47.9742]]}},{"type":"Feature","properties":{"name":"La Loire"},"geometry":{"type":"LineString","coordinates":[[-1.5962,47.1925],[-1.6219,47.1933],[-1.6481,47.1914],[-1.6558,47.1918],[-1.6653,47.1936],[-1.7044,47.2061],[-1.7236,47.2073],[-1.7512,47.2042],[-1.7990,47.2137],[-1.8161,47.2200],[-1.8294,47.2285],[-1.8346,47.2334],[-1.8497,47.2541],[-1.8616,47.2635],[-1.8788,47.2719],[-1.8962,47.2775],[-1.9146,47.2816],[-1.9819,47.2881],[-2.0108,47.2932],[-2.0349,47.2994],[-2.0467,47.3014],[-2.0856,47.3033],[-2.1215,47.3011],[-2.1363,47.2975],[-2.1470,47.2947],[-2.1602,47.2896],[-2.1776,47.2810]]}},{"type":"Feature","properties":{"name":"La Loire"},"geometry":{"type":"LineString","coordinates":[[-2.0620,47.3024],[-2.0901,47.2946],[-2.1036,47.2925],[-2.1298,47.2818],[-2.1409,47.2791],[-2.1718,47.2742]]}},{"type":"Feature","properties":{"name":"Le Scave"},"geometry":{"type":"LineString","coordinates":[[-3.4310,47.8201],[-3.4308,47.8170]]}},{"type":"Feature","properties":{"name":"Le Scave"},"geometry":{"type":"LineString","coordinates":[[-3.4311,47.8207],[-3.4310,47.8201]]}},{"type":"Feature","properties":{"name":"Le Scave"},"geometry":{"type":"LineString","coordinates":[[-3.4402,47.8267],[-3.4334,47.8268],[-3.4329,47.8251],[-3.4304,47.8236],[-3.4321,47.8220],[-3.4300,47.8190],[-3.4307,47.8167],[-3.4260,47.8176],[-3.4206,47.8153],[-3.4183,47.8124],[-3.4176,47.8127]]}},{"type":"Feature","properties":{"name":"Le Scave"},"geometry":{"type":"LineString","coordinates":[[-3.4176,47.8127],[-3.4159,47.8134],[-3.4140,47.8109],[-3.4076,47.8083],[-3.4031,47.8086]]}},{"type":"Feature","properties":{"name":"Le Scave"},"geometry":{"type":"LineString","coordinates":[[-3.4682,47.8435],[-3.4681,47.8412],[-3.4663,47.8391],[-3.4577,47.8367]]}},{"type":"Feature","properties":{"name":"Le Scave"},"geometry":{"type":"LineString","coordinates":[[-3.4207,47.8150],[-3.4185,47.8128]]}},{"type":"Feature","properties":{"name":"Le Scave"},"geometry":{"type":"LineString","coordinates":[[-3.4140,47.8109],[-3.4117,47.8101]]}},{"type":"Feature","properties":{"name":"Le Scave"},"geometry":{"type":"LineString","coordinates":[[-3.4140,47.8111],[-3.4141,47.8110]]}},{"type":"Feature","properties":{"name":"Le Scave"},"geometry":{"type":"LineString","coordinates":[[-3.4517,47.8342],[-3.4508,47.8336],[-3.4508,47.8310],[-3.4480,47.8275],[-3.4402,47.8267]]}},{"type":"Feature","properties":{"name":"Le Scave"},"geometry":{"type":"LineString","coordinates":[[-3.4115,47.8099],[-3.4092,47.8093]]}},{"type":"Feature","properties":{"name":"Le Scave"},"geometry":{"type":"LineString","coordinates":[[-3.4031,47.8086],[-3.3994,47.8101],[-3.3965,47.8079],[-3.3948,47.8080]]}},{"type":"Feature","properties":{"name":"Le Scave"},"geometry":{"type":"LineString","coordinates":[[-3.4208,47.8152],[-3.4207,47.8150]]}},{"type":"Feature","properties":{"name":"Le Scave"},"geometry":{"type":"LineString","coordinates":[[-3.4210,47.8153],[-3.4208,47.8152]]}},{"type":"Feature","properties":{"name":"Le Scave"},"geometry":{"type":"LineString","coordinates":[[-3.4145,47.8118],[-3.4140,47.8111]]}},{"type":"Feature","properties":{"name":"Le Scave"},"geometry":{"type":"LineString","coordinates":[[-3.4577,47.8367],[-3.4553,47.8348],[-3.4518,47.8342]]}},{"type":"Feature","properties":{"name":"Rivière du Pont-Roc\u0027h"},"geometry":{"type":"LineString","coordinates":[[-3.1843,47.7650],[-3.1854,47.7637],[-3.1844,47.7619],[-3.1891,47.7605],[-3.1901,47.7598],[-3.1901,47.7583],[-3.1826,47.7534],[-3.1842,47.7508],[-3.1838,47.7481],[-3.1827,47.7471],[-3.1830,47.7463],[-3.1843,47.7466]]}},{"type":"Feature","properties":{"name":"Rivière du Pont-Roc\u0027h"},"geometry":{"type":"LineString","coordinates":[[-3.1830,47.7681],[-3.1842,47.7672],[-3.1835,47.7658],[-3.1843,47.7650]]}},{"type":"Feature","properties":{"name":"Rivière du Pont-Roc\u0027h"},"geometry":{"type":"LineString","coordinates":[[-3.1830,47.7689],[-3.1829,47.7683]]}},{"type":"Feature","properties":{"name":"Rivière du Pont-Roc\u0027h"},"geometry":{"type":"LineString","coordinates":[[-3.1829,47.7683],[-3.1830,47.7681]]}},{"type":"Feature","properties":{"name":"Rivière du Pont-Roc\u0027h"},"geometry":{"type":"LineString","coordinates":[[-3.1828,47.7731],[-3.1823,47.7720],[-3.1832,47.7705],[-3.1830,47.7689]]}},{"type":"Feature","properties":{"name":"Rivière du Pont-Roc\u0027h"},"geometry":{"type":"LineString","coordinates":[[-3.1826,47.7735],[-3.1828,47.7731]]}},{"type":"Feature","properties":{"name":"Rivière du Pont-Roc\u0027h"},"geometry":{"type":"LineString","coordinates":[[-3.1732,47.7798],[-3.1774,47.7779],[-3.1793,47.7749],[-3.1826,47.7735]]}},{"type":"Feature","properties":{"name":"Rivière du Pont-Roc\u0027h"},"geometry":{"type":"LineString","coordinates":[[-3.1731,47.7800],[-3.1732,47.7798]]}},{"type":"Feature","properties":{"name":"Rivière du Pont-Roc\u0027h"},"geometry":{"type":"LineString","coordinates":[[-3.1526,47.8184],[-3.1531,47.8161],[-3.1577,47.8152],[-3.1617,47.8131],[-3.1645,47.8080],[-3.1616,47.8061],[-3.1621,47.8034],[-3.1652,47.8026],[-3.1716,47.8032],[-3.1739,47.8020],[-3.1737,47.8007],[-3.1720,47.7997],[-3.1717,47.7977],[-3.1730,47.7967],[-3.1743,47.7926],[-3.1758,47.7922],[-3.1781,47.7895],[-3.1759,47.7874],[-3.1739,47.7878],[-3.1728,47.7870],[-3.1778,47.7843],[-3.1773,47.7832],[-3.1770,47.7838],[-3.1742,47.7819],[-3.1731,47.7800]]}},{"type":"Feature","properties":{"name":"La Laïta"},"geometry":{"type":"LineString","coordinates":[[-3.5229,47.8101],[-3.5260,47.8063],[-3.5244,47.8050]]}},{"type":"Feature","properties":{"name":"La Laïta"},"geometry":{"type":"LineString","coordinates":[[-3.5332,47.8195],[-3.5373,47.8169],[-3.5362,47.8140],[-3.5352,47.8130],[-3.5310,47.8130],[-3.5282,47.8113],[-3.5234,47.8105],[-3.5222,47.8087],[-3.5244,47.8050],[-3.5201,47.8042],[-3.5216,47.8016],[-3.5192,47.7994],[-3.5218,47.7977],[-3.5274,47.7962],[-3.5276,47.7946],[-3.5256,47.7939],[-3.5255,47.7916],[-3.5292,47.7893],[-3.5261,47.7874],[-3.5259,47.7850],[-3.5307,47.7828],[-3.5321,47.7810],[-3.5330,47.7733],[-3.5303,47.7705],[-3.5317,47.7670]]}},{"type":"Feature","properties":{"name":"La Laïta"},"geometry":{"type":"LineString","coordinates":[[-3.5452,47.8708],[-3.5444,47.8687],[-3.5411,47.8654],[-3.5419,47.8612],[-3.5404,47.8581],[-3.5422,47.8563],[-3.5288,47.8548],[-3.5262,47.8534],[-3.5231,47.8495]]}},{"type":"Feature","properties":{"name":"La Laïta"},"geometry":{"type":"LineString","coordinates":[[-3.5231,47.8495],[-3.5243,47.8477],[-3.5287,47.8456],[-3.5266,47.8429],[-3.5313,47.8430],[-3.5363,47.8377],[-3.5399,47.8361],[-3.5411,47.8284],[-3.5392,47.8258],[-3.5399,47.8227]]}},{"type":"Feature","properties":{"name":"La Laïta"},"geometry":{"type":"LineString","coordinates":[[-3.5399,47.8227],[-3.5335,47.8209],[-3.5332,47.8195]]}},{"type":"Feature","properties":{"name":"Le Loc\u0027h"},"geometry":{"type":"LineString","coordinates":[[-2.9834,47.7042],[-2.9831,47.7029],[-2.9887,47.6980]]}},{"type":"Feature","properties":{"name":"Le Loc\u0027h"},"geometry":{"type":"LineString","coordinates":[[-2.9882,47.7294],[-2.9879,47.7258],[-2.9859,47.7234],[-2.9868,47.7222],[-2.9901,47.7224],[-2.9899,47.7198],[-2.9916,47.7185],[-2.9888,47.7104],[-2.9835,47.7091],[-2.9842,47.7069],[-2.9835,47.7042]]}},{"type":"Feature","properties":{"name":"Le Loc\u0027h"},"geometry":{"type":"LineString","coordinates":[[-2.9797,47.7344],[-2.9849,47.7347],[-2.9894,47.7323],[-2.9871,47.7299],[-2.9882,47.7294]]}},{"type":"Feature","properties":{"name":"Le Loc\u0027h"},"geometry":{"type":"LineString","coordinates":[[-2.9745,47.7362],[-2.9797,47.7344]]}},{"type":"Feature","properties":{"name":"Le Loc\u0027h"},"geometry":{"type":"LineString","coordinates":[[-2.9688,47.7376],[-2.9716,47.7363],[-2.9745,47.7362]]}},{"type":"Feature","properties":{"name":"Le Loc\u0027h"},"geometry":{"type":"LineString","coordinates":[[-2.9547,47.7644],[-2.9531,47.7611],[-2.9503,47.7588],[-2.9508,47.7561],[-2.9463,47.7547],[-2.9474,47.7526],[-2.9550,47.7501],[-2.9551,47.7469],[-2.9562,47.7456]]}},{"type":"Feature","properties":{"name":"Le Loc\u0027h"},"geometry":{"type":"LineString","coordinates":[[-2.9586,47.7437],[-2.9640,47.7389],[-2.9688,47.7376]]}},{"type":"Feature","properties":{"name":"Le Loc\u0027h"},"geometry":{"type":"LineString","coordinates":[[-2.9562,47.7456],[-2.9576,47.7441]]}},{"type":"Feature","properties":{"name":"Le Loc\u0027h"},"geometry":{"type":"LineString","coordinates":[[-2.9328,47.7977],[-2.9348,47.7957],[-2.9393,47.7969],[-2.9404,47.7992],[-2.9430,47.7991],[-2.9477,47.7972],[-2.9504,47.7973],[-2.9557,47.7930],[-2.9540,47.7914],[-2.9516,47.7910],[-2.9484,47.7854],[-2.9519,47.7822],[-2.9478,47.7799],[-2.9481,47.7781],[-2.9501,47.7767],[-2.9474,47.7736],[-2.9474,47.7716],[-2.9498,47.7693],[-2.9487,47.7670]]}},{"type":"Feature","properties":{"name":"Le Loc\u0027h"},"geometry":{"type":"LineString","coordinates":[[-2.9487,47.7670],[-2.9504,47.7656],[-2.9547,47.7644]]}},{"type":"Feature","properties":{"name":"Le Loc\u0027h"},"geometry":{"type":"LineString","coordinates":[[-2.8083,47.7750],[-2.8123,47.7760],[-2.8153,47.7744],[-2.8195,47.7748],[-2.8237,47.7767],[-2.8297,47.7749],[-2.8368,47.7760],[-2.8410,47.7732],[-2.8489,47.7753],[-2.8584,47.7761],[-2.8616,47.7789],[-2.8674,47.7794],[-2.8682,47.7805],[-2.8677,47.7826],[-2.8692,47.7841],[-2.8738,47.7838],[-2.8762,47.7819],[-2.8836,47.7834],[-2.8874,47.7825],[-2.8885,47.7831],[-2.8895,47.7864],[-2.8924,47.7864]]}},{"type":"Feature","properties":{"name":"Le Loc\u0027h"},"geometry":{"type":"LineString","coordinates":[[-2.8924,47.7864],[-2.8961,47.7867],[-2.8994,47.7896],[-2.9047,47.7903],[-2.9119,47.7952],[-2.9147,47.7954],[-2.9175,47.7936]]}},{"type":"Feature","properties":{"name":"Le Loc\u0027h"},"geometry":{"type":"LineString","coordinates":[[-2.9562,47.7456],[-2.9586,47.7437]]}},{"type":"Feature","properties":{"name":"Le Loc\u0027h"},"geometry":{"type":"LineString","coordinates":[[-2.9175,47.7936],[-2.9210,47.7935],[-2.9286,47.7993],[-2.9328,47.7977]]}},{"type":"Feature","properties":{"name":"Le Loc\u0027h"},"geometry":{"type":"LineString","coordinates":[[-2.7989,47.7777],[-2.8083,47.7750]]}},{"type":"Feature","properties":{"name":"Le Loc\u0027h"},"geometry":{"type":"LineString","coordinates":[[-2.9887,47.6980],[-2.9885,47.6969]]}},{"type":"Feature","properties":{"name":"Le Loc\u0027h"},"geometry":{"type":"LineString","coordinates":[[-2.9576,47.7441],[-2.9586,47.7437]]}},{"type":"Feature","properties":{"name":"Goah Guillem"},"geometry":{"type":"LineString","coordinates":[[-3.1900,47.7459],[-3.1917,47.7455],[-3.1920,47.7443],[-3.1887,47.7402],[-3.1890,47.7368],[-3.1817,47.7366],[-3.1796,47.7376],[-3.1768,47.7365],[-3.1726,47.7304],[-3.1682,47.7285],[-3.1670,47.7272],[-3.1674,47.7248],[-3.1697,47.7220],[-3.1656,47.7208]]}},{"type":"Feature","properties":{"name":"L\u0027Isole"},"geometry":{"type":"LineString","coordinates":[[-3.5572,47.9140],[-3.5573,47.9113],[-3.5523,47.9094],[-3.5523,47.9052],[-3.5475,47.9032],[-3.5474,47.8900]]}},{"type":"Feature","properties":{"name":"L\u0027Isole"},"geometry":{"type":"LineString","coordinates":[[-3.6862,48.0234],[-3.6852,48.0215],[-3.6865,48.0195],[-3.6862,48.0168],[-3.6877,48.0137],[-3.6837,48.0100],[-3.6830,48.0051],[-3.6795,48.0018]]}},{"type":"Feature","properties":{"name":"L\u0027Isole"},"geometry":{"type":"LineString","coordinates":[[-3.6200,47.9270],[-3.6140,47.9310],[-3.6086,47.9323],[-3.6061,47.9315],[-3.6033,47.9284],[-3.5967,47.9273]]}},{"type":"Feature","properties":{"name":"L\u0027Isole"},"geometry":{"type":"LineString","coordinates":[[-3.5967,47.9273],[-3.5860,47.9253],[-3.5823,47.9255],[-3.5776,47.9207],[-3.5724,47.9199],[-3.5682,47.9208],[-3.5674,47.9186],[-3.5572,47.9140]]}},{"type":"Feature","properties":{"name":"L\u0027Isole"},"geometry":{"type":"LineString","coordinates":[[-3.6704,47.9878],[-3.6680,47.9864],[-3.6710,47.9805],[-3.6686,47.9782],[-3.6659,47.9792],[-3.6628,47.9790],[-3.6655,47.9806],[-3.6657,47.9826],[-3.6609,47.9824],[-3.6587,47.9844],[-3.6517,47.9826],[-3.6481,47.9840],[-3.6452,47.9814]]}},{"type":"Feature","properties":{"name":"L\u0027Isole"},"geometry":{"type":"LineString","coordinates":[[-3.6452,47.9814],[-3.6397,47.9749],[-3.6360,47.9726],[-3.6376,47.9704],[-3.6366,47.9637],[-3.6379,47.9623],[-3.6433,47.9600],[-3.6460,47.9608],[-3.6473,47.9631],[-3.6500,47.9628],[-3.6480,47.9586],[-3.6493,47.9556],[-3.6552,47.9558],[-3.6562,47.9538],[-3.6583,47.9525],[-3.6581,47.9507],[-3.6524,47.9483],[-3.6537,47.9448],[-3.6510,47.9419],[-3.6447,47.9429],[-3.6429,47.9375],[-3.6408,47.9360],[-3.6385,47.9367],[-3.6379,47.9397],[-3.6347,47.9393],[-3.6318,47.9358],[-3.6231,47.9292],[-3.6234,47.9264],[-3.6220,47.9258],[-3.6200,47.9270]]}},{"type":"Feature","properties":{"name":"L\u0027Isole"},"geometry":{"type":"LineString","coordinates":[[-3.5393,47.8799],[-3.5454,47.8778],[-3.5470,47.8738],[-3.5452,47.8708]]}},{"type":"Feature","properties":{"name":"L\u0027Isole"},"geometry":{"type":"LineString","coordinates":[[-3.5429,47.8853],[-3.5429,47.8833],[-3.5383,47.8836],[-3.5381,47.8815],[-3.5393,47.8799]]}},{"type":"Feature","properties":{"name":"L\u0027Isole"},"geometry":{"type":"LineString","coordinates":[[-3.6961,48.0361],[-3.6938,48.0355],[-3.6903,48.0319],[-3.6876,48.0277],[-3.6882,48.0254],[-3.6862,48.0234]]}},{"type":"Feature","properties":{"name":"L\u0027Isole"},"geometry":{"type":"LineString","coordinates":[[-3.7255,48.0751],[-3.7233,48.0690],[-3.7240,48.0665],[-3.7230,48.0598],[-3.7196,48.0561],[-3.7185,48.0532],[-3.7129,48.0499],[-3.7071,48.0495],[-3.7067,48.0484],[-3.7039,48.0473],[-3.7019,48.0438],[-3.6997,48.0422],[-3.6995,48.0391],[-3.6961,48.0361]]}},{"type":"Feature","properties":{"name":"L\u0027Isole"},"geometry":{"type":"LineString","coordinates":[[-3.5434,47.8875],[-3.5429,47.8853]]}},{"type":"Feature","properties":{"name":"L\u0027Isole"},"geometry":{"type":"LineString","coordinates":[[-3.5474,47.8900],[-3.5434,47.8875]]}},{"type":"Feature","properties":{"name":"L\u0027Isole"},"geometry":{"type":"LineString","coordinates":[[-3.6691,47.9844],[-3.6689,47.9842]]}},{"type":"Feature","properties":{"name":"L\u0027Isole"},"geometry":{"type":"LineString","coordinates":[[-3.6681,47.9855],[-3.6701,47.9817]]}},{"type":"Feature","properties":{"name":"L\u0027Isole"},"geometry":{"type":"LineString","coordinates":[[-3.6705,47.9812],[-3.6711,47.9802]]}},{"type":"Feature","properties":{"name":"L\u0027Isole"},"geometry":{"type":"LineString","coordinates":[[-3.6526,47.9828],[-3.6511,47.9828]]}},{"type":"Feature","properties":{"name":"L\u0027Isole"},"geometry":{"type":"LineString","coordinates":[[-3.6794,48.0016],[-3.6790,48.0002]]}},{"type":"Feature","properties":{"name":"L\u0027Isole"},"geometry":{"type":"LineString","coordinates":[[-3.6795,48.0018],[-3.6794,48.0016]]}},{"type":"Feature","properties":{"name":"L\u0027Isole"},"geometry":{"type":"LineString","coordinates":[[-3.6788,47.9998],[-3.6769,47.9977],[-3.6767,47.9943],[-3.6717,47.9916],[-3.6720,47.9894],[-3.6704,47.9878]]}},{"type":"Feature","properties":{"name":"L\u0027Isole"},"geometry":{"type":"LineString","coordinates":[[-3.6790,48.0002],[-3.6788,47.9998]]}},{"type":"Feature","properties":{"name":"Le Saint-Éloi"},"geometry":{"type":"LineString","coordinates":[[-2.4910,47.5360],[-2.4950,47.5346],[-2.4981,47.5371],[-2.4991,47.5361],[-2.4988,47.5349],[-2.4966,47.5351],[-2.4986,47.5319],[-2.4963,47.5309],[-2.4962,47.5280],[-2.4943,47.5260]]}},{"type":"Feature","properties":{"name":"Le Saint-Éloi"},"geometry":{"type":"LineString","coordinates":[[-2.4874,47.5518],[-2.4875,47.5516]]}},{"type":"Feature","properties":{"name":"Le Saint-Éloi"},"geometry":{"type":"LineString","coordinates":[[-2.4875,47.5516],[-2.4885,47.5509],[-2.4872,47.5494],[-2.4888,47.5484],[-2.4879,47.5467],[-2.4892,47.5464],[-2.4883,47.5451],[-2.4895,47.5448],[-2.4921,47.5463],[-2.4917,47.5452],[-2.4934,47.5446],[-2.4932,47.5431],[-2.4945,47.5420],[-2.4899,47.5395],[-2.4911,47.5384],[-2.4922,47.5393],[-2.4932,47.5387],[-2.4926,47.5382],[-2.4933,47.5377],[-2.4917,47.5378],[-2.4910,47.5360]]}},{"type":"Feature","properties":{"name":"Le Saint-Éloi"},"geometry":{"type":"LineString","coordinates":[[-2.4943,47.5260],[-2.4960,47.5250],[-2.4963,47.5232],[-2.4982,47.5223],[-2.5000,47.5197],[-2.5000,47.5180],[-2.5054,47.5202],[-2.5081,47.5198],[-2.5094,47.5147]]}},{"type":"Feature","properties":{"name":"Le Saint-Éloi"},"geometry":{"type":"LineString","coordinates":[[-2.5001,47.5812],[-2.4983,47.5791],[-2.5002,47.5752],[-2.4963,47.5737],[-2.4943,47.5715],[-2.4945,47.5694],[-2.4995,47.5677],[-2.4953,47.5630],[-2.4921,47.5648],[-2.4912,47.5641],[-2.4931,47.5620],[-2.4935,47.5596],[-2.4922,47.5582],[-2.4897,47.5580],[-2.4880,47.5553],[-2.4874,47.5518]]}},{"type":"Feature","properties":{"name":"La Chèze"},"geometry":{"type":"LineString","coordinates":[[-2.0140,48.0093],[-2.0118,48.0097],[-2.0094,48.0120],[-1.9984,48.0143],[-1.9965,48.0161],[-1.9934,48.0154],[-1.9909,48.0164],[-1.9888,48.0161],[-1.9823,48.0181]]}},{"type":"Feature","properties":{"name":"Le Brivet"},"geometry":{"type":"LineString","coordinates":[[-2.1962,47.3079],[-2.1891,47.3079],[-2.1822,47.3062],[-2.1834,47.3041],[-2.1815,47.3011],[-2.1819,47.2986]]}},{"type":"Feature","properties":{"name":"Le Brivet"},"geometry":{"type":"LineString","coordinates":[[-2.1117,47.3876],[-2.1177,47.3867],[-2.1234,47.3873],[-2.1268,47.3851],[-2.1319,47.3839],[-2.1349,47.3804],[-2.1652,47.3622],[-2.1729,47.3631],[-2.1851,47.3623],[-2.1863,47.3619],[-2.1867,47.3596]]}},{"type":"Feature","properties":{"name":"Le Brivet"},"geometry":{"type":"LineString","coordinates":[[-2.0964,47.4234],[-2.0956,47.4213],[-2.0976,47.4182],[-2.0977,47.4111],[-2.0989,47.4084],[-2.0982,47.4034],[-2.1015,47.4032],[-2.1043,47.4017],[-2.1052,47.3985],[-2.1047,47.3965],[-2.1074,47.3946],[-2.1042,47.3923],[-2.1048,47.3912],[-2.1042,47.3895],[-2.1057,47.3882],[-2.1117,47.3876]]}},{"type":"Feature","properties":{"name":"Le Brivet"},"geometry":{"type":"LineString","coordinates":[[-2.1895,47.3308],[-2.1902,47.3282],[-2.1896,47.3269],[-2.1928,47.3251],[-2.1935,47.3231],[-2.1971,47.3224]]}},{"type":"Feature","properties":{"name":"Le Brivet"},"geometry":{"type":"LineString","coordinates":[[-2.1971,47.3224],[-2.1989,47.3174],[-2.1949,47.3146],[-2.1953,47.3100],[-2.1968,47.3089],[-2.1962,47.3079]]}},{"type":"Feature","properties":{"name":"Le Brivet"},"geometry":{"type":"LineString","coordinates":[[-2.0818,47.4398],[-2.0837,47.4392],[-2.0899,47.4399],[-2.0915,47.4389],[-2.0914,47.4371],[-2.0879,47.4365],[-2.0873,47.4355],[-2.0873,47.4294],[-2.0892,47.4272],[-2.0938,47.4264],[-2.0966,47.4244],[-2.0964,47.4234]]}},{"type":"Feature","properties":{"name":"Le Brivet"},"geometry":{"type":"LineString","coordinates":[[-2.0326,47.4686],[-2.0315,47.4673],[-2.0263,47.4654],[-2.0247,47.4629],[-2.0266,47.4612],[-2.0351,47.4601]]}},{"type":"Feature","properties":{"name":"Le Brivet"},"geometry":{"type":"LineString","coordinates":[[-2.1867,47.3596],[-2.1878,47.3567],[-2.1875,47.3545],[-2.1863,47.3534],[-2.1872,47.3518],[-2.1870,47.3472],[-2.1907,47.3418],[-2.1895,47.3400],[-2.1903,47.3368],[-2.1895,47.3308]]}},{"type":"Feature","properties":{"name":"Le Brivet"},"geometry":{"type":"LineString","coordinates":[[-2.0351,47.4601],[-2.0358,47.4588],[-2.0351,47.4556],[-2.0387,47.4531],[-2.0459,47.4534],[-2.0488,47.4520],[-2.0592,47.4505],[-2.0651,47.4466],[-2.0709,47.4397],[-2.0786,47.4413],[-2.0818,47.4398]]}},{"type":"Feature","properties":{"name":"Le Brivet"},"geometry":{"type":"LineString","coordinates":[[-2.1819,47.2986],[-2.1786,47.2966],[-2.1741,47.2881]]}},{"type":"Feature","properties":{"name":"Ster Goz"},"geometry":{"type":"LineString","coordinates":[[-3.7560,47.9996],[-3.7554,47.9966],[-3.7532,47.9953],[-3.7528,47.9938],[-3.7535,47.9857],[-3.7523,47.9843],[-3.7504,47.9839],[-3.7498,47.9813],[-3.7534,47.9799],[-3.7502,47.9751],[-3.7518,47.9728],[-3.7513,47.9695],[-3.7521,47.9686],[-3.7576,47.9690],[-3.7632,47.9664],[-3.7639,47.9641],[-3.7624,47.9620],[-3.7633,47.9593],[-3.7597,47.9566],[-3.7599,47.9539],[-3.7569,47.9498],[-3.7528,47.9478],[-3.7446,47.9469],[-3.7348,47.9434],[-3.7310,47.9396],[-3.7324,47.9373],[-3.7282,47.9364],[-3.7283,47.9328],[-3.7255,47.9283],[-3.7260,47.9246],[-3.7280,47.9230],[-3.7261,47.9192],[-3.7279,47.9171],[-3.7277,47.9146],[-3.7289,47.9139],[-3.7316,47.9143],[-3.7306,47.9089],[-3.7314,47.9074],[-3.7327,47.9070],[-3.7356,47.9083],[-3.7402,47.9069],[-3.7418,47.9091],[-3.7513,47.9081],[-3.7536,47.9067],[-3.7539,47.9052],[-3.7519,47.9025],[-3.7551,47.9022],[-3.7566,47.9010]]}},{"type":"Feature","properties":{"name":"Ster Goz"},"geometry":{"type":"LineString","coordinates":[[-3.7272,47.9304],[-3.7267,47.9298]]}},{"type":"Feature","properties":{"name":"Ster Goz"},"geometry":{"type":"LineString","coordinates":[[-3.7503,47.9757],[-3.7498,47.9751]]}},{"type":"Feature","properties":{"name":"Ster Goz"},"geometry":{"type":"LineString","coordinates":[[-3.7498,47.9751],[-3.7502,47.9752]]}},{"type":"Feature","properties":{"name":"L\u0027Ével"},"geometry":{"type":"LineString","coordinates":[[-2.9008,47.9497],[-2.8998,47.9485],[-2.9013,47.9462],[-2.9081,47.9440],[-2.9087,47.9418],[-2.9132,47.9388],[-2.9193,47.9368],[-2.9253,47.9363],[-2.9273,47.9349],[-2.9287,47.9304],[-2.9234,47.9278],[-2.9225,47.9258],[-2.9231,47.9246],[-2.9272,47.9236],[-2.9304,47.9248],[-2.9337,47.9301],[-2.9362,47.9308],[-2.9441,47.9261],[-2.9461,47.9228]]}},{"type":"Feature","properties":{"name":"L\u0027Ével"},"geometry":{"type":"LineString","coordinates":[[-2.9747,47.8754],[-2.9717,47.8715],[-2.9777,47.8677],[-2.9818,47.8688],[-2.9844,47.8717],[-2.9886,47.8705]]}},{"type":"Feature","properties":{"name":"L\u0027Ével"},"geometry":{"type":"LineString","coordinates":[[-2.9461,47.9228],[-2.9520,47.9193],[-2.9694,47.9231],[-2.9719,47.9228],[-2.9681,47.9161],[-2.9702,47.9087],[-2.9677,47.9068],[-2.9682,47.9031],[-2.9713,47.9008],[-2.9771,47.9012],[-2.9783,47.9001],[-2.9809,47.9000],[-2.9811,47.8989],[-2.9805,47.8966],[-2.9789,47.8957],[-2.9728,47.8943],[-2.9691,47.8953],[-2.9665,47.8941]]}},{"type":"Feature","properties":{"name":"L\u0027Ével"},"geometry":{"type":"LineString","coordinates":[[-3.0395,47.8666],[-3.0483,47.8668],[-3.0531,47.8683],[-3.0560,47.8704]]}},{"type":"Feature","properties":{"name":"L\u0027Ével"},"geometry":{"type":"LineString","coordinates":[[-3.0576,47.8711],[-3.0605,47.8719]]}},{"type":"Feature","properties":{"name":"L\u0027Ével"},"geometry":{"type":"LineString","coordinates":[[-3.0605,47.8719],[-3.0664,47.8711],[-3.0694,47.8716],[-3.0775,47.8758],[-3.0821,47.8760],[-3.0864,47.8749],[-3.0910,47.8763],[-3.0980,47.8765],[-3.1028,47.8780],[-3.1088,47.8826],[-3.1117,47.8828]]}},{"type":"Feature","properties":{"name":"L\u0027Ével"},"geometry":{"type":"LineString","coordinates":[[-3.0560,47.8704],[-3.0576,47.8711]]}},{"type":"Feature","properties":{"name":"L\u0027Ével"},"geometry":{"type":"LineString","coordinates":[[-3.0354,47.8662],[-3.0395,47.8666]]}},{"type":"Feature","properties":{"name":"L\u0027Ével"},"geometry":{"type":"LineString","coordinates":[[-3.0350,47.8666],[-3.0354,47.8662]]}},{"type":"Feature","properties":{"name":"L\u0027Ével"},"geometry":{"type":"LineString","coordinates":[[-2.9886,47.8705],[-2.9860,47.8680],[-2.9868,47.8649],[-2.9892,47.8614],[-2.9986,47.8627],[-3.0023,47.8623],[-3.0048,47.8629],[-3.0076,47.8653],[-3.0121,47.8661],[-3.0198,47.8650],[-3.0352,47.8667]]}},{"type":"Feature","properties":{"name":"L\u0027Ével"},"geometry":{"type":"LineString","coordinates":[[-2.9750,47.8767],[-2.9742,47.8763],[-2.9747,47.8754]]}},{"type":"Feature","properties":{"name":"L\u0027Ével"},"geometry":{"type":"LineString","coordinates":[[-2.9662,47.8939],[-2.9639,47.8926],[-2.9663,47.8896],[-2.9689,47.8893],[-2.9737,47.8911],[-2.9746,47.8901],[-2.9662,47.8847],[-2.9649,47.8804],[-2.9698,47.8799],[-2.9738,47.8782],[-2.9750,47.8767]]}},{"type":"Feature","properties":{"name":"L\u0027Ével"},"geometry":{"type":"LineString","coordinates":[[-2.9665,47.8941],[-2.9662,47.8939]]}},{"type":"Feature","properties":{"name":"L\u0027Ével"},"geometry":{"type":"LineString","coordinates":[[-2.8674,47.9545],[-2.8721,47.9554],[-2.8752,47.9540],[-2.8797,47.9545],[-2.8841,47.9532],[-2.8862,47.9537],[-2.8883,47.9522],[-2.8976,47.9525],[-2.9000,47.9514],[-2.9008,47.9497]]}},{"type":"Feature","properties":{"name":"L\u0027Aven"},"geometry":{"type":"LineString","coordinates":[[-3.7268,47.8701],[-3.7274,47.8636],[-3.7350,47.8640],[-3.7361,47.8630],[-3.7360,47.8603],[-3.7408,47.8606],[-3.7443,47.8596],[-3.7456,47.8583],[-3.7454,47.8572],[-3.7483,47.8553],[-3.7476,47.8532]]}},{"type":"Feature","properties":{"name":"L\u0027Aven"},"geometry":{"type":"LineString","coordinates":[[-3.7476,47.8532],[-3.7469,47.8514],[-3.7486,47.8481],[-3.7521,47.8462],[-3.7494,47.8448],[-3.7478,47.8414],[-3.7536,47.8320],[-3.7448,47.8270],[-3.7444,47.8226],[-3.7452,47.8207],[-3.7443,47.8146],[-3.7348,47.8015]]}},{"type":"Feature","properties":{"name":"L\u0027Aven"},"geometry":{"type":"LineString","coordinates":[[-3.7722,47.9015],[-3.7702,47.9029],[-3.7669,47.9013],[-3.7591,47.9019],[-3.7566,47.9010],[-3.7526,47.8976]]}},{"type":"Feature","properties":{"name":"L\u0027Aven"},"geometry":{"type":"LineString","coordinates":[[-3.7483,47.8553],[-3.7480,47.8547]]}},{"type":"Feature","properties":{"name":"L\u0027Aven"},"geometry":{"type":"LineString","coordinates":[[-3.7479,47.8559],[-3.7480,47.8556]]}},{"type":"Feature","properties":{"name":"L\u0027Aven"},"geometry":{"type":"LineString","coordinates":[[-3.7478,47.8559],[-3.7479,47.8559]]}},{"type":"Feature","properties":{"name":"L\u0027Aven"},"geometry":{"type":"LineString","coordinates":[[-3.7465,47.8564],[-3.7478,47.8559]]}},{"type":"Feature","properties":{"name":"L\u0027Aven"},"geometry":{"type":"LineString","coordinates":[[-3.7266,47.8704],[-3.7268,47.8701]]}},{"type":"Feature","properties":{"name":"L\u0027Aven"},"geometry":{"type":"LineString","coordinates":[[-3.7526,47.8976],[-3.7466,47.8926],[-3.7350,47.8870],[-3.7338,47.8842],[-3.7296,47.8797],[-3.7298,47.8775],[-3.7269,47.8749],[-3.7252,47.8713],[-3.7266,47.8704]]}},{"type":"Feature","properties":{"name":"L\u0027Aven"},"geometry":{"type":"LineString","coordinates":[[-3.7260,47.8707],[-3.7273,47.8681]]}},{"type":"Feature","properties":{"name":"Ruisseau de Trévelo"},"geometry":{"type":"LineString","coordinates":[[-2.3050,47.6062],[-2.3026,47.6024],[-2.2986,47.6004]]}},{"type":"Feature","properties":{"name":"Ruisseau de Trévelo"},"geometry":{"type":"LineString","coordinates":[[-2.3393,47.6346],[-2.3396,47.6330],[-2.3454,47.6265],[-2.3424,47.6236],[-2.3340,47.6203],[-2.3311,47.6206],[-2.3300,47.6171],[-2.3277,47.6154],[-2.3202,47.6149],[-2.3191,47.6139],[-2.3137,47.6134],[-2.3096,47.6096],[-2.3059,47.6084],[-2.3063,47.6071],[-2.3050,47.6062]]}},{"type":"Feature","properties":{"name":"Le Gouyanzeur"},"geometry":{"type":"LineString","coordinates":[[-3.0734,47.6288],[-3.0735,47.6274],[-3.0720,47.6265],[-3.0727,47.6240],[-3.0704,47.6225],[-3.0703,47.6215],[-3.0645,47.6186],[-3.0626,47.6188],[-3.0618,47.6211],[-3.0554,47.6222],[-3.0541,47.6237],[-3.0515,47.6228],[-3.0498,47.6232],[-3.0495,47.6256],[-3.0462,47.6279],[-3.0467,47.6300]]}},{"type":"Feature","properties":{"name":"Le Gouyanzeur"},"geometry":{"type":"LineString","coordinates":[[-3.0467,47.6300],[-3.0467,47.6300]]}},{"type":"Feature","properties":{"name":"Le Gouyanzeur"},"geometry":{"type":"LineString","coordinates":[[-3.0734,47.6289],[-3.0734,47.6288]]}},{"type":"Feature","properties":{"name":"Le Gouyanzeur"},"geometry":{"type":"LineString","coordinates":[[-3.0672,47.6488],[-3.0694,47.6453],[-3.0675,47.6410],[-3.0676,47.6388],[-3.0735,47.6318],[-3.0734,47.6289]]}},{"type":"Feature","properties":{"name":"Canal de Nantes à Brest"},"geometry":{"type":"LineString","coordinates":[[-2.3523,47.8078],[-2.3519,47.8077]]}},{"type":"Feature","properties":{"name":"Canal de Nantes à Brest"},"geometry":{"type":"LineString","coordinates":[[-2.3183,47.7859],[-2.3173,47.7845]]}},{"type":"Feature","properties":{"name":"Canal de Nantes à Brest"},"geometry":{"type":"LineString","coordinates":[[-2.5356,47.9357],[-2.5349,47.9351]]}},{"type":"Feature","properties":{"name":"Canal de Nantes à Brest"},"geometry":{"type":"LineString","coordinates":[[-3.2806,48.2055],[-3.2794,48.2043]]}},{"type":"Feature","properties":{"name":"Canal de Nantes à Brest"},"geometry":{"type":"LineString","coordinates":[[-3.3649,48.2314],[-3.3629,48.2303]]}},{"type":"Feature","properties":{"name":"Canal de Nantes à Brest"},"geometry":{"type":"LineString","coordinates":[[-2.5576,47.9517],[-2.5562,47.9516]]}},{"type":"Feature","properties":{"name":"Canal de Nantes à Brest"},"geometry":{"type":"LineString","coordinates":[[-2.3519,47.8077],[-2.3493,47.8072]]}},{"type":"Feature","properties":{"name":"Canal de Nantes à Brest"},"geometry":{"type":"LineString","coordinates":[[-2.5754,47.9531],[-2.5735,47.9528]]}},{"type":"Feature","properties":{"name":"Canal de Nantes à Brest"},"geometry":{"type":"LineString","coordinates":[[-2.7743,48.0870],[-2.7733,48.0866]]}},{"type":"Feature","properties":{"name":"Canal de Nantes à Brest"},"geometry":{"type":"LineString","coordinates":[[-2.4267,47.8766],[-2.4283,47.8747]]}},{"type":"Feature","properties":{"name":"Canal de Nantes à Brest"},"geometry":{"type":"LineString","coordinates":[[-2.4235,47.8801],[-2.4243,47.8783]]}},{"type":"Feature","properties":{"name":"Canal de Nantes à Brest"},"geometry":{"type":"LineString","coordinates":[[-2.2957,47.7507],[-2.2906,47.7478]]}},{"type":"Feature","properties":{"name":"Canal de Nantes à Brest"},"geometry":{"type":"LineString","coordinates":[[-3.3626,48.2301],[-3.3601,48.2275]]}},{"type":"Feature","properties":{"name":"Canal de Nantes à Brest"},"geometry":{"type":"LineString","coordinates":[[-3.3603,48.2273],[-3.3612,48.2249],[-3.3572,48.2232]]}},{"type":"Feature","properties":{"name":"Canal de Nantes à Brest"},"geometry":{"type":"LineString","coordinates":[[-2.5580,47.9518],[-2.5576,47.9517]]}},{"type":"Feature","properties":{"name":"Canal de Nantes à Brest"},"geometry":{"type":"LineString","coordinates":[[-2.5757,47.9531],[-2.5754,47.9531]]}},{"type":"Feature","properties":{"name":"Canal de Nantes à Brest"},"geometry":{"type":"LineString","coordinates":[[-2.5789,47.9538],[-2.5757,47.9531]]}},{"type":"Feature","properties":{"name":"Canal de Nantes à Brest"},"geometry":{"type":"LineString","coordinates":[[-2.5603,47.9522],[-2.5580,47.9518]]}},{"type":"Feature","properties":{"name":"Canal de Nantes à Brest"},"geometry":{"type":"LineString","coordinates":[[-2.4711,47.9044],[-2.4703,47.9031]]}},{"type":"Feature","properties":{"name":"Canal de Nantes à Brest"},"geometry":{"type":"LineString","coordinates":[[-2.4727,47.9051],[-2.4713,47.9046]]}},{"type":"Feature","properties":{"name":"Canal de Nantes à Brest"},"geometry":{"type":"LineString","coordinates":[[-2.5936,47.9600],[-2.5932,47.9600]]}},{"type":"Feature","properties":{"name":"Canal de Nantes à Brest"},"geometry":{"type":"LineString","coordinates":[[-2.5932,47.9600],[-2.5912,47.9598]]}},{"type":"Feature","properties":{"name":"Canal de Nantes à Brest"},"geometry":{"type":"LineString","coordinates":[[-2.5965,47.9603],[-2.5936,47.9600]]}},{"type":"Feature","properties":{"name":"Canal de Nantes à Brest"},"geometry":{"type":"LineString","coordinates":[[-2.7769,48.0949],[-2.7771,48.0941]]}},{"type":"Feature","properties":{"name":"Canal de Nantes à Brest"},"geometry":{"type":"LineString","coordinates":[[-2.7403,48.0627],[-2.7399,48.0627]]}},{"type":"Feature","properties":{"name":"Canal de Nantes à Brest"},"geometry":{"type":"LineString","coordinates":[[-2.7399,48.0627],[-2.7385,48.0624]]}},{"type":"Feature","properties":{"name":"Canal de Nantes à Brest"},"geometry":{"type":"LineString","coordinates":[[-2.7421,48.0631],[-2.7403,48.0627]]}},{"type":"Feature","properties":{"name":"Canal de Nantes à Brest"},"geometry":{"type":"LineString","coordinates":[[-3.3343,48.2146],[-3.3281,48.2108],[-3.3174,48.2104]]}},{"type":"Feature","properties":{"name":"Canal de Nantes à Brest"},"geometry":{"type":"LineString","coordinates":[[-3.3050,48.2050],[-3.2954,48.2044],[-3.2923,48.2026]]}},{"type":"Feature","properties":{"name":"Canal de Nantes à Brest"},"geometry":{"type":"LineString","coordinates":[[-3.3171,48.2103],[-3.3054,48.2050]]}},{"type":"Feature","properties":{"name":"Canal de Nantes à Brest"},"geometry":{"type":"LineString","coordinates":[[-3.1784,48.2245],[-3.1734,48.2250]]}},{"type":"Feature","properties":{"name":"Canal de Nantes à Brest"},"geometry":{"type":"LineString","coordinates":[[-3.2920,48.2024],[-3.2897,48.2012],[-3.2867,48.2012],[-3.2842,48.2051],[-3.2806,48.2055]]}},{"type":"Feature","properties":{"name":"Canal de Nantes à Brest"},"geometry":{"type":"LineString","coordinates":[[-3.1099,48.2070],[-3.1097,48.2072]]}},{"type":"Feature","properties":{"name":"Canal de Nantes à Brest"},"geometry":{"type":"LineString","coordinates":[[-3.1097,48.2072],[-3.1092,48.2079]]}},{"type":"Feature","properties":{"name":"Canal de Nantes à Brest"},"geometry":{"type":"LineString","coordinates":[[-3.1099,48.2063],[-3.1099,48.2070]]}},{"type":"Feature","properties":{"name":"Canal de Nantes à Brest"},"geometry":{"type":"LineString","coordinates":[[-3.7417,48.2040],[-3.7419,48.2042]]}},{"type":"Feature","properties":{"name":"Canal de Nantes à Brest"},"geometry":{"type":"LineString","coordinates":[[-3.7591,48.2000],[-3.7593,48.1998]]}},{"type":"Feature","properties":{"name":"Canal de Nantes à Brest"},"geometry":{"type":"LineString","coordinates":[[-3.2147,48.2097],[-3.2093,48.2155],[-3.2058,48.2177]]}},{"type":"Feature","properties":{"name":"Canal de Nantes à Brest"},"geometry":{"type":"LineString","coordinates":[[-3.1991,48.2206],[-3.1881,48.2263],[-3.1788,48.2245]]}},{"type":"Feature","properties":{"name":"Canal de Nantes à Brest"},"geometry":{"type":"LineString","coordinates":[[-2.3552,47.8084],[-2.3523,47.8078]]}},{"type":"Feature","properties":{"name":"Canal de Nantes à Brest"},"geometry":{"type":"LineString","coordinates":[[-3.0158,48.1953],[-3.0161,48.1952]]}},{"type":"Feature","properties":{"name":"Canal de Nantes à Brest"},"geometry":{"type":"LineString","coordinates":[[-3.0257,48.1961],[-3.0254,48.1962]]}},{"type":"Feature","properties":{"name":"Canal de Nantes à Brest"},"geometry":{"type":"LineString","coordinates":[[-3.0338,48.2008],[-3.0337,48.2006]]}},{"type":"Feature","properties":{"name":"Canal de Nantes à Brest"},"geometry":{"type":"LineString","coordinates":[[-3.0563,48.2070],[-3.0560,48.2070]]}},{"type":"Feature","properties":{"name":"Canal de Nantes à Brest"},"geometry":{"type":"LineString","coordinates":[[-3.0604,48.2056],[-3.0600,48.2056]]}},{"type":"Feature","properties":{"name":"Canal de Nantes à Brest"},"geometry":{"type":"LineString","coordinates":[[-3.0666,48.2053],[-3.0663,48.2053]]}},{"type":"Feature","properties":{"name":"Canal de Nantes à Brest"},"geometry":{"type":"LineString","coordinates":[[-3.0841,48.2099],[-3.0838,48.2100]]}},{"type":"Feature","properties":{"name":"Canal de Nantes à Brest"},"geometry":{"type":"LineString","coordinates":[[-3.0858,48.2076],[-3.0857,48.2079]]}},{"type":"Feature","properties":{"name":"Canal de Nantes à Brest"},"geometry":{"type":"LineString","coordinates":[[-3.0849,48.2052],[-3.0850,48.2054]]}},{"type":"Feature","properties":{"name":"Canal de Nantes à Brest"},"geometry":{"type":"LineString","coordinates":[[-3.0869,48.2036],[-3.0865,48.2036]]}},{"type":"Feature","properties":{"name":"Canal de Nantes à Brest"},"geometry":{"type":"LineString","coordinates":[[-3.0905,48.2027],[-3.0901,48.2028]]}},{"type":"Feature","properties":{"name":"Canal de Nantes à Brest"},"geometry":{"type":"LineString","coordinates":[[-3.0951,48.2051],[-3.0949,48.2050]]}},{"type":"Feature","properties":{"name":"Canal de Nantes à Brest"},"geometry":{"type":"LineString","coordinates":[[-3.0999,48.2065],[-3.0996,48.2065]]}},{"type":"Feature","properties":{"name":"Canal de Nantes à Brest"},"geometry":{"type":"LineString","coordinates":[[-3.0203,48.1922],[-3.0203,48.1921]]}},{"type":"Feature","properties":{"name":"Canal de Nantes à Brest"},"geometry":{"type":"LineString","coordinates":[[-3.0478,48.2025],[-3.0474,48.2025]]}},{"type":"Feature","properties":{"name":"Canal de Nantes à Brest"},"geometry":{"type":"LineString","coordinates":[[-3.0230,48.1964],[-3.0225,48.1965]]}},{"type":"Feature","properties":{"name":"Rivière d\u0027Étel"},"geometry":{"type":"LineString","coordinates":[[-3.1618,47.7040],[-3.1637,47.7021],[-3.1697,47.6997],[-3.1764,47.6947],[-3.1873,47.6907],[-3.1896,47.6887],[-3.1937,47.6817],[-3.1975,47.6794],[-3.2010,47.6790],[-3.2002,47.6757],[-3.2010,47.6737],[-3.2053,47.6711],[-3.2109,47.6697],[-3.2113,47.6680],[-3.2099,47.6648],[-3.2099,47.6605],[-3.2080,47.6511],[-3.2128,47.6426],[-3.2130,47.6390]]}},{"type":"Feature","properties":{"name":"Rivière d\u0027Étel"},"geometry":{"type":"LineString","coordinates":[[-3.1656,47.7208],[-3.1647,47.7184],[-3.1673,47.7117],[-3.1670,47.7095],[-3.1657,47.7073],[-3.1618,47.7040]]}},{"type":"Feature","properties":{"name":"L\u0027Odet"},"geometry":{"type":"LineString","coordinates":[[-3.7469,48.1302],[-3.7513,48.1279],[-3.7576,48.1276],[-3.7637,48.1247]]}},{"type":"Feature","properties":{"name":"L\u0027Odet"},"geometry":{"type":"LineString","coordinates":[[-3.7469,48.1302],[-3.7469,48.1302]]}},{"type":"Feature","properties":{"name":"L\u0027Odet"},"geometry":{"type":"LineString","coordinates":[[-3.7469,48.1303],[-3.7469,48.1302]]}},{"type":"Feature","properties":{"name":"L\u0027Odet"},"geometry":{"type":"LineString","coordinates":[[-3.7637,48.1247],[-3.7661,48.1234],[-3.7750,48.1219]]}},{"type":"Feature","properties":{"name":"L\u0027Arz"},"geometry":{"type":"LineString","coordinates":[[-2.1801,47.6931],[-2.1757,47.6897],[-2.1704,47.6893],[-2.1598,47.6850],[-2.1537,47.6845],[-2.1510,47.6831],[-2.1487,47.6804]]}},{"type":"Feature","properties":{"name":"L\u0027Arz"},"geometry":{"type":"LineString","coordinates":[[-2.1463,47.6771],[-2.1423,47.6715],[-2.1311,47.6658]]}},{"type":"Feature","properties":{"name":"L\u0027Arz"},"geometry":{"type":"LineString","coordinates":[[-2.2428,47.6978],[-2.2366,47.6993],[-2.2340,47.6988],[-2.2291,47.7007],[-2.2247,47.7006],[-2.2199,47.7023],[-2.2183,47.7005],[-2.2187,47.6977],[-2.2210,47.6967],[-2.2211,47.6951],[-2.2201,47.6947],[-2.2156,47.6940],[-2.2146,47.6953],[-2.2119,47.6959],[-2.2101,47.6951],[-2.2073,47.6961],[-2.2040,47.6958],[-2.2015,47.6978],[-2.1984,47.6971]]}},{"type":"Feature","properties":{"name":"L\u0027Arz"},"geometry":{"type":"LineString","coordinates":[[-2.2598,47.7092],[-2.2592,47.7099],[-2.2567,47.7093],[-2.2538,47.7075],[-2.2541,47.7064],[-2.2529,47.7048],[-2.2470,47.7034],[-2.2442,47.6983],[-2.2428,47.6978]]}},{"type":"Feature","properties":{"name":"L\u0027Arz"},"geometry":{"type":"LineString","coordinates":[[-2.1481,47.6778],[-2.1463,47.6771]]}},{"type":"Feature","properties":{"name":"L\u0027Arz"},"geometry":{"type":"LineString","coordinates":[[-2.2790,47.7046],[-2.2694,47.7060],[-2.2650,47.7045],[-2.2598,47.7092]]}},{"type":"Feature","properties":{"name":"L\u0027Arz"},"geometry":{"type":"LineString","coordinates":[[-2.6131,47.7575],[-2.6129,47.7567],[-2.6090,47.7557]]}},{"type":"Feature","properties":{"name":"L\u0027Arz"},"geometry":{"type":"LineString","coordinates":[[-2.1487,47.6804],[-2.1489,47.6785],[-2.1481,47.6778]]}},{"type":"Feature","properties":{"name":"L\u0027Arz"},"geometry":{"type":"LineString","coordinates":[[-2.3277,47.7157],[-2.3264,47.7130],[-2.3268,47.7100],[-2.3181,47.7057],[-2.3083,47.7088],[-2.3023,47.7074],[-2.3015,47.7086],[-2.2980,47.7090],[-2.2952,47.7086],[-2.2950,47.7073],[-2.2934,47.7080],[-2.2890,47.7071],[-2.2867,47.7045],[-2.2806,47.7047]]}},{"type":"Feature","properties":{"name":"L\u0027Arz"},"geometry":{"type":"LineString","coordinates":[[-2.1940,47.6949],[-2.1920,47.6935],[-2.1884,47.6929],[-2.1831,47.6938],[-2.1801,47.6931]]}},{"type":"Feature","properties":{"name":"L\u0027Arz"},"geometry":{"type":"LineString","coordinates":[[-2.1984,47.6971],[-2.1940,47.6949]]}},{"type":"Feature","properties":{"name":"L\u0027Arz"},"geometry":{"type":"LineString","coordinates":[[-2.3338,47.7104],[-2.3331,47.7108],[-2.3336,47.7131],[-2.3312,47.7156],[-2.3277,47.7157]]}},{"type":"Feature","properties":{"name":"L\u0027Arz"},"geometry":{"type":"LineString","coordinates":[[-2.2806,47.7047],[-2.2790,47.7046]]}},{"type":"Feature","properties":{"name":"L\u0027Arz"},"geometry":{"type":"LineString","coordinates":[[-2.1311,47.6658],[-2.1217,47.6614],[-2.1156,47.6571],[-2.1112,47.6558]]}},{"type":"Feature","properties":{"name":"L\u0027Arz"},"geometry":{"type":"LineString","coordinates":[[-2.3601,47.7084],[-2.3553,47.7096],[-2.3539,47.7089],[-2.3483,47.7122],[-2.3461,47.7122],[-2.3457,47.7132],[-2.3405,47.7143],[-2.3398,47.7136],[-2.3406,47.7126],[-2.3393,47.7125],[-2.3394,47.7114],[-2.3338,47.7104]]}},{"type":"Feature","properties":{"name":"L\u0027Arz"},"geometry":{"type":"LineString","coordinates":[[-2.5341,47.7373],[-2.5296,47.7369],[-2.5282,47.7350],[-2.5264,47.7347],[-2.5256,47.7323],[-2.5210,47.7331],[-2.5202,47.7341],[-2.5180,47.7340],[-2.5158,47.7326],[-2.5162,47.7302],[-2.5130,47.7293],[-2.5068,47.7305],[-2.5057,47.7325],[-2.5037,47.7337],[-2.5014,47.7331],[-2.5014,47.7302],[-2.4999,47.7298],[-2.4885,47.7317],[-2.4851,47.7308],[-2.4847,47.7297],[-2.4800,47.7295],[-2.4753,47.7275],[-2.4737,47.7265],[-2.4742,47.7260],[-2.4728,47.7258],[-2.4734,47.7254],[-2.4725,47.7236]]}},{"type":"Feature","properties":{"name":"L\u0027Arz"},"geometry":{"type":"LineString","coordinates":[[-2.4039,47.7133],[-2.4024,47.7116]]}},{"type":"Feature","properties":{"name":"L\u0027Arz"},"geometry":{"type":"LineString","coordinates":[[-2.4094,47.7168],[-2.4056,47.7151]]}},{"type":"Feature","properties":{"name":"L\u0027Arz"},"geometry":{"type":"LineString","coordinates":[[-2.4725,47.7236],[-2.4711,47.7222],[-2.4672,47.7218],[-2.4653,47.7236],[-2.4666,47.7244],[-2.4656,47.7249],[-2.4659,47.7255],[-2.4603,47.7291],[-2.4581,47.7273],[-2.4583,47.7265],[-2.4564,47.7260],[-2.4551,47.7233],[-2.4535,47.7228],[-2.4532,47.7208],[-2.4544,47.7201],[-2.4523,47.7195],[-2.4519,47.7182],[-2.4501,47.7174],[-2.4503,47.7156],[-2.4486,47.7149],[-2.4451,47.7152],[-2.4435,47.7167],[-2.4440,47.7176],[-2.4416,47.7182],[-2.4410,47.7204],[-2.4390,47.7210],[-2.4351,47.7199],[-2.4330,47.7172],[-2.4305,47.7165],[-2.4260,47.7171],[-2.4232,47.7155]]}},{"type":"Feature","properties":{"name":"L\u0027Arz"},"geometry":{"type":"LineString","coordinates":[[-2.5494,47.7428],[-2.5479,47.7424],[-2.5487,47.7410],[-2.5477,47.7398],[-2.5421,47.7371],[-2.5341,47.7373]]}},{"type":"Feature","properties":{"name":"L\u0027Arz"},"geometry":{"type":"LineString","coordinates":[[-2.4056,47.7151],[-2.4039,47.7133]]}},{"type":"Feature","properties":{"name":"L\u0027Arz"},"geometry":{"type":"LineString","coordinates":[[-2.4024,47.7116],[-2.3973,47.7104],[-2.3946,47.7111],[-2.3934,47.7159],[-2.3921,47.7165],[-2.3898,47.7159],[-2.3894,47.7098],[-2.3859,47.7082],[-2.3801,47.7095],[-2.3749,47.7119],[-2.3685,47.7123],[-2.3669,47.7118],[-2.3663,47.7098],[-2.3640,47.7085],[-2.3601,47.7084]]}},{"type":"Feature","properties":{"name":"L\u0027Arz"},"geometry":{"type":"LineString","coordinates":[[-2.6608,47.7632],[-2.6607,47.7621],[-2.6577,47.7624],[-2.6544,47.7603],[-2.6542,47.7591],[-2.6498,47.7572],[-2.6449,47.7599],[-2.6414,47.7591]]}},{"type":"Feature","properties":{"name":"L\u0027Arz"},"geometry":{"type":"LineString","coordinates":[[-2.6090,47.7557],[-2.6057,47.7534],[-2.6028,47.7531],[-2.5999,47.7542],[-2.5955,47.7515],[-2.5909,47.7512],[-2.5907,47.7505],[-2.5831,47.7510],[-2.5794,47.7489],[-2.5699,47.7465]]}},{"type":"Feature","properties":{"name":"L\u0027Arz"},"geometry":{"type":"LineString","coordinates":[[-2.6414,47.7591],[-2.6323,47.7544],[-2.6294,47.7553],[-2.6251,47.7548],[-2.6215,47.7568],[-2.6179,47.7563],[-2.6131,47.7575]]}},{"type":"Feature","properties":{"name":"L\u0027Arz"},"geometry":{"type":"LineString","coordinates":[[-2.5694,47.7463],[-2.5660,47.7442],[-2.5605,47.7436],[-2.5587,47.7414],[-2.5564,47.7406],[-2.5523,47.7408],[-2.5494,47.7428]]}},{"type":"Feature","properties":{"name":"L\u0027Arz"},"geometry":{"type":"LineString","coordinates":[[-2.4222,47.7156],[-2.4198,47.7169],[-2.4183,47.7195],[-2.4167,47.7199],[-2.4094,47.7168]]}},{"type":"Feature","properties":{"name":"L\u0027Arz"},"geometry":{"type":"LineString","coordinates":[[-2.4232,47.7155],[-2.4222,47.7156]]}},{"type":"Feature","properties":{"name":"L\u0027Arz"},"geometry":{"type":"LineString","coordinates":[[-2.3902,47.7152],[-2.3896,47.7144]]}},{"type":"Feature","properties":{"name":"Le Dourdu"},"geometry":{"type":"LineString","coordinates":[[-3.6977,47.8548],[-3.6997,47.8535],[-3.7012,47.8482]]}},{"type":"Feature","properties":{"name":"Le Dourdu"},"geometry":{"type":"LineString","coordinates":[[-3.7012,47.8480],[-3.7021,47.8437],[-3.7042,47.8419],[-3.7051,47.8396],[-3.7045,47.8375],[-3.7031,47.8372],[-3.7029,47.8362]]}},{"type":"Feature","properties":{"name":"Le Dourdu"},"geometry":{"type":"LineString","coordinates":[[-3.7012,47.8482],[-3.7012,47.8480]]}},{"type":"Feature","properties":{"name":"Le Dourdu"},"geometry":{"type":"LineString","coordinates":[[-3.7029,47.8362],[-3.7027,47.8361]]}},{"type":"Feature","properties":{"name":"Le Dourdu"},"geometry":{"type":"LineString","coordinates":[[-3.7027,47.8361],[-3.7004,47.8344],[-3.7011,47.8326],[-3.6985,47.8318]]}},{"type":"Feature","properties":{"name":"Étier de la Barre"},"geometry":{"type":"LineString","coordinates":[[-2.4342,47.4112],[-2.4336,47.4158],[-2.4398,47.4187],[-2.4431,47.4190],[-2.4435,47.4173],[-2.4447,47.4168],[-2.4485,47.4182],[-2.4564,47.4176],[-2.4599,47.4187],[-2.4635,47.4227],[-2.4672,47.4232]]}},{"type":"Feature","properties":{"name":"L\u0027Isac"},"geometry":{"type":"LineString","coordinates":[[-2.0052,47.5577],[-2.0097,47.5588],[-2.0157,47.5622],[-2.0199,47.5625],[-2.0324,47.5690],[-2.0442,47.5704],[-2.0512,47.5724],[-2.0721,47.5741],[-2.0768,47.5760],[-2.0800,47.5750],[-2.0794,47.5789],[-2.0935,47.5758],[-2.0951,47.5735],[-2.0983,47.5719],[-2.0991,47.5730],[-2.0984,47.5755],[-2.1031,47.5781]]}},{"type":"Feature","properties":{"name":"L\u0027Oust"},"geometry":{"type":"LineString","coordinates":[[-2.7833,48.1114],[-2.7827,48.1087],[-2.7810,48.1090],[-2.7764,48.1047],[-2.7789,48.1018],[-2.7790,48.0990],[-2.7762,48.0987],[-2.7737,48.0972],[-2.7736,48.0958],[-2.7771,48.0941]]}},{"type":"Feature","properties":{"name":"L\u0027Oust"},"geometry":{"type":"LineString","coordinates":[[-2.1223,47.6826],[-2.1154,47.6813],[-2.1040,47.6765]]}},{"type":"Feature","properties":{"name":"L\u0027Oust"},"geometry":{"type":"LineString","coordinates":[[-2.1292,47.7177],[-2.1266,47.7166],[-2.1239,47.7136]]}},{"type":"Feature","properties":{"name":"L\u0027Oust"},"geometry":{"type":"LineString","coordinates":[[-2.1668,47.7241],[-2.1654,47.7233],[-2.1607,47.7239]]}},{"type":"Feature","properties":{"name":"L\u0027Oust"},"geometry":{"type":"LineString","coordinates":[[-2.1715,47.7271],[-2.1668,47.7241]]}},{"type":"Feature","properties":{"name":"L\u0027Oust"},"geometry":{"type":"LineString","coordinates":[[-2.1099,47.6574],[-2.1143,47.6495],[-2.1118,47.6459]]}},{"type":"Feature","properties":{"name":"L\u0027Oust"},"geometry":{"type":"LineString","coordinates":[[-2.7344,48.0521],[-2.7353,48.0505],[-2.7330,48.0481],[-2.7258,48.0447],[-2.7223,48.0451],[-2.7223,48.0432],[-2.7183,48.0406]]}},{"type":"Feature","properties":{"name":"L\u0027Oust"},"geometry":{"type":"LineString","coordinates":[[-2.6336,47.9822],[-2.6335,47.9803]]}},{"type":"Feature","properties":{"name":"L\u0027Oust"},"geometry":{"type":"LineString","coordinates":[[-2.6584,48.0080],[-2.6590,48.0059]]}},{"type":"Feature","properties":{"name":"L\u0027Oust"},"geometry":{"type":"LineString","coordinates":[[-2.5789,47.9538],[-2.5755,47.9524]]}},{"type":"Feature","properties":{"name":"L\u0027Oust"},"geometry":{"type":"LineString","coordinates":[[-2.3919,47.8198],[-2.3879,47.8207],[-2.3861,47.8189],[-2.3834,47.8202],[-2.3796,47.8183]]}},{"type":"Feature","properties":{"name":"L\u0027Oust"},"geometry":{"type":"LineString","coordinates":[[-2.3930,47.8323],[-2.3940,47.8302],[-2.3922,47.8260],[-2.3959,47.8254],[-2.3967,47.8239],[-2.3957,47.8227],[-2.3928,47.8221],[-2.3919,47.8198]]}},{"type":"Feature","properties":{"name":"L\u0027Oust"},"geometry":{"type":"LineString","coordinates":[[-2.8260,48.1681],[-2.8185,48.1663],[-2.8183,48.1647],[-2.8225,48.1621],[-2.8167,48.1600],[-2.8171,48.1578],[-2.8163,48.1573],[-2.8174,48.1569],[-2.8163,48.1556],[-2.8084,48.1527],[-2.8102,48.1467]]}},{"type":"Feature","properties":{"name":"L\u0027Oust"},"geometry":{"type":"LineString","coordinates":[[-2.7840,48.1222],[-2.7818,48.1209],[-2.7811,48.1180],[-2.7833,48.1114]]}},{"type":"Feature","properties":{"name":"L\u0027Oust"},"geometry":{"type":"LineString","coordinates":[[-2.8102,48.1467],[-2.8038,48.1450],[-2.8057,48.1430],[-2.8054,48.1400],[-2.8007,48.1371],[-2.7997,48.1376],[-2.7955,48.1355],[-2.7942,48.1343],[-2.7941,48.1322],[-2.7919,48.1324],[-2.7896,48.1313],[-2.7886,48.1294],[-2.7886,48.1244],[-2.7873,48.1230],[-2.7840,48.1222]]}},{"type":"Feature","properties":{"name":"L\u0027Oust"},"geometry":{"type":"LineString","coordinates":[[-2.8588,48.2219],[-2.8574,48.2190],[-2.8584,48.2178],[-2.8565,48.2151],[-2.8530,48.2130],[-2.8498,48.2133],[-2.8479,48.2116],[-2.8462,48.2115],[-2.8471,48.2087],[-2.8502,48.2059],[-2.8491,48.2045],[-2.8452,48.2028],[-2.8451,48.1970],[-2.8462,48.1951],[-2.8445,48.1933],[-2.8450,48.1922],[-2.8429,48.1902],[-2.8425,48.1879],[-2.8402,48.1883]]}},{"type":"Feature","properties":{"name":"L\u0027Oust"},"geometry":{"type":"LineString","coordinates":[[-2.8348,48.1863],[-2.8344,48.1843],[-2.8366,48.1835],[-2.8376,48.1817],[-2.8368,48.1798],[-2.8327,48.1780],[-2.8324,48.1750],[-2.8296,48.1746],[-2.8270,48.1756],[-2.8229,48.1744],[-2.8230,48.1713],[-2.8262,48.1695],[-2.8260,48.1681]]}},{"type":"Feature","properties":{"name":"L\u0027Oust"},"geometry":{"type":"LineString","coordinates":[[-2.8595,48.2274],[-2.8586,48.2267],[-2.8615,48.2251],[-2.8615,48.2231],[-2.8588,48.2219]]}},{"type":"Feature","properties":{"name":"L\u0027Oust"},"geometry":{"type":"LineString","coordinates":[[-2.8643,48.2595],[-2.8621,48.2563],[-2.8646,48.2547],[-2.8642,48.2528],[-2.8650,48.2515],[-2.8637,48.2506],[-2.8602,48.2506],[-2.8628,48.2451],[-2.8623,48.2434],[-2.8639,48.2416],[-2.8602,48.2388],[-2.8600,48.2378],[-2.8624,48.2363],[-2.8588,48.2340],[-2.8606,48.2315],[-2.8595,48.2289],[-2.8584,48.2288],[-2.8595,48.2274]]}},{"type":"Feature","properties":{"name":"L\u0027Oust"},"geometry":{"type":"LineString","coordinates":[[-2.4106,47.8311],[-2.4079,47.8300],[-2.4035,47.8316],[-2.3998,47.8339],[-2.3994,47.8362]]}},{"type":"Feature","properties":{"name":"L\u0027Oust"},"geometry":{"type":"LineString","coordinates":[[-2.4460,47.8556],[-2.4460,47.8526]]}},{"type":"Feature","properties":{"name":"L\u0027Oust"},"geometry":{"type":"LineString","coordinates":[[-2.1854,47.7231],[-2.1833,47.7237]]}},{"type":"Feature","properties":{"name":"L\u0027Oust"},"geometry":{"type":"LineString","coordinates":[[-2.3808,47.8106],[-2.3809,47.8100]]}},{"type":"Feature","properties":{"name":"L\u0027Oust"},"geometry":{"type":"LineString","coordinates":[[-2.3210,47.7900],[-2.3177,47.7883],[-2.3173,47.7845]]}},{"type":"Feature","properties":{"name":"L\u0027Oust"},"geometry":{"type":"LineString","coordinates":[[-2.2978,47.7513],[-2.2950,47.7516],[-2.2906,47.7478]]}},{"type":"Feature","properties":{"name":"L\u0027Oust"},"geometry":{"type":"LineString","coordinates":[[-2.5755,47.9524],[-2.5735,47.9528]]}},{"type":"Feature","properties":{"name":"L\u0027Oust"},"geometry":{"type":"LineString","coordinates":[[-2.6191,47.9580],[-2.6188,47.9583]]}},{"type":"Feature","properties":{"name":"L\u0027Oust"},"geometry":{"type":"LineString","coordinates":[[-2.5603,47.9522],[-2.5586,47.9508],[-2.5562,47.9516]]}},{"type":"Feature","properties":{"name":"L\u0027Oust"},"geometry":{"type":"LineString","coordinates":[[-2.5386,47.9384],[-2.5390,47.9372],[-2.5381,47.9361],[-2.5349,47.9351]]}},{"type":"Feature","properties":{"name":"L\u0027Oust"},"geometry":{"type":"LineString","coordinates":[[-2.6994,48.0231],[-2.6981,48.0222],[-2.6983,48.0207],[-2.6961,48.0196],[-2.6907,48.0197],[-2.6870,48.0219]]}},{"type":"Feature","properties":{"name":"L\u0027Oust"},"geometry":{"type":"LineString","coordinates":[[-2.6746,48.0129],[-2.6753,48.0112],[-2.6732,48.0105]]}},{"type":"Feature","properties":{"name":"L\u0027Oust"},"geometry":{"type":"LineString","coordinates":[[-2.6421,47.9842],[-2.6378,47.9846]]}},{"type":"Feature","properties":{"name":"L\u0027Oust"},"geometry":{"type":"LineString","coordinates":[[-2.7067,48.0260],[-2.7042,48.0267],[-2.7031,48.0261]]}},{"type":"Feature","properties":{"name":"L\u0027Oust"},"geometry":{"type":"LineString","coordinates":[[-2.6378,47.9846],[-2.6308,47.9828],[-2.6245,47.9793],[-2.6226,47.9762],[-2.6240,47.9754],[-2.6235,47.9726]]}},{"type":"Feature","properties":{"name":"L\u0027Oust"},"geometry":{"type":"LineString","coordinates":[[-2.6598,48.0092],[-2.6584,48.0080]]}},{"type":"Feature","properties":{"name":"L\u0027Oust"},"geometry":{"type":"LineString","coordinates":[[-2.6516,48.0018],[-2.6512,47.9996],[-2.6533,47.9975]]}},{"type":"Feature","properties":{"name":"L\u0027Oust"},"geometry":{"type":"LineString","coordinates":[[-2.7674,48.0862],[-2.7632,48.0838],[-2.7638,48.0816]]}},{"type":"Feature","properties":{"name":"L\u0027Oust"},"geometry":{"type":"LineString","coordinates":[[-2.1040,47.6765],[-2.1029,47.6663],[-2.1059,47.6612],[-2.1099,47.6574]]}},{"type":"Feature","properties":{"name":"L\u0027Oust"},"geometry":{"type":"LineString","coordinates":[[-2.1031,47.6349],[-2.0966,47.6314]]}},{"type":"Feature","properties":{"name":"L\u0027Oust"},"geometry":{"type":"LineString","coordinates":[[-2.2142,47.7290],[-2.2118,47.7305],[-2.1907,47.7260],[-2.1820,47.7291],[-2.1754,47.7276]]}},{"type":"Feature","properties":{"name":"L\u0027Oust"},"geometry":{"type":"LineString","coordinates":[[-2.7031,48.0261],[-2.6994,48.0231]]}},{"type":"Feature","properties":{"name":"L\u0027Oust"},"geometry":{"type":"LineString","coordinates":[[-2.6792,48.0189],[-2.6782,48.0180]]}},{"type":"Feature","properties":{"name":"L\u0027Oust"},"geometry":{"type":"LineString","coordinates":[[-2.6141,47.9578],[-2.6110,47.9578]]}},{"type":"Feature","properties":{"name":"L\u0027Oust"},"geometry":{"type":"LineString","coordinates":[[-2.2579,47.7405],[-2.2552,47.7382]]}},{"type":"Feature","properties":{"name":"L\u0027Oust"},"geometry":{"type":"LineString","coordinates":[[-2.5210,47.9308],[-2.5159,47.9305]]}},{"type":"Feature","properties":{"name":"L\u0027Oust"},"geometry":{"type":"LineString","coordinates":[[-2.5965,47.9603],[-2.5912,47.9598]]}},{"type":"Feature","properties":{"name":"L\u0027Oust"},"geometry":{"type":"LineString","coordinates":[[-2.4984,47.9229],[-2.4949,47.9236]]}},{"type":"Feature","properties":{"name":"L\u0027Oust"},"geometry":{"type":"LineString","coordinates":[[-2.5452,47.9502],[-2.5450,47.9500]]}},{"type":"Feature","properties":{"name":"L\u0027Oust"},"geometry":{"type":"LineString","coordinates":[[-2.5450,47.9500],[-2.5442,47.9492]]}},{"type":"Feature","properties":{"name":"L\u0027Oust"},"geometry":{"type":"LineString","coordinates":[[-2.4528,47.8883],[-2.4501,47.8866]]}},{"type":"Feature","properties":{"name":"L\u0027Oust"},"geometry":{"type":"LineString","coordinates":[[-2.7421,48.0631],[-2.7385,48.0624]]}},{"type":"Feature","properties":{"name":"L\u0027Oust"},"geometry":{"type":"LineString","coordinates":[[-2.7500,48.0674],[-2.7491,48.0664]]}},{"type":"Feature","properties":{"name":"L\u0027Oust"},"geometry":{"type":"LineString","coordinates":[[-2.1225,47.6854],[-2.1223,47.6826]]}},{"type":"Feature","properties":{"name":"L\u0027Oust"},"geometry":{"type":"LineString","coordinates":[[-2.4727,47.9051],[-2.4703,47.9031]]}},{"type":"Feature","properties":{"name":"L\u0027Oust"},"geometry":{"type":"LineString","coordinates":[[-2.3552,47.8084],[-2.3493,47.8072]]}},{"type":"Feature","properties":{"name":"L\u0027Oust"},"geometry":{"type":"LineString","coordinates":[[-2.1118,47.6459],[-2.1043,47.6381]]}},{"type":"Feature","properties":{"name":"L\u0027Oust"},"geometry":{"type":"LineString","coordinates":[[-2.1043,47.6381],[-2.1031,47.6349]]}},{"type":"Feature","properties":{"name":"L\u0027Oust"},"geometry":{"type":"LineString","coordinates":[[-2.1740,47.7259],[-2.1715,47.7271]]}},{"type":"Feature","properties":{"name":"L\u0027Oust"},"geometry":{"type":"LineString","coordinates":[[-2.1352,47.7188],[-2.1328,47.7176],[-2.1292,47.7177]]}},{"type":"Feature","properties":{"name":"L\u0027Oust"},"geometry":{"type":"LineString","coordinates":[[-2.1833,47.7237],[-2.1740,47.7259]]}},{"type":"Feature","properties":{"name":"L\u0027Oust"},"geometry":{"type":"LineString","coordinates":[[-2.1607,47.7239],[-2.1574,47.7249],[-2.1505,47.7250],[-2.1478,47.7236],[-2.1452,47.7207],[-2.1352,47.7188]]}},{"type":"Feature","properties":{"name":"L\u0027Oust"},"geometry":{"type":"LineString","coordinates":[[-2.1754,47.7276],[-2.1715,47.7271]]}},{"type":"Feature","properties":{"name":"L\u0027Oust"},"geometry":{"type":"LineString","coordinates":[[-2.5596,47.9515],[-2.5568,47.9513]]}},{"type":"Feature","properties":{"name":"L\u0027Oust"},"geometry":{"type":"LineString","coordinates":[[-2.7748,48.0878],[-2.7733,48.0866]]}},{"type":"Feature","properties":{"name":"L\u0027Oust"},"geometry":{"type":"LineString","coordinates":[[-2.7771,48.0895],[-2.7752,48.0891],[-2.7755,48.0885]]}},{"type":"Feature","properties":{"name":"L\u0027Oust"},"geometry":{"type":"LineString","coordinates":[[-2.6378,47.9846],[-2.6349,47.9836],[-2.6336,47.9822]]}},{"type":"Feature","properties":{"name":"L\u0027Oust"},"geometry":{"type":"LineString","coordinates":[[-2.5466,47.9510],[-2.5452,47.9502]]}},{"type":"Feature","properties":{"name":"L\u0027Oust"},"geometry":{"type":"LineString","coordinates":[[-2.5466,47.9510],[-2.5442,47.9492]]}},{"type":"Feature","properties":{"name":"L\u0027Oust"},"geometry":{"type":"LineString","coordinates":[[-2.6335,47.9803],[-2.6302,47.9789],[-2.6273,47.9809]]}},{"type":"Feature","properties":{"name":"L\u0027Oust"},"geometry":{"type":"LineString","coordinates":[[-2.7658,48.0848],[-2.7640,48.0842]]}},{"type":"Feature","properties":{"name":"L\u0027Oust"},"geometry":{"type":"LineString","coordinates":[[-2.5584,47.9513],[-2.5580,47.9508]]}},{"type":"Feature","properties":{"name":"L\u0027Oust"},"geometry":{"type":"LineString","coordinates":[[-2.7755,48.0885],[-2.7748,48.0878]]}},{"type":"Feature","properties":{"name":"L\u0027Oust"},"geometry":{"type":"LineString","coordinates":[[-2.4267,47.8766],[-2.4289,47.8770],[-2.4283,47.8747]]}},{"type":"Feature","properties":{"name":"L\u0027Oust"},"geometry":{"type":"LineString","coordinates":[[-2.3796,47.8183],[-2.3772,47.8166],[-2.3769,47.8152],[-2.3808,47.8106]]}},{"type":"Feature","properties":{"name":"L\u0027Oust"},"geometry":{"type":"LineString","coordinates":[[-2.3994,47.8362],[-2.3945,47.8355],[-2.3930,47.8323]]}},{"type":"Feature","properties":{"name":"L\u0027Oust"},"geometry":{"type":"LineString","coordinates":[[-2.6732,48.0105],[-2.6704,48.0093]]}},{"type":"Feature","properties":{"name":"L\u0027Oust"},"geometry":{"type":"LineString","coordinates":[[-2.4242,47.8813],[-2.4243,47.8783]]}},{"type":"Feature","properties":{"name":"L\u0027Oust"},"geometry":{"type":"LineString","coordinates":[[-2.6188,47.9583],[-2.6199,47.9597],[-2.6181,47.9597],[-2.6170,47.9576]]}},{"type":"Feature","properties":{"name":"L\u0027Oust"},"geometry":{"type":"LineString","coordinates":[[-2.7091,48.0339],[-2.7063,48.0309],[-2.7079,48.0281],[-2.7067,48.0260]]}},{"type":"Feature","properties":{"name":"L\u0027Oust"},"geometry":{"type":"LineString","coordinates":[[-2.7183,48.0406],[-2.7145,48.0402],[-2.7130,48.0384],[-2.7137,48.0362],[-2.7091,48.0339]]}},{"type":"Feature","properties":{"name":"L\u0027Oust"},"geometry":{"type":"LineString","coordinates":[[-2.8402,48.1883],[-2.8386,48.1889]]}},{"type":"Feature","properties":{"name":"L\u0027Oust"},"geometry":{"type":"LineString","coordinates":[[-2.8386,48.1889],[-2.8367,48.1888],[-2.8348,48.1863]]}}]}