{"type":"FeatureCollection","features":[{"type":"Feature","properties":{"name":"L\u0027Oise"},"geometry":{"type":"LineString","coordinates":[[3.3126,49.6322],[3.3077,49.6333],[3.3075,49.6315],[3.3058,49.6318],[3.3043,49.6305],[3.3047,49.6329],[3.3035,49.6333],[3.3023,49.6306],[3.2998,49.6322],[3.2961,49.6297],[3.2934,49.6313],[3.2910,49.6293],[3.2888,49.6298],[3.2896,49.6284],[3.2888,49.6279],[3.2877,49.6297],[3.2896,49.6315],[3.2878,49.6317],[3.2841,49.6300],[3.2835,49.6290],[3.2857,49.6288],[3.2841,49.6277],[3.2829,49.6283],[3.2841,49.6267],[3.2838,49.6254],[3.2811,49.6250],[3.2838,49.6237],[3.2812,49.6225],[3.2804,49.6198],[3.2782,49.6186],[3.2802,49.6161],[3.2824,49.6171],[3.2830,49.6164],[3.2800,49.6153],[3.2804,49.6133],[3.2759,49.6101],[3.2670,49.6102],[3.2669,49.6082],[3.2644,49.6080],[3.2641,49.6105],[3.2626,49.6107],[3.2614,49.6079],[3.2582,49.6079],[3.2548,49.6057],[3.2516,49.6068],[3.2482,49.6022],[3.2445,49.6012],[3.2400,49.6019],[3.2404,49.6042],[3.2394,49.6048],[3.2284,49.6054],[3.2247,49.6069],[3.2184,49.6040],[3.2181,49.6024],[3.2160,49.6019],[3.2145,49.5993],[3.2102,49.5979],[3.2072,49.5983],[3.2087,49.5962],[3.2113,49.5955],[3.2079,49.5940],[3.2075,49.5929],[3.2017,49.5930],[3.2013,49.5919],[3.2022,49.5911],[3.2009,49.5902],[3.1965,49.5920],[3.1912,49.5898],[3.1844,49.5892],[3.1850,49.5864],[3.1824,49.5870],[3.1808,49.5854],[3.1786,49.5856],[3.1793,49.5831],[3.1754,49.5843],[3.1732,49.5830],[3.1730,49.5818],[3.1702,49.5820],[3.1704,49.5812],[3.1723,49.5808],[3.1715,49.5801],[3.1679,49.5821],[3.1666,49.5797],[3.1630,49.5802],[3.1602,49.5771],[3.1508,49.5780],[3.1499,49.5774],[3.1503,49.5761],[3.1472,49.5765],[3.1478,49.5755],[3.1471,49.5746],[3.1390,49.5752],[3.1336,49.5744],[3.1289,49.5723],[3.1279,49.5734],[3.1239,49.5729],[3.1210,49.5707],[3.1150,49.5711],[3.1116,49.5700],[3.1078,49.5707],[3.1073,49.5717],[3.1040,49.5708],[3.1018,49.5716],[3.0952,49.5704],[3.0921,49.5688],[3.0904,49.5691],[3.0902,49.5701],[3.0870,49.5698],[3.0842,49.5710],[3.0829,49.5740],[3.0856,49.5746],[3.0851,49.5754],[3.0820,49.5761],[3.0777,49.5745],[3.0733,49.5765],[3.0706,49.5747],[3.0713,49.5731],[3.0708,49.5722],[3.0671,49.5723],[3.0686,49.5704],[3.0653,49.5706],[3.0645,49.5701],[3.0647,49.5687],[3.0608,49.5669],[3.0551,49.5687],[3.0515,49.5672],[3.0517,49.5651],[3.0498,49.5665],[3.0487,49.5662],[3.0486,49.5647],[3.0462,49.5660],[3.0442,49.5656],[3.0485,49.5620],[3.0471,49.5605],[3.0498,49.5605],[3.0498,49.5596],[3.0477,49.5581],[3.0448,49.5585],[3.0454,49.5561],[3.0411,49.5536],[3.0425,49.5523],[3.0382,49.5508],[3.0372,49.5487],[3.0335,49.5494],[3.0304,49.5485],[3.0295,49.5499],[3.0273,49.5496],[3.0257,49.5508],[3.0239,49.5490],[3.0244,49.5478],[3.0234,49.5479],[3.0185,49.5507],[3.0202,49.5514],[3.0201,49.5525],[3.0181,49.5527],[3.0177,49.5513],[3.0156,49.5522],[3.0169,49.5539],[3.0164,49.5553],[3.0123,49.5559],[3.0071,49.5597],[3.0029,49.5612],[3.0000,49.5614],[2.9980,49.5596],[2.9946,49.5604],[2.9898,49.5584],[2.9863,49.5602],[2.9772,49.5537],[2.9775,49.5498],[2.9807,49.5473],[2.9797,49.5458],[2.9812,49.5440],[2.9806,49.5420],[2.9761,49.5397],[2.9670,49.5407],[2.9661,49.5428],[2.9645,49.5419],[2.9645,49.5383],[2.9699,49.5352],[2.9703,49.5332],[2.9675,49.5316],[2.9660,49.5283],[2.9699,49.5271],[2.9679,49.5261],[2.9679,49.5251],[2.9719,49.5245],[2.9716,49.5195],[2.9724,49.5181],[2.9694,49.5174],[2.9692,49.5157],[2.9680,49.5149],[2.9625,49.5142],[2.9561,49.5148],[2.9538,49.5125],[2.9533,49.5073],[2.9588,49.5043],[2.9636,49.5053],[2.9634,49.5033],[2.9689,49.5016],[2.9692,49.5000],[2.9679,49.4989],[2.9695,49.4978],[2.9690,49.4970],[2.9645,49.4940],[2.9631,49.4918],[2.9545,49.4907],[2.9521,49.4912],[2.9494,49.4888],[2.9475,49.4903],[2.9454,49.4888],[2.9431,49.4898],[2.9425,49.4891],[2.9432,49.4880],[2.9419,49.4874],[2.9401,49.4878],[2.9395,49.4896],[2.9331,49.4937],[2.9292,49.4934],[2.9251,49.4949]]}},{"type":"Feature","properties":{"name":"La Sommette"},"geometry":{"type":"LineString","coordinates":[[3.0822,49.7469],[3.0819,49.7472]]}},{"type":"Feature","properties":{"name":"La Sommette"},"geometry":{"type":"LineString","coordinates":[[3.1548,49.7173],[3.1552,49.7194],[3.1596,49.7244]]}},{"type":"Feature","properties":{"name":"La Sommette"},"geometry":{"type":"LineString","coordinates":[[3.0819,49.7472],[3.0813,49.7484]]}},{"type":"Feature","properties":{"name":"La Sommette"},"geometry":{"type":"LineString","coordinates":[[3.1596,49.7244],[3.1597,49.7245]]}},{"type":"Feature","properties":{"name":"La Sommette"},"geometry":{"type":"LineString","coordinates":[[3.1597,49.7245],[3.1675,49.7295],[3.1677,49.7332],[3.1661,49.7380],[3.1589,49.7394],[3.1594,49.7402],[3.1581,49.7409],[3.1529,49.7412],[3.1519,49.7401],[3.1469,49.7386],[3.1439,49.7387],[3.1403,49.7370],[3.1370,49.7376],[3.1377,49.7386],[3.1360,49.7393],[3.1360,49.7402],[3.1033,49.7433],[3.0950,49.7490],[3.0822,49.7469]]}},{"type":"Feature","properties":{"name":"La Selle"},"geometry":{"type":"LineString","coordinates":[[2.1703,49.7093],[2.1710,49.7105],[2.1705,49.7135],[2.1624,49.7176],[2.1551,49.7239],[2.1556,49.7251],[2.1546,49.7268],[2.1555,49.7276],[2.1547,49.7282],[2.1553,49.7301],[2.1546,49.7325],[2.1558,49.7333],[2.1548,49.7356],[2.1564,49.7381],[2.1546,49.7439],[2.1586,49.7476],[2.1576,49.7494],[2.1537,49.7504],[2.1529,49.7521],[2.1539,49.7552],[2.1630,49.7654],[2.1656,49.7666],[2.1654,49.7686],[2.1675,49.7731]]}},{"type":"Feature","properties":{"name":"La Selle"},"geometry":{"type":"LineString","coordinates":[[2.1556,49.7235],[2.1583,49.7236],[2.1574,49.7254],[2.1564,49.7252]]}},{"type":"Feature","properties":{"name":"La Selle"},"geometry":{"type":"LineString","coordinates":[[2.1562,49.7236],[2.1564,49.7252]]}},{"type":"Feature","properties":{"name":"La Selle"},"geometry":{"type":"LineString","coordinates":[[2.1635,49.7657],[2.1654,49.7686]]}},{"type":"Feature","properties":{"name":"La Selle"},"geometry":{"type":"LineString","coordinates":[[2.1798,49.7812],[2.1812,49.7833],[2.1830,49.7835],[2.1830,49.7857],[2.1855,49.7894]]}},{"type":"Feature","properties":{"name":"La Selle"},"geometry":{"type":"LineString","coordinates":[[2.1675,49.7731],[2.1727,49.7788],[2.1793,49.7799],[2.1798,49.7812]]}},{"type":"Feature","properties":{"name":"La Selle"},"geometry":{"type":"LineString","coordinates":[[2.1675,49.7731],[2.1675,49.7731]]}},{"type":"Feature","properties":{"name":"La Selle"},"geometry":{"type":"LineString","coordinates":[[2.1660,49.7065],[2.1701,49.7092]]}},{"type":"Feature","properties":{"name":"La Selle"},"geometry":{"type":"LineString","coordinates":[[2.1701,49.7092],[2.1703,49.7093]]}},{"type":"Feature","properties":{"name":"Le Matz"},"geometry":{"type":"LineString","coordinates":[[2.8840,49.4883],[2.8931,49.4891],[2.8954,49.4876]]}},{"type":"Feature","properties":{"name":"Le Matz"},"geometry":{"type":"LineString","coordinates":[[2.8592,49.4969],[2.8606,49.4965]]}},{"type":"Feature","properties":{"name":"Le Matz"},"geometry":{"type":"LineString","coordinates":[[2.8618,49.4962],[2.8661,49.4962]]}},{"type":"Feature","properties":{"name":"Le Matz"},"geometry":{"type":"LineString","coordinates":[[2.8582,49.4971],[2.8592,49.4969]]}},{"type":"Feature","properties":{"name":"Le Matz"},"geometry":{"type":"LineString","coordinates":[[2.8608,49.4965],[2.8618,49.4962]]}},{"type":"Feature","properties":{"name":"Le Matz"},"geometry":{"type":"LineString","coordinates":[[2.7531,49.5682],[2.7547,49.5654],[2.7522,49.5633],[2.7512,49.5611]]}},{"type":"Feature","properties":{"name":"Le Matz"},"geometry":{"type":"LineString","coordinates":[[2.8116,49.5160],[2.8192,49.5137]]}},{"type":"Feature","properties":{"name":"Le Matz"},"geometry":{"type":"LineString","coordinates":[[2.8079,49.5168],[2.8081,49.5168]]}},{"type":"Feature","properties":{"name":"Le Matz"},"geometry":{"type":"LineString","coordinates":[[2.8192,49.5137],[2.8220,49.5129]]}},{"type":"Feature","properties":{"name":"Le Matz"},"geometry":{"type":"LineString","coordinates":[[2.8661,49.4962],[2.8699,49.4929],[2.8734,49.4921]]}},{"type":"Feature","properties":{"name":"Le Matz"},"geometry":{"type":"LineString","coordinates":[[2.8220,49.5129],[2.8235,49.5114],[2.8288,49.5101]]}},{"type":"Feature","properties":{"name":"Le Matz"},"geometry":{"type":"LineString","coordinates":[[2.8826,49.4893],[2.8840,49.4883]]}},{"type":"Feature","properties":{"name":"Le Matz"},"geometry":{"type":"LineString","coordinates":[[2.8553,49.4972],[2.8582,49.4971]]}},{"type":"Feature","properties":{"name":"Le Matz"},"geometry":{"type":"LineString","coordinates":[[2.8797,49.4903],[2.8797,49.4903]]}},{"type":"Feature","properties":{"name":"Le Matz"},"geometry":{"type":"LineString","coordinates":[[2.8424,49.5005],[2.8507,49.4993],[2.8553,49.4972]]}},{"type":"Feature","properties":{"name":"Le Matz"},"geometry":{"type":"LineString","coordinates":[[2.8372,49.5039],[2.8406,49.5018]]}},{"type":"Feature","properties":{"name":"Le Matz"},"geometry":{"type":"LineString","coordinates":[[2.8081,49.5168],[2.8116,49.5160]]}},{"type":"Feature","properties":{"name":"Le Matz"},"geometry":{"type":"LineString","coordinates":[[2.8288,49.5101],[2.8289,49.5100]]}},{"type":"Feature","properties":{"name":"Le Matz"},"geometry":{"type":"LineString","coordinates":[[2.7543,49.5525],[2.7510,49.5492],[2.7510,49.5455],[2.7485,49.5427]]}},{"type":"Feature","properties":{"name":"Le Matz"},"geometry":{"type":"LineString","coordinates":[[2.7525,49.5571],[2.7533,49.5553]]}},{"type":"Feature","properties":{"name":"Le Matz"},"geometry":{"type":"LineString","coordinates":[[2.7978,49.5172],[2.8012,49.5158],[2.8079,49.5168]]}},{"type":"Feature","properties":{"name":"Le Matz"},"geometry":{"type":"LineString","coordinates":[[2.7884,49.5183],[2.7965,49.5183],[2.7978,49.5172]]}},{"type":"Feature","properties":{"name":"Le Matz"},"geometry":{"type":"LineString","coordinates":[[2.7570,49.5765],[2.7545,49.5737],[2.7540,49.5691],[2.7531,49.5682]]}},{"type":"Feature","properties":{"name":"Le Matz"},"geometry":{"type":"LineString","coordinates":[[2.8227,49.5119],[2.8269,49.5106]]}},{"type":"Feature","properties":{"name":"Le Matz"},"geometry":{"type":"LineString","coordinates":[[2.8265,49.5104],[2.8288,49.5101]]}},{"type":"Feature","properties":{"name":"Le Matz"},"geometry":{"type":"LineString","coordinates":[[2.8606,49.4965],[2.8608,49.4965]]}},{"type":"Feature","properties":{"name":"Le Matz"},"geometry":{"type":"LineString","coordinates":[[2.7512,49.5611],[2.7512,49.5609]]}},{"type":"Feature","properties":{"name":"Le Matz"},"geometry":{"type":"LineString","coordinates":[[2.7512,49.5609],[2.7525,49.5571]]}},{"type":"Feature","properties":{"name":"Le Matz"},"geometry":{"type":"LineString","coordinates":[[2.8289,49.5100],[2.8327,49.5077],[2.8323,49.5070],[2.8333,49.5070],[2.8328,49.5065],[2.8343,49.5049],[2.8372,49.5039]]}},{"type":"Feature","properties":{"name":"Le Matz"},"geometry":{"type":"LineString","coordinates":[[2.8406,49.5018],[2.8408,49.5018]]}},{"type":"Feature","properties":{"name":"Le Matz"},"geometry":{"type":"LineString","coordinates":[[2.8408,49.5018],[2.8424,49.5005]]}},{"type":"Feature","properties":{"name":"Le Matz"},"geometry":{"type":"LineString","coordinates":[[2.8793,49.4904],[2.8797,49.4903]]}},{"type":"Feature","properties":{"name":"Le Matz"},"geometry":{"type":"LineString","coordinates":[[2.8797,49.4903],[2.8826,49.4893]]}},{"type":"Feature","properties":{"name":"Le Matz"},"geometry":{"type":"LineString","coordinates":[[2.8992,49.4854],[2.8993,49.4843]]}},{"type":"Feature","properties":{"name":"Le Matz"},"geometry":{"type":"LineString","coordinates":[[2.8985,49.4857],[2.8992,49.4854]]}},{"type":"Feature","properties":{"name":"Le Matz"},"geometry":{"type":"LineString","coordinates":[[2.8961,49.4866],[2.8985,49.4857]]}},{"type":"Feature","properties":{"name":"Le Matz"},"geometry":{"type":"LineString","coordinates":[[2.8960,49.4867],[2.8961,49.4866]]}},{"type":"Feature","properties":{"name":"Le Matz"},"geometry":{"type":"LineString","coordinates":[[2.7614,49.5240],[2.7615,49.5240]]}},{"type":"Feature","properties":{"name":"Le Matz"},"geometry":{"type":"LineString","coordinates":[[2.7615,49.5240],[2.7644,49.5228],[2.7694,49.5189],[2.7884,49.5183]]}},{"type":"Feature","properties":{"name":"Le Matz"},"geometry":{"type":"LineString","coordinates":[[2.7485,49.5427],[2.7485,49.5425]]}},{"type":"Feature","properties":{"name":"Le Matz"},"geometry":{"type":"LineString","coordinates":[[2.7485,49.5425],[2.7492,49.5407],[2.7542,49.5394],[2.7509,49.5371],[2.7503,49.5293],[2.7519,49.5278],[2.7552,49.5273],[2.7614,49.5240]]}},{"type":"Feature","properties":{"name":"Le Matz"},"geometry":{"type":"LineString","coordinates":[[2.7533,49.5552],[2.7543,49.5525]]}},{"type":"Feature","properties":{"name":"Le Matz"},"geometry":{"type":"LineString","coordinates":[[2.7533,49.5553],[2.7533,49.5552]]}},{"type":"Feature","properties":{"name":"Le Matz"},"geometry":{"type":"LineString","coordinates":[[2.8734,49.4921],[2.8734,49.4921]]}},{"type":"Feature","properties":{"name":"Le Matz"},"geometry":{"type":"LineString","coordinates":[[2.8734,49.4921],[2.8774,49.4919],[2.8793,49.4904]]}},{"type":"Feature","properties":{"name":"Le Matz"},"geometry":{"type":"LineString","coordinates":[[2.8955,49.4875],[2.8960,49.4867]]}},{"type":"Feature","properties":{"name":"Le Matz"},"geometry":{"type":"LineString","coordinates":[[2.8954,49.4876],[2.8955,49.4875]]}},{"type":"Feature","properties":{"name":"Le Matz"},"geometry":{"type":"LineString","coordinates":[[2.8993,49.4843],[2.8995,49.4830]]}},{"type":"Feature","properties":{"name":"La Méline"},"geometry":{"type":"LineString","coordinates":[[1.6912,49.7836],[1.6927,49.7869],[1.6956,49.7896],[1.6990,49.7905],[1.7009,49.7926],[1.7040,49.7923],[1.7119,49.7986],[1.7155,49.7996],[1.7159,49.8012],[1.7304,49.8029],[1.7327,49.8047],[1.7350,49.8047],[1.7344,49.8059],[1.7352,49.8073],[1.7372,49.8081]]}},{"type":"Feature","properties":{"name":"Les Trois Doms"},"geometry":{"type":"LineString","coordinates":[[2.5541,49.6585],[2.5527,49.6591]]}},{"type":"Feature","properties":{"name":"Les Trois Doms"},"geometry":{"type":"LineString","coordinates":[[2.5654,49.6119],[2.5675,49.6164],[2.5665,49.6189]]}},{"type":"Feature","properties":{"name":"Les Trois Doms"},"geometry":{"type":"LineString","coordinates":[[2.5665,49.6189],[2.5620,49.6234],[2.5571,49.6252],[2.5584,49.6277],[2.5577,49.6304],[2.5583,49.6341],[2.5569,49.6354],[2.5563,49.6380],[2.5621,49.6426],[2.5639,49.6425],[2.5654,49.6437],[2.5652,49.6445],[2.5633,49.6442],[2.5623,49.6465],[2.5653,49.6496],[2.5620,49.6511],[2.5572,49.6504],[2.5544,49.6512],[2.5560,49.6545],[2.5579,49.6561],[2.5578,49.6571],[2.5490,49.6601]]}},{"type":"Feature","properties":{"name":"Les Trois Doms"},"geometry":{"type":"LineString","coordinates":[[2.5384,49.6996],[2.5391,49.7029],[2.5404,49.7033],[2.5400,49.7042],[2.5428,49.7072],[2.5413,49.7108],[2.5378,49.7126],[2.5397,49.7143],[2.5360,49.7172]]}},{"type":"Feature","properties":{"name":"Les Trois Doms"},"geometry":{"type":"LineString","coordinates":[[2.5382,49.6996],[2.5384,49.6996]]}},{"type":"Feature","properties":{"name":"Les Trois Doms"},"geometry":{"type":"LineString","coordinates":[[2.5338,49.6952],[2.5338,49.6971],[2.5355,49.6975],[2.5350,49.6981],[2.5367,49.6994],[2.5382,49.6996]]}},{"type":"Feature","properties":{"name":"Rivière des Trois Doms"},"geometry":{"type":"LineString","coordinates":[[2.5340,49.6951],[2.5338,49.6952]]}},{"type":"Feature","properties":{"name":"Rivière des Trois Doms"},"geometry":{"type":"LineString","coordinates":[[2.5301,49.6845],[2.5301,49.6845]]}},{"type":"Feature","properties":{"name":"Rivière des Trois Doms"},"geometry":{"type":"LineString","coordinates":[[2.5301,49.6845],[2.5314,49.6849],[2.5319,49.6867],[2.5351,49.6896],[2.5343,49.6923],[2.5352,49.6937],[2.5340,49.6951]]}},{"type":"Feature","properties":{"name":"Rivière des Trois Doms"},"geometry":{"type":"LineString","coordinates":[[2.5450,49.6599],[2.5353,49.6671],[2.5325,49.6673],[2.5320,49.6690],[2.5277,49.6698],[2.5274,49.6728],[2.5262,49.6741],[2.5289,49.6781],[2.5274,49.6814],[2.5301,49.6845]]}},{"type":"Feature","properties":{"name":"Rivière des Trois Doms"},"geometry":{"type":"LineString","coordinates":[[2.5452,49.6600],[2.5450,49.6599]]}},{"type":"Feature","properties":{"name":"Rivière des Trois Doms"},"geometry":{"type":"LineString","coordinates":[[2.5490,49.6601],[2.5452,49.6600]]}},{"type":"Feature","properties":{"name":"La Divette"},"geometry":{"type":"LineString","coordinates":[[2.9047,49.5657],[2.9081,49.5653],[2.9079,49.5639],[2.9100,49.5622],[2.9192,49.5622]]}},{"type":"Feature","properties":{"name":"La Divette"},"geometry":{"type":"LineString","coordinates":[[2.8988,49.5737],[2.9010,49.5713],[2.9015,49.5670],[2.9047,49.5657]]}},{"type":"Feature","properties":{"name":"La Divette"},"geometry":{"type":"LineString","coordinates":[[2.8918,49.5816],[2.8924,49.5792],[2.8953,49.5772]]}},{"type":"Feature","properties":{"name":"La Divette"},"geometry":{"type":"LineString","coordinates":[[2.8954,49.5772],[2.8955,49.5772]]}},{"type":"Feature","properties":{"name":"La Divette"},"geometry":{"type":"LineString","coordinates":[[2.9238,49.5627],[2.9291,49.5631]]}},{"type":"Feature","properties":{"name":"La Divette"},"geometry":{"type":"LineString","coordinates":[[2.8953,49.5772],[2.8954,49.5772]]}},{"type":"Feature","properties":{"name":"La Divette"},"geometry":{"type":"LineString","coordinates":[[2.8955,49.5772],[2.8988,49.5737]]}},{"type":"Feature","properties":{"name":"La Divette"},"geometry":{"type":"LineString","coordinates":[[2.9192,49.5622],[2.9196,49.5622]]}},{"type":"Feature","properties":{"name":"La Divette"},"geometry":{"type":"LineString","coordinates":[[2.9196,49.5622],[2.9238,49.5627]]}},{"type":"Feature","properties":{"name":"La Divette"},"geometry":{"type":"LineString","coordinates":[[2.9322,49.5629],[2.9363,49.5620]]}},{"type":"Feature","properties":{"name":"La Divette"},"geometry":{"type":"LineString","coordinates":[[2.9364,49.5619],[2.9384,49.5618]]}},{"type":"Feature","properties":{"name":"La Bresle"},"geometry":{"type":"LineString","coordinates":[[1.7591,49.7795],[1.7577,49.7810],[1.7584,49.7832],[1.7574,49.7863],[1.7552,49.7880],[1.7536,49.7916],[1.7522,49.7922],[1.7524,49.7934],[1.7466,49.7963],[1.7463,49.7980],[1.7446,49.7988],[1.7465,49.8007],[1.7464,49.8033],[1.7438,49.8036],[1.7430,49.8044],[1.7438,49.8053],[1.7399,49.8079],[1.7379,49.8119],[1.7396,49.8135],[1.7380,49.8134],[1.7378,49.8149],[1.7356,49.8161],[1.7330,49.8224],[1.7285,49.8256],[1.7279,49.8284]]}},{"type":"Feature","properties":{"name":"La Bresle"},"geometry":{"type":"LineString","coordinates":[[1.7498,49.7639],[1.7545,49.7687]]}},{"type":"Feature","properties":{"name":"La Bresle"},"geometry":{"type":"LineString","coordinates":[[1.7545,49.7687],[1.7547,49.7687]]}},{"type":"Feature","properties":{"name":"La Bresle"},"geometry":{"type":"LineString","coordinates":[[1.7547,49.7687],[1.7584,49.7723],[1.7591,49.7795]]}},{"type":"Feature","properties":{"name":"La Bresle"},"geometry":{"type":"LineString","coordinates":[[1.7425,49.7527],[1.7479,49.7581],[1.7473,49.7608],[1.7498,49.7639]]}},{"type":"Feature","properties":{"name":"La Bresle"},"geometry":{"type":"LineString","coordinates":[[1.7528,49.7205],[1.7527,49.7212]]}},{"type":"Feature","properties":{"name":"La Bresle"},"geometry":{"type":"LineString","coordinates":[[1.7527,49.7212],[1.7510,49.7219],[1.7502,49.7241],[1.7468,49.7262],[1.7460,49.7280],[1.7420,49.7296],[1.7397,49.7328],[1.7404,49.7355],[1.7389,49.7391],[1.7403,49.7404],[1.7383,49.7430],[1.7387,49.7441],[1.7359,49.7468],[1.7368,49.7479],[1.7363,49.7484],[1.7381,49.7488],[1.7375,49.7496],[1.7403,49.7497],[1.7394,49.7508],[1.7417,49.7509],[1.7413,49.7516],[1.7425,49.7527]]}},{"type":"Feature","properties":{"name":"La Bresle"},"geometry":{"type":"LineString","coordinates":[[1.7435,49.7024],[1.7543,49.7140],[1.7538,49.7151],[1.7554,49.7170],[1.7528,49.7205]]}},{"type":"Feature","properties":{"name":"La Brèche"},"geometry":{"type":"LineString","coordinates":[[2.3767,49.4126],[2.3798,49.4110]]}},{"type":"Feature","properties":{"name":"La Brèche"},"geometry":{"type":"LineString","coordinates":[[2.2919,49.4937],[2.2948,49.4924],[2.2941,49.4878],[2.2958,49.4849],[2.2952,49.4825],[2.2972,49.4813],[2.3010,49.4759],[2.3050,49.4726],[2.3054,49.4691],[2.3035,49.4676],[2.3043,49.4660],[2.3095,49.4652],[2.3107,49.4620],[2.3385,49.4455],[2.3382,49.4435]]}},{"type":"Feature","properties":{"name":"La Brèche"},"geometry":{"type":"LineString","coordinates":[[2.2807,49.5035],[2.2807,49.5035]]}},{"type":"Feature","properties":{"name":"La Brèche"},"geometry":{"type":"LineString","coordinates":[[2.3750,49.4132],[2.3767,49.4126]]}},{"type":"Feature","properties":{"name":"La Brèche"},"geometry":{"type":"LineString","coordinates":[[2.3476,49.4187],[2.3516,49.4185]]}},{"type":"Feature","properties":{"name":"La Brèche"},"geometry":{"type":"LineString","coordinates":[[2.3326,49.4350],[2.3332,49.4318],[2.3312,49.4297],[2.3308,49.4257],[2.3275,49.4218],[2.3297,49.4190],[2.3388,49.4172],[2.3476,49.4187]]}},{"type":"Feature","properties":{"name":"La Brèche"},"geometry":{"type":"LineString","coordinates":[[2.3516,49.4185],[2.3553,49.4159],[2.3601,49.4142],[2.3676,49.4145],[2.3685,49.4155],[2.3696,49.4142],[2.3750,49.4132]]}},{"type":"Feature","properties":{"name":"La Brèche"},"geometry":{"type":"LineString","coordinates":[[2.2773,49.5048],[2.2807,49.5035]]}},{"type":"Feature","properties":{"name":"La Brèche"},"geometry":{"type":"LineString","coordinates":[[2.3382,49.4435],[2.3342,49.4398],[2.3350,49.4366],[2.3326,49.4350]]}},{"type":"Feature","properties":{"name":"La Brèche"},"geometry":{"type":"LineString","coordinates":[[2.2890,49.4963],[2.2919,49.4937]]}},{"type":"Feature","properties":{"name":"La Brèche"},"geometry":{"type":"LineString","coordinates":[[2.2890,49.4964],[2.2890,49.4963]]}},{"type":"Feature","properties":{"name":"La Brèche"},"geometry":{"type":"LineString","coordinates":[[2.2807,49.5035],[2.2901,49.5012],[2.2903,49.4998],[2.2878,49.4978],[2.2890,49.4964]]}},{"type":"Feature","properties":{"name":"La Brèche"},"geometry":{"type":"LineString","coordinates":[[2.3820,49.4006],[2.3879,49.3922],[2.3933,49.3917]]}},{"type":"Feature","properties":{"name":"La Brèche"},"geometry":{"type":"LineString","coordinates":[[2.3821,49.4007],[2.3820,49.4006]]}},{"type":"Feature","properties":{"name":"La Brèche"},"geometry":{"type":"LineString","coordinates":[[2.3819,49.4070],[2.3793,49.4040],[2.3821,49.4007]]}},{"type":"Feature","properties":{"name":"La Brèche"},"geometry":{"type":"LineString","coordinates":[[2.3819,49.4071],[2.3819,49.4070]]}},{"type":"Feature","properties":{"name":"La Brèche"},"geometry":{"type":"LineString","coordinates":[[2.3817,49.4078],[2.3819,49.4071]]}},{"type":"Feature","properties":{"name":"La Brèche"},"geometry":{"type":"LineString","coordinates":[[2.3816,49.4078],[2.3817,49.4078]]}},{"type":"Feature","properties":{"name":"La Brèche"},"geometry":{"type":"LineString","coordinates":[[2.3798,49.4110],[2.3811,49.4105],[2.3816,49.4078]]}},{"type":"Feature","properties":{"name":"La Poix"},"geometry":{"type":"LineString","coordinates":[[1.9827,49.7743],[1.9840,49.7723],[1.9855,49.7718],[1.9973,49.7719],[1.9989,49.7704],[1.9984,49.7691],[2.0038,49.7655],[2.0102,49.7641],[2.0189,49.7601],[2.0256,49.7592],[2.0374,49.7596]]}},{"type":"Feature","properties":{"name":"La Poix"},"geometry":{"type":"LineString","coordinates":[[2.0375,49.7595],[2.0422,49.7604],[2.0450,49.7597]]}},{"type":"Feature","properties":{"name":"La Poix"},"geometry":{"type":"LineString","coordinates":[[2.0374,49.7596],[2.0375,49.7595]]}},{"type":"Feature","properties":{"name":"Rivière de Mésangueville"},"geometry":{"type":"LineString","coordinates":[[1.6706,49.5250],[1.6761,49.5273],[1.6803,49.5277],[1.6800,49.5309],[1.6821,49.5342],[1.6852,49.5340],[1.6876,49.5327]]}},{"type":"Feature","properties":{"name":"Rivière de Mésangueville"},"geometry":{"type":"LineString","coordinates":[[1.6522,49.5279],[1.6557,49.5225],[1.6621,49.5212],[1.6639,49.5190],[1.6661,49.5192],[1.6676,49.5241],[1.6706,49.5250]]}},{"type":"Feature","properties":{"name":"L\u0027Epte"},"geometry":{"type":"LineString","coordinates":[[1.6923,49.5286],[1.6957,49.5258],[1.7038,49.5248],[1.7042,49.5240]]}},{"type":"Feature","properties":{"name":"L\u0027Epte"},"geometry":{"type":"LineString","coordinates":[[1.7042,49.5240],[1.7050,49.5226],[1.7034,49.5212],[1.7096,49.5195],[1.7106,49.5168],[1.7100,49.5162],[1.7117,49.5150],[1.7108,49.5129],[1.7114,49.5117],[1.7099,49.5097],[1.7127,49.5088],[1.7179,49.5100],[1.7188,49.5092],[1.7154,49.5057],[1.7165,49.5037],[1.7181,49.5029],[1.7209,49.5037],[1.7253,49.5030],[1.7260,49.5016],[1.7255,49.4950],[1.7271,49.4940],[1.7291,49.4946],[1.7306,49.4927],[1.7311,49.4935],[1.7336,49.4926],[1.7331,49.4918],[1.7342,49.4907],[1.7330,49.4870]]}},{"type":"Feature","properties":{"name":"L\u0027Epte"},"geometry":{"type":"LineString","coordinates":[[1.6584,49.5806],[1.6595,49.5771],[1.6625,49.5749],[1.6638,49.5751],[1.6641,49.5778],[1.6666,49.5798],[1.6662,49.5768],[1.6684,49.5756],[1.6675,49.5738],[1.6695,49.5706],[1.6712,49.5713],[1.6730,49.5741],[1.6747,49.5751],[1.6757,49.5747],[1.6725,49.5701],[1.6764,49.5688],[1.6742,49.5665],[1.6750,49.5646],[1.6766,49.5651],[1.6793,49.5683],[1.6819,49.5687],[1.6810,49.5670]]}},{"type":"Feature","properties":{"name":"L\u0027Epte"},"geometry":{"type":"LineString","coordinates":[[1.7475,49.4595],[1.7510,49.4563],[1.7521,49.4536],[1.7492,49.4516],[1.7400,49.4491]]}},{"type":"Feature","properties":{"name":"L\u0027Epte"},"geometry":{"type":"LineString","coordinates":[[1.7400,49.4491],[1.7381,49.4490]]}},{"type":"Feature","properties":{"name":"L\u0027Epte"},"geometry":{"type":"LineString","coordinates":[[1.7140,49.4094],[1.7073,49.4064]]}},{"type":"Feature","properties":{"name":"L\u0027Epte"},"geometry":{"type":"LineString","coordinates":[[1.7235,49.4346],[1.7226,49.4328],[1.7235,49.4308],[1.7221,49.4295],[1.7236,49.4274],[1.7209,49.4242],[1.7242,49.4223],[1.7208,49.4182],[1.7165,49.4170],[1.7151,49.4148],[1.7161,49.4108],[1.7140,49.4094]]}},{"type":"Feature","properties":{"name":"L\u0027Epte"},"geometry":{"type":"LineString","coordinates":[[1.7381,49.4490],[1.7356,49.4456],[1.7366,49.4444],[1.7337,49.4427],[1.7337,49.4416]]}},{"type":"Feature","properties":{"name":"L\u0027Epte"},"geometry":{"type":"LineString","coordinates":[[1.7243,49.4395],[1.7283,49.4370]]}},{"type":"Feature","properties":{"name":"L\u0027Epte"},"geometry":{"type":"LineString","coordinates":[[1.7243,49.4395],[1.7235,49.4346]]}},{"type":"Feature","properties":{"name":"L\u0027Epte"},"geometry":{"type":"LineString","coordinates":[[1.7337,49.4416],[1.7338,49.4413]]}},{"type":"Feature","properties":{"name":"L\u0027Epte"},"geometry":{"type":"LineString","coordinates":[[1.7338,49.4413],[1.7315,49.4404],[1.7271,49.4420],[1.7246,49.4414],[1.7251,49.4404],[1.7243,49.4395]]}},{"type":"Feature","properties":{"name":"L\u0027Epte"},"geometry":{"type":"LineString","coordinates":[[1.6798,49.5557],[1.6811,49.5534],[1.6834,49.5524],[1.6821,49.5481],[1.6848,49.5470],[1.6898,49.5424],[1.6896,49.5411],[1.6908,49.5399],[1.6888,49.5384],[1.6865,49.5383],[1.6861,49.5366],[1.6886,49.5345],[1.6876,49.5327],[1.6913,49.5314],[1.6943,49.5330],[1.6955,49.5332],[1.6961,49.5322],[1.6924,49.5299],[1.6923,49.5286]]}},{"type":"Feature","properties":{"name":"L\u0027Epte"},"geometry":{"type":"LineString","coordinates":[[1.6810,49.5670],[1.6814,49.5653],[1.6803,49.5638],[1.6750,49.5625],[1.6821,49.5612],[1.6821,49.5602],[1.6801,49.5591]]}},{"type":"Feature","properties":{"name":"L\u0027Epte"},"geometry":{"type":"LineString","coordinates":[[1.7283,49.4370],[1.7271,49.4358]]}},{"type":"Feature","properties":{"name":"L\u0027Epte"},"geometry":{"type":"LineString","coordinates":[[1.7271,49.4358],[1.7235,49.4346]]}},{"type":"Feature","properties":{"name":"L\u0027Epte"},"geometry":{"type":"LineString","coordinates":[[1.7107,49.4025],[1.7108,49.4024]]}},{"type":"Feature","properties":{"name":"L\u0027Epte"},"geometry":{"type":"LineString","coordinates":[[1.7073,49.4064],[1.7074,49.4049],[1.7089,49.4050],[1.7107,49.4025]]}},{"type":"Feature","properties":{"name":"L\u0027Epte"},"geometry":{"type":"LineString","coordinates":[[1.7108,49.4024],[1.7188,49.3997],[1.7188,49.3988],[1.7170,49.3982],[1.7170,49.3970],[1.7183,49.3955],[1.7199,49.3955]]}},{"type":"Feature","properties":{"name":"L\u0027Epte"},"geometry":{"type":"LineString","coordinates":[[1.7330,49.4870],[1.7305,49.4851],[1.7291,49.4825],[1.7303,49.4768],[1.7284,49.4749],[1.7293,49.4741],[1.7281,49.4736],[1.7289,49.4710],[1.7311,49.4700],[1.7337,49.4660],[1.7432,49.4645],[1.7441,49.4610],[1.7475,49.4595]]}},{"type":"Feature","properties":{"name":"L\u0027Epte"},"geometry":{"type":"LineString","coordinates":[[1.7305,49.4820],[1.7292,49.4816]]}},{"type":"Feature","properties":{"name":"L\u0027Epte"},"geometry":{"type":"LineString","coordinates":[[1.7308,49.4821],[1.7305,49.4820]]}},{"type":"Feature","properties":{"name":"L\u0027Epte"},"geometry":{"type":"LineString","coordinates":[[1.7301,49.4839],[1.7313,49.4828],[1.7308,49.4821]]}},{"type":"Feature","properties":{"name":"L\u0027Epte"},"geometry":{"type":"LineString","coordinates":[[1.7310,49.4852],[1.7312,49.4849]]}},{"type":"Feature","properties":{"name":"L\u0027Epte"},"geometry":{"type":"LineString","coordinates":[[1.7305,49.4850],[1.7333,49.4844],[1.7342,49.4827],[1.7330,49.4809],[1.7294,49.4803]]}},{"type":"Feature","properties":{"name":"L\u0027Epte"},"geometry":{"type":"LineString","coordinates":[[1.6801,49.5590],[1.6793,49.5575],[1.6798,49.5557]]}},{"type":"Feature","properties":{"name":"L\u0027Epte"},"geometry":{"type":"LineString","coordinates":[[1.6801,49.5591],[1.6801,49.5590]]}},{"type":"Feature","properties":{"name":"Le Petit Thérain"},"geometry":{"type":"LineString","coordinates":[[1.9955,49.5182],[1.9964,49.5176],[1.9949,49.5155]]}},{"type":"Feature","properties":{"name":"Le Petit Thérain"},"geometry":{"type":"LineString","coordinates":[[1.9550,49.5730],[1.9551,49.5720],[1.9573,49.5708],[1.9607,49.5650],[1.9639,49.5639]]}},{"type":"Feature","properties":{"name":"Le Petit Thérain"},"geometry":{"type":"LineString","coordinates":[[1.9728,49.5557],[1.9755,49.5543],[1.9779,49.5544],[1.9830,49.5527],[1.9840,49.5505],[1.9833,49.5489]]}},{"type":"Feature","properties":{"name":"Le Petit Thérain"},"geometry":{"type":"LineString","coordinates":[[1.9947,49.5038],[1.9932,49.4993]]}},{"type":"Feature","properties":{"name":"Le Petit Thérain"},"geometry":{"type":"LineString","coordinates":[[1.9949,49.5155],[1.9943,49.5135],[1.9972,49.5098],[1.9970,49.5085],[1.9950,49.5075],[1.9951,49.5057]]}},{"type":"Feature","properties":{"name":"Le Petit Thérain"},"geometry":{"type":"LineString","coordinates":[[1.9946,49.5047],[1.9947,49.5038]]}},{"type":"Feature","properties":{"name":"Le Petit Thérain"},"geometry":{"type":"LineString","coordinates":[[1.9348,49.5782],[1.9387,49.5754]]}},{"type":"Feature","properties":{"name":"Le Petit Thérain"},"geometry":{"type":"LineString","coordinates":[[1.9920,49.5368],[1.9921,49.5368]]}},{"type":"Feature","properties":{"name":"Le Petit Thérain"},"geometry":{"type":"LineString","coordinates":[[1.9921,49.5368],[1.9948,49.5369],[1.9994,49.5339]]}},{"type":"Feature","properties":{"name":"Le Petit Thérain"},"geometry":{"type":"LineString","coordinates":[[1.9833,49.5489],[1.9817,49.5470],[1.9858,49.5440],[1.9872,49.5412],[1.9920,49.5368]]}},{"type":"Feature","properties":{"name":"Le Petit Thérain"},"geometry":{"type":"LineString","coordinates":[[1.9994,49.5339],[1.9995,49.5338]]}},{"type":"Feature","properties":{"name":"Le Petit Thérain"},"geometry":{"type":"LineString","coordinates":[[1.9962,49.5227],[1.9962,49.5226]]}},{"type":"Feature","properties":{"name":"Le Petit Thérain"},"geometry":{"type":"LineString","coordinates":[[1.9962,49.5226],[1.9949,49.5199],[1.9955,49.5182]]}},{"type":"Feature","properties":{"name":"Le Petit Thérain"},"geometry":{"type":"LineString","coordinates":[[1.9995,49.5338],[1.9991,49.5304],[1.9998,49.5297],[1.9986,49.5268],[1.9991,49.5254],[1.9980,49.5234],[1.9962,49.5227]]}},{"type":"Feature","properties":{"name":"Le Petit Thérain"},"geometry":{"type":"LineString","coordinates":[[1.9641,49.5638],[1.9676,49.5626],[1.9714,49.5563],[1.9728,49.5557]]}},{"type":"Feature","properties":{"name":"Le Petit Thérain"},"geometry":{"type":"LineString","coordinates":[[1.9639,49.5639],[1.9641,49.5638]]}},{"type":"Feature","properties":{"name":"Le Petit Thérain"},"geometry":{"type":"LineString","coordinates":[[1.9549,49.5733],[1.9550,49.5730]]}},{"type":"Feature","properties":{"name":"Le Petit Thérain"},"geometry":{"type":"LineString","coordinates":[[1.9548,49.5734],[1.9549,49.5733]]}},{"type":"Feature","properties":{"name":"Le Petit Thérain"},"geometry":{"type":"LineString","coordinates":[[1.9545,49.5738],[1.9548,49.5734]]}},{"type":"Feature","properties":{"name":"Le Petit Thérain"},"geometry":{"type":"LineString","coordinates":[[1.9545,49.5739],[1.9545,49.5738]]}},{"type":"Feature","properties":{"name":"Le Petit Thérain"},"geometry":{"type":"LineString","coordinates":[[1.9387,49.5753],[1.9409,49.5737],[1.9451,49.5729],[1.9513,49.5733],[1.9528,49.5748],[1.9545,49.5739]]}},{"type":"Feature","properties":{"name":"Le Petit Thérain"},"geometry":{"type":"LineString","coordinates":[[1.9387,49.5754],[1.9387,49.5753]]}},{"type":"Feature","properties":{"name":"Le Petit Thérain"},"geometry":{"type":"LineString","coordinates":[[1.9066,49.5940],[1.9077,49.5918],[1.9104,49.5905],[1.9139,49.5864]]}},{"type":"Feature","properties":{"name":"Le Petit Thérain"},"geometry":{"type":"LineString","coordinates":[[1.9951,49.5057],[1.9946,49.5047]]}},{"type":"Feature","properties":{"name":"Le Petit Thérain"},"geometry":{"type":"LineString","coordinates":[[1.9193,49.5850],[1.9247,49.5832],[1.9273,49.5805],[1.9318,49.5789],[1.9348,49.5792],[1.9348,49.5782]]}},{"type":"Feature","properties":{"name":"Le Petit Thérain"},"geometry":{"type":"LineString","coordinates":[[1.9192,49.5850],[1.9193,49.5850]]}},{"type":"Feature","properties":{"name":"Le Petit Thérain"},"geometry":{"type":"LineString","coordinates":[[1.9139,49.5864],[1.9192,49.5850]]}},{"type":"Feature","properties":{"name":"Le Petit Thérain"},"geometry":{"type":"LineString","coordinates":[[1.9015,49.5986],[1.9066,49.5940]]}},{"type":"Feature","properties":{"name":"Le Petit Thérain"},"geometry":{"type":"LineString","coordinates":[[1.9015,49.5987],[1.9015,49.5986]]}},{"type":"Feature","properties":{"name":"Le Petit Thérain"},"geometry":{"type":"LineString","coordinates":[[1.8971,49.6012],[1.9015,49.5987]]}},{"type":"Feature","properties":{"name":"L\u0027Oise"},"geometry":{"type":"LineString","coordinates":[[2.8743,49.4681],[2.8725,49.4675],[2.8752,49.4668],[2.8769,49.4648],[2.8765,49.4627],[2.8742,49.4615]]}},{"type":"Feature","properties":{"name":"L\u0027Oise"},"geometry":{"type":"LineString","coordinates":[[2.9251,49.4949],[2.9175,49.4979],[2.9128,49.4976],[2.9117,49.4961],[2.9096,49.4956],[2.9096,49.4933],[2.9071,49.4922],[2.9069,49.4902],[2.9048,49.4899],[2.8989,49.4818]]}},{"type":"Feature","properties":{"name":"L\u0027Oise"},"geometry":{"type":"LineString","coordinates":[[2.8989,49.4818],[2.8975,49.4789],[2.8942,49.4758],[2.8923,49.4753]]}},{"type":"Feature","properties":{"name":"L\u0027Oise"},"geometry":{"type":"LineString","coordinates":[[2.8340,49.4265],[2.8247,49.4209]]}},{"type":"Feature","properties":{"name":"L\u0027Oise"},"geometry":{"type":"LineString","coordinates":[[2.8662,49.4486],[2.8636,49.4397],[2.8582,49.4370],[2.8512,49.4366]]}},{"type":"Feature","properties":{"name":"L\u0027Oise"},"geometry":{"type":"LineString","coordinates":[[2.8742,49.4615],[2.8681,49.4590],[2.8657,49.4559]]}},{"type":"Feature","properties":{"name":"L\u0027Oise"},"geometry":{"type":"LineString","coordinates":[[2.8223,49.4196],[2.8120,49.4147]]}},{"type":"Feature","properties":{"name":"L\u0027Oise"},"geometry":{"type":"LineString","coordinates":[[2.8901,49.4712],[2.8895,49.4695],[2.8912,49.4680],[2.8853,49.4677],[2.8854,49.4699],[2.8828,49.4721],[2.8850,49.4731],[2.8839,49.4739],[2.8808,49.4707],[2.8772,49.4712],[2.8775,49.4692],[2.8743,49.4681]]}},{"type":"Feature","properties":{"name":"L\u0027Oise"},"geometry":{"type":"LineString","coordinates":[[2.8657,49.4559],[2.8655,49.4526]]}},{"type":"Feature","properties":{"name":"L\u0027Oise"},"geometry":{"type":"LineString","coordinates":[[2.8053,49.4130],[2.7991,49.4112],[2.7950,49.4034]]}},{"type":"Feature","properties":{"name":"L\u0027Oise"},"geometry":{"type":"LineString","coordinates":[[2.8152,49.4163],[2.8075,49.4144]]}},{"type":"Feature","properties":{"name":"L\u0027Oise"},"geometry":{"type":"LineString","coordinates":[[2.8058,49.4139],[2.8021,49.4126]]}},{"type":"Feature","properties":{"name":"L\u0027Oise"},"geometry":{"type":"LineString","coordinates":[[2.8120,49.4147],[2.8053,49.4130]]}},{"type":"Feature","properties":{"name":"L\u0027Oise"},"geometry":{"type":"LineString","coordinates":[[2.8655,49.4526],[2.8668,49.4511],[2.8662,49.4486]]}},{"type":"Feature","properties":{"name":"L\u0027Oise"},"geometry":{"type":"LineString","coordinates":[[2.8512,49.4366],[2.8450,49.4340]]}},{"type":"Feature","properties":{"name":"L\u0027Oise"},"geometry":{"type":"LineString","coordinates":[[2.8354,49.4276],[2.8340,49.4265]]}},{"type":"Feature","properties":{"name":"L\u0027Oise"},"geometry":{"type":"LineString","coordinates":[[2.8354,49.4276],[2.8340,49.4265]]}},{"type":"Feature","properties":{"name":"L\u0027Oise"},"geometry":{"type":"LineString","coordinates":[[2.8450,49.4340],[2.8392,49.4310],[2.8354,49.4276]]}},{"type":"Feature","properties":{"name":"L\u0027Oise"},"geometry":{"type":"LineString","coordinates":[[2.8354,49.4276],[2.8340,49.4265]]}},{"type":"Feature","properties":{"name":"L\u0027Oise"},"geometry":{"type":"LineString","coordinates":[[2.8247,49.4209],[2.8223,49.4196]]}},{"type":"Feature","properties":{"name":"L\u0027Oise"},"geometry":{"type":"LineString","coordinates":[[2.8247,49.4209],[2.8223,49.4196]]}},{"type":"Feature","properties":{"name":"L\u0027Oise"},"geometry":{"type":"LineString","coordinates":[[2.7950,49.4034],[2.7891,49.3993]]}},{"type":"Feature","properties":{"name":"L\u0027Oise"},"geometry":{"type":"LineString","coordinates":[[2.8923,49.4753],[2.8901,49.4712]]}},{"type":"Feature","properties":{"name":"Aronde"},"geometry":{"type":"LineString","coordinates":[[2.7258,49.4660],[2.7491,49.4679],[2.7516,49.4673],[2.7587,49.4683],[2.7597,49.4678]]}},{"type":"Feature","properties":{"name":"Aronde"},"geometry":{"type":"LineString","coordinates":[[2.6690,49.4937],[2.6746,49.4881],[2.6835,49.4866],[2.6908,49.4832],[2.6921,49.4821],[2.6918,49.4800],[2.6972,49.4756],[2.7101,49.4719]]}},{"type":"Feature","properties":{"name":"Aronde"},"geometry":{"type":"LineString","coordinates":[[2.7239,49.4664],[2.7258,49.4660]]}},{"type":"Feature","properties":{"name":"Aronde"},"geometry":{"type":"LineString","coordinates":[[2.8220,49.4582],[2.8224,49.4582]]}},{"type":"Feature","properties":{"name":"Aronde"},"geometry":{"type":"LineString","coordinates":[[2.8224,49.4582],[2.8236,49.4550],[2.8261,49.4523],[2.8283,49.4515],[2.8314,49.4533],[2.8338,49.4530],[2.8341,49.4519],[2.8315,49.4493],[2.8329,49.4487],[2.8352,49.4440],[2.8399,49.4425],[2.8443,49.4427],[2.8486,49.4403],[2.8520,49.4405],[2.8549,49.4382],[2.8539,49.4369]]}},{"type":"Feature","properties":{"name":"Aronde"},"geometry":{"type":"LineString","coordinates":[[2.7101,49.4719],[2.7110,49.4717]]}},{"type":"Feature","properties":{"name":"Aronde"},"geometry":{"type":"LineString","coordinates":[[2.7110,49.4717],[2.7168,49.4709],[2.7239,49.4664]]}},{"type":"Feature","properties":{"name":"Aronde"},"geometry":{"type":"LineString","coordinates":[[2.8116,49.4636],[2.8129,49.4634]]}},{"type":"Feature","properties":{"name":"Aronde"},"geometry":{"type":"LineString","coordinates":[[2.8114,49.4635],[2.8116,49.4636]]}},{"type":"Feature","properties":{"name":"Aronde"},"geometry":{"type":"LineString","coordinates":[[2.8131,49.4634],[2.8190,49.4630],[2.8220,49.4582]]}},{"type":"Feature","properties":{"name":"Aronde"},"geometry":{"type":"LineString","coordinates":[[2.8129,49.4634],[2.8131,49.4634]]}},{"type":"Feature","properties":{"name":"Aronde"},"geometry":{"type":"LineString","coordinates":[[2.7615,49.4668],[2.7670,49.4679],[2.7668,49.4697],[2.7711,49.4738],[2.7778,49.4734],[2.7793,49.4743],[2.7831,49.4721],[2.7904,49.4713],[2.7994,49.4677],[2.8013,49.4682],[2.8009,49.4672],[2.8034,49.4670],[2.8114,49.4635]]}},{"type":"Feature","properties":{"name":"Aronde"},"geometry":{"type":"LineString","coordinates":[[2.7601,49.4675],[2.7615,49.4668]]}},{"type":"Feature","properties":{"name":"Aronde"},"geometry":{"type":"LineString","coordinates":[[2.7597,49.4678],[2.7601,49.4675]]}},{"type":"Feature","properties":{"name":"Les Évoissons"},"geometry":{"type":"LineString","coordinates":[[2.0127,49.7397],[2.0201,49.7436],[2.0216,49.7460],[2.0205,49.7479],[2.0209,49.7494],[2.0245,49.7509],[2.0337,49.7513],[2.0379,49.7536],[2.0387,49.7561],[2.0435,49.7569],[2.0438,49.7591],[2.0450,49.7597]]}},{"type":"Feature","properties":{"name":"Noye"},"geometry":{"type":"LineString","coordinates":[[2.3319,49.6817],[2.3380,49.6940],[2.3403,49.6968],[2.3437,49.6988],[2.3448,49.7003],[2.3446,49.7015],[2.3476,49.7042],[2.3529,49.7050],[2.3532,49.7062],[2.3543,49.7061],[2.3546,49.7085]]}},{"type":"Feature","properties":{"name":"Noye"},"geometry":{"type":"LineString","coordinates":[[2.3609,49.7573],[2.3610,49.7575]]}},{"type":"Feature","properties":{"name":"Noye"},"geometry":{"type":"LineString","coordinates":[[2.3638,49.7627],[2.3638,49.7628]]}},{"type":"Feature","properties":{"name":"Noye"},"geometry":{"type":"LineString","coordinates":[[2.3610,49.7575],[2.3638,49.7627]]}},{"type":"Feature","properties":{"name":"Noye"},"geometry":{"type":"LineString","coordinates":[[2.3638,49.7628],[2.3621,49.7657],[2.3668,49.7708],[2.3654,49.7713],[2.3669,49.7718],[2.3691,49.7761],[2.3726,49.7773],[2.3773,49.7816],[2.3806,49.7818],[2.3819,49.7834],[2.3854,49.7940],[2.3877,49.7943],[2.3907,49.8021],[2.3910,49.8054],[2.3898,49.8078],[2.3874,49.8095],[2.3884,49.8109],[2.3950,49.8138],[2.3956,49.8159],[2.3969,49.8167],[2.3956,49.8173],[2.3940,49.8217],[2.3955,49.8249],[2.3948,49.8262],[2.3955,49.8312],[2.3870,49.8388],[2.3837,49.8437]]}},{"type":"Feature","properties":{"name":"Noye"},"geometry":{"type":"LineString","coordinates":[[2.3546,49.7085],[2.3548,49.7087]]}},{"type":"Feature","properties":{"name":"Noye"},"geometry":{"type":"LineString","coordinates":[[2.3548,49.7087],[2.3559,49.7100],[2.3538,49.7121],[2.3525,49.7178],[2.3505,49.7208],[2.3511,49.7219],[2.3491,49.7242],[2.3497,49.7249],[2.3485,49.7261],[2.3484,49.7287],[2.3498,49.7310],[2.3480,49.7342],[2.3487,49.7347],[2.3474,49.7348],[2.3470,49.7362],[2.3497,49.7392],[2.3489,49.7402],[2.3493,49.7413],[2.3524,49.7442],[2.3518,49.7453],[2.3531,49.7472],[2.3532,49.7492],[2.3581,49.7514],[2.3609,49.7573]]}},{"type":"Feature","properties":{"name":"Noye"},"geometry":{"type":"LineString","coordinates":[[2.3546,49.7081],[2.3550,49.7090]]}},{"type":"Feature","properties":{"name":"La Somme Rivière"},"geometry":{"type":"LineString","coordinates":[[3.0391,49.7485],[3.0365,49.7496]]}},{"type":"Feature","properties":{"name":"La Somme Rivière"},"geometry":{"type":"LineString","coordinates":[[3.0652,49.7468],[3.0612,49.7443],[3.0391,49.7485]]}},{"type":"Feature","properties":{"name":"La Somme Rivière"},"geometry":{"type":"LineString","coordinates":[[3.1526,49.7422],[3.1319,49.7413],[3.1169,49.7430],[3.1108,49.7447],[3.1093,49.7441],[3.1030,49.7453],[3.1014,49.7486],[3.0965,49.7513],[3.0902,49.7500],[3.0862,49.7506],[3.0803,49.7481],[3.0755,49.7490]]}},{"type":"Feature","properties":{"name":"La Somme Rivière"},"geometry":{"type":"LineString","coordinates":[[3.0365,49.7496],[3.0258,49.7567],[3.0228,49.7568],[3.0211,49.7582],[3.0068,49.7600],[2.9951,49.7687],[2.9967,49.7695],[2.9959,49.7709],[2.9966,49.7722],[2.9911,49.7735],[2.9879,49.7772],[2.9842,49.7779],[2.9814,49.7769],[2.9771,49.7770],[2.9741,49.7785],[2.9729,49.7828],[2.9714,49.7833],[2.9723,49.7847],[2.9705,49.7862],[2.9716,49.7882],[2.9695,49.7904],[2.9677,49.7942],[2.9689,49.7973],[2.9686,49.7999],[2.9648,49.8037],[2.9602,49.8043],[2.9570,49.8066],[2.9580,49.8127],[2.9569,49.8158],[2.9575,49.8182],[2.9562,49.8216],[2.9419,49.8259],[2.9339,49.8256]]}},{"type":"Feature","properties":{"name":"La Somme Rivière"},"geometry":{"type":"LineString","coordinates":[[3.1602,49.7488],[3.1553,49.7465],[3.1557,49.7458],[3.1542,49.7460],[3.1529,49.7439],[3.1537,49.7431],[3.1526,49.7422]]}},{"type":"Feature","properties":{"name":"La Somme Rivière"},"geometry":{"type":"LineString","coordinates":[[3.1603,49.7499],[3.1602,49.7488]]}},{"type":"Feature","properties":{"name":"La Somme Rivière"},"geometry":{"type":"LineString","coordinates":[[3.2022,49.7785],[3.1976,49.7761],[3.1931,49.7754],[3.1897,49.7722],[3.1863,49.7668],[3.1832,49.7659],[3.1694,49.7648],[3.1655,49.7619],[3.1648,49.7601],[3.1585,49.7588],[3.1603,49.7557],[3.1605,49.7544],[3.1594,49.7533],[3.1616,49.7535],[3.1609,49.7521],[3.1623,49.7506],[3.1603,49.7499]]}},{"type":"Feature","properties":{"name":"La Somme Rivière"},"geometry":{"type":"LineString","coordinates":[[3.0753,49.7491],[3.0746,49.7509],[3.0710,49.7512],[3.0688,49.7487],[3.0657,49.7477],[3.0652,49.7468]]}},{"type":"Feature","properties":{"name":"La Somme Rivière"},"geometry":{"type":"LineString","coordinates":[[3.0755,49.7490],[3.0753,49.7491]]}},{"type":"Feature","properties":{"name":"Les Evoissons"},"geometry":{"type":"LineString","coordinates":[[1.9711,49.7239],[1.9716,49.7239]]}},{"type":"Feature","properties":{"name":"Les Evoissons"},"geometry":{"type":"LineString","coordinates":[[2.0450,49.7597],[2.0508,49.7601],[2.0521,49.7590],[2.0579,49.7594],[2.0608,49.7584],[2.0773,49.7588],[2.0810,49.7559],[2.0911,49.7532],[2.0944,49.7505],[2.0944,49.7492],[2.0999,49.7476]]}},{"type":"Feature","properties":{"name":"Les Evoissons"},"geometry":{"type":"LineString","coordinates":[[2.0999,49.7476],[2.1061,49.7449],[2.1090,49.7447],[2.1129,49.7466],[2.1249,49.7442],[2.1279,49.7393],[2.1345,49.7387],[2.1387,49.7410],[2.1444,49.7422],[2.1483,49.7459],[2.1520,49.7476],[2.1549,49.7472],[2.1579,49.7490]]}},{"type":"Feature","properties":{"name":"Les Evoissons"},"geometry":{"type":"LineString","coordinates":[[1.9667,49.7236],[1.9711,49.7239]]}},{"type":"Feature","properties":{"name":"Les Evoissons"},"geometry":{"type":"LineString","coordinates":[[1.9716,49.7239],[1.9754,49.7236],[1.9772,49.7251],[1.9848,49.7267],[1.9876,49.7310],[1.9904,49.7329],[1.9932,49.7367],[1.9928,49.7374],[1.9973,49.7380],[2.0031,49.7373],[2.0074,49.7389],[2.0101,49.7387]]}},{"type":"Feature","properties":{"name":"Les Evoissons"},"geometry":{"type":"LineString","coordinates":[[2.0101,49.7387],[2.0127,49.7397]]}},{"type":"Feature","properties":{"name":"Les Evoissons"},"geometry":{"type":"LineString","coordinates":[[2.0944,49.7505],[2.0999,49.7476]]}},{"type":"Feature","properties":{"name":"La Noye"},"geometry":{"type":"LineString","coordinates":[[2.3279,49.6666],[2.3290,49.6670],[2.3316,49.6721],[2.3335,49.6722],[2.3341,49.6749],[2.3328,49.6759],[2.3328,49.6772],[2.3336,49.6783]]}},{"type":"Feature","properties":{"name":"La Noye"},"geometry":{"type":"LineString","coordinates":[[2.2991,49.6311],[2.3052,49.6328],[2.3086,49.6349],[2.3109,49.6386],[2.3111,49.6407],[2.3143,49.6444],[2.3132,49.6477],[2.3141,49.6479],[2.3142,49.6495],[2.3134,49.6498],[2.3152,49.6521],[2.3153,49.6571],[2.3188,49.6618],[2.3237,49.6629],[2.3241,49.6641],[2.3229,49.6649],[2.3241,49.6669],[2.3274,49.6666]]}},{"type":"Feature","properties":{"name":"La Noye"},"geometry":{"type":"LineString","coordinates":[[2.2985,49.6177],[2.2986,49.6178]]}},{"type":"Feature","properties":{"name":"La Noye"},"geometry":{"type":"LineString","coordinates":[[2.2986,49.6178],[2.2993,49.6197],[2.2973,49.6216],[2.2991,49.6224],[2.2991,49.6281]]}},{"type":"Feature","properties":{"name":"La Noye"},"geometry":{"type":"LineString","coordinates":[[2.2991,49.6281],[2.2991,49.6282]]}},{"type":"Feature","properties":{"name":"La Noye"},"geometry":{"type":"LineString","coordinates":[[2.2988,49.6287],[2.2988,49.6288]]}},{"type":"Feature","properties":{"name":"La Noye"},"geometry":{"type":"LineString","coordinates":[[2.2988,49.6288],[2.2989,49.6310]]}},{"type":"Feature","properties":{"name":"La Noye"},"geometry":{"type":"LineString","coordinates":[[2.2991,49.6282],[2.2988,49.6287]]}},{"type":"Feature","properties":{"name":"La Noye"},"geometry":{"type":"LineString","coordinates":[[2.2989,49.6310],[2.2991,49.6311]]}},{"type":"Feature","properties":{"name":"La Noye"},"geometry":{"type":"LineString","coordinates":[[2.3274,49.6666],[2.3279,49.6666]]}},{"type":"Feature","properties":{"name":"La Noye"},"geometry":{"type":"LineString","coordinates":[[2.3336,49.6783],[2.3319,49.6817]]}},{"type":"Feature","properties":{"name":"La Noye"},"geometry":{"type":"LineString","coordinates":[[2.3336,49.6783],[2.3336,49.6783]]}},{"type":"Feature","properties":{"name":"L\u0027Avelon"},"geometry":{"type":"LineString","coordinates":[[2.0394,49.4194],[2.0396,49.4220]]}},{"type":"Feature","properties":{"name":"L\u0027Avelon"},"geometry":{"type":"LineString","coordinates":[[2.0396,49.4220],[2.0396,49.4240]]}},{"type":"Feature","properties":{"name":"L\u0027Avelon"},"geometry":{"type":"LineString","coordinates":[[2.0396,49.4240],[2.0412,49.4257]]}},{"type":"Feature","properties":{"name":"L\u0027Avelon"},"geometry":{"type":"LineString","coordinates":[[2.0412,49.4257],[2.0412,49.4266],[2.0444,49.4281],[2.0447,49.4299],[2.0480,49.4321],[2.0496,49.4320]]}},{"type":"Feature","properties":{"name":"L\u0027Avelon"},"geometry":{"type":"LineString","coordinates":[[2.0685,49.4294],[2.0753,49.4268]]}},{"type":"Feature","properties":{"name":"L\u0027Avelon"},"geometry":{"type":"LineString","coordinates":[[2.0683,49.4296],[2.0685,49.4294]]}},{"type":"Feature","properties":{"name":"L\u0027Avelon"},"geometry":{"type":"LineString","coordinates":[[2.0658,49.4302],[2.0683,49.4296]]}},{"type":"Feature","properties":{"name":"L\u0027Avelon"},"geometry":{"type":"LineString","coordinates":[[2.0529,49.4320],[2.0561,49.4304],[2.0656,49.4302]]}},{"type":"Feature","properties":{"name":"L\u0027Avelon"},"geometry":{"type":"LineString","coordinates":[[2.0656,49.4302],[2.0658,49.4302]]}},{"type":"Feature","properties":{"name":"L\u0027Avelon"},"geometry":{"type":"LineString","coordinates":[[1.9775,49.4243],[1.9792,49.4235]]}},{"type":"Feature","properties":{"name":"L\u0027Avelon"},"geometry":{"type":"LineString","coordinates":[[1.9718,49.4239],[1.9746,49.4251],[1.9775,49.4243]]}},{"type":"Feature","properties":{"name":"L\u0027Avelon"},"geometry":{"type":"LineString","coordinates":[[1.9700,49.4238],[1.9716,49.4239]]}},{"type":"Feature","properties":{"name":"L\u0027Avelon"},"geometry":{"type":"LineString","coordinates":[[2.0496,49.4320],[2.0529,49.4320]]}},{"type":"Feature","properties":{"name":"L\u0027Avelon"},"geometry":{"type":"LineString","coordinates":[[2.0202,49.4128],[2.0198,49.4111],[2.0231,49.4101],[2.0315,49.4119],[2.0333,49.4144],[2.0371,49.4156],[2.0380,49.4185],[2.0394,49.4194]]}},{"type":"Feature","properties":{"name":"L\u0027Avelon"},"geometry":{"type":"LineString","coordinates":[[1.9958,49.4222],[2.0072,49.4186],[2.0134,49.4189],[2.0180,49.4158],[2.0202,49.4128]]}},{"type":"Feature","properties":{"name":"L\u0027Avelon"},"geometry":{"type":"LineString","coordinates":[[1.9947,49.4228],[1.9951,49.4226]]}},{"type":"Feature","properties":{"name":"L\u0027Avelon"},"geometry":{"type":"LineString","coordinates":[[1.9871,49.4223],[1.9947,49.4228]]}},{"type":"Feature","properties":{"name":"L\u0027Avelon"},"geometry":{"type":"LineString","coordinates":[[1.9792,49.4235],[1.9871,49.4223]]}},{"type":"Feature","properties":{"name":"L\u0027Avelon"},"geometry":{"type":"LineString","coordinates":[[1.9717,49.4239],[1.9718,49.4239]]}},{"type":"Feature","properties":{"name":"L\u0027Avelon"},"geometry":{"type":"LineString","coordinates":[[1.9716,49.4239],[1.9717,49.4239]]}},{"type":"Feature","properties":{"name":"L\u0027Avelon"},"geometry":{"type":"LineString","coordinates":[[1.9951,49.4226],[1.9958,49.4222]]}},{"type":"Feature","properties":{"name":"L\u0027Avelon"},"geometry":{"type":"LineString","coordinates":[[1.9944,49.4227],[1.9958,49.4222]]}},{"type":"Feature","properties":{"name":"Le Thérain"},"geometry":{"type":"LineString","coordinates":[[2.0397,49.4735],[2.0397,49.4716],[2.0413,49.4704],[2.0413,49.4693],[2.0479,49.4674],[2.0478,49.4658],[2.0497,49.4654],[2.0498,49.4637]]}},{"type":"Feature","properties":{"name":"Le Thérain"},"geometry":{"type":"LineString","coordinates":[[2.0186,49.4890],[2.0217,49.4857],[2.0274,49.4835],[2.0261,49.4822],[2.0266,49.4815],[2.0281,49.4815],[2.0314,49.4783],[2.0367,49.4764],[2.0359,49.4756],[2.0397,49.4735]]}},{"type":"Feature","properties":{"name":"Le Thérain"},"geometry":{"type":"LineString","coordinates":[[1.9967,49.4927],[2.0015,49.4900],[2.0055,49.4906],[2.0186,49.4890]]}},{"type":"Feature","properties":{"name":"Le Thérain"},"geometry":{"type":"LineString","coordinates":[[1.9599,49.5077],[1.9632,49.5078],[1.9686,49.5061],[1.9701,49.5071],[1.9732,49.5047],[1.9746,49.5057],[1.9796,49.5029],[1.9859,49.5024],[1.9875,49.5004],[1.9947,49.4989],[1.9959,49.4977],[1.9947,49.4954],[1.9967,49.4927]]}},{"type":"Feature","properties":{"name":"Le Thérain"},"geometry":{"type":"LineString","coordinates":[[2.0556,49.4593],[2.0609,49.4567],[2.0617,49.4499],[2.0710,49.4445],[2.0769,49.4376]]}},{"type":"Feature","properties":{"name":"Le Thérain"},"geometry":{"type":"LineString","coordinates":[[1.9287,49.5166],[1.9359,49.5150],[1.9435,49.5149],[1.9433,49.5137],[1.9467,49.5140],[1.9519,49.5119],[1.9525,49.5107],[1.9510,49.5092],[1.9524,49.5078],[1.9584,49.5065],[1.9599,49.5077]]}},{"type":"Feature","properties":{"name":"Le Thérain"},"geometry":{"type":"LineString","coordinates":[[1.9134,49.5203],[1.9147,49.5202],[1.9157,49.5219],[1.9197,49.5219],[1.9231,49.5209],[1.9251,49.5170],[1.9287,49.5166]]}},{"type":"Feature","properties":{"name":"Le Thérain"},"geometry":{"type":"LineString","coordinates":[[1.8847,49.5273],[1.8916,49.5238],[1.8958,49.5239],[1.8984,49.5250],[1.9061,49.5209],[1.9134,49.5203]]}},{"type":"Feature","properties":{"name":"Le Thérain"},"geometry":{"type":"LineString","coordinates":[[1.8691,49.5390],[1.8705,49.5381],[1.8705,49.5366],[1.8745,49.5356],[1.8760,49.5336],[1.8753,49.5331],[1.8780,49.5325],[1.8793,49.5305],[1.8840,49.5296],[1.8835,49.5277],[1.8847,49.5273]]}},{"type":"Feature","properties":{"name":"Le Thérain"},"geometry":{"type":"LineString","coordinates":[[1.8267,49.5499],[1.8284,49.5501],[1.8298,49.5489],[1.8323,49.5505],[1.8425,49.5501],[1.8514,49.5481]]}},{"type":"Feature","properties":{"name":"Le Thérain"},"geometry":{"type":"LineString","coordinates":[[1.8632,49.5396],[1.8673,49.5388]]}},{"type":"Feature","properties":{"name":"Le Thérain"},"geometry":{"type":"LineString","coordinates":[[1.8514,49.5481],[1.8524,49.5457],[1.8576,49.5440],[1.8597,49.5418]]}},{"type":"Feature","properties":{"name":"Le Thérain"},"geometry":{"type":"LineString","coordinates":[[1.8597,49.5418],[1.8632,49.5396]]}},{"type":"Feature","properties":{"name":"Le Thérain"},"geometry":{"type":"LineString","coordinates":[[1.7490,49.5846],[1.7505,49.5842],[1.7512,49.5852],[1.7549,49.5844],[1.7573,49.5831],[1.7584,49.5817],[1.7577,49.5807],[1.7609,49.5791],[1.7607,49.5783],[1.7715,49.5751]]}},{"type":"Feature","properties":{"name":"Le Thérain"},"geometry":{"type":"LineString","coordinates":[[1.7796,49.5616],[1.7811,49.5614],[1.7816,49.5598],[1.7879,49.5578]]}},{"type":"Feature","properties":{"name":"Le Thérain"},"geometry":{"type":"LineString","coordinates":[[1.7721,49.5671],[1.7767,49.5657],[1.7787,49.5616],[1.7796,49.5616]]}},{"type":"Feature","properties":{"name":"Le Thérain"},"geometry":{"type":"LineString","coordinates":[[1.7972,49.5531],[1.8033,49.5494],[1.8079,49.5498]]}},{"type":"Feature","properties":{"name":"Le Thérain"},"geometry":{"type":"LineString","coordinates":[[1.8079,49.5498],[1.8128,49.5509],[1.8194,49.5498]]}},{"type":"Feature","properties":{"name":"Le Thérain"},"geometry":{"type":"LineString","coordinates":[[1.7879,49.5578],[1.7933,49.5561],[1.7947,49.5538]]}},{"type":"Feature","properties":{"name":"Le Thérain"},"geometry":{"type":"LineString","coordinates":[[1.7947,49.5538],[1.7972,49.5531]]}},{"type":"Feature","properties":{"name":"Le Thérain"},"geometry":{"type":"LineString","coordinates":[[1.8194,49.5498],[1.8202,49.5490],[1.8238,49.5502],[1.8267,49.5499]]}},{"type":"Feature","properties":{"name":"Le Thérain"},"geometry":{"type":"LineString","coordinates":[[1.7058,49.6058],[1.7185,49.5996],[1.7211,49.5967],[1.7313,49.5916],[1.7335,49.5913]]}},{"type":"Feature","properties":{"name":"Le Thérain"},"geometry":{"type":"LineString","coordinates":[[1.7715,49.5751],[1.7715,49.5728],[1.7728,49.5715],[1.7703,49.5691],[1.7721,49.5671]]}},{"type":"Feature","properties":{"name":"Le Thérain"},"geometry":{"type":"LineString","coordinates":[[1.7398,49.5919],[1.7424,49.5903],[1.7411,49.5894],[1.7437,49.5880],[1.7445,49.5862],[1.7490,49.5846]]}},{"type":"Feature","properties":{"name":"Le Thérain"},"geometry":{"type":"LineString","coordinates":[[2.0753,49.4267],[2.0776,49.4262]]}},{"type":"Feature","properties":{"name":"Le Thérain"},"geometry":{"type":"LineString","coordinates":[[2.0751,49.4266],[2.0759,49.4266]]}},{"type":"Feature","properties":{"name":"Le Thérain"},"geometry":{"type":"LineString","coordinates":[[2.0773,49.4372],[2.0816,49.4350],[2.0786,49.4331]]}},{"type":"Feature","properties":{"name":"Le Thérain"},"geometry":{"type":"LineString","coordinates":[[2.0769,49.4376],[2.0773,49.4372]]}},{"type":"Feature","properties":{"name":"Le Thérain"},"geometry":{"type":"LineString","coordinates":[[2.1761,49.4027],[2.1781,49.4005],[2.1856,49.3965],[2.1883,49.3971],[2.1905,49.3944],[2.1927,49.3945],[2.1928,49.3929],[2.1917,49.3923],[2.1968,49.3873],[2.2070,49.3842],[2.2081,49.3831],[2.2124,49.3841],[2.2139,49.3824]]}},{"type":"Feature","properties":{"name":"Le Thérain"},"geometry":{"type":"LineString","coordinates":[[2.0776,49.4262],[2.0812,49.4261]]}},{"type":"Feature","properties":{"name":"Le Thérain"},"geometry":{"type":"LineString","coordinates":[[2.1311,49.4191],[2.1320,49.4193],[2.1311,49.4203],[2.1332,49.4200],[2.1360,49.4227],[2.1501,49.4199],[2.1538,49.4179],[2.1556,49.4158],[2.1592,49.4145],[2.1604,49.4117],[2.1626,49.4116],[2.1676,49.4084],[2.1672,49.4073],[2.1680,49.4062],[2.1709,49.4064],[2.1718,49.4048],[2.1757,49.4029]]}},{"type":"Feature","properties":{"name":"Le Thérain"},"geometry":{"type":"LineString","coordinates":[[2.1302,49.4182],[2.1311,49.4191]]}},{"type":"Feature","properties":{"name":"Le Thérain"},"geometry":{"type":"LineString","coordinates":[[1.8673,49.5388],[1.8691,49.5390]]}},{"type":"Feature","properties":{"name":"Le Thérain"},"geometry":{"type":"LineString","coordinates":[[2.0786,49.4331],[2.0782,49.4325]]}},{"type":"Feature","properties":{"name":"Le Thérain"},"geometry":{"type":"LineString","coordinates":[[2.0782,49.4325],[2.0747,49.4279],[2.0751,49.4264],[2.0812,49.4261]]}},{"type":"Feature","properties":{"name":"Le Thérain"},"geometry":{"type":"LineString","coordinates":[[2.0812,49.4261],[2.0898,49.4244],[2.0904,49.4238],[2.0892,49.4226],[2.0946,49.4206],[2.1049,49.4228],[2.1058,49.4221],[2.1037,49.4204],[2.1056,49.4194],[2.1086,49.4198],[2.1254,49.4173],[2.1302,49.4182]]}},{"type":"Feature","properties":{"name":"Le Thérain"},"geometry":{"type":"LineString","coordinates":[[2.1072,49.4195],[2.1095,49.4192]]}},{"type":"Feature","properties":{"name":"Le Thérain"},"geometry":{"type":"LineString","coordinates":[[2.1320,49.4193],[2.1332,49.4200]]}},{"type":"Feature","properties":{"name":"Le Thérain"},"geometry":{"type":"LineString","coordinates":[[2.1300,49.4184],[2.1304,49.4182]]}},{"type":"Feature","properties":{"name":"Le Thérain"},"geometry":{"type":"LineString","coordinates":[[1.7396,49.5919],[1.7398,49.5919]]}},{"type":"Feature","properties":{"name":"Le Thérain"},"geometry":{"type":"LineString","coordinates":[[1.7335,49.5913],[1.7396,49.5919]]}},{"type":"Feature","properties":{"name":"Le Thérain"},"geometry":{"type":"LineString","coordinates":[[2.1301,49.4183],[2.1301,49.4188]]}},{"type":"Feature","properties":{"name":"Le Thérain"},"geometry":{"type":"LineString","coordinates":[[2.1302,49.4182],[2.1315,49.4190]]}},{"type":"Feature","properties":{"name":"Le Thérain"},"geometry":{"type":"LineString","coordinates":[[2.1757,49.4029],[2.1761,49.4027]]}},{"type":"Feature","properties":{"name":"Le Thérain"},"geometry":{"type":"LineString","coordinates":[[2.1756,49.4029],[2.1773,49.4034],[2.1773,49.4021]]}},{"type":"Feature","properties":{"name":"Le Thérain"},"geometry":{"type":"LineString","coordinates":[[1.9947,49.4954],[1.9939,49.4945],[1.9960,49.4935]]}},{"type":"Feature","properties":{"name":"Le Thérain"},"geometry":{"type":"LineString","coordinates":[[2.0498,49.4637],[2.0507,49.4616],[2.0539,49.4593],[2.0574,49.4595],[2.0616,49.4569]]}},{"type":"Feature","properties":{"name":"L\u0027Ailette"},"geometry":{"type":"LineString","coordinates":[[3.1933,49.5717],[3.1873,49.5722],[3.1842,49.5713],[3.1829,49.5723],[3.1672,49.5753],[3.1648,49.5771],[3.1625,49.5765],[3.1624,49.5775],[3.1614,49.5777]]}},{"type":"Feature","properties":{"name":"L\u0027Avre"},"geometry":{"type":"LineString","coordinates":[[2.5212,49.7301],[2.5114,49.7357],[2.5088,49.7381],[2.5083,49.7426],[2.5103,49.7440],[2.5097,49.7447],[2.5104,49.7453],[2.5089,49.7505]]}},{"type":"Feature","properties":{"name":"L\u0027Avre"},"geometry":{"type":"LineString","coordinates":[[2.5228,49.7290],[2.5212,49.7301]]}},{"type":"Feature","properties":{"name":"L\u0027Avre"},"geometry":{"type":"LineString","coordinates":[[2.5521,49.7191],[2.5467,49.7173],[2.5429,49.7179],[2.5369,49.7170],[2.5346,49.7178],[2.5338,49.7211],[2.5324,49.7228]]}},{"type":"Feature","properties":{"name":"L\u0027Avre"},"geometry":{"type":"LineString","coordinates":[[2.5324,49.7228],[2.5319,49.7239]]}},{"type":"Feature","properties":{"name":"L\u0027Avre"},"geometry":{"type":"LineString","coordinates":[[2.5314,49.7251],[2.5281,49.7276],[2.5228,49.7290]]}},{"type":"Feature","properties":{"name":"L\u0027Avre"},"geometry":{"type":"LineString","coordinates":[[2.5319,49.7239],[2.5314,49.7251]]}},{"type":"Feature","properties":{"name":"L\u0027Avre"},"geometry":{"type":"LineString","coordinates":[[2.7610,49.6956],[2.7572,49.6942],[2.7488,49.6962],[2.7441,49.6947],[2.7404,49.6954]]}},{"type":"Feature","properties":{"name":"L\u0027Avre"},"geometry":{"type":"LineString","coordinates":[[2.6757,49.6959],[2.6728,49.6957],[2.6671,49.6990],[2.6615,49.6995]]}},{"type":"Feature","properties":{"name":"L\u0027Avre"},"geometry":{"type":"LineString","coordinates":[[2.7208,49.6945],[2.7178,49.6946],[2.7151,49.6966],[2.7105,49.6967]]}},{"type":"Feature","properties":{"name":"L\u0027Avre"},"geometry":{"type":"LineString","coordinates":[[2.6612,49.6994],[2.6598,49.6989]]}},{"type":"Feature","properties":{"name":"L\u0027Avre"},"geometry":{"type":"LineString","coordinates":[[2.6615,49.6995],[2.6612,49.6994]]}},{"type":"Feature","properties":{"name":"L\u0027Avre"},"geometry":{"type":"LineString","coordinates":[[2.5695,49.7099],[2.5713,49.7145],[2.5695,49.7177],[2.5553,49.7198],[2.5521,49.7191]]}},{"type":"Feature","properties":{"name":"L\u0027Avre"},"geometry":{"type":"LineString","coordinates":[[2.7716,49.6924],[2.7650,49.6953],[2.7610,49.6956]]}},{"type":"Feature","properties":{"name":"L\u0027Avre"},"geometry":{"type":"LineString","coordinates":[[2.7610,49.6956],[2.7610,49.6956]]}},{"type":"Feature","properties":{"name":"L\u0027Avre"},"geometry":{"type":"LineString","coordinates":[[2.6869,49.6995],[2.6858,49.7004],[2.6807,49.7003],[2.6780,49.6991],[2.6758,49.6959]]}},{"type":"Feature","properties":{"name":"L\u0027Avre"},"geometry":{"type":"LineString","coordinates":[[2.6758,49.6959],[2.6757,49.6959]]}},{"type":"Feature","properties":{"name":"L\u0027Aisne"},"geometry":{"type":"LineString","coordinates":[[2.9299,49.4150],[2.9258,49.4163],[2.9217,49.4188],[2.9185,49.4246]]}},{"type":"Feature","properties":{"name":"L\u0027Aisne"},"geometry":{"type":"LineString","coordinates":[[2.9415,49.4130],[2.9366,49.4146],[2.9299,49.4150]]}},{"type":"Feature","properties":{"name":"L\u0027Aisne"},"geometry":{"type":"LineString","coordinates":[[2.8601,49.4313],[2.8575,49.4332],[2.8496,49.4344]]}},{"type":"Feature","properties":{"name":"L\u0027Aisne"},"geometry":{"type":"LineString","coordinates":[[2.8496,49.4344],[2.8450,49.4340]]}},{"type":"Feature","properties":{"name":"L\u0027Aisne"},"geometry":{"type":"LineString","coordinates":[[2.9185,49.4246],[2.9141,49.4275],[2.9149,49.4317],[2.9099,49.4342],[2.9031,49.4330],[2.8990,49.4308],[2.8927,49.4295],[2.8888,49.4304]]}},{"type":"Feature","properties":{"name":"L\u0027Aisne"},"geometry":{"type":"LineString","coordinates":[[3.0296,49.4095],[3.0271,49.4100],[3.0247,49.4088]]}},{"type":"Feature","properties":{"name":"L\u0027Aisne"},"geometry":{"type":"LineString","coordinates":[[2.8809,49.4329],[2.8770,49.4360],[2.8730,49.4363],[2.8667,49.4349],[2.8616,49.4310],[2.8601,49.4313]]}},{"type":"Feature","properties":{"name":"L\u0027Aisne"},"geometry":{"type":"LineString","coordinates":[[3.1131,49.4021],[3.1085,49.4007]]}},{"type":"Feature","properties":{"name":"L\u0027Aisne"},"geometry":{"type":"LineString","coordinates":[[3.1993,49.3990],[3.1912,49.4003],[3.1796,49.4064],[3.1641,49.4037],[3.1488,49.4041],[3.1374,49.4024],[3.1234,49.4045],[3.1131,49.4021]]}},{"type":"Feature","properties":{"name":"L\u0027Aisne"},"geometry":{"type":"LineString","coordinates":[[2.9532,49.4105],[2.9415,49.4130]]}},{"type":"Feature","properties":{"name":"L\u0027Aisne"},"geometry":{"type":"LineString","coordinates":[[3.1085,49.4007],[3.0971,49.3981],[3.0889,49.3984],[3.0730,49.3970],[3.0612,49.3991],[3.0485,49.4069],[3.0390,49.4089],[3.0296,49.4095]]}},{"type":"Feature","properties":{"name":"L\u0027Aisne"},"geometry":{"type":"LineString","coordinates":[[3.0247,49.4088],[3.0042,49.4066],[2.9943,49.4093],[2.9899,49.4122],[2.9784,49.4098],[2.9733,49.4111],[2.9696,49.4111],[2.9625,49.4083],[2.9601,49.4086]]}},{"type":"Feature","properties":{"name":"L\u0027Aisne"},"geometry":{"type":"LineString","coordinates":[[2.9601,49.4086],[2.9574,49.4105],[2.9532,49.4105]]}},{"type":"Feature","properties":{"name":"L\u0027Aisne"},"geometry":{"type":"LineString","coordinates":[[2.8888,49.4304],[2.8857,49.4330],[2.8809,49.4329]]}},{"type":"Feature","properties":{"name":"La Morette"},"geometry":{"type":"LineString","coordinates":[[1.6739,49.5030],[1.6817,49.5008],[1.6870,49.4977],[1.6924,49.4989],[1.6966,49.4982],[1.7007,49.4949],[1.7069,49.4947],[1.7112,49.4917],[1.7183,49.4895],[1.7244,49.4858],[1.7269,49.4858]]}},{"type":"Feature","properties":{"name":"La Morette"},"geometry":{"type":"LineString","coordinates":[[1.6737,49.5029],[1.6739,49.5030]]}},{"type":"Feature","properties":{"name":"La Morette"},"geometry":{"type":"LineString","coordinates":[[1.6588,49.5081],[1.6646,49.5060],[1.6656,49.5042],[1.6687,49.5054],[1.6737,49.5029]]}},{"type":"Feature","properties":{"name":"La Morette"},"geometry":{"type":"LineString","coordinates":[[1.7269,49.4858],[1.7274,49.4857]]}},{"type":"Feature","properties":{"name":"La Morette"},"geometry":{"type":"LineString","coordinates":[[1.7274,49.4857],[1.7305,49.4850]]}},{"type":"Feature","properties":{"name":"Avre"},"geometry":{"type":"LineString","coordinates":[[2.5089,49.7505],[2.5103,49.7519],[2.5072,49.7539],[2.4943,49.7538],[2.4924,49.7545],[2.4906,49.7565],[2.4914,49.7644],[2.4896,49.7671],[2.4863,49.7694],[2.4846,49.7689],[2.4782,49.7701],[2.4743,49.7736],[2.4721,49.7738],[2.4697,49.7759],[2.4643,49.7828],[2.4616,49.7839],[2.4576,49.7898],[2.4590,49.7911],[2.4568,49.7925],[2.4556,49.7954],[2.4490,49.7994],[2.4510,49.8018],[2.4502,49.8033],[2.4515,49.8041],[2.4499,49.8063],[2.4434,49.8089],[2.4375,49.8072],[2.4296,49.8071],[2.4268,49.8095],[2.4268,49.8105],[2.4250,49.8103],[2.4229,49.8126],[2.4174,49.8125],[2.4181,49.8143],[2.4161,49.8150],[2.4174,49.8162],[2.4182,49.8203],[2.4195,49.8208],[2.4200,49.8228],[2.4214,49.8229],[2.4207,49.8245],[2.4216,49.8268],[2.4201,49.8267],[2.4182,49.8294],[2.4062,49.8299],[2.4046,49.8313],[2.4021,49.8318],[2.3959,49.8422],[2.3950,49.8462],[2.3806,49.8515],[2.3764,49.8552],[2.3742,49.8550],[2.3737,49.8537],[2.3717,49.8550],[2.3697,49.8541],[2.3683,49.8548],[2.3659,49.8540],[2.3650,49.8551],[2.3587,49.8574],[2.3506,49.8592],[2.3465,49.8632],[2.3455,49.8658]]}},{"type":"Feature","properties":{"name":"Avre"},"geometry":{"type":"LineString","coordinates":[[2.7850,49.6960],[2.7770,49.6956],[2.7750,49.6929],[2.7724,49.6923]]}},{"type":"Feature","properties":{"name":"L\u0027Aubette"},"geometry":{"type":"LineString","coordinates":[[1.7762,49.1518],[1.7690,49.1499],[1.7672,49.1483],[1.7647,49.1477],[1.7652,49.1466],[1.7560,49.1445]]}},{"type":"Feature","properties":{"name":"L\u0027Aubette"},"geometry":{"type":"LineString","coordinates":[[1.7940,49.1591],[1.7921,49.1593]]}},{"type":"Feature","properties":{"name":"L\u0027Aubette"},"geometry":{"type":"LineString","coordinates":[[1.7921,49.1593],[1.7918,49.1592]]}},{"type":"Feature","properties":{"name":"L\u0027Aubette"},"geometry":{"type":"LineString","coordinates":[[1.7870,49.1583],[1.7866,49.1579]]}},{"type":"Feature","properties":{"name":"L\u0027Aubette"},"geometry":{"type":"LineString","coordinates":[[1.7918,49.1592],[1.7860,49.1576]]}},{"type":"Feature","properties":{"name":"L\u0027Aubette"},"geometry":{"type":"LineString","coordinates":[[1.7870,49.1583],[1.7870,49.1583]]}},{"type":"Feature","properties":{"name":"L\u0027Aubette"},"geometry":{"type":"LineString","coordinates":[[1.7870,49.1583],[1.7870,49.1583]]}},{"type":"Feature","properties":{"name":"L\u0027Aubette"},"geometry":{"type":"LineString","coordinates":[[1.7947,49.1585],[1.7941,49.1591]]}},{"type":"Feature","properties":{"name":"L\u0027Aubette"},"geometry":{"type":"LineString","coordinates":[[1.7941,49.1591],[1.7940,49.1591]]}},{"type":"Feature","properties":{"name":"L\u0027Aubette"},"geometry":{"type":"LineString","coordinates":[[1.8023,49.1583],[1.8021,49.1582]]}},{"type":"Feature","properties":{"name":"L\u0027Aubette"},"geometry":{"type":"LineString","coordinates":[[1.8215,49.1636],[1.8164,49.1631],[1.8120,49.1601],[1.8075,49.1596]]}},{"type":"Feature","properties":{"name":"L\u0027Aubette"},"geometry":{"type":"LineString","coordinates":[[1.8391,49.1632],[1.8290,49.1626]]}},{"type":"Feature","properties":{"name":"L\u0027Aubette"},"geometry":{"type":"LineString","coordinates":[[1.7058,49.1504],[1.7058,49.1512],[1.6996,49.1530],[1.6948,49.1523],[1.6835,49.1494],[1.6781,49.1453],[1.6721,49.1440],[1.6714,49.1445]]}},{"type":"Feature","properties":{"name":"L\u0027Aubette"},"geometry":{"type":"LineString","coordinates":[[1.7303,49.1481],[1.7271,49.1486],[1.7190,49.1477],[1.7115,49.1493]]}},{"type":"Feature","properties":{"name":"L\u0027Aubette"},"geometry":{"type":"LineString","coordinates":[[1.7781,49.1524],[1.7762,49.1518]]}},{"type":"Feature","properties":{"name":"L\u0027Aubette"},"geometry":{"type":"LineString","coordinates":[[1.7786,49.1525],[1.7781,49.1524]]}},{"type":"Feature","properties":{"name":"L\u0027Aubette"},"geometry":{"type":"LineString","coordinates":[[1.7827,49.1554],[1.7786,49.1525]]}},{"type":"Feature","properties":{"name":"L\u0027Aubette"},"geometry":{"type":"LineString","coordinates":[[1.8021,49.1582],[1.8008,49.1575],[1.7964,49.1582]]}},{"type":"Feature","properties":{"name":"L\u0027Aubette"},"geometry":{"type":"LineString","coordinates":[[1.7964,49.1582],[1.7947,49.1585]]}},{"type":"Feature","properties":{"name":"L\u0027Aubette"},"geometry":{"type":"LineString","coordinates":[[1.8290,49.1626],[1.8215,49.1636]]}},{"type":"Feature","properties":{"name":"L\u0027Aubette"},"geometry":{"type":"LineString","coordinates":[[1.7103,49.1494],[1.7058,49.1504]]}},{"type":"Feature","properties":{"name":"L\u0027Aubette"},"geometry":{"type":"LineString","coordinates":[[1.6707,49.1444],[1.6661,49.1449],[1.6578,49.1488]]}},{"type":"Feature","properties":{"name":"L\u0027Aubette"},"geometry":{"type":"LineString","coordinates":[[1.6714,49.1445],[1.6707,49.1444]]}},{"type":"Feature","properties":{"name":"L\u0027Aubette"},"geometry":{"type":"LineString","coordinates":[[1.8075,49.1596],[1.8053,49.1589]]}},{"type":"Feature","properties":{"name":"L\u0027Aubette"},"geometry":{"type":"LineString","coordinates":[[1.7115,49.1493],[1.7103,49.1494]]}},{"type":"Feature","properties":{"name":"L\u0027Aubette"},"geometry":{"type":"LineString","coordinates":[[1.7560,49.1445],[1.7513,49.1438],[1.7414,49.1462],[1.7342,49.1464],[1.7330,49.1476],[1.7303,49.1481]]}},{"type":"Feature","properties":{"name":"L\u0027Aubette"},"geometry":{"type":"LineString","coordinates":[[1.7560,49.1445],[1.7560,49.1445]]}},{"type":"Feature","properties":{"name":"L\u0027Aubette"},"geometry":{"type":"LineString","coordinates":[[1.7866,49.1579],[1.7866,49.1579]]}},{"type":"Feature","properties":{"name":"La Thérouanne"},"geometry":{"type":"LineString","coordinates":[[2.9106,49.0369],[2.9186,49.0385],[2.9245,49.0382],[2.9275,49.0343]]}},{"type":"Feature","properties":{"name":"La Thérouanne"},"geometry":{"type":"LineString","coordinates":[[2.7930,49.0784],[2.7939,49.0784]]}},{"type":"Feature","properties":{"name":"La Thérouanne"},"geometry":{"type":"LineString","coordinates":[[2.8004,49.0790],[2.8035,49.0783],[2.8084,49.0740]]}},{"type":"Feature","properties":{"name":"La Thérouanne"},"geometry":{"type":"LineString","coordinates":[[2.8118,49.0733],[2.8205,49.0732],[2.8204,49.0715],[2.8275,49.0707],[2.8315,49.0687],[2.8325,49.0667],[2.8379,49.0639],[2.8517,49.0631],[2.8589,49.0591],[2.8634,49.0598],[2.8678,49.0591],[2.8690,49.0577],[2.8691,49.0545],[2.8703,49.0536],[2.8830,49.0518],[2.8871,49.0491],[2.8923,49.0480],[2.8925,49.0446],[2.8934,49.0436],[2.8982,49.0427],[2.9033,49.0438],[2.9043,49.0395],[2.9064,49.0377],[2.9116,49.0361],[2.9196,49.0382],[2.9273,49.0373],[2.9284,49.0353],[2.9275,49.0341],[2.9300,49.0329],[2.9369,49.0340],[2.9385,49.0350],[2.9434,49.0321],[2.9456,49.0289],[2.9527,49.0269],[2.9549,49.0237],[2.9572,49.0231],[2.9622,49.0242],[2.9635,49.0198],[2.9658,49.0187],[2.9703,49.0202],[2.9753,49.0240],[2.9778,49.0237],[2.9801,49.0215],[2.9796,49.0177],[2.9822,49.0154]]}},{"type":"Feature","properties":{"name":"La Thérouanne"},"geometry":{"type":"LineString","coordinates":[[2.8084,49.0740],[2.8087,49.0739]]}},{"type":"Feature","properties":{"name":"La Thérouanne"},"geometry":{"type":"LineString","coordinates":[[2.7999,49.0791],[2.8004,49.0790]]}},{"type":"Feature","properties":{"name":"La Thérouanne"},"geometry":{"type":"LineString","coordinates":[[2.7939,49.0784],[2.7999,49.0791]]}},{"type":"Feature","properties":{"name":"La Thérouanne"},"geometry":{"type":"LineString","coordinates":[[2.8087,49.0739],[2.8111,49.0734]]}},{"type":"Feature","properties":{"name":"La Thérouanne"},"geometry":{"type":"LineString","coordinates":[[2.8111,49.0734],[2.8118,49.0733]]}},{"type":"Feature","properties":{"name":"La Nonette"},"geometry":{"type":"LineString","coordinates":[[2.4254,49.1990],[2.4225,49.1986]]}},{"type":"Feature","properties":{"name":"La Nonette"},"geometry":{"type":"LineString","coordinates":[[2.4291,49.1979],[2.4254,49.1990]]}},{"type":"Feature","properties":{"name":"La Nonette"},"geometry":{"type":"LineString","coordinates":[[2.4308,49.1974],[2.4291,49.1979]]}},{"type":"Feature","properties":{"name":"La Nonette"},"geometry":{"type":"LineString","coordinates":[[2.4355,49.1962],[2.4316,49.1972]]}},{"type":"Feature","properties":{"name":"La Nonette"},"geometry":{"type":"LineString","coordinates":[[2.4387,49.1948],[2.4380,49.1964],[2.4355,49.1962]]}},{"type":"Feature","properties":{"name":"La Nonette"},"geometry":{"type":"LineString","coordinates":[[2.5077,49.1953],[2.5011,49.1959],[2.4990,49.1951],[2.4794,49.1990],[2.4386,49.1961]]}},{"type":"Feature","properties":{"name":"La Nonette"},"geometry":{"type":"LineString","coordinates":[[2.5146,49.1968],[2.5078,49.1953]]}},{"type":"Feature","properties":{"name":"La Nonette"},"geometry":{"type":"LineString","coordinates":[[2.5341,49.1975],[2.5331,49.1975]]}},{"type":"Feature","properties":{"name":"La Nonette"},"geometry":{"type":"LineString","coordinates":[[2.6828,49.1704],[2.6821,49.1718]]}},{"type":"Feature","properties":{"name":"La Nonette"},"geometry":{"type":"LineString","coordinates":[[2.6821,49.1718],[2.6805,49.1757],[2.6757,49.1771],[2.6743,49.1794],[2.6661,49.1781],[2.6591,49.1810],[2.6561,49.1810],[2.6479,49.1847],[2.6410,49.1903],[2.6382,49.1913],[2.6301,49.1912],[2.6268,49.1925],[2.6224,49.1901],[2.6164,49.1888],[2.6161,49.1870],[2.6152,49.1869],[2.6139,49.1915],[2.6107,49.1930],[2.6058,49.1975]]}},{"type":"Feature","properties":{"name":"La Nonette"},"geometry":{"type":"LineString","coordinates":[[2.3999,49.2025],[2.3999,49.2039]]}},{"type":"Feature","properties":{"name":"La Nonette"},"geometry":{"type":"LineString","coordinates":[[2.4183,49.1972],[2.4180,49.1970]]}},{"type":"Feature","properties":{"name":"La Nonette"},"geometry":{"type":"LineString","coordinates":[[2.4225,49.1986],[2.4210,49.1987],[2.4183,49.1972]]}},{"type":"Feature","properties":{"name":"La Nonette"},"geometry":{"type":"LineString","coordinates":[[2.4138,49.1931],[2.4126,49.1937],[2.4099,49.1923],[2.4081,49.1926],[2.4046,49.1952],[2.4033,49.1950],[2.4013,49.1989],[2.4029,49.1992],[2.4022,49.1997],[2.4029,49.2003],[2.3998,49.2023]]}},{"type":"Feature","properties":{"name":"La Nonette"},"geometry":{"type":"LineString","coordinates":[[2.4188,49.1974],[2.4183,49.1972]]}},{"type":"Feature","properties":{"name":"La Nonette"},"geometry":{"type":"LineString","coordinates":[[2.3998,49.2023],[2.3999,49.2025]]}},{"type":"Feature","properties":{"name":"La Nonette"},"geometry":{"type":"LineString","coordinates":[[2.4316,49.1972],[2.4308,49.1974]]}},{"type":"Feature","properties":{"name":"La Nonette"},"geometry":{"type":"LineString","coordinates":[[2.5160,49.1967],[2.5146,49.1968]]}},{"type":"Feature","properties":{"name":"La Nonette"},"geometry":{"type":"LineString","coordinates":[[2.5078,49.1953],[2.5077,49.1953]]}},{"type":"Feature","properties":{"name":"La Nonette"},"geometry":{"type":"LineString","coordinates":[[2.5907,49.2022],[2.5837,49.2025]]}},{"type":"Feature","properties":{"name":"La Nonette"},"geometry":{"type":"LineString","coordinates":[[2.5913,49.2023],[2.5907,49.2022]]}},{"type":"Feature","properties":{"name":"La Nonette"},"geometry":{"type":"LineString","coordinates":[[2.5921,49.2022],[2.5919,49.2022]]}},{"type":"Feature","properties":{"name":"La Nonette"},"geometry":{"type":"LineString","coordinates":[[2.5919,49.2022],[2.5913,49.2023]]}},{"type":"Feature","properties":{"name":"La Nonette"},"geometry":{"type":"LineString","coordinates":[[2.4318,49.1972],[2.4305,49.1955],[2.4295,49.1956],[2.4254,49.1990]]}},{"type":"Feature","properties":{"name":"La Nonette"},"geometry":{"type":"LineString","coordinates":[[2.5324,49.1970],[2.5160,49.1967]]}},{"type":"Feature","properties":{"name":"La Nonette"},"geometry":{"type":"LineString","coordinates":[[2.5341,49.1975],[2.5324,49.1970]]}},{"type":"Feature","properties":{"name":"La Nonette"},"geometry":{"type":"LineString","coordinates":[[2.5331,49.1975],[2.5324,49.1972]]}},{"type":"Feature","properties":{"name":"La Nonette"},"geometry":{"type":"LineString","coordinates":[[2.5324,49.1972],[2.5324,49.1970]]}},{"type":"Feature","properties":{"name":"La Nonette"},"geometry":{"type":"LineString","coordinates":[[2.5821,49.2028],[2.5819,49.2029]]}},{"type":"Feature","properties":{"name":"La Nonette"},"geometry":{"type":"LineString","coordinates":[[2.5819,49.2029],[2.5782,49.2035],[2.5758,49.2024],[2.5709,49.2024],[2.5670,49.2015],[2.5647,49.1999],[2.5632,49.2005],[2.5592,49.1990],[2.5477,49.1992],[2.5455,49.1974],[2.5341,49.1975]]}},{"type":"Feature","properties":{"name":"La Nonette"},"geometry":{"type":"LineString","coordinates":[[2.4180,49.1970],[2.4162,49.1948],[2.4169,49.1926]]}},{"type":"Feature","properties":{"name":"La Nonette"},"geometry":{"type":"LineString","coordinates":[[2.5693,49.2019],[2.5682,49.2016]]}},{"type":"Feature","properties":{"name":"La Nonette"},"geometry":{"type":"LineString","coordinates":[[2.5779,49.2032],[2.5767,49.2030]]}},{"type":"Feature","properties":{"name":"La Nonette"},"geometry":{"type":"LineString","coordinates":[[2.5771,49.2031],[2.5771,49.2030]]}},{"type":"Feature","properties":{"name":"La Nonette"},"geometry":{"type":"LineString","coordinates":[[2.5910,49.2015],[2.5888,49.2018]]}},{"type":"Feature","properties":{"name":"La Nonette"},"geometry":{"type":"LineString","coordinates":[[2.5918,49.2022],[2.5911,49.2014]]}},{"type":"Feature","properties":{"name":"La Nonette"},"geometry":{"type":"LineString","coordinates":[[2.5911,49.2014],[2.5910,49.2015]]}},{"type":"Feature","properties":{"name":"La Nonette"},"geometry":{"type":"LineString","coordinates":[[2.6038,49.1982],[2.5982,49.1987],[2.5917,49.2010]]}},{"type":"Feature","properties":{"name":"La Nonette"},"geometry":{"type":"LineString","coordinates":[[2.5915,49.2009],[2.5834,49.2023]]}},{"type":"Feature","properties":{"name":"La Nonette"},"geometry":{"type":"LineString","coordinates":[[2.5917,49.2010],[2.5915,49.2009]]}},{"type":"Feature","properties":{"name":"La Nonette"},"geometry":{"type":"LineString","coordinates":[[2.6047,49.1979],[2.5985,49.2009],[2.5923,49.2023]]}},{"type":"Feature","properties":{"name":"La Nonette"},"geometry":{"type":"LineString","coordinates":[[2.6058,49.1975],[2.6047,49.1979]]}},{"type":"Feature","properties":{"name":"La Nonette"},"geometry":{"type":"LineString","coordinates":[[2.5829,49.2028],[2.5821,49.2028]]}},{"type":"Feature","properties":{"name":"La Nonette"},"geometry":{"type":"LineString","coordinates":[[2.5835,49.2026],[2.5829,49.2028]]}},{"type":"Feature","properties":{"name":"La Nonette"},"geometry":{"type":"LineString","coordinates":[[2.5837,49.2025],[2.5835,49.2026]]}},{"type":"Feature","properties":{"name":"La Nonette"},"geometry":{"type":"LineString","coordinates":[[2.5923,49.2023],[2.5922,49.2023]]}},{"type":"Feature","properties":{"name":"La Nonette"},"geometry":{"type":"LineString","coordinates":[[2.5922,49.2023],[2.5921,49.2022]]}},{"type":"Feature","properties":{"name":"La Nonette"},"geometry":{"type":"LineString","coordinates":[[2.4143,49.1926],[2.4143,49.1927]]}},{"type":"Feature","properties":{"name":"La Nonette"},"geometry":{"type":"LineString","coordinates":[[2.4143,49.1924],[2.4143,49.1925]]}},{"type":"Feature","properties":{"name":"La Nonette"},"geometry":{"type":"LineString","coordinates":[[2.4143,49.1925],[2.4143,49.1926]]}},{"type":"Feature","properties":{"name":"La Bonde"},"geometry":{"type":"LineString","coordinates":[[1.6212,49.2944],[1.6249,49.2908],[1.6289,49.2885],[1.6292,49.2861],[1.6278,49.2832],[1.6302,49.2801],[1.6326,49.2794],[1.6424,49.2821],[1.6470,49.2807],[1.6554,49.2838],[1.6661,49.2843],[1.6712,49.2865],[1.6788,49.2868],[1.6847,49.2883],[1.6851,49.2893],[1.6918,49.2892],[1.6931,49.2906]]}},{"type":"Feature","properties":{"name":"La Bonde"},"geometry":{"type":"LineString","coordinates":[[1.6940,49.2913],[1.6983,49.2931],[1.7043,49.2934],[1.7065,49.2932],[1.7074,49.2920]]}},{"type":"Feature","properties":{"name":"La Bonde"},"geometry":{"type":"LineString","coordinates":[[1.6931,49.2906],[1.6932,49.2906]]}},{"type":"Feature","properties":{"name":"La Bonde"},"geometry":{"type":"LineString","coordinates":[[1.6932,49.2906],[1.6940,49.2913]]}},{"type":"Feature","properties":{"name":"L’Esches"},"geometry":{"type":"LineString","coordinates":[[2.2710,49.1452],[2.2738,49.1422]]}},{"type":"Feature","properties":{"name":"L’Esches"},"geometry":{"type":"LineString","coordinates":[[2.2675,49.1479],[2.2695,49.1456],[2.2707,49.1458]]}},{"type":"Feature","properties":{"name":"L’Esches"},"geometry":{"type":"LineString","coordinates":[[2.2649,49.1515],[2.2675,49.1479]]}},{"type":"Feature","properties":{"name":"L’Esches"},"geometry":{"type":"LineString","coordinates":[[2.2643,49.1525],[2.2649,49.1515]]}},{"type":"Feature","properties":{"name":"L’Esches"},"geometry":{"type":"LineString","coordinates":[[2.2612,49.1551],[2.2643,49.1525]]}},{"type":"Feature","properties":{"name":"L’Esches"},"geometry":{"type":"LineString","coordinates":[[2.2608,49.1554],[2.2610,49.1552]]}},{"type":"Feature","properties":{"name":"L’Esches"},"geometry":{"type":"LineString","coordinates":[[2.2607,49.1554],[2.2608,49.1554]]}},{"type":"Feature","properties":{"name":"L’Esches"},"geometry":{"type":"LineString","coordinates":[[2.2599,49.1561],[2.2607,49.1554]]}},{"type":"Feature","properties":{"name":"L’Esches"},"geometry":{"type":"LineString","coordinates":[[2.2588,49.1574],[2.2599,49.1561]]}},{"type":"Feature","properties":{"name":"L’Esches"},"geometry":{"type":"LineString","coordinates":[[2.2570,49.1584],[2.2588,49.1574]]}},{"type":"Feature","properties":{"name":"L’Esches"},"geometry":{"type":"LineString","coordinates":[[2.2495,49.1617],[2.2570,49.1584]]}},{"type":"Feature","properties":{"name":"L’Esches"},"geometry":{"type":"LineString","coordinates":[[2.2469,49.1633],[2.2495,49.1617]]}},{"type":"Feature","properties":{"name":"L’Esches"},"geometry":{"type":"LineString","coordinates":[[2.2434,49.1660],[2.2459,49.1649],[2.2468,49.1634]]}},{"type":"Feature","properties":{"name":"L’Esches"},"geometry":{"type":"LineString","coordinates":[[2.2405,49.1680],[2.2434,49.1660]]}},{"type":"Feature","properties":{"name":"L’Esches"},"geometry":{"type":"LineString","coordinates":[[2.2377,49.1685],[2.2405,49.1680]]}},{"type":"Feature","properties":{"name":"L’Esches"},"geometry":{"type":"LineString","coordinates":[[2.2346,49.1719],[2.2364,49.1708],[2.2371,49.1687]]}},{"type":"Feature","properties":{"name":"L’Esches"},"geometry":{"type":"LineString","coordinates":[[2.2339,49.1727],[2.2346,49.1719]]}},{"type":"Feature","properties":{"name":"L’Esches"},"geometry":{"type":"LineString","coordinates":[[2.2307,49.1772],[2.2320,49.1753]]}},{"type":"Feature","properties":{"name":"L’Esches"},"geometry":{"type":"LineString","coordinates":[[2.2323,49.1750],[2.2339,49.1727]]}},{"type":"Feature","properties":{"name":"L’Esches"},"geometry":{"type":"LineString","coordinates":[[2.2320,49.1753],[2.2323,49.1750]]}},{"type":"Feature","properties":{"name":"L’Esches"},"geometry":{"type":"LineString","coordinates":[[2.2371,49.1687],[2.2375,49.1685]]}},{"type":"Feature","properties":{"name":"L’Esches"},"geometry":{"type":"LineString","coordinates":[[2.2707,49.1458],[2.2710,49.1452]]}},{"type":"Feature","properties":{"name":"L’Esches"},"geometry":{"type":"LineString","coordinates":[[2.2468,49.1634],[2.2469,49.1633]]}},{"type":"Feature","properties":{"name":"L’Esches"},"geometry":{"type":"LineString","coordinates":[[2.2375,49.1685],[2.2377,49.1685]]}},{"type":"Feature","properties":{"name":"L’Esches"},"geometry":{"type":"LineString","coordinates":[[2.2610,49.1552],[2.2612,49.1551]]}},{"type":"Feature","properties":{"name":"L’Esches"},"geometry":{"type":"LineString","coordinates":[[2.2738,49.1422],[2.2743,49.1416]]}},{"type":"Feature","properties":{"name":"L\u0027Ourcq"},"geometry":{"type":"LineString","coordinates":[[3.0806,49.1376],[3.0801,49.1353],[3.0811,49.1343],[3.0834,49.1343],[3.0826,49.1319],[3.0846,49.1316],[3.0849,49.1297],[3.0873,49.1279],[3.0879,49.1259],[3.0892,49.1264],[3.0885,49.1250],[3.0900,49.1243],[3.0838,49.1209],[3.0768,49.1221],[3.0765,49.1210],[3.0720,49.1178],[3.0695,49.1176],[3.0703,49.1162],[3.0674,49.1143],[3.0690,49.1135],[3.0672,49.1129],[3.0673,49.1117],[3.0649,49.1115],[3.0649,49.1103],[3.0634,49.1099],[3.0626,49.1064],[3.0592,49.1038],[3.0594,49.1025],[3.0562,49.1020],[3.0555,49.0969],[3.0569,49.0960],[3.0574,49.0939],[3.0600,49.0919],[3.0595,49.0910],[3.0635,49.0904],[3.0650,49.0871],[3.0662,49.0866],[3.0657,49.0826],[3.0489,49.0764],[3.0447,49.0728],[3.0503,49.0676],[3.0504,49.0659],[3.0531,49.0649],[3.0530,49.0637],[3.0549,49.0617],[3.0596,49.0610],[3.0591,49.0595],[3.0613,49.0589],[3.0600,49.0582],[3.0614,49.0580],[3.0625,49.0538],[3.0609,49.0525],[3.0510,49.0498],[3.0492,49.0480],[3.0454,49.0482],[3.0388,49.0461],[3.0377,49.0451],[3.0378,49.0439],[3.0356,49.0450],[3.0354,49.0437],[3.0417,49.0390],[3.0431,49.0388],[3.0444,49.0398],[3.0520,49.0365],[3.0496,49.0321],[3.0438,49.0286],[3.0301,49.0268],[3.0274,49.0244],[3.0218,49.0226],[3.0170,49.0236],[3.0134,49.0262],[3.0121,49.0259],[3.0109,49.0246],[3.0108,49.0226],[3.0157,49.0158],[3.0132,49.0138]]}},{"type":"Feature","properties":{"name":"L\u0027Ourcq"},"geometry":{"type":"LineString","coordinates":[[3.2081,49.1969],[3.2029,49.1944],[3.1993,49.1936],[3.1980,49.1945],[3.1939,49.1939],[3.1942,49.1930],[3.1918,49.1935],[3.1909,49.1950]]}},{"type":"Feature","properties":{"name":"L\u0027Ourcq"},"geometry":{"type":"LineString","coordinates":[[3.1854,49.1935],[3.1813,49.1910],[3.1761,49.1915],[3.1716,49.1906],[3.1703,49.1880],[3.1674,49.1872],[3.1631,49.1892],[3.1657,49.1909],[3.1645,49.1934]]}},{"type":"Feature","properties":{"name":"L\u0027Ourcq"},"geometry":{"type":"LineString","coordinates":[[3.1073,49.1695],[3.1076,49.1671]]}},{"type":"Feature","properties":{"name":"L\u0027Ourcq"},"geometry":{"type":"LineString","coordinates":[[3.1909,49.1950],[3.1886,49.1960]]}},{"type":"Feature","properties":{"name":"L\u0027Ourcq"},"geometry":{"type":"LineString","coordinates":[[3.1886,49.1960],[3.1871,49.1964],[3.1854,49.1935]]}},{"type":"Feature","properties":{"name":"L\u0027Ourcq"},"geometry":{"type":"LineString","coordinates":[[3.0379,49.0440],[3.0380,49.0420]]}},{"type":"Feature","properties":{"name":"L\u0027Ourcq"},"geometry":{"type":"LineString","coordinates":[[3.1017,49.1550],[3.1018,49.1533]]}},{"type":"Feature","properties":{"name":"L\u0027Ourcq"},"geometry":{"type":"LineString","coordinates":[[3.1645,49.1934],[3.1629,49.1940]]}},{"type":"Feature","properties":{"name":"L\u0027Aunette"},"geometry":{"type":"LineString","coordinates":[[1.8290,49.2814],[1.8274,49.2803],[1.8253,49.2805]]}},{"type":"Feature","properties":{"name":"L\u0027Aunette"},"geometry":{"type":"LineString","coordinates":[[1.8291,49.2819],[1.8290,49.2814]]}},{"type":"Feature","properties":{"name":"L\u0027Aunette"},"geometry":{"type":"LineString","coordinates":[[1.8473,49.3038],[1.8459,49.3029],[1.8454,49.3004],[1.8431,49.2991],[1.8391,49.2945],[1.8368,49.2891]]}},{"type":"Feature","properties":{"name":"L\u0027Aunette"},"geometry":{"type":"LineString","coordinates":[[1.8367,49.2889],[1.8355,49.2868],[1.8291,49.2819]]}},{"type":"Feature","properties":{"name":"L\u0027Aunette"},"geometry":{"type":"LineString","coordinates":[[1.8368,49.2891],[1.8367,49.2889]]}},{"type":"Feature","properties":{"name":"L\u0027Aunette"},"geometry":{"type":"LineString","coordinates":[[2.5983,49.2146],[2.5951,49.2133]]}},{"type":"Feature","properties":{"name":"L\u0027Aunette"},"geometry":{"type":"LineString","coordinates":[[2.5951,49.2133],[2.5940,49.2134]]}},{"type":"Feature","properties":{"name":"L\u0027Aunette"},"geometry":{"type":"LineString","coordinates":[[2.6024,49.2142],[2.6008,49.2130],[2.5986,49.2147]]}},{"type":"Feature","properties":{"name":"L\u0027Aunette"},"geometry":{"type":"LineString","coordinates":[[2.6012,49.2131],[2.5993,49.2141]]}},{"type":"Feature","properties":{"name":"L\u0027Aunette"},"geometry":{"type":"LineString","coordinates":[[2.6018,49.2134],[2.5988,49.2144]]}},{"type":"Feature","properties":{"name":"L\u0027Aunette"},"geometry":{"type":"LineString","coordinates":[[2.6022,49.2139],[2.5987,49.2145]]}},{"type":"Feature","properties":{"name":"Le Thérain"},"geometry":{"type":"LineString","coordinates":[[2.4091,49.2550],[2.4277,49.2552],[2.4312,49.2544]]}},{"type":"Feature","properties":{"name":"Le Thérain"},"geometry":{"type":"LineString","coordinates":[[2.4461,49.2540],[2.4464,49.2535]]}},{"type":"Feature","properties":{"name":"Le Thérain"},"geometry":{"type":"LineString","coordinates":[[2.4219,49.2554],[2.4257,49.2559],[2.4276,49.2552]]}},{"type":"Feature","properties":{"name":"Le Thérain"},"geometry":{"type":"LineString","coordinates":[[2.4135,49.2545],[2.4166,49.2540]]}},{"type":"Feature","properties":{"name":"Le Thérain"},"geometry":{"type":"LineString","coordinates":[[2.4367,49.2548],[2.4433,49.2528],[2.4463,49.2535],[2.4475,49.2510],[2.4528,49.2483],[2.4501,49.2402]]}},{"type":"Feature","properties":{"name":"Le Thérain"},"geometry":{"type":"LineString","coordinates":[[2.3064,49.3323],[2.3073,49.3303],[2.3108,49.3302],[2.3115,49.3297],[2.3111,49.3283],[2.3140,49.3277],[2.3154,49.3257],[2.3190,49.3252],[2.3209,49.3225],[2.3200,49.3217],[2.3206,49.3206],[2.3264,49.3192],[2.3256,49.3180],[2.3276,49.3170],[2.3286,49.3175],[2.3299,49.3135],[2.3315,49.3146],[2.3326,49.3141],[2.3319,49.3135],[2.3339,49.3124],[2.3308,49.3113],[2.3318,49.3106],[2.3320,49.3066],[2.3329,49.3058],[2.3345,49.3061],[2.3348,49.3035],[2.3371,49.3042],[2.3446,49.2996],[2.3479,49.2942],[2.3501,49.2940],[2.3488,49.2922],[2.3508,49.2920],[2.3515,49.2909],[2.3539,49.2914],[2.3550,49.2900],[2.3568,49.2909],[2.3573,49.2891],[2.3612,49.2859],[2.3650,49.2849],[2.3642,49.2797],[2.3630,49.2793],[2.3631,49.2734],[2.3621,49.2715],[2.3638,49.2711],[2.3645,49.2697],[2.3640,49.2675],[2.3707,49.2661],[2.3713,49.2646],[2.3771,49.2621],[2.3807,49.2624],[2.3806,49.2612],[2.3819,49.2603],[2.3933,49.2588],[2.3986,49.2592],[2.4076,49.2543],[2.4111,49.2551],[2.4155,49.2536],[2.4214,49.2547],[2.4262,49.2538],[2.4312,49.2544]]}},{"type":"Feature","properties":{"name":"Le Thérain"},"geometry":{"type":"LineString","coordinates":[[2.4312,49.2544],[2.4330,49.2552],[2.4376,49.2548]]}},{"type":"Feature","properties":{"name":"La Viosne"},"geometry":{"type":"LineString","coordinates":[[2.0300,49.0740],[2.0310,49.0731],[2.0311,49.0702],[2.0352,49.0698],[2.0372,49.0681]]}},{"type":"Feature","properties":{"name":"La Viosne"},"geometry":{"type":"LineString","coordinates":[[2.0372,49.0681],[2.0373,49.0680]]}},{"type":"Feature","properties":{"name":"La Viosne"},"geometry":{"type":"LineString","coordinates":[[2.0673,49.0622],[2.0722,49.0615],[2.0741,49.0598],[2.0732,49.0585]]}},{"type":"Feature","properties":{"name":"La Viosne"},"geometry":{"type":"LineString","coordinates":[[2.0501,49.0649],[2.0504,49.0649]]}},{"type":"Feature","properties":{"name":"La Viosne"},"geometry":{"type":"LineString","coordinates":[[2.0373,49.0680],[2.0427,49.0652],[2.0461,49.0657],[2.0501,49.0649]]}},{"type":"Feature","properties":{"name":"La Viosne"},"geometry":{"type":"LineString","coordinates":[[1.9366,49.1609],[1.9363,49.1604]]}},{"type":"Feature","properties":{"name":"La Viosne"},"geometry":{"type":"LineString","coordinates":[[1.9316,49.1767],[1.9344,49.1745],[1.9348,49.1705],[1.9361,49.1694]]}},{"type":"Feature","properties":{"name":"La Viosne"},"geometry":{"type":"LineString","coordinates":[[1.9361,49.1600],[1.9352,49.1581]]}},{"type":"Feature","properties":{"name":"La Viosne"},"geometry":{"type":"LineString","coordinates":[[1.9362,49.1466],[1.9363,49.1463]]}},{"type":"Feature","properties":{"name":"La Viosne"},"geometry":{"type":"LineString","coordinates":[[1.9707,49.1013],[1.9744,49.0994],[1.9748,49.0964],[1.9735,49.0944],[1.9750,49.0932],[1.9788,49.0926]]}},{"type":"Feature","properties":{"name":"La Viosne"},"geometry":{"type":"LineString","coordinates":[[1.9641,49.1130],[1.9671,49.1113],[1.9662,49.1084],[1.9672,49.1046],[1.9681,49.1042],[1.9688,49.1020],[1.9707,49.1013]]}},{"type":"Feature","properties":{"name":"La Viosne"},"geometry":{"type":"LineString","coordinates":[[2.0504,49.0649],[2.0578,49.0643],[2.0586,49.0634],[2.0626,49.0638],[2.0632,49.0624],[2.0647,49.0622]]}},{"type":"Feature","properties":{"name":"La Viosne"},"geometry":{"type":"LineString","coordinates":[[1.9641,49.1130],[1.9641,49.1130]]}},{"type":"Feature","properties":{"name":"La Viosne"},"geometry":{"type":"LineString","coordinates":[[1.9368,49.1444],[1.9377,49.1439]]}},{"type":"Feature","properties":{"name":"La Viosne"},"geometry":{"type":"LineString","coordinates":[[1.9363,49.1463],[1.9368,49.1444]]}},{"type":"Feature","properties":{"name":"La Viosne"},"geometry":{"type":"LineString","coordinates":[[1.9363,49.1604],[1.9363,49.1603]]}},{"type":"Feature","properties":{"name":"La Viosne"},"geometry":{"type":"LineString","coordinates":[[1.9789,49.0926],[1.9796,49.0924]]}},{"type":"Feature","properties":{"name":"La Viosne"},"geometry":{"type":"LineString","coordinates":[[1.9827,49.0916],[1.9829,49.0916]]}},{"type":"Feature","properties":{"name":"La Viosne"},"geometry":{"type":"LineString","coordinates":[[1.9817,49.0917],[1.9819,49.0917]]}},{"type":"Feature","properties":{"name":"La Viosne"},"geometry":{"type":"LineString","coordinates":[[1.9819,49.0917],[1.9827,49.0916]]}},{"type":"Feature","properties":{"name":"La Viosne"},"geometry":{"type":"LineString","coordinates":[[1.9796,49.0924],[1.9796,49.0923]]}},{"type":"Feature","properties":{"name":"La Viosne"},"geometry":{"type":"LineString","coordinates":[[1.9796,49.0923],[1.9817,49.0917]]}},{"type":"Feature","properties":{"name":"La Viosne"},"geometry":{"type":"LineString","coordinates":[[1.9856,49.0883],[1.9856,49.0882]]}},{"type":"Feature","properties":{"name":"La Viosne"},"geometry":{"type":"LineString","coordinates":[[1.9856,49.0882],[1.9858,49.0866],[1.9935,49.0850],[1.9991,49.0798],[2.0028,49.0791]]}},{"type":"Feature","properties":{"name":"La Viosne"},"geometry":{"type":"LineString","coordinates":[[1.9829,49.0916],[1.9867,49.0889],[1.9856,49.0883]]}},{"type":"Feature","properties":{"name":"La Viosne"},"geometry":{"type":"LineString","coordinates":[[1.9788,49.0926],[1.9789,49.0926]]}},{"type":"Feature","properties":{"name":"La Viosne"},"geometry":{"type":"LineString","coordinates":[[1.9196,49.1883],[1.9206,49.1884]]}},{"type":"Feature","properties":{"name":"La Viosne"},"geometry":{"type":"LineString","coordinates":[[1.9156,49.1897],[1.9196,49.1883]]}},{"type":"Feature","properties":{"name":"La Viosne"},"geometry":{"type":"LineString","coordinates":[[2.0152,49.0776],[2.0235,49.0741],[2.0294,49.0741]]}},{"type":"Feature","properties":{"name":"La Viosne"},"geometry":{"type":"LineString","coordinates":[[2.0775,49.0539],[2.0861,49.0527],[2.0893,49.0506],[2.0893,49.0496]]}},{"type":"Feature","properties":{"name":"La Viosne"},"geometry":{"type":"LineString","coordinates":[[2.0671,49.0621],[2.0673,49.0622]]}},{"type":"Feature","properties":{"name":"La Viosne"},"geometry":{"type":"LineString","coordinates":[[2.0647,49.0622],[2.0671,49.0621]]}},{"type":"Feature","properties":{"name":"La Viosne"},"geometry":{"type":"LineString","coordinates":[[2.0893,49.0496],[2.0911,49.0478]]}},{"type":"Feature","properties":{"name":"La Viosne"},"geometry":{"type":"LineString","coordinates":[[2.0893,49.0496],[2.0893,49.0496]]}},{"type":"Feature","properties":{"name":"La Viosne"},"geometry":{"type":"LineString","coordinates":[[2.0911,49.0478],[2.0941,49.0460]]}},{"type":"Feature","properties":{"name":"La Viosne"},"geometry":{"type":"LineString","coordinates":[[2.0981,49.0443],[2.0965,49.0404]]}},{"type":"Feature","properties":{"name":"La Viosne"},"geometry":{"type":"LineString","coordinates":[[2.0966,49.0403],[2.0971,49.0402]]}},{"type":"Feature","properties":{"name":"La Viosne"},"geometry":{"type":"LineString","coordinates":[[1.9411,49.1366],[1.9438,49.1347],[1.9448,49.1323],[1.9499,49.1294],[1.9503,49.1285],[1.9490,49.1252],[1.9520,49.1192],[1.9641,49.1130]]}},{"type":"Feature","properties":{"name":"La Viosne"},"geometry":{"type":"LineString","coordinates":[[2.0941,49.0460],[2.0983,49.0448]]}},{"type":"Feature","properties":{"name":"La Viosne"},"geometry":{"type":"LineString","coordinates":[[1.9352,49.1581],[1.9354,49.1576]]}},{"type":"Feature","properties":{"name":"La Viosne"},"geometry":{"type":"LineString","coordinates":[[1.9354,49.1576],[1.9369,49.1549],[1.9399,49.1526],[1.9399,49.1514],[1.9363,49.1491],[1.9362,49.1466]]}},{"type":"Feature","properties":{"name":"La Viosne"},"geometry":{"type":"LineString","coordinates":[[1.9377,49.1439],[1.9368,49.1432],[1.9372,49.1392],[1.9411,49.1366]]}},{"type":"Feature","properties":{"name":"La Viosne"},"geometry":{"type":"LineString","coordinates":[[1.9363,49.1603],[1.9361,49.1600]]}},{"type":"Feature","properties":{"name":"La Viosne"},"geometry":{"type":"LineString","coordinates":[[2.0983,49.0448],[2.0981,49.0443]]}},{"type":"Feature","properties":{"name":"La Viosne"},"geometry":{"type":"LineString","coordinates":[[2.0033,49.0791],[2.0058,49.0794],[2.0117,49.0775],[2.0152,49.0776]]}},{"type":"Feature","properties":{"name":"La Viosne"},"geometry":{"type":"LineString","coordinates":[[2.0028,49.0791],[2.0033,49.0791]]}},{"type":"Feature","properties":{"name":"La Viosne"},"geometry":{"type":"LineString","coordinates":[[2.0766,49.0550],[2.0775,49.0539]]}},{"type":"Feature","properties":{"name":"La Viosne"},"geometry":{"type":"LineString","coordinates":[[2.0765,49.0550],[2.0766,49.0550]]}},{"type":"Feature","properties":{"name":"La Viosne"},"geometry":{"type":"LineString","coordinates":[[2.0732,49.0585],[2.0735,49.0567]]}},{"type":"Feature","properties":{"name":"La Viosne"},"geometry":{"type":"LineString","coordinates":[[2.0735,49.0567],[2.0765,49.0550]]}},{"type":"Feature","properties":{"name":"La Viosne"},"geometry":{"type":"LineString","coordinates":[[2.0646,49.0622],[2.0671,49.0621]]}},{"type":"Feature","properties":{"name":"La Viosne"},"geometry":{"type":"LineString","coordinates":[[1.9383,49.1674],[1.9378,49.1620],[1.9366,49.1609]]}},{"type":"Feature","properties":{"name":"La Viosne"},"geometry":{"type":"LineString","coordinates":[[1.9361,49.1694],[1.9395,49.1691],[1.9383,49.1674]]}},{"type":"Feature","properties":{"name":"La Viosne"},"geometry":{"type":"LineString","coordinates":[[1.9316,49.1768],[1.9316,49.1767]]}},{"type":"Feature","properties":{"name":"La Viosne"},"geometry":{"type":"LineString","coordinates":[[1.9206,49.1884],[1.9221,49.1879],[1.9215,49.1866],[1.9227,49.1853],[1.9316,49.1803],[1.9316,49.1768]]}},{"type":"Feature","properties":{"name":"La Liesse"},"geometry":{"type":"LineString","coordinates":[[2.1330,49.0351],[2.1273,49.0367],[2.1263,49.0387]]}},{"type":"Feature","properties":{"name":"La Liesse"},"geometry":{"type":"LineString","coordinates":[[2.1227,49.0428],[2.1228,49.0423]]}},{"type":"Feature","properties":{"name":"La Liesse"},"geometry":{"type":"LineString","coordinates":[[2.1259,49.0427],[2.1227,49.0428]]}},{"type":"Feature","properties":{"name":"La Liesse"},"geometry":{"type":"LineString","coordinates":[[2.1172,49.0479],[2.1133,49.0474]]}},{"type":"Feature","properties":{"name":"La Liesse"},"geometry":{"type":"LineString","coordinates":[[2.1098,49.0504],[2.1091,49.0509]]}},{"type":"Feature","properties":{"name":"La Liesse"},"geometry":{"type":"LineString","coordinates":[[2.1091,49.0509],[2.1090,49.0509]]}},{"type":"Feature","properties":{"name":"La Liesse"},"geometry":{"type":"LineString","coordinates":[[2.1262,49.0399],[2.1272,49.0420],[2.1259,49.0427]]}},{"type":"Feature","properties":{"name":"La Liesse"},"geometry":{"type":"LineString","coordinates":[[2.1263,49.0387],[2.1262,49.0399]]}},{"type":"Feature","properties":{"name":"La Liesse"},"geometry":{"type":"LineString","coordinates":[[2.1158,49.0488],[2.1121,49.0513],[2.1110,49.0516],[2.1099,49.0504]]}},{"type":"Feature","properties":{"name":"La Liesse"},"geometry":{"type":"LineString","coordinates":[[2.1191,49.0456],[2.1190,49.0458]]}},{"type":"Feature","properties":{"name":"La Liesse"},"geometry":{"type":"LineString","coordinates":[[2.1189,49.0459],[2.1190,49.0460]]}},{"type":"Feature","properties":{"name":"La Liesse"},"geometry":{"type":"LineString","coordinates":[[2.1190,49.0458],[2.1189,49.0469]]}},{"type":"Feature","properties":{"name":"La Liesse"},"geometry":{"type":"LineString","coordinates":[[2.1189,49.0469],[2.1177,49.0476]]}},{"type":"Feature","properties":{"name":"La Liesse"},"geometry":{"type":"LineString","coordinates":[[2.1098,49.0498],[2.1097,49.0499]]}},{"type":"Feature","properties":{"name":"La Liesse"},"geometry":{"type":"LineString","coordinates":[[2.1105,49.0489],[2.1104,49.0491]]}},{"type":"Feature","properties":{"name":"La Liesse"},"geometry":{"type":"LineString","coordinates":[[2.1104,49.0491],[2.1098,49.0498]]}},{"type":"Feature","properties":{"name":"La Liesse"},"geometry":{"type":"LineString","coordinates":[[2.1099,49.0504],[2.1098,49.0504]]}},{"type":"Feature","properties":{"name":"La Liesse"},"geometry":{"type":"LineString","coordinates":[[2.1097,49.0499],[2.1099,49.0504]]}},{"type":"Feature","properties":{"name":"La Liesse"},"geometry":{"type":"LineString","coordinates":[[2.1222,49.0421],[2.1200,49.0436],[2.1191,49.0456]]}},{"type":"Feature","properties":{"name":"La Liesse"},"geometry":{"type":"LineString","coordinates":[[2.1228,49.0423],[2.1222,49.0421]]}},{"type":"Feature","properties":{"name":"La Liesse"},"geometry":{"type":"LineString","coordinates":[[2.1133,49.0474],[2.1131,49.0476]]}},{"type":"Feature","properties":{"name":"La Liesse"},"geometry":{"type":"LineString","coordinates":[[2.1131,49.0476],[2.1105,49.0489]]}},{"type":"Feature","properties":{"name":"La Liesse"},"geometry":{"type":"LineString","coordinates":[[2.1177,49.0476],[2.1175,49.0477]]}},{"type":"Feature","properties":{"name":"La Liesse"},"geometry":{"type":"LineString","coordinates":[[2.1159,49.0487],[2.1158,49.0488]]}},{"type":"Feature","properties":{"name":"La Liesse"},"geometry":{"type":"LineString","coordinates":[[2.1175,49.0477],[2.1159,49.0487]]}},{"type":"Feature","properties":{"name":"La Liesse"},"geometry":{"type":"LineString","coordinates":[[2.1090,49.0509],[2.1087,49.0511]]}},{"type":"Feature","properties":{"name":"L\u0027Oise"},"geometry":{"type":"LineString","coordinates":[[2.3622,49.1538],[2.3592,49.1497]]}},{"type":"Feature","properties":{"name":"L\u0027Oise"},"geometry":{"type":"LineString","coordinates":[[2.3401,49.1465],[2.3327,49.1428],[2.3281,49.1419],[2.3242,49.1445],[2.3205,49.1491]]}},{"type":"Feature","properties":{"name":"L\u0027Oise"},"geometry":{"type":"LineString","coordinates":[[2.4534,49.2448],[2.4528,49.2427],[2.4501,49.2402]]}},{"type":"Feature","properties":{"name":"L\u0027Oise"},"geometry":{"type":"LineString","coordinates":[[2.3568,49.1463],[2.3533,49.1448],[2.2966,49.1518],[2.2897,49.1490],[2.2842,49.1449],[2.2710,49.1405]]}},{"type":"Feature","properties":{"name":"L\u0027Oise"},"geometry":{"type":"LineString","coordinates":[[2.3622,49.1538],[2.3618,49.1499],[2.3593,49.1471],[2.3568,49.1463]]}},{"type":"Feature","properties":{"name":"L\u0027Oise"},"geometry":{"type":"LineString","coordinates":[[2.0553,49.0390],[2.0514,49.0413],[2.0469,49.0407],[2.0415,49.0373],[2.0382,49.0339],[2.0364,49.0316],[2.0367,49.0300],[2.0431,49.0227],[2.0673,49.0064],[2.0708,49.0030],[2.0720,49.0004],[2.0714,48.9952],[2.0723,48.9913],[2.0707,48.9857]]}},{"type":"Feature","properties":{"name":"L\u0027Oise"},"geometry":{"type":"LineString","coordinates":[[2.6103,49.3043],[2.6044,49.3029],[2.5660,49.3033],[2.5513,49.2997],[2.5400,49.3018],[2.5223,49.2984],[2.5131,49.2930],[2.5103,49.2874]]}},{"type":"Feature","properties":{"name":"L\u0027Oise"},"geometry":{"type":"LineString","coordinates":[[2.5105,49.2824],[2.5079,49.2794],[2.5000,49.2772],[2.4963,49.2750],[2.4888,49.2656],[2.4856,49.2641],[2.4759,49.2622]]}},{"type":"Feature","properties":{"name":"L\u0027Oise"},"geometry":{"type":"LineString","coordinates":[[2.2670,49.1389],[2.2622,49.1339],[2.2582,49.1319],[2.2365,49.1311],[2.2220,49.1275],[2.2194,49.1263],[2.2160,49.1228]]}},{"type":"Feature","properties":{"name":"L\u0027Oise"},"geometry":{"type":"LineString","coordinates":[[2.2089,49.1085],[2.2098,49.0970],[2.2089,49.0924],[2.2053,49.0854],[2.1954,49.0749],[2.1906,49.0726],[2.1787,49.0699],[2.1693,49.0642],[2.1596,49.0646],[2.1486,49.0669],[2.1380,49.0667]]}},{"type":"Feature","properties":{"name":"L\u0027Oise"},"geometry":{"type":"LineString","coordinates":[[2.1035,49.0488],[2.1022,49.0483]]}},{"type":"Feature","properties":{"name":"L\u0027Oise"},"geometry":{"type":"LineString","coordinates":[[2.1022,49.0483],[2.0986,49.0425]]}},{"type":"Feature","properties":{"name":"L\u0027Oise"},"geometry":{"type":"LineString","coordinates":[[2.0966,49.0383],[2.0937,49.0321]]}},{"type":"Feature","properties":{"name":"L\u0027Oise"},"geometry":{"type":"LineString","coordinates":[[2.4423,49.2304],[2.4321,49.2248],[2.4290,49.2190],[2.4229,49.2137],[2.4212,49.2092],[2.4147,49.2052],[2.4027,49.2035],[2.3933,49.2046],[2.3784,49.2028],[2.3722,49.2015],[2.3691,49.1998],[2.3677,49.1976],[2.3682,49.1956],[2.3665,49.1917],[2.3671,49.1897],[2.3711,49.1848],[2.3708,49.1794],[2.3651,49.1653],[2.3640,49.1577],[2.3622,49.1538]]}},{"type":"Feature","properties":{"name":"L\u0027Oise"},"geometry":{"type":"LineString","coordinates":[[2.0977,49.0413],[2.0966,49.0383]]}},{"type":"Feature","properties":{"name":"L\u0027Oise"},"geometry":{"type":"LineString","coordinates":[[2.1108,49.0527],[2.1035,49.0488]]}},{"type":"Feature","properties":{"name":"L\u0027Oise"},"geometry":{"type":"LineString","coordinates":[[2.2160,49.1228],[2.2120,49.1200],[2.2112,49.1158]]}},{"type":"Feature","properties":{"name":"L\u0027Oise"},"geometry":{"type":"LineString","coordinates":[[2.2122,49.1158],[2.2105,49.1102],[2.2089,49.1085]]}},{"type":"Feature","properties":{"name":"L\u0027Oise"},"geometry":{"type":"LineString","coordinates":[[2.4440,49.2323],[2.4423,49.2304]]}},{"type":"Feature","properties":{"name":"L\u0027Oise"},"geometry":{"type":"LineString","coordinates":[[2.4501,49.2402],[2.4440,49.2323]]}},{"type":"Feature","properties":{"name":"L\u0027Oise"},"geometry":{"type":"LineString","coordinates":[[2.4440,49.2323],[2.4423,49.2304]]}},{"type":"Feature","properties":{"name":"L\u0027Oise"},"geometry":{"type":"LineString","coordinates":[[2.4536,49.2466],[2.4534,49.2448]]}},{"type":"Feature","properties":{"name":"L\u0027Oise"},"geometry":{"type":"LineString","coordinates":[[2.4561,49.2511],[2.4536,49.2466]]}},{"type":"Feature","properties":{"name":"L\u0027Oise"},"geometry":{"type":"LineString","coordinates":[[2.4581,49.2531],[2.4561,49.2511]]}},{"type":"Feature","properties":{"name":"L\u0027Oise"},"geometry":{"type":"LineString","coordinates":[[2.4581,49.2531],[2.4561,49.2511]]}},{"type":"Feature","properties":{"name":"L\u0027Oise"},"geometry":{"type":"LineString","coordinates":[[2.4719,49.2616],[2.4581,49.2531]]}},{"type":"Feature","properties":{"name":"L\u0027Oise"},"geometry":{"type":"LineString","coordinates":[[2.4759,49.2622],[2.4719,49.2616]]}},{"type":"Feature","properties":{"name":"L\u0027Oise"},"geometry":{"type":"LineString","coordinates":[[2.4759,49.2622],[2.4719,49.2616]]}},{"type":"Feature","properties":{"name":"L\u0027Oise"},"geometry":{"type":"LineString","coordinates":[[2.5103,49.2874],[2.5105,49.2824]]}},{"type":"Feature","properties":{"name":"L\u0027Oise"},"geometry":{"type":"LineString","coordinates":[[2.0980,49.0391],[2.0964,49.0375]]}},{"type":"Feature","properties":{"name":"L\u0027Oise"},"geometry":{"type":"LineString","coordinates":[[2.0985,49.0397],[2.0964,49.0375]]}},{"type":"Feature","properties":{"name":"L\u0027Oise"},"geometry":{"type":"LineString","coordinates":[[2.0986,49.0425],[2.0977,49.0413]]}},{"type":"Feature","properties":{"name":"L\u0027Oise"},"geometry":{"type":"LineString","coordinates":[[2.2112,49.1158],[2.2095,49.1127],[2.2089,49.1085]]}},{"type":"Feature","properties":{"name":"L\u0027Oise"},"geometry":{"type":"LineString","coordinates":[[2.2053,49.0854],[2.2030,49.0833]]}},{"type":"Feature","properties":{"name":"L\u0027Oise"},"geometry":{"type":"LineString","coordinates":[[2.2303,49.1293],[2.2225,49.1285],[2.2199,49.1266]]}},{"type":"Feature","properties":{"name":"L\u0027Oise"},"geometry":{"type":"LineString","coordinates":[[2.2710,49.1405],[2.2670,49.1389]]}},{"type":"Feature","properties":{"name":"L\u0027Oise"},"geometry":{"type":"LineString","coordinates":[[2.2710,49.1405],[2.2670,49.1389]]}},{"type":"Feature","properties":{"name":"L\u0027Oise"},"geometry":{"type":"LineString","coordinates":[[2.2710,49.1405],[2.2670,49.1389]]}},{"type":"Feature","properties":{"name":"L\u0027Oise"},"geometry":{"type":"LineString","coordinates":[[2.1596,49.0646],[2.1561,49.0641],[2.1519,49.0655],[2.1405,49.0665]]}},{"type":"Feature","properties":{"name":"L\u0027Oise"},"geometry":{"type":"LineString","coordinates":[[2.1350,49.0672],[2.1314,49.0665],[2.1192,49.0597],[2.1108,49.0527]]}},{"type":"Feature","properties":{"name":"L\u0027Oise"},"geometry":{"type":"LineString","coordinates":[[2.1380,49.0667],[2.1350,49.0672]]}},{"type":"Feature","properties":{"name":"L\u0027Oise"},"geometry":{"type":"LineString","coordinates":[[2.1380,49.0667],[2.1350,49.0672]]}},{"type":"Feature","properties":{"name":"L\u0027Oise"},"geometry":{"type":"LineString","coordinates":[[2.0688,49.0219],[2.0637,49.0271],[2.0600,49.0295],[2.0553,49.0390]]}},{"type":"Feature","properties":{"name":"L\u0027Oise"},"geometry":{"type":"LineString","coordinates":[[2.0937,49.0321],[2.0905,49.0239],[2.0882,49.0207],[2.0858,49.0199]]}},{"type":"Feature","properties":{"name":"Ru de Pouilly"},"geometry":{"type":"LineString","coordinates":[[1.9926,49.2396],[1.9918,49.2386],[1.9922,49.2366],[1.9955,49.2291]]}},{"type":"Feature","properties":{"name":"Ru de Pouilly"},"geometry":{"type":"LineString","coordinates":[[1.9946,49.2417],[1.9938,49.2406]]}},{"type":"Feature","properties":{"name":"Ru de Pouilly"},"geometry":{"type":"LineString","coordinates":[[2.0024,49.2443],[1.9947,49.2417]]}},{"type":"Feature","properties":{"name":"Ru de Pouilly"},"geometry":{"type":"LineString","coordinates":[[2.0064,49.2462],[2.0024,49.2444]]}},{"type":"Feature","properties":{"name":"Ru de Pouilly"},"geometry":{"type":"LineString","coordinates":[[2.0168,49.2568],[2.0149,49.2543],[2.0135,49.2493],[2.0126,49.2491]]}},{"type":"Feature","properties":{"name":"Ru de Pouilly"},"geometry":{"type":"LineString","coordinates":[[2.0169,49.2570],[2.0169,49.2569]]}},{"type":"Feature","properties":{"name":"Ru de Pouilly"},"geometry":{"type":"LineString","coordinates":[[1.9933,49.2403],[1.9926,49.2397]]}},{"type":"Feature","properties":{"name":"Ru de Pouilly"},"geometry":{"type":"LineString","coordinates":[[1.9951,49.2287],[1.9917,49.2264]]}},{"type":"Feature","properties":{"name":"Ru de Pouilly"},"geometry":{"type":"LineString","coordinates":[[1.9954,49.2289],[1.9952,49.2288]]}},{"type":"Feature","properties":{"name":"Ru de Pouilly"},"geometry":{"type":"LineString","coordinates":[[1.9955,49.2291],[1.9954,49.2289]]}},{"type":"Feature","properties":{"name":"Ru de Pouilly"},"geometry":{"type":"LineString","coordinates":[[1.9952,49.2288],[1.9951,49.2287]]}},{"type":"Feature","properties":{"name":"L\u0027Epte"},"geometry":{"type":"LineString","coordinates":[[1.6693,49.1858],[1.6671,49.1810],[1.6646,49.1781],[1.6661,49.1758]]}},{"type":"Feature","properties":{"name":"L\u0027Epte"},"geometry":{"type":"LineString","coordinates":[[1.7026,49.2314],[1.7039,49.2305],[1.7028,49.2300],[1.7040,49.2290],[1.6988,49.2262],[1.6985,49.2244],[1.6916,49.2236],[1.6910,49.2210],[1.6884,49.2184],[1.6861,49.2181],[1.6847,49.2166],[1.6775,49.2136],[1.6764,49.2126],[1.6770,49.2119],[1.6741,49.2119],[1.6742,49.2089]]}},{"type":"Feature","properties":{"name":"L\u0027Epte"},"geometry":{"type":"LineString","coordinates":[[1.6693,49.1858],[1.6709,49.1845],[1.6717,49.1807],[1.6673,49.1797],[1.6675,49.1777],[1.6660,49.1768],[1.6702,49.1695],[1.6646,49.1658],[1.6630,49.1594],[1.6606,49.1574],[1.6645,49.1535],[1.6595,49.1515],[1.6585,49.1491],[1.6558,49.1485],[1.6560,49.1474],[1.6530,49.1447],[1.6526,49.1407],[1.6532,49.1397],[1.6564,49.1402],[1.6563,49.1380],[1.6584,49.1349],[1.6568,49.1340],[1.6579,49.1320],[1.6558,49.1313],[1.6557,49.1301],[1.6527,49.1293],[1.6525,49.1276],[1.6505,49.1272],[1.6498,49.1251],[1.6466,49.1241],[1.6466,49.1215],[1.6425,49.1167],[1.6398,49.1168],[1.6325,49.1122],[1.6330,49.1108],[1.6297,49.1101],[1.6297,49.1074],[1.6266,49.1044],[1.6271,49.1026],[1.6214,49.1007],[1.6214,49.0981],[1.6185,49.0968],[1.6186,49.0958],[1.6143,49.0906],[1.6135,49.0881],[1.6074,49.0878],[1.6047,49.0858],[1.6029,49.0861],[1.6030,49.0846],[1.5979,49.0840],[1.5956,49.0823],[1.5940,49.0827]]}},{"type":"Feature","properties":{"name":"L\u0027Epte"},"geometry":{"type":"LineString","coordinates":[[1.7708,49.3260],[1.7705,49.3242],[1.7688,49.3240],[1.7693,49.3222],[1.7677,49.3210],[1.7672,49.3160],[1.7722,49.3140],[1.7703,49.3127],[1.7731,49.3124],[1.7713,49.3123],[1.7702,49.3110],[1.7731,49.3105],[1.7731,49.3096],[1.7722,49.3093],[1.7731,49.3088],[1.7730,49.3073],[1.7749,49.3064],[1.7745,49.3005],[1.7756,49.2993],[1.7739,49.2970],[1.7722,49.2967],[1.7727,49.2953],[1.7715,49.2948],[1.7727,49.2934],[1.7719,49.2925],[1.7724,49.2908],[1.7773,49.2857],[1.7770,49.2850],[1.7752,49.2851],[1.7778,49.2804]]}},{"type":"Feature","properties":{"name":"L\u0027Epte"},"geometry":{"type":"LineString","coordinates":[[1.7746,49.2768],[1.7705,49.2743],[1.7643,49.2736],[1.7629,49.2744],[1.7568,49.2720],[1.7545,49.2701]]}},{"type":"Feature","properties":{"name":"L\u0027Epte"},"geometry":{"type":"LineString","coordinates":[[1.7777,49.2799],[1.7776,49.2795]]}},{"type":"Feature","properties":{"name":"L\u0027Epte"},"geometry":{"type":"LineString","coordinates":[[1.7768,49.2790],[1.7765,49.2788]]}},{"type":"Feature","properties":{"name":"L\u0027Epte"},"geometry":{"type":"LineString","coordinates":[[1.7765,49.2788],[1.7764,49.2782]]}},{"type":"Feature","properties":{"name":"L\u0027Epte"},"geometry":{"type":"LineString","coordinates":[[1.7764,49.2782],[1.7764,49.2781]]}},{"type":"Feature","properties":{"name":"L\u0027Epte"},"geometry":{"type":"LineString","coordinates":[[1.7764,49.2781],[1.7761,49.2777]]}},{"type":"Feature","properties":{"name":"L\u0027Epte"},"geometry":{"type":"LineString","coordinates":[[1.7761,49.2777],[1.7760,49.2776]]}},{"type":"Feature","properties":{"name":"L\u0027Epte"},"geometry":{"type":"LineString","coordinates":[[1.7760,49.2776],[1.7746,49.2769]]}},{"type":"Feature","properties":{"name":"L\u0027Epte"},"geometry":{"type":"LineString","coordinates":[[1.7746,49.2769],[1.7746,49.2768]]}},{"type":"Feature","properties":{"name":"L\u0027Epte"},"geometry":{"type":"LineString","coordinates":[[1.7778,49.2804],[1.7777,49.2799]]}},{"type":"Feature","properties":{"name":"L\u0027Epte"},"geometry":{"type":"LineString","coordinates":[[1.7545,49.2701],[1.7537,49.2686],[1.7507,49.2674],[1.7494,49.2689],[1.7481,49.2679],[1.7475,49.2690],[1.7434,49.2682],[1.7363,49.2703],[1.7314,49.2676],[1.7301,49.2660],[1.7260,49.2647],[1.7088,49.2647],[1.7082,49.2638],[1.7096,49.2625],[1.7065,49.2615],[1.7076,49.2609],[1.7084,49.2579],[1.7078,49.2553],[1.7042,49.2536]]}},{"type":"Feature","properties":{"name":"L\u0027Epte"},"geometry":{"type":"LineString","coordinates":[[1.7042,49.2536],[1.7011,49.2526],[1.7012,49.2509],[1.6986,49.2472],[1.6990,49.2454],[1.7013,49.2439],[1.7023,49.2404],[1.7011,49.2397],[1.7018,49.2379],[1.7003,49.2375],[1.6989,49.2352],[1.7044,49.2324]]}},{"type":"Feature","properties":{"name":"L\u0027Epte"},"geometry":{"type":"LineString","coordinates":[[1.6990,49.2483],[1.6988,49.2482]]}},{"type":"Feature","properties":{"name":"L\u0027Epte"},"geometry":{"type":"LineString","coordinates":[[1.6988,49.2482],[1.6986,49.2472]]}},{"type":"Feature","properties":{"name":"L\u0027Epte"},"geometry":{"type":"LineString","coordinates":[[1.6992,49.2485],[1.6990,49.2483]]}},{"type":"Feature","properties":{"name":"L\u0027Epte"},"geometry":{"type":"LineString","coordinates":[[1.6751,49.2070],[1.6776,49.2055]]}},{"type":"Feature","properties":{"name":"L\u0027Epte"},"geometry":{"type":"LineString","coordinates":[[1.7038,49.2319],[1.7026,49.2314]]}},{"type":"Feature","properties":{"name":"L\u0027Epte"},"geometry":{"type":"LineString","coordinates":[[1.6776,49.2052],[1.6772,49.2051]]}},{"type":"Feature","properties":{"name":"L\u0027Epte"},"geometry":{"type":"LineString","coordinates":[[1.6742,49.2089],[1.6765,49.2058],[1.6764,49.2039]]}},{"type":"Feature","properties":{"name":"L\u0027Epte"},"geometry":{"type":"LineString","coordinates":[[1.6764,49.2039],[1.6769,49.2027],[1.6750,49.1971],[1.6706,49.1933],[1.6715,49.1913],[1.6691,49.1872],[1.6693,49.1858]]}},{"type":"Feature","properties":{"name":"L\u0027Epte"},"geometry":{"type":"LineString","coordinates":[[1.7038,49.2319],[1.7026,49.2314]]}},{"type":"Feature","properties":{"name":"L\u0027Epte"},"geometry":{"type":"LineString","coordinates":[[1.7044,49.2324],[1.7038,49.2319]]}},{"type":"Feature","properties":{"name":"L\u0027Epte"},"geometry":{"type":"LineString","coordinates":[[1.6776,49.2055],[1.6776,49.2054]]}},{"type":"Feature","properties":{"name":"L\u0027Epte"},"geometry":{"type":"LineString","coordinates":[[1.6776,49.2055],[1.6776,49.2052]]}},{"type":"Feature","properties":{"name":"L\u0027Epte"},"geometry":{"type":"LineString","coordinates":[[1.6776,49.2054],[1.6766,49.2053]]}},{"type":"Feature","properties":{"name":"L\u0027Epte"},"geometry":{"type":"LineString","coordinates":[[1.7772,49.2792],[1.7771,49.2792]]}},{"type":"Feature","properties":{"name":"L\u0027Epte"},"geometry":{"type":"LineString","coordinates":[[1.7771,49.2792],[1.7768,49.2790]]}},{"type":"Feature","properties":{"name":"L\u0027Epte"},"geometry":{"type":"LineString","coordinates":[[1.7776,49.2795],[1.7775,49.2795]]}},{"type":"Feature","properties":{"name":"L\u0027Epte"},"geometry":{"type":"LineString","coordinates":[[1.7775,49.2795],[1.7772,49.2792]]}},{"type":"Feature","properties":{"name":"Le Clignon"},"geometry":{"type":"LineString","coordinates":[[3.1075,49.1097],[3.1028,49.1090],[3.0949,49.1119]]}},{"type":"Feature","properties":{"name":"Le Clignon"},"geometry":{"type":"LineString","coordinates":[[3.1234,49.1066],[3.1214,49.1093],[3.1141,49.1085],[3.1097,49.1099],[3.1075,49.1097]]}},{"type":"Feature","properties":{"name":"Le Clignon"},"geometry":{"type":"LineString","coordinates":[[3.2004,49.0938],[3.1996,49.0956],[3.1946,49.0964],[3.1907,49.0988],[3.1864,49.0969],[3.1826,49.0977],[3.1797,49.0996],[3.1743,49.0983],[3.1478,49.1010],[3.1439,49.1021],[3.1403,49.1045],[3.1396,49.1068],[3.1370,49.1077],[3.1341,49.1067],[3.1307,49.1074],[3.1259,49.1055],[3.1237,49.1064]]}},{"type":"Feature","properties":{"name":"Le Clignon"},"geometry":{"type":"LineString","coordinates":[[3.0946,49.1120],[3.0907,49.1122],[3.0873,49.1137],[3.0833,49.1132],[3.0767,49.1149],[3.0720,49.1178]]}},{"type":"Feature","properties":{"name":"Le Clignon"},"geometry":{"type":"LineString","coordinates":[[3.1235,49.1065],[3.1234,49.1066]]}},{"type":"Feature","properties":{"name":"Le Clignon"},"geometry":{"type":"LineString","coordinates":[[3.1237,49.1064],[3.1235,49.1065]]}},{"type":"Feature","properties":{"name":"Bras de la Troesne"},"geometry":{"type":"LineString","coordinates":[[1.8722,49.2665],[1.8623,49.2646],[1.8571,49.2648],[1.8524,49.2674],[1.8517,49.2702],[1.8528,49.2711]]}},{"type":"Feature","properties":{"name":"Bras de la Troesne"},"geometry":{"type":"LineString","coordinates":[[1.8833,49.2678],[1.8796,49.2694],[1.8756,49.2691],[1.8722,49.2665]]}},{"type":"Feature","properties":{"name":"Bras de la Troesne"},"geometry":{"type":"LineString","coordinates":[[1.8836,49.2672],[1.8833,49.2678]]}},{"type":"Feature","properties":{"name":"La Lévrière"},"geometry":{"type":"LineString","coordinates":[[1.7081,49.2921],[1.7072,49.2917],[1.7093,49.2875],[1.7089,49.2865],[1.7116,49.2845],[1.7139,49.2851],[1.7136,49.2863],[1.7147,49.2867],[1.7233,49.2848],[1.7233,49.2834],[1.7271,49.2820],[1.7286,49.2804],[1.7315,49.2799],[1.7340,49.2773],[1.7359,49.2714],[1.7349,49.2705],[1.7362,49.2703]]}},{"type":"Feature","properties":{"name":"La Lévrière"},"geometry":{"type":"LineString","coordinates":[[1.7083,49.2922],[1.7081,49.2921]]}},{"type":"Feature","properties":{"name":"La Lévrière"},"geometry":{"type":"LineString","coordinates":[[1.7281,49.3086],[1.7296,49.3057],[1.7291,49.3048],[1.7243,49.3021],[1.7177,49.2963],[1.7083,49.2922]]}},{"type":"Feature","properties":{"name":"La Troesne"},"geometry":{"type":"LineString","coordinates":[[1.7884,49.2816],[1.7868,49.2792],[1.7826,49.2791]]}},{"type":"Feature","properties":{"name":"La Troesne"},"geometry":{"type":"LineString","coordinates":[[1.7878,49.2815],[1.7875,49.2809]]}},{"type":"Feature","properties":{"name":"La Troesne"},"geometry":{"type":"LineString","coordinates":[[1.7884,49.2817],[1.7878,49.2815]]}},{"type":"Feature","properties":{"name":"La Troesne"},"geometry":{"type":"LineString","coordinates":[[1.8204,49.2844],[1.8172,49.2859],[1.8164,49.2854],[1.8127,49.2868],[1.8110,49.2862],[1.8060,49.2878],[1.7967,49.2849],[1.7951,49.2852],[1.7932,49.2844],[1.7935,49.2833],[1.7884,49.2816]]}},{"type":"Feature","properties":{"name":"La Troesne"},"geometry":{"type":"LineString","coordinates":[[1.8995,49.2501],[1.8852,49.2643]]}},{"type":"Feature","properties":{"name":"La Troesne"},"geometry":{"type":"LineString","coordinates":[[1.8214,49.2840],[1.8204,49.2844]]}},{"type":"Feature","properties":{"name":"La Troesne"},"geometry":{"type":"LineString","coordinates":[[1.9326,49.2369],[1.9027,49.2470],[1.8994,49.2486],[1.8995,49.2501]]}},{"type":"Feature","properties":{"name":"La Troesne"},"geometry":{"type":"LineString","coordinates":[[1.9508,49.2283],[1.9447,49.2327],[1.9326,49.2369]]}},{"type":"Feature","properties":{"name":"La Troesne"},"geometry":{"type":"LineString","coordinates":[[1.9668,49.2260],[1.9508,49.2283]]}},{"type":"Feature","properties":{"name":"La Troesne"},"geometry":{"type":"LineString","coordinates":[[1.8851,49.2643],[1.8836,49.2690],[1.8799,49.2703],[1.8724,49.2687],[1.8679,49.2661],[1.8593,49.2665],[1.8531,49.2692],[1.8524,49.2740],[1.8482,49.2772],[1.8458,49.2770],[1.8428,49.2782],[1.8365,49.2776],[1.8357,49.2783],[1.8293,49.2767],[1.8295,49.2776],[1.8267,49.2778],[1.8243,49.2820],[1.8214,49.2840]]}},{"type":"Feature","properties":{"name":"La Troesne"},"geometry":{"type":"LineString","coordinates":[[1.8852,49.2643],[1.8851,49.2643]]}},{"type":"Feature","properties":{"name":"Sainte-Marie"},"geometry":{"type":"LineString","coordinates":[[2.8416,49.2266],[2.8418,49.2280],[2.8458,49.2307],[2.8538,49.2339],[2.8521,49.2342],[2.8533,49.2348],[2.8518,49.2345],[2.8531,49.2352]]}},{"type":"Feature","properties":{"name":"Sainte-Marie"},"geometry":{"type":"LineString","coordinates":[[2.8583,49.2438],[2.8581,49.2439]]}},{"type":"Feature","properties":{"name":"Sainte-Marie"},"geometry":{"type":"LineString","coordinates":[[2.8567,49.2394],[2.8583,49.2438]]}},{"type":"Feature","properties":{"name":"Sainte-Marie"},"geometry":{"type":"LineString","coordinates":[[2.8565,49.2372],[2.8565,49.2374]]}},{"type":"Feature","properties":{"name":"Sainte-Marie"},"geometry":{"type":"LineString","coordinates":[[2.8565,49.2375],[2.8567,49.2393]]}},{"type":"Feature","properties":{"name":"Sainte-Marie"},"geometry":{"type":"LineString","coordinates":[[2.8565,49.2371],[2.8565,49.2372]]}},{"type":"Feature","properties":{"name":"Sainte-Marie"},"geometry":{"type":"LineString","coordinates":[[2.8581,49.2439],[2.8575,49.2513],[2.8565,49.2532],[2.8543,49.2544],[2.8539,49.2564],[2.8521,49.2567]]}},{"type":"Feature","properties":{"name":"Sainte-Marie"},"geometry":{"type":"LineString","coordinates":[[2.8567,49.2393],[2.8567,49.2394]]}},{"type":"Feature","properties":{"name":"Sainte-Marie"},"geometry":{"type":"LineString","coordinates":[[2.8520,49.2568],[2.8486,49.2601]]}},{"type":"Feature","properties":{"name":"Sainte-Marie"},"geometry":{"type":"LineString","coordinates":[[2.8521,49.2567],[2.8520,49.2568]]}},{"type":"Feature","properties":{"name":"Sainte-Marie"},"geometry":{"type":"LineString","coordinates":[[2.8503,49.2729],[2.8500,49.2751],[2.8470,49.2797],[2.8441,49.2813],[2.8449,49.2820],[2.8416,49.2857],[2.8438,49.2875],[2.8428,49.2886]]}},{"type":"Feature","properties":{"name":"Sainte-Marie"},"geometry":{"type":"LineString","coordinates":[[2.8500,49.2711],[2.8502,49.2712]]}},{"type":"Feature","properties":{"name":"Sainte-Marie"},"geometry":{"type":"LineString","coordinates":[[2.8502,49.2638],[2.8489,49.2654],[2.8500,49.2711]]}},{"type":"Feature","properties":{"name":"Sainte-Marie"},"geometry":{"type":"LineString","coordinates":[[2.8493,49.2610],[2.8494,49.2612]]}},{"type":"Feature","properties":{"name":"Sainte-Marie"},"geometry":{"type":"LineString","coordinates":[[2.8486,49.2601],[2.8493,49.2610]]}},{"type":"Feature","properties":{"name":"Sainte-Marie"},"geometry":{"type":"LineString","coordinates":[[2.8494,49.2612],[2.8515,49.2622],[2.8502,49.2638]]}},{"type":"Feature","properties":{"name":"Sainte-Marie"},"geometry":{"type":"LineString","coordinates":[[2.8546,49.2363],[2.8546,49.2363]]}},{"type":"Feature","properties":{"name":"Sainte-Marie"},"geometry":{"type":"LineString","coordinates":[[2.8533,49.2353],[2.8546,49.2363]]}},{"type":"Feature","properties":{"name":"Sainte-Marie"},"geometry":{"type":"LineString","coordinates":[[2.8546,49.2363],[2.8565,49.2371]]}},{"type":"Feature","properties":{"name":"Sainte-Marie"},"geometry":{"type":"LineString","coordinates":[[2.8531,49.2352],[2.8533,49.2353]]}},{"type":"Feature","properties":{"name":"Sainte-Marie"},"geometry":{"type":"LineString","coordinates":[[2.8502,49.2712],[2.8503,49.2729]]}},{"type":"Feature","properties":{"name":"Sainte-Marie"},"geometry":{"type":"LineString","coordinates":[[2.8503,49.2729],[2.8503,49.2729]]}},{"type":"Feature","properties":{"name":"La Seine"},"geometry":{"type":"LineString","coordinates":[[1.6941,49.0660],[1.6816,49.0728],[1.6746,49.0750],[1.6572,49.0785],[1.6320,49.0791],[1.6140,49.0707],[1.6103,49.0675],[1.6082,49.0630],[1.6033,49.0572],[1.5928,49.0489],[1.5746,49.0375],[1.5624,49.0349],[1.5446,49.0394],[1.5411,49.0409],[1.5327,49.0474],[1.5244,49.0645],[1.5048,49.0842],[1.4878,49.0958],[1.4773,49.1002],[1.4739,49.1031],[1.4683,49.1107],[1.4506,49.1195],[1.4383,49.1289],[1.4241,49.1378],[1.4225,49.1397],[1.4210,49.1462],[1.4108,49.1540],[1.4057,49.1602]]}},{"type":"Feature","properties":{"name":"La Seine"},"geometry":{"type":"LineString","coordinates":[[1.6612,49.0434],[1.6721,49.0484],[1.6824,49.0505],[1.6907,49.0540],[1.6961,49.0608],[1.6959,49.0634],[1.6941,49.0660]]}},{"type":"Feature","properties":{"name":"La Seine"},"geometry":{"type":"LineString","coordinates":[[1.6612,49.0434],[1.6823,49.0473],[1.6938,49.0522],[1.6980,49.0562],[1.6995,49.0607],[1.6982,49.0631],[1.6941,49.0660]]}},{"type":"Feature","properties":{"name":"La Seine"},"geometry":{"type":"LineString","coordinates":[[1.6231,49.0315],[1.6336,49.0359],[1.6508,49.0393],[1.6612,49.0434]]}},{"type":"Feature","properties":{"name":"Le Sausseron"},"geometry":{"type":"LineString","coordinates":[[2.1123,49.1495],[2.1165,49.1420],[2.1157,49.1399]]}},{"type":"Feature","properties":{"name":"Le Sausseron"},"geometry":{"type":"LineString","coordinates":[[2.1169,49.1391],[2.1178,49.1383]]}},{"type":"Feature","properties":{"name":"Le Sausseron"},"geometry":{"type":"LineString","coordinates":[[2.1178,49.1382],[2.1187,49.1364],[2.1258,49.1339]]}},{"type":"Feature","properties":{"name":"Le Sausseron"},"geometry":{"type":"LineString","coordinates":[[2.1490,49.1386],[2.1490,49.1386]]}},{"type":"Feature","properties":{"name":"Le Sausseron"},"geometry":{"type":"LineString","coordinates":[[2.1261,49.1338],[2.1300,49.1332],[2.1320,49.1343],[2.1389,49.1349]]}},{"type":"Feature","properties":{"name":"Le Sausseron"},"geometry":{"type":"LineString","coordinates":[[2.1390,49.1349],[2.1412,49.1348],[2.1437,49.1369]]}},{"type":"Feature","properties":{"name":"Le Sausseron"},"geometry":{"type":"LineString","coordinates":[[2.1491,49.1387],[2.1530,49.1402],[2.1613,49.1379]]}},{"type":"Feature","properties":{"name":"Le Sausseron"},"geometry":{"type":"LineString","coordinates":[[2.1490,49.1386],[2.1491,49.1387]]}},{"type":"Feature","properties":{"name":"Le Sausseron"},"geometry":{"type":"LineString","coordinates":[[2.1437,49.1369],[2.1439,49.1371]]}},{"type":"Feature","properties":{"name":"Le Sausseron"},"geometry":{"type":"LineString","coordinates":[[2.1442,49.1374],[2.1444,49.1374]]}},{"type":"Feature","properties":{"name":"Le Sausseron"},"geometry":{"type":"LineString","coordinates":[[2.1444,49.1374],[2.1490,49.1386]]}},{"type":"Feature","properties":{"name":"Le Sausseron"},"geometry":{"type":"LineString","coordinates":[[2.1439,49.1371],[2.1442,49.1374]]}},{"type":"Feature","properties":{"name":"Le Sausseron"},"geometry":{"type":"LineString","coordinates":[[2.1613,49.1379],[2.1615,49.1379]]}},{"type":"Feature","properties":{"name":"Le Sausseron"},"geometry":{"type":"LineString","coordinates":[[2.1615,49.1379],[2.1650,49.1357],[2.1657,49.1319],[2.1676,49.1304],[2.1677,49.1291]]}},{"type":"Feature","properties":{"name":"Le Sausseron"},"geometry":{"type":"LineString","coordinates":[[2.1712,49.1263],[2.1714,49.1262]]}},{"type":"Feature","properties":{"name":"Le Sausseron"},"geometry":{"type":"LineString","coordinates":[[2.1677,49.1291],[2.1677,49.1290]]}},{"type":"Feature","properties":{"name":"Le Sausseron"},"geometry":{"type":"LineString","coordinates":[[2.1677,49.1290],[2.1680,49.1279],[2.1712,49.1263]]}},{"type":"Feature","properties":{"name":"Le Sausseron"},"geometry":{"type":"LineString","coordinates":[[2.2033,49.0937],[2.2092,49.0935]]}},{"type":"Feature","properties":{"name":"Le Sausseron"},"geometry":{"type":"LineString","coordinates":[[2.1950,49.0951],[2.1958,49.0940],[2.1981,49.0938]]}},{"type":"Feature","properties":{"name":"Le Sausseron"},"geometry":{"type":"LineString","coordinates":[[2.1981,49.0938],[2.1985,49.0938]]}},{"type":"Feature","properties":{"name":"Le Sausseron"},"geometry":{"type":"LineString","coordinates":[[2.1985,49.0938],[2.2025,49.0940]]}},{"type":"Feature","properties":{"name":"Le Sausseron"},"geometry":{"type":"LineString","coordinates":[[2.2025,49.0940],[2.2028,49.0938]]}},{"type":"Feature","properties":{"name":"Le Sausseron"},"geometry":{"type":"LineString","coordinates":[[2.2028,49.0938],[2.2030,49.0938]]}},{"type":"Feature","properties":{"name":"Le Sausseron"},"geometry":{"type":"LineString","coordinates":[[2.2030,49.0938],[2.2033,49.0937]]}},{"type":"Feature","properties":{"name":"Le Sausseron"},"geometry":{"type":"LineString","coordinates":[[2.1714,49.1262],[2.1791,49.1225]]}},{"type":"Feature","properties":{"name":"Le Sausseron"},"geometry":{"type":"LineString","coordinates":[[2.1901,49.0984],[2.1925,49.0975],[2.1950,49.0951]]}},{"type":"Feature","properties":{"name":"Le Sausseron"},"geometry":{"type":"LineString","coordinates":[[2.1861,49.0993],[2.1899,49.0984]]}},{"type":"Feature","properties":{"name":"Le Sausseron"},"geometry":{"type":"LineString","coordinates":[[2.1833,49.1025],[2.1842,49.1002],[2.1860,49.0993]]}},{"type":"Feature","properties":{"name":"Le Sausseron"},"geometry":{"type":"LineString","coordinates":[[2.1860,49.0993],[2.1861,49.0993]]}},{"type":"Feature","properties":{"name":"Le Sausseron"},"geometry":{"type":"LineString","coordinates":[[2.1832,49.1026],[2.1833,49.1025]]}},{"type":"Feature","properties":{"name":"Le Sausseron"},"geometry":{"type":"LineString","coordinates":[[2.1899,49.0984],[2.1901,49.0984]]}},{"type":"Feature","properties":{"name":"Le Sausseron"},"geometry":{"type":"LineString","coordinates":[[2.1834,49.1069],[2.1842,49.1058],[2.1830,49.1042],[2.1832,49.1026]]}},{"type":"Feature","properties":{"name":"Le Sausseron"},"geometry":{"type":"LineString","coordinates":[[2.1830,49.1071],[2.1834,49.1069]]}},{"type":"Feature","properties":{"name":"Le Sausseron"},"geometry":{"type":"LineString","coordinates":[[2.1828,49.1072],[2.1828,49.1072]]}},{"type":"Feature","properties":{"name":"Le Sausseron"},"geometry":{"type":"LineString","coordinates":[[2.1828,49.1072],[2.1830,49.1071]]}},{"type":"Feature","properties":{"name":"Le Sausseron"},"geometry":{"type":"LineString","coordinates":[[2.1059,49.1819],[2.1093,49.1802],[2.1106,49.1771],[2.1139,49.1754],[2.1140,49.1718],[2.1170,49.1684],[2.1169,49.1652],[2.1154,49.1639],[2.1161,49.1629],[2.1140,49.1604]]}},{"type":"Feature","properties":{"name":"Le Sausseron"},"geometry":{"type":"LineString","coordinates":[[2.1140,49.1604],[2.1113,49.1555],[2.1110,49.1525],[2.1123,49.1515],[2.1123,49.1495]]}},{"type":"Feature","properties":{"name":"Le Sausseron"},"geometry":{"type":"LineString","coordinates":[[2.1782,49.1144],[2.1782,49.1143]]}},{"type":"Feature","properties":{"name":"Le Sausseron"},"geometry":{"type":"LineString","coordinates":[[2.1782,49.1143],[2.1777,49.1121],[2.1784,49.1096],[2.1828,49.1072]]}},{"type":"Feature","properties":{"name":"Le Sausseron"},"geometry":{"type":"LineString","coordinates":[[2.1791,49.1225],[2.1823,49.1190],[2.1815,49.1179],[2.1786,49.1171],[2.1782,49.1144]]}},{"type":"Feature","properties":{"name":"Le Sausseron"},"geometry":{"type":"LineString","coordinates":[[2.1157,49.1399],[2.1169,49.1391]]}},{"type":"Feature","properties":{"name":"Rû du Mesnil"},"geometry":{"type":"LineString","coordinates":[[1.9712,49.2433],[1.9710,49.2414],[1.9725,49.2395],[1.9718,49.2378],[1.9727,49.2361],[1.9724,49.2326],[1.9695,49.2291],[1.9656,49.2284]]}},{"type":"Feature","properties":{"name":"Rû du Mesnil"},"geometry":{"type":"LineString","coordinates":[[1.9648,49.2276],[1.9648,49.2263]]}},{"type":"Feature","properties":{"name":"Rû du Mesnil"},"geometry":{"type":"LineString","coordinates":[[1.9700,49.2445],[1.9707,49.2443]]}},{"type":"Feature","properties":{"name":"Rû du Mesnil"},"geometry":{"type":"LineString","coordinates":[[1.9718,49.2491],[1.9700,49.2445]]}},{"type":"Feature","properties":{"name":"Rû du Mesnil"},"geometry":{"type":"LineString","coordinates":[[1.9712,49.2434],[1.9712,49.2433]]}},{"type":"Feature","properties":{"name":"Rû du Mesnil"},"geometry":{"type":"LineString","coordinates":[[1.9707,49.2443],[1.9712,49.2434]]}},{"type":"Feature","properties":{"name":"Rû du Mesnil"},"geometry":{"type":"LineString","coordinates":[[1.9938,49.2637],[1.9901,49.2615]]}},{"type":"Feature","properties":{"name":"Rû du Mesnil"},"geometry":{"type":"LineString","coordinates":[[1.9938,49.2638],[1.9938,49.2637]]}},{"type":"Feature","properties":{"name":"Rû du Mesnil"},"geometry":{"type":"LineString","coordinates":[[1.9944,49.2644],[1.9938,49.2638]]}},{"type":"Feature","properties":{"name":"Rû du Mesnil"},"geometry":{"type":"LineString","coordinates":[[1.9944,49.2645],[1.9944,49.2644]]}},{"type":"Feature","properties":{"name":"Rû du Mesnil"},"geometry":{"type":"LineString","coordinates":[[2.0052,49.2761],[1.9966,49.2685],[1.9944,49.2645]]}},{"type":"Feature","properties":{"name":"Rû du Mesnil"},"geometry":{"type":"LineString","coordinates":[[2.0056,49.2763],[2.0055,49.2762]]}},{"type":"Feature","properties":{"name":"Rû du Mesnil"},"geometry":{"type":"LineString","coordinates":[[1.9901,49.2615],[1.9903,49.2605],[1.9881,49.2600],[1.9840,49.2557],[1.9833,49.2559]]}},{"type":"Feature","properties":{"name":"Rû du Mesnil"},"geometry":{"type":"LineString","coordinates":[[1.9833,49.2559],[1.9797,49.2523],[1.9747,49.2512],[1.9718,49.2491]]}},{"type":"Feature","properties":{"name":"Rû du Mesnil"},"geometry":{"type":"LineString","coordinates":[[2.0056,49.2764],[2.0056,49.2763]]}},{"type":"Feature","properties":{"name":"Rû du Mesnil"},"geometry":{"type":"LineString","coordinates":[[2.0053,49.2762],[2.0052,49.2761]]}},{"type":"Feature","properties":{"name":"Rû du Mesnil"},"geometry":{"type":"LineString","coordinates":[[2.0055,49.2762],[2.0053,49.2762]]}},{"type":"Feature","properties":{"name":"Rû du Mesnil"},"geometry":{"type":"LineString","coordinates":[[1.9655,49.2283],[1.9648,49.2276]]}},{"type":"Feature","properties":{"name":"Rû du Mesnil"},"geometry":{"type":"LineString","coordinates":[[1.9656,49.2284],[1.9655,49.2283]]}},{"type":"Feature","properties":{"name":"L\u0027Automne"},"geometry":{"type":"LineString","coordinates":[[3.0334,49.2426],[3.0331,49.2476],[3.0313,49.2508],[3.0314,49.2542],[3.0282,49.2580],[3.0126,49.2603],[3.0102,49.2591],[3.0052,49.2595]]}},{"type":"Feature","properties":{"name":"L\u0027Automne"},"geometry":{"type":"LineString","coordinates":[[2.8849,49.2861],[2.8784,49.2862],[2.8762,49.2877],[2.8756,49.2892],[2.8694,49.2892]]}},{"type":"Feature","properties":{"name":"L\u0027Automne"},"geometry":{"type":"LineString","coordinates":[[2.8694,49.2892],[2.8580,49.2887],[2.8518,49.2873],[2.8431,49.2888],[2.8360,49.2876],[2.8291,49.2886],[2.8286,49.2895],[2.8256,49.2895],[2.8240,49.2906],[2.8216,49.2895],[2.8216,49.2902],[2.8198,49.2904],[2.8176,49.2921],[2.8161,49.2916],[2.8144,49.2930],[2.8113,49.2934],[2.8117,49.2947],[2.8064,49.2949],[2.8033,49.2962],[2.7985,49.2988],[2.7948,49.3028],[2.7895,49.3036],[2.7876,49.3024],[2.7852,49.3027],[2.7651,49.3111]]}},{"type":"Feature","properties":{"name":"L\u0027Automne"},"geometry":{"type":"LineString","coordinates":[[2.8917,49.2854],[2.8849,49.2861]]}},{"type":"Feature","properties":{"name":"L\u0027Automne"},"geometry":{"type":"LineString","coordinates":[[2.8968,49.2860],[2.8917,49.2854]]}},{"type":"Feature","properties":{"name":"L\u0027Automne"},"geometry":{"type":"LineString","coordinates":[[2.9614,49.2703],[2.9525,49.2723],[2.9428,49.2779]]}},{"type":"Feature","properties":{"name":"L\u0027Automne"},"geometry":{"type":"LineString","coordinates":[[3.0052,49.2595],[3.0046,49.2594]]}},{"type":"Feature","properties":{"name":"L\u0027Automne"},"geometry":{"type":"LineString","coordinates":[[3.0046,49.2594],[2.9923,49.2595],[2.9788,49.2576],[2.9711,49.2615],[2.9700,49.2644],[2.9647,49.2670],[2.9606,49.2711],[2.9533,49.2727],[2.9480,49.2769],[2.9437,49.2781],[2.9406,49.2767],[2.9390,49.2769],[2.9327,49.2789],[2.9290,49.2813],[2.9275,49.2805],[2.9252,49.2823],[2.9217,49.2820],[2.9199,49.2838],[2.9154,49.2854],[2.9100,49.2854],[2.9074,49.2834],[2.9069,49.2842],[2.8972,49.2853],[2.8968,49.2860]]}},{"type":"Feature","properties":{"name":"La Lévrière"},"geometry":{"type":"LineString","coordinates":[[1.7186,49.3313],[1.7205,49.3252],[1.7253,49.3202],[1.7262,49.3203],[1.7265,49.3190],[1.7275,49.3192],[1.7278,49.3166],[1.7266,49.3153],[1.7270,49.3104],[1.7280,49.3087]]}},{"type":"Feature","properties":{"name":"La Lévrière"},"geometry":{"type":"LineString","coordinates":[[1.7206,49.3423],[1.7182,49.3426],[1.7166,49.3412],[1.7161,49.3398],[1.7172,49.3362]]}},{"type":"Feature","properties":{"name":"La Lévrière"},"geometry":{"type":"LineString","coordinates":[[1.7229,49.3452],[1.7206,49.3423]]}},{"type":"Feature","properties":{"name":"La Lévrière"},"geometry":{"type":"LineString","coordinates":[[1.7172,49.3362],[1.7176,49.3328]]}},{"type":"Feature","properties":{"name":"La Lévrière"},"geometry":{"type":"LineString","coordinates":[[1.7189,49.3471],[1.7229,49.3452]]}},{"type":"Feature","properties":{"name":"La Lévrière"},"geometry":{"type":"LineString","coordinates":[[1.7189,49.3472],[1.7189,49.3471]]}},{"type":"Feature","properties":{"name":"La Lévrière"},"geometry":{"type":"LineString","coordinates":[[1.7245,49.3448],[1.7227,49.3422],[1.7206,49.3423]]}},{"type":"Feature","properties":{"name":"La Lévrière"},"geometry":{"type":"LineString","coordinates":[[1.7176,49.3328],[1.7177,49.3326]]}},{"type":"Feature","properties":{"name":"La Lévrière"},"geometry":{"type":"LineString","coordinates":[[1.7177,49.3326],[1.7186,49.3313]]}},{"type":"Feature","properties":{"name":"La Lévrière"},"geometry":{"type":"LineString","coordinates":[[1.7280,49.3087],[1.7281,49.3086]]}},{"type":"Feature","properties":{"name":"L\u0027Epte"},"geometry":{"type":"LineString","coordinates":[[1.7580,49.3570],[1.7602,49.3555],[1.7597,49.3533],[1.7613,49.3509],[1.7670,49.3447],[1.7657,49.3442],[1.7657,49.3426],[1.7684,49.3415],[1.7679,49.3397],[1.7717,49.3389],[1.7744,49.3370],[1.7746,49.3346],[1.7722,49.3322],[1.7720,49.3295],[1.7727,49.3291],[1.7719,49.3278],[1.7702,49.3277],[1.7698,49.3265],[1.7708,49.3260]]}},{"type":"Feature","properties":{"name":"L\u0027Epte"},"geometry":{"type":"LineString","coordinates":[[1.7583,49.3673],[1.7612,49.3662],[1.7598,49.3635],[1.7614,49.3603],[1.7585,49.3586],[1.7580,49.3570]]}},{"type":"Feature","properties":{"name":"L\u0027Epte"},"geometry":{"type":"LineString","coordinates":[[1.7673,49.3418],[1.7678,49.3400]]}},{"type":"Feature","properties":{"name":"L\u0027Epte"},"geometry":{"type":"LineString","coordinates":[[1.7684,49.3415],[1.7689,49.3412],[1.7679,49.3398]]}},{"type":"Feature","properties":{"name":"L\u0027Epte"},"geometry":{"type":"LineString","coordinates":[[1.7595,49.3682],[1.7583,49.3673]]}},{"type":"Feature","properties":{"name":"L\u0027Epte"},"geometry":{"type":"LineString","coordinates":[[1.7199,49.3955],[1.7214,49.3930],[1.7299,49.3910],[1.7301,49.3896],[1.7326,49.3884],[1.7363,49.3837],[1.7412,49.3812],[1.7429,49.3818],[1.7446,49.3807],[1.7466,49.3776],[1.7454,49.3762],[1.7478,49.3749],[1.7479,49.3716],[1.7497,49.3718],[1.7505,49.3706],[1.7567,49.3706],[1.7565,49.3690],[1.7595,49.3682]]}},{"type":"Feature","properties":{"name":"L\u0027Aunette"},"geometry":{"type":"LineString","coordinates":[[1.8475,49.3039],[1.8473,49.3038]]}},{"type":"Feature","properties":{"name":"L\u0027Aunette"},"geometry":{"type":"LineString","coordinates":[[1.8647,49.3221],[1.8598,49.3197],[1.8576,49.3170],[1.8546,49.3161],[1.8538,49.3137],[1.8489,49.3094],[1.8485,49.3049],[1.8477,49.3041]]}},{"type":"Feature","properties":{"name":"L\u0027Aunette"},"geometry":{"type":"LineString","coordinates":[[1.8829,49.3388],[1.8815,49.3381]]}},{"type":"Feature","properties":{"name":"L\u0027Aunette"},"geometry":{"type":"LineString","coordinates":[[1.8815,49.3381],[1.8790,49.3375]]}},{"type":"Feature","properties":{"name":"L\u0027Aunette"},"geometry":{"type":"LineString","coordinates":[[1.8790,49.3375],[1.8772,49.3373]]}},{"type":"Feature","properties":{"name":"L\u0027Aunette"},"geometry":{"type":"LineString","coordinates":[[1.8477,49.3041],[1.8475,49.3039]]}},{"type":"Feature","properties":{"name":"L\u0027Aunette"},"geometry":{"type":"LineString","coordinates":[[1.8651,49.3225],[1.8647,49.3221]]}},{"type":"Feature","properties":{"name":"L\u0027Aunette"},"geometry":{"type":"LineString","coordinates":[[1.8651,49.3225],[1.8651,49.3225]]}},{"type":"Feature","properties":{"name":"L\u0027Aunette"},"geometry":{"type":"LineString","coordinates":[[1.8652,49.3231],[1.8651,49.3225]]}},{"type":"Feature","properties":{"name":"L\u0027Aunette"},"geometry":{"type":"LineString","coordinates":[[1.8653,49.3231],[1.8652,49.3231]]}},{"type":"Feature","properties":{"name":"L\u0027Aunette"},"geometry":{"type":"LineString","coordinates":[[1.8772,49.3373],[1.8750,49.3364],[1.8735,49.3342],[1.8689,49.3323],[1.8663,49.3296],[1.8666,49.3249],[1.8653,49.3231]]}},{"type":"Feature","properties":{"name":"L\u0027Aunette"},"geometry":{"type":"LineString","coordinates":[[1.8842,49.3389],[1.8829,49.3388]]}}]}