{"type":"FeatureCollection","features":[{"type":"Feature","properties":{"name":"Le Lembronnet"},"geometry":{"type":"LineString","coordinates":[[3.1811,45.4897],[3.1949,45.4905],[3.2031,45.4881],[3.2107,45.4872],[3.2118,45.4854],[3.2187,45.4815],[3.2193,45.4801]]}},{"type":"Feature","properties":{"name":"La Sioule"},"geometry":{"type":"LineString","coordinates":[[3.1643,46.1432],[3.1711,46.1498],[3.1712,46.1524]]}},{"type":"Feature","properties":{"name":"La Sioule"},"geometry":{"type":"LineString","coordinates":[[2.9716,46.1216],[2.9770,46.1253],[2.9820,46.1241],[2.9867,46.1252],[2.9928,46.1241],[2.9987,46.1206],[3.0018,46.1200],[3.0027,46.1183],[3.0064,46.1158]]}},{"type":"Feature","properties":{"name":"La Sioule"},"geometry":{"type":"LineString","coordinates":[[2.9695,46.1214],[2.9716,46.1216]]}},{"type":"Feature","properties":{"name":"La Sioule"},"geometry":{"type":"LineString","coordinates":[[2.9319,46.1058],[2.9342,46.1065],[2.9380,46.1050],[2.9416,46.1078],[2.9494,46.1103],[2.9569,46.1110],[2.9583,46.1130],[2.9584,46.1172],[2.9605,46.1197],[2.9642,46.1219],[2.9695,46.1214]]}},{"type":"Feature","properties":{"name":"La Sioule"},"geometry":{"type":"LineString","coordinates":[[2.9095,46.0256],[2.9096,46.0273],[2.9064,46.0304],[2.9066,46.0345],[2.9026,46.0376],[2.9039,46.0430]]}},{"type":"Feature","properties":{"name":"La Sioule"},"geometry":{"type":"LineString","coordinates":[[2.9039,46.0430],[2.9074,46.0460],[2.9089,46.0496],[2.9125,46.0520]]}},{"type":"Feature","properties":{"name":"La Sioule"},"geometry":{"type":"LineString","coordinates":[[2.9125,46.0520],[2.9170,46.0561],[2.9152,46.0597],[2.9150,46.0624],[2.9226,46.0667],[2.9225,46.0680]]}},{"type":"Feature","properties":{"name":"La Sioule"},"geometry":{"type":"LineString","coordinates":[[2.9297,46.1034],[2.9319,46.1058]]}},{"type":"Feature","properties":{"name":"La Sioule"},"geometry":{"type":"LineString","coordinates":[[2.9144,46.0718],[2.9112,46.0785],[2.9122,46.0827],[2.9175,46.0842],[2.9203,46.0869],[2.9206,46.0888],[2.9259,46.0887],[2.9248,46.0918],[2.9204,46.0945],[2.9224,46.0958],[2.9285,46.0947],[2.9315,46.0958],[2.9322,46.0985],[2.9297,46.1034]]}},{"type":"Feature","properties":{"name":"La Sioule"},"geometry":{"type":"LineString","coordinates":[[2.9206,46.0681],[2.9184,46.0677],[2.9152,46.0700],[2.9144,46.0718]]}},{"type":"Feature","properties":{"name":"La Sioule"},"geometry":{"type":"LineString","coordinates":[[2.9225,46.0680],[2.9206,46.0681]]}},{"type":"Feature","properties":{"name":"La Sioule"},"geometry":{"type":"LineString","coordinates":[[2.8838,46.0124],[2.8862,46.0153],[2.8917,46.0159],[2.8941,46.0171],[2.8949,46.0231],[2.8985,46.0243],[2.9014,46.0298],[2.9035,46.0302],[2.9053,46.0293],[2.9041,46.0250],[2.9051,46.0241],[2.9075,46.0239],[2.9095,46.0256]]}},{"type":"Feature","properties":{"name":"La Sioule"},"geometry":{"type":"LineString","coordinates":[[3.0877,46.1132],[3.0911,46.1153],[3.0971,46.1168],[3.1040,46.1224]]}},{"type":"Feature","properties":{"name":"La Sioule"},"geometry":{"type":"LineString","coordinates":[[3.1040,46.1224],[3.1052,46.1238],[3.1075,46.1239]]}},{"type":"Feature","properties":{"name":"La Sioule"},"geometry":{"type":"LineString","coordinates":[[3.2890,46.2807],[3.2863,46.2861],[3.2839,46.2873],[3.2789,46.2866],[3.2783,46.2853],[3.2787,46.2828],[3.2746,46.2841]]}},{"type":"Feature","properties":{"name":"La Sioule"},"geometry":{"type":"LineString","coordinates":[[3.1125,46.1228],[3.1156,46.1218]]}},{"type":"Feature","properties":{"name":"La Sioule"},"geometry":{"type":"LineString","coordinates":[[3.1156,46.1218],[3.1172,46.1220],[3.1203,46.1261],[3.1251,46.1258],[3.1272,46.1268],[3.1293,46.1312],[3.1289,46.1332],[3.1312,46.1348],[3.1360,46.1329],[3.1389,46.1334],[3.1482,46.1379],[3.1507,46.1370],[3.1534,46.1334],[3.1570,46.1324],[3.1660,46.1340]]}},{"type":"Feature","properties":{"name":"La Sioule"},"geometry":{"type":"LineString","coordinates":[[3.1688,46.1599],[3.1739,46.1623],[3.1899,46.1651],[3.1946,46.1702],[3.1956,46.1726],[3.1976,46.1732]]}},{"type":"Feature","properties":{"name":"La Sioule"},"geometry":{"type":"LineString","coordinates":[[3.1712,46.1524],[3.1681,46.1561],[3.1686,46.1598]]}},{"type":"Feature","properties":{"name":"La Sioule"},"geometry":{"type":"LineString","coordinates":[[3.2246,46.1716],[3.2251,46.1734],[3.2262,46.1739],[3.2317,46.1739]]}},{"type":"Feature","properties":{"name":"La Sioule"},"geometry":{"type":"LineString","coordinates":[[3.1976,46.1732],[3.2018,46.1712],[3.2067,46.1734],[3.2102,46.1709],[3.2156,46.1694],[3.2246,46.1716]]}},{"type":"Feature","properties":{"name":"La Sioule"},"geometry":{"type":"LineString","coordinates":[[3.2317,46.1739],[3.2365,46.1791],[3.2394,46.1799]]}},{"type":"Feature","properties":{"name":"La Sioule"},"geometry":{"type":"LineString","coordinates":[[3.2394,46.1799],[3.2411,46.1823],[3.2390,46.1854],[3.2397,46.1873],[3.2423,46.1889],[3.2430,46.1909],[3.2494,46.1954],[3.2584,46.1967],[3.2620,46.2018]]}},{"type":"Feature","properties":{"name":"La Sioule"},"geometry":{"type":"LineString","coordinates":[[3.2658,46.2083],[3.2696,46.2131],[3.2756,46.2154],[3.2759,46.2171],[3.2710,46.2190],[3.2699,46.2204],[3.2740,46.2254],[3.2695,46.2262],[3.2648,46.2287],[3.2648,46.2295],[3.2671,46.2315],[3.2624,46.2326],[3.2632,46.2349],[3.2617,46.2362],[3.2652,46.2379],[3.2659,46.2412],[3.2691,46.2419],[3.2722,46.2447],[3.2727,46.2497],[3.2713,46.2517],[3.2738,46.2562],[3.2770,46.2575],[3.2802,46.2576],[3.2823,46.2594],[3.2815,46.2614],[3.2788,46.2632],[3.2791,46.2647],[3.2816,46.2667],[3.2815,46.2689],[3.2800,46.2690],[3.2793,46.2702],[3.2803,46.2724],[3.2891,46.2771],[3.2900,46.2789],[3.2890,46.2807],[3.2860,46.2822],[3.2834,46.2822],[3.2816,46.2809],[3.2739,46.2827],[3.2736,46.2832],[3.2747,46.2831],[3.2738,46.2857],[3.2752,46.2897],[3.2799,46.2939],[3.2902,46.2937],[3.2923,46.2962],[3.2917,46.2979],[3.2926,46.3022],[3.2952,46.3044],[3.2935,46.3068],[3.2963,46.3092],[3.2972,46.3119],[3.2964,46.3140],[3.2932,46.3156],[3.2958,46.3226],[3.3011,46.3248],[3.3077,46.3250],[3.3097,46.3273],[3.3057,46.3316],[3.3032,46.3324],[3.2998,46.3298],[3.2975,46.3297],[3.2963,46.3317],[3.2971,46.3351],[3.2998,46.3351],[3.3073,46.3376],[3.3093,46.3405],[3.3149,46.3421],[3.3158,46.3435],[3.3202,46.3445],[3.3226,46.3462],[3.3226,46.3506],[3.3181,46.3576],[3.3190,46.3600],[3.3213,46.3613],[3.3206,46.3629],[3.3239,46.3636],[3.3225,46.3656]]}},{"type":"Feature","properties":{"name":"La Sioule"},"geometry":{"type":"LineString","coordinates":[[3.1660,46.1340],[3.1663,46.1379],[3.1641,46.1418],[3.1643,46.1432]]}},{"type":"Feature","properties":{"name":"La Sioule"},"geometry":{"type":"LineString","coordinates":[[3.2620,46.2018],[3.2629,46.2064],[3.2658,46.2083]]}},{"type":"Feature","properties":{"name":"La Sioule"},"geometry":{"type":"LineString","coordinates":[[3.2816,46.2683],[3.2829,46.2694],[3.2813,46.2717],[3.2828,46.2717],[3.2851,46.2749]]}},{"type":"Feature","properties":{"name":"La Sioule"},"geometry":{"type":"LineString","coordinates":[[3.0157,46.1026],[3.0184,46.1012],[3.0227,46.1018]]}},{"type":"Feature","properties":{"name":"La Sioule"},"geometry":{"type":"LineString","coordinates":[[3.0244,46.1022],[3.0269,46.1038]]}},{"type":"Feature","properties":{"name":"La Sioule"},"geometry":{"type":"LineString","coordinates":[[3.0244,46.1022],[3.0283,46.1043],[3.0339,46.1041],[3.0357,46.1061],[3.0392,46.1075],[3.0410,46.1072],[3.0424,46.1049],[3.0487,46.1003],[3.0595,46.1036],[3.0662,46.1026],[3.0720,46.1063],[3.0877,46.1132]]}},{"type":"Feature","properties":{"name":"La Sioule"},"geometry":{"type":"LineString","coordinates":[[3.0151,46.1028],[3.0180,46.1024]]}},{"type":"Feature","properties":{"name":"La Sioule"},"geometry":{"type":"LineString","coordinates":[[3.0157,46.1026],[3.0174,46.1024]]}},{"type":"Feature","properties":{"name":"La Sioule"},"geometry":{"type":"LineString","coordinates":[[3.0174,46.1024],[3.0244,46.1022]]}},{"type":"Feature","properties":{"name":"La Sioule"},"geometry":{"type":"LineString","coordinates":[[3.1034,46.1215],[3.1058,46.1235],[3.1077,46.1238]]}},{"type":"Feature","properties":{"name":"La Sioule"},"geometry":{"type":"LineString","coordinates":[[3.1075,46.1239],[3.1125,46.1228]]}},{"type":"Feature","properties":{"name":"La Sioule"},"geometry":{"type":"LineString","coordinates":[[3.0078,46.1155],[3.0108,46.1134],[3.0156,46.1056],[3.0139,46.1035],[3.0157,46.1026]]}},{"type":"Feature","properties":{"name":"La Sioule"},"geometry":{"type":"LineString","coordinates":[[3.0064,46.1158],[3.0078,46.1155]]}},{"type":"Feature","properties":{"name":"La Sioule"},"geometry":{"type":"LineString","coordinates":[[3.0064,46.1158],[3.0078,46.1155]]}},{"type":"Feature","properties":{"name":"La Sioule"},"geometry":{"type":"LineString","coordinates":[[3.0418,46.1060],[3.0451,46.1033]]}},{"type":"Feature","properties":{"name":"La Sioule"},"geometry":{"type":"LineString","coordinates":[[3.2743,46.2825],[3.2747,46.2830]]}},{"type":"Feature","properties":{"name":"La Sioule"},"geometry":{"type":"LineString","coordinates":[[3.1686,46.1598],[3.1688,46.1599]]}},{"type":"Feature","properties":{"name":"Lembronnet"},"geometry":{"type":"LineString","coordinates":[[3.2193,45.4800],[3.2183,45.4761],[3.2194,45.4736],[3.2232,45.4705],[3.2265,45.4697],[3.2308,45.4703],[3.2353,45.4745],[3.2378,45.4756],[3.2404,45.4795],[3.2421,45.4791],[3.2458,45.4805]]}},{"type":"Feature","properties":{"name":"Lembronnet"},"geometry":{"type":"LineString","coordinates":[[3.2465,45.4808],[3.2544,45.4826],[3.2543,45.4838],[3.2563,45.4853],[3.2595,45.4862],[3.2612,45.4883],[3.2655,45.4901]]}},{"type":"Feature","properties":{"name":"Lembronnet"},"geometry":{"type":"LineString","coordinates":[[3.2458,45.4805],[3.2465,45.4808]]}},{"type":"Feature","properties":{"name":"Lembronnet"},"geometry":{"type":"LineString","coordinates":[[3.2193,45.4801],[3.2193,45.4800]]}},{"type":"Feature","properties":{"name":"Lembronnet"},"geometry":{"type":"LineString","coordinates":[[3.2704,45.4901],[3.2724,45.4891],[3.2749,45.4907]]}},{"type":"Feature","properties":{"name":"Lembronnet"},"geometry":{"type":"LineString","coordinates":[[3.2703,45.4901],[3.2704,45.4901]]}},{"type":"Feature","properties":{"name":"Lembronnet"},"geometry":{"type":"LineString","coordinates":[[3.2655,45.4901],[3.2656,45.4901]]}},{"type":"Feature","properties":{"name":"Lembronnet"},"geometry":{"type":"LineString","coordinates":[[3.2656,45.4901],[3.2703,45.4901]]}},{"type":"Feature","properties":{"name":"Le Renaison"},"geometry":{"type":"LineString","coordinates":[[4.0129,46.0355],[4.0180,46.0357],[4.0196,46.0345],[4.0290,46.0341],[4.0310,46.0348],[4.0315,46.0361],[4.0365,46.0363],[4.0385,46.0348],[4.0409,46.0364],[4.0455,46.0326],[4.0495,46.0318],[4.0574,46.0326]]}},{"type":"Feature","properties":{"name":"Le Renaison"},"geometry":{"type":"LineString","coordinates":[[3.9266,46.0474],[3.9292,46.0475],[3.9300,46.0467]]}},{"type":"Feature","properties":{"name":"Le Renaison"},"geometry":{"type":"LineString","coordinates":[[3.8805,46.0438],[3.8847,46.0428],[3.8894,46.0436],[3.8910,46.0450],[3.9019,46.0459],[3.9148,46.0487],[3.9218,46.0470],[3.9266,46.0474]]}},{"type":"Feature","properties":{"name":"Le Renaison"},"geometry":{"type":"LineString","coordinates":[[3.9341,46.0461],[3.9376,46.0473],[3.9493,46.0460],[3.9571,46.0426],[3.9600,46.0429],[3.9660,46.0381],[3.9725,46.0353],[3.9779,46.0364],[3.9797,46.0354],[3.9888,46.0339],[3.9932,46.0341],[4.0054,46.0326],[4.0129,46.0355]]}},{"type":"Feature","properties":{"name":"Le Renaison"},"geometry":{"type":"LineString","coordinates":[[3.9337,46.0461],[3.9341,46.0461]]}},{"type":"Feature","properties":{"name":"Le Renaison"},"geometry":{"type":"LineString","coordinates":[[3.9300,46.0467],[3.9314,46.0457],[3.9337,46.0461]]}},{"type":"Feature","properties":{"name":"Le Renaison"},"geometry":{"type":"LineString","coordinates":[[3.8800,46.0441],[3.8805,46.0438]]}},{"type":"Feature","properties":{"name":"Le Renaison"},"geometry":{"type":"LineString","coordinates":[[3.8740,46.0454],[3.8800,46.0441]]}},{"type":"Feature","properties":{"name":"Le Boën"},"geometry":{"type":"LineString","coordinates":[[3.8243,45.9190],[3.8311,45.9168],[3.8308,45.9148],[3.8318,45.9135],[3.8419,45.9090],[3.8419,45.9058],[3.8449,45.9058],[3.8475,45.9040],[3.8484,45.9019],[3.8514,45.9019],[3.8543,45.8986],[3.8536,45.8956]]}},{"type":"Feature","properties":{"name":"L\u0027Isable"},"geometry":{"type":"LineString","coordinates":[[3.9230,45.9513],[3.9300,45.9467],[3.9377,45.9432],[3.9385,45.9410],[3.9408,45.9389],[3.9405,45.9375],[3.9464,45.9346],[3.9467,45.9321],[3.9488,45.9311],[3.9498,45.9286],[3.9508,45.9225],[3.9546,45.9189],[3.9545,45.9171],[3.9561,45.9158],[3.9555,45.9148],[3.9567,45.9146],[3.9561,45.9101],[3.9621,45.9090],[3.9654,45.9066],[3.9678,45.9061],[3.9678,45.9052],[3.9748,45.9003],[3.9753,45.8980],[3.9784,45.8981],[3.9795,45.8970]]}},{"type":"Feature","properties":{"name":"L\u0027Isable"},"geometry":{"type":"LineString","coordinates":[[3.9795,45.8970],[3.9824,45.8966],[3.9832,45.8946],[3.9857,45.8945],[3.9882,45.8929],[3.9942,45.8922],[3.9987,45.8932],[4.0022,45.8928],[4.0049,45.8883],[4.0080,45.8877],[4.0112,45.8855],[4.0129,45.8825],[4.0213,45.8782],[4.0213,45.8760],[4.0231,45.8753],[4.0216,45.8731],[4.0236,45.8725],[4.0243,45.8701],[4.0268,45.8692],[4.0273,45.8674],[4.0304,45.8654],[4.0320,45.8591]]}},{"type":"Feature","properties":{"name":"L\u0027Isable"},"geometry":{"type":"LineString","coordinates":[[3.9143,45.9635],[3.9177,45.9597],[3.9181,45.9553],[3.9197,45.9548],[3.9230,45.9513]]}},{"type":"Feature","properties":{"name":"L\u0027Isable"},"geometry":{"type":"LineString","coordinates":[[3.9143,45.9636],[3.9143,45.9635]]}},{"type":"Feature","properties":{"name":"L\u0027Isable"},"geometry":{"type":"LineString","coordinates":[[3.9136,45.9644],[3.9143,45.9636]]}},{"type":"Feature","properties":{"name":"L\u0027Isable"},"geometry":{"type":"LineString","coordinates":[[3.9135,45.9645],[3.9136,45.9644]]}},{"type":"Feature","properties":{"name":"L\u0027Isable"},"geometry":{"type":"LineString","coordinates":[[3.9127,45.9650],[3.9135,45.9645]]}},{"type":"Feature","properties":{"name":"la Font d\u0027Aix"},"geometry":{"type":"LineString","coordinates":[[3.8101,45.8954],[3.8111,45.8921],[3.8137,45.8897],[3.8171,45.8887],[3.8181,45.8900],[3.8253,45.8919],[3.8355,45.8915],[3.8370,45.8938],[3.8384,45.8942],[3.8444,45.8934]]}},{"type":"Feature","properties":{"name":"la Font d\u0027Aix"},"geometry":{"type":"LineString","coordinates":[[3.8446,45.8933],[3.8482,45.8929],[3.8494,45.8957],[3.8536,45.8956]]}},{"type":"Feature","properties":{"name":"L\u0027Artière"},"geometry":{"type":"LineString","coordinates":[[3.1191,45.7525],[3.1260,45.7554]]}},{"type":"Feature","properties":{"name":"L\u0027Artière"},"geometry":{"type":"LineString","coordinates":[[3.1152,45.7509],[3.1191,45.7525]]}},{"type":"Feature","properties":{"name":"L\u0027Artière"},"geometry":{"type":"LineString","coordinates":[[3.1146,45.7506],[3.1152,45.7509]]}},{"type":"Feature","properties":{"name":"L\u0027Artière"},"geometry":{"type":"LineString","coordinates":[[3.1117,45.7494],[3.1146,45.7506]]}},{"type":"Feature","properties":{"name":"L\u0027Artière"},"geometry":{"type":"LineString","coordinates":[[3.1271,45.7562],[3.1279,45.7566]]}},{"type":"Feature","properties":{"name":"L\u0027Artière"},"geometry":{"type":"LineString","coordinates":[[3.1260,45.7554],[3.1271,45.7562]]}},{"type":"Feature","properties":{"name":"L\u0027Artière"},"geometry":{"type":"LineString","coordinates":[[3.1279,45.7566],[3.1282,45.7568]]}},{"type":"Feature","properties":{"name":"L\u0027Artière"},"geometry":{"type":"LineString","coordinates":[[3.1722,45.7956],[3.1869,45.7953],[3.1920,45.7965],[3.2021,45.7954],[3.2060,45.7975]]}},{"type":"Feature","properties":{"name":"L\u0027Artière"},"geometry":{"type":"LineString","coordinates":[[3.0940,45.7471],[3.0964,45.7466]]}},{"type":"Feature","properties":{"name":"L\u0027Artière"},"geometry":{"type":"LineString","coordinates":[[3.0926,45.7476],[3.0940,45.7471]]}},{"type":"Feature","properties":{"name":"L\u0027Artière"},"geometry":{"type":"LineString","coordinates":[[3.0790,45.7453],[3.0850,45.7460],[3.0907,45.7481],[3.0926,45.7476]]}},{"type":"Feature","properties":{"name":"L\u0027Artière"},"geometry":{"type":"LineString","coordinates":[[3.0753,45.7435],[3.0773,45.7439]]}},{"type":"Feature","properties":{"name":"L\u0027Artière"},"geometry":{"type":"LineString","coordinates":[[3.0979,45.7467],[3.1045,45.7474],[3.1067,45.7487],[3.1117,45.7494]]}},{"type":"Feature","properties":{"name":"L\u0027Artière"},"geometry":{"type":"LineString","coordinates":[[3.0964,45.7466],[3.0979,45.7467]]}},{"type":"Feature","properties":{"name":"L\u0027Artière"},"geometry":{"type":"LineString","coordinates":[[3.1282,45.7568],[3.1333,45.7608]]}},{"type":"Feature","properties":{"name":"L\u0027Artière"},"geometry":{"type":"LineString","coordinates":[[3.2378,45.8279],[3.2388,45.8285]]}},{"type":"Feature","properties":{"name":"L\u0027Artière"},"geometry":{"type":"LineString","coordinates":[[3.2388,45.8285],[3.2428,45.8309],[3.2544,45.8339],[3.2617,45.8370],[3.2702,45.8380],[3.2763,45.8398],[3.2830,45.8388]]}},{"type":"Feature","properties":{"name":"L\u0027Artière"},"geometry":{"type":"LineString","coordinates":[[3.2060,45.7975],[3.2064,45.7977]]}},{"type":"Feature","properties":{"name":"L\u0027Artière"},"geometry":{"type":"LineString","coordinates":[[3.2064,45.7977],[3.2101,45.7987],[3.2117,45.8002],[3.2151,45.8049],[3.2151,45.8079],[3.2212,45.8141],[3.2222,45.8162]]}},{"type":"Feature","properties":{"name":"L\u0027Artière"},"geometry":{"type":"LineString","coordinates":[[3.2238,45.8172],[3.2297,45.8199],[3.2339,45.8257],[3.2378,45.8279]]}},{"type":"Feature","properties":{"name":"L\u0027Artière"},"geometry":{"type":"LineString","coordinates":[[3.2234,45.8171],[3.2238,45.8172]]}},{"type":"Feature","properties":{"name":"L\u0027Artière"},"geometry":{"type":"LineString","coordinates":[[3.0622,45.7447],[3.0623,45.7447]]}},{"type":"Feature","properties":{"name":"L\u0027Artière"},"geometry":{"type":"LineString","coordinates":[[3.1467,45.7922],[3.1477,45.7931],[3.1535,45.7931],[3.1572,45.7944],[3.1722,45.7956]]}},{"type":"Feature","properties":{"name":"L\u0027Artière"},"geometry":{"type":"LineString","coordinates":[[3.1333,45.7609],[3.1332,45.7610]]}},{"type":"Feature","properties":{"name":"L\u0027Artière"},"geometry":{"type":"LineString","coordinates":[[3.1353,45.7661],[3.1354,45.7662]]}},{"type":"Feature","properties":{"name":"L\u0027Artière"},"geometry":{"type":"LineString","coordinates":[[3.1328,45.7614],[3.1353,45.7661]]}},{"type":"Feature","properties":{"name":"L\u0027Artière"},"geometry":{"type":"LineString","coordinates":[[3.1429,45.7735],[3.1432,45.7764]]}},{"type":"Feature","properties":{"name":"L\u0027Artière"},"geometry":{"type":"LineString","coordinates":[[3.1394,45.7698],[3.1430,45.7720],[3.1429,45.7730]]}},{"type":"Feature","properties":{"name":"L\u0027Artière"},"geometry":{"type":"LineString","coordinates":[[3.1356,45.7665],[3.1388,45.7696]]}},{"type":"Feature","properties":{"name":"L\u0027Artière"},"geometry":{"type":"LineString","coordinates":[[3.1429,45.7730],[3.1429,45.7735]]}},{"type":"Feature","properties":{"name":"L\u0027Artière"},"geometry":{"type":"LineString","coordinates":[[3.1432,45.7764],[3.1433,45.7766]]}},{"type":"Feature","properties":{"name":"L\u0027Artière"},"geometry":{"type":"LineString","coordinates":[[3.1388,45.7696],[3.1394,45.7698]]}},{"type":"Feature","properties":{"name":"L\u0027Artière"},"geometry":{"type":"LineString","coordinates":[[3.1354,45.7662],[3.1356,45.7665]]}},{"type":"Feature","properties":{"name":"L\u0027Artière"},"geometry":{"type":"LineString","coordinates":[[3.1333,45.7608],[3.1333,45.7609]]}},{"type":"Feature","properties":{"name":"L\u0027Artière"},"geometry":{"type":"LineString","coordinates":[[3.1433,45.7766],[3.1433,45.7788]]}},{"type":"Feature","properties":{"name":"L\u0027Artière"},"geometry":{"type":"LineString","coordinates":[[3.1332,45.7610],[3.1328,45.7614]]}},{"type":"Feature","properties":{"name":"L\u0027Artière"},"geometry":{"type":"LineString","coordinates":[[3.1449,45.7828],[3.1440,45.7851],[3.1467,45.7922]]}},{"type":"Feature","properties":{"name":"L\u0027Artière"},"geometry":{"type":"LineString","coordinates":[[3.1433,45.7788],[3.1433,45.7790]]}},{"type":"Feature","properties":{"name":"L\u0027Artière"},"geometry":{"type":"LineString","coordinates":[[3.1448,45.7825],[3.1449,45.7828]]}},{"type":"Feature","properties":{"name":"L\u0027Artière"},"geometry":{"type":"LineString","coordinates":[[3.1433,45.7790],[3.1448,45.7825]]}},{"type":"Feature","properties":{"name":"L\u0027Artière"},"geometry":{"type":"LineString","coordinates":[[3.0773,45.7439],[3.0790,45.7453]]}},{"type":"Feature","properties":{"name":"L\u0027Artière"},"geometry":{"type":"LineString","coordinates":[[3.2223,45.8164],[3.2234,45.8171]]}},{"type":"Feature","properties":{"name":"L\u0027Artière"},"geometry":{"type":"LineString","coordinates":[[3.2222,45.8162],[3.2223,45.8164]]}},{"type":"Feature","properties":{"name":"L\u0027Artière"},"geometry":{"type":"LineString","coordinates":[[3.2830,45.8388],[3.2912,45.8385],[3.2936,45.8375]]}},{"type":"Feature","properties":{"name":"L\u0027Artière"},"geometry":{"type":"LineString","coordinates":[[3.1333,45.7608],[3.1333,45.7608]]}},{"type":"Feature","properties":{"name":"L\u0027Artière"},"geometry":{"type":"LineString","coordinates":[[3.0800,45.7452],[3.0809,45.7458]]}},{"type":"Feature","properties":{"name":"L\u0027Anzon"},"geometry":{"type":"LineString","coordinates":[[3.9583,45.7556],[3.9602,45.7559],[3.9634,45.7544],[3.9673,45.7556]]}},{"type":"Feature","properties":{"name":"L\u0027Anzon"},"geometry":{"type":"LineString","coordinates":[[3.9404,45.7671],[3.9441,45.7651],[3.9506,45.7649],[3.9550,45.7604],[3.9545,45.7588],[3.9583,45.7556]]}},{"type":"Feature","properties":{"name":"L\u0027Anzon"},"geometry":{"type":"LineString","coordinates":[[3.9182,45.7882],[3.9196,45.7874],[3.9200,45.7845],[3.9228,45.7826],[3.9245,45.7833],[3.9265,45.7820],[3.9247,45.7784],[3.9263,45.7763],[3.9346,45.7758],[3.9350,45.7746],[3.9405,45.7716]]}},{"type":"Feature","properties":{"name":"L\u0027Anzon"},"geometry":{"type":"LineString","coordinates":[[3.9405,45.7716],[3.9414,45.7701],[3.9393,45.7695],[3.9404,45.7671]]}},{"type":"Feature","properties":{"name":"L\u0027Anzon"},"geometry":{"type":"LineString","coordinates":[[3.8600,45.8282],[3.8612,45.8283],[3.8676,45.8242],[3.8663,45.8204],[3.8697,45.8185],[3.8694,45.8172],[3.8712,45.8147],[3.8734,45.8144],[3.8785,45.8109],[3.8784,45.8092],[3.8840,45.8083],[3.8862,45.8058],[3.8882,45.8064],[3.8925,45.8041],[3.8963,45.8081],[3.8978,45.8084],[3.8992,45.8059],[3.9013,45.8050],[3.9009,45.8025],[3.9027,45.8015],[3.8999,45.7998],[3.8995,45.7971],[3.9030,45.7957],[3.9041,45.7931],[3.9077,45.7915],[3.9120,45.7875],[3.9140,45.7870],[3.9182,45.7882]]}},{"type":"Feature","properties":{"name":"L\u0027Anzon"},"geometry":{"type":"LineString","coordinates":[[3.7807,45.8049],[3.7814,45.8051]]}},{"type":"Feature","properties":{"name":"La Morge"},"geometry":{"type":"LineString","coordinates":[[3.0908,46.0109],[3.0950,46.0098],[3.0952,46.0089],[3.0934,46.0085],[3.0949,46.0074],[3.0992,46.0064],[3.1000,46.0069],[3.1005,46.0055],[3.1026,46.0055],[3.1019,46.0029],[3.1035,46.0017]]}},{"type":"Feature","properties":{"name":"La Morge"},"geometry":{"type":"LineString","coordinates":[[3.1086,45.9984],[3.1090,45.9984]]}},{"type":"Feature","properties":{"name":"La Morge"},"geometry":{"type":"LineString","coordinates":[[3.1035,46.0017],[3.1076,46.0004],[3.1086,45.9984]]}},{"type":"Feature","properties":{"name":"La Morge"},"geometry":{"type":"LineString","coordinates":[[3.2241,45.9301],[3.2262,45.9282],[3.2286,45.9281],[3.2334,45.9259],[3.2342,45.9237],[3.2352,45.9233],[3.2345,45.9226],[3.2357,45.9205],[3.2419,45.9191],[3.2439,45.9175],[3.2449,45.9177],[3.2454,45.9166],[3.2475,45.9174],[3.2477,45.9164],[3.2502,45.9152],[3.2517,45.9163],[3.2535,45.9149],[3.2565,45.9154],[3.2611,45.9141],[3.2625,45.9149],[3.2645,45.9118],[3.2641,45.9111],[3.2660,45.9110],[3.2667,45.9119],[3.2687,45.9109],[3.2724,45.9130],[3.2757,45.9121],[3.2786,45.9139],[3.2821,45.9137],[3.2877,45.9113],[3.2897,45.9118],[3.2908,45.9113],[3.2907,45.9104],[3.2955,45.9092],[3.2975,45.9096],[3.2986,45.9086],[3.3108,45.9074],[3.3257,45.9165],[3.3298,45.9199],[3.3376,45.9215],[3.3402,45.9207],[3.3415,45.9233],[3.3467,45.9213],[3.3473,45.9217],[3.3463,45.9242],[3.3477,45.9253],[3.3495,45.9256],[3.3520,45.9230],[3.3592,45.9258],[3.3617,45.9274],[3.3615,45.9312],[3.3627,45.9336],[3.3709,45.9356],[3.3727,45.9341],[3.3749,45.9340],[3.3823,45.9362]]}},{"type":"Feature","properties":{"name":"La Morge"},"geometry":{"type":"LineString","coordinates":[[3.1599,45.9748],[3.1607,45.9740],[3.1624,45.9746],[3.1646,45.9723],[3.1638,45.9712],[3.1690,45.9669],[3.1659,45.9640]]}},{"type":"Feature","properties":{"name":"La Morge"},"geometry":{"type":"LineString","coordinates":[[2.9321,45.9766],[2.9337,45.9774],[2.9367,45.9765],[2.9464,45.9774],[2.9485,45.9789],[2.9509,45.9780],[2.9536,45.9791],[2.9587,45.9829],[2.9595,45.9845],[2.9619,45.9848],[2.9655,45.9872],[2.9671,45.9894],[2.9683,45.9894],[2.9697,45.9928],[2.9718,45.9938],[2.9716,45.9951],[2.9748,45.9952],[2.9762,45.9977],[2.9789,45.9982],[2.9793,46.0003],[2.9805,45.9999],[2.9850,46.0025],[2.9867,46.0048],[2.9879,46.0049],[2.9875,46.0061],[2.9889,46.0075],[2.9881,46.0092],[2.9904,46.0109],[2.9956,46.0117],[3.0007,46.0142],[3.0087,46.0159],[3.0145,46.0185],[3.0148,46.0200],[3.0245,46.0214],[3.0289,46.0251],[3.0344,46.0260],[3.0343,46.0283],[3.0368,46.0275],[3.0418,46.0279],[3.0419,46.0256],[3.0437,46.0247],[3.0493,46.0267],[3.0602,46.0233],[3.0631,46.0251],[3.0669,46.0235],[3.0718,46.0182],[3.0769,46.0172],[3.0790,46.0153],[3.0823,46.0155],[3.0834,46.0134],[3.0863,46.0131],[3.0875,46.0118],[3.0908,46.0109]]}},{"type":"Feature","properties":{"name":"La Morge"},"geometry":{"type":"LineString","coordinates":[[3.1659,45.9640],[3.1652,45.9636],[3.1662,45.9632],[3.1657,45.9616],[3.1675,45.9596],[3.1642,45.9584],[3.1634,45.9569],[3.1660,45.9551],[3.1613,45.9517],[3.1619,45.9511],[3.1612,45.9502],[3.1596,45.9497],[3.1642,45.9459],[3.1657,45.9466],[3.1687,45.9441],[3.1712,45.9449],[3.1724,45.9437],[3.1812,45.9447],[3.1833,45.9434],[3.1884,45.9434],[3.1924,45.9419],[3.1951,45.9422],[3.1961,45.9432],[3.1963,45.9414],[3.2007,45.9421],[3.2017,45.9448],[3.2054,45.9432],[3.2058,45.9426],[3.2050,45.9424],[3.2061,45.9417],[3.2080,45.9411],[3.2084,45.9419],[3.2111,45.9401],[3.2115,45.9408],[3.2124,45.9398],[3.2149,45.9409],[3.2168,45.9407],[3.2172,45.9399],[3.2164,45.9396],[3.2182,45.9373],[3.2173,45.9360],[3.2179,45.9346]]}},{"type":"Feature","properties":{"name":"La Morge"},"geometry":{"type":"LineString","coordinates":[[3.1090,45.9984],[3.1094,45.9985]]}},{"type":"Feature","properties":{"name":"La Morge"},"geometry":{"type":"LineString","coordinates":[[3.1094,45.9985],[3.1136,45.9971],[3.1149,45.9977],[3.1188,45.9959],[3.1194,45.9974],[3.1218,45.9980],[3.1233,45.9961],[3.1255,45.9974],[3.1290,45.9963],[3.1313,45.9970],[3.1379,45.9949],[3.1398,45.9961],[3.1422,45.9959]]}},{"type":"Feature","properties":{"name":"La Morge"},"geometry":{"type":"LineString","coordinates":[[3.1598,45.9748],[3.1599,45.9748]]}},{"type":"Feature","properties":{"name":"La Morge"},"geometry":{"type":"LineString","coordinates":[[3.1504,45.9844],[3.1526,45.9822],[3.1541,45.9784],[3.1598,45.9748]]}},{"type":"Feature","properties":{"name":"La Morge"},"geometry":{"type":"LineString","coordinates":[[3.1422,45.9959],[3.1447,45.9918],[3.1463,45.9918],[3.1453,45.9903],[3.1471,45.9880],[3.1475,45.9856],[3.1504,45.9844]]}},{"type":"Feature","properties":{"name":"La Morge"},"geometry":{"type":"LineString","coordinates":[[3.2180,45.9345],[3.2208,45.9327]]}},{"type":"Feature","properties":{"name":"La Morge"},"geometry":{"type":"LineString","coordinates":[[3.2208,45.9327],[3.2219,45.9309],[3.2240,45.9301]]}},{"type":"Feature","properties":{"name":"Ruisseau de Courgoux"},"geometry":{"type":"LineString","coordinates":[[3.3739,45.2789],[3.3794,45.2799],[3.3836,45.2847],[3.3843,45.2841],[3.3846,45.2852],[3.3933,45.2906],[3.4026,45.2944]]}},{"type":"Feature","properties":{"name":"Ruisseau de Vertolaye"},"geometry":{"type":"LineString","coordinates":[[3.7087,45.6507],[3.7066,45.6505]]}},{"type":"Feature","properties":{"name":"Ruisseau de Vertolaye"},"geometry":{"type":"LineString","coordinates":[[3.7198,45.6610],[3.7190,45.6600]]}},{"type":"Feature","properties":{"name":"Ruisseau de Vertolaye"},"geometry":{"type":"LineString","coordinates":[[3.7468,45.6687],[3.7458,45.6667],[3.7413,45.6668],[3.7366,45.6647],[3.7271,45.6657]]}},{"type":"Feature","properties":{"name":"Ruisseau de Vertolaye"},"geometry":{"type":"LineString","coordinates":[[3.7126,45.6551],[3.7122,45.6531]]}},{"type":"Feature","properties":{"name":"Ruisseau de Vertolaye"},"geometry":{"type":"LineString","coordinates":[[3.7019,45.6461],[3.6997,45.6456]]}},{"type":"Feature","properties":{"name":"Ruisseau de Vertolaye"},"geometry":{"type":"LineString","coordinates":[[3.7134,45.6578],[3.7126,45.6551]]}},{"type":"Feature","properties":{"name":"Ruisseau de Vertolaye"},"geometry":{"type":"LineString","coordinates":[[3.7226,45.6637],[3.7198,45.6610]]}},{"type":"Feature","properties":{"name":"Ruisseau de Vertolaye"},"geometry":{"type":"LineString","coordinates":[[3.7122,45.6531],[3.7103,45.6506]]}},{"type":"Feature","properties":{"name":"Ruisseau de Vertolaye"},"geometry":{"type":"LineString","coordinates":[[3.7271,45.6657],[3.7247,45.6639],[3.7226,45.6637]]}},{"type":"Feature","properties":{"name":"Ruisseau de Vertolaye"},"geometry":{"type":"LineString","coordinates":[[3.7190,45.6600],[3.7134,45.6578]]}},{"type":"Feature","properties":{"name":"Ruisseau de Vertolaye"},"geometry":{"type":"LineString","coordinates":[[3.7594,45.6679],[3.7550,45.6672],[3.7516,45.6695],[3.7468,45.6687]]}},{"type":"Feature","properties":{"name":"Ruisseau de Vertolaye"},"geometry":{"type":"LineString","coordinates":[[3.7066,45.6505],[3.7062,45.6501]]}},{"type":"Feature","properties":{"name":"Ruisseau de Vertolaye"},"geometry":{"type":"LineString","coordinates":[[3.7062,45.6501],[3.7049,45.6490]]}},{"type":"Feature","properties":{"name":"Ruisseau de Vertolaye"},"geometry":{"type":"LineString","coordinates":[[3.7103,45.6506],[3.7087,45.6507]]}},{"type":"Feature","properties":{"name":"Ruisseau de Vertolaye"},"geometry":{"type":"LineString","coordinates":[[3.7038,45.6480],[3.7019,45.6461]]}},{"type":"Feature","properties":{"name":"Ruisseau de Vertolaye"},"geometry":{"type":"LineString","coordinates":[[3.7049,45.6490],[3.7038,45.6480]]}},{"type":"Feature","properties":{"name":"Le Jauron"},"geometry":{"type":"LineString","coordinates":[[3.3276,45.7712],[3.3267,45.7750],[3.3254,45.7761],[3.3201,45.7766],[3.3162,45.7744],[3.3109,45.7738],[3.3090,45.7761],[3.3050,45.7784],[3.3032,45.7815],[3.3036,45.7877],[3.3053,45.7923],[3.3050,45.7935],[3.3019,45.7951]]}},{"type":"Feature","properties":{"name":"Le Jauron"},"geometry":{"type":"LineString","coordinates":[[3.3019,45.7951],[3.2987,45.7944],[3.2979,45.7970],[3.2928,45.8025],[3.2907,45.8025],[3.2885,45.8047],[3.2863,45.8050],[3.2858,45.8064]]}},{"type":"Feature","properties":{"name":"Le Jauron"},"geometry":{"type":"LineString","coordinates":[[3.3372,45.7432],[3.3365,45.7464],[3.3348,45.7470],[3.3324,45.7507],[3.3329,45.7540],[3.3302,45.7583],[3.3304,45.7611],[3.3324,45.7624],[3.3314,45.7640],[3.3317,45.7653],[3.3308,45.7679],[3.3276,45.7712]]}},{"type":"Feature","properties":{"name":"Le Jauron"},"geometry":{"type":"LineString","coordinates":[[3.2857,45.8064],[3.2851,45.8082],[3.2813,45.8099],[3.2808,45.8109],[3.2816,45.8115],[3.2799,45.8141],[3.2735,45.8184]]}},{"type":"Feature","properties":{"name":"Le Jauron"},"geometry":{"type":"LineString","coordinates":[[3.2858,45.8064],[3.2857,45.8064]]}},{"type":"Feature","properties":{"name":"La Bouble"},"geometry":{"type":"LineString","coordinates":[[3.2101,46.2523],[3.2092,46.2544],[3.2110,46.2569],[3.2163,46.2587],[3.2218,46.2588],[3.2265,46.2632],[3.2307,46.2641],[3.2379,46.2640],[3.2406,46.2627],[3.2416,46.2646],[3.2445,46.2660]]}},{"type":"Feature","properties":{"name":"La Bouble"},"geometry":{"type":"LineString","coordinates":[[3.1671,46.2441],[3.1709,46.2440],[3.1748,46.2450],[3.1794,46.2443],[3.1814,46.2473],[3.1886,46.2476],[3.1900,46.2483],[3.1901,46.2495],[3.1928,46.2503],[3.1942,46.2495],[3.1974,46.2500],[3.1993,46.2526],[3.2023,46.2541]]}},{"type":"Feature","properties":{"name":"La Bouble"},"geometry":{"type":"LineString","coordinates":[[3.2445,46.2660],[3.2456,46.2639],[3.2493,46.2668],[3.2530,46.2650],[3.2567,46.2657],[3.2580,46.2676],[3.2562,46.2700],[3.2647,46.2724],[3.2634,46.2734],[3.2639,46.2757],[3.2659,46.2773],[3.2687,46.2776],[3.2717,46.2827],[3.2744,46.2839]]}},{"type":"Feature","properties":{"name":"La Bouble"},"geometry":{"type":"LineString","coordinates":[[3.0950,46.2323],[3.0972,46.2351]]}},{"type":"Feature","properties":{"name":"La Bouble"},"geometry":{"type":"LineString","coordinates":[[3.1104,46.2390],[3.1146,46.2415],[3.1197,46.2399],[3.1260,46.2394]]}},{"type":"Feature","properties":{"name":"La Bouble"},"geometry":{"type":"LineString","coordinates":[[2.9238,46.2172],[2.9235,46.2180],[2.9266,46.2195],[2.9336,46.2185],[2.9363,46.2209],[2.9385,46.2200],[2.9427,46.2202],[2.9497,46.2271],[2.9557,46.2279],[2.9609,46.2327],[2.9674,46.2342],[2.9643,46.2361],[2.9645,46.2385],[2.9667,46.2375],[2.9711,46.2376],[2.9731,46.2407],[2.9779,46.2413],[2.9800,46.2445],[2.9845,46.2439],[2.9844,46.2468],[2.9878,46.2447],[2.9900,46.2468],[2.9972,46.2486],[3.0018,46.2527],[3.0076,46.2551],[3.0061,46.2570],[3.0085,46.2579],[3.0089,46.2621],[3.0113,46.2628],[3.0142,46.2623],[3.0174,46.2638],[3.0202,46.2633],[3.0202,46.2643]]}},{"type":"Feature","properties":{"name":"La Bouble"},"geometry":{"type":"LineString","coordinates":[[2.9239,46.2167],[2.9238,46.2172]]}},{"type":"Feature","properties":{"name":"La Bouble"},"geometry":{"type":"LineString","coordinates":[[2.8613,46.1759],[2.8602,46.1779],[2.8608,46.1786],[2.8697,46.1826],[2.8773,46.1832],[2.8792,46.1844],[2.8789,46.1853],[2.8801,46.1867],[2.8854,46.1887],[2.8887,46.1912],[2.8897,46.1908],[2.8935,46.1972],[2.8987,46.1995],[2.9008,46.2020],[2.9031,46.2019],[2.9051,46.2029],[2.9032,46.2040],[2.9038,46.2058],[2.9086,46.2051],[2.9098,46.2060],[2.9090,46.2074],[2.9114,46.2066],[2.9147,46.2070],[2.9158,46.2086],[2.9131,46.2105],[2.9169,46.2119],[2.9145,46.2137],[2.9219,46.2151],[2.9239,46.2167]]}},{"type":"Feature","properties":{"name":"La Bouble"},"geometry":{"type":"LineString","coordinates":[[3.1260,46.2394],[3.1297,46.2386]]}},{"type":"Feature","properties":{"name":"La Bouble"},"geometry":{"type":"LineString","coordinates":[[3.1297,46.2386],[3.1376,46.2382],[3.1412,46.2420],[3.1438,46.2412],[3.1425,46.2391],[3.1479,46.2371],[3.1510,46.2400],[3.1497,46.2423],[3.1509,46.2434],[3.1520,46.2436],[3.1554,46.2408],[3.1579,46.2434],[3.1591,46.2428],[3.1605,46.2437],[3.1671,46.2441]]}},{"type":"Feature","properties":{"name":"La Bouble"},"geometry":{"type":"LineString","coordinates":[[3.2023,46.2541],[3.2041,46.2546],[3.2051,46.2532],[3.2073,46.2537],[3.2101,46.2523]]}},{"type":"Feature","properties":{"name":"La Bouble"},"geometry":{"type":"LineString","coordinates":[[3.0972,46.2351],[3.0985,46.2356]]}},{"type":"Feature","properties":{"name":"La Bouble"},"geometry":{"type":"LineString","coordinates":[[3.0985,46.2356],[3.1095,46.2366],[3.1104,46.2390]]}},{"type":"Feature","properties":{"name":"La Bouble"},"geometry":{"type":"LineString","coordinates":[[3.0886,46.2343],[3.0880,46.2328],[3.0905,46.2312],[3.0950,46.2323]]}},{"type":"Feature","properties":{"name":"La Bouble"},"geometry":{"type":"LineString","coordinates":[[3.0202,46.2643],[3.0213,46.2654],[3.0208,46.2665],[3.0228,46.2678],[3.0225,46.2695],[3.0245,46.2716],[3.0279,46.2738],[3.0314,46.2732],[3.0332,46.2722],[3.0340,46.2704],[3.0366,46.2694],[3.0363,46.2672],[3.0381,46.2644],[3.0407,46.2644],[3.0430,46.2630],[3.0427,46.2620],[3.0387,46.2616],[3.0387,46.2587],[3.0452,46.2587],[3.0438,46.2559],[3.0450,46.2538],[3.0473,46.2538],[3.0516,46.2509],[3.0551,46.2524],[3.0608,46.2511],[3.0620,46.2500],[3.0610,46.2481],[3.0620,46.2471],[3.0699,46.2427],[3.0720,46.2423],[3.0754,46.2444],[3.0798,46.2418],[3.0843,46.2370],[3.0873,46.2384],[3.0895,46.2381],[3.0903,46.2367]]}},{"type":"Feature","properties":{"name":"La Bouble"},"geometry":{"type":"LineString","coordinates":[[3.0903,46.2367],[3.0886,46.2343]]}},{"type":"Feature","properties":{"name":"La Monne"},"geometry":{"type":"LineString","coordinates":[[2.9999,45.6228],[3.0056,45.6251],[3.0162,45.6266]]}},{"type":"Feature","properties":{"name":"La Monne"},"geometry":{"type":"LineString","coordinates":[[3.0162,45.6266],[3.0270,45.6285],[3.0304,45.6302],[3.0319,45.6297],[3.0343,45.6309],[3.0376,45.6308],[3.0434,45.6342],[3.0458,45.6337],[3.0474,45.6344],[3.0480,45.6358],[3.0496,45.6358],[3.0517,45.6383],[3.0553,45.6389],[3.0592,45.6375],[3.0597,45.6385],[3.0648,45.6387],[3.0650,45.6399],[3.0675,45.6387],[3.0698,45.6402],[3.0756,45.6410],[3.0784,45.6424],[3.0787,45.6435]]}},{"type":"Feature","properties":{"name":"Dorette"},"geometry":{"type":"LineString","coordinates":[[3.7431,45.3117],[3.7432,45.3149],[3.7474,45.3211],[3.7468,45.3268]]}},{"type":"Feature","properties":{"name":"Dorette"},"geometry":{"type":"LineString","coordinates":[[3.7468,45.3268],[3.7494,45.3295]]}},{"type":"Feature","properties":{"name":"Dorette"},"geometry":{"type":"LineString","coordinates":[[3.7511,45.3314],[3.7516,45.3320],[3.7501,45.3359]]}},{"type":"Feature","properties":{"name":"Dorette"},"geometry":{"type":"LineString","coordinates":[[3.7494,45.3295],[3.7495,45.3295]]}},{"type":"Feature","properties":{"name":"Dorette"},"geometry":{"type":"LineString","coordinates":[[3.7495,45.3295],[3.7511,45.3314]]}},{"type":"Feature","properties":{"name":"Dorette"},"geometry":{"type":"LineString","coordinates":[[3.7501,45.3359],[3.7489,45.3384],[3.7498,45.3413]]}},{"type":"Feature","properties":{"name":"Dorette"},"geometry":{"type":"LineString","coordinates":[[3.7498,45.3413],[3.7497,45.3414]]}},{"type":"Feature","properties":{"name":"Dorette"},"geometry":{"type":"LineString","coordinates":[[3.7497,45.3414],[3.7528,45.3467],[3.7530,45.3502],[3.7560,45.3539]]}},{"type":"Feature","properties":{"name":"L\u0027Auzon"},"geometry":{"type":"LineString","coordinates":[[3.1834,45.7120],[3.1861,45.7147],[3.1852,45.7186],[3.1870,45.7188],[3.1893,45.7213],[3.1909,45.7210],[3.1920,45.7217],[3.1916,45.7226],[3.1934,45.7223]]}},{"type":"Feature","properties":{"name":"L\u0027Auzon"},"geometry":{"type":"LineString","coordinates":[[3.1938,45.7226],[3.1952,45.7244],[3.1973,45.7244]]}},{"type":"Feature","properties":{"name":"L\u0027Auzon"},"geometry":{"type":"LineString","coordinates":[[3.1934,45.7223],[3.1938,45.7226]]}},{"type":"Feature","properties":{"name":"L\u0027Auzon"},"geometry":{"type":"LineString","coordinates":[[3.0784,45.6924],[3.0843,45.6910],[3.0922,45.6910],[3.0949,45.6919],[3.0961,45.6911],[3.1075,45.6949],[3.1126,45.6950]]}},{"type":"Feature","properties":{"name":"L\u0027Auzon"},"geometry":{"type":"LineString","coordinates":[[3.1693,45.6997],[3.1735,45.7031],[3.1743,45.7056],[3.1787,45.7086],[3.1815,45.7093],[3.1834,45.7120]]}},{"type":"Feature","properties":{"name":"L\u0027Auzon"},"geometry":{"type":"LineString","coordinates":[[3.1488,45.6972],[3.1534,45.6940],[3.1586,45.6944],[3.1640,45.6962]]}},{"type":"Feature","properties":{"name":"L\u0027Auzon"},"geometry":{"type":"LineString","coordinates":[[3.1640,45.6962],[3.1643,45.6964]]}},{"type":"Feature","properties":{"name":"L\u0027Auzon"},"geometry":{"type":"LineString","coordinates":[[3.1191,45.6964],[3.1226,45.6977],[3.1277,45.6969],[3.1302,45.6982]]}},{"type":"Feature","properties":{"name":"L\u0027Auzon"},"geometry":{"type":"LineString","coordinates":[[3.1643,45.6964],[3.1675,45.6974],[3.1692,45.6997]]}},{"type":"Feature","properties":{"name":"L\u0027Auzon"},"geometry":{"type":"LineString","coordinates":[[3.1692,45.6997],[3.1693,45.6997]]}},{"type":"Feature","properties":{"name":"L\u0027Auzon"},"geometry":{"type":"LineString","coordinates":[[3.1973,45.7244],[3.1991,45.7231],[3.1986,45.7213],[3.1999,45.7205],[3.2057,45.7230],[3.2061,45.7245],[3.2090,45.7259]]}},{"type":"Feature","properties":{"name":"L\u0027Auzon"},"geometry":{"type":"LineString","coordinates":[[3.1484,45.6972],[3.1488,45.6972]]}},{"type":"Feature","properties":{"name":"L\u0027Auzon"},"geometry":{"type":"LineString","coordinates":[[3.1478,45.6972],[3.1484,45.6972]]}},{"type":"Feature","properties":{"name":"L\u0027Auzon"},"geometry":{"type":"LineString","coordinates":[[3.1302,45.6982],[3.1304,45.6982]]}},{"type":"Feature","properties":{"name":"L\u0027Auzon"},"geometry":{"type":"LineString","coordinates":[[3.1304,45.6982],[3.1336,45.6994],[3.1343,45.6986],[3.1364,45.6991],[3.1432,45.6973],[3.1441,45.6980],[3.1444,45.6973],[3.1478,45.6972]]}},{"type":"Feature","properties":{"name":"L\u0027Auzon"},"geometry":{"type":"LineString","coordinates":[[3.3799,45.3955],[3.3772,45.3937],[3.3678,45.3921],[3.3667,45.3906],[3.3643,45.3910],[3.3638,45.3899],[3.3619,45.3895],[3.3596,45.3862],[3.3574,45.3853]]}},{"type":"Feature","properties":{"name":"L\u0027Auzon"},"geometry":{"type":"LineString","coordinates":[[3.0233,45.7049],[3.0354,45.7041],[3.0422,45.6989],[3.0539,45.6975],[3.0558,45.6938],[3.0634,45.6949],[3.0677,45.6929],[3.0697,45.6938],[3.0745,45.6937],[3.0784,45.6924]]}},{"type":"Feature","properties":{"name":"L\u0027Auzon"},"geometry":{"type":"LineString","coordinates":[[3.1126,45.6950],[3.1165,45.6952],[3.1191,45.6964]]}},{"type":"Feature","properties":{"name":"L\u0027Auzon"},"geometry":{"type":"LineString","coordinates":[[3.1478,45.6972],[3.1478,45.6972]]}},{"type":"Feature","properties":{"name":"La Besbre"},"geometry":{"type":"LineString","coordinates":[[3.6685,46.1971],[3.6674,46.1986],[3.6680,46.2017],[3.6665,46.2023],[3.6649,46.2015],[3.6636,46.2015],[3.6633,46.2025],[3.6612,46.2024],[3.6595,46.2005],[3.6545,46.2013],[3.6491,46.2037],[3.6502,46.2064],[3.6501,46.2103],[3.6477,46.2131],[3.6494,46.2178],[3.6448,46.2213],[3.6459,46.2232],[3.6444,46.2260],[3.6461,46.2272],[3.6473,46.2304],[3.6447,46.2330],[3.6453,46.2353],[3.6432,46.2384],[3.6441,46.2400],[3.6386,46.2426],[3.6394,46.2454],[3.6364,46.2461],[3.6362,46.2500],[3.6333,46.2531],[3.6288,46.2541],[3.6278,46.2553],[3.6260,46.2547],[3.6246,46.2563],[3.6272,46.2589],[3.6293,46.2595],[3.6293,46.2611],[3.6313,46.2610],[3.6283,46.2654],[3.6245,46.2667],[3.6228,46.2688],[3.6204,46.2687],[3.6177,46.2708],[3.6180,46.2724],[3.6198,46.2718],[3.6203,46.2724],[3.6174,46.2744],[3.6183,46.2762],[3.6171,46.2785],[3.6160,46.2789],[3.6184,46.2878],[3.6159,46.2895],[3.6157,46.2920],[3.6134,46.2945],[3.6168,46.2963],[3.6141,46.2974],[3.6145,46.2986],[3.6185,46.2981],[3.6141,46.3036],[3.6090,46.3044],[3.6086,46.3057],[3.6103,46.3066],[3.6099,46.3080],[3.6071,46.3091],[3.6053,46.3089],[3.6029,46.3107]]}},{"type":"Feature","properties":{"name":"La Besbre"},"geometry":{"type":"LineString","coordinates":[[3.7359,46.0327],[3.7344,46.0365],[3.7276,46.0376],[3.7271,46.0393],[3.7230,46.0410],[3.7213,46.0438],[3.7177,46.0458],[3.7165,46.0476],[3.7136,46.0484],[3.7128,46.0513],[3.7083,46.0556],[3.7058,46.0605],[3.7032,46.0604],[3.7002,46.0637],[3.7008,46.0690],[3.6982,46.0731],[3.6985,46.0756]]}},{"type":"Feature","properties":{"name":"La Besbre"},"geometry":{"type":"LineString","coordinates":[[3.6878,46.0864],[3.6831,46.0865],[3.6803,46.0885],[3.6797,46.0905],[3.6750,46.0927],[3.6749,46.1003],[3.6761,46.1021],[3.6750,46.1030],[3.6780,46.1062],[3.6783,46.1109],[3.6769,46.1113],[3.6760,46.1104],[3.6730,46.1146],[3.6700,46.1133],[3.6688,46.1103],[3.6617,46.1116],[3.6623,46.1128],[3.6649,46.1128],[3.6632,46.1161],[3.6656,46.1165],[3.6684,46.1198],[3.6684,46.1214],[3.6714,46.1204],[3.6774,46.1210],[3.6785,46.1224],[3.6783,46.1243],[3.6820,46.1263],[3.6796,46.1297],[3.6813,46.1323],[3.6757,46.1356],[3.6762,46.1377],[3.6740,46.1405],[3.6699,46.1414],[3.6700,46.1459],[3.6721,46.1479],[3.6716,46.1504],[3.6693,46.1514],[3.6708,46.1519],[3.6703,46.1554],[3.6720,46.1587],[3.6745,46.1607],[3.6742,46.1623],[3.6711,46.1636],[3.6722,46.1655]]}},{"type":"Feature","properties":{"name":"La Besbre"},"geometry":{"type":"LineString","coordinates":[[3.6985,46.0756],[3.6987,46.0779],[3.6968,46.0805],[3.6922,46.0819],[3.6901,46.0834],[3.6902,46.0851],[3.6878,46.0864]]}},{"type":"Feature","properties":{"name":"La Besbre"},"geometry":{"type":"LineString","coordinates":[[3.6722,46.1655],[3.6700,46.1678],[3.6705,46.1697],[3.6692,46.1721],[3.6669,46.1740],[3.6670,46.1750],[3.6689,46.1764],[3.6672,46.1781],[3.6678,46.1800],[3.6671,46.1817],[3.6690,46.1835],[3.6658,46.1885],[3.6641,46.1894],[3.6639,46.1908],[3.6654,46.1913],[3.6689,46.1953],[3.6685,46.1971]]}},{"type":"Feature","properties":{"name":"Le Lignon"},"geometry":{"type":"LineString","coordinates":[[3.9861,45.7508],[3.9914,45.7511],[3.9923,45.7520],[3.9956,45.7492],[3.9996,45.7485],[3.9986,45.7459],[4.0061,45.7420],[4.0076,45.7401],[4.0068,45.7357],[4.0083,45.7345],[4.0102,45.7339],[4.0149,45.7363]]}},{"type":"Feature","properties":{"name":"Le Lignon"},"geometry":{"type":"LineString","coordinates":[[3.9673,45.7556],[3.9758,45.7561],[3.9778,45.7547],[3.9781,45.7522],[3.9861,45.7508]]}},{"type":"Feature","properties":{"name":"Le Lignon"},"geometry":{"type":"LineString","coordinates":[[3.8759,45.6925],[3.8799,45.6936],[3.8813,45.6927],[3.8809,45.6909],[3.8820,45.6896],[3.8865,45.6913]]}},{"type":"Feature","properties":{"name":"Le Lignon"},"geometry":{"type":"LineString","coordinates":[[3.8865,45.6913],[3.8914,45.6882],[3.8934,45.6880],[3.8978,45.6838],[3.9011,45.6839],[3.9024,45.6851],[3.9044,45.6850],[3.9085,45.6868],[3.9104,45.6859],[3.9118,45.6867],[3.9117,45.6852],[3.9132,45.6838]]}},{"type":"Feature","properties":{"name":"Le Lignon"},"geometry":{"type":"LineString","coordinates":[[3.9132,45.6838],[3.9153,45.6845],[3.9171,45.6871],[3.9214,45.6877],[3.9269,45.6912],[3.9282,45.6904],[3.9313,45.6944],[3.9350,45.6952]]}},{"type":"Feature","properties":{"name":"Le Lignon"},"geometry":{"type":"LineString","coordinates":[[3.9350,45.6952],[3.9365,45.6959],[3.9381,45.6953],[3.9402,45.6978],[3.9399,45.6995],[3.9426,45.6993],[3.9442,45.6978],[3.9461,45.6980],[3.9510,45.6999],[3.9517,45.7007],[3.9506,45.7020],[3.9514,45.7028],[3.9580,45.7022],[3.9585,45.7042],[3.9618,45.7040],[3.9669,45.7087],[3.9703,45.7085],[3.9726,45.7100],[3.9708,45.7114],[3.9723,45.7138],[3.9715,45.7166],[3.9695,45.7189],[3.9728,45.7261],[3.9750,45.7272],[3.9756,45.7301],[3.9776,45.7322],[3.9759,45.7341],[3.9728,45.7345],[3.9716,45.7365],[3.9689,45.7379],[3.9704,45.7402],[3.9674,45.7444],[3.9679,45.7494],[3.9696,45.7521],[3.9673,45.7556]]}},{"type":"Feature","properties":{"name":"Le Lignon"},"geometry":{"type":"LineString","coordinates":[[3.7831,45.7171],[3.7845,45.7177]]}},{"type":"Feature","properties":{"name":"Le Lignon"},"geometry":{"type":"LineString","coordinates":[[3.7846,45.7177],[3.7846,45.7177]]}},{"type":"Feature","properties":{"name":"Le Lignon"},"geometry":{"type":"LineString","coordinates":[[3.7845,45.7177],[3.7846,45.7177]]}},{"type":"Feature","properties":{"name":"Le Lignon"},"geometry":{"type":"LineString","coordinates":[[3.8486,45.7226],[3.8504,45.7211],[3.8533,45.7210],[3.8523,45.7191],[3.8555,45.7146],[3.8548,45.7134],[3.8569,45.7101],[3.8532,45.7052]]}},{"type":"Feature","properties":{"name":"Le Lignon"},"geometry":{"type":"LineString","coordinates":[[3.8532,45.7052],[3.8531,45.7051]]}},{"type":"Feature","properties":{"name":"Le Lignon"},"geometry":{"type":"LineString","coordinates":[[3.8616,45.6970],[3.8650,45.6972],[3.8702,45.6959],[3.8718,45.6975],[3.8741,45.6975],[3.8757,45.6962],[3.8738,45.6952],[3.8759,45.6925]]}},{"type":"Feature","properties":{"name":"L\u0027Ambène"},"geometry":{"type":"LineString","coordinates":[[3.0233,45.9006],[3.0242,45.8987],[3.0286,45.8989],[3.0342,45.8977],[3.0363,45.8988],[3.0392,45.8989]]}},{"type":"Feature","properties":{"name":"L\u0027Ambène"},"geometry":{"type":"LineString","coordinates":[[3.0920,45.8918],[3.0922,45.8918]]}},{"type":"Feature","properties":{"name":"L\u0027Ambène"},"geometry":{"type":"LineString","coordinates":[[3.0906,45.8921],[3.0908,45.8920]]}},{"type":"Feature","properties":{"name":"L\u0027Ambène"},"geometry":{"type":"LineString","coordinates":[[3.0908,45.8920],[3.0920,45.8918]]}},{"type":"Feature","properties":{"name":"L\u0027Ambène"},"geometry":{"type":"LineString","coordinates":[[3.0922,45.8918],[3.0931,45.8919]]}},{"type":"Feature","properties":{"name":"L\u0027Ambène"},"geometry":{"type":"LineString","coordinates":[[3.0880,45.8927],[3.0906,45.8921]]}},{"type":"Feature","properties":{"name":"L\u0027Ambène"},"geometry":{"type":"LineString","coordinates":[[3.0878,45.8929],[3.0880,45.8927]]}},{"type":"Feature","properties":{"name":"L\u0027Ambène"},"geometry":{"type":"LineString","coordinates":[[3.0838,45.8932],[3.0840,45.8931]]}},{"type":"Feature","properties":{"name":"L\u0027Ambène"},"geometry":{"type":"LineString","coordinates":[[3.0840,45.8931],[3.0878,45.8929]]}},{"type":"Feature","properties":{"name":"L\u0027Ambène"},"geometry":{"type":"LineString","coordinates":[[3.0727,45.8944],[3.0737,45.8947]]}},{"type":"Feature","properties":{"name":"L\u0027Ambène"},"geometry":{"type":"LineString","coordinates":[[3.0719,45.8944],[3.0727,45.8944]]}},{"type":"Feature","properties":{"name":"L\u0027Ambène"},"geometry":{"type":"LineString","coordinates":[[3.0740,45.8947],[3.0793,45.8940]]}},{"type":"Feature","properties":{"name":"L\u0027Ambène"},"geometry":{"type":"LineString","coordinates":[[3.0737,45.8947],[3.0740,45.8947]]}},{"type":"Feature","properties":{"name":"L\u0027Ambène"},"geometry":{"type":"LineString","coordinates":[[3.0793,45.8940],[3.0793,45.8939]]}},{"type":"Feature","properties":{"name":"L\u0027Ambène"},"geometry":{"type":"LineString","coordinates":[[3.0793,45.8939],[3.0838,45.8932]]}},{"type":"Feature","properties":{"name":"L\u0027Ambène"},"geometry":{"type":"LineString","coordinates":[[3.0392,45.8989],[3.0393,45.8989]]}},{"type":"Feature","properties":{"name":"L\u0027Ambène"},"geometry":{"type":"LineString","coordinates":[[3.0393,45.8989],[3.0421,45.8999],[3.0447,45.8985],[3.0479,45.8991],[3.0502,45.8971],[3.0604,45.8943],[3.0700,45.8950],[3.0719,45.8944]]}},{"type":"Feature","properties":{"name":"L\u0027Eau Mère"},"geometry":{"type":"LineString","coordinates":[[3.3085,45.5256],[3.3002,45.5286],[3.3001,45.5300],[3.2990,45.5292],[3.2952,45.5342],[3.2901,45.5360],[3.2901,45.5374],[3.2854,45.5383],[3.2854,45.5391],[3.2813,45.5421],[3.2778,45.5412],[3.2758,45.5423],[3.2755,45.5434]]}},{"type":"Feature","properties":{"name":"L\u0027Eau Mère"},"geometry":{"type":"LineString","coordinates":[[3.3935,45.5553],[3.3896,45.5555],[3.3893,45.5529],[3.3828,45.5517],[3.3813,45.5506]]}},{"type":"Feature","properties":{"name":"L\u0027Eau Mère"},"geometry":{"type":"LineString","coordinates":[[3.3428,45.5135],[3.3336,45.5090],[3.3308,45.5087],[3.3304,45.5093],[3.3314,45.5092],[3.3322,45.5107],[3.3317,45.5113],[3.3277,45.5109],[3.3267,45.5135],[3.3251,45.5125],[3.3219,45.5136],[3.3195,45.5161],[3.3159,45.5155],[3.3155,45.5199],[3.3115,45.5229],[3.3113,45.5237],[3.3125,45.5239],[3.3112,45.5254],[3.3085,45.5256]]}},{"type":"Feature","properties":{"name":"L\u0027Eau Mère"},"geometry":{"type":"LineString","coordinates":[[3.3600,45.5434],[3.3609,45.5417],[3.3580,45.5407],[3.3583,45.5372],[3.3555,45.5328],[3.3559,45.5318],[3.3530,45.5291],[3.3538,45.5264],[3.3506,45.5241],[3.3519,45.5220],[3.3512,45.5211],[3.3512,45.5159],[3.3498,45.5164],[3.3484,45.5143],[3.3459,45.5152],[3.3448,45.5136],[3.3428,45.5135]]}},{"type":"Feature","properties":{"name":"Le Sichon"},"geometry":{"type":"LineString","coordinates":[[3.6873,45.9654],[3.6878,45.9675],[3.6858,45.9705],[3.6912,45.9743],[3.6964,45.9826],[3.6927,45.9863],[3.6852,45.9880],[3.6797,45.9936],[3.6776,45.9970],[3.6793,46.0006],[3.6782,46.0025],[3.6787,46.0035],[3.6743,46.0066],[3.6763,46.0107],[3.6750,46.0121],[3.6711,46.0130],[3.6680,46.0157],[3.6589,46.0151],[3.6562,46.0179],[3.6570,46.0195],[3.6539,46.0201],[3.6536,46.0223],[3.6494,46.0245],[3.6467,46.0237],[3.6423,46.0250],[3.6287,46.0234],[3.6244,46.0205],[3.6243,46.0189],[3.6221,46.0183],[3.6220,46.0165],[3.6185,46.0169],[3.6121,46.0138],[3.6041,46.0156],[3.6023,46.0171],[3.6007,46.0161],[3.5995,46.0179],[3.5966,46.0176],[3.5959,46.0199],[3.5928,46.0213],[3.5938,46.0225],[3.5923,46.0242],[3.5894,46.0234],[3.5882,46.0247],[3.5905,46.0254],[3.5906,46.0268],[3.5924,46.0282],[3.5929,46.0322],[3.5866,46.0382],[3.5797,46.0388],[3.5767,46.0415],[3.5757,46.0442],[3.5735,46.0456],[3.5729,46.0510],[3.5736,46.0524],[3.5680,46.0564],[3.5664,46.0589],[3.5662,46.0613],[3.5669,46.0620],[3.5662,46.0635],[3.5642,46.0644],[3.5640,46.0657],[3.5610,46.0668],[3.5581,46.0700],[3.5576,46.0721],[3.5539,46.0736],[3.5485,46.0733],[3.5421,46.0751],[3.5408,46.0776],[3.5412,46.0792],[3.5397,46.0814],[3.5409,46.0844],[3.5374,46.0873],[3.5354,46.0878],[3.5334,46.0905],[3.5307,46.0907],[3.5286,46.0927],[3.5260,46.0929],[3.5253,46.0944],[3.5175,46.0963],[3.5168,46.0992],[3.5142,46.1001],[3.5119,46.1029],[3.5079,46.1012],[3.5011,46.1020],[3.4973,46.1044],[3.4912,46.1062],[3.4864,46.1097],[3.4827,46.1094],[3.4809,46.1135],[3.4756,46.1159],[3.4739,46.1178],[3.4752,46.1201],[3.4739,46.1231],[3.4744,46.1244],[3.4696,46.1254],[3.4669,46.1279],[3.4638,46.1282],[3.4634,46.1299],[3.4608,46.1295],[3.4563,46.1305],[3.4512,46.1337],[3.4464,46.1351],[3.4426,46.1348],[3.4388,46.1367],[3.4318,46.1342],[3.4240,46.1332],[3.4192,46.1338],[3.4135,46.1322]]}},{"type":"Feature","properties":{"name":"Le Sichon"},"geometry":{"type":"LineString","coordinates":[[3.6873,45.9654],[3.6873,45.9654]]}},{"type":"Feature","properties":{"name":"Le Sichon"},"geometry":{"type":"LineString","coordinates":[[3.6816,45.9530],[3.6856,45.9560],[3.6846,45.9620],[3.6873,45.9654]]}},{"type":"Feature","properties":{"name":"Le Jolan"},"geometry":{"type":"LineString","coordinates":[[3.4930,46.1321],[3.4923,46.1311],[3.4856,46.1320],[3.4839,46.1358],[3.4751,46.1366],[3.4709,46.1385],[3.4560,46.1376],[3.4546,46.1382],[3.4526,46.1365],[3.4502,46.1370],[3.4461,46.1351]]}},{"type":"Feature","properties":{"name":"Le Chagnon"},"geometry":{"type":"LineString","coordinates":[[3.9698,45.7340],[3.9701,45.7356]]}},{"type":"Feature","properties":{"name":"Le Chagnon"},"geometry":{"type":"LineString","coordinates":[[3.9692,45.7337],[3.9698,45.7340]]}},{"type":"Feature","properties":{"name":"Le Chagnon"},"geometry":{"type":"LineString","coordinates":[[3.9701,45.7356],[3.9699,45.7365]]}},{"type":"Feature","properties":{"name":"Le Chagnon"},"geometry":{"type":"LineString","coordinates":[[3.9433,45.7312],[3.9435,45.7301],[3.9451,45.7297],[3.9504,45.7308],[3.9547,45.7292],[3.9602,45.7290]]}},{"type":"Feature","properties":{"name":"Le Chagnon"},"geometry":{"type":"LineString","coordinates":[[3.9602,45.7290],[3.9655,45.7311]]}},{"type":"Feature","properties":{"name":"Le Chagnon"},"geometry":{"type":"LineString","coordinates":[[3.9687,45.7331],[3.9692,45.7337]]}},{"type":"Feature","properties":{"name":"Le Chagnon"},"geometry":{"type":"LineString","coordinates":[[3.9655,45.7311],[3.9687,45.7331]]}},{"type":"Feature","properties":{"name":"Le Chagnon"},"geometry":{"type":"LineString","coordinates":[[3.9699,45.7365],[3.9694,45.7372]]}},{"type":"Feature","properties":{"name":"Le Chagnon"},"geometry":{"type":"LineString","coordinates":[[3.9699,45.7365],[3.9699,45.7365]]}},{"type":"Feature","properties":{"name":"La Senouire"},"geometry":{"type":"LineString","coordinates":[[3.5282,45.1945],[3.5239,45.1973],[3.5196,45.1980],[3.5199,45.2002],[3.5127,45.2023],[3.5067,45.2074],[3.5029,45.2078],[3.5026,45.2098],[3.5049,45.2148],[3.5075,45.2160],[3.5093,45.2181],[3.5066,45.2191],[3.5071,45.2201],[3.5051,45.2222],[3.5062,45.2233],[3.5089,45.2234],[3.5091,45.2260],[3.5113,45.2278],[3.5103,45.2330],[3.5038,45.2335],[3.5032,45.2351],[3.5041,45.2395],[3.5012,45.2420],[3.5012,45.2448],[3.4996,45.2478],[3.5005,45.2501],[3.5059,45.2501],[3.5078,45.2510],[3.5071,45.2522],[3.5023,45.2542],[3.5026,45.2551],[3.5055,45.2558],[3.5067,45.2576],[3.5018,45.2593],[3.4966,45.2576],[3.4925,45.2578],[3.4893,45.2589],[3.4866,45.2616],[3.4866,45.2632],[3.4846,45.2640],[3.4682,45.2640],[3.4652,45.2654],[3.4628,45.2639],[3.4572,45.2635],[3.4528,45.2599],[3.4499,45.2612],[3.4455,45.2583],[3.4388,45.2620],[3.4403,45.2631],[3.4408,45.2662],[3.4367,45.2658],[3.4341,45.2691],[3.4310,45.2703],[3.4270,45.2684],[3.4242,45.2688],[3.4211,45.2676],[3.4192,45.2694],[3.4174,45.2689],[3.4177,45.2703],[3.4139,45.2742],[3.4123,45.2747],[3.4115,45.2767],[3.4082,45.2773]]}},{"type":"Feature","properties":{"name":"La Senouire"},"geometry":{"type":"LineString","coordinates":[[3.6494,45.2662],[3.6517,45.2646],[3.6501,45.2626],[3.6518,45.2613],[3.6517,45.2597],[3.6496,45.2593],[3.6504,45.2581]]}},{"type":"Feature","properties":{"name":"La Senouire"},"geometry":{"type":"LineString","coordinates":[[3.6469,45.2796],[3.6455,45.2790],[3.6459,45.2777],[3.6450,45.2761],[3.6484,45.2733],[3.6476,45.2724],[3.6488,45.2702]]}},{"type":"Feature","properties":{"name":"La Senouire"},"geometry":{"type":"LineString","coordinates":[[3.6619,45.2938],[3.6616,45.2936]]}},{"type":"Feature","properties":{"name":"La Senouire"},"geometry":{"type":"LineString","coordinates":[[3.6548,45.2861],[3.6541,45.2861],[3.6542,45.2844],[3.6533,45.2839],[3.6539,45.2829],[3.6529,45.2835]]}},{"type":"Feature","properties":{"name":"La Senouire"},"geometry":{"type":"LineString","coordinates":[[3.6524,45.2829],[3.6510,45.2814],[3.6515,45.2807]]}},{"type":"Feature","properties":{"name":"La Senouire"},"geometry":{"type":"LineString","coordinates":[[3.6504,45.2581],[3.6542,45.2571]]}},{"type":"Feature","properties":{"name":"La Senouire"},"geometry":{"type":"LineString","coordinates":[[3.6488,45.2702],[3.6485,45.2669],[3.6494,45.2662]]}},{"type":"Feature","properties":{"name":"La Senouire"},"geometry":{"type":"LineString","coordinates":[[3.6515,45.2807],[3.6507,45.2797],[3.6469,45.2796]]}},{"type":"Feature","properties":{"name":"La Senouire"},"geometry":{"type":"LineString","coordinates":[[3.6529,45.2835],[3.6524,45.2829]]}},{"type":"Feature","properties":{"name":"La Senouire"},"geometry":{"type":"LineString","coordinates":[[3.6542,45.2571],[3.6563,45.2545],[3.6562,45.2536],[3.6546,45.2532]]}},{"type":"Feature","properties":{"name":"La Senouire"},"geometry":{"type":"LineString","coordinates":[[3.4410,45.2660],[3.4404,45.2671],[3.4390,45.2664]]}},{"type":"Feature","properties":{"name":"La Senouire"},"geometry":{"type":"LineString","coordinates":[[3.6504,45.2581],[3.6515,45.2581]]}},{"type":"Feature","properties":{"name":"Le Barbenan"},"geometry":{"type":"LineString","coordinates":[[3.6779,46.1959],[3.6758,46.1969],[3.6685,46.1971]]}},{"type":"Feature","properties":{"name":"Le Barbenan"},"geometry":{"type":"LineString","coordinates":[[3.7734,46.0988],[3.7718,46.1025],[3.7741,46.1080],[3.7726,46.1129],[3.7717,46.1133],[3.7722,46.1159],[3.7698,46.1185],[3.7700,46.1212],[3.7649,46.1217],[3.7585,46.1261],[3.7585,46.1276],[3.7604,46.1294],[3.7599,46.1307],[3.7549,46.1321],[3.7492,46.1300],[3.7457,46.1260],[3.7402,46.1249],[3.7385,46.1265],[3.7369,46.1265],[3.7346,46.1316],[3.7321,46.1322],[3.7278,46.1412],[3.7253,46.1433],[3.7265,46.1447],[3.7248,46.1478],[3.7265,46.1495],[3.7258,46.1509],[3.7274,46.1520],[3.7273,46.1567],[3.7315,46.1600],[3.7308,46.1621],[3.7293,46.1632],[3.7323,46.1647],[3.7317,46.1661],[3.7347,46.1683],[3.7339,46.1697],[3.7354,46.1711],[3.7349,46.1731],[3.7404,46.1760],[3.7423,46.1796],[3.7492,46.1826]]}},{"type":"Feature","properties":{"name":"Le Barbenan"},"geometry":{"type":"LineString","coordinates":[[3.7373,46.1944],[3.7369,46.1954],[3.7350,46.1958]]}},{"type":"Feature","properties":{"name":"Le Barbenan"},"geometry":{"type":"LineString","coordinates":[[3.7350,46.1958],[3.7317,46.1952],[3.7317,46.1963],[3.7290,46.1965],[3.7259,46.1987],[3.7232,46.1987],[3.7225,46.1994],[3.7234,46.1998],[3.7209,46.2005],[3.7188,46.1998],[3.7183,46.1986],[3.7146,46.1994],[3.7123,46.1976],[3.7090,46.1973],[3.7071,46.1985],[3.7061,46.1973],[3.7026,46.1971],[3.7008,46.1946],[3.6985,46.1955],[3.6922,46.1934],[3.6842,46.1937],[3.6813,46.1922],[3.6802,46.1943],[3.6779,46.1959]]}},{"type":"Feature","properties":{"name":"Le Barbenan"},"geometry":{"type":"LineString","coordinates":[[3.7386,46.1934],[3.7366,46.1927],[3.7373,46.1944]]}},{"type":"Feature","properties":{"name":"Le Barbenan"},"geometry":{"type":"LineString","coordinates":[[3.7492,46.1826],[3.7497,46.1851],[3.7471,46.1878],[3.7477,46.1902],[3.7447,46.1918],[3.7447,46.1941],[3.7406,46.1948],[3.7386,46.1934]]}},{"type":"Feature","properties":{"name":"La Couze Chambon"},"geometry":{"type":"LineString","coordinates":[[3.0498,45.5720],[3.0539,45.5707],[3.0596,45.5717]]}},{"type":"Feature","properties":{"name":"La Couze Chambon"},"geometry":{"type":"LineString","coordinates":[[3.0263,45.5717],[3.0269,45.5716]]}},{"type":"Feature","properties":{"name":"La Couze Chambon"},"geometry":{"type":"LineString","coordinates":[[3.0421,45.5732],[3.0428,45.5733]]}},{"type":"Feature","properties":{"name":"La Couze Chambon"},"geometry":{"type":"LineString","coordinates":[[3.2090,45.6124],[3.2111,45.6151]]}},{"type":"Feature","properties":{"name":"La Couze Chambon"},"geometry":{"type":"LineString","coordinates":[[3.2083,45.6121],[3.2090,45.6124]]}},{"type":"Feature","properties":{"name":"La Couze Chambon"},"geometry":{"type":"LineString","coordinates":[[3.1932,45.6002],[3.2009,45.6060],[3.2042,45.6050],[3.2034,45.6079],[3.2052,45.6083],[3.2064,45.6119],[3.2083,45.6121]]}},{"type":"Feature","properties":{"name":"La Couze Chambon"},"geometry":{"type":"LineString","coordinates":[[3.0857,45.5821],[3.0915,45.5847],[3.0975,45.5848],[3.1012,45.5870],[3.1101,45.5883],[3.1248,45.5891],[3.1289,45.5873],[3.1304,45.5892],[3.1342,45.5879],[3.1361,45.5900],[3.1414,45.5881],[3.1417,45.5856],[3.1464,45.5870],[3.1528,45.5867],[3.1564,45.5905],[3.1648,45.5919],[3.1671,45.5938],[3.1718,45.5937],[3.1739,45.5963],[3.1760,45.5963],[3.1795,45.5982],[3.1835,45.5965],[3.1932,45.6002]]}},{"type":"Feature","properties":{"name":"La Couze Chambon"},"geometry":{"type":"LineString","coordinates":[[2.9484,45.5755],[2.9531,45.5769],[2.9582,45.5818],[2.9620,45.5819],[2.9647,45.5807],[2.9647,45.5800],[2.9688,45.5794],[2.9682,45.5775],[2.9722,45.5767],[2.9732,45.5748],[2.9745,45.5748],[2.9759,45.5733],[2.9750,45.5705],[2.9755,45.5697],[2.9810,45.5684],[2.9823,45.5671],[2.9961,45.5682],[3.0009,45.5735],[3.0066,45.5724],[3.0121,45.5730],[3.0195,45.5715],[3.0213,45.5727]]}},{"type":"Feature","properties":{"name":"La Couze Chambon"},"geometry":{"type":"LineString","coordinates":[[3.0596,45.5717],[3.0602,45.5730],[3.0649,45.5739],[3.0677,45.5756],[3.0683,45.5769],[3.0730,45.5771],[3.0736,45.5781],[3.0730,45.5788]]}},{"type":"Feature","properties":{"name":"La Couze Chambon"},"geometry":{"type":"LineString","coordinates":[[3.0244,45.5717],[3.0283,45.5710],[3.0322,45.5716],[3.0341,45.5729],[3.0362,45.5721],[3.0402,45.5738],[3.0426,45.5730],[3.0444,45.5743],[3.0482,45.5727]]}},{"type":"Feature","properties":{"name":"La Couze Chambon"},"geometry":{"type":"LineString","coordinates":[[3.0482,45.5727],[3.0498,45.5720]]}},{"type":"Feature","properties":{"name":"La Couze Chambon"},"geometry":{"type":"LineString","coordinates":[[3.0213,45.5727],[3.0244,45.5717]]}},{"type":"Feature","properties":{"name":"La Couze Chambon"},"geometry":{"type":"LineString","coordinates":[[2.9482,45.5752],[2.9484,45.5755]]}},{"type":"Feature","properties":{"name":"La Couze Chambon"},"geometry":{"type":"LineString","coordinates":[[2.9289,45.5702],[2.9302,45.5705],[2.9293,45.5745],[2.9310,45.5762],[2.9342,45.5763],[2.9425,45.5740]]}},{"type":"Feature","properties":{"name":"La Couze Chambon"},"geometry":{"type":"LineString","coordinates":[[2.9426,45.5741],[2.9453,45.5753],[2.9482,45.5752]]}},{"type":"Feature","properties":{"name":"La Couze Chambon"},"geometry":{"type":"LineString","coordinates":[[2.9425,45.5740],[2.9426,45.5741]]}},{"type":"Feature","properties":{"name":"La Couze Chambon"},"geometry":{"type":"LineString","coordinates":[[3.0730,45.5788],[3.0781,45.5795],[3.0809,45.5787],[3.0828,45.5793],[3.0857,45.5821]]}},{"type":"Feature","properties":{"name":"La Dolore"},"geometry":{"type":"LineString","coordinates":[[3.6792,45.4138],[3.6807,45.4133],[3.6802,45.4114],[3.6831,45.4109],[3.6823,45.4100],[3.6851,45.4108],[3.6865,45.4095],[3.6911,45.4092],[3.6912,45.4071]]}},{"type":"Feature","properties":{"name":"La Dolore"},"geometry":{"type":"LineString","coordinates":[[3.6730,45.4145],[3.6793,45.4127]]}},{"type":"Feature","properties":{"name":"La Dolore"},"geometry":{"type":"LineString","coordinates":[[3.6116,45.4624],[3.6139,45.4610],[3.6135,45.4605],[3.6150,45.4586],[3.6120,45.4554],[3.6143,45.4532]]}},{"type":"Feature","properties":{"name":"La Dolore"},"geometry":{"type":"LineString","coordinates":[[3.7015,45.4063],[3.7017,45.4059]]}},{"type":"Feature","properties":{"name":"La Dolore"},"geometry":{"type":"LineString","coordinates":[[3.7170,45.4127],[3.7170,45.4127]]}},{"type":"Feature","properties":{"name":"La Dolore"},"geometry":{"type":"LineString","coordinates":[[3.7017,45.4059],[3.7037,45.4030],[3.7068,45.4045],[3.7162,45.4060],[3.7175,45.4072],[3.7158,45.4089],[3.7170,45.4127]]}},{"type":"Feature","properties":{"name":"La Dolore"},"geometry":{"type":"LineString","coordinates":[[3.7170,45.4127],[3.7204,45.4165],[3.7197,45.4206],[3.7214,45.4214],[3.7240,45.4208],[3.7235,45.4219],[3.7277,45.4289],[3.7272,45.4307],[3.7303,45.4325],[3.7296,45.4332],[3.7312,45.4379],[3.7282,45.4419],[3.7303,45.4462],[3.7294,45.4473],[3.7296,45.4490]]}},{"type":"Feature","properties":{"name":"La Dolore"},"geometry":{"type":"LineString","coordinates":[[3.6922,45.4070],[3.6955,45.4067],[3.6989,45.4077],[3.7015,45.4063]]}},{"type":"Feature","properties":{"name":"La Dolore"},"geometry":{"type":"LineString","coordinates":[[3.6912,45.4071],[3.6922,45.4070]]}},{"type":"Feature","properties":{"name":"La Dolore"},"geometry":{"type":"LineString","coordinates":[[3.6793,45.4127],[3.6792,45.4138]]}},{"type":"Feature","properties":{"name":"La Dolore"},"geometry":{"type":"LineString","coordinates":[[3.6348,45.4474],[3.6383,45.4439]]}},{"type":"Feature","properties":{"name":"La Dolore"},"geometry":{"type":"LineString","coordinates":[[3.6143,45.4532],[3.6174,45.4529]]}},{"type":"Feature","properties":{"name":"La Dolore"},"geometry":{"type":"LineString","coordinates":[[3.6606,45.4307],[3.6605,45.4297],[3.6632,45.4295],[3.6624,45.4268],[3.6646,45.4255],[3.6638,45.4240],[3.6653,45.4232],[3.6666,45.4242],[3.6688,45.4229],[3.6673,45.4219],[3.6675,45.4209],[3.6728,45.4205],[3.6753,45.4192],[3.6731,45.4180],[3.6751,45.4171],[3.6747,45.4153],[3.6726,45.4154],[3.6730,45.4145]]}},{"type":"Feature","properties":{"name":"La Dolore"},"geometry":{"type":"LineString","coordinates":[[3.6498,45.4418],[3.6503,45.4410],[3.6486,45.4385],[3.6495,45.4367],[3.6509,45.4370],[3.6517,45.4386],[3.6560,45.4364],[3.6565,45.4351],[3.6553,45.4337],[3.6591,45.4326],[3.6612,45.4313],[3.6606,45.4307]]}},{"type":"Feature","properties":{"name":"La Dolore"},"geometry":{"type":"LineString","coordinates":[[3.6174,45.4529],[3.6187,45.4538],[3.6232,45.4467],[3.6262,45.4459],[3.6286,45.4473],[3.6313,45.4462],[3.6348,45.4474]]}},{"type":"Feature","properties":{"name":"La Dolore"},"geometry":{"type":"LineString","coordinates":[[3.7322,45.4504],[3.7328,45.4514]]}},{"type":"Feature","properties":{"name":"La Dolore"},"geometry":{"type":"LineString","coordinates":[[3.7296,45.4490],[3.7296,45.4509],[3.7305,45.4499],[3.7322,45.4504]]}},{"type":"Feature","properties":{"name":"La Dolore"},"geometry":{"type":"LineString","coordinates":[[3.6416,45.4419],[3.6434,45.4390],[3.6453,45.4405],[3.6438,45.4413],[3.6498,45.4418]]}},{"type":"Feature","properties":{"name":"La Dolore"},"geometry":{"type":"LineString","coordinates":[[3.6383,45.4439],[3.6403,45.4436],[3.6416,45.4419]]}},{"type":"Feature","properties":{"name":"La Dorette"},"geometry":{"type":"LineString","coordinates":[[3.7479,45.3843],[3.7476,45.3842]]}},{"type":"Feature","properties":{"name":"La Dorette"},"geometry":{"type":"LineString","coordinates":[[3.7476,45.3842],[3.7473,45.3842]]}},{"type":"Feature","properties":{"name":"La Dorette"},"geometry":{"type":"LineString","coordinates":[[3.7560,45.3539],[3.7573,45.3568],[3.7569,45.3590],[3.7582,45.3602],[3.7564,45.3624],[3.7578,45.3643],[3.7564,45.3670],[3.7587,45.3719],[3.7547,45.3780],[3.7526,45.3797],[3.7509,45.3797],[3.7507,45.3817],[3.7479,45.3843]]}},{"type":"Feature","properties":{"name":"L\u0027Allier"},"geometry":{"type":"LineString","coordinates":[[3.4187,46.1943],[3.4163,46.1997],[3.4148,46.2089],[3.4190,46.2148],[3.4181,46.2184],[3.4197,46.2207],[3.4198,46.2225],[3.4174,46.2270],[3.4217,46.2343],[3.4235,46.2355],[3.4257,46.2411],[3.4247,46.2429],[3.4203,46.2459],[3.4145,46.2518],[3.4113,46.2566],[3.4116,46.2595],[3.4147,46.2631],[3.4142,46.2640],[3.4077,46.2643],[3.4044,46.2611],[3.4031,46.2612],[3.4011,46.2647],[3.4018,46.2680],[3.4037,46.2685],[3.4047,46.2677],[3.4074,46.2693],[3.4062,46.2721],[3.4019,46.2758],[3.4032,46.2797],[3.4030,46.2848],[3.4060,46.2881],[3.3951,46.2908],[3.3937,46.2925],[3.3937,46.2953],[3.3857,46.2925],[3.3832,46.2932],[3.3833,46.2985],[3.3822,46.3031],[3.3829,46.3055],[3.3865,46.3098],[3.3859,46.3127],[3.3761,46.3159],[3.3697,46.3150],[3.3665,46.3159],[3.3656,46.3177],[3.3676,46.3197],[3.3677,46.3211],[3.3590,46.3261],[3.3587,46.3332],[3.3528,46.3408],[3.3524,46.3459],[3.3539,46.3487],[3.3440,46.3502],[3.3414,46.3518],[3.3395,46.3540],[3.3391,46.3582],[3.3341,46.3645],[3.3326,46.3685],[3.3288,46.3685],[3.3265,46.3654],[3.3217,46.3661]]}},{"type":"Feature","properties":{"name":"L\u0027Allier"},"geometry":{"type":"LineString","coordinates":[[3.4299,46.1168],[3.4195,46.1183],[3.4151,46.1213],[3.4138,46.1242],[3.4141,46.1299],[3.4123,46.1372],[3.4099,46.1422],[3.4109,46.1443],[3.4072,46.1505],[3.4100,46.1537],[3.4100,46.1550],[3.4064,46.1603],[3.4061,46.1628],[3.4080,46.1644],[3.4154,46.1666],[3.4171,46.1682],[3.4171,46.1701],[3.4125,46.1757],[3.4115,46.1789],[3.4135,46.1808],[3.4150,46.1862],[3.4185,46.1918],[3.4187,46.1943]]}},{"type":"Feature","properties":{"name":"L\u0027Allier"},"geometry":{"type":"LineString","coordinates":[[3.2467,45.5897],[3.2407,45.5911],[3.2373,45.5933],[3.2266,45.5953],[3.2229,45.5985],[3.2184,45.6000],[3.2175,45.6016]]}},{"type":"Feature","properties":{"name":"L\u0027Allier"},"geometry":{"type":"LineString","coordinates":[[3.4046,45.2837],[3.4007,45.2893],[3.4013,45.2907],[3.4004,45.2920],[3.4021,45.2929],[3.4026,45.2944]]}},{"type":"Feature","properties":{"name":"L\u0027Allier"},"geometry":{"type":"LineString","coordinates":[[3.4681,46.0244],[3.4734,46.0270],[3.4640,46.0315],[3.4640,46.0326],[3.4655,46.0347],[3.4720,46.0371],[3.4728,46.0386],[3.4692,46.0440],[3.4624,46.0481],[3.4600,46.0516],[3.4619,46.0598],[3.4566,46.0630],[3.4504,46.0652],[3.4482,46.0680],[3.4545,46.0752],[3.4613,46.0788],[3.4603,46.0815],[3.4526,46.0891],[3.4445,46.0933],[3.4393,46.0978],[3.4378,46.1011],[3.4380,46.1035],[3.4360,46.1062],[3.4238,46.1073]]}},{"type":"Feature","properties":{"name":"L\u0027Allier"},"geometry":{"type":"LineString","coordinates":[[3.3782,45.9225],[3.3815,45.9262],[3.3801,45.9293],[3.3811,45.9302],[3.3823,45.9362],[3.3966,45.9433],[3.3996,45.9463],[3.4118,45.9477],[3.4218,45.9472],[3.4225,45.9496],[3.4214,45.9541],[3.4224,45.9551],[3.4298,45.9545],[3.4367,45.9527],[3.4427,45.9550],[3.4438,45.9564],[3.4446,45.9612],[3.4479,45.9650],[3.4474,45.9688],[3.4553,45.9739],[3.4555,45.9758],[3.4520,45.9780],[3.4509,45.9796],[3.4583,45.9889],[3.4628,45.9966],[3.4629,46.0017],[3.4672,46.0057],[3.4738,46.0088],[3.4743,46.0190],[3.4692,46.0215],[3.4681,46.0244]]}},{"type":"Feature","properties":{"name":"L\u0027Allier"},"geometry":{"type":"LineString","coordinates":[[3.4238,46.1073],[3.4238,46.1090],[3.4255,46.1103],[3.4347,46.1136],[3.4349,46.1148],[3.4299,46.1168]]}},{"type":"Feature","properties":{"name":"L\u0027Allier"},"geometry":{"type":"LineString","coordinates":[[3.5950,45.0294],[3.5925,45.0298],[3.5908,45.0342],[3.5880,45.0341],[3.5861,45.0396],[3.5910,45.0416],[3.5924,45.0438],[3.5812,45.0492],[3.5798,45.0506],[3.5809,45.0548],[3.5787,45.0574],[3.5705,45.0595],[3.5632,45.0646],[3.5527,45.0649],[3.5487,45.0673],[3.5429,45.0727],[3.5377,45.0744],[3.5354,45.0762],[3.5351,45.0784],[3.5340,45.0791],[3.5342,45.0869],[3.5303,45.0922],[3.5162,45.0957],[3.5076,45.0928],[3.4984,45.0971],[3.4976,45.0986],[3.4984,45.1006],[3.5047,45.1050],[3.4980,45.1119],[3.4933,45.1126],[3.4912,45.1146],[3.4906,45.1192],[3.4869,45.1289],[3.4881,45.1309],[3.4874,45.1339],[3.4883,45.1348],[3.4883,45.1371],[3.4846,45.1397],[3.4800,45.1420],[3.4766,45.1424],[3.4671,45.1391],[3.4658,45.1397],[3.4648,45.1443],[3.4621,45.1463],[3.4607,45.1462],[3.4574,45.1430],[3.4502,45.1463],[3.4419,45.1435],[3.4406,45.1444],[3.4399,45.1475],[3.4443,45.1535],[3.4405,45.1557],[3.4332,45.1541],[3.4262,45.1563],[3.4222,45.1560],[3.4206,45.1548],[3.4199,45.1500],[3.4211,45.1474],[3.4200,45.1452],[3.4115,45.1455],[3.4103,45.1475],[3.4073,45.1492],[3.4039,45.1482],[3.4030,45.1470],[3.4011,45.1471],[3.4017,45.1486],[3.4044,45.1492],[3.4090,45.1528],[3.4055,45.1571],[3.4121,45.1624],[3.4145,45.1684],[3.4117,45.1702],[3.4073,45.1710],[3.4043,45.1745],[3.4071,45.1768],[3.4117,45.1765],[3.4122,45.1789],[3.4053,45.1822],[3.4030,45.1812],[3.4030,45.1796],[3.4015,45.1784],[3.3909,45.1786],[3.3885,45.1811],[3.3907,45.1855],[3.3867,45.1881],[3.3854,45.1912],[3.3874,45.1990],[3.3951,45.2012],[3.3995,45.2050],[3.3977,45.2149],[3.3961,45.2173],[3.3926,45.2196],[3.3923,45.2238],[3.3935,45.2261],[3.3954,45.2275],[3.3982,45.2275],[3.3994,45.2284],[3.3985,45.2304],[3.3992,45.2323],[3.3956,45.2341],[3.3973,45.2380],[3.3956,45.2409],[3.3968,45.2431],[3.3953,45.2462],[3.3962,45.2494],[3.4004,45.2512],[3.4040,45.2554],[3.4088,45.2578],[3.4083,45.2628],[3.4072,45.2640],[3.4103,45.2664],[3.4084,45.2718],[3.4076,45.2800],[3.4106,45.2876],[3.4102,45.2896],[3.4120,45.2931],[3.4123,45.2958],[3.4109,45.2977],[3.4077,45.2975],[3.4060,45.3019],[3.4065,45.3032],[3.4044,45.3060],[3.4027,45.3139],[3.3965,45.3187],[3.3980,45.3241],[3.3949,45.3245],[3.3921,45.3297],[3.3934,45.3308],[3.3966,45.3308],[3.3971,45.3315],[3.3879,45.3348],[3.3868,45.3368],[3.3897,45.3371],[3.3898,45.3382],[3.3816,45.3428],[3.3803,45.3474],[3.3756,45.3514],[3.3747,45.3571],[3.3708,45.3570],[3.3688,45.3581],[3.3690,45.3596],[3.3714,45.3600],[3.3724,45.3613],[3.3759,45.3613],[3.3762,45.3622],[3.3747,45.3658],[3.3733,45.3664],[3.3712,45.3644],[3.3675,45.3667],[3.3636,45.3671],[3.3617,45.3683],[3.3630,45.3713],[3.3612,45.3745],[3.3630,45.3787],[3.3595,45.3805],[3.3606,45.3821],[3.3596,45.3843],[3.3544,45.3883],[3.3467,45.3917],[3.3399,45.3922],[3.3334,45.3992],[3.3335,45.4074],[3.3380,45.4113],[3.3387,45.4132],[3.3440,45.4169],[3.3409,45.4193],[3.3407,45.4216],[3.3339,45.4251],[3.3367,45.4334],[3.3363,45.4342],[3.3338,45.4368],[3.3297,45.4389],[3.3264,45.4431],[3.3136,45.4448],[3.3127,45.4496],[3.3088,45.4489],[3.3063,45.4498],[3.3023,45.4541],[3.3008,45.4599],[3.2953,45.4674],[3.2856,45.4676],[3.2823,45.4692],[3.2701,45.4669],[3.2697,45.4698],[3.2676,45.4720],[3.2674,45.4813],[3.2679,45.4830],[3.2746,45.4901],[3.2759,45.4930],[3.2740,45.5039],[3.2814,45.5085],[3.2820,45.5137],[3.2858,45.5171],[3.2809,45.5233],[3.2833,45.5331],[3.2800,45.5350],[3.2801,45.5391],[3.2750,45.5412],[3.2751,45.5430],[3.2775,45.5453],[3.2777,45.5504]]}},{"type":"Feature","properties":{"name":"L\u0027Allier"},"geometry":{"type":"LineString","coordinates":[[3.2936,45.8375],[3.2983,45.8396],[3.3022,45.8450],[3.3057,45.8545],[3.3062,45.8607],[3.3085,45.8657],[3.3082,45.8673],[3.3105,45.8735],[3.3158,45.8769],[3.3228,45.8779],[3.3257,45.8798],[3.3282,45.8827],[3.3263,45.8843],[3.3262,45.8857],[3.3392,45.8845],[3.3429,45.8861],[3.3428,45.8881],[3.3364,45.8935],[3.3366,45.8964],[3.3396,45.8975],[3.3400,45.8962],[3.3436,45.8933],[3.3490,45.8936],[3.3502,45.8957],[3.3501,45.9013],[3.3521,45.9041],[3.3571,45.9073],[3.3662,45.9102],[3.3640,45.9165],[3.3658,45.9190],[3.3674,45.9200],[3.3725,45.9206],[3.3745,45.9227],[3.3782,45.9225]]}},{"type":"Feature","properties":{"name":"L\u0027Allier"},"geometry":{"type":"LineString","coordinates":[[3.2175,45.6016],[3.2191,45.6050],[3.2246,45.6063],[3.2251,45.6107],[3.2204,45.6125],[3.2136,45.6124],[3.2108,45.6163],[3.2119,45.6192],[3.2154,45.6213],[3.2178,45.6250],[3.2220,45.6288],[3.2131,45.6323],[3.2097,45.6419],[3.2092,45.6439],[3.2099,45.6455],[3.2089,45.6473],[3.2030,45.6478],[3.1977,45.6506],[3.1962,45.6534],[3.2033,45.6569],[3.2048,45.6591],[3.2050,45.6600],[3.2024,45.6612],[3.2003,45.6636],[3.2010,45.6660],[3.2037,45.6690],[3.2060,45.6695],[3.2091,45.6687],[3.2164,45.6623],[3.2189,45.6621],[3.2222,45.6637],[3.2208,45.6678],[3.2227,45.6717],[3.2210,45.6773],[3.2185,45.6786],[3.2034,45.6810],[3.2022,45.6871],[3.2024,45.6916],[3.2078,45.7008],[3.2072,45.7037],[3.2122,45.7051],[3.2164,45.7084],[3.2180,45.7130],[3.2201,45.7151],[3.2179,45.7168],[3.2141,45.7148],[3.2116,45.7155],[3.2113,45.7170],[3.2129,45.7198],[3.2087,45.7253],[3.2156,45.7320],[3.2174,45.7365],[3.2244,45.7397],[3.2240,45.7429],[3.2223,45.7441],[3.2190,45.7443],[3.2169,45.7469],[3.2207,45.7521],[3.2171,45.7584],[3.2203,45.7588],[3.2272,45.7574],[3.2292,45.7578],[3.2322,45.7607],[3.2326,45.7641],[3.2295,45.7664],[3.2286,45.7687],[3.2298,45.7717],[3.2320,45.7730],[3.2339,45.7715],[3.2369,45.7716],[3.2391,45.7754],[3.2392,45.7775],[3.2423,45.7767],[3.2471,45.7790],[3.2472,45.7811],[3.2428,45.7847],[3.2431,45.7881],[3.2443,45.7911],[3.2527,45.7967],[3.2587,45.7962],[3.2685,45.7975],[3.2756,45.7954],[3.2796,45.7923],[3.2843,45.7921],[3.2851,45.7959],[3.2756,45.8122],[3.2735,45.8184],[3.2747,45.8199],[3.2810,45.8211],[3.2862,45.8257],[3.2885,45.8296],[3.2892,45.8345],[3.2936,45.8375]]}},{"type":"Feature","properties":{"name":"L\u0027Allier"},"geometry":{"type":"LineString","coordinates":[[3.2555,45.5660],[3.2503,45.5673],[3.2509,45.5714],[3.2493,45.5735],[3.2428,45.5745]]}},{"type":"Feature","properties":{"name":"L\u0027Allier"},"geometry":{"type":"LineString","coordinates":[[3.2777,45.5504],[3.2760,45.5558],[3.2706,45.5585],[3.2689,45.5632],[3.2664,45.5641],[3.2590,45.5635],[3.2555,45.5660]]}},{"type":"Feature","properties":{"name":"L\u0027Allier"},"geometry":{"type":"LineString","coordinates":[[3.2428,45.5745],[3.2397,45.5768],[3.2421,45.5824],[3.2462,45.5839],[3.2475,45.5886],[3.2467,45.5897]]}},{"type":"Feature","properties":{"name":"L\u0027Allier"},"geometry":{"type":"LineString","coordinates":[[3.2189,45.6621],[3.2214,45.6645]]}},{"type":"Feature","properties":{"name":"L\u0027Allier"},"geometry":{"type":"LineString","coordinates":[[3.1964,45.6540],[3.1965,45.6547]]}},{"type":"Feature","properties":{"name":"L\u0027Allier"},"geometry":{"type":"LineString","coordinates":[[3.2209,45.6296],[3.2178,45.6307]]}},{"type":"Feature","properties":{"name":"L\u0027Allier"},"geometry":{"type":"LineString","coordinates":[[3.2115,45.6181],[3.2129,45.6197]]}},{"type":"Feature","properties":{"name":"L\u0027Allier"},"geometry":{"type":"LineString","coordinates":[[3.2472,45.5740],[3.2440,45.5742]]}},{"type":"Feature","properties":{"name":"L\u0027Allier"},"geometry":{"type":"LineString","coordinates":[[3.3328,45.4358],[3.3297,45.4389]]}},{"type":"Feature","properties":{"name":"L\u0027Allier"},"geometry":{"type":"LineString","coordinates":[[3.3367,45.4361],[3.3340,45.4365]]}},{"type":"Feature","properties":{"name":"L\u0027Allier"},"geometry":{"type":"LineString","coordinates":[[3.4082,45.2615],[3.4072,45.2640]]}},{"type":"Feature","properties":{"name":"L\u0027Allier"},"geometry":{"type":"LineString","coordinates":[[3.4026,45.2944],[3.4034,45.2948]]}},{"type":"Feature","properties":{"name":"L\u0027Allier"},"geometry":{"type":"LineString","coordinates":[[3.1965,45.6547],[3.1987,45.6583],[3.2038,45.6581]]}},{"type":"Feature","properties":{"name":"L\u0027Allier"},"geometry":{"type":"LineString","coordinates":[[3.1972,45.6558],[3.2011,45.6578]]}},{"type":"Feature","properties":{"name":"L\u0027Urbise"},"geometry":{"type":"LineString","coordinates":[[3.9153,46.2608],[3.9198,46.2603],[3.9218,46.2618],[3.9256,46.2615],[3.9281,46.2640],[3.9295,46.2637],[3.9324,46.2649],[3.9324,46.2657],[3.9336,46.2653],[3.9351,46.2670],[3.9374,46.2671],[3.9394,46.2710],[3.9397,46.2737],[3.9413,46.2748],[3.9400,46.2758],[3.9423,46.2767],[3.9445,46.2817],[3.9485,46.2838],[3.9480,46.2856],[3.9491,46.2866],[3.9484,46.2869],[3.9506,46.2883],[3.9496,46.2887],[3.9517,46.2903],[3.9531,46.2900],[3.9532,46.2909],[3.9555,46.2912],[3.9571,46.2930],[3.9657,46.2941],[3.9680,46.2961],[3.9729,46.2963],[3.9738,46.2954],[3.9745,46.2961],[3.9759,46.2954],[3.9761,46.2962],[3.9784,46.2955],[3.9840,46.2981],[3.9857,46.2972],[3.9853,46.2982],[3.9867,46.2980],[3.9862,46.2985],[3.9871,46.2989],[3.9889,46.2981],[3.9915,46.2989],[3.9941,46.3011],[3.9941,46.3025],[4.0036,46.3042],[4.0031,46.3059],[4.0054,46.3068],[4.0066,46.3106],[4.0018,46.3112],[4.0001,46.3138],[4.0003,46.3152],[4.0041,46.3187],[4.0063,46.3177],[4.0075,46.3189]]}},{"type":"Feature","properties":{"name":"L\u0027Urbise"},"geometry":{"type":"LineString","coordinates":[[3.8899,46.2546],[3.9012,46.2591],[3.9044,46.2587],[3.9082,46.2607],[3.9153,46.2608]]}},{"type":"Feature","properties":{"name":"Le Mourgon"},"geometry":{"type":"LineString","coordinates":[[3.4473,46.1967],[3.4458,46.1967],[3.4449,46.1984],[3.4419,46.1979],[3.4391,46.2005],[3.4376,46.2000],[3.4348,46.2015],[3.4347,46.2041],[3.4330,46.2047],[3.4333,46.2060]]}},{"type":"Feature","properties":{"name":"Le Mourgon"},"geometry":{"type":"LineString","coordinates":[[3.4504,46.1947],[3.4507,46.1959],[3.4484,46.1968]]}},{"type":"Feature","properties":{"name":"Le Mourgon"},"geometry":{"type":"LineString","coordinates":[[3.4484,46.1968],[3.4473,46.1967]]}},{"type":"Feature","properties":{"name":"Le Mourgon"},"geometry":{"type":"LineString","coordinates":[[3.4331,46.2061],[3.4328,46.2061]]}},{"type":"Feature","properties":{"name":"Le Mourgon"},"geometry":{"type":"LineString","coordinates":[[3.4328,46.2061],[3.4190,46.2148]]}},{"type":"Feature","properties":{"name":"Le Mourgon"},"geometry":{"type":"LineString","coordinates":[[3.4511,46.1940],[3.4504,46.1947]]}},{"type":"Feature","properties":{"name":"Le Mourgon"},"geometry":{"type":"LineString","coordinates":[[3.4333,46.2060],[3.4331,46.2061]]}},{"type":"Feature","properties":{"name":"La Loire"},"geometry":{"type":"LineString","coordinates":[[4.0600,45.9115],[4.0573,45.9086],[4.0537,45.9086],[4.0520,45.9109],[4.0558,45.9134],[4.0558,45.9163],[4.0504,45.9187],[4.0408,45.9249],[4.0377,45.9302],[4.0329,45.9326],[4.0264,45.9326],[4.0224,45.9340],[4.0221,45.9372],[4.0278,45.9373],[4.0317,45.9424],[4.0293,45.9452],[4.0253,45.9547],[4.0225,45.9577],[4.0206,45.9645],[4.0111,45.9661],[4.0102,45.9675],[4.0123,45.9699],[4.0140,45.9743],[4.0136,45.9771]]}},{"type":"Feature","properties":{"name":"La Loire"},"geometry":{"type":"LineString","coordinates":[[4.0136,45.9771],[4.0196,45.9792],[4.0209,45.9784],[4.0203,45.9761],[4.0214,45.9745],[4.0280,45.9732],[4.0321,45.9777],[4.0376,45.9787],[4.0398,45.9829],[4.0476,45.9857],[4.0481,45.9875],[4.0473,45.9949],[4.0430,45.9996],[4.0424,46.0019],[4.0503,46.0124],[4.0579,46.0181],[4.0733,46.0231],[4.0772,46.0269],[4.0887,46.0425],[4.0934,46.0458],[4.1085,46.0504],[4.1106,46.0536],[4.1099,46.0585],[4.1114,46.0615],[4.1175,46.0631],[4.1177,46.0648],[4.1145,46.0656],[4.1129,46.0688],[4.1090,46.0709],[4.1057,46.0715],[4.0979,46.0694],[4.0945,46.0699],[4.0924,46.0715],[4.0927,46.0741],[4.1011,46.0816],[4.1035,46.0852],[4.1043,46.0884],[4.1031,46.0924],[4.0980,46.0979],[4.0950,46.1055]]}},{"type":"Feature","properties":{"name":"La Loire"},"geometry":{"type":"LineString","coordinates":[[4.0953,46.1587],[4.0829,46.1783],[4.0804,46.1857],[4.0811,46.1902],[4.0830,46.1931],[4.0810,46.1980],[4.0758,46.2012],[4.0732,46.2042],[4.0676,46.2068],[4.0505,46.2185],[4.0483,46.2197],[4.0450,46.2198],[4.0392,46.2248],[4.0292,46.2295],[4.0298,46.2330],[4.0357,46.2362],[4.0374,46.2397],[4.0347,46.2429],[4.0237,46.2450],[4.0210,46.2501],[4.0230,46.2534],[4.0221,46.2563],[4.0222,46.2638],[4.0200,46.2673],[4.0214,46.2710],[4.0209,46.2734],[4.0155,46.2774],[4.0148,46.2843],[4.0170,46.2870],[4.0267,46.2898],[4.0278,46.2909],[4.0183,46.3023],[4.0173,46.3056],[4.0178,46.3111],[4.0118,46.3190],[4.0027,46.3229],[4.0025,46.3252],[4.0055,46.3286],[4.0033,46.3309],[3.9997,46.3309],[3.9946,46.3278],[3.9880,46.3268],[3.9846,46.3293],[3.9855,46.3348],[3.9884,46.3403],[3.9862,46.3507],[3.9870,46.3587],[3.9903,46.3636],[3.9936,46.3655],[3.9955,46.3694],[4.0020,46.3708],[4.0001,46.3731],[3.9912,46.3767],[3.9900,46.3822],[3.9803,46.3865],[3.9800,46.3895],[3.9828,46.3923],[3.9837,46.3954],[3.9827,46.3971],[3.9770,46.4001],[3.9793,46.4038],[3.9909,46.4096],[3.9906,46.4111],[3.9836,46.4175],[3.9821,46.4206],[3.9824,46.4235],[3.9843,46.4266],[3.9938,46.4304],[3.9920,46.4333],[3.9867,46.4350],[3.9874,46.4381],[3.9968,46.4424],[4.0016,46.4423],[4.0046,46.4453],[4.0015,46.4493],[3.9919,46.4525],[3.9882,46.4560],[3.9877,46.4572],[3.9887,46.4585],[3.9961,46.4620],[3.9966,46.4658],[3.9927,46.4685],[3.9856,46.4685],[3.9838,46.4704],[3.9859,46.4739],[3.9847,46.4763],[3.9718,46.4796],[3.9520,46.4766],[3.9483,46.4778],[3.9460,46.4800],[3.9473,46.4834],[3.9491,46.4851],[3.9580,46.4858],[3.9592,46.4878],[3.9589,46.4893]]}},{"type":"Feature","properties":{"name":"La Loire"},"geometry":{"type":"LineString","coordinates":[[3.9886,45.2038],[3.9893,45.2061],[3.9956,45.2105],[4.0013,45.2099],[4.0119,45.2053],[4.0143,45.2061],[4.0162,45.2093],[4.0180,45.2100],[4.0190,45.2094],[4.0183,45.2048],[4.0243,45.2020],[4.0383,45.1994],[4.0436,45.1994],[4.0466,45.2029],[4.0417,45.2129],[4.0422,45.2147],[4.0443,45.2162],[4.0509,45.2164],[4.0580,45.2135],[4.0614,45.2135],[4.0631,45.2159],[4.0601,45.2199],[4.0603,45.2225],[4.0649,45.2265],[4.0671,45.2269],[4.0698,45.2239],[4.0701,45.2221],[4.0745,45.2206],[4.0861,45.2324],[4.1004,45.2364],[4.1029,45.2398],[4.1029,45.2437],[4.1045,45.2449],[4.1118,45.2439],[4.1145,45.2445],[4.1174,45.2470],[4.1278,45.2469],[4.1313,45.2497],[4.1320,45.2530],[4.1311,45.2548],[4.1320,45.2561],[4.1423,45.2565],[4.1445,45.2586]]}},{"type":"Feature","properties":{"name":"L\u0027Aix"},"geometry":{"type":"LineString","coordinates":[[3.9004,45.8763],[3.9049,45.8744],[3.9090,45.8744],[3.9094,45.8734]]}},{"type":"Feature","properties":{"name":"L\u0027Aix"},"geometry":{"type":"LineString","coordinates":[[3.9094,45.8734],[3.9092,45.8726]]}},{"type":"Feature","properties":{"name":"L\u0027Aix"},"geometry":{"type":"LineString","coordinates":[[3.9092,45.8726],[3.9068,45.8698],[3.9079,45.8680],[3.9058,45.8669],[3.9061,45.8662],[3.9105,45.8661],[3.9108,45.8647],[3.9091,45.8616],[3.9124,45.8614],[3.9136,45.8603],[3.9197,45.8623],[3.9241,45.8580],[3.9284,45.8561],[3.9297,45.8565],[3.9319,45.8556],[3.9340,45.8570],[3.9327,45.8592],[3.9333,45.8606],[3.9400,45.8612],[3.9399,45.8591],[3.9460,45.8536],[3.9463,45.8518],[3.9484,45.8516],[3.9530,45.8530],[3.9540,45.8520],[3.9563,45.8531],[3.9593,45.8525],[3.9603,45.8517],[3.9590,45.8504],[3.9607,45.8487],[3.9605,45.8466]]}},{"type":"Feature","properties":{"name":"L\u0027Aix"},"geometry":{"type":"LineString","coordinates":[[3.9938,45.8330],[3.9954,45.8330],[3.9950,45.8316],[3.9961,45.8308],[4.0003,45.8302],[4.0037,45.8312],[4.0107,45.8256],[4.0140,45.8244],[4.0172,45.8267],[4.0174,45.8279],[4.0212,45.8292]]}},{"type":"Feature","properties":{"name":"L\u0027Aix"},"geometry":{"type":"LineString","coordinates":[[3.9605,45.8466],[3.9633,45.8455],[3.9631,45.8434],[3.9657,45.8412],[3.9662,45.8394],[3.9645,45.8388],[3.9648,45.8379],[3.9688,45.8354],[3.9736,45.8347],[3.9760,45.8326],[3.9782,45.8320],[3.9812,45.8321],[3.9826,45.8341],[3.9843,45.8345],[3.9920,45.8345],[3.9938,45.8330]]}},{"type":"Feature","properties":{"name":"L\u0027Aix"},"geometry":{"type":"LineString","coordinates":[[3.8536,45.8956],[3.8553,45.8943],[3.8597,45.8954],[3.8656,45.8915],[3.8701,45.8908],[3.8709,45.8857],[3.8776,45.8841],[3.8787,45.8820],[3.8847,45.8833],[3.8903,45.8826],[3.8909,45.8814],[3.8955,45.8789],[3.8965,45.8769],[3.9004,45.8763]]}},{"type":"Feature","properties":{"name":"L\u0027Aix"},"geometry":{"type":"LineString","coordinates":[[3.8444,45.8934],[3.8446,45.8933]]}},{"type":"Feature","properties":{"name":"Le Doulon"},"geometry":{"type":"LineString","coordinates":[[3.5419,45.3134],[3.5436,45.3112],[3.5399,45.3087],[3.5379,45.3019],[3.5370,45.3013],[3.5409,45.3005]]}},{"type":"Feature","properties":{"name":"Le Doulon"},"geometry":{"type":"LineString","coordinates":[[3.5409,45.3005],[3.5380,45.2989],[3.5387,45.2964]]}},{"type":"Feature","properties":{"name":"Le Doulon"},"geometry":{"type":"LineString","coordinates":[[3.5387,45.2964],[3.5370,45.2950],[3.5344,45.2946],[3.5338,45.2923],[3.5320,45.2926],[3.5313,45.2938],[3.5294,45.2913],[3.5267,45.2918],[3.5280,45.2899],[3.5252,45.2883],[3.5262,45.2867],[3.5250,45.2850],[3.5256,45.2843],[3.5243,45.2835],[3.5249,45.2818],[3.5206,45.2787],[3.5216,45.2754],[3.5240,45.2733],[3.5196,45.2697],[3.5215,45.2685],[3.5215,45.2667],[3.5258,45.2614],[3.5229,45.2583],[3.5234,45.2569],[3.5218,45.2561],[3.5216,45.2540],[3.5200,45.2519],[3.5155,45.2508],[3.5132,45.2521],[3.5101,45.2513],[3.5071,45.2522]]}},{"type":"Feature","properties":{"name":"L\u0027Arzon"},"geometry":{"type":"LineString","coordinates":[[3.8370,45.3665],[3.8320,45.3617],[3.8328,45.3600],[3.8319,45.3591],[3.8332,45.3589],[3.8306,45.3555],[3.8314,45.3539],[3.8336,45.3534],[3.8350,45.3502],[3.8366,45.3492],[3.8378,45.3468],[3.8369,45.3448],[3.8386,45.3438],[3.8379,45.3413],[3.8348,45.3374],[3.8329,45.3373],[3.8305,45.3353],[3.8316,45.3346],[3.8318,45.3325],[3.8301,45.3302],[3.8226,45.3282],[3.8197,45.3284],[3.8173,45.3272],[3.8151,45.3225],[3.8181,45.3212],[3.8175,45.3198],[3.8202,45.3153],[3.8186,45.3145],[3.8181,45.3129],[3.8166,45.3126],[3.8169,45.3096],[3.8135,45.3101],[3.8143,45.3087],[3.8122,45.3084],[3.8117,45.3072],[3.8127,45.3066],[3.8109,45.3058],[3.8107,45.3044],[3.8047,45.3023],[3.8056,45.3008],[3.8039,45.2999],[3.8045,45.2989],[3.8032,45.2976],[3.8039,45.2951],[3.8061,45.2945],[3.8056,45.2941],[3.8080,45.2892],[3.8095,45.2890],[3.8091,45.2883],[3.8101,45.2876],[3.8132,45.2873],[3.8172,45.2897],[3.8182,45.2883],[3.8196,45.2882],[3.8198,45.2863],[3.8185,45.2866],[3.8185,45.2852],[3.8173,45.2843],[3.8204,45.2814],[3.8193,45.2786],[3.8201,45.2772],[3.8188,45.2748],[3.8190,45.2709],[3.8201,45.2694],[3.8216,45.2693],[3.8218,45.2661],[3.8244,45.2661],[3.8262,45.2650]]}},{"type":"Feature","properties":{"name":"L\u0027Arzon"},"geometry":{"type":"LineString","coordinates":[[3.8262,45.2650],[3.8267,45.2650]]}},{"type":"Feature","properties":{"name":"L\u0027Arzon"},"geometry":{"type":"LineString","coordinates":[[3.8267,45.2650],[3.8283,45.2671],[3.8292,45.2670],[3.8310,45.2641],[3.8302,45.2630],[3.8321,45.2626],[3.8304,45.2596],[3.8290,45.2604],[3.8282,45.2594],[3.8283,45.2567],[3.8302,45.2557],[3.8308,45.2538],[3.8348,45.2536],[3.8339,45.2551],[3.8364,45.2561],[3.8436,45.2535],[3.8462,45.2534],[3.8462,45.2521],[3.8474,45.2529],[3.8478,45.2548],[3.8502,45.2545],[3.8501,45.2529],[3.8519,45.2519],[3.8534,45.2494],[3.8515,45.2458],[3.8524,45.2444],[3.8520,45.2430],[3.8560,45.2421],[3.8568,45.2404],[3.8545,45.2402],[3.8540,45.2391],[3.8564,45.2381],[3.8567,45.2360],[3.8583,45.2370],[3.8603,45.2366],[3.8588,45.2334],[3.8597,45.2321],[3.8620,45.2323],[3.8599,45.2282],[3.8612,45.2277],[3.8622,45.2257],[3.8600,45.2256],[3.8600,45.2240],[3.8636,45.2225],[3.8643,45.2202],[3.8669,45.2195],[3.8657,45.2181],[3.8621,45.2170],[3.8642,45.2158],[3.8660,45.2120],[3.8703,45.2136],[3.8729,45.2123],[3.8749,45.2129],[3.8784,45.2118],[3.8796,45.2106],[3.8795,45.2065],[3.8813,45.2042],[3.8815,45.2022],[3.8855,45.2013],[3.8872,45.1992],[3.8914,45.1972],[3.8922,45.1939],[3.8915,45.1922],[3.8925,45.1910],[3.8946,45.1900],[3.8980,45.1907],[3.9007,45.1877],[3.9077,45.1850],[3.9128,45.1852]]}},{"type":"Feature","properties":{"name":"La Credogne"},"geometry":{"type":"LineString","coordinates":[[3.5586,45.9493],[3.5567,45.9488],[3.5575,45.9480],[3.5559,45.9468],[3.5564,45.9452],[3.5533,45.9442],[3.5504,45.9409],[3.5487,45.9403],[3.5483,45.9381],[3.5436,45.9380],[3.5373,45.9356],[3.5345,45.9367],[3.5292,45.9361],[3.5279,45.9385],[3.5243,45.9407],[3.5217,45.9400],[3.5172,45.9407],[3.5135,45.9442],[3.5049,45.9433],[3.5031,45.9453],[3.4991,45.9456],[3.4978,45.9468],[3.4968,45.9462],[3.4957,45.9470],[3.4962,45.9479],[3.4951,45.9493],[3.4935,45.9500],[3.4926,45.9538],[3.4904,45.9531],[3.4880,45.9540],[3.4887,45.9563],[3.4865,45.9580],[3.4835,45.9576],[3.4828,45.9582],[3.4842,45.9592],[3.4817,45.9595],[3.4825,45.9600],[3.4818,45.9604],[3.4821,45.9615],[3.4796,45.9614],[3.4782,45.9628],[3.4756,45.9626],[3.4726,45.9649],[3.4682,45.9653]]}},{"type":"Feature","properties":{"name":"La Credogne"},"geometry":{"type":"LineString","coordinates":[[3.6189,45.9241],[3.6185,45.9250],[3.6153,45.9261],[3.6129,45.9302],[3.6111,45.9300],[3.6065,45.9322],[3.6085,45.9338],[3.6074,45.9369],[3.6062,45.9378],[3.6073,45.9412],[3.6063,45.9421],[3.6083,45.9438],[3.6069,45.9461],[3.6051,45.9450],[3.6010,45.9474],[3.5972,45.9471],[3.5939,45.9454],[3.5912,45.9470],[3.5886,45.9465],[3.5771,45.9510],[3.5740,45.9503],[3.5728,45.9515],[3.5670,45.9493],[3.5632,45.9510],[3.5586,45.9493]]}},{"type":"Feature","properties":{"name":"La Credogne"},"geometry":{"type":"LineString","coordinates":[[3.6768,45.9413],[3.6783,45.9361],[3.6732,45.9310],[3.6749,45.9291],[3.6745,45.9276],[3.6660,45.9244],[3.6597,45.9248],[3.6584,45.9260]]}},{"type":"Feature","properties":{"name":"La Credogne"},"geometry":{"type":"LineString","coordinates":[[3.6583,45.9260],[3.6583,45.9261]]}},{"type":"Feature","properties":{"name":"La Credogne"},"geometry":{"type":"LineString","coordinates":[[3.6583,45.9261],[3.6577,45.9271],[3.6557,45.9262]]}},{"type":"Feature","properties":{"name":"La Credogne"},"geometry":{"type":"LineString","coordinates":[[3.6557,45.9262],[3.6555,45.9261]]}},{"type":"Feature","properties":{"name":"La Credogne"},"geometry":{"type":"LineString","coordinates":[[3.6555,45.9261],[3.6523,45.9250],[3.6521,45.9238],[3.6501,45.9231],[3.6487,45.9208],[3.6437,45.9204],[3.6417,45.9221],[3.6363,45.9215],[3.6347,45.9204],[3.6350,45.9176],[3.6325,45.9163],[3.6303,45.9170],[3.6274,45.9158],[3.6226,45.9176],[3.6222,45.9193],[3.6184,45.9226],[3.6189,45.9241]]}},{"type":"Feature","properties":{"name":"La Credogne"},"geometry":{"type":"LineString","coordinates":[[3.6584,45.9260],[3.6583,45.9260]]}},{"type":"Feature","properties":{"name":"La Couze Pavin"},"geometry":{"type":"LineString","coordinates":[[2.8844,45.5037],[2.8880,45.5044],[2.8916,45.5037],[2.8952,45.5047],[2.8983,45.5061],[2.8979,45.5071],[2.9006,45.5093],[2.9144,45.5115],[2.9236,45.5153],[2.9324,45.5143],[2.9413,45.5163],[2.9442,45.5188],[2.9438,45.5200],[2.9449,45.5209],[2.9610,45.5225],[2.9698,45.5219],[2.9713,45.5240],[2.9758,45.5258],[2.9756,45.5277],[2.9771,45.5295],[2.9760,45.5323],[2.9770,45.5352],[2.9800,45.5378],[2.9816,45.5407],[2.9893,45.5460],[2.9924,45.5465],[2.9989,45.5449],[3.0062,45.5372],[3.0058,45.5356],[3.0067,45.5341],[3.0098,45.5335],[3.0131,45.5313],[3.0190,45.5317],[3.0251,45.5305],[3.0282,45.5307],[3.0299,45.5321],[3.0346,45.5313]]}},{"type":"Feature","properties":{"name":"La Couze Pavin"},"geometry":{"type":"LineString","coordinates":[[3.0426,45.5305],[3.0433,45.5332],[3.0421,45.5342],[3.0418,45.5367],[3.0442,45.5396],[3.0485,45.5400],[3.0511,45.5418],[3.0555,45.5408],[3.0589,45.5449],[3.0630,45.5449],[3.0678,45.5461],[3.0708,45.5456],[3.0774,45.5471],[3.0785,45.5468],[3.0791,45.5452],[3.0836,45.5459],[3.0873,45.5471],[3.0874,45.5492],[3.0923,45.5516],[3.0960,45.5509],[3.0970,45.5494],[3.0991,45.5503],[3.1091,45.5511],[3.1111,45.5508],[3.1130,45.5492],[3.1153,45.5491],[3.1238,45.5519],[3.1246,45.5507],[3.1328,45.5508],[3.1388,45.5536],[3.1445,45.5529],[3.1481,45.5507],[3.1597,45.5499],[3.1646,45.5483],[3.1666,45.5491],[3.1677,45.5482],[3.1792,45.5471],[3.1841,45.5488],[3.1864,45.5464],[3.1931,45.5475],[3.1949,45.5454],[3.1990,45.5433],[3.2028,45.5427],[3.2047,45.5434],[3.2079,45.5421],[3.2095,45.5429],[3.2120,45.5416],[3.2127,45.5400],[3.2151,45.5410],[3.2178,45.5397],[3.2200,45.5411],[3.2216,45.5400],[3.2270,45.5391],[3.2316,45.5411],[3.2360,45.5390],[3.2417,45.5392],[3.2516,45.5418],[3.2528,45.5432],[3.2595,45.5428],[3.2604,45.5441],[3.2678,45.5453],[3.2711,45.5438],[3.2775,45.5459]]}},{"type":"Feature","properties":{"name":"La Couze Pavin"},"geometry":{"type":"LineString","coordinates":[[3.0346,45.5313],[3.0370,45.5301],[3.0426,45.5305]]}},{"type":"Feature","properties":{"name":"L\u0027Arçon"},"geometry":{"type":"LineString","coordinates":[[3.9331,46.2176],[3.9359,46.2195],[3.9367,46.2213],[3.9379,46.2211],[3.9376,46.2219],[3.9429,46.2229],[3.9449,46.2253],[3.9483,46.2261],[3.9506,46.2294],[3.9518,46.2298],[3.9517,46.2343],[3.9526,46.2343],[3.9509,46.2368],[3.9521,46.2376],[3.9514,46.2389],[3.9525,46.2401],[3.9521,46.2414],[3.9533,46.2420],[3.9525,46.2450],[3.9534,46.2454],[3.9533,46.2470],[3.9553,46.2482],[3.9552,46.2499],[3.9582,46.2507],[3.9594,46.2523],[3.9614,46.2519],[3.9620,46.2532],[3.9654,46.2528],[3.9663,46.2538],[3.9697,46.2525],[3.9773,46.2524],[3.9784,46.2539],[3.9804,46.2541],[3.9811,46.2551],[3.9844,46.2535],[3.9878,46.2533],[3.9903,46.2516]]}},{"type":"Feature","properties":{"name":"L\u0027Arçon"},"geometry":{"type":"LineString","coordinates":[[3.9903,46.2516],[3.9937,46.2497],[3.9941,46.2504],[3.9961,46.2501],[3.9965,46.2491],[3.9982,46.2494],[3.9984,46.2504],[4.0020,46.2486],[4.0036,46.2495],[4.0079,46.2487],[4.0100,46.2469],[4.0113,46.2474],[4.0104,46.2484],[4.0110,46.2491],[4.0152,46.2497],[4.0157,46.2508],[4.0210,46.2501]]}},{"type":"Feature","properties":{"name":"L\u0027Arçon"},"geometry":{"type":"LineString","coordinates":[[3.9903,46.2516],[3.9903,46.2516]]}},{"type":"Feature","properties":{"name":"L\u0027Arçon"},"geometry":{"type":"LineString","coordinates":[[3.9324,46.2075],[3.9320,46.2087],[3.9310,46.2087],[3.9315,46.2097],[3.9294,46.2149],[3.9331,46.2176]]}},{"type":"Feature","properties":{"name":"L\u0027Astrou"},"geometry":{"type":"LineString","coordinates":[[3.4437,45.5525],[3.4420,45.5536],[3.4399,45.5523],[3.4383,45.5525],[3.4372,45.5542],[3.4354,45.5534],[3.4242,45.5532],[3.4187,45.5564],[3.4094,45.5562],[3.4080,45.5530],[3.4050,45.5518],[3.4025,45.5528],[3.4012,45.5521],[3.3954,45.5530],[3.3935,45.5553]]}},{"type":"Feature","properties":{"name":"La Veyre"},"geometry":{"type":"LineString","coordinates":[[3.1936,45.6853],[3.1934,45.6864]]}},{"type":"Feature","properties":{"name":"La Veyre"},"geometry":{"type":"LineString","coordinates":[[3.1166,45.6708],[3.1200,45.6703]]}},{"type":"Feature","properties":{"name":"La Veyre"},"geometry":{"type":"LineString","coordinates":[[3.1460,45.6642],[3.1499,45.6656],[3.1547,45.6648],[3.1594,45.6661],[3.1614,45.6680],[3.1640,45.6671],[3.1662,45.6698],[3.1698,45.6696],[3.1705,45.6711],[3.1767,45.6747],[3.1786,45.6781],[3.1809,45.6784],[3.1826,45.6815],[3.1869,45.6813],[3.1869,45.6824],[3.1884,45.6835],[3.1901,45.6823],[3.1935,45.6851],[3.1934,45.6864],[3.1974,45.6870],[3.1987,45.6887],[3.2024,45.6878]]}},{"type":"Feature","properties":{"name":"La Veyre"},"geometry":{"type":"LineString","coordinates":[[3.1221,45.6699],[3.1250,45.6680],[3.1273,45.6679],[3.1306,45.6662]]}},{"type":"Feature","properties":{"name":"La Veyre"},"geometry":{"type":"LineString","coordinates":[[3.1908,45.6831],[3.1921,45.6837]]}},{"type":"Feature","properties":{"name":"La Veyre"},"geometry":{"type":"LineString","coordinates":[[3.1910,45.6834],[3.1912,45.6832]]}},{"type":"Feature","properties":{"name":"La Veyre"},"geometry":{"type":"LineString","coordinates":[[3.1307,45.6661],[3.1338,45.6663],[3.1349,45.6647],[3.1401,45.6642]]}},{"type":"Feature","properties":{"name":"La Veyre"},"geometry":{"type":"LineString","coordinates":[[3.1306,45.6662],[3.1307,45.6661]]}},{"type":"Feature","properties":{"name":"La Veyre"},"geometry":{"type":"LineString","coordinates":[[3.1402,45.6642],[3.1447,45.6651],[3.1460,45.6642]]}},{"type":"Feature","properties":{"name":"La Veyre"},"geometry":{"type":"LineString","coordinates":[[3.1401,45.6642],[3.1402,45.6642]]}},{"type":"Feature","properties":{"name":"La Veyre"},"geometry":{"type":"LineString","coordinates":[[3.1213,45.6701],[3.1221,45.6699]]}},{"type":"Feature","properties":{"name":"La Veyre"},"geometry":{"type":"LineString","coordinates":[[3.1200,45.6703],[3.1213,45.6701]]}},{"type":"Feature","properties":{"name":"L\u0027Andelot"},"geometry":{"type":"LineString","coordinates":[[3.2981,46.1991],[3.2990,46.1990],[3.3006,46.2015],[3.3049,46.2019],[3.3097,46.2060],[3.3180,46.2067],[3.3193,46.2094],[3.3288,46.2164],[3.3329,46.2230],[3.3384,46.2249],[3.3426,46.2284],[3.3433,46.2368],[3.3418,46.2392],[3.3357,46.2417],[3.3349,46.2467],[3.3336,46.2480],[3.3332,46.2506]]}},{"type":"Feature","properties":{"name":"L\u0027Andelot"},"geometry":{"type":"LineString","coordinates":[[3.3332,46.2506],[3.3343,46.2521],[3.3332,46.2536],[3.3336,46.2545],[3.3295,46.2570]]}},{"type":"Feature","properties":{"name":"L\u0027Andelot"},"geometry":{"type":"LineString","coordinates":[[3.3322,46.2642],[3.3352,46.2668],[3.3341,46.2690],[3.3371,46.2688],[3.3381,46.2696],[3.3410,46.2738],[3.3404,46.2745],[3.3413,46.2763],[3.3437,46.2765],[3.3451,46.2773],[3.3451,46.2785],[3.3461,46.2782],[3.3485,46.2796],[3.3498,46.2817],[3.3489,46.2830],[3.3510,46.2836],[3.3514,46.2855],[3.3544,46.2855],[3.3549,46.2875],[3.3587,46.2891],[3.3595,46.2915],[3.3641,46.2936],[3.3641,46.2954],[3.3667,46.2972],[3.3688,46.3003],[3.3676,46.3063],[3.3682,46.3081],[3.3669,46.3092],[3.3706,46.3141],[3.3697,46.3150]]}},{"type":"Feature","properties":{"name":"L\u0027Andelot"},"geometry":{"type":"LineString","coordinates":[[3.3321,46.2639],[3.3322,46.2642]]}},{"type":"Feature","properties":{"name":"L\u0027Andelot"},"geometry":{"type":"LineString","coordinates":[[3.3295,46.2570],[3.3273,46.2586],[3.3277,46.2595],[3.3262,46.2598],[3.3321,46.2639]]}},{"type":"Feature","properties":{"name":"La Durolle"},"geometry":{"type":"LineString","coordinates":[[3.5053,45.8448],[3.5018,45.8470],[3.5014,45.8485],[3.4970,45.8520],[3.4933,45.8524]]}},{"type":"Feature","properties":{"name":"La Durolle"},"geometry":{"type":"LineString","coordinates":[[3.5483,45.8506],[3.5457,45.8508],[3.5443,45.8521],[3.5370,45.8505]]}},{"type":"Feature","properties":{"name":"La Durolle"},"geometry":{"type":"LineString","coordinates":[[3.6786,45.8741],[3.6741,45.8714],[3.6710,45.8707],[3.6668,45.8711],[3.6628,45.8701],[3.6616,45.8711],[3.6578,45.8708],[3.6541,45.8695],[3.6546,45.8678],[3.6446,45.8652],[3.6424,45.8669],[3.6396,45.8658],[3.6383,45.8675],[3.6323,45.8671],[3.6267,45.8713],[3.6120,45.8705],[3.6035,45.8675],[3.6008,45.8690],[3.5962,45.8685],[3.5955,45.8675]]}},{"type":"Feature","properties":{"name":"La Durolle"},"geometry":{"type":"LineString","coordinates":[[3.5459,45.8508],[3.5453,45.8514]]}},{"type":"Feature","properties":{"name":"La Durolle"},"geometry":{"type":"LineString","coordinates":[[3.5450,45.8512],[3.5451,45.8516]]}},{"type":"Feature","properties":{"name":"La Durolle"},"geometry":{"type":"LineString","coordinates":[[3.5055,45.8448],[3.5053,45.8448]]}},{"type":"Feature","properties":{"name":"La Durolle"},"geometry":{"type":"LineString","coordinates":[[3.5262,45.8499],[3.5257,45.8486],[3.5219,45.8504],[3.5184,45.8495],[3.5147,45.8454],[3.5123,45.8453],[3.5112,45.8463],[3.5055,45.8448]]}},{"type":"Feature","properties":{"name":"La Durolle"},"geometry":{"type":"LineString","coordinates":[[3.5955,45.8675],[3.5952,45.8675]]}},{"type":"Feature","properties":{"name":"La Durolle"},"geometry":{"type":"LineString","coordinates":[[3.5952,45.8675],[3.5935,45.8678],[3.5896,45.8664],[3.5891,45.8650],[3.5866,45.8655],[3.5866,45.8644]]}},{"type":"Feature","properties":{"name":"La Durolle"},"geometry":{"type":"LineString","coordinates":[[3.5866,45.8644],[3.5866,45.8643]]}},{"type":"Feature","properties":{"name":"La Durolle"},"geometry":{"type":"LineString","coordinates":[[3.5866,45.8643],[3.5817,45.8639],[3.5803,45.8617],[3.5791,45.8632],[3.5750,45.8632],[3.5736,45.8623],[3.5694,45.8634],[3.5669,45.8626],[3.5663,45.8641],[3.5654,45.8630],[3.5627,45.8632],[3.5603,45.8613],[3.5560,45.8616],[3.5556,45.8605],[3.5570,45.8579],[3.5535,45.8567],[3.5517,45.8579],[3.5514,45.8549],[3.5502,45.8541],[3.5505,45.8515]]}},{"type":"Feature","properties":{"name":"La Durolle"},"geometry":{"type":"LineString","coordinates":[[3.6793,45.8750],[3.6786,45.8741]]}},{"type":"Feature","properties":{"name":"La Durolle"},"geometry":{"type":"LineString","coordinates":[[3.6891,45.8773],[3.6818,45.8775],[3.6793,45.8750]]}},{"type":"Feature","properties":{"name":"La Durolle"},"geometry":{"type":"LineString","coordinates":[[3.5263,45.8501],[3.5262,45.8499]]}},{"type":"Feature","properties":{"name":"La Durolle"},"geometry":{"type":"LineString","coordinates":[[3.5370,45.8505],[3.5309,45.8520],[3.5263,45.8501]]}},{"type":"Feature","properties":{"name":"La Durolle"},"geometry":{"type":"LineString","coordinates":[[3.5483,45.8505],[3.5483,45.8506]]}},{"type":"Feature","properties":{"name":"La Durolle"},"geometry":{"type":"LineString","coordinates":[[3.5505,45.8515],[3.5515,45.8511],[3.5506,45.8504],[3.5483,45.8505]]}},{"type":"Feature","properties":{"name":"La Couze d\u0027Ardes"},"geometry":{"type":"LineString","coordinates":[[3.1221,45.4051],[3.1229,45.4063],[3.1263,45.4068],[3.1288,45.4088],[3.1301,45.4107],[3.1300,45.4151],[3.1320,45.4161],[3.1349,45.4148],[3.1372,45.4158],[3.1510,45.4131],[3.1534,45.4140],[3.1584,45.4126],[3.1639,45.4144],[3.1655,45.4165],[3.1765,45.4193],[3.1771,45.4214],[3.1850,45.4257],[3.1869,45.4283],[3.1954,45.4334],[3.1965,45.4356],[3.1999,45.4367],[3.2034,45.4398],[3.2080,45.4416],[3.2133,45.4468],[3.2166,45.4484],[3.2164,45.4499],[3.2186,45.4507],[3.2184,45.4522],[3.2210,45.4538],[3.2206,45.4554],[3.2232,45.4557],[3.2253,45.4568],[3.2257,45.4580],[3.2280,45.4580],[3.2274,45.4586],[3.2282,45.4599],[3.2462,45.4641],[3.2507,45.4627],[3.2558,45.4643],[3.2591,45.4636],[3.2596,45.4645],[3.2618,45.4644],[3.2624,45.4655],[3.2708,45.4653],[3.2701,45.4669]]}},{"type":"Feature","properties":{"name":"La Couze d\u0027Ardes"},"geometry":{"type":"LineString","coordinates":[[3.0814,45.4165],[3.0832,45.4173],[3.0855,45.4160],[3.0869,45.4170],[3.0935,45.4162],[3.0944,45.4146],[3.0975,45.4147],[3.0999,45.4136],[3.1049,45.4144],[3.1062,45.4129],[3.1110,45.4117],[3.1155,45.4073],[3.1221,45.4051]]}},{"type":"Feature","properties":{"name":"Le Miodet"},"geometry":{"type":"LineString","coordinates":[[3.5189,45.6970],[3.5229,45.6977],[3.5246,45.7000],[3.5236,45.7015],[3.5259,45.7017],[3.5240,45.7040],[3.5253,45.7059],[3.5250,45.7076]]}},{"type":"Feature","properties":{"name":"Le Miodet"},"geometry":{"type":"LineString","coordinates":[[3.4617,45.6723],[3.4665,45.6723],[3.4696,45.6744],[3.4703,45.6731],[3.4759,45.6734],[3.4778,45.6751],[3.4822,45.6730],[3.4853,45.6767],[3.4844,45.6775],[3.4848,45.6784],[3.4877,45.6796],[3.4872,45.6848],[3.4890,45.6849],[3.4901,45.6861],[3.4908,45.6855],[3.4937,45.6861],[3.4951,45.6882],[3.4971,45.6871],[3.4991,45.6900],[3.5003,45.6908],[3.5018,45.6904],[3.5024,45.6921],[3.5047,45.6932],[3.5052,45.6952]]}},{"type":"Feature","properties":{"name":"Le Miodet"},"geometry":{"type":"LineString","coordinates":[[3.5052,45.6952],[3.5058,45.6959],[3.5092,45.6956]]}},{"type":"Feature","properties":{"name":"Le Miodet"},"geometry":{"type":"LineString","coordinates":[[3.5092,45.6956],[3.5119,45.6967],[3.5176,45.6962],[3.5189,45.6970]]}},{"type":"Feature","properties":{"name":"Le Miodet"},"geometry":{"type":"LineString","coordinates":[[3.5275,45.7141],[3.5282,45.7151]]}},{"type":"Feature","properties":{"name":"La Dore"},"geometry":{"type":"LineString","coordinates":[[3.7324,45.5351],[3.7302,45.5389],[3.7311,45.5407],[3.7331,45.5417],[3.7301,45.5437],[3.7304,45.5448],[3.7329,45.5460],[3.7308,45.5472],[3.7308,45.5516],[3.7325,45.5548],[3.7354,45.5541],[3.7396,45.5571],[3.7379,45.5588],[3.7381,45.5597],[3.7415,45.5596],[3.7423,45.5619],[3.7384,45.5647],[3.7402,45.5662],[3.7395,45.5680],[3.7369,45.5678],[3.7366,45.5689],[3.7318,45.5720],[3.7335,45.5748],[3.7361,45.5754],[3.7342,45.5766],[3.7341,45.5795],[3.7294,45.5785],[3.7278,45.5795],[3.7274,45.5817],[3.7257,45.5819],[3.7244,45.5834],[3.7242,45.5860],[3.7261,45.5884]]}},{"type":"Feature","properties":{"name":"La Dore"},"geometry":{"type":"LineString","coordinates":[[3.6758,45.3966],[3.6761,45.3947],[3.6775,45.3940],[3.6764,45.3937],[3.6764,45.3926],[3.6798,45.3918],[3.6773,45.3907],[3.6805,45.3900],[3.6804,45.3889],[3.6828,45.3897],[3.6837,45.3879],[3.6818,45.3873],[3.6868,45.3836]]}},{"type":"Feature","properties":{"name":"La Dore"},"geometry":{"type":"LineString","coordinates":[[3.5282,45.7151],[3.5278,45.7163]]}},{"type":"Feature","properties":{"name":"La Dore"},"geometry":{"type":"LineString","coordinates":[[3.7498,45.4230],[3.7493,45.4243],[3.7524,45.4255],[3.7508,45.4296],[3.7512,45.4313],[3.7491,45.4323],[3.7471,45.4313],[3.7462,45.4330],[3.7432,45.4328],[3.7460,45.4412],[3.7436,45.4435]]}},{"type":"Feature","properties":{"name":"La Dore"},"geometry":{"type":"LineString","coordinates":[[3.4487,45.9102],[3.4484,45.9113],[3.4521,45.9133]]}},{"type":"Feature","properties":{"name":"La Dore"},"geometry":{"type":"LineString","coordinates":[[3.4459,45.9302],[3.4458,45.9310]]}},{"type":"Feature","properties":{"name":"La Dore"},"geometry":{"type":"LineString","coordinates":[[3.4895,45.8579],[3.4862,45.8609],[3.4791,45.8636],[3.4794,45.8669],[3.4783,45.8673],[3.4760,45.8715],[3.4759,45.8729],[3.4776,45.8746],[3.4831,45.8755],[3.4817,45.8792],[3.4786,45.8809],[3.4772,45.8843],[3.4793,45.8861],[3.4818,45.8848],[3.4832,45.8856],[3.4829,45.8866],[3.4744,45.8930],[3.4687,45.8931],[3.4646,45.8956],[3.4630,45.8979],[3.4649,45.9019],[3.4613,45.9025],[3.4603,45.9039],[3.4606,45.9052],[3.4592,45.9064],[3.4561,45.9066],[3.4549,45.9107],[3.4504,45.9095],[3.4487,45.9102]]}},{"type":"Feature","properties":{"name":"La Dore"},"geometry":{"type":"LineString","coordinates":[[3.5278,45.7163],[3.5337,45.7188],[3.5345,45.7205],[3.5334,45.7218],[3.5275,45.7231],[3.5273,45.7254],[3.5294,45.7290]]}},{"type":"Feature","properties":{"name":"La Dore"},"geometry":{"type":"LineString","coordinates":[[3.5294,45.7290],[3.5307,45.7346],[3.5375,45.7420],[3.5361,45.7441],[3.5378,45.7468],[3.5362,45.7515],[3.5427,45.7557],[3.5491,45.7567],[3.5494,45.7588],[3.5459,45.7620],[3.5497,45.7640],[3.5502,45.7656],[3.5493,45.7670],[3.5427,45.7686],[3.5405,45.7703],[3.5440,45.7752],[3.5402,45.7790],[3.5433,45.7851],[3.5415,45.7900],[3.5389,45.7911],[3.5344,45.7892],[3.5300,45.7906],[3.5297,45.7921],[3.5309,45.7944],[3.5286,45.7972],[3.5260,45.7986],[3.5269,45.8001],[3.5263,45.8020],[3.5211,45.8058],[3.5174,45.8064],[3.5196,45.8128],[3.5189,45.8178],[3.5180,45.8189],[3.5137,45.8203],[3.5131,45.8227],[3.5103,45.8244],[3.5111,45.8266],[3.5069,45.8294],[3.5088,45.8316],[3.5040,45.8350],[3.5025,45.8384],[3.4982,45.8410],[3.4956,45.8470],[3.4928,45.8502],[3.4930,45.8538],[3.4895,45.8579]]}},{"type":"Feature","properties":{"name":"La Dore"},"geometry":{"type":"LineString","coordinates":[[3.4458,45.9310],[3.4441,45.9325],[3.4467,45.9348],[3.4408,45.9361],[3.4431,45.9375],[3.4452,45.9403],[3.4435,45.9419],[3.4518,45.9448],[3.4490,45.9475],[3.4526,45.9488],[3.4551,45.9509],[3.4552,45.9522],[3.4537,45.9529],[3.4541,45.9549],[3.4618,45.9561],[3.4628,45.9580],[3.4607,45.9590],[3.4686,45.9659],[3.4657,45.9696],[3.4663,45.9724],[3.4696,45.9737],[3.4731,45.9729],[3.4742,45.9739],[3.4744,45.9781],[3.4718,45.9815],[3.4726,45.9840],[3.4692,45.9885],[3.4703,45.9911],[3.4749,45.9951],[3.4735,45.9968],[3.4691,45.9976],[3.4697,45.9992],[3.4773,45.9999],[3.4785,46.0014],[3.4739,46.0060],[3.4738,46.0079],[3.4751,46.0090],[3.4738,46.0096]]}},{"type":"Feature","properties":{"name":"La Dore"},"geometry":{"type":"LineString","coordinates":[[3.4521,45.9133],[3.4524,45.9160],[3.4474,45.9177],[3.4466,45.9188],[3.4477,45.9202],[3.4520,45.9197],[3.4470,45.9220],[3.4441,45.9252],[3.4464,45.9294],[3.4459,45.9302]]}},{"type":"Feature","properties":{"name":"La Dore"},"geometry":{"type":"LineString","coordinates":[[3.7199,45.6112],[3.7181,45.6125],[3.7186,45.6138],[3.7209,45.6150],[3.7241,45.6143],[3.7264,45.6173],[3.7203,45.6225],[3.7150,45.6240],[3.7141,45.6249],[3.7143,45.6275],[3.7097,45.6303],[3.7099,45.6315],[3.7137,45.6347],[3.7139,45.6362]]}},{"type":"Feature","properties":{"name":"La Dore"},"geometry":{"type":"LineString","coordinates":[[3.6923,45.6475],[3.6821,45.6448],[3.6752,45.6491],[3.6692,45.6447]]}},{"type":"Feature","properties":{"name":"La Dore"},"geometry":{"type":"LineString","coordinates":[[3.5499,45.7031],[3.5484,45.7026],[3.5461,45.7046],[3.5370,45.7074],[3.5369,45.7091],[3.5342,45.7125],[3.5314,45.7130],[3.5282,45.7151]]}},{"type":"Feature","properties":{"name":"La Dore"},"geometry":{"type":"LineString","coordinates":[[3.5366,45.7496],[3.5403,45.7535]]}},{"type":"Feature","properties":{"name":"La Dore"},"geometry":{"type":"LineString","coordinates":[[3.7468,45.3856],[3.7485,45.3880],[3.7485,45.3903],[3.7424,45.3952],[3.7433,45.3969],[3.7428,45.3980],[3.7456,45.4000],[3.7438,45.4012],[3.7441,45.4032],[3.7427,45.4036],[3.7430,45.4049],[3.7451,45.4057],[3.7440,45.4073],[3.7458,45.4097],[3.7451,45.4112],[3.7471,45.4115],[3.7472,45.4133],[3.7484,45.4132]]}},{"type":"Feature","properties":{"name":"La Dore"},"geometry":{"type":"LineString","coordinates":[[3.6868,45.3836],[3.6886,45.3826],[3.6927,45.3829],[3.6929,45.3812],[3.7050,45.3751],[3.7094,45.3762],[3.7260,45.3695],[3.7277,45.3702],[3.7271,45.3711],[3.7301,45.3741],[3.7324,45.3740],[3.7410,45.3797],[3.7432,45.3800],[3.7457,45.3826],[3.7453,45.3836],[3.7473,45.3842],[3.7468,45.3856]]}},{"type":"Feature","properties":{"name":"La Dore"},"geometry":{"type":"LineString","coordinates":[[3.6500,45.3907],[3.6499,45.3924],[3.6514,45.3939],[3.6510,45.3955],[3.6521,45.3965],[3.6557,45.3970],[3.6587,45.3954],[3.6599,45.3967],[3.6659,45.3962],[3.6662,45.3975],[3.6682,45.3953],[3.6715,45.3959],[3.6722,45.3971],[3.6758,45.3966]]}},{"type":"Feature","properties":{"name":"La Dore"},"geometry":{"type":"LineString","coordinates":[[3.6416,45.3925],[3.6411,45.3916],[3.6422,45.3913],[3.6396,45.3906],[3.6402,45.3899],[3.6452,45.3891],[3.6500,45.3907]]}},{"type":"Feature","properties":{"name":"La Dore"},"geometry":{"type":"LineString","coordinates":[[3.6190,45.4126],[3.6189,45.4115],[3.6204,45.4110],[3.6207,45.4092],[3.6265,45.4075],[3.6283,45.4063],[3.6289,45.4044],[3.6323,45.4031],[3.6326,45.4011],[3.6309,45.4007],[3.6316,45.3997],[3.6358,45.3972],[3.6386,45.3969],[3.6377,45.3947],[3.6393,45.3926],[3.6416,45.3925]]}},{"type":"Feature","properties":{"name":"La Dore"},"geometry":{"type":"LineString","coordinates":[[3.5566,45.6968],[3.5555,45.6990]]}},{"type":"Feature","properties":{"name":"La Dore"},"geometry":{"type":"LineString","coordinates":[[3.7415,45.4485],[3.7372,45.4476],[3.7370,45.4497],[3.7340,45.4509],[3.7361,45.4518],[3.7325,45.4515],[3.7311,45.4535],[3.7316,45.4543]]}},{"type":"Feature","properties":{"name":"La Dore"},"geometry":{"type":"LineString","coordinates":[[3.7435,45.4484],[3.7415,45.4485]]}},{"type":"Feature","properties":{"name":"La Dore"},"geometry":{"type":"LineString","coordinates":[[3.7444,45.4445],[3.7465,45.4461],[3.7435,45.4484]]}},{"type":"Feature","properties":{"name":"La Dore"},"geometry":{"type":"LineString","coordinates":[[3.7436,45.4435],[3.7444,45.4445]]}},{"type":"Feature","properties":{"name":"La Dore"},"geometry":{"type":"LineString","coordinates":[[3.7484,45.4132],[3.7494,45.4148],[3.7475,45.4159],[3.7471,45.4173],[3.7482,45.4186],[3.7480,45.4218],[3.7499,45.4222],[3.7498,45.4230]]}},{"type":"Feature","properties":{"name":"La Dore"},"geometry":{"type":"LineString","coordinates":[[3.7316,45.4543],[3.7337,45.4554],[3.7312,45.4574],[3.7328,45.4609],[3.7312,45.4642],[3.7336,45.4679],[3.7297,45.4681],[3.7281,45.4713],[3.7342,45.4740],[3.7312,45.4760],[3.7314,45.4775],[3.7333,45.4790],[3.7306,45.4832],[3.7313,45.4846],[3.7349,45.4867],[3.7348,45.4894],[3.7366,45.4919],[3.7346,45.4949],[3.7390,45.4959],[3.7381,45.4970],[3.7364,45.4968],[3.7353,45.4977],[3.7375,45.5005],[3.7360,45.5011],[3.7359,45.5022],[3.7381,45.5051],[3.7363,45.5054],[3.7377,45.5060],[3.7374,45.5073],[3.7358,45.5080],[3.7346,45.5063],[3.7316,45.5078],[3.7313,45.5085],[3.7330,45.5091],[3.7324,45.5113]]}},{"type":"Feature","properties":{"name":"La Dore"},"geometry":{"type":"LineString","coordinates":[[3.7356,45.5186],[3.7342,45.5190]]}},{"type":"Feature","properties":{"name":"La Dore"},"geometry":{"type":"LineString","coordinates":[[3.7344,45.5119],[3.7340,45.5142],[3.7359,45.5150],[3.7358,45.5164],[3.7371,45.5166],[3.7388,45.5185],[3.7356,45.5186]]}},{"type":"Feature","properties":{"name":"La Dore"},"geometry":{"type":"LineString","coordinates":[[3.7324,45.5113],[3.7344,45.5119]]}},{"type":"Feature","properties":{"name":"La Dore"},"geometry":{"type":"LineString","coordinates":[[3.7342,45.5190],[3.7333,45.5202],[3.7342,45.5236],[3.7317,45.5245],[3.7325,45.5264],[3.7297,45.5270],[3.7311,45.5286],[3.7310,45.5298],[3.7329,45.5302],[3.7305,45.5315],[3.7326,45.5339],[3.7324,45.5351]]}},{"type":"Feature","properties":{"name":"La Dore"},"geometry":{"type":"LineString","coordinates":[[3.7261,45.5884],[3.7268,45.5901]]}},{"type":"Feature","properties":{"name":"La Dore"},"geometry":{"type":"LineString","coordinates":[[3.5957,45.6912],[3.5898,45.6928],[3.5888,45.6940],[3.5898,45.6955],[3.5899,45.6985],[3.5920,45.6988],[3.5929,45.6998],[3.5907,45.7019],[3.5908,45.7049],[3.5901,45.7055],[3.5869,45.7048],[3.5879,45.7016],[3.5822,45.7020],[3.5788,45.6996],[3.5713,45.7008],[3.5626,45.7006],[3.5572,45.6967],[3.5547,45.6982],[3.5559,45.6994],[3.5556,45.7008],[3.5520,45.7031],[3.5499,45.7031]]}},{"type":"Feature","properties":{"name":"La Dore"},"geometry":{"type":"LineString","coordinates":[[3.6301,45.6778],[3.6274,45.6784],[3.6197,45.6776],[3.6180,45.6793],[3.6183,45.6827],[3.6147,45.6816],[3.6104,45.6829],[3.6094,45.6846],[3.6115,45.6865],[3.6116,45.6880],[3.6084,45.6916],[3.6001,45.6915],[3.5977,45.6940],[3.5957,45.6912]]}},{"type":"Feature","properties":{"name":"La Dore"},"geometry":{"type":"LineString","coordinates":[[3.6302,45.6764],[3.6301,45.6778]]}},{"type":"Feature","properties":{"name":"La Dore"},"geometry":{"type":"LineString","coordinates":[[3.6474,45.6714],[3.6434,45.6705],[3.6402,45.6708],[3.6392,45.6726],[3.6354,45.6741],[3.6342,45.6760],[3.6324,45.6744],[3.6303,45.6744],[3.6302,45.6764]]}},{"type":"Feature","properties":{"name":"La Dore"},"geometry":{"type":"LineString","coordinates":[[3.6454,45.6658],[3.6431,45.6686],[3.6466,45.6699],[3.6474,45.6714]]}},{"type":"Feature","properties":{"name":"La Dore"},"geometry":{"type":"LineString","coordinates":[[3.6653,45.6451],[3.6645,45.6471],[3.6663,45.6491],[3.6659,45.6527],[3.6642,45.6545],[3.6582,45.6563],[3.6596,45.6600],[3.6591,45.6612],[3.6542,45.6614],[3.6499,45.6663],[3.6454,45.6658]]}},{"type":"Feature","properties":{"name":"La Dore"},"geometry":{"type":"LineString","coordinates":[[3.6692,45.6447],[3.6653,45.6451]]}},{"type":"Feature","properties":{"name":"La Dore"},"geometry":{"type":"LineString","coordinates":[[3.7139,45.6362],[3.7127,45.6374],[3.7083,45.6365],[3.7052,45.6369],[3.7043,45.6436],[3.7005,45.6443],[3.6997,45.6456]]}},{"type":"Feature","properties":{"name":"La Dore"},"geometry":{"type":"LineString","coordinates":[[3.6936,45.6478],[3.6923,45.6475]]}},{"type":"Feature","properties":{"name":"La Dore"},"geometry":{"type":"LineString","coordinates":[[3.7243,45.5962],[3.7210,45.5962],[3.7189,45.5976],[3.7189,45.5999],[3.7202,45.6021],[3.7189,45.6051],[3.7197,45.6070]]}},{"type":"Feature","properties":{"name":"La Dore"},"geometry":{"type":"LineString","coordinates":[[3.7197,45.6070],[3.7199,45.6112]]}},{"type":"Feature","properties":{"name":"La Dore"},"geometry":{"type":"LineString","coordinates":[[3.7268,45.5901],[3.7294,45.5943],[3.7274,45.5960],[3.7243,45.5962]]}},{"type":"Feature","properties":{"name":"La Dore"},"geometry":{"type":"LineString","coordinates":[[3.6997,45.6456],[3.6936,45.6478]]}},{"type":"Feature","properties":{"name":"Le Venant"},"geometry":{"type":"LineString","coordinates":[[3.0172,46.3027],[3.0123,46.3012],[3.0102,46.2978],[3.0077,46.2972],[3.0071,46.2959],[3.0081,46.2951],[3.0050,46.2907],[3.0047,46.2878],[3.0055,46.2872],[3.0035,46.2853],[3.0044,46.2837],[3.0032,46.2809],[3.0045,46.2787],[3.0037,46.2766],[3.0051,46.2753],[3.0090,46.2748],[3.0102,46.2731],[3.0150,46.2711],[3.0188,46.2741],[3.0214,46.2740],[3.0250,46.2759],[3.0269,46.2753]]}},{"type":"Feature","properties":{"name":"Le Venant"},"geometry":{"type":"LineString","coordinates":[[3.0270,46.2752],[3.0303,46.2733]]}},{"type":"Feature","properties":{"name":"Le Couzon"},"geometry":{"type":"LineString","coordinates":[[3.5855,45.7400],[3.5785,45.7424],[3.5730,45.7414],[3.5646,45.7464],[3.5606,45.7445],[3.5583,45.7467],[3.5561,45.7457],[3.5549,45.7465],[3.5487,45.7455],[3.5495,45.7492],[3.5468,45.7500],[3.5481,45.7543],[3.5460,45.7558]]}},{"type":"Feature","properties":{"name":"L\u0027Ance"},"geometry":{"type":"LineString","coordinates":[[3.9022,45.4871],[3.9005,45.4857],[3.9004,45.4848],[3.9014,45.4843]]}},{"type":"Feature","properties":{"name":"L\u0027Ance"},"geometry":{"type":"LineString","coordinates":[[3.9058,45.3333],[3.9045,45.3318],[3.9062,45.3285],[3.9116,45.3295],[3.9141,45.3275],[3.9135,45.3232],[3.9149,45.3220],[3.9116,45.3186],[3.9122,45.3164]]}},{"type":"Feature","properties":{"name":"L\u0027Ance"},"geometry":{"type":"LineString","coordinates":[[3.9122,45.3164],[3.9110,45.3121],[3.9122,45.3088],[3.9106,45.3064],[3.9200,45.3054],[3.9215,45.3071],[3.9179,45.3095],[3.9239,45.3134],[3.9258,45.3140],[3.9315,45.3121],[3.9350,45.3144],[3.9366,45.3144],[3.9387,45.3129],[3.9366,45.3116],[3.9396,45.3091],[3.9381,45.3067],[3.9387,45.3058],[3.9432,45.3068],[3.9478,45.3056],[3.9529,45.3062],[3.9573,45.3026],[3.9568,45.3018],[3.9535,45.3017],[3.9577,45.2994]]}},{"type":"Feature","properties":{"name":"L\u0027Ance"},"geometry":{"type":"LineString","coordinates":[[4.0048,45.2618],[4.0067,45.2577],[4.0134,45.2602],[4.0221,45.2572],[4.0232,45.2577],[4.0226,45.2625],[4.0282,45.2636],[4.0312,45.2622],[4.0350,45.2649],[4.0408,45.2624],[4.0416,45.2637],[4.0405,45.2664],[4.0450,45.2677],[4.0451,45.2692],[4.0464,45.2697]]}},{"type":"Feature","properties":{"name":"L\u0027Ance"},"geometry":{"type":"LineString","coordinates":[[3.9221,45.3116],[3.9283,45.3121]]}},{"type":"Feature","properties":{"name":"L\u0027Ance"},"geometry":{"type":"LineString","coordinates":[[3.9283,45.3121],[3.9294,45.3123]]}},{"type":"Feature","properties":{"name":"L\u0027Ance"},"geometry":{"type":"LineString","coordinates":[[3.9294,45.3123],[3.9306,45.3122]]}},{"type":"Feature","properties":{"name":"L\u0027Ance"},"geometry":{"type":"LineString","coordinates":[[3.9014,45.4843],[3.9034,45.4820],[3.9025,45.4814],[3.9030,45.4805],[3.9013,45.4798],[3.9014,45.4784],[3.9025,45.4777],[3.9012,45.4770],[3.9026,45.4762],[3.9026,45.4726],[3.9012,45.4706],[3.9002,45.4709],[3.8965,45.4683],[3.8979,45.4684],[3.8990,45.4624],[3.8987,45.4601],[3.8974,45.4592],[3.8988,45.4584],[3.8980,45.4566],[3.9008,45.4553],[3.9015,45.4539],[3.9049,45.4534],[3.9067,45.4513],[3.9091,45.4508],[3.9084,45.4498],[3.9091,45.4488],[3.9128,45.4468],[3.9136,45.4452],[3.9114,45.4447],[3.9123,45.4428],[3.9136,45.4427],[3.9126,45.4394],[3.9136,45.4386],[3.9136,45.4369],[3.9197,45.4324],[3.9183,45.4313],[3.9131,45.4311],[3.9155,45.4237],[3.9136,45.4212],[3.9121,45.4207],[3.9109,45.4178],[3.9083,45.4178],[3.9099,45.4120],[3.9034,45.4125],[3.9032,45.4101],[3.8986,45.4104],[3.8985,45.4074],[3.8999,45.4070],[3.8993,45.4056],[3.8925,45.4002],[3.8934,45.3959],[3.8909,45.3962],[3.8891,45.3942],[3.8894,45.3915],[3.8922,45.3891],[3.8916,45.3852],[3.8944,45.3844],[3.8958,45.3823],[3.8951,45.3814],[3.8920,45.3815],[3.8907,45.3807],[3.8916,45.3779],[3.8937,45.3773],[3.8926,45.3747],[3.8929,45.3729],[3.8908,45.3707],[3.8938,45.3677],[3.8929,45.3671],[3.8950,45.3665],[3.8945,45.3658],[3.8963,45.3645],[3.8965,45.3621],[3.8944,45.3599],[3.8985,45.3557],[3.8982,45.3511],[3.9011,45.3484],[3.9024,45.3450],[3.9000,45.3430],[3.9026,45.3421],[3.9023,45.3391],[3.9047,45.3380],[3.9045,45.3339],[3.9058,45.3333]]}},{"type":"Feature","properties":{"name":"L\u0027Ance"},"geometry":{"type":"LineString","coordinates":[[3.9178,45.5132],[3.9185,45.5085],[3.9167,45.5048]]}},{"type":"Feature","properties":{"name":"L\u0027Ance"},"geometry":{"type":"LineString","coordinates":[[3.9022,45.4871],[3.9033,45.4866],[3.9018,45.4860],[3.9025,45.4850],[3.9014,45.4843]]}},{"type":"Feature","properties":{"name":"L\u0027Ance"},"geometry":{"type":"LineString","coordinates":[[3.9167,45.5167],[3.9178,45.5132]]}},{"type":"Feature","properties":{"name":"L\u0027Ance"},"geometry":{"type":"LineString","coordinates":[[3.9167,45.5048],[3.9160,45.5002],[3.9143,45.4994],[3.9145,45.4981],[3.9134,45.4974],[3.9138,45.4963],[3.9128,45.4963],[3.9135,45.4949],[3.9111,45.4929],[3.9099,45.4931],[3.9091,45.4903],[3.9060,45.4896],[3.9022,45.4871]]}},{"type":"Feature","properties":{"name":"L\u0027Ance"},"geometry":{"type":"LineString","coordinates":[[3.9167,45.5048],[3.9167,45.5048]]}},{"type":"Feature","properties":{"name":"L\u0027Ance"},"geometry":{"type":"LineString","coordinates":[[3.9577,45.2994],[3.9616,45.2972],[3.9615,45.2951],[3.9645,45.2951],[3.9654,45.2932],[3.9681,45.2933],[3.9701,45.2944],[3.9715,45.2939],[3.9706,45.2913],[3.9736,45.2903],[3.9738,45.2870],[3.9748,45.2863],[3.9780,45.2864],[3.9790,45.2851],[3.9814,45.2857],[3.9820,45.2849],[3.9845,45.2848],[3.9842,45.2813],[3.9819,45.2791],[3.9842,45.2779],[3.9839,45.2759],[3.9856,45.2751],[3.9872,45.2760],[3.9883,45.2738],[3.9907,45.2734],[3.9948,45.2685],[4.0000,45.2662],[4.0010,45.2633],[4.0040,45.2624]]}},{"type":"Feature","properties":{"name":"L\u0027Ance"},"geometry":{"type":"LineString","coordinates":[[4.0044,45.2621],[4.0048,45.2618]]}},{"type":"Feature","properties":{"name":"L\u0027Ance"},"geometry":{"type":"LineString","coordinates":[[4.0042,45.2623],[4.0044,45.2621]]}},{"type":"Feature","properties":{"name":"L\u0027Ance"},"geometry":{"type":"LineString","coordinates":[[4.0040,45.2624],[4.0042,45.2623]]}},{"type":"Feature","properties":{"name":"L\u0027Ance"},"geometry":{"type":"LineString","coordinates":[[4.0057,45.2593],[4.0061,45.2581]]}},{"type":"Feature","properties":{"name":"La Teyssonne"},"geometry":{"type":"LineString","coordinates":[[3.8429,46.1293],[3.8519,46.1316],[3.8593,46.1315],[3.8683,46.1359],[3.8788,46.1370],[3.8806,46.1380],[3.8860,46.1377],[3.8893,46.1357],[3.8949,46.1358],[3.9008,46.1345]]}},{"type":"Feature","properties":{"name":"La Teyssonne"},"geometry":{"type":"LineString","coordinates":[[3.9008,46.1345],[3.9014,46.1344]]}},{"type":"Feature","properties":{"name":"La Teyssonne"},"geometry":{"type":"LineString","coordinates":[[3.9435,46.1273],[3.9535,46.1226],[3.9580,46.1224],[3.9613,46.1240],[3.9633,46.1235],[3.9675,46.1264],[3.9693,46.1290],[3.9718,46.1288],[3.9720,46.1298],[3.9742,46.1304],[3.9750,46.1311],[3.9748,46.1328],[3.9770,46.1340],[3.9813,46.1338],[3.9876,46.1353],[3.9899,46.1370],[3.9922,46.1363],[3.9989,46.1395],[4.0012,46.1389],[4.0035,46.1416],[4.0055,46.1414],[4.0074,46.1427],[4.0128,46.1427],[4.0150,46.1439],[4.0167,46.1436],[4.0204,46.1459],[4.0230,46.1454],[4.0262,46.1465],[4.0285,46.1453],[4.0402,46.1485],[4.0410,46.1502],[4.0455,46.1536],[4.0522,46.1552],[4.0529,46.1584],[4.0559,46.1577],[4.0560,46.1592],[4.0578,46.1609],[4.0603,46.1614],[4.0649,46.1642],[4.0643,46.1646],[4.0670,46.1665],[4.0664,46.1672],[4.0698,46.1694],[4.0695,46.1704],[4.0710,46.1708],[4.0697,46.1727],[4.0720,46.1732],[4.0728,46.1752],[4.0744,46.1759],[4.0767,46.1751],[4.0778,46.1761],[4.0799,46.1758],[4.0833,46.1773]]}},{"type":"Feature","properties":{"name":"La Teyssonne"},"geometry":{"type":"LineString","coordinates":[[3.9433,46.1273],[3.9435,46.1273]]}},{"type":"Feature","properties":{"name":"La Teyssonne"},"geometry":{"type":"LineString","coordinates":[[3.9256,46.1312],[3.9320,46.1281],[3.9364,46.1293],[3.9433,46.1273]]}},{"type":"Feature","properties":{"name":"La Teyssonne"},"geometry":{"type":"LineString","coordinates":[[3.9255,46.1312],[3.9256,46.1312]]}},{"type":"Feature","properties":{"name":"La Teyssonne"},"geometry":{"type":"LineString","coordinates":[[3.9014,46.1344],[3.9091,46.1326],[3.9098,46.1339],[3.9144,46.1339],[3.9173,46.1323],[3.9223,46.1327],[3.9255,46.1312]]}},{"type":"Feature","properties":{"name":"La Teyssonne"},"geometry":{"type":"LineString","coordinates":[[3.8428,46.1293],[3.8429,46.1293]]}},{"type":"Feature","properties":{"name":"La Teyssonne"},"geometry":{"type":"LineString","coordinates":[[3.8415,46.1029],[3.8398,46.1039],[3.8381,46.1096],[3.8344,46.1144],[3.8348,46.1214],[3.8339,46.1232],[3.8357,46.1257],[3.8428,46.1293]]}},{"type":"Feature","properties":{"name":"La Teyssonne"},"geometry":{"type":"LineString","coordinates":[[3.8416,46.1028],[3.8415,46.1029]]}},{"type":"Feature","properties":{"name":"La Teyssonne"},"geometry":{"type":"LineString","coordinates":[[3.8423,46.0921],[3.8438,46.0940],[3.8404,46.1006],[3.8418,46.1018],[3.8416,46.1028]]}},{"type":"Feature","properties":{"name":"L\u0027Alagnon"},"geometry":{"type":"LineString","coordinates":[[3.0126,45.1380],[3.0118,45.1390],[3.0133,45.1412],[3.0165,45.1423],[3.0161,45.1457],[3.0215,45.1543],[3.0280,45.1599],[3.0294,45.1600],[3.0319,45.1624],[3.0340,45.1630],[3.0340,45.1662],[3.0385,45.1671],[3.0417,45.1709],[3.0423,45.1726],[3.0404,45.1769],[3.0458,45.1781],[3.0472,45.1772],[3.0496,45.1774],[3.0566,45.1822],[3.0605,45.1818],[3.0685,45.1857],[3.0727,45.1861],[3.0774,45.1890],[3.0799,45.1921],[3.0860,45.1929],[3.0867,45.1982],[3.0920,45.2009],[3.0928,45.2038],[3.0966,45.2054],[3.1015,45.2130],[3.1043,45.2158],[3.1077,45.2171],[3.1075,45.2203],[3.1102,45.2238],[3.1244,45.2249],[3.1277,45.2292],[3.1295,45.2291],[3.1380,45.2354],[3.1447,45.2384],[3.1491,45.2387],[3.1548,45.2423],[3.1670,45.2409],[3.1748,45.2438],[3.1795,45.2436],[3.1858,45.2463],[3.1927,45.2470],[3.1928,45.2495],[3.1948,45.2528],[3.1921,45.2564],[3.1967,45.2601],[3.1963,45.2619],[3.1931,45.2657],[3.1926,45.2696],[3.1895,45.2721],[3.1915,45.2749],[3.1891,45.2777],[3.1889,45.2817],[3.1864,45.2850],[3.1864,45.2862],[3.1904,45.2887],[3.1914,45.2906],[3.1877,45.2915],[3.1843,45.2940],[3.1860,45.2970],[3.1853,45.3003],[3.1894,45.3023],[3.1901,45.3044],[3.1885,45.3072],[3.1861,45.3084],[3.1854,45.3131],[3.1910,45.3163],[3.1931,45.3206],[3.1988,45.3223],[3.2004,45.3282],[3.2064,45.3301],[3.2089,45.3321],[3.2087,45.3340],[3.2039,45.3350],[3.2030,45.3374],[3.2052,45.3407],[3.2053,45.3464],[3.2096,45.3474],[3.2096,45.3511],[3.2119,45.3512],[3.2146,45.3480],[3.2219,45.3505],[3.2189,45.3535],[3.2193,45.3570],[3.2180,45.3598],[3.2130,45.3618],[3.2200,45.3653],[3.2253,45.3709],[3.2259,45.3733],[3.2320,45.3748],[3.2332,45.3706],[3.2366,45.3747],[3.2399,45.3718],[3.2480,45.3719],[3.2472,45.3763],[3.2528,45.3776],[3.2536,45.3791],[3.2557,45.3801],[3.2634,45.3816],[3.2661,45.3846],[3.2688,45.3907],[3.2743,45.3937],[3.2754,45.3955],[3.2810,45.3968],[3.2817,45.3989],[3.2803,45.4001],[3.2810,45.4013],[3.2834,45.4006],[3.2856,45.4015],[3.2856,45.4039],[3.2870,45.4051],[3.2854,45.4106],[3.2891,45.4116],[3.2895,45.4129],[3.2887,45.4136],[3.2908,45.4153],[3.2907,45.4176],[3.2928,45.4207],[3.2928,45.4224],[3.2950,45.4232],[3.2924,45.4260],[3.2929,45.4292],[3.2947,45.4304],[3.2944,45.4318],[3.2961,45.4351],[3.2962,45.4383],[3.2943,45.4405],[3.2997,45.4425],[3.3000,45.4447],[3.2975,45.4464],[3.2980,45.4483],[3.3041,45.4524]]}},{"type":"Feature","properties":{"name":"L\u0027Alagnon"},"geometry":{"type":"LineString","coordinates":[[3.2855,45.4108],[3.2862,45.4119],[3.2868,45.4112]]}},{"type":"Feature","properties":{"name":"La Chaméane"},"geometry":{"type":"LineString","coordinates":[[3.3813,45.5501],[3.3757,45.5485],[3.3697,45.5482],[3.3677,45.5460],[3.3640,45.5455],[3.3629,45.5435],[3.3600,45.5434]]}},{"type":"Feature","properties":{"name":"La Chaméane"},"geometry":{"type":"LineString","coordinates":[[3.3920,45.5419],[3.3918,45.5459],[3.3880,45.5493],[3.3836,45.5510],[3.3813,45.5501]]}},{"type":"Feature","properties":{"name":"La Chaméane"},"geometry":{"type":"LineString","coordinates":[[3.4434,45.5306],[3.4405,45.5304],[3.4384,45.5312],[3.4381,45.5323],[3.4355,45.5325],[3.4369,45.5342],[3.4334,45.5345],[3.4316,45.5370],[3.4301,45.5373],[3.4302,45.5382],[3.4269,45.5394],[3.4253,45.5381],[3.4219,45.5388],[3.4195,45.5362],[3.4174,45.5366],[3.4156,45.5353],[3.4074,45.5348],[3.4074,45.5332],[3.4053,45.5326],[3.4026,45.5334],[3.4026,45.5347],[3.3913,45.5377],[3.3909,45.5388],[3.3926,45.5409],[3.3920,45.5419]]}},{"type":"Feature","properties":{"name":"La Chaméane"},"geometry":{"type":"LineString","coordinates":[[3.4436,45.5305],[3.4434,45.5306]]}},{"type":"Feature","properties":{"name":"La Chaméane"},"geometry":{"type":"LineString","coordinates":[[3.4533,45.5259],[3.4518,45.5279],[3.4480,45.5280],[3.4436,45.5305]]}},{"type":"Feature","properties":{"name":"Le Bédat"},"geometry":{"type":"LineString","coordinates":[[3.1575,45.8258],[3.1577,45.8258]]}},{"type":"Feature","properties":{"name":"Le Bédat"},"geometry":{"type":"LineString","coordinates":[[3.1577,45.8258],[3.1582,45.8258]]}},{"type":"Feature","properties":{"name":"Le Bédat"},"geometry":{"type":"LineString","coordinates":[[3.1582,45.8258],[3.1716,45.8263],[3.1780,45.8298],[3.1789,45.8322],[3.1836,45.8356],[3.1918,45.8386],[3.1962,45.8417],[3.1984,45.8434],[3.2000,45.8472],[3.2080,45.8507],[3.2085,45.8542],[3.2107,45.8576],[3.2117,45.8634],[3.2192,45.8700],[3.2199,45.8716],[3.2283,45.8740],[3.2306,45.8772],[3.2373,45.8807],[3.2455,45.8819],[3.2477,45.8840],[3.2568,45.8862],[3.2598,45.8884],[3.2664,45.8883],[3.2683,45.8896],[3.2855,45.8945],[3.2903,45.8990],[3.2979,45.9006],[3.3018,45.9041],[3.3068,45.9050],[3.3090,45.9077]]}},{"type":"Feature","properties":{"name":"Le Bédat"},"geometry":{"type":"LineString","coordinates":[[3.0516,45.8268],[3.0553,45.8240]]}},{"type":"Feature","properties":{"name":"Le Bédat"},"geometry":{"type":"LineString","coordinates":[[3.0962,45.8311],[3.0963,45.8311]]}},{"type":"Feature","properties":{"name":"Le Bédat"},"geometry":{"type":"LineString","coordinates":[[3.0963,45.8311],[3.0986,45.8304]]}},{"type":"Feature","properties":{"name":"Le Bédat"},"geometry":{"type":"LineString","coordinates":[[3.1000,45.8300],[3.1003,45.8300]]}},{"type":"Feature","properties":{"name":"Le Bédat"},"geometry":{"type":"LineString","coordinates":[[3.1003,45.8300],[3.1041,45.8301],[3.1055,45.8284]]}},{"type":"Feature","properties":{"name":"Le Bédat"},"geometry":{"type":"LineString","coordinates":[[3.0986,45.8304],[3.1000,45.8300]]}},{"type":"Feature","properties":{"name":"Le Bédat"},"geometry":{"type":"LineString","coordinates":[[3.1055,45.8284],[3.1055,45.8283]]}},{"type":"Feature","properties":{"name":"Le Bédat"},"geometry":{"type":"LineString","coordinates":[[3.1055,45.8283],[3.1057,45.8278]]}},{"type":"Feature","properties":{"name":"Le Bédat"},"geometry":{"type":"LineString","coordinates":[[3.0651,45.8210],[3.0747,45.8242],[3.0768,45.8235],[3.0846,45.8253],[3.0846,45.8270],[3.0890,45.8303],[3.0962,45.8311]]}},{"type":"Feature","properties":{"name":"Le Bédat"},"geometry":{"type":"LineString","coordinates":[[3.0639,45.8206],[3.0645,45.8207]]}},{"type":"Feature","properties":{"name":"Le Bédat"},"geometry":{"type":"LineString","coordinates":[[3.0553,45.8240],[3.0553,45.8240]]}},{"type":"Feature","properties":{"name":"Le Bédat"},"geometry":{"type":"LineString","coordinates":[[3.0553,45.8240],[3.0615,45.8208],[3.0639,45.8206]]}},{"type":"Feature","properties":{"name":"Le Bédat"},"geometry":{"type":"LineString","coordinates":[[3.0647,45.8208],[3.0651,45.8210]]}},{"type":"Feature","properties":{"name":"Le Bédat"},"geometry":{"type":"LineString","coordinates":[[3.0645,45.8207],[3.0647,45.8208]]}},{"type":"Feature","properties":{"name":"Le Béal de Brioude"},"geometry":{"type":"LineString","coordinates":[[3.4077,45.2794],[3.4046,45.2837],[3.4073,45.2871],[3.4078,45.2893],[3.4067,45.2903],[3.4066,45.2924],[3.4034,45.2947],[3.4049,45.2961],[3.4048,45.2973],[3.4021,45.3004],[3.4051,45.3054]]}},{"type":"Feature","properties":{"name":"La Mare"},"geometry":{"type":"LineString","coordinates":[[3.9654,45.5010],[3.9648,45.5033],[3.9613,45.5064],[3.9621,45.5086],[3.9586,45.5118],[3.9589,45.5143],[3.9578,45.5161],[3.9586,45.5193],[3.9569,45.5202],[3.9532,45.5267],[3.9540,45.5285],[3.9580,45.5284],[3.9621,45.5326],[3.9682,45.5365],[3.9719,45.5372],[3.9781,45.5325],[3.9829,45.5325],[3.9890,45.5285],[3.9928,45.5280],[3.9963,45.5256],[3.9973,45.5229],[4.0014,45.5220],[4.0026,45.5199],[4.0074,45.5165],[4.0114,45.5162],[4.0189,45.5221],[4.0237,45.5208]]}},{"type":"Feature","properties":{"name":"Le Cher"},"geometry":{"type":"LineString","coordinates":[[2.5723,46.2620],[2.5723,46.2650],[2.5703,46.2679],[2.5703,46.2701],[2.5721,46.2715],[2.5757,46.2715],[2.5780,46.2725],[2.5784,46.2737],[2.5766,46.2749],[2.5819,46.2771],[2.5836,46.2799],[2.5829,46.2818],[2.5878,46.2824],[2.5890,46.2854],[2.5927,46.2867],[2.5945,46.2885],[2.6002,46.2963],[2.5994,46.2994],[2.6002,46.3000],[2.6005,46.3031],[2.6021,46.3044],[2.5970,46.3094],[2.6048,46.3136],[2.6073,46.3163],[2.6062,46.3173]]}},{"type":"Feature","properties":{"name":"La Saunade"},"geometry":{"type":"LineString","coordinates":[[2.5959,45.8935],[2.5980,45.8945],[2.5996,45.8940],[2.6034,45.8960],[2.6059,45.8939],[2.6138,45.8942],[2.6146,45.8926],[2.6196,45.8925],[2.6207,45.8916],[2.6266,45.8920],[2.6302,45.8907],[2.6296,45.8894],[2.6313,45.8876],[2.6291,45.8849],[2.6317,45.8827],[2.6354,45.8855],[2.6389,45.8840],[2.6381,45.8821],[2.6395,45.8779],[2.6380,45.8769],[2.6369,45.8733],[2.6409,45.8737],[2.6400,45.8714],[2.6443,45.8695],[2.6467,45.8711],[2.6507,45.8718],[2.6560,45.8693],[2.6579,45.8694],[2.6592,45.8679],[2.6628,45.8682],[2.6647,45.8673],[2.6673,45.8680],[2.6680,45.8700],[2.6723,45.8707],[2.6793,45.8694]]}},{"type":"Feature","properties":{"name":"La Tialle"},"geometry":{"type":"LineString","coordinates":[[2.6183,45.4924],[2.6156,45.4916],[2.6103,45.4924],[2.6083,45.4909],[2.6006,45.4896],[2.5972,45.4872],[2.5943,45.4868],[2.5913,45.4842],[2.5879,45.4843],[2.5878,45.4828],[2.5852,45.4806],[2.5825,45.4803],[2.5797,45.4775],[2.5815,45.4765],[2.5816,45.4724],[2.5752,45.4681],[2.5746,45.4670],[2.5754,45.4648],[2.5732,45.4631],[2.5671,45.4630],[2.5653,45.4616],[2.5606,45.4607],[2.5579,45.4590],[2.5577,45.4564],[2.5537,45.4543],[2.5389,45.4501],[2.5376,45.4479],[2.5351,45.4475],[2.5317,45.4494],[2.5293,45.4482],[2.5242,45.4506],[2.5193,45.4482],[2.5173,45.4489],[2.5010,45.4483]]}},{"type":"Feature","properties":{"name":"Le Sioulet"},"geometry":{"type":"LineString","coordinates":[[2.5225,45.7790],[2.5245,45.7798]]}},{"type":"Feature","properties":{"name":"Le Sioulet"},"geometry":{"type":"LineString","coordinates":[[2.5245,45.7798],[2.5249,45.7799]]}},{"type":"Feature","properties":{"name":"Le Sioulet"},"geometry":{"type":"LineString","coordinates":[[2.5249,45.7799],[2.5288,45.7792]]}},{"type":"Feature","properties":{"name":"Le Sioulet"},"geometry":{"type":"LineString","coordinates":[[2.5221,45.7790],[2.5225,45.7790]]}},{"type":"Feature","properties":{"name":"Le Sioulet"},"geometry":{"type":"LineString","coordinates":[[2.5288,45.7792],[2.5313,45.7756],[2.5350,45.7751],[2.5370,45.7764],[2.5423,45.7765],[2.5489,45.7746],[2.5504,45.7757],[2.5544,45.7754],[2.5549,45.7776],[2.5575,45.7801],[2.5612,45.7791],[2.5619,45.7812],[2.5670,45.7815],[2.5737,45.7871],[2.5813,45.7865],[2.5826,45.7839],[2.5911,45.7836],[2.5922,45.7857],[2.5891,45.7861],[2.5859,45.7887],[2.5854,45.7897],[2.5862,45.7907],[2.5931,45.7923],[2.5947,45.7943],[2.5965,45.7948],[2.5966,45.7965],[2.6012,45.7981],[2.6065,45.8016],[2.6089,45.8051],[2.6132,45.8054],[2.6158,45.8077],[2.6180,45.8083],[2.6158,45.8101],[2.6135,45.8152],[2.6157,45.8158],[2.6152,45.8182],[2.6186,45.8201],[2.6196,45.8247],[2.6182,45.8257],[2.6159,45.8313],[2.6109,45.8314],[2.6091,45.8324],[2.6111,45.8364],[2.6103,45.8386],[2.6080,45.8393]]}},{"type":"Feature","properties":{"name":"La Tartasse"},"geometry":{"type":"LineString","coordinates":[[2.6237,46.1735],[2.6185,46.1742],[2.6166,46.1729],[2.6105,46.1728],[2.6082,46.1743],[2.6069,46.1732],[2.6058,46.1743],[2.6030,46.1740],[2.6030,46.1751],[2.6000,46.1756],[2.5986,46.1765],[2.5991,46.1780],[2.5978,46.1783],[2.5919,46.1775],[2.5888,46.1760],[2.5831,46.1757],[2.5763,46.1728],[2.5744,46.1736],[2.5668,46.1733],[2.5654,46.1750],[2.5634,46.1748],[2.5624,46.1760],[2.5552,46.1783],[2.5507,46.1772]]}},{"type":"Feature","properties":{"name":"La Sumène"},"geometry":{"type":"LineString","coordinates":[[2.4561,45.3414],[2.4520,45.3356],[2.4479,45.3331],[2.4477,45.3294],[2.4435,45.3279],[2.4416,45.3262],[2.4404,45.3266],[2.4387,45.3250],[2.4336,45.3251],[2.4338,45.3292],[2.4298,45.3281],[2.4273,45.3294],[2.4258,45.3266],[2.4230,45.3270],[2.4210,45.3253],[2.4171,45.3242],[2.4106,45.3193],[2.4084,45.3187]]}},{"type":"Feature","properties":{"name":"La Sumène"},"geometry":{"type":"LineString","coordinates":[[2.6071,45.2286],[2.6079,45.2298],[2.6063,45.2345],[2.6080,45.2360],[2.6095,45.2414],[2.6117,45.2448],[2.6105,45.2455],[2.6097,45.2524],[2.6072,45.2550],[2.6044,45.2604],[2.6059,45.2614],[2.6063,45.2629],[2.6015,45.2670],[2.6018,45.2679],[2.5986,45.2693],[2.5997,45.2718],[2.5978,45.2754],[2.5990,45.2775],[2.5981,45.2789],[2.5983,45.2851],[2.5975,45.2879],[2.5957,45.2896],[2.5958,45.2919],[2.5947,45.2926],[2.5944,45.2958],[2.5960,45.2995],[2.5944,45.3018],[2.5953,45.3024],[2.5903,45.3063],[2.5907,45.3072],[2.5897,45.3077],[2.5895,45.3106],[2.5886,45.3114],[2.5860,45.3129],[2.5801,45.3140],[2.5801,45.3193],[2.5818,45.3223],[2.5836,45.3300],[2.5857,45.3328],[2.5844,45.3342],[2.5806,45.3342],[2.5784,45.3327],[2.5730,45.3335],[2.5695,45.3369],[2.5652,45.3386],[2.5573,45.3373],[2.5506,45.3394],[2.5489,45.3410],[2.5458,45.3401],[2.5384,45.3400],[2.5350,45.3417],[2.5298,45.3420],[2.5270,45.3411],[2.5188,45.3432],[2.5151,45.3420],[2.5073,45.3452]]}},{"type":"Feature","properties":{"name":"La Sumène"},"geometry":{"type":"LineString","coordinates":[[2.3918,45.2970],[2.3886,45.2979],[2.3876,45.2994],[2.3845,45.3001],[2.3804,45.2975],[2.3785,45.2981],[2.3762,45.2975],[2.3748,45.2987],[2.3724,45.2972],[2.3699,45.2974],[2.3671,45.2993],[2.3638,45.2981],[2.3599,45.2988],[2.3601,45.3010],[2.3573,45.3010],[2.3538,45.3038],[2.3509,45.3044],[2.3516,45.3061],[2.3512,45.3098],[2.3527,45.3107],[2.3518,45.3115],[2.3462,45.3102],[2.3451,45.3109],[2.3446,45.3121],[2.3481,45.3133],[2.3476,45.3158],[2.3492,45.3180],[2.3419,45.3194],[2.3422,45.3220],[2.3398,45.3258]]}},{"type":"Feature","properties":{"name":"La Sumène"},"geometry":{"type":"LineString","coordinates":[[2.5073,45.3452],[2.5021,45.3453],[2.4990,45.3470],[2.4958,45.3465],[2.4948,45.3480],[2.4925,45.3467],[2.4897,45.3475],[2.4884,45.3464],[2.4826,45.3491],[2.4808,45.3485],[2.4785,45.3491],[2.4702,45.3457],[2.4631,45.3460],[2.4597,45.3438],[2.4599,45.3430],[2.4585,45.3420],[2.4568,45.3426],[2.4561,45.3414]]}},{"type":"Feature","properties":{"name":"La Sumène"},"geometry":{"type":"LineString","coordinates":[[2.4076,45.3009],[2.4088,45.2994],[2.4077,45.2986],[2.4040,45.2989],[2.3987,45.2978]]}},{"type":"Feature","properties":{"name":"La Sumène"},"geometry":{"type":"LineString","coordinates":[[2.4084,45.3187],[2.4080,45.3188]]}},{"type":"Feature","properties":{"name":"La Sumène"},"geometry":{"type":"LineString","coordinates":[[2.4080,45.3188],[2.4055,45.3181],[2.4061,45.3160],[2.4047,45.3133],[2.4076,45.3102],[2.4071,45.3077],[2.4088,45.3061],[2.4074,45.3032],[2.4076,45.3009]]}},{"type":"Feature","properties":{"name":"La Sumène"},"geometry":{"type":"LineString","coordinates":[[2.3987,45.2978],[2.3960,45.2956],[2.3918,45.2970]]}},{"type":"Feature","properties":{"name":"Le Mars"},"geometry":{"type":"LineString","coordinates":[[2.3880,45.2956],[2.3878,45.2959]]}},{"type":"Feature","properties":{"name":"Le Mars"},"geometry":{"type":"LineString","coordinates":[[2.3926,45.2847],[2.3941,45.2889],[2.3919,45.2933],[2.3880,45.2956]]}},{"type":"Feature","properties":{"name":"Le Mars"},"geometry":{"type":"LineString","coordinates":[[2.3878,45.2959],[2.3886,45.2979]]}},{"type":"Feature","properties":{"name":"Le Mars"},"geometry":{"type":"LineString","coordinates":[[2.5970,45.1675],[2.5971,45.1685],[2.5948,45.1693],[2.5946,45.1722],[2.5910,45.1743],[2.5892,45.1771],[2.5869,45.1781],[2.5851,45.1775],[2.5820,45.1826],[2.5785,45.1840],[2.5763,45.1837],[2.5763,45.1853],[2.5692,45.1850],[2.5673,45.1860],[2.5662,45.1850],[2.5622,45.1873],[2.5456,45.1917],[2.5444,45.1934],[2.5380,45.1963],[2.5360,45.1995],[2.5324,45.1991],[2.5325,45.2003],[2.5313,45.2004],[2.5310,45.2018],[2.5260,45.2021],[2.5220,45.2045],[2.5189,45.2043],[2.5177,45.2063],[2.5149,45.2070],[2.5136,45.2085],[2.5088,45.2082],[2.5070,45.2106],[2.5037,45.2101],[2.5009,45.2113],[2.4994,45.2109],[2.4973,45.2126],[2.4924,45.2122],[2.4914,45.2145],[2.4857,45.2145],[2.4835,45.2131],[2.4811,45.2129],[2.4795,45.2137],[2.4740,45.2134],[2.4697,45.2117],[2.4675,45.2133],[2.4648,45.2126],[2.4575,45.2133],[2.4557,45.2158],[2.4525,45.2157],[2.4514,45.2170],[2.4489,45.2158],[2.4482,45.2178],[2.4454,45.2179],[2.4412,45.2203],[2.4407,45.2214],[2.4377,45.2216],[2.4382,45.2250],[2.4334,45.2258],[2.4298,45.2275],[2.4291,45.2292],[2.4251,45.2295],[2.4243,45.2318],[2.4197,45.2319],[2.4193,45.2334],[2.4129,45.2379],[2.4066,45.2383],[2.4060,45.2401],[2.4033,45.2411],[2.4043,45.2439],[2.4041,45.2451],[2.4025,45.2459],[2.4044,45.2461],[2.4048,45.2472],[2.4034,45.2484],[2.4006,45.2484],[2.4002,45.2515],[2.3966,45.2538],[2.3958,45.2577],[2.3942,45.2571],[2.3930,45.2579],[2.3934,45.2594],[2.3918,45.2614],[2.3938,45.2622],[2.3922,45.2640],[2.3938,45.2647],[2.3941,45.2668],[2.3918,45.2689],[2.3925,45.2716],[2.3905,45.2730],[2.3909,45.2745],[2.3866,45.2773],[2.3885,45.2811],[2.3915,45.2820],[2.3926,45.2847]]}},{"type":"Feature","properties":{"name":"La Tardes"},"geometry":{"type":"LineString","coordinates":[[2.4060,46.1861],[2.4073,46.1874],[2.4105,46.1869],[2.4215,46.1880],[2.4260,46.1863],[2.4304,46.1881],[2.4401,46.1864],[2.4457,46.1841],[2.4535,46.1847],[2.4583,46.1856],[2.4592,46.1876],[2.4615,46.1887],[2.4605,46.1907],[2.4618,46.1966],[2.4711,46.1934],[2.4733,46.1979],[2.4765,46.2007],[2.4786,46.1996],[2.4792,46.1958],[2.4808,46.1945],[2.4832,46.1973],[2.4859,46.1969],[2.4881,46.1979],[2.4907,46.2019],[2.4938,46.2030],[2.4940,46.2048],[2.5007,46.2043],[2.5046,46.2052],[2.5058,46.2060],[2.5054,46.2074],[2.5000,46.2111],[2.4993,46.2137],[2.5024,46.2158],[2.5080,46.2148],[2.5093,46.2161],[2.5044,46.2185],[2.5071,46.2251],[2.5032,46.2283],[2.5043,46.2292],[2.5079,46.2292],[2.5077,46.2312],[2.5058,46.2333],[2.5117,46.2337],[2.5132,46.2374],[2.5157,46.2392]]}},{"type":"Feature","properties":{"name":"La Tardes"},"geometry":{"type":"LineString","coordinates":[[2.3486,46.1485],[2.3487,46.1497],[2.3513,46.1510],[2.3519,46.1529],[2.3542,46.1534],[2.3561,46.1571],[2.3601,46.1583],[2.3603,46.1596],[2.3640,46.1614],[2.3677,46.1621],[2.3678,46.1648],[2.3707,46.1647],[2.3760,46.1670],[2.3771,46.1677],[2.3768,46.1690],[2.3792,46.1692],[2.3823,46.1714],[2.3869,46.1728],[2.3902,46.1757],[2.3951,46.1776],[2.3987,46.1776],[2.4007,46.1801],[2.3998,46.1827],[2.4010,46.1844],[2.4030,46.1858],[2.4053,46.1852],[2.4060,46.1861]]}},{"type":"Feature","properties":{"name":"Le Chavanon"},"geometry":{"type":"LineString","coordinates":[[2.3881,45.8274],[2.3882,45.8260]]}},{"type":"Feature","properties":{"name":"Le Chavanon"},"geometry":{"type":"LineString","coordinates":[[2.4936,45.7380],[2.4947,45.7341],[2.4990,45.7329],[2.5004,45.7291],[2.5033,45.7278],[2.5047,45.7251],[2.5091,45.7242],[2.5106,45.7204],[2.5132,45.7193],[2.5134,45.7163],[2.5152,45.7145],[2.5153,45.7128],[2.5195,45.7129],[2.5208,45.7115],[2.5235,45.7111],[2.5235,45.7090],[2.5217,45.7091],[2.5212,45.7073],[2.5190,45.7060],[2.5203,45.7034],[2.5187,45.7006],[2.5207,45.6996],[2.5191,45.6977],[2.5236,45.6943],[2.5270,45.6950]]}},{"type":"Feature","properties":{"name":"Le Chavanon"},"geometry":{"type":"LineString","coordinates":[[2.5140,45.6395],[2.5017,45.6386],[2.4960,45.6410],[2.4947,45.6387],[2.4926,45.6376],[2.4899,45.6421],[2.4880,45.6426],[2.4838,45.6397],[2.4821,45.6351]]}},{"type":"Feature","properties":{"name":"Le Chavanon"},"geometry":{"type":"LineString","coordinates":[[2.4783,45.6080],[2.4749,45.6067],[2.4712,45.6025],[2.4658,45.6012]]}},{"type":"Feature","properties":{"name":"Le Chavanon"},"geometry":{"type":"LineString","coordinates":[[2.5286,45.6825],[2.5283,45.6817],[2.5237,45.6807],[2.5211,45.6770],[2.5172,45.6782],[2.5172,45.6743],[2.5136,45.6716]]}},{"type":"Feature","properties":{"name":"Le Chavanon"},"geometry":{"type":"LineString","coordinates":[[2.5270,45.6950],[2.5258,45.6934],[2.5266,45.6912],[2.5234,45.6868],[2.5243,45.6849],[2.5268,45.6851],[2.5286,45.6825]]}},{"type":"Feature","properties":{"name":"Le Chavanon"},"geometry":{"type":"LineString","coordinates":[[2.4186,45.7986],[2.4228,45.7965],[2.4250,45.7941],[2.4244,45.7911],[2.4269,45.7889],[2.4256,45.7876],[2.4269,45.7860],[2.4246,45.7839],[2.4247,45.7823],[2.4270,45.7807]]}},{"type":"Feature","properties":{"name":"Le Chavanon"},"geometry":{"type":"LineString","coordinates":[[2.4881,45.7472],[2.4894,45.7465],[2.4886,45.7442],[2.4925,45.7420],[2.4923,45.7400],[2.4936,45.7380]]}},{"type":"Feature","properties":{"name":"Le Chavanon"},"geometry":{"type":"LineString","coordinates":[[2.4658,45.6012],[2.4631,45.5994],[2.4611,45.5962],[2.4658,45.5937],[2.4688,45.5899],[2.4689,45.5877],[2.4724,45.5868],[2.4730,45.5835],[2.4756,45.5822],[2.4749,45.5810],[2.4712,45.5801],[2.4714,45.5792],[2.4751,45.5784],[2.4796,45.5743],[2.4818,45.5738],[2.4824,45.5726],[2.4815,45.5710],[2.4916,45.5680],[2.4920,45.5652],[2.4900,45.5633],[2.4901,45.5615],[2.4966,45.5569]]}},{"type":"Feature","properties":{"name":"Le Chavanon"},"geometry":{"type":"LineString","coordinates":[[2.4821,45.6351],[2.4827,45.6332],[2.4820,45.6316],[2.4832,45.6302],[2.4798,45.6273],[2.4804,45.6260],[2.4786,45.6206],[2.4804,45.6116],[2.4783,45.6080]]}},{"type":"Feature","properties":{"name":"Le Chavanon"},"geometry":{"type":"LineString","coordinates":[[2.4735,45.7568],[2.4739,45.7568]]}},{"type":"Feature","properties":{"name":"Le Chavanon"},"geometry":{"type":"LineString","coordinates":[[2.4272,45.7806],[2.4342,45.7792],[2.4331,45.7779],[2.4335,45.7763],[2.4370,45.7736],[2.4352,45.7720],[2.4357,45.7712],[2.4389,45.7713],[2.4408,45.7686],[2.4462,45.7670],[2.4550,45.7671],[2.4564,45.7657],[2.4552,45.7651],[2.4557,45.7633],[2.4591,45.7617],[2.4635,45.7618],[2.4646,45.7608],[2.4666,45.7629],[2.4687,45.7623],[2.4706,45.7609],[2.4713,45.7572],[2.4735,45.7568]]}},{"type":"Feature","properties":{"name":"Le Chavanon"},"geometry":{"type":"LineString","coordinates":[[2.4739,45.7568],[2.4753,45.7572],[2.4780,45.7541],[2.4777,45.7532],[2.4821,45.7519],[2.4799,45.7509],[2.4802,45.7494],[2.4881,45.7472]]}},{"type":"Feature","properties":{"name":"Le Chavanon"},"geometry":{"type":"LineString","coordinates":[[2.3894,45.8239],[2.4009,45.8171],[2.4040,45.8139],[2.4063,45.8132],[2.4066,45.8098],[2.4138,45.8075],[2.4142,45.8057],[2.4122,45.8024],[2.4186,45.7986]]}},{"type":"Feature","properties":{"name":"Le Chavanon"},"geometry":{"type":"LineString","coordinates":[[2.5136,45.6716],[2.5126,45.6695],[2.5141,45.6673],[2.5138,45.6662],[2.5153,45.6649],[2.5145,45.6642],[2.5200,45.6627],[2.5184,45.6600],[2.5192,45.6591],[2.5244,45.6572],[2.5272,45.6594],[2.5286,45.6588],[2.5269,45.6571],[2.5274,45.6548],[2.5237,45.6540],[2.5231,45.6516],[2.5190,45.6471]]}},{"type":"Feature","properties":{"name":"Le Chavanon"},"geometry":{"type":"LineString","coordinates":[[2.5190,45.6471],[2.5175,45.6453],[2.5209,45.6427],[2.5204,45.6411],[2.5169,45.6391],[2.5140,45.6395]]}},{"type":"Feature","properties":{"name":"Le Chavanon"},"geometry":{"type":"LineString","coordinates":[[2.4966,45.5569],[2.4985,45.5571],[2.4999,45.5553],[2.4998,45.5541],[2.5010,45.5536],[2.5038,45.5548],[2.5085,45.5528],[2.5142,45.5544],[2.5162,45.5539]]}},{"type":"Feature","properties":{"name":"Le Chavanon"},"geometry":{"type":"LineString","coordinates":[[2.3881,45.8259],[2.3894,45.8239]]}},{"type":"Feature","properties":{"name":"Le Chavanon"},"geometry":{"type":"LineString","coordinates":[[2.3882,45.8260],[2.3881,45.8259]]}},{"type":"Feature","properties":{"name":"Le Chavanon"},"geometry":{"type":"LineString","coordinates":[[2.4510,45.7670],[2.4520,45.7671]]}},{"type":"Feature","properties":{"name":"La Voueize"},"geometry":{"type":"LineString","coordinates":[[2.2773,46.2078],[2.2830,46.2125],[2.2892,46.2128],[2.2914,46.2124],[2.2928,46.2103],[2.3002,46.2100],[2.3016,46.2116],[2.3051,46.2118],[2.3070,46.2131],[2.3092,46.2124],[2.3092,46.2109],[2.3139,46.2108],[2.3140,46.2099],[2.3169,46.2094],[2.3174,46.2085],[2.3212,46.2097],[2.3218,46.2070],[2.3256,46.2069],[2.3273,46.2083],[2.3301,46.2064],[2.3299,46.2051],[2.3314,46.2053],[2.3318,46.2040],[2.3349,46.2048],[2.3452,46.2014],[2.3501,46.2041],[2.3605,46.2034],[2.3671,46.2047],[2.3709,46.2027],[2.3716,46.2009],[2.3736,46.2006],[2.3767,46.2012],[2.3769,46.2030],[2.3828,46.2019],[2.3830,46.2052],[2.3856,46.2052],[2.3876,46.2074],[2.3882,46.2053],[2.3873,46.2038],[2.3925,46.2022],[2.3907,46.2002],[2.3907,46.1990],[2.3940,46.1967],[2.3975,46.1996],[2.3972,46.2047],[2.4002,46.2029],[2.4029,46.2031],[2.4050,46.2044],[2.4073,46.2086],[2.4103,46.2088],[2.4114,46.2085],[2.4116,46.2059],[2.4126,46.2048],[2.4160,46.2060],[2.4160,46.2030],[2.4198,46.2034],[2.4211,46.2026],[2.4200,46.2009],[2.4210,46.1986],[2.4197,46.1974],[2.4228,46.1951],[2.4214,46.1913],[2.4219,46.1879]]}},{"type":"Feature","properties":{"name":"La Dordogne"},"geometry":{"type":"LineString","coordinates":[[2.5141,45.4923],[2.5126,45.4864],[2.5073,45.4830],[2.5085,45.4736],[2.5066,45.4634],[2.5000,45.4608],[2.4996,45.4547],[2.5010,45.4483],[2.4982,45.4386],[2.4884,45.4204],[2.4889,45.4170],[2.4913,45.4152],[2.4965,45.4137]]}},{"type":"Feature","properties":{"name":"La Dordogne"},"geometry":{"type":"LineString","coordinates":[[2.5295,45.5741],[2.5300,45.5724],[2.5284,45.5716],[2.5292,45.5692],[2.5277,45.5684],[2.5276,45.5665],[2.5243,45.5655],[2.5241,45.5635],[2.5218,45.5632],[2.5216,45.5611],[2.5193,45.5605],[2.5197,45.5588],[2.5189,45.5577],[2.5202,45.5556],[2.5162,45.5539]]}},{"type":"Feature","properties":{"name":"La Dordogne"},"geometry":{"type":"LineString","coordinates":[[2.5493,45.5855],[2.5402,45.5822],[2.5371,45.5794],[2.5340,45.5790],[2.5295,45.5741]]}},{"type":"Feature","properties":{"name":"La Dordogne"},"geometry":{"type":"LineString","coordinates":[[2.6123,45.6171],[2.6092,45.6140],[2.6069,45.6139],[2.6032,45.6110],[2.6012,45.6112],[2.5948,45.6091],[2.5932,45.6069],[2.5917,45.6073],[2.5903,45.6094],[2.5887,45.6094],[2.5857,45.6073],[2.5840,45.6088],[2.5809,45.6087],[2.5792,45.6069],[2.5748,45.6058],[2.5718,45.6029],[2.5664,45.6007],[2.5655,45.5977],[2.5552,45.5927],[2.5547,45.5896],[2.5493,45.5855]]}},{"type":"Feature","properties":{"name":"La Dordogne"},"geometry":{"type":"LineString","coordinates":[[2.5162,45.5539],[2.5174,45.5513],[2.5154,45.5505],[2.5152,45.5490],[2.5188,45.5461],[2.5183,45.5449]]}},{"type":"Feature","properties":{"name":"La Dordogne"},"geometry":{"type":"LineString","coordinates":[[2.5183,45.5449],[2.5182,45.5443]]}},{"type":"Feature","properties":{"name":"La Dordogne"},"geometry":{"type":"LineString","coordinates":[[2.5182,45.5443],[2.5156,45.5427],[2.5146,45.5404],[2.5156,45.5362],[2.5192,45.5341],[2.5198,45.5325],[2.5191,45.5312],[2.5145,45.5299],[2.5102,45.5252],[2.5109,45.5239],[2.5164,45.5225],[2.5177,45.5207],[2.5147,45.5184],[2.5109,45.5133],[2.5087,45.5090],[2.5079,45.5046]]}},{"type":"Feature","properties":{"name":"La Dordogne"},"geometry":{"type":"LineString","coordinates":[[2.3807,45.4136],[2.3728,45.4146],[2.3693,45.4161],[2.3613,45.4150]]}},{"type":"Feature","properties":{"name":"La Dordogne"},"geometry":{"type":"LineString","coordinates":[[2.3644,45.3749],[2.3642,45.3722],[2.3670,45.3685],[2.3678,45.3653],[2.3641,45.3625],[2.3652,45.3568],[2.3643,45.3539],[2.3620,45.3534],[2.3585,45.3548],[2.3545,45.3504],[2.3514,45.3487],[2.3502,45.3466],[2.3517,45.3441],[2.3579,45.3399],[2.3597,45.3375],[2.3594,45.3359],[2.3565,45.3346],[2.3524,45.3283],[2.3464,45.3279],[2.3411,45.3258],[2.3333,45.3264],[2.3173,45.3225],[2.3064,45.3119],[2.3049,45.3064],[2.3015,45.3037],[2.3001,45.2992],[2.2941,45.2947],[2.2893,45.2876],[2.2819,45.2872],[2.2696,45.2904],[2.2673,45.2865],[2.2628,45.2848],[2.2614,45.2829],[2.2613,45.2781],[2.2587,45.2704],[2.2553,45.2684],[2.2470,45.2680],[2.2433,45.2669],[2.2408,45.2624],[2.2384,45.2603],[2.2381,45.2583],[2.2398,45.2564],[2.2410,45.2506],[2.2406,45.2477],[2.2364,45.2465],[2.2304,45.2469],[2.2251,45.2446]]}},{"type":"Feature","properties":{"name":"La Dordogne"},"geometry":{"type":"LineString","coordinates":[[2.4385,45.3875],[2.4364,45.3885],[2.4325,45.3932],[2.4300,45.3927],[2.4257,45.3937],[2.4230,45.3971]]}},{"type":"Feature","properties":{"name":"La Dordogne"},"geometry":{"type":"LineString","coordinates":[[2.4230,45.3971],[2.4183,45.3974],[2.4150,45.3963],[2.4037,45.3980],[2.3974,45.4008],[2.3959,45.4034],[2.3955,45.4073],[2.3900,45.4096],[2.3876,45.4118],[2.3807,45.4136]]}},{"type":"Feature","properties":{"name":"La Dordogne"},"geometry":{"type":"LineString","coordinates":[[2.3647,45.3914],[2.3691,45.3880],[2.3695,45.3864],[2.3675,45.3832],[2.3635,45.3802]]}},{"type":"Feature","properties":{"name":"La Dordogne"},"geometry":{"type":"LineString","coordinates":[[2.4412,45.3847],[2.4385,45.3875]]}},{"type":"Feature","properties":{"name":"La Dordogne"},"geometry":{"type":"LineString","coordinates":[[2.3635,45.3802],[2.3644,45.3749]]}},{"type":"Feature","properties":{"name":"La Dordogne"},"geometry":{"type":"LineString","coordinates":[[2.3613,45.4150],[2.3562,45.4152]]}},{"type":"Feature","properties":{"name":"La Dordogne"},"geometry":{"type":"LineString","coordinates":[[2.5079,45.5046],[2.5098,45.4989]]}},{"type":"Feature","properties":{"name":"La Dordogne"},"geometry":{"type":"LineString","coordinates":[[2.5098,45.4989],[2.5141,45.4923]]}},{"type":"Feature","properties":{"name":"La Dordogne"},"geometry":{"type":"LineString","coordinates":[[2.4965,45.4137],[2.4975,45.4135]]}},{"type":"Feature","properties":{"name":"La Dordogne"},"geometry":{"type":"LineString","coordinates":[[2.4994,45.4129],[2.5026,45.4116],[2.5010,45.4084],[2.5009,45.4048],[2.5002,45.4023],[2.4948,45.3942],[2.4933,45.3897],[2.4872,45.3882],[2.4841,45.3844],[2.4781,45.3811],[2.4716,45.3816],[2.4593,45.3856],[2.4565,45.3840],[2.4502,45.3834],[2.4445,45.3834],[2.4412,45.3847]]}},{"type":"Feature","properties":{"name":"La Dordogne"},"geometry":{"type":"LineString","coordinates":[[2.3647,45.3917],[2.3647,45.3914]]}},{"type":"Feature","properties":{"name":"La Dordogne"},"geometry":{"type":"LineString","coordinates":[[2.3645,45.3916],[2.3647,45.3914]]}},{"type":"Feature","properties":{"name":"La Dordogne"},"geometry":{"type":"LineString","coordinates":[[2.3645,45.3921],[2.3644,45.3919]]}},{"type":"Feature","properties":{"name":"La Dordogne"},"geometry":{"type":"LineString","coordinates":[[2.3645,45.3921],[2.3646,45.3920]]}},{"type":"Feature","properties":{"name":"La Dordogne"},"geometry":{"type":"LineString","coordinates":[[2.3562,45.4152],[2.3502,45.4128],[2.3494,45.4116],[2.3497,45.4101],[2.3570,45.3994],[2.3643,45.3969],[2.3645,45.3921]]}},{"type":"Feature","properties":{"name":"La Dordogne"},"geometry":{"type":"LineString","coordinates":[[2.4990,45.4129],[2.4994,45.4129]]}},{"type":"Feature","properties":{"name":"La Dordogne"},"geometry":{"type":"LineString","coordinates":[[2.4991,45.4128],[2.4994,45.4129]]}},{"type":"Feature","properties":{"name":"La Dordogne"},"geometry":{"type":"LineString","coordinates":[[2.3684,45.3849],[2.3685,45.3848]]}},{"type":"Feature","properties":{"name":"La Dordogne"},"geometry":{"type":"LineString","coordinates":[[2.3683,45.3848],[2.3684,45.3846]]}},{"type":"Feature","properties":{"name":"La Tarentaine"},"geometry":{"type":"LineString","coordinates":[[2.5636,45.4152],[2.5605,45.4148],[2.5590,45.4113],[2.5577,45.4106],[2.5584,45.4027],[2.5529,45.3954],[2.5550,45.3950],[2.5545,45.3929],[2.5499,45.3923],[2.5481,45.3902],[2.5452,45.3892],[2.5448,45.3869],[2.5433,45.3873],[2.5401,45.3854],[2.5399,45.3829],[2.5386,45.3814],[2.5401,45.3794],[2.5402,45.3778]]}},{"type":"Feature","properties":{"name":"La Tarentaine"},"geometry":{"type":"LineString","coordinates":[[2.6238,45.4439],[2.6225,45.4436],[2.6209,45.4400],[2.6167,45.4385],[2.6122,45.4352],[2.6061,45.4348],[2.6048,45.4371],[2.5922,45.4316],[2.5895,45.4313],[2.5861,45.4259],[2.5813,45.4261],[2.5787,45.4236],[2.5730,45.4233],[2.5660,45.4154],[2.5636,45.4152]]}},{"type":"Feature","properties":{"name":"Le Cher"},"geometry":{"type":"LineString","coordinates":[[2.5602,46.2630],[2.5622,46.2624],[2.5636,46.2603],[2.5666,46.2594],[2.5718,46.2604],[2.5723,46.2620]]}},{"type":"Feature","properties":{"name":"Le Cher"},"geometry":{"type":"LineString","coordinates":[[2.5592,46.1742],[2.5572,46.1753],[2.5541,46.1742],[2.5527,46.1768]]}},{"type":"Feature","properties":{"name":"Le Cher"},"geometry":{"type":"LineString","coordinates":[[2.5190,46.0149],[2.5184,46.0173]]}},{"type":"Feature","properties":{"name":"Le Cher"},"geometry":{"type":"LineString","coordinates":[[2.5285,46.1851],[2.5280,46.1865],[2.5258,46.1878],[2.5286,46.1927],[2.5281,46.1955],[2.5267,46.1964],[2.5248,46.2014],[2.5231,46.2011],[2.5218,46.2026]]}},{"type":"Feature","properties":{"name":"Le Cher"},"geometry":{"type":"LineString","coordinates":[[2.5663,46.1431],[2.5669,46.1440],[2.5647,46.1452],[2.5647,46.1473],[2.5629,46.1496],[2.5657,46.1551],[2.5633,46.1561],[2.5619,46.1554],[2.5624,46.1539],[2.5611,46.1538],[2.5607,46.1547],[2.5617,46.1583],[2.5597,46.1600],[2.5617,46.1638],[2.5602,46.1649],[2.5608,46.1674],[2.5592,46.1742]]}},{"type":"Feature","properties":{"name":"Le Cher"},"geometry":{"type":"LineString","coordinates":[[2.5594,46.1386],[2.5641,46.1386],[2.5646,46.1407],[2.5630,46.1429],[2.5663,46.1431]]}},{"type":"Feature","properties":{"name":"Le Cher"},"geometry":{"type":"LineString","coordinates":[[2.5508,46.0997],[2.5519,46.1002],[2.5522,46.1025],[2.5505,46.1067]]}},{"type":"Feature","properties":{"name":"Le Cher"},"geometry":{"type":"LineString","coordinates":[[2.5509,46.1190],[2.5547,46.1200],[2.5587,46.1254],[2.5549,46.1255],[2.5540,46.1269],[2.5548,46.1281],[2.5576,46.1291],[2.5560,46.1332],[2.5586,46.1331],[2.5585,46.1314],[2.5618,46.1323],[2.5588,46.1377],[2.5594,46.1386]]}},{"type":"Feature","properties":{"name":"Le Cher"},"geometry":{"type":"LineString","coordinates":[[2.5339,46.0895],[2.5398,46.0914],[2.5405,46.0943],[2.5437,46.0944],[2.5441,46.0972],[2.5508,46.0997]]}},{"type":"Feature","properties":{"name":"Le Cher"},"geometry":{"type":"LineString","coordinates":[[2.5221,46.0300],[2.5208,46.0337]]}},{"type":"Feature","properties":{"name":"Le Cher"},"geometry":{"type":"LineString","coordinates":[[2.5487,46.1139],[2.5527,46.1166],[2.5509,46.1190]]}},{"type":"Feature","properties":{"name":"Le Cher"},"geometry":{"type":"LineString","coordinates":[[2.5505,46.1067],[2.5491,46.1088],[2.5487,46.1139]]}},{"type":"Feature","properties":{"name":"Le Cher"},"geometry":{"type":"LineString","coordinates":[[2.5311,46.0720],[2.5311,46.0748],[2.5339,46.0747],[2.5333,46.0777],[2.5357,46.0781],[2.5354,46.0805],[2.5340,46.0820],[2.5371,46.0835],[2.5352,46.0839],[2.5337,46.0858],[2.5339,46.0895]]}},{"type":"Feature","properties":{"name":"Le Cher"},"geometry":{"type":"LineString","coordinates":[[2.5562,46.2559],[2.5563,46.2560]]}},{"type":"Feature","properties":{"name":"Le Cher"},"geometry":{"type":"LineString","coordinates":[[2.5345,46.2410],[2.5348,46.2413]]}},{"type":"Feature","properties":{"name":"Le Cher"},"geometry":{"type":"LineString","coordinates":[[2.5348,46.2413],[2.5377,46.2446],[2.5431,46.2454],[2.5447,46.2478],[2.5439,46.2494],[2.5444,46.2511],[2.5473,46.2528],[2.5547,46.2544],[2.5562,46.2559]]}},{"type":"Feature","properties":{"name":"Le Cher"},"geometry":{"type":"LineString","coordinates":[[2.5563,46.2560],[2.5594,46.2589],[2.5602,46.2630]]}},{"type":"Feature","properties":{"name":"Le Cher"},"geometry":{"type":"LineString","coordinates":[[2.5157,46.2392],[2.5208,46.2398],[2.5220,46.2390],[2.5216,46.2371],[2.5224,46.2362],[2.5314,46.2386],[2.5345,46.2410]]}},{"type":"Feature","properties":{"name":"Le Cher"},"geometry":{"type":"LineString","coordinates":[[2.5257,46.2085],[2.5190,46.2089],[2.5231,46.2107],[2.5240,46.2120],[2.5201,46.2136],[2.5203,46.2173],[2.5165,46.2213],[2.5164,46.2246],[2.5140,46.2252],[2.5169,46.2302],[2.5165,46.2324],[2.5145,46.2339],[2.5157,46.2363],[2.5157,46.2392]]}},{"type":"Feature","properties":{"name":"Le Cher"},"geometry":{"type":"LineString","coordinates":[[2.5527,46.1768],[2.5507,46.1772]]}},{"type":"Feature","properties":{"name":"Le Cher"},"geometry":{"type":"LineString","coordinates":[[2.5218,46.2026],[2.5221,46.2055],[2.5257,46.2067],[2.5257,46.2085]]}},{"type":"Feature","properties":{"name":"Le Cher"},"geometry":{"type":"LineString","coordinates":[[2.5507,46.1772],[2.5421,46.1760],[2.5380,46.1791],[2.5330,46.1808],[2.5324,46.1824],[2.5285,46.1851]]}},{"type":"Feature","properties":{"name":"Le Cher"},"geometry":{"type":"LineString","coordinates":[[2.5208,46.0337],[2.5250,46.0374],[2.5247,46.0391],[2.5182,46.0426],[2.5173,46.0446],[2.5182,46.0462],[2.5200,46.0468],[2.5194,46.0510],[2.5236,46.0541],[2.5267,46.0588],[2.5266,46.0607],[2.5277,46.0613],[2.5289,46.0641],[2.5286,46.0655],[2.5300,46.0673],[2.5284,46.0678],[2.5291,46.0687],[2.5315,46.0687],[2.5311,46.0720]]}},{"type":"Feature","properties":{"name":"Le Cher"},"geometry":{"type":"LineString","coordinates":[[2.5247,46.0388],[2.5242,46.0393]]}},{"type":"Feature","properties":{"name":"Le Cher"},"geometry":{"type":"LineString","coordinates":[[2.5266,46.0600],[2.5273,46.0611]]}},{"type":"Feature","properties":{"name":"Le Cher"},"geometry":{"type":"LineString","coordinates":[[2.5219,46.0407],[2.5212,46.0406]]}},{"type":"Feature","properties":{"name":"Le Cher"},"geometry":{"type":"LineString","coordinates":[[2.5209,46.0326],[2.5199,46.0333],[2.5200,46.0348],[2.5227,46.0363],[2.5234,46.0381],[2.5224,46.0394],[2.5192,46.0404],[2.5184,46.0414],[2.5189,46.0424]]}},{"type":"Feature","properties":{"name":"Le Cher"},"geometry":{"type":"LineString","coordinates":[[2.4921,45.9798],[2.4946,45.9823],[2.4952,45.9851],[2.5005,45.9863],[2.5056,45.9894],[2.5063,45.9910]]}},{"type":"Feature","properties":{"name":"Le Cher"},"geometry":{"type":"LineString","coordinates":[[2.5063,45.9910],[2.5067,45.9937],[2.5115,45.9963]]}},{"type":"Feature","properties":{"name":"Le Cher"},"geometry":{"type":"LineString","coordinates":[[2.5200,46.0332],[2.5208,46.0336]]}},{"type":"Feature","properties":{"name":"Le Cher"},"geometry":{"type":"LineString","coordinates":[[2.5184,46.0173],[2.5197,46.0197],[2.5182,46.0221],[2.5195,46.0228],[2.5196,46.0259],[2.5213,46.0276],[2.5208,46.0291],[2.5221,46.0300]]}},{"type":"Feature","properties":{"name":"Le Cher"},"geometry":{"type":"LineString","coordinates":[[2.5165,46.0017],[2.5177,46.0044],[2.5210,46.0067],[2.5200,46.0080],[2.5210,46.0090],[2.5206,46.0104],[2.5231,46.0129],[2.5225,46.0142],[2.5199,46.0141],[2.5190,46.0149]]}},{"type":"Feature","properties":{"name":"Le Cher"},"geometry":{"type":"LineString","coordinates":[[2.4783,45.9429],[2.4788,45.9490],[2.4833,45.9530],[2.4837,45.9577],[2.4880,45.9626],[2.4844,45.9660],[2.4859,45.9692],[2.4853,45.9712]]}},{"type":"Feature","properties":{"name":"Le Cher"},"geometry":{"type":"LineString","coordinates":[[2.4853,45.9712],[2.4856,45.9715]]}},{"type":"Feature","properties":{"name":"Le Cher"},"geometry":{"type":"LineString","coordinates":[[2.4856,45.9715],[2.4872,45.9762],[2.4869,45.9775],[2.4914,45.9785],[2.4921,45.9798]]}},{"type":"Feature","properties":{"name":"Le Cher"},"geometry":{"type":"LineString","coordinates":[[2.5115,45.9963],[2.5159,45.9996],[2.5155,46.0008],[2.5165,46.0017]]}},{"type":"Feature","properties":{"name":"Le Cher"},"geometry":{"type":"LineString","coordinates":[[2.5165,46.0017],[2.5165,46.0017]]}},{"type":"Feature","properties":{"name":"Le Boron"},"geometry":{"type":"LineString","coordinates":[[2.6379,46.1195],[2.6360,46.1191],[2.6347,46.1198],[2.6325,46.1187],[2.6268,46.1240],[2.6226,46.1223],[2.6203,46.1251],[2.6174,46.1236],[2.6172,46.1256],[2.6104,46.1299],[2.6029,46.1301],[2.6021,46.1310],[2.5908,46.1270],[2.5870,46.1292],[2.5850,46.1332],[2.5754,46.1379],[2.5763,46.1392],[2.5742,46.1389],[2.5729,46.1415],[2.5663,46.1431]]}},{"type":"Feature","properties":{"name":"Le Labiou"},"geometry":{"type":"LineString","coordinates":[[2.3641,45.2221],[2.3584,45.2241],[2.3561,45.2230],[2.3495,45.2282],[2.3453,45.2289],[2.3430,45.2329],[2.3430,45.2346],[2.3400,45.2352],[2.3361,45.2395],[2.3329,45.2411],[2.3320,45.2429],[2.3289,45.2433],[2.3305,45.2472],[2.3290,45.2482],[2.3290,45.2500],[2.3226,45.2504],[2.3211,45.2516],[2.3227,45.2596],[2.3177,45.2692],[2.3192,45.2738],[2.3171,45.2755],[2.3122,45.2758],[2.3055,45.2704],[2.3011,45.2702],[2.2959,45.2673],[2.2919,45.2704],[2.2903,45.2704],[2.2900,45.2713],[2.2910,45.2720],[2.2904,45.2724]]}},{"type":"Feature","properties":{"name":"Le Chat Cros"},"geometry":{"type":"LineString","coordinates":[[2.4624,46.1684],[2.4632,46.1692],[2.4652,46.1680],[2.4664,46.1686],[2.4652,46.1707],[2.4667,46.1711],[2.4670,46.1734],[2.4657,46.1737],[2.4661,46.1783],[2.4643,46.1808],[2.4655,46.1837],[2.4651,46.1844],[2.4614,46.1842],[2.4586,46.1861]]}},{"type":"Feature","properties":{"name":"La Rhue"},"geometry":{"type":"LineString","coordinates":[[2.5974,45.3652],[2.5930,45.3667],[2.5902,45.3657],[2.5859,45.3622],[2.5803,45.3630],[2.5796,45.3644],[2.5806,45.3674],[2.5791,45.3695],[2.5740,45.3708],[2.5748,45.3727],[2.5719,45.3787],[2.5701,45.3798],[2.5691,45.3792],[2.5692,45.3771],[2.5678,45.3757],[2.5661,45.3764],[2.5555,45.3759],[2.5534,45.3780],[2.5472,45.3771],[2.5458,45.3785],[2.5313,45.3765],[2.5280,45.3797],[2.5245,45.3805],[2.5206,45.3847],[2.5179,45.3850],[2.5121,45.3828],[2.5061,45.3782],[2.5020,45.3812],[2.4972,45.3811],[2.4945,45.3822],[2.4850,45.3807],[2.4791,45.3786],[2.4775,45.3809]]}},{"type":"Feature","properties":{"name":"La Rhue"},"geometry":{"type":"LineString","coordinates":[[2.6460,45.3640],[2.6447,45.3656],[2.6411,45.3669],[2.6376,45.3712],[2.6328,45.3728],[2.6271,45.3697],[2.6215,45.3647],[2.6202,45.3647],[2.6205,45.3665],[2.6156,45.3668],[2.6122,45.3687],[2.6058,45.3682],[2.6043,45.3654],[2.5974,45.3652]]}},{"type":"Feature","properties":{"name":"La Clidane"},"geometry":{"type":"LineString","coordinates":[[2.5187,45.6356],[2.5171,45.6361]]}},{"type":"Feature","properties":{"name":"La Clidane"},"geometry":{"type":"LineString","coordinates":[[2.5202,45.6351],[2.5191,45.6357]]}},{"type":"Feature","properties":{"name":"La Clidane"},"geometry":{"type":"LineString","coordinates":[[2.5426,45.6297],[2.5416,45.6306],[2.5338,45.6267],[2.5291,45.6314],[2.5235,45.6319],[2.5214,45.6335]]}},{"type":"Feature","properties":{"name":"La Clidane"},"geometry":{"type":"LineString","coordinates":[[2.5210,45.6334],[2.5198,45.6337],[2.5200,45.6348]]}},{"type":"Feature","properties":{"name":"La Clidane"},"geometry":{"type":"LineString","coordinates":[[2.5170,45.6363],[2.5139,45.6395]]}},{"type":"Feature","properties":{"name":"La Clidane"},"geometry":{"type":"LineString","coordinates":[[2.5427,45.6296],[2.5426,45.6297]]}},{"type":"Feature","properties":{"name":"La Clidane"},"geometry":{"type":"LineString","coordinates":[[2.5171,45.6361],[2.5170,45.6363]]}},{"type":"Feature","properties":{"name":"La Clidane"},"geometry":{"type":"LineString","coordinates":[[2.5191,45.6357],[2.5187,45.6356]]}},{"type":"Feature","properties":{"name":"La Clidane"},"geometry":{"type":"LineString","coordinates":[[2.5214,45.6335],[2.5210,45.6334]]}},{"type":"Feature","properties":{"name":"La Clidane"},"geometry":{"type":"LineString","coordinates":[[2.5200,45.6348],[2.5202,45.6351]]}},{"type":"Feature","properties":{"name":"La Clidane"},"geometry":{"type":"LineString","coordinates":[[2.6293,45.6360],[2.6255,45.6354],[2.6244,45.6340],[2.6208,45.6343],[2.6142,45.6383],[2.6115,45.6383],[2.6056,45.6362],[2.6047,45.6339],[2.6029,45.6335],[2.6010,45.6313],[2.5966,45.6308],[2.5948,45.6279],[2.5897,45.6264],[2.5824,45.6274],[2.5783,45.6255],[2.5718,45.6275],[2.5660,45.6267],[2.5653,45.6281],[2.5630,45.6286]]}},{"type":"Feature","properties":{"name":"La Clidane"},"geometry":{"type":"LineString","coordinates":[[2.5624,45.6285],[2.5527,45.6259],[2.5427,45.6296]]}},{"type":"Feature","properties":{"name":"La Clidane"},"geometry":{"type":"LineString","coordinates":[[2.5630,45.6286],[2.5624,45.6285]]}},{"type":"Feature","properties":{"name":"Le Marilhou"},"geometry":{"type":"LineString","coordinates":[[2.4113,45.2933],[2.4089,45.2958],[2.3996,45.2976]]}},{"type":"Feature","properties":{"name":"Le Marilhou"},"geometry":{"type":"LineString","coordinates":[[2.5887,45.2054],[2.5792,45.2111],[2.5776,45.2142],[2.5772,45.2180],[2.5733,45.2197],[2.5724,45.2213],[2.5638,45.2251],[2.5610,45.2288],[2.5535,45.2328],[2.5512,45.2324],[2.5460,45.2342],[2.5440,45.2368],[2.5341,45.2421],[2.5252,45.2416],[2.5193,45.2431],[2.4988,45.2404],[2.4884,45.2438],[2.4788,45.2440],[2.4761,45.2451],[2.4743,45.2478],[2.4720,45.2489],[2.4722,45.2503],[2.4702,45.2536],[2.4676,45.2558],[2.4537,45.2577],[2.4489,45.2620],[2.4409,45.2632],[2.4400,45.2650],[2.4362,45.2660],[2.4360,45.2689],[2.4326,45.2704],[2.4327,45.2714],[2.4309,45.2721],[2.4307,45.2733],[2.4293,45.2731],[2.4266,45.2764],[2.4273,45.2776],[2.4252,45.2769],[2.4238,45.2780],[2.4254,45.2803],[2.4248,45.2807],[2.4263,45.2818],[2.4247,45.2824],[2.4255,45.2845],[2.4235,45.2856],[2.4213,45.2887],[2.4225,45.2903],[2.4240,45.2907],[2.4239,45.2915],[2.4193,45.2924],[2.4173,45.2906],[2.4148,45.2926],[2.4113,45.2933]]}},{"type":"Feature","properties":{"name":"La Diège"},"geometry":{"type":"LineString","coordinates":[[2.3342,45.4984],[2.3361,45.4975],[2.3381,45.4945],[2.3368,45.4919],[2.3393,45.4885],[2.3405,45.4831],[2.3431,45.4820],[2.3434,45.4808],[2.3473,45.4772],[2.3559,45.4639],[2.3568,45.4614],[2.3562,45.4580],[2.3587,45.4554],[2.3623,45.4546],[2.3678,45.4440],[2.3700,45.4439],[2.3724,45.4421],[2.3769,45.4431],[2.3777,45.4402],[2.3816,45.4397],[2.3830,45.4384],[2.3860,45.4388],[2.3901,45.4360],[2.3953,45.4367],[2.3980,45.4360],[2.3992,45.4376],[2.4026,45.4357],[2.4026,45.4345],[2.4005,45.4346],[2.4005,45.4322],[2.3978,45.4309],[2.3991,45.4262],[2.3973,45.4238],[2.3970,45.4206],[2.3944,45.4198],[2.3921,45.4172],[2.3847,45.4166],[2.3819,45.4153],[2.3807,45.4136]]}}]}