{"type":"FeatureCollection","features":[{"type":"Feature","properties":{"name":"La Buthiers"},"geometry":{"type":"LineString","coordinates":[[6.0451,47.3840],[6.0471,47.3815],[6.0466,47.3786],[6.0434,47.3774],[6.0441,47.3765],[6.0406,47.3723],[6.0372,47.3705],[6.0377,47.3686],[6.0359,47.3663],[6.0310,47.3630],[6.0308,47.3616],[6.0285,47.3612],[6.0285,47.3595],[6.0270,47.3592],[6.0277,47.3586],[6.0261,47.3571],[6.0271,47.3546],[6.0258,47.3545],[6.0235,47.3506]]}},{"type":"Feature","properties":{"name":"La Buthiers"},"geometry":{"type":"LineString","coordinates":[[6.0282,47.3476],[6.0313,47.3468]]}},{"type":"Feature","properties":{"name":"La Buthiers"},"geometry":{"type":"LineString","coordinates":[[6.0470,47.3977],[6.0484,47.3925],[6.0453,47.3883],[6.0442,47.3847],[6.0450,47.3840]]}},{"type":"Feature","properties":{"name":"La Buthiers"},"geometry":{"type":"LineString","coordinates":[[6.0313,47.3468],[6.0340,47.3441]]}},{"type":"Feature","properties":{"name":"La Buthiers"},"geometry":{"type":"LineString","coordinates":[[6.0450,47.3840],[6.0451,47.3840]]}},{"type":"Feature","properties":{"name":"La Buthiers"},"geometry":{"type":"LineString","coordinates":[[6.0472,47.3979],[6.0470,47.3977]]}},{"type":"Feature","properties":{"name":"La Buthiers"},"geometry":{"type":"LineString","coordinates":[[6.0473,47.3980],[6.0472,47.3979]]}},{"type":"Feature","properties":{"name":"La Buthiers"},"geometry":{"type":"LineString","coordinates":[[6.0680,47.4174],[6.0669,47.4169]]}},{"type":"Feature","properties":{"name":"La Buthiers"},"geometry":{"type":"LineString","coordinates":[[6.0669,47.4169],[6.0608,47.4109],[6.0499,47.4031],[6.0473,47.3980]]}},{"type":"Feature","properties":{"name":"La Buthiers"},"geometry":{"type":"LineString","coordinates":[[6.0235,47.3506],[6.0241,47.3499]]}},{"type":"Feature","properties":{"name":"La Buthiers"},"geometry":{"type":"LineString","coordinates":[[6.0707,47.4189],[6.0680,47.4174]]}},{"type":"Feature","properties":{"name":"La Buthiers"},"geometry":{"type":"LineString","coordinates":[[6.0241,47.3499],[6.0236,47.3491],[6.0246,47.3480],[6.0279,47.3476]]}},{"type":"Feature","properties":{"name":"La Buthiers"},"geometry":{"type":"LineString","coordinates":[[6.0279,47.3476],[6.0282,47.3476]]}},{"type":"Feature","properties":{"name":"La Résie"},"geometry":{"type":"LineString","coordinates":[[5.5201,47.3177],[5.5191,47.3163]]}},{"type":"Feature","properties":{"name":"La Résie"},"geometry":{"type":"LineString","coordinates":[[5.5541,47.3230],[5.5497,47.3206],[5.5455,47.3204],[5.5400,47.3246],[5.5236,47.3255],[5.5209,47.3237],[5.5197,47.3193],[5.5203,47.3170],[5.5191,47.3163],[5.5183,47.3137],[5.5081,47.3079]]}},{"type":"Feature","properties":{"name":"La Résie"},"geometry":{"type":"LineString","coordinates":[[5.6132,47.3463],[5.6050,47.3459],[5.5942,47.3495],[5.5856,47.3440],[5.5733,47.3432],[5.5700,47.3388],[5.5685,47.3383]]}},{"type":"Feature","properties":{"name":"La Résie"},"geometry":{"type":"LineString","coordinates":[[5.5541,47.3230],[5.5530,47.3208],[5.5463,47.3204]]}},{"type":"Feature","properties":{"name":"La Résie"},"geometry":{"type":"LineString","coordinates":[[5.5685,47.3383],[5.5605,47.3301],[5.5601,47.3277],[5.5585,47.3258],[5.5541,47.3230]]}},{"type":"Feature","properties":{"name":"La Moselotte"},"geometry":{"type":"LineString","coordinates":[[6.7259,47.9707],[6.7247,47.9715]]}},{"type":"Feature","properties":{"name":"La Moselotte"},"geometry":{"type":"LineString","coordinates":[[6.9648,48.0351],[6.9623,48.0333],[6.9608,48.0290],[6.9582,48.0261],[6.9536,48.0240],[6.9517,48.0212],[6.9476,48.0189],[6.9475,48.0173],[6.9451,48.0148],[6.9416,48.0130],[6.9418,48.0115],[6.9322,48.0032],[6.9294,48.0036],[6.9259,48.0027],[6.9236,48.0003],[6.9187,47.9994],[6.9076,48.0025],[6.8963,48.0029],[6.8927,48.0045],[6.8886,48.0042],[6.8856,48.0062],[6.8814,48.0071],[6.8779,48.0059],[6.8729,48.0025],[6.8703,47.9992],[6.8572,47.9963],[6.8544,47.9938],[6.8494,47.9929],[6.8480,47.9908],[6.8412,47.9893],[6.8394,47.9868],[6.8366,47.9861],[6.8339,47.9835],[6.8329,47.9812],[6.8334,47.9784],[6.8322,47.9776],[6.8324,47.9763],[6.8299,47.9744],[6.8302,47.9719],[6.8327,47.9691],[6.8321,47.9669],[6.8362,47.9636],[6.8360,47.9622],[6.8321,47.9605],[6.8283,47.9608],[6.8225,47.9580],[6.8192,47.9577],[6.8161,47.9549],[6.8136,47.9555],[6.8115,47.9544],[6.8111,47.9523],[6.8028,47.9498],[6.8029,47.9487],[6.7915,47.9462],[6.7902,47.9479],[6.7848,47.9487],[6.7818,47.9503],[6.7795,47.9502],[6.7781,47.9475],[6.7754,47.9456],[6.7722,47.9464],[6.7669,47.9458],[6.7586,47.9464],[6.7541,47.9494],[6.7477,47.9512],[6.7463,47.9532],[6.7429,47.9547],[6.7397,47.9578],[6.7396,47.9599],[6.7375,47.9600],[6.7341,47.9625],[6.7354,47.9644],[6.7349,47.9665],[6.7299,47.9681],[6.7267,47.9707],[6.7249,47.9706],[6.7247,47.9718],[6.7227,47.9729],[6.7221,47.9774],[6.7227,47.9805],[6.7182,47.9917],[6.7115,47.9971],[6.7100,48.0008],[6.7053,48.0025],[6.7051,48.0038],[6.7072,48.0056],[6.7099,48.0109],[6.7078,48.0145],[6.7014,48.0170],[6.6993,48.0170],[6.7016,48.0209],[6.6959,48.0210],[6.6942,48.0233],[6.6911,48.0242],[6.6885,48.0227],[6.6806,48.0230],[6.6761,48.0208]]}},{"type":"Feature","properties":{"name":"L\u0027Apance"},"geometry":{"type":"LineString","coordinates":[[5.7522,47.9562],[5.7557,47.9536],[5.7567,47.9521],[5.7563,47.9510]]}},{"type":"Feature","properties":{"name":"L\u0027Apance"},"geometry":{"type":"LineString","coordinates":[[5.8448,47.9297],[5.8477,47.9307],[5.8442,47.9323],[5.8453,47.9331],[5.8567,47.9327],[5.8587,47.9330],[5.8623,47.9359],[5.8641,47.9356],[5.8646,47.9342],[5.8663,47.9335],[5.8735,47.9337],[5.8721,47.9372],[5.8758,47.9386],[5.8743,47.9418],[5.8766,47.9426],[5.8841,47.9414],[5.8851,47.9420],[5.8849,47.9429],[5.8798,47.9438],[5.8800,47.9453],[5.8845,47.9470],[5.8927,47.9470]]}},{"type":"Feature","properties":{"name":"L\u0027Apance"},"geometry":{"type":"LineString","coordinates":[[5.7021,48.0071],[5.7000,48.0050],[5.6999,48.0033],[5.6984,48.0026],[5.6985,48.0011],[5.6974,47.9994],[5.6985,47.9972],[5.6973,47.9958],[5.6994,47.9932],[5.6993,47.9903],[5.7014,47.9890],[5.7013,47.9880],[5.7027,47.9868],[5.7027,47.9841],[5.7040,47.9829],[5.7033,47.9809]]}},{"type":"Feature","properties":{"name":"L\u0027Apance"},"geometry":{"type":"LineString","coordinates":[[5.7563,47.9510],[5.7580,47.9475],[5.7616,47.9454],[5.7626,47.9430],[5.7673,47.9390],[5.7696,47.9382],[5.7744,47.9379],[5.7797,47.9402],[5.7807,47.9389],[5.7837,47.9378],[5.7895,47.9397],[5.7970,47.9384],[5.7995,47.9396],[5.8064,47.9390],[5.8097,47.9403]]}},{"type":"Feature","properties":{"name":"L\u0027Apance"},"geometry":{"type":"LineString","coordinates":[[5.7255,47.9735],[5.7322,47.9721],[5.7338,47.9712],[5.7351,47.9683],[5.7402,47.9675],[5.7430,47.9659],[5.7436,47.9638],[5.7521,47.9610],[5.7538,47.9593],[5.7516,47.9550],[5.7563,47.9510]]}},{"type":"Feature","properties":{"name":"L\u0027Apance"},"geometry":{"type":"LineString","coordinates":[[5.7801,47.9402],[5.7803,47.9402]]}},{"type":"Feature","properties":{"name":"L\u0027Apance"},"geometry":{"type":"LineString","coordinates":[[5.7800,47.9402],[5.7801,47.9402]]}},{"type":"Feature","properties":{"name":"L\u0027Apance"},"geometry":{"type":"LineString","coordinates":[[5.7803,47.9402],[5.7806,47.9391]]}},{"type":"Feature","properties":{"name":"L\u0027Apance"},"geometry":{"type":"LineString","coordinates":[[5.7423,47.9661],[5.7428,47.9659]]}},{"type":"Feature","properties":{"name":"L\u0027Apance"},"geometry":{"type":"LineString","coordinates":[[5.7146,47.9722],[5.7191,47.9724],[5.7228,47.9739],[5.7255,47.9735]]}},{"type":"Feature","properties":{"name":"L\u0027Apance"},"geometry":{"type":"LineString","coordinates":[[5.7131,47.9726],[5.7146,47.9722]]}},{"type":"Feature","properties":{"name":"L\u0027Apance"},"geometry":{"type":"LineString","coordinates":[[5.7033,47.9809],[5.7028,47.9793],[5.7069,47.9751],[5.7085,47.9737],[5.7131,47.9726]]}},{"type":"Feature","properties":{"name":"L\u0027Apance"},"geometry":{"type":"LineString","coordinates":[[5.8310,47.9361],[5.8318,47.9351]]}},{"type":"Feature","properties":{"name":"L\u0027Apance"},"geometry":{"type":"LineString","coordinates":[[5.8097,47.9403],[5.8163,47.9406]]}},{"type":"Feature","properties":{"name":"L\u0027Apance"},"geometry":{"type":"LineString","coordinates":[[5.8163,47.9406],[5.8212,47.9403],[5.8265,47.9378],[5.8268,47.9368],[5.8310,47.9361],[5.8327,47.9329],[5.8381,47.9290],[5.8430,47.9289],[5.8448,47.9297]]}},{"type":"Feature","properties":{"name":"L’Ognon"},"geometry":{"type":"LineString","coordinates":[[6.3742,47.5234],[6.3774,47.5226],[6.3742,47.5205]]}},{"type":"Feature","properties":{"name":"L’Ognon"},"geometry":{"type":"LineString","coordinates":[[6.3860,47.5239],[6.3839,47.5237]]}},{"type":"Feature","properties":{"name":"L’Ognon"},"geometry":{"type":"LineString","coordinates":[[6.4243,47.5538],[6.4193,47.5530],[6.4135,47.5534],[6.4109,47.5509],[6.4107,47.5476],[6.4090,47.5456]]}},{"type":"Feature","properties":{"name":"L’Ognon"},"geometry":{"type":"LineString","coordinates":[[5.7178,47.2699],[5.7155,47.2696],[5.7143,47.2705]]}},{"type":"Feature","properties":{"name":"Le Salon"},"geometry":{"type":"LineString","coordinates":[[5.5243,47.7342],[5.5265,47.7314],[5.5265,47.7286],[5.5317,47.7263],[5.5330,47.7247],[5.5317,47.7193],[5.5148,47.7124],[5.5076,47.7130],[5.5043,47.7105],[5.4936,47.7077],[5.4899,47.7080],[5.4854,47.7022],[5.4828,47.7020],[5.4794,47.6989],[5.4762,47.6998],[5.4754,47.6979],[5.4774,47.6962],[5.4738,47.6949],[5.4718,47.6921],[5.4696,47.6923],[5.4683,47.6949],[5.4660,47.6947],[5.4658,47.6911],[5.4632,47.6911],[5.4623,47.6903],[5.4659,47.6878],[5.4659,47.6869],[5.4607,47.6852]]}},{"type":"Feature","properties":{"name":"Le Salon"},"geometry":{"type":"LineString","coordinates":[[5.6683,47.5588],[5.6717,47.5592]]}},{"type":"Feature","properties":{"name":"Le Salon"},"geometry":{"type":"LineString","coordinates":[[5.6434,47.5742],[5.6446,47.5737]]}},{"type":"Feature","properties":{"name":"Le Salon"},"geometry":{"type":"LineString","coordinates":[[5.6740,47.5568],[5.6750,47.5572]]}},{"type":"Feature","properties":{"name":"Le Salon"},"geometry":{"type":"LineString","coordinates":[[5.6727,47.5587],[5.6741,47.5566],[5.6722,47.5557],[5.6727,47.5551]]}},{"type":"Feature","properties":{"name":"Le Salon"},"geometry":{"type":"LineString","coordinates":[[5.6347,47.5735],[5.6350,47.5747],[5.6370,47.5748]]}},{"type":"Feature","properties":{"name":"Le Salon"},"geometry":{"type":"LineString","coordinates":[[5.4607,47.6852],[5.4607,47.6835],[5.4625,47.6811],[5.4607,47.6800],[5.4570,47.6799],[5.4560,47.6735],[5.4528,47.6730],[5.4515,47.6717],[5.4536,47.6707],[5.4586,47.6721],[5.4615,47.6711],[5.4634,47.6694],[5.4607,47.6664],[5.4614,47.6654],[5.4677,47.6620],[5.4716,47.6612],[5.4732,47.6578],[5.4787,47.6569],[5.4784,47.6556],[5.4751,47.6554],[5.4756,47.6541],[5.4839,47.6500],[5.4908,47.6515],[5.4938,47.6498],[5.5006,47.6508],[5.5040,47.6488],[5.5005,47.6466],[5.5008,47.6441],[5.5046,47.6415],[5.5118,47.6439],[5.5158,47.6438],[5.5170,47.6414],[5.5154,47.6397],[5.5154,47.6374],[5.5139,47.6379],[5.5162,47.6341],[5.5164,47.6313],[5.5120,47.6297],[5.5102,47.6306],[5.5093,47.6274],[5.5117,47.6250],[5.5162,47.6254],[5.5193,47.6235],[5.5197,47.6223],[5.5187,47.6209],[5.5171,47.6208],[5.5162,47.6182],[5.5194,47.6124],[5.5202,47.6135],[5.5218,47.6124],[5.5264,47.6117],[5.5270,47.6133],[5.5296,47.6137],[5.5322,47.6112],[5.5350,47.6109],[5.5345,47.6065],[5.5417,47.6045],[5.5425,47.6021],[5.5397,47.6024],[5.5392,47.6016],[5.5394,47.5996],[5.5406,47.5985],[5.5373,47.5970],[5.5387,47.5959],[5.5413,47.5964],[5.5434,47.5952],[5.5434,47.5904],[5.5446,47.5901],[5.5455,47.5910],[5.5479,47.5897],[5.5459,47.5888],[5.5463,47.5880],[5.5508,47.5885],[5.5530,47.5915],[5.5566,47.5924],[5.5558,47.5931],[5.5598,47.5928],[5.5591,47.5914],[5.5610,47.5909],[5.5624,47.5890],[5.5616,47.5870],[5.5601,47.5867],[5.5622,47.5859],[5.5615,47.5851],[5.5624,47.5846],[5.5615,47.5842],[5.5627,47.5832],[5.5620,47.5824],[5.5628,47.5813],[5.5619,47.5805],[5.5639,47.5794],[5.5662,47.5801],[5.5671,47.5789],[5.5720,47.5792],[5.5776,47.5767],[5.5784,47.5755],[5.5819,47.5752],[5.5828,47.5733],[5.5800,47.5723],[5.5769,47.5694],[5.5827,47.5670],[5.5915,47.5657],[5.5972,47.5662],[5.5994,47.5677],[5.6012,47.5710],[5.6044,47.5717],[5.6131,47.5693],[5.6141,47.5679],[5.6165,47.5683],[5.6161,47.5666],[5.6174,47.5654],[5.6221,47.5671],[5.6238,47.5663],[5.6268,47.5691],[5.6299,47.5681],[5.6330,47.5648],[5.6355,47.5648],[5.6373,47.5653],[5.6382,47.5671],[5.6342,47.5695],[5.6344,47.5732],[5.6385,47.5757],[5.6402,47.5759],[5.6432,47.5742],[5.6436,47.5750],[5.6446,47.5737],[5.6483,47.5725],[5.6476,47.5693],[5.6509,47.5654],[5.6493,47.5646],[5.6497,47.5633],[5.6615,47.5621],[5.6626,47.5636],[5.6647,47.5640],[5.6684,47.5617],[5.6668,47.5608],[5.6680,47.5601],[5.6695,47.5563],[5.6734,47.5543],[5.6811,47.5536],[5.6919,47.5486],[5.6914,47.5475],[5.6938,47.5459],[5.6914,47.5435],[5.6932,47.5419],[5.6908,47.5409],[5.6913,47.5395],[5.6895,47.5382],[5.6831,47.5349]]}},{"type":"Feature","properties":{"name":"Le Salon"},"geometry":{"type":"LineString","coordinates":[[5.6717,47.5592],[5.6764,47.5565],[5.6780,47.5564],[5.6814,47.5544],[5.6811,47.5536]]}},{"type":"Feature","properties":{"name":"La Meuse"},"geometry":{"type":"LineString","coordinates":[[5.5571,47.9899],[5.5500,47.9927],[5.5493,47.9938],[5.5477,47.9938],[5.5472,47.9951],[5.5480,47.9961],[5.5474,47.9965],[5.5482,47.9975],[5.5462,47.9981],[5.5456,48.0003],[5.5433,48.0000],[5.5416,48.0012],[5.5413,48.0032],[5.5422,48.0043],[5.5401,48.0045],[5.5392,48.0037],[5.5354,48.0044],[5.5355,48.0060],[5.5405,48.0086],[5.5416,48.0106],[5.5389,48.0127],[5.5364,48.0121],[5.5344,48.0135],[5.5349,48.0165],[5.5380,48.0189],[5.5367,48.0196],[5.5308,48.0188],[5.5299,48.0195]]}},{"type":"Feature","properties":{"name":"Ruisseau de Noironte"},"geometry":{"type":"LineString","coordinates":[[5.8814,47.2635],[5.8819,47.2670],[5.8806,47.2692],[5.8786,47.2701],[5.8780,47.2715],[5.8761,47.2713],[5.8766,47.2729],[5.8740,47.2737],[5.8728,47.2758],[5.8692,47.2779],[5.8669,47.2806],[5.8604,47.2808],[5.8571,47.2820],[5.8538,47.2807],[5.8523,47.2793],[5.8528,47.2782],[5.8462,47.2749],[5.8299,47.2755],[5.8260,47.2733],[5.8235,47.2751]]}},{"type":"Feature","properties":{"name":"Canal du Moulin"},"geometry":{"type":"LineString","coordinates":[[5.7314,47.6016],[5.7319,47.6001],[5.7351,47.5984]]}},{"type":"Feature","properties":{"name":"Canal du Moulin"},"geometry":{"type":"LineString","coordinates":[[5.6661,47.4483],[5.6607,47.4506],[5.6599,47.4495]]}},{"type":"Feature","properties":{"name":"Canal du Moulin"},"geometry":{"type":"LineString","coordinates":[[6.1380,47.4007],[6.1335,47.3948],[6.1294,47.3940]]}},{"type":"Feature","properties":{"name":"Canal du Moulin"},"geometry":{"type":"LineString","coordinates":[[5.6712,47.6454],[5.6746,47.6428]]}},{"type":"Feature","properties":{"name":"Canal du Moulin"},"geometry":{"type":"LineString","coordinates":[[5.6709,47.6457],[5.6717,47.6458]]}},{"type":"Feature","properties":{"name":"Canal du Moulin"},"geometry":{"type":"LineString","coordinates":[[5.6709,47.6457],[5.6712,47.6454]]}},{"type":"Feature","properties":{"name":"Canal du Moulin"},"geometry":{"type":"LineString","coordinates":[[5.6712,47.6466],[5.6709,47.6457]]}},{"type":"Feature","properties":{"name":"Canal du Moulin"},"geometry":{"type":"LineString","coordinates":[[5.7310,47.8176],[5.7347,47.8180]]}},{"type":"Feature","properties":{"name":"Canal du Moulin"},"geometry":{"type":"LineString","coordinates":[[5.8850,47.8325],[5.8925,47.8305],[5.8969,47.8275]]}},{"type":"Feature","properties":{"name":"Canal du Moulin"},"geometry":{"type":"LineString","coordinates":[[5.8973,47.8274],[5.9031,47.8278],[5.9076,47.8263]]}},{"type":"Feature","properties":{"name":"Canal du Moulin"},"geometry":{"type":"LineString","coordinates":[[5.9080,47.8261],[5.9142,47.8232],[5.9185,47.8230],[5.9306,47.8251]]}},{"type":"Feature","properties":{"name":"Canal du Moulin"},"geometry":{"type":"LineString","coordinates":[[5.8969,47.8275],[5.8973,47.8274]]}},{"type":"Feature","properties":{"name":"Canal du Moulin"},"geometry":{"type":"LineString","coordinates":[[5.7619,47.8286],[5.7654,47.8315],[5.7722,47.8345],[5.7753,47.8353],[5.7787,47.8348]]}},{"type":"Feature","properties":{"name":"Canal du Moulin"},"geometry":{"type":"LineString","coordinates":[[5.9732,47.5094],[5.9714,47.5091]]}},{"type":"Feature","properties":{"name":"Canal du Moulin"},"geometry":{"type":"LineString","coordinates":[[5.9079,47.8262],[5.9080,47.8261]]}},{"type":"Feature","properties":{"name":"Canal du Moulin"},"geometry":{"type":"LineString","coordinates":[[5.9076,47.8263],[5.9079,47.8262]]}},{"type":"Feature","properties":{"name":"Canal du Moulin"},"geometry":{"type":"LineString","coordinates":[[5.9714,47.5091],[5.9713,47.5090]]}},{"type":"Feature","properties":{"name":"Canal du Moulin"},"geometry":{"type":"LineString","coordinates":[[5.9713,47.5090],[5.9697,47.5082],[5.9695,47.5093]]}},{"type":"Feature","properties":{"name":"Canal du Moulin"},"geometry":{"type":"LineString","coordinates":[[6.0011,47.9207],[5.9973,47.9168]]}},{"type":"Feature","properties":{"name":"Canal du Moulin"},"geometry":{"type":"LineString","coordinates":[[5.9972,47.9167],[5.9953,47.9153]]}},{"type":"Feature","properties":{"name":"Canal du Moulin"},"geometry":{"type":"LineString","coordinates":[[6.5682,47.5653],[6.5671,47.5669]]}},{"type":"Feature","properties":{"name":"Torrent Des Alloz"},"geometry":{"type":"LineString","coordinates":[[6.4748,47.3258],[6.4720,47.3246],[6.4695,47.3266],[6.4663,47.3271],[6.4663,47.3253],[6.4642,47.3245],[6.4624,47.3252],[6.4627,47.3275],[6.4614,47.3285],[6.4589,47.3264],[6.4600,47.3254],[6.4566,47.3263],[6.4543,47.3236],[6.4497,47.3231],[6.4489,47.3220],[6.4442,47.3242],[6.4407,47.3225],[6.4383,47.3247]]}},{"type":"Feature","properties":{"name":"La Lizaine"},"geometry":{"type":"LineString","coordinates":[[6.7404,47.5853],[6.7428,47.5843],[6.7430,47.5813],[6.7494,47.5793],[6.7514,47.5755],[6.7566,47.5741],[6.7631,47.5698],[6.7658,47.5699],[6.7661,47.5675],[6.7691,47.5661],[6.7742,47.5616],[6.7784,47.5615],[6.7792,47.5570],[6.7767,47.5532],[6.7839,47.5512],[6.7854,47.5408],[6.7846,47.5404],[6.7863,47.5397],[6.7863,47.5371],[6.7911,47.5345],[6.7933,47.5348],[6.8017,47.5240],[6.8016,47.5215],[6.7990,47.5171],[6.7984,47.5122]]}},{"type":"Feature","properties":{"name":"La Lizaine"},"geometry":{"type":"LineString","coordinates":[[6.7939,47.5086],[6.7925,47.5080]]}},{"type":"Feature","properties":{"name":"La Lizaine"},"geometry":{"type":"LineString","coordinates":[[6.7327,47.6046],[6.7324,47.6033],[6.7353,47.6018],[6.7363,47.5980],[6.7382,47.5969],[6.7354,47.5939],[6.7339,47.5936],[6.7339,47.5919],[6.7348,47.5917],[6.7340,47.5910],[6.7358,47.5901],[6.7357,47.5889],[6.7373,47.5893],[6.7372,47.5878],[6.7400,47.5868],[6.7393,47.5859],[6.7404,47.5853]]}},{"type":"Feature","properties":{"name":"La Lizaine"},"geometry":{"type":"LineString","coordinates":[[6.7984,47.5122],[6.7958,47.5113],[6.7940,47.5098],[6.7940,47.5087]]}},{"type":"Feature","properties":{"name":"La Lizaine"},"geometry":{"type":"LineString","coordinates":[[6.7940,47.5087],[6.7939,47.5086]]}},{"type":"Feature","properties":{"name":"La Traire"},"geometry":{"type":"LineString","coordinates":[[5.4385,47.9721],[5.4374,47.9765],[5.4381,47.9780],[5.4365,47.9812],[5.4367,47.9822],[5.4383,47.9825],[5.4382,47.9849],[5.4404,47.9917],[5.4358,47.9967],[5.4354,47.9986],[5.4334,47.9985],[5.4335,47.9995],[5.4299,47.9997],[5.4284,48.0009]]}},{"type":"Feature","properties":{"name":"La Méline"},"geometry":{"type":"LineString","coordinates":[[6.1314,47.5907],[6.1345,47.5944],[6.1346,47.5975],[6.1358,47.5998]]}},{"type":"Feature","properties":{"name":"La Méline"},"geometry":{"type":"LineString","coordinates":[[6.1358,47.6018],[6.1359,47.6021]]}},{"type":"Feature","properties":{"name":"La Méline"},"geometry":{"type":"LineString","coordinates":[[6.1361,47.6014],[6.1358,47.6018]]}},{"type":"Feature","properties":{"name":"La Méline"},"geometry":{"type":"LineString","coordinates":[[6.1361,47.6011],[6.1361,47.6013]]}},{"type":"Feature","properties":{"name":"La Méline"},"geometry":{"type":"LineString","coordinates":[[6.1361,47.6013],[6.1361,47.6014]]}},{"type":"Feature","properties":{"name":"La Méline"},"geometry":{"type":"LineString","coordinates":[[6.1450,47.6147],[6.1474,47.6176]]}},{"type":"Feature","properties":{"name":"La Méline"},"geometry":{"type":"LineString","coordinates":[[6.1356,47.6031],[6.1353,47.6039]]}},{"type":"Feature","properties":{"name":"La Méline"},"geometry":{"type":"LineString","coordinates":[[6.1359,47.6024],[6.1359,47.6025]]}},{"type":"Feature","properties":{"name":"La Méline"},"geometry":{"type":"LineString","coordinates":[[6.1359,47.6021],[6.1359,47.6024]]}},{"type":"Feature","properties":{"name":"La Méline"},"geometry":{"type":"LineString","coordinates":[[6.1359,47.6025],[6.1356,47.6031]]}},{"type":"Feature","properties":{"name":"La Méline"},"geometry":{"type":"LineString","coordinates":[[6.1362,47.6051],[6.1366,47.6076],[6.1352,47.6096],[6.1357,47.6111],[6.1404,47.6120],[6.1450,47.6147]]}},{"type":"Feature","properties":{"name":"La Méline"},"geometry":{"type":"LineString","coordinates":[[6.1353,47.6039],[6.1357,47.6044]]}},{"type":"Feature","properties":{"name":"La Méline"},"geometry":{"type":"LineString","coordinates":[[6.1357,47.6044],[6.1360,47.6046]]}},{"type":"Feature","properties":{"name":"La Méline"},"geometry":{"type":"LineString","coordinates":[[6.1360,47.6046],[6.1361,47.6046]]}},{"type":"Feature","properties":{"name":"La Méline"},"geometry":{"type":"LineString","coordinates":[[6.1361,47.6046],[6.1362,47.6050]]}},{"type":"Feature","properties":{"name":"La Méline"},"geometry":{"type":"LineString","coordinates":[[6.1362,47.6050],[6.1362,47.6051]]}},{"type":"Feature","properties":{"name":"La Méline"},"geometry":{"type":"LineString","coordinates":[[6.1301,47.5886],[6.1306,47.5892]]}},{"type":"Feature","properties":{"name":"La Méline"},"geometry":{"type":"LineString","coordinates":[[6.1310,47.5895],[6.1314,47.5907]]}},{"type":"Feature","properties":{"name":"La Méline"},"geometry":{"type":"LineString","coordinates":[[6.1308,47.5894],[6.1309,47.5895]]}},{"type":"Feature","properties":{"name":"La Méline"},"geometry":{"type":"LineString","coordinates":[[6.1293,47.5882],[6.1301,47.5886]]}},{"type":"Feature","properties":{"name":"La Méline"},"geometry":{"type":"LineString","coordinates":[[6.1306,47.5892],[6.1308,47.5894]]}},{"type":"Feature","properties":{"name":"La Méline"},"geometry":{"type":"LineString","coordinates":[[6.1358,47.6001],[6.1361,47.6011]]}},{"type":"Feature","properties":{"name":"La Méline"},"geometry":{"type":"LineString","coordinates":[[6.1358,47.5999],[6.1358,47.6001]]}},{"type":"Feature","properties":{"name":"La Méline"},"geometry":{"type":"LineString","coordinates":[[6.1358,47.5998],[6.1358,47.5999]]}},{"type":"Feature","properties":{"name":"Le Gland"},"geometry":{"type":"LineString","coordinates":[[6.8429,47.4724],[6.8421,47.4725]]}},{"type":"Feature","properties":{"name":"Le Gland"},"geometry":{"type":"LineString","coordinates":[[6.8421,47.4725],[6.8381,47.4719]]}},{"type":"Feature","properties":{"name":"Le Gland"},"geometry":{"type":"LineString","coordinates":[[6.8436,47.4723],[6.8429,47.4724]]}},{"type":"Feature","properties":{"name":"Le Gland"},"geometry":{"type":"LineString","coordinates":[[6.8438,47.4722],[6.8436,47.4723]]}},{"type":"Feature","properties":{"name":"Le Gland"},"geometry":{"type":"LineString","coordinates":[[6.8552,47.4637],[6.8520,47.4659],[6.8519,47.4676],[6.8510,47.4680],[6.8514,47.4692]]}},{"type":"Feature","properties":{"name":"Le Gland"},"geometry":{"type":"LineString","coordinates":[[6.8515,47.4694],[6.8473,47.4718],[6.8438,47.4722]]}},{"type":"Feature","properties":{"name":"Le Gland"},"geometry":{"type":"LineString","coordinates":[[6.8514,47.4692],[6.8515,47.4694]]}},{"type":"Feature","properties":{"name":"La Quenoche"},"geometry":{"type":"LineString","coordinates":[[6.1634,47.4538],[6.1648,47.4529]]}},{"type":"Feature","properties":{"name":"La Quenoche"},"geometry":{"type":"LineString","coordinates":[[6.1648,47.4529],[6.1649,47.4528]]}},{"type":"Feature","properties":{"name":"La Quenoche"},"geometry":{"type":"LineString","coordinates":[[6.1598,47.4576],[6.1597,47.4545],[6.1634,47.4538]]}},{"type":"Feature","properties":{"name":"La Quenoche"},"geometry":{"type":"LineString","coordinates":[[6.1649,47.4528],[6.1687,47.4512],[6.1741,47.4504],[6.1835,47.4527],[6.1911,47.4520],[6.2024,47.4474]]}},{"type":"Feature","properties":{"name":"La Jouanne"},"geometry":{"type":"LineString","coordinates":[[5.9000,47.4990],[5.9013,47.5002],[5.9007,47.5032],[5.9015,47.5044],[5.8829,47.5130],[5.8787,47.5165],[5.8779,47.5207],[5.8788,47.5220],[5.8791,47.5260],[5.8784,47.5273],[5.8791,47.5283],[5.8783,47.5324]]}},{"type":"Feature","properties":{"name":"Ruisseau du Haut Fer"},"geometry":{"type":"LineString","coordinates":[[5.8716,48.0066],[5.8780,48.0053],[5.8833,48.0030],[5.8832,48.0018],[5.8877,48.0012],[5.8903,47.9996],[5.8938,48.0003],[5.8961,47.9991],[5.8963,47.9977],[5.8990,47.9971],[5.9002,47.9958],[5.9060,47.9951]]}},{"type":"Feature","properties":{"name":"La Vingeanne"},"geometry":{"type":"LineString","coordinates":[[5.3736,47.4743],[5.3733,47.4717],[5.3757,47.4713]]}},{"type":"Feature","properties":{"name":"La Vingeanne"},"geometry":{"type":"LineString","coordinates":[[5.3802,47.4518],[5.3807,47.4512],[5.3796,47.4505]]}},{"type":"Feature","properties":{"name":"La Vingeanne"},"geometry":{"type":"LineString","coordinates":[[5.3717,47.4618],[5.3720,47.4620]]}},{"type":"Feature","properties":{"name":"La Vingeanne"},"geometry":{"type":"LineString","coordinates":[[5.3929,47.5925],[5.3935,47.5912]]}},{"type":"Feature","properties":{"name":"La Vingeanne"},"geometry":{"type":"LineString","coordinates":[[5.4366,47.5636],[5.4348,47.5609],[5.4339,47.5573],[5.4346,47.5558],[5.4330,47.5555],[5.4329,47.5532]]}},{"type":"Feature","properties":{"name":"La Vingeanne"},"geometry":{"type":"LineString","coordinates":[[5.4316,47.5680],[5.4331,47.5674]]}},{"type":"Feature","properties":{"name":"La Vingeanne"},"geometry":{"type":"LineString","coordinates":[[5.4255,47.5321],[5.4255,47.5312],[5.4221,47.5294]]}},{"type":"Feature","properties":{"name":"La Vingeanne"},"geometry":{"type":"LineString","coordinates":[[5.3718,47.4658],[5.3716,47.4660]]}},{"type":"Feature","properties":{"name":"La Vingeanne"},"geometry":{"type":"LineString","coordinates":[[5.3716,47.4660],[5.3686,47.4670],[5.3672,47.4641]]}},{"type":"Feature","properties":{"name":"La Vingeanne"},"geometry":{"type":"LineString","coordinates":[[5.4096,47.5118],[5.4086,47.5112],[5.4100,47.5107],[5.4083,47.5106],[5.4083,47.5098],[5.4040,47.5077],[5.4048,47.5074],[5.4038,47.5062],[5.4023,47.5062],[5.4033,47.5056],[5.4020,47.5051],[5.4020,47.5040],[5.4001,47.5034],[5.4010,47.5029],[5.3993,47.4990],[5.3969,47.4957],[5.3955,47.4952],[5.3957,47.4941],[5.3902,47.4866],[5.3884,47.4854],[5.3891,47.4846],[5.3873,47.4812],[5.3840,47.4781],[5.3825,47.4786],[5.3808,47.4771],[5.3762,47.4767],[5.3738,47.4751],[5.3736,47.4743],[5.3749,47.4735],[5.3823,47.4714],[5.3819,47.4700],[5.3832,47.4694],[5.3827,47.4668]]}},{"type":"Feature","properties":{"name":"La Vingeanne"},"geometry":{"type":"LineString","coordinates":[[5.3672,47.4641],[5.3657,47.4634],[5.3696,47.4606],[5.3717,47.4618]]}},{"type":"Feature","properties":{"name":"La Vingeanne"},"geometry":{"type":"LineString","coordinates":[[5.3967,47.3882],[5.3966,47.3857],[5.3993,47.3840],[5.4062,47.3820],[5.4092,47.3823],[5.4110,47.3804],[5.4134,47.3796],[5.4148,47.3774],[5.4188,47.3744],[5.4242,47.3729],[5.4291,47.3695],[5.4314,47.3640],[5.4334,47.3625],[5.4331,47.3606],[5.4339,47.3596]]}},{"type":"Feature","properties":{"name":"La Vingeanne"},"geometry":{"type":"LineString","coordinates":[[5.3827,47.4668],[5.3824,47.4652],[5.3799,47.4646],[5.3766,47.4645],[5.3718,47.4658]]}},{"type":"Feature","properties":{"name":"La Vingeanne"},"geometry":{"type":"LineString","coordinates":[[5.3718,47.6145],[5.3732,47.6085],[5.3722,47.6073],[5.3738,47.6066],[5.3739,47.6044],[5.3779,47.6052],[5.3779,47.6063],[5.3829,47.6077],[5.3842,47.6092],[5.3895,47.6078],[5.3897,47.6071],[5.3884,47.6071],[5.3872,47.6052],[5.3867,47.6012],[5.3857,47.6009],[5.3877,47.6003],[5.3864,47.5994],[5.3880,47.5989],[5.3866,47.5981],[5.3879,47.5977],[5.3871,47.5963],[5.3929,47.5925],[5.3962,47.5919],[5.3970,47.5902],[5.3997,47.5896],[5.4001,47.5883],[5.4032,47.5864],[5.4040,47.5852],[5.4035,47.5845],[5.4064,47.5824],[5.4062,47.5811],[5.4083,47.5802],[5.4079,47.5784],[5.4041,47.5766],[5.4036,47.5745],[5.4155,47.5720],[5.4235,47.5717],[5.4265,47.5689],[5.4314,47.5681],[5.4314,47.5668],[5.4345,47.5666],[5.4366,47.5636]]}},{"type":"Feature","properties":{"name":"La Vingeanne"},"geometry":{"type":"LineString","coordinates":[[5.3536,47.6545],[5.3544,47.6533],[5.3483,47.6521],[5.3487,47.6497],[5.3521,47.6481],[5.3512,47.6468],[5.3462,47.6465],[5.3478,47.6438],[5.3475,47.6425],[5.3441,47.6423],[5.3421,47.6432],[5.3358,47.6426],[5.3354,47.6413],[5.3368,47.6402],[5.3357,47.6376],[5.3362,47.6345],[5.3418,47.6306],[5.3380,47.6271],[5.3412,47.6253],[5.3466,47.6253],[5.3507,47.6266],[5.3540,47.6251],[5.3548,47.6230],[5.3570,47.6220],[5.3565,47.6213],[5.3586,47.6198],[5.3575,47.6160],[5.3613,47.6103],[5.3655,47.6121],[5.3643,47.6134],[5.3661,47.6154],[5.3683,47.6162],[5.3705,47.6158],[5.3718,47.6145]]}},{"type":"Feature","properties":{"name":"La Vingeanne"},"geometry":{"type":"LineString","coordinates":[[5.4323,47.5444],[5.4307,47.5436],[5.4308,47.5427],[5.4332,47.5403]]}},{"type":"Feature","properties":{"name":"La Vingeanne"},"geometry":{"type":"LineString","coordinates":[[5.4332,47.5403],[5.4354,47.5407]]}},{"type":"Feature","properties":{"name":"La Vingeanne"},"geometry":{"type":"LineString","coordinates":[[5.4216,47.5185],[5.4216,47.5185]]}},{"type":"Feature","properties":{"name":"La Vingeanne"},"geometry":{"type":"LineString","coordinates":[[5.4217,47.5185],[5.4215,47.5184]]}},{"type":"Feature","properties":{"name":"La Vingeanne"},"geometry":{"type":"LineString","coordinates":[[5.4219,47.5187],[5.4211,47.5188]]}},{"type":"Feature","properties":{"name":"La Vingeanne"},"geometry":{"type":"LineString","coordinates":[[5.4216,47.5185],[5.4209,47.5186]]}},{"type":"Feature","properties":{"name":"La Vingeanne"},"geometry":{"type":"LineString","coordinates":[[5.4252,47.5211],[5.4217,47.5185]]}},{"type":"Feature","properties":{"name":"La Vingeanne"},"geometry":{"type":"LineString","coordinates":[[5.4215,47.5184],[5.4197,47.5178]]}},{"type":"Feature","properties":{"name":"La Vingeanne"},"geometry":{"type":"LineString","coordinates":[[5.4194,47.5261],[5.4195,47.5245],[5.4209,47.5244],[5.4209,47.5235],[5.4234,47.5238],[5.4248,47.5228],[5.4250,47.5183],[5.4219,47.5187]]}},{"type":"Feature","properties":{"name":"La Vingeanne"},"geometry":{"type":"LineString","coordinates":[[5.4224,47.5190],[5.4205,47.5181]]}},{"type":"Feature","properties":{"name":"La Vingeanne"},"geometry":{"type":"LineString","coordinates":[[5.3840,47.4807],[5.3855,47.4805]]}},{"type":"Feature","properties":{"name":"La Vingeanne"},"geometry":{"type":"LineString","coordinates":[[5.3873,47.4872],[5.3836,47.4808]]}},{"type":"Feature","properties":{"name":"La Vingeanne"},"geometry":{"type":"LineString","coordinates":[[5.3906,47.4875],[5.3880,47.4877]]}},{"type":"Feature","properties":{"name":"La Vingeanne"},"geometry":{"type":"LineString","coordinates":[[5.3825,47.4806],[5.3824,47.4804]]}},{"type":"Feature","properties":{"name":"La Vingeanne"},"geometry":{"type":"LineString","coordinates":[[5.3880,47.4877],[5.3873,47.4872]]}},{"type":"Feature","properties":{"name":"La Vingeanne"},"geometry":{"type":"LineString","coordinates":[[5.3836,47.4808],[5.3840,47.4807]]}},{"type":"Feature","properties":{"name":"La Vingeanne"},"geometry":{"type":"LineString","coordinates":[[5.3824,47.4804],[5.3803,47.4791],[5.3753,47.4788],[5.3715,47.4774],[5.3702,47.4740],[5.3728,47.4726]]}},{"type":"Feature","properties":{"name":"La Vingeanne"},"geometry":{"type":"LineString","coordinates":[[5.3834,47.4812],[5.3825,47.4806]]}},{"type":"Feature","properties":{"name":"La Vingeanne"},"geometry":{"type":"LineString","coordinates":[[5.3740,47.4716],[5.3770,47.4711]]}},{"type":"Feature","properties":{"name":"La Vingeanne"},"geometry":{"type":"LineString","coordinates":[[5.3733,47.4726],[5.3733,47.4725]]}},{"type":"Feature","properties":{"name":"La Vingeanne"},"geometry":{"type":"LineString","coordinates":[[5.3728,47.4726],[5.3733,47.4726]]}},{"type":"Feature","properties":{"name":"La Vingeanne"},"geometry":{"type":"LineString","coordinates":[[5.3856,47.4804],[5.3860,47.4800]]}},{"type":"Feature","properties":{"name":"La Vingeanne"},"geometry":{"type":"LineString","coordinates":[[5.3855,47.4805],[5.3856,47.4804]]}},{"type":"Feature","properties":{"name":"La Vingeanne"},"geometry":{"type":"LineString","coordinates":[[5.3720,47.4620],[5.3758,47.4601],[5.3782,47.4601],[5.3792,47.4594],[5.3786,47.4586],[5.3839,47.4601],[5.3862,47.4591],[5.3804,47.4531],[5.3802,47.4518],[5.3791,47.4516],[5.3820,47.4489],[5.3885,47.4473],[5.3885,47.4437],[5.3867,47.4423],[5.3881,47.4416],[5.3855,47.4376],[5.3779,47.4333],[5.3737,47.4326],[5.3707,47.4300],[5.3635,47.4303],[5.3616,47.4296],[5.3620,47.4286],[5.3631,47.4286],[5.3634,47.4278],[5.3626,47.4277],[5.3639,47.4245],[5.3654,47.4244],[5.3661,47.4226],[5.3701,47.4196],[5.3717,47.4158],[5.3750,47.4133],[5.3769,47.4098],[5.3818,47.4077],[5.3871,47.4084],[5.3879,47.4072],[5.3911,47.4063],[5.4019,47.4059],[5.4058,47.3984],[5.4047,47.3982],[5.4041,47.3963],[5.4032,47.3965],[5.3985,47.3914]]}},{"type":"Feature","properties":{"name":"La Vingeanne"},"geometry":{"type":"LineString","coordinates":[[5.3759,47.4713],[5.3787,47.4712],[5.3826,47.4689]]}},{"type":"Feature","properties":{"name":"La Vingeanne"},"geometry":{"type":"LineString","coordinates":[[5.3757,47.4713],[5.3759,47.4713]]}},{"type":"Feature","properties":{"name":"La Vingeanne"},"geometry":{"type":"LineString","coordinates":[[5.3947,47.3896],[5.3946,47.3889],[5.3967,47.3882]]}},{"type":"Feature","properties":{"name":"La Vingeanne"},"geometry":{"type":"LineString","coordinates":[[5.4339,47.3596],[5.4372,47.3538]]}},{"type":"Feature","properties":{"name":"La Vingeanne"},"geometry":{"type":"LineString","coordinates":[[5.4355,47.3541],[5.4421,47.3520],[5.4434,47.3503]]}},{"type":"Feature","properties":{"name":"La Vingeanne"},"geometry":{"type":"LineString","coordinates":[[5.4421,47.3520],[5.4454,47.3530],[5.4512,47.3527],[5.4591,47.3489]]}},{"type":"Feature","properties":{"name":"La Vingeanne"},"geometry":{"type":"LineString","coordinates":[[5.3159,47.7386],[5.3221,47.7364],[5.3199,47.7293],[5.3222,47.7252],[5.3242,47.7237],[5.3242,47.7220],[5.3255,47.7214],[5.3257,47.7199],[5.3234,47.7188],[5.3231,47.7177],[5.3221,47.7180],[5.3200,47.7117],[5.3218,47.7064],[5.3213,47.7056],[5.3231,47.7024],[5.3269,47.7017],[5.3303,47.7032],[5.3318,47.7024],[5.3339,47.6970],[5.3371,47.6928],[5.3370,47.6914],[5.3425,47.6901],[5.3442,47.6886],[5.3450,47.6855],[5.3477,47.6838],[5.3496,47.6810],[5.3500,47.6793],[5.3517,47.6785],[5.3560,47.6796],[5.3561,47.6745],[5.3580,47.6734],[5.3613,47.6732],[5.3622,47.6719],[5.3580,47.6659],[5.3541,47.6650],[5.3540,47.6616],[5.3550,47.6605],[5.3544,47.6593],[5.3490,47.6587],[5.3475,47.6574],[5.3485,47.6562],[5.3536,47.6545]]}},{"type":"Feature","properties":{"name":"La Vingeanne"},"geometry":{"type":"LineString","coordinates":[[5.3935,47.5912],[5.3935,47.5911]]}},{"type":"Feature","properties":{"name":"La Vingeanne"},"geometry":{"type":"LineString","coordinates":[[5.3935,47.5911],[5.3952,47.5893],[5.3970,47.5902]]}},{"type":"Feature","properties":{"name":"La Vingeanne"},"geometry":{"type":"LineString","coordinates":[[5.3844,47.4575],[5.3806,47.4569],[5.3784,47.4556],[5.3793,47.4495],[5.3845,47.4443],[5.3846,47.4427],[5.3831,47.4414],[5.3810,47.4415],[5.3784,47.4390],[5.3791,47.4381],[5.3779,47.4370],[5.3784,47.4340]]}},{"type":"Feature","properties":{"name":"La Vingeanne"},"geometry":{"type":"LineString","coordinates":[[5.4198,47.3575],[5.4192,47.3566],[5.4204,47.3563]]}},{"type":"Feature","properties":{"name":"La Vingeanne"},"geometry":{"type":"LineString","coordinates":[[5.3947,47.3896],[5.3937,47.3883],[5.3951,47.3865],[5.3947,47.3834],[5.3937,47.3831],[5.3953,47.3825],[5.3945,47.3814],[5.3967,47.3799],[5.4014,47.3797],[5.4049,47.3765],[5.4049,47.3753],[5.4040,47.3749],[5.4051,47.3735],[5.4074,47.3733],[5.4089,47.3693],[5.4105,47.3696],[5.4152,47.3675],[5.4150,47.3667],[5.4171,47.3655],[5.4161,47.3626],[5.4187,47.3605],[5.4201,47.3577]]}},{"type":"Feature","properties":{"name":"La Vingeanne"},"geometry":{"type":"LineString","coordinates":[[5.4208,47.3564],[5.4284,47.3542],[5.4287,47.3554],[5.4324,47.3568]]}},{"type":"Feature","properties":{"name":"La Vingeanne"},"geometry":{"type":"LineString","coordinates":[[5.4015,47.3832],[5.4037,47.3829]]}},{"type":"Feature","properties":{"name":"La Vingeanne"},"geometry":{"type":"LineString","coordinates":[[5.4331,47.5674],[5.4338,47.5672]]}},{"type":"Feature","properties":{"name":"La Vingeanne"},"geometry":{"type":"LineString","coordinates":[[5.4338,47.5672],[5.4345,47.5666]]}},{"type":"Feature","properties":{"name":"La Vingeanne"},"geometry":{"type":"LineString","coordinates":[[5.4366,47.5636],[5.4379,47.5613],[5.4368,47.5598],[5.4381,47.5594],[5.4378,47.5560],[5.4329,47.5532]]}},{"type":"Feature","properties":{"name":"La Vingeanne"},"geometry":{"type":"LineString","coordinates":[[5.4329,47.5532],[5.4330,47.5515],[5.4346,47.5496],[5.4333,47.5496],[5.4337,47.5473],[5.4324,47.5438],[5.4328,47.5424],[5.4349,47.5418],[5.4358,47.5399],[5.4316,47.5386],[5.4271,47.5392],[5.4246,47.5380],[5.4249,47.5362],[5.4232,47.5338],[5.4250,47.5340],[5.4258,47.5309],[5.4221,47.5294],[5.4201,47.5279],[5.4194,47.5261],[5.4174,47.5261],[5.4169,47.5252],[5.4183,47.5245],[5.4181,47.5237],[5.4200,47.5215],[5.4201,47.5198],[5.4191,47.5196],[5.4203,47.5187],[5.4185,47.5167],[5.4157,47.5172],[5.4149,47.5161],[5.4128,47.5158],[5.4134,47.5146],[5.4101,47.5151],[5.4106,47.5145],[5.4093,47.5142],[5.4107,47.5138],[5.4098,47.5132],[5.4115,47.5125],[5.4096,47.5118]]}},{"type":"Feature","properties":{"name":"La Vingeanne"},"geometry":{"type":"LineString","coordinates":[[5.3977,47.3907],[5.3982,47.3888],[5.3967,47.3882]]}},{"type":"Feature","properties":{"name":"La Vingeanne"},"geometry":{"type":"LineString","coordinates":[[5.3985,47.3914],[5.3977,47.3907]]}},{"type":"Feature","properties":{"name":"La Vingeanne"},"geometry":{"type":"LineString","coordinates":[[5.3977,47.3907],[5.3947,47.3896]]}},{"type":"Feature","properties":{"name":"La Vingeanne"},"geometry":{"type":"LineString","coordinates":[[5.4339,47.3596],[5.4327,47.3589],[5.4324,47.3568]]}},{"type":"Feature","properties":{"name":"La Vingeanne"},"geometry":{"type":"LineString","coordinates":[[5.4324,47.3568],[5.4360,47.3537],[5.4443,47.3500],[5.4469,47.3471],[5.4479,47.3479],[5.4562,47.3474],[5.4675,47.3538],[5.4739,47.3558],[5.4800,47.3560],[5.4851,47.3550],[5.4889,47.3560]]}},{"type":"Feature","properties":{"name":"Vieille Saône"},"geometry":{"type":"LineString","coordinates":[[5.7066,47.5202],[5.7050,47.5179],[5.6992,47.5182],[5.6954,47.5207],[5.6940,47.5247]]}},{"type":"Feature","properties":{"name":"Vieille Saône"},"geometry":{"type":"LineString","coordinates":[[5.8040,47.5693],[5.8010,47.5712],[5.8019,47.5723],[5.8007,47.5732],[5.7948,47.5719],[5.7901,47.5729],[5.7852,47.5758],[5.7833,47.5798]]}},{"type":"Feature","properties":{"name":"Le Côney"},"geometry":{"type":"LineString","coordinates":[[6.2737,48.0523],[6.2744,48.0488],[6.2700,48.0464],[6.2701,48.0452],[6.2669,48.0437],[6.2611,48.0437],[6.2583,48.0410],[6.2587,48.0399],[6.2664,48.0356],[6.2612,48.0292],[6.2619,48.0253],[6.2539,48.0215],[6.2503,48.0231],[6.2437,48.0207],[6.2431,48.0181],[6.2388,48.0128],[6.2389,48.0097],[6.2342,48.0041],[6.2343,48.0000],[6.2320,47.9977],[6.2334,47.9960],[6.2300,47.9952],[6.2291,47.9930],[6.2269,47.9919],[6.2281,47.9881],[6.2252,47.9817],[6.2181,47.9811],[6.2170,47.9777],[6.2151,47.9768],[6.2076,47.9777],[6.2019,47.9760],[6.1976,47.9741],[6.1926,47.9694],[6.1865,47.9694],[6.1802,47.9709],[6.1747,47.9706],[6.1731,47.9692],[6.1748,47.9651],[6.1715,47.9653],[6.1696,47.9664],[6.1675,47.9714],[6.1624,47.9724]]}},{"type":"Feature","properties":{"name":"Le Côney"},"geometry":{"type":"LineString","coordinates":[[6.1628,47.9724],[6.1602,47.9729]]}},{"type":"Feature","properties":{"name":"Le Côney"},"geometry":{"type":"LineString","coordinates":[[6.1624,47.9724],[6.1622,47.9724]]}},{"type":"Feature","properties":{"name":"Le Côney"},"geometry":{"type":"LineString","coordinates":[[6.1622,47.9724],[6.1570,47.9724],[6.1503,47.9702],[6.1494,47.9686],[6.1497,47.9656],[6.1555,47.9641],[6.1462,47.9610],[6.1441,47.9610],[6.1418,47.9593],[6.1297,47.9573],[6.1184,47.9594],[6.1123,47.9594],[6.1078,47.9580],[6.1059,47.9565],[6.0968,47.9543]]}},{"type":"Feature","properties":{"name":"Le Côney"},"geometry":{"type":"LineString","coordinates":[[5.9949,47.9119],[5.9948,47.9111]]}},{"type":"Feature","properties":{"name":"Le Côney"},"geometry":{"type":"LineString","coordinates":[[6.0968,47.9543],[6.0934,47.9565],[6.0934,47.9581],[6.0955,47.9598],[6.0952,47.9608],[6.0885,47.9615],[6.0826,47.9604],[6.0769,47.9543],[6.0628,47.9529],[6.0585,47.9508],[6.0556,47.9516],[6.0480,47.9511]]}},{"type":"Feature","properties":{"name":"Le Côney"},"geometry":{"type":"LineString","coordinates":[[6.0480,47.9511],[6.0469,47.9504],[6.0459,47.9462],[6.0504,47.9392],[6.0469,47.9324],[6.0406,47.9330],[6.0382,47.9312],[6.0359,47.9314],[6.0354,47.9304],[6.0335,47.9312],[6.0323,47.9287],[6.0212,47.9270],[6.0196,47.9281],[6.0191,47.9270],[6.0168,47.9268],[6.0146,47.9250],[6.0135,47.9253],[6.0131,47.9267],[6.0100,47.9229],[6.0040,47.9221],[5.9963,47.9182],[5.9949,47.9119]]}},{"type":"Feature","properties":{"name":"Le Côney"},"geometry":{"type":"LineString","coordinates":[[6.1512,47.9701],[6.1503,47.9695]]}},{"type":"Feature","properties":{"name":"Le Rahin"},"geometry":{"type":"LineString","coordinates":[[6.7162,47.7003],[6.7140,47.6984],[6.7099,47.6978],[6.7090,47.6987],[6.7008,47.6978],[6.6939,47.6984],[6.6917,47.7004],[6.6889,47.7000],[6.6877,47.7027],[6.6789,47.7040],[6.6760,47.7051],[6.6748,47.7065],[6.6704,47.7074],[6.6572,47.7036],[6.6538,47.7014]]}},{"type":"Feature","properties":{"name":"Le Rahin"},"geometry":{"type":"LineString","coordinates":[[6.6538,47.7014],[6.6529,47.6989],[6.6506,47.7000],[6.6476,47.6996],[6.6460,47.6979],[6.6453,47.6984],[6.6457,47.6995],[6.6447,47.6999],[6.6407,47.6987],[6.6326,47.6995],[6.6286,47.6977],[6.6290,47.6954],[6.6238,47.6945],[6.6198,47.6961],[6.6193,47.6951],[6.6158,47.6945],[6.6110,47.6956],[6.6045,47.6950],[6.6026,47.6964],[6.6008,47.6961],[6.5984,47.6973],[6.5977,47.6986],[6.5947,47.6990],[6.5894,47.6969],[6.5839,47.6923],[6.5816,47.6920],[6.5796,47.6903],[6.5751,47.6903],[6.5758,47.6888],[6.5723,47.6878],[6.5676,47.6877],[6.5667,47.6863],[6.5650,47.6864],[6.5648,47.6843],[6.5633,47.6844],[6.5624,47.6831],[6.5588,47.6826],[6.5585,47.6838],[6.5574,47.6841],[6.5552,47.6828],[6.5556,47.6811],[6.5548,47.6802],[6.5489,47.6781],[6.5491,47.6772],[6.5514,47.6766],[6.5498,47.6751],[6.5497,47.6737],[6.5484,47.6739],[6.5488,47.6715],[6.5473,47.6711],[6.5486,47.6694],[6.5474,47.6687],[6.5471,47.6668],[6.5419,47.6657],[6.5412,47.6647],[6.5347,47.6624],[6.5321,47.6600],[6.5330,47.6591],[6.5312,47.6577],[6.5268,47.6584],[6.5260,47.6566],[6.5245,47.6569],[6.5239,47.6554],[6.5228,47.6567],[6.5189,47.6571],[6.5156,47.6563],[6.5162,47.6574],[6.5135,47.6580],[6.5136,47.6572],[6.5128,47.6575],[6.5119,47.6566],[6.5106,47.6571],[6.5097,47.6557],[6.5107,47.6550],[6.5100,47.6540],[6.5075,47.6529],[6.5062,47.6538],[6.5047,47.6530],[6.5047,47.6509],[6.5024,47.6504],[6.5006,47.6512],[6.4974,47.6488],[6.4979,47.6478],[6.4966,47.6474],[6.4980,47.6469],[6.4956,47.6461],[6.4952,47.6452],[6.4962,47.6451],[6.4967,47.6434],[6.4907,47.6430],[6.4871,47.6410],[6.4850,47.6420],[6.4855,47.6410],[6.4833,47.6363],[6.4806,47.6357],[6.4812,47.6348],[6.4805,47.6312],[6.4814,47.6303],[6.4797,47.6271],[6.4815,47.6268],[6.4820,47.6250],[6.4798,47.6239],[6.4792,47.6220],[6.4746,47.6221],[6.4733,47.6204],[6.4705,47.6208],[6.4674,47.6184],[6.4655,47.6182],[6.4627,47.6195],[6.4601,47.6185],[6.4582,47.6165],[6.4570,47.6169],[6.4554,47.6136]]}},{"type":"Feature","properties":{"name":"Le Rahin"},"geometry":{"type":"LineString","coordinates":[[6.7359,47.7548],[6.7339,47.7544],[6.7326,47.7528],[6.7306,47.7483],[6.7313,47.7472],[6.7291,47.7460],[6.7290,47.7434],[6.7255,47.7419],[6.7241,47.7396],[6.7273,47.7371],[6.7266,47.7354],[6.7284,47.7344],[6.7295,47.7313],[6.7322,47.7290],[6.7316,47.7274],[6.7327,47.7233],[6.7307,47.7205],[6.7354,47.7160],[6.7379,47.7113],[6.7317,47.7066],[6.7278,47.7059],[6.7262,47.7069],[6.7223,47.7060],[6.7228,47.7046],[6.7214,47.7032],[6.7162,47.7003]]}},{"type":"Feature","properties":{"name":"Le Rahin"},"geometry":{"type":"LineString","coordinates":[[6.7580,47.7751],[6.7578,47.7746]]}},{"type":"Feature","properties":{"name":"Le Rahin"},"geometry":{"type":"LineString","coordinates":[[6.5625,47.6834],[6.5619,47.6830]]}},{"type":"Feature","properties":{"name":"Le Rahin"},"geometry":{"type":"LineString","coordinates":[[6.6917,47.7004],[6.6899,47.6996]]}},{"type":"Feature","properties":{"name":"Le Rahin"},"geometry":{"type":"LineString","coordinates":[[6.5498,47.6750],[6.5484,47.6739]]}},{"type":"Feature","properties":{"name":"Le Rahin"},"geometry":{"type":"LineString","coordinates":[[6.5604,47.6831],[6.5596,47.6826]]}},{"type":"Feature","properties":{"name":"Le Rahin"},"geometry":{"type":"LineString","coordinates":[[6.7632,47.7778],[6.7606,47.7771],[6.7578,47.7746],[6.7507,47.7734],[6.7461,47.7711],[6.7444,47.7715],[6.7442,47.7700],[6.7428,47.7695],[6.7435,47.7681],[6.7420,47.7659],[6.7440,47.7611],[6.7383,47.7572],[6.7384,47.7558],[6.7359,47.7548]]}},{"type":"Feature","properties":{"name":"Le Cusancin"},"geometry":{"type":"LineString","coordinates":[[6.3726,47.3194],[6.3698,47.3168],[6.3678,47.3172],[6.3674,47.3188],[6.3662,47.3195],[6.3687,47.3217],[6.3688,47.3244],[6.3668,47.3251],[6.3639,47.3239],[6.3616,47.3245],[6.3626,47.3270],[6.3653,47.3265],[6.3667,47.3269],[6.3672,47.3281],[6.3697,47.3275],[6.3722,47.3286],[6.3723,47.3296],[6.3695,47.3299],[6.3701,47.3308],[6.3679,47.3315],[6.3668,47.3347],[6.3672,47.3357],[6.3693,47.3371],[6.3796,47.3394],[6.3823,47.3420],[6.3805,47.3422],[6.3773,47.3406],[6.3723,47.3419]]}},{"type":"Feature","properties":{"name":"Le Cusancin"},"geometry":{"type":"LineString","coordinates":[[6.4339,47.3238],[6.4260,47.3234],[6.4224,47.3218],[6.4185,47.3222],[6.4168,47.3191],[6.4121,47.3197],[6.4088,47.3181],[6.4074,47.3205],[6.4064,47.3207],[6.4029,47.3194],[6.3993,47.3203],[6.3900,47.3190],[6.3881,47.3201],[6.3858,47.3195],[6.3773,47.3217],[6.3726,47.3194]]}},{"type":"Feature","properties":{"name":"Le Vannon"},"geometry":{"type":"LineString","coordinates":[[5.6537,47.6605],[5.6557,47.6571],[5.6598,47.6557],[5.6637,47.6552],[5.6651,47.6570],[5.6671,47.6573],[5.6694,47.6547],[5.6751,47.6541],[5.6715,47.6504],[5.6712,47.6467],[5.6726,47.6442],[5.6753,47.6434],[5.6744,47.6415],[5.6757,47.6414],[5.6769,47.6395],[5.6781,47.6397],[5.6783,47.6364],[5.6794,47.6363],[5.6812,47.6341],[5.6848,47.6333],[5.6811,47.6309],[5.6799,47.6310],[5.6804,47.6303],[5.6784,47.6291],[5.6798,47.6289],[5.6800,47.6273],[5.6822,47.6271],[5.6813,47.6266],[5.6825,47.6250],[5.6922,47.6251],[5.6960,47.6228],[5.7045,47.6211],[5.7066,47.6177],[5.7094,47.6169],[5.7087,47.6154],[5.7104,47.6153],[5.7111,47.6130],[5.7100,47.6111],[5.7110,47.6109],[5.7109,47.6100],[5.7156,47.6117],[5.7167,47.6137],[5.7203,47.6139],[5.7253,47.6121],[5.7259,47.6111],[5.7248,47.6105],[5.7326,47.6086],[5.7322,47.6076],[5.7360,47.6037],[5.7310,47.6016],[5.7311,47.6004],[5.7292,47.5998],[5.7304,47.5991],[5.7303,47.5979],[5.7340,47.5977],[5.7348,47.5985],[5.7364,47.5970],[5.7357,47.5954],[5.7321,47.5928],[5.7315,47.5904],[5.7373,47.5880],[5.7408,47.5886],[5.7415,47.5874],[5.7452,47.5869],[5.7483,47.5806],[5.7544,47.5784],[5.7534,47.5749],[5.7549,47.5738],[5.7531,47.5720],[5.7533,47.5704]]}},{"type":"Feature","properties":{"name":"Le Vannon"},"geometry":{"type":"LineString","coordinates":[[5.7066,47.6182],[5.7086,47.6171]]}},{"type":"Feature","properties":{"name":"Bief de la Vigne"},"geometry":{"type":"LineString","coordinates":[[5.4229,47.2426],[5.4222,47.2393],[5.4156,47.2344],[5.4145,47.2287],[5.4132,47.2274],[5.4107,47.2280],[5.4096,47.2313],[5.4082,47.2314],[5.4067,47.2305],[5.4053,47.2268],[5.4031,47.2269]]}},{"type":"Feature","properties":{"name":"La Rosemontoise"},"geometry":{"type":"LineString","coordinates":[[6.8551,47.7190],[6.8548,47.7180],[6.8571,47.7162],[6.8588,47.7161],[6.8621,47.7124],[6.8611,47.7103],[6.8626,47.7071],[6.8721,47.7007],[6.8728,47.6988],[6.8698,47.6947],[6.8705,47.6928],[6.8696,47.6885],[6.8605,47.6843],[6.8584,47.6844],[6.8574,47.6829],[6.8528,47.6810],[6.8526,47.6792],[6.8503,47.6773],[6.8499,47.6751],[6.8474,47.6746],[6.8482,47.6729],[6.8462,47.6704],[6.8472,47.6700],[6.8478,47.6670],[6.8471,47.6654],[6.8491,47.6641]]}},{"type":"Feature","properties":{"name":"La Rosemontoise"},"geometry":{"type":"LineString","coordinates":[[6.8491,47.6640],[6.8487,47.6630]]}},{"type":"Feature","properties":{"name":"La Rosemontoise"},"geometry":{"type":"LineString","coordinates":[[6.8632,47.7626],[6.8573,47.7557],[6.8513,47.7538]]}},{"type":"Feature","properties":{"name":"La Rosemontoise"},"geometry":{"type":"LineString","coordinates":[[6.8513,47.7538],[6.8512,47.7538]]}},{"type":"Feature","properties":{"name":"La Rosemontoise"},"geometry":{"type":"LineString","coordinates":[[6.8512,47.7538],[6.8482,47.7524],[6.8457,47.7497]]}},{"type":"Feature","properties":{"name":"Le Petit Ognon"},"geometry":{"type":"LineString","coordinates":[[5.4731,47.3165],[5.4688,47.3152],[5.4676,47.3135],[5.4654,47.3153],[5.4647,47.3138],[5.4631,47.3149],[5.4593,47.3145],[5.4547,47.3129],[5.4541,47.3118],[5.4499,47.3137],[5.4422,47.3130],[5.4384,47.3141],[5.4364,47.3132],[5.4338,47.3145]]}},{"type":"Feature","properties":{"name":"Le Petit Ognon"},"geometry":{"type":"LineString","coordinates":[[5.4541,47.3118],[5.4526,47.3112],[5.4519,47.3123]]}},{"type":"Feature","properties":{"name":"Le Beuletin"},"geometry":{"type":"LineString","coordinates":[[6.6248,47.8352],[6.6230,47.8344],[6.6173,47.8349],[6.6105,47.8327],[6.6066,47.8381],[6.6006,47.8386],[6.5992,47.8411],[6.5944,47.8438],[6.5920,47.8438],[6.5901,47.8465],[6.5883,47.8465],[6.5878,47.8477]]}},{"type":"Feature","properties":{"name":"Le Beuletin"},"geometry":{"type":"LineString","coordinates":[[6.5878,47.8477],[6.5887,47.8489],[6.5870,47.8510],[6.5816,47.8512],[6.5727,47.8494],[6.5698,47.8499]]}},{"type":"Feature","properties":{"name":"Le Beuletin"},"geometry":{"type":"LineString","coordinates":[[6.6383,47.8505],[6.6336,47.8470],[6.6339,47.8454],[6.6351,47.8451],[6.6357,47.8417],[6.6343,47.8404],[6.6312,47.8409],[6.6285,47.8398],[6.6248,47.8352]]}},{"type":"Feature","properties":{"name":"Le Doubs"},"geometry":{"type":"LineString","coordinates":[[6.7450,47.1011],[6.7407,47.1057],[6.7400,47.1082],[6.7406,47.1096],[6.7468,47.1100],[6.7521,47.1146],[6.7658,47.1207],[6.7760,47.1214],[6.7793,47.1238],[6.7919,47.1268],[6.7969,47.1291],[6.8003,47.1290],[6.8061,47.1308],[6.8078,47.1353],[6.8157,47.1358],[6.8201,47.1403],[6.8247,47.1421],[6.8284,47.1465],[6.8306,47.1463],[6.8395,47.1503],[6.8406,47.1540],[6.8499,47.1565],[6.8584,47.1651],[6.8538,47.1665],[6.8484,47.1655],[6.8444,47.1661],[6.8410,47.1694],[6.8404,47.1716],[6.8635,47.1802],[6.8651,47.1817],[6.8659,47.1846],[6.8674,47.1855],[6.8737,47.1855],[6.8736,47.1914],[6.8778,47.1952],[6.8802,47.2005],[6.9071,47.2149],[6.9101,47.2184],[6.9235,47.2225],[6.9269,47.2255],[6.9270,47.2281],[6.9306,47.2302],[6.9391,47.2310],[6.9425,47.2344],[6.9428,47.2379],[6.9550,47.2429],[6.9551,47.2441]]}},{"type":"Feature","properties":{"name":"Le Doubs"},"geometry":{"type":"LineString","coordinates":[[6.9303,47.3390],[6.9279,47.3403],[6.9235,47.3457],[6.9178,47.3485],[6.9059,47.3479],[6.8947,47.3445],[6.8862,47.3445],[6.8773,47.3398],[6.8685,47.3367],[6.8677,47.3358],[6.8680,47.3313],[6.8720,47.3271],[6.8695,47.3251],[6.8590,47.3264],[6.8503,47.3218],[6.8474,47.3236],[6.8402,47.3257],[6.8335,47.3259],[6.8259,47.3238],[6.8191,47.3197],[6.8149,47.3185],[6.8113,47.3191],[6.8121,47.3224],[6.8100,47.3251],[6.8079,47.3257],[6.8056,47.3245]]}},{"type":"Feature","properties":{"name":"Le Doubs"},"geometry":{"type":"LineString","coordinates":[[6.7657,47.3770],[6.7672,47.3762],[6.7702,47.3771],[6.7717,47.3786],[6.7725,47.3818],[6.7721,47.3852],[6.7735,47.3928],[6.7721,47.3960],[6.7672,47.4004],[6.7706,47.4040],[6.7707,47.4062],[6.7722,47.4078],[6.7797,47.4115],[6.7866,47.4121],[6.7895,47.4135],[6.7869,47.4190],[6.7873,47.4206],[6.7917,47.4242],[6.7916,47.4254],[6.7883,47.4291],[6.7910,47.4307],[6.7916,47.4337],[6.7904,47.4362],[6.7859,47.4402],[6.7901,47.4440],[6.7912,47.4472],[6.7910,47.4511],[6.7944,47.4551],[6.8000,47.4581],[6.8072,47.4577],[6.8085,47.4570],[6.8108,47.4511],[6.8196,47.4466],[6.8361,47.4500]]}},{"type":"Feature","properties":{"name":"Le Doubs"},"geometry":{"type":"LineString","coordinates":[[6.0370,47.2315],[6.0327,47.2389]]}},{"type":"Feature","properties":{"name":"Le Doubs"},"geometry":{"type":"LineString","coordinates":[[6.1183,47.2743],[6.1147,47.2681],[6.1107,47.2666],[6.1007,47.2690],[6.0829,47.2703]]}},{"type":"Feature","properties":{"name":"Le Doubs"},"geometry":{"type":"LineString","coordinates":[[6.0829,47.2703],[6.0777,47.2691],[6.0700,47.2623],[6.0708,47.2610],[6.0754,47.2611],[6.0811,47.2599],[6.0830,47.2584],[6.0829,47.2574],[6.0799,47.2536],[6.0753,47.2519],[6.0682,47.2457],[6.0661,47.2415],[6.0613,47.2375],[6.0591,47.2327]]}},{"type":"Feature","properties":{"name":"Le Doubs"},"geometry":{"type":"LineString","coordinates":[[6.5755,47.4389],[6.5657,47.4383],[6.5580,47.4403]]}},{"type":"Feature","properties":{"name":"Le Doubs"},"geometry":{"type":"LineString","coordinates":[[6.5318,47.4376],[6.5325,47.4346]]}},{"type":"Feature","properties":{"name":"Le Doubs"},"geometry":{"type":"LineString","coordinates":[[6.5325,47.4346],[6.5335,47.4329],[6.5380,47.4301],[6.5488,47.4269]]}},{"type":"Feature","properties":{"name":"Le Doubs"},"geometry":{"type":"LineString","coordinates":[[6.5187,47.4162],[6.5162,47.4160],[6.5131,47.4139],[6.5112,47.4035],[6.5061,47.3975]]}},{"type":"Feature","properties":{"name":"Le Doubs"},"geometry":{"type":"LineString","coordinates":[[6.5488,47.4269],[6.5612,47.4224],[6.5622,47.4211],[6.5615,47.4183],[6.5579,47.4149],[6.5542,47.4137],[6.5399,47.4131],[6.5316,47.4113],[6.5271,47.4118],[6.5187,47.4162]]}},{"type":"Feature","properties":{"name":"Le Doubs"},"geometry":{"type":"LineString","coordinates":[[6.0591,47.2327],[6.0561,47.2296]]}},{"type":"Feature","properties":{"name":"Le Doubs"},"geometry":{"type":"LineString","coordinates":[[6.0561,47.2296],[6.0515,47.2274],[6.0463,47.2263],[6.0435,47.2263],[6.0397,47.2280]]}},{"type":"Feature","properties":{"name":"Le Doubs"},"geometry":{"type":"LineString","coordinates":[[6.3785,47.3533],[6.3725,47.3545],[6.3714,47.3534],[6.3728,47.3509]]}},{"type":"Feature","properties":{"name":"Le Doubs"},"geometry":{"type":"LineString","coordinates":[[6.3705,47.3417],[6.3594,47.3433],[6.3530,47.3390],[6.3494,47.3351],[6.3479,47.3348],[6.3427,47.3396],[6.3364,47.3411]]}},{"type":"Feature","properties":{"name":"Le Doubs"},"geometry":{"type":"LineString","coordinates":[[6.3364,47.3411],[6.3267,47.3431],[6.3209,47.3422],[6.3166,47.3392],[6.3126,47.3307],[6.3073,47.3295]]}},{"type":"Feature","properties":{"name":"Le Doubs"},"geometry":{"type":"LineString","coordinates":[[6.3728,47.3509],[6.3735,47.3476],[6.3731,47.3427],[6.3705,47.3417]]}},{"type":"Feature","properties":{"name":"Le Doubs"},"geometry":{"type":"LineString","coordinates":[[6.1741,47.2893],[6.1557,47.2875],[6.1473,47.2850],[6.1401,47.2840],[6.1361,47.2818],[6.1264,47.2802],[6.1231,47.2785],[6.1183,47.2743]]}},{"type":"Feature","properties":{"name":"Le Doubs"},"geometry":{"type":"LineString","coordinates":[[6.2062,47.2998],[6.2047,47.2921],[6.2019,47.2894],[6.1979,47.2881],[6.1894,47.2877],[6.1812,47.2900],[6.1741,47.2893]]}},{"type":"Feature","properties":{"name":"Le Doubs"},"geometry":{"type":"LineString","coordinates":[[6.5061,47.3975],[6.4945,47.3938]]}},{"type":"Feature","properties":{"name":"Le Doubs"},"geometry":{"type":"LineString","coordinates":[[6.4945,47.3938],[6.4947,47.3923],[6.5015,47.3859]]}},{"type":"Feature","properties":{"name":"Le Doubs"},"geometry":{"type":"LineString","coordinates":[[6.7720,47.4804],[6.7705,47.4747],[6.7680,47.4738],[6.7570,47.4791],[6.7449,47.4801],[6.7354,47.4767],[6.7306,47.4776],[6.7247,47.4803],[6.7174,47.4761],[6.7089,47.4693],[6.7004,47.4664],[6.6906,47.4589],[6.6823,47.4542],[6.6775,47.4526],[6.6558,47.4516],[6.6415,47.4491],[6.6299,47.4489],[6.6242,47.4479],[6.6214,47.4463],[6.6208,47.4433],[6.6263,47.4397],[6.6302,47.4330],[6.6292,47.4306],[6.6242,47.4274],[6.6161,47.4281],[6.6097,47.4302],[6.6064,47.4328],[6.6014,47.4335],[6.5992,47.4372],[6.5978,47.4439],[6.5974,47.4527],[6.5956,47.4553],[6.5912,47.4572],[6.5869,47.4567],[6.5774,47.4485],[6.5755,47.4389]]}},{"type":"Feature","properties":{"name":"Le Doubs"},"geometry":{"type":"LineString","coordinates":[[6.7576,47.3472],[6.7603,47.3510],[6.7590,47.3575],[6.7560,47.3608],[6.7571,47.3651],[6.7559,47.3676],[6.7606,47.3717],[6.7627,47.3753],[6.7657,47.3770]]}},{"type":"Feature","properties":{"name":"Le Doubs"},"geometry":{"type":"LineString","coordinates":[[6.8056,47.3245],[6.8029,47.3218],[6.7903,47.3227],[6.7803,47.3272],[6.7718,47.3270],[6.7622,47.3299],[6.7555,47.3359],[6.7603,47.3416],[6.7577,47.3455],[6.7576,47.3472]]}},{"type":"Feature","properties":{"name":"Le Doubs"},"geometry":{"type":"LineString","coordinates":[[6.0319,47.2270],[6.0293,47.2213],[6.0252,47.2201]]}},{"type":"Feature","properties":{"name":"Le Doubs"},"geometry":{"type":"LineString","coordinates":[[6.5580,47.4403],[6.5540,47.4416]]}},{"type":"Feature","properties":{"name":"Le Doubs"},"geometry":{"type":"LineString","coordinates":[[6.5540,47.4416],[6.5440,47.4406],[6.5341,47.4413],[6.5325,47.4399],[6.5318,47.4376]]}},{"type":"Feature","properties":{"name":"Le Doubs"},"geometry":{"type":"LineString","coordinates":[[6.4503,47.3628],[6.4472,47.3630],[6.4383,47.3669]]}},{"type":"Feature","properties":{"name":"Le Doubs"},"geometry":{"type":"LineString","coordinates":[[6.4345,47.3672],[6.4288,47.3681],[6.4273,47.3713],[6.4253,47.3721],[6.4216,47.3705],[6.4182,47.3651]]}},{"type":"Feature","properties":{"name":"Le Doubs"},"geometry":{"type":"LineString","coordinates":[[6.4182,47.3651],[6.4185,47.3629]]}},{"type":"Feature","properties":{"name":"Le Doubs"},"geometry":{"type":"LineString","coordinates":[[6.4580,47.3739],[6.4534,47.3704],[6.4521,47.3646]]}},{"type":"Feature","properties":{"name":"Le Doubs"},"geometry":{"type":"LineString","coordinates":[[6.5015,47.3859],[6.5047,47.3823],[6.5021,47.3771],[6.4979,47.3736],[6.4893,47.3693],[6.4810,47.3693],[6.4641,47.3738],[6.4580,47.3739]]}},{"type":"Feature","properties":{"name":"Le Doubs"},"geometry":{"type":"LineString","coordinates":[[6.4383,47.3669],[6.4345,47.3672]]}},{"type":"Feature","properties":{"name":"Le Doubs"},"geometry":{"type":"LineString","coordinates":[[6.4521,47.3646],[6.4503,47.3628]]}},{"type":"Feature","properties":{"name":"Le Doubs"},"geometry":{"type":"LineString","coordinates":[[6.4185,47.3629],[6.4187,47.3596],[6.4173,47.3582],[6.4074,47.3568],[6.4013,47.3576]]}},{"type":"Feature","properties":{"name":"Le Doubs"},"geometry":{"type":"LineString","coordinates":[[6.3976,47.3581],[6.3937,47.3571],[6.3868,47.3523],[6.3785,47.3533]]}},{"type":"Feature","properties":{"name":"Le Doubs"},"geometry":{"type":"LineString","coordinates":[[6.4013,47.3576],[6.3976,47.3581]]}},{"type":"Feature","properties":{"name":"Le Doubs"},"geometry":{"type":"LineString","coordinates":[[6.3009,47.3298],[6.2922,47.3288],[6.2830,47.3216]]}},{"type":"Feature","properties":{"name":"Le Doubs"},"geometry":{"type":"LineString","coordinates":[[6.2830,47.3216],[6.2776,47.3211]]}},{"type":"Feature","properties":{"name":"Le Doubs"},"geometry":{"type":"LineString","coordinates":[[6.2776,47.3211],[6.2663,47.3202],[6.2606,47.3120]]}},{"type":"Feature","properties":{"name":"Le Doubs"},"geometry":{"type":"LineString","coordinates":[[6.3073,47.3295],[6.3009,47.3298]]}},{"type":"Feature","properties":{"name":"Le Doubs"},"geometry":{"type":"LineString","coordinates":[[6.2358,47.3026],[6.2364,47.2993]]}},{"type":"Feature","properties":{"name":"Le Doubs"},"geometry":{"type":"LineString","coordinates":[[6.2364,47.2993],[6.2350,47.2966],[6.2304,47.2955],[6.2184,47.3003]]}},{"type":"Feature","properties":{"name":"Le Doubs"},"geometry":{"type":"LineString","coordinates":[[6.2606,47.3120],[6.2584,47.3100],[6.2543,47.3093]]}},{"type":"Feature","properties":{"name":"Le Doubs"},"geometry":{"type":"LineString","coordinates":[[6.2543,47.3093],[6.2387,47.3062],[6.2369,47.3052],[6.2358,47.3026]]}},{"type":"Feature","properties":{"name":"Le Doubs"},"geometry":{"type":"LineString","coordinates":[[6.0327,47.2389],[6.0322,47.2401],[6.0284,47.2420],[6.0238,47.2420]]}},{"type":"Feature","properties":{"name":"Le Doubs"},"geometry":{"type":"LineString","coordinates":[[6.0238,47.2420],[6.0176,47.2375],[6.0165,47.2352]]}},{"type":"Feature","properties":{"name":"Le Doubs"},"geometry":{"type":"LineString","coordinates":[[6.2184,47.3003],[6.2143,47.3027]]}},{"type":"Feature","properties":{"name":"Le Doubs"},"geometry":{"type":"LineString","coordinates":[[6.2143,47.3027],[6.2085,47.3029],[6.2062,47.2998]]}},{"type":"Feature","properties":{"name":"Le Doubs"},"geometry":{"type":"LineString","coordinates":[[6.8377,47.4821],[6.8377,47.4832],[6.8353,47.4845],[6.8273,47.4853]]}},{"type":"Feature","properties":{"name":"Le Doubs"},"geometry":{"type":"LineString","coordinates":[[6.8413,47.4665],[6.8391,47.4693],[6.8371,47.4752],[6.8363,47.4803],[6.8377,47.4821]]}},{"type":"Feature","properties":{"name":"Le Doubs"},"geometry":{"type":"LineString","coordinates":[[6.8361,47.4500],[6.8383,47.4524]]}},{"type":"Feature","properties":{"name":"Le Doubs"},"geometry":{"type":"LineString","coordinates":[[6.8273,47.4853],[6.8138,47.4834],[6.7995,47.4866],[6.7890,47.4824],[6.7756,47.4852],[6.7732,47.4832],[6.7720,47.4804]]}},{"type":"Feature","properties":{"name":"Le Doubs"},"geometry":{"type":"LineString","coordinates":[[6.8383,47.4524],[6.8381,47.4567],[6.8399,47.4601]]}},{"type":"Feature","properties":{"name":"Le Doubs"},"geometry":{"type":"LineString","coordinates":[[6.8399,47.4601],[6.8413,47.4665]]}},{"type":"Feature","properties":{"name":"Le Doubs"},"geometry":{"type":"LineString","coordinates":[[6.0246,47.2304],[6.0277,47.2300],[6.0308,47.2282]]}},{"type":"Feature","properties":{"name":"Le Doubs"},"geometry":{"type":"LineString","coordinates":[[6.0308,47.2282],[6.0319,47.2270]]}},{"type":"Feature","properties":{"name":"Le Doubs"},"geometry":{"type":"LineString","coordinates":[[6.0165,47.2352],[6.0176,47.2306],[6.0246,47.2304]]}},{"type":"Feature","properties":{"name":"Le Doubs"},"geometry":{"type":"LineString","coordinates":[[6.8235,47.3226],[6.8213,47.3212]]}},{"type":"Feature","properties":{"name":"Le Doubs"},"geometry":{"type":"LineString","coordinates":[[6.0397,47.2280],[6.0370,47.2315]]}},{"type":"Feature","properties":{"name":"Le Dessoubre"},"geometry":{"type":"LineString","coordinates":[[6.6057,47.1590],[6.6066,47.1613],[6.6059,47.1638],[6.6035,47.1664],[6.6049,47.1704],[6.6119,47.1771],[6.6172,47.1801],[6.6192,47.1827],[6.6180,47.1849],[6.6187,47.1858],[6.6180,47.1901],[6.6154,47.1970],[6.6166,47.2014],[6.6222,47.2034],[6.6275,47.2003],[6.6309,47.2019],[6.6316,47.2049],[6.6306,47.2069],[6.6320,47.2079],[6.6348,47.2081],[6.6363,47.2063],[6.6408,47.2053],[6.6425,47.2083],[6.6504,47.2078],[6.6589,47.2117],[6.6644,47.2117],[6.6659,47.2146],[6.6705,47.2167],[6.6748,47.2172],[6.6768,47.2162],[6.6849,47.2187],[6.6905,47.2179],[6.6926,47.2192],[6.6952,47.2194],[6.6952,47.2203],[6.7015,47.2261],[6.6994,47.2274],[6.7007,47.2303],[6.6991,47.2369],[6.6997,47.2399],[6.6988,47.2436],[6.6998,47.2469],[6.7054,47.2473],[6.7046,47.2503],[6.7058,47.2531],[6.7107,47.2550],[6.7128,47.2538],[6.7148,47.2543],[6.7145,47.2578],[6.7191,47.2598],[6.7193,47.2630],[6.7218,47.2625],[6.7239,47.2606],[6.7287,47.2611],[6.7330,47.2600],[6.7352,47.2609],[6.7347,47.2634],[6.7356,47.2643],[6.7391,47.2634],[6.7415,47.2655],[6.7461,47.2655],[6.7460,47.2691],[6.7475,47.2707],[6.7521,47.2723],[6.7575,47.2725],[6.7587,47.2762],[6.7625,47.2776],[6.7606,47.2803],[6.7617,47.2837],[6.7684,47.2825],[6.7699,47.2838],[6.7684,47.2865],[6.7691,47.2884],[6.7866,47.2930],[6.7872,47.2954],[6.7914,47.2973],[6.7903,47.3010],[6.7932,47.3039],[6.7951,47.3077],[6.8014,47.3080],[6.8034,47.3089],[6.8044,47.3110],[6.8091,47.3113],[6.8105,47.3128],[6.8113,47.3191]]}},{"type":"Feature","properties":{"name":"L\u0027Albane"},"geometry":{"type":"LineString","coordinates":[[5.3110,47.3420],[5.3250,47.3395],[5.3297,47.3345],[5.3351,47.3311],[5.3374,47.3307],[5.3396,47.3284],[5.3511,47.3280],[5.3606,47.3243],[5.3648,47.3204],[5.3738,47.3161],[5.3756,47.3161],[5.3772,47.3135],[5.3768,47.3126]]}},{"type":"Feature","properties":{"name":"L\u0027Albane"},"geometry":{"type":"LineString","coordinates":[[5.3768,47.3126],[5.3807,47.3111]]}},{"type":"Feature","properties":{"name":"La Filaine"},"geometry":{"type":"LineString","coordinates":[[6.1917,47.5130],[6.1948,47.5122],[6.1951,47.5107],[6.1973,47.5102],[6.1982,47.5089],[6.1970,47.5003],[6.1977,47.4970],[6.2049,47.4988],[6.2072,47.4950],[6.2049,47.4920],[6.2110,47.4909],[6.2127,47.4897],[6.2110,47.4838]]}},{"type":"Feature","properties":{"name":"La Filaine"},"geometry":{"type":"LineString","coordinates":[[6.2015,47.4976],[6.2029,47.4980]]}},{"type":"Feature","properties":{"name":"Le Durgeon"},"geometry":{"type":"LineString","coordinates":[[6.1624,47.6208],[6.1602,47.6194],[6.1567,47.6198]]}},{"type":"Feature","properties":{"name":"Le Durgeon"},"geometry":{"type":"LineString","coordinates":[[6.1028,47.6428],[6.1024,47.6440],[6.0969,47.6443],[6.0941,47.6437],[6.0927,47.6418],[6.0882,47.6413],[6.0873,47.6406],[6.0877,47.6391],[6.0828,47.6352],[6.0744,47.6322],[6.0703,47.6320],[6.0664,47.6267],[6.0648,47.6269],[6.0613,47.6235],[6.0583,47.6227],[6.0513,47.6244],[6.0540,47.6272],[6.0537,47.6281],[6.0438,47.6262],[6.0392,47.6265],[6.0371,47.6283],[6.0378,47.6302],[6.0353,47.6319],[6.0351,47.6344],[6.0307,47.6385],[6.0313,47.6404],[6.0298,47.6421],[6.0312,47.6443],[6.0303,47.6457],[6.0319,47.6465],[6.0301,47.6477],[6.0304,47.6492],[6.0234,47.6501]]}},{"type":"Feature","properties":{"name":"Le Durgeon"},"geometry":{"type":"LineString","coordinates":[[6.1567,47.6198],[6.1557,47.6195]]}},{"type":"Feature","properties":{"name":"Le Durgeon"},"geometry":{"type":"LineString","coordinates":[[6.1557,47.6195],[6.1495,47.6192],[6.1425,47.6211],[6.1397,47.6251],[6.1334,47.6296],[6.1295,47.6351],[6.1238,47.6362],[6.1214,47.6400],[6.1104,47.6394],[6.1087,47.6401],[6.1067,47.6428],[6.1028,47.6428]]}},{"type":"Feature","properties":{"name":"Le Durgeon"},"geometry":{"type":"LineString","coordinates":[[6.2551,47.7177],[6.2543,47.7125],[6.2564,47.7079],[6.2545,47.7071],[6.2588,47.7047],[6.2594,47.7032],[6.2558,47.7020],[6.2561,47.7007],[6.2548,47.7014],[6.2532,47.7007],[6.2536,47.6993],[6.2499,47.6963],[6.2480,47.6930],[6.2479,47.6895],[6.2367,47.6858],[6.2362,47.6811],[6.2297,47.6732],[6.2234,47.6720],[6.2202,47.6669],[6.2184,47.6668],[6.2149,47.6647],[6.2143,47.6632],[6.2098,47.6615],[6.2090,47.6583],[6.2069,47.6568],[6.2082,47.6550],[6.2074,47.6537],[6.2051,47.6534],[6.2042,47.6541],[6.2023,47.6521],[6.2006,47.6523],[6.1973,47.6486],[6.1957,47.6489],[6.1952,47.6476],[6.1922,47.6464],[6.1868,47.6457],[6.1849,47.6420],[6.1816,47.6437],[6.1799,47.6432],[6.1814,47.6423],[6.1814,47.6405],[6.1741,47.6383],[6.1719,47.6367],[6.1713,47.6317],[6.1699,47.6290]]}},{"type":"Feature","properties":{"name":"Le Durgeon"},"geometry":{"type":"LineString","coordinates":[[6.2480,47.6928],[6.2448,47.6909],[6.2453,47.6903],[6.2437,47.6885]]}},{"type":"Feature","properties":{"name":"Le Durgeon"},"geometry":{"type":"LineString","coordinates":[[6.1999,47.6512],[6.1989,47.6505]]}},{"type":"Feature","properties":{"name":"Le Durgeon"},"geometry":{"type":"LineString","coordinates":[[6.1697,47.6287],[6.1672,47.6275],[6.1663,47.6246],[6.1629,47.6235],[6.1624,47.6208]]}},{"type":"Feature","properties":{"name":"Le Durgeon"},"geometry":{"type":"LineString","coordinates":[[6.1699,47.6290],[6.1697,47.6287]]}},{"type":"Feature","properties":{"name":"La Savoureuse"},"geometry":{"type":"LineString","coordinates":[[6.8352,47.7245],[6.8350,47.7220],[6.8363,47.7207],[6.8358,47.7162],[6.8376,47.7141],[6.8382,47.7102],[6.8405,47.7076],[6.8403,47.7036],[6.8386,47.7005],[6.8401,47.6978],[6.8368,47.6922],[6.8365,47.6884],[6.8355,47.6870],[6.8330,47.6848],[6.8272,47.6833],[6.8293,47.6808],[6.8289,47.6788],[6.8275,47.6778],[6.8304,47.6761],[6.8296,47.6737],[6.8378,47.6690],[6.8384,47.6667],[6.8416,47.6663],[6.8441,47.6647]]}},{"type":"Feature","properties":{"name":"La Savoureuse"},"geometry":{"type":"LineString","coordinates":[[6.8560,47.5640],[6.8607,47.5575],[6.8602,47.5532],[6.8576,47.5503],[6.8571,47.5454],[6.8550,47.5434],[6.8546,47.5418],[6.8524,47.5404],[6.8515,47.5381],[6.8541,47.5349],[6.8514,47.5334],[6.8525,47.5307],[6.8508,47.5302],[6.8490,47.5277],[6.8464,47.5276],[6.8472,47.5262],[6.8462,47.5249],[6.8472,47.5237],[6.8442,47.5223],[6.8413,47.5182],[6.8484,47.5135],[6.8492,47.5110]]}},{"type":"Feature","properties":{"name":"La Savoureuse"},"geometry":{"type":"LineString","coordinates":[[6.8346,47.7309],[6.8336,47.7290],[6.8361,47.7273],[6.8347,47.7256],[6.8352,47.7245]]}},{"type":"Feature","properties":{"name":"La Savoureuse"},"geometry":{"type":"LineString","coordinates":[[6.8441,47.6647],[6.8463,47.6629],[6.8487,47.6630],[6.8504,47.6595],[6.8545,47.6550],[6.8543,47.6521],[6.8580,47.6490],[6.8610,47.6435],[6.8610,47.6424],[6.8592,47.6410]]}},{"type":"Feature","properties":{"name":"La Dhuys"},"geometry":{"type":"LineString","coordinates":[[5.6427,47.4298],[5.6408,47.4326],[5.6365,47.4340],[5.6324,47.4368],[5.6303,47.4405],[5.6305,47.4428],[5.6287,47.4451],[5.6300,47.4470],[5.6345,47.4481],[5.6342,47.4490],[5.6298,47.4490]]}},{"type":"Feature","properties":{"name":"L\u0027Amance"},"geometry":{"type":"LineString","coordinates":[[5.8945,47.8292],[5.8966,47.8302],[5.9074,47.8288],[5.9147,47.8290]]}},{"type":"Feature","properties":{"name":"L\u0027Amance"},"geometry":{"type":"LineString","coordinates":[[5.8770,47.8475],[5.8775,47.8457],[5.8746,47.8428],[5.8704,47.8425],[5.8705,47.8392]]}},{"type":"Feature","properties":{"name":"L\u0027Amance"},"geometry":{"type":"LineString","coordinates":[[5.8297,47.8522],[5.8298,47.8520]]}},{"type":"Feature","properties":{"name":"L\u0027Amance"},"geometry":{"type":"LineString","coordinates":[[5.6082,47.8208],[5.6133,47.8217],[5.6152,47.8208],[5.6215,47.8231],[5.6223,47.8248],[5.6251,47.8266],[5.6291,47.8274],[5.6337,47.8312],[5.6339,47.8329],[5.6378,47.8337],[5.6401,47.8354],[5.6442,47.8347],[5.6461,47.8325],[5.6529,47.8321],[5.6584,47.8307],[5.6657,47.8324],[5.6715,47.8316],[5.6791,47.8292],[5.6842,47.8288],[5.6877,47.8263],[5.6946,47.8263],[5.7051,47.8219],[5.7116,47.8229],[5.7173,47.8216],[5.7206,47.8225],[5.7232,47.8196],[5.7247,47.8204],[5.7323,47.8166],[5.7389,47.8218],[5.7423,47.8233],[5.7477,47.8235],[5.7502,47.8253],[5.7512,47.8245],[5.7538,47.8251],[5.7557,47.8275],[5.7664,47.8288],[5.7685,47.8302],[5.7770,47.8306],[5.7791,47.8324],[5.7787,47.8348],[5.7906,47.8420],[5.7956,47.8467],[5.8157,47.8488],[5.8218,47.8507],[5.8238,47.8524],[5.8297,47.8522]]}},{"type":"Feature","properties":{"name":"L\u0027Amance"},"geometry":{"type":"LineString","coordinates":[[5.8558,47.8577],[5.8587,47.8566]]}},{"type":"Feature","properties":{"name":"L\u0027Amance"},"geometry":{"type":"LineString","coordinates":[[5.8442,47.8552],[5.8441,47.8553]]}},{"type":"Feature","properties":{"name":"L\u0027Amance"},"geometry":{"type":"LineString","coordinates":[[5.8441,47.8553],[5.8441,47.8554]]}},{"type":"Feature","properties":{"name":"L\u0027Amance"},"geometry":{"type":"LineString","coordinates":[[5.8298,47.8520],[5.8299,47.8519]]}},{"type":"Feature","properties":{"name":"L\u0027Amance"},"geometry":{"type":"LineString","coordinates":[[5.8475,47.8572],[5.8529,47.8581],[5.8595,47.8562],[5.8628,47.8566]]}},{"type":"Feature","properties":{"name":"L\u0027Amance"},"geometry":{"type":"LineString","coordinates":[[5.8299,47.8519],[5.8313,47.8511],[5.8349,47.8513],[5.8348,47.8523],[5.8364,47.8527],[5.8427,47.8529],[5.8442,47.8552]]}},{"type":"Feature","properties":{"name":"L\u0027Amance"},"geometry":{"type":"LineString","coordinates":[[5.8297,47.8522],[5.8441,47.8554]]}},{"type":"Feature","properties":{"name":"L\u0027Amance"},"geometry":{"type":"LineString","coordinates":[[5.8441,47.8554],[5.8475,47.8572]]}},{"type":"Feature","properties":{"name":"L\u0027Amance"},"geometry":{"type":"LineString","coordinates":[[5.5226,47.8240],[5.5258,47.8217],[5.5329,47.8211],[5.5408,47.8247],[5.5505,47.8264],[5.5619,47.8267],[5.5655,47.8258],[5.5689,47.8266],[5.5896,47.8194],[5.5961,47.8185],[5.6082,47.8208]]}},{"type":"Feature","properties":{"name":"L\u0027Amance"},"geometry":{"type":"LineString","coordinates":[[5.5750,47.8472],[5.5765,47.8453],[5.5811,47.8441],[5.5858,47.8418],[5.5880,47.8396],[5.5915,47.8385],[5.5924,47.8372],[5.5919,47.8337],[5.5944,47.8319],[5.5945,47.8303],[5.5972,47.8296],[5.5978,47.8282],[5.5969,47.8263],[5.5981,47.8243],[5.6012,47.8236],[5.6025,47.8222],[5.6071,47.8225],[5.6082,47.8208]]}},{"type":"Feature","properties":{"name":"La Tenise"},"geometry":{"type":"LineString","coordinates":[[5.5570,47.4056],[5.5531,47.4077],[5.5479,47.4055]]}},{"type":"Feature","properties":{"name":"La Tenise"},"geometry":{"type":"LineString","coordinates":[[5.5615,47.4028],[5.5613,47.4028]]}},{"type":"Feature","properties":{"name":"La Tenise"},"geometry":{"type":"LineString","coordinates":[[5.6523,47.3920],[5.6374,47.3914],[5.6336,47.3887],[5.6308,47.3886],[5.6246,47.3836],[5.6171,47.3811],[5.5926,47.3814],[5.5900,47.3802],[5.5873,47.3818],[5.5824,47.3825],[5.5808,47.3844],[5.5770,47.3851],[5.5765,47.3893],[5.5735,47.3925],[5.5734,47.4030],[5.5659,47.4040],[5.5615,47.4028]]}},{"type":"Feature","properties":{"name":"La Tenise"},"geometry":{"type":"LineString","coordinates":[[5.5697,47.4036],[5.5682,47.4033]]}},{"type":"Feature","properties":{"name":"La Tenise"},"geometry":{"type":"LineString","coordinates":[[5.5665,47.4036],[5.5636,47.4018],[5.5610,47.4028]]}},{"type":"Feature","properties":{"name":"La Tenise"},"geometry":{"type":"LineString","coordinates":[[5.5848,47.3819],[5.5825,47.3823],[5.5794,47.3848]]}},{"type":"Feature","properties":{"name":"La Tenise"},"geometry":{"type":"LineString","coordinates":[[5.6269,47.3849],[5.6244,47.3821],[5.6203,47.3823]]}},{"type":"Feature","properties":{"name":"La Tenise"},"geometry":{"type":"LineString","coordinates":[[5.5613,47.4028],[5.5589,47.4028],[5.5586,47.4044],[5.5571,47.4056]]}},{"type":"Feature","properties":{"name":"La Tenise"},"geometry":{"type":"LineString","coordinates":[[5.5571,47.4056],[5.5570,47.4056]]}},{"type":"Feature","properties":{"name":"La Petite Amance"},"geometry":{"type":"LineString","coordinates":[[5.6033,47.9234],[5.6050,47.9224],[5.6116,47.9215],[5.6134,47.9175],[5.6170,47.9159],[5.6172,47.9147],[5.6199,47.9120],[5.6360,47.9094],[5.6393,47.9059],[5.6404,47.9032],[5.6398,47.8933],[5.6436,47.8914],[5.6420,47.8873],[5.6388,47.8831],[5.6407,47.8808],[5.6438,47.8794],[5.6443,47.8753],[5.6486,47.8713],[5.6471,47.8691],[5.6494,47.8662],[5.6395,47.8634],[5.6374,47.8600],[5.6262,47.8557],[5.6222,47.8516],[5.6226,47.8486],[5.6215,47.8475],[5.6223,47.8461],[5.6215,47.8449],[5.6225,47.8444],[5.6209,47.8411],[5.6240,47.8394],[5.6296,47.8384],[5.6329,47.8359],[5.6356,47.8366],[5.6397,47.8354]]}},{"type":"Feature","properties":{"name":"La Resaigne"},"geometry":{"type":"LineString","coordinates":[[5.4446,47.7679],[5.4438,47.7670],[5.4443,47.7650],[5.4452,47.7646],[5.4462,47.7611],[5.4476,47.7608],[5.4477,47.7595],[5.4488,47.7590],[5.4469,47.7563],[5.4480,47.7548],[5.4483,47.7518],[5.4471,47.7506],[5.4470,47.7481],[5.4484,47.7465],[5.4496,47.7466],[5.4506,47.7437],[5.4511,47.7317],[5.4481,47.7291],[5.4498,47.7266],[5.4500,47.7241],[5.4545,47.7238],[5.4480,47.7180],[5.4486,47.7169],[5.4525,47.7162],[5.4503,47.7142],[5.4509,47.7135],[5.4490,47.7116],[5.4492,47.7098],[5.4480,47.7095],[5.4489,47.7084],[5.4463,47.7069],[5.4473,47.7068],[5.4467,47.7055],[5.4485,47.7035],[5.4470,47.7016],[5.4497,47.6999],[5.4495,47.6977],[5.4480,47.6963],[5.4499,47.6959],[5.4519,47.6973],[5.4542,47.6970],[5.4545,47.6946],[5.4586,47.6946],[5.4557,47.6918],[5.4624,47.6898]]}},{"type":"Feature","properties":{"name":"La Resaigne"},"geometry":{"type":"LineString","coordinates":[[5.4415,47.7733],[5.4438,47.7705],[5.4433,47.7698],[5.4450,47.7691],[5.4446,47.7679]]}},{"type":"Feature","properties":{"name":"La Resaigne"},"geometry":{"type":"LineString","coordinates":[[5.4395,47.7802],[5.4404,47.7767],[5.4397,47.7763]]}},{"type":"Feature","properties":{"name":"La Resaigne"},"geometry":{"type":"LineString","coordinates":[[5.4397,47.7763],[5.4415,47.7733]]}},{"type":"Feature","properties":{"name":"La Resaigne"},"geometry":{"type":"LineString","coordinates":[[5.4386,47.7811],[5.4395,47.7802]]}},{"type":"Feature","properties":{"name":"La Romaine"},"geometry":{"type":"LineString","coordinates":[[5.8657,47.5362],[5.8624,47.5368],[5.8600,47.5392],[5.8596,47.5410],[5.8573,47.5428],[5.8563,47.5462],[5.8577,47.5465]]}},{"type":"Feature","properties":{"name":"La Romaine"},"geometry":{"type":"LineString","coordinates":[[5.9387,47.5187],[5.9393,47.5199],[5.9384,47.5215],[5.9332,47.5251],[5.9287,47.5302],[5.9293,47.5321],[5.9286,47.5331],[5.9267,47.5327],[5.9199,47.5342],[5.9068,47.5314],[5.8979,47.5321],[5.8970,47.5302],[5.8930,47.5302],[5.8779,47.5325],[5.8768,47.5335],[5.8778,47.5340],[5.8755,47.5347],[5.8689,47.5336],[5.8657,47.5362]]}},{"type":"Feature","properties":{"name":"La Romaine"},"geometry":{"type":"LineString","coordinates":[[5.9283,47.5302],[5.9253,47.5330]]}},{"type":"Feature","properties":{"name":"La Romaine"},"geometry":{"type":"LineString","coordinates":[[6.0251,47.4754],[6.0222,47.4766],[6.0209,47.4789],[6.0176,47.4811],[6.0172,47.4827],[6.0155,47.4831],[6.0155,47.4853],[6.0168,47.4877],[6.0150,47.4892],[6.0128,47.4894],[6.0117,47.4919],[6.0074,47.4944],[6.0042,47.4984],[6.0049,47.4995],[6.0029,47.5012],[6.0039,47.5018],[6.0020,47.5035],[6.0026,47.5048],[6.0018,47.5056],[5.9965,47.5053],[5.9896,47.5075],[5.9819,47.5060],[5.9781,47.5072],[5.9782,47.5085],[5.9762,47.5090],[5.9634,47.5094],[5.9561,47.5107],[5.9501,47.5134],[5.9451,47.5126],[5.9373,47.5161],[5.9387,47.5187]]}},{"type":"Feature","properties":{"name":"La Romaine"},"geometry":{"type":"LineString","coordinates":[[5.8280,47.5561],[5.8230,47.5624],[5.8132,47.5661],[5.8108,47.5647],[5.8081,47.5659],[5.8081,47.5673],[5.8068,47.5674]]}},{"type":"Feature","properties":{"name":"La Romaine"},"geometry":{"type":"LineString","coordinates":[[5.8280,47.5561],[5.8121,47.5613]]}},{"type":"Feature","properties":{"name":"La Romaine"},"geometry":{"type":"LineString","coordinates":[[5.8160,47.5650],[5.8108,47.5647]]}},{"type":"Feature","properties":{"name":"La Romaine"},"geometry":{"type":"LineString","coordinates":[[5.8121,47.5613],[5.8080,47.5646],[5.8054,47.5649],[5.8068,47.5674]]}},{"type":"Feature","properties":{"name":"La Romaine"},"geometry":{"type":"LineString","coordinates":[[5.8121,47.5613],[5.8075,47.5644]]}},{"type":"Feature","properties":{"name":"La Romaine"},"geometry":{"type":"LineString","coordinates":[[5.9958,47.5060],[5.9926,47.5071]]}},{"type":"Feature","properties":{"name":"La Romaine"},"geometry":{"type":"LineString","coordinates":[[5.8577,47.5465],[5.8565,47.5475],[5.8570,47.5501],[5.8457,47.5534]]}},{"type":"Feature","properties":{"name":"La Romaine"},"geometry":{"type":"LineString","coordinates":[[5.8775,47.5328],[5.8652,47.5326],[5.8624,47.5368]]}},{"type":"Feature","properties":{"name":"La Romaine"},"geometry":{"type":"LineString","coordinates":[[5.8657,47.5362],[5.8624,47.5419],[5.8577,47.5465]]}},{"type":"Feature","properties":{"name":"La Romaine"},"geometry":{"type":"LineString","coordinates":[[5.8457,47.5534],[5.8418,47.5549],[5.8336,47.5542],[5.8280,47.5561]]}},{"type":"Feature","properties":{"name":"La Romaine"},"geometry":{"type":"LineString","coordinates":[[5.8565,47.5484],[5.8469,47.5514],[5.8457,47.5534]]}},{"type":"Feature","properties":{"name":"La Romaine"},"geometry":{"type":"LineString","coordinates":[[5.8068,47.5674],[5.8062,47.5685],[5.8023,47.5690]]}},{"type":"Feature","properties":{"name":"La Romaine"},"geometry":{"type":"LineString","coordinates":[[5.9354,47.5194],[5.9325,47.5209],[5.9271,47.5266],[5.9283,47.5302]]}},{"type":"Feature","properties":{"name":"La Romaine"},"geometry":{"type":"LineString","coordinates":[[5.9385,47.5188],[5.9356,47.5195]]}},{"type":"Feature","properties":{"name":"La Lanterne"},"geometry":{"type":"LineString","coordinates":[[6.2971,47.8029],[6.2979,47.8038],[6.2980,47.8106],[6.2993,47.8115],[6.2985,47.8136],[6.2996,47.8148],[6.2963,47.8156],[6.2947,47.8193],[6.2953,47.8219],[6.2918,47.8250],[6.2874,47.8240],[6.2836,47.8246],[6.2777,47.8224],[6.2747,47.8242],[6.2716,47.8233],[6.2708,47.8204],[6.2690,47.8196],[6.2625,47.8201],[6.2511,47.8191],[6.2485,47.8157],[6.2432,47.8152],[6.2428,47.8144],[6.2382,47.8135],[6.2369,47.8115],[6.2339,47.8114],[6.2311,47.8124],[6.2283,47.8101],[6.2253,47.8118],[6.2244,47.8082],[6.2182,47.8089],[6.2170,47.8104],[6.2102,47.8137],[6.2066,47.8139],[6.2041,47.8125],[6.2016,47.8124],[6.1982,47.8162],[6.1939,47.8182],[6.1916,47.8175],[6.1918,47.8165],[6.1906,47.8161],[6.1883,47.8177],[6.1863,47.8155],[6.1837,47.8162],[6.1802,47.8141],[6.1804,47.8121],[6.1783,47.8080],[6.1764,47.8067],[6.1700,47.8052],[6.1677,47.8072],[6.1665,47.8069],[6.1597,47.8006],[6.1583,47.7967],[6.1535,47.7944],[6.1516,47.7949],[6.1502,47.7942],[6.1501,47.7932],[6.1484,47.7933],[6.1491,47.7914],[6.1475,47.7879],[6.1397,47.7858],[6.1346,47.7834],[6.1326,47.7777],[6.1312,47.7773],[6.1283,47.7791],[6.1245,47.7799],[6.1208,47.7778],[6.1202,47.7755],[6.1173,47.7747],[6.1157,47.7708],[6.1106,47.7721],[6.1099,47.7695],[6.1122,47.7685],[6.1078,47.7682],[6.1076,47.7651],[6.1086,47.7626],[6.1015,47.7594],[6.0985,47.7558],[6.0914,47.7553],[6.0855,47.7577],[6.0824,47.7573],[6.0814,47.7585],[6.0763,47.7584],[6.0748,47.7528],[6.0801,47.7543],[6.0785,47.7523],[6.0761,47.7514],[6.0774,47.7502],[6.0763,47.7486],[6.0765,47.7471],[6.0756,47.7446],[6.0729,47.7425],[6.0752,47.7413],[6.0691,47.7406],[6.0644,47.7389],[6.0622,47.7393],[6.0586,47.7378],[6.0561,47.7380],[6.0536,47.7356],[6.0506,47.7358],[6.0488,47.7340],[6.0467,47.7347],[6.0445,47.7328]]}},{"type":"Feature","properties":{"name":"La Lanterne"},"geometry":{"type":"LineString","coordinates":[[6.3081,47.7871],[6.3064,47.7879],[6.3069,47.7890],[6.3050,47.7910],[6.3015,47.7918],[6.3015,47.7933]]}},{"type":"Feature","properties":{"name":"La Lanterne"},"geometry":{"type":"LineString","coordinates":[[6.3105,47.7835],[6.3084,47.7857],[6.3098,47.7867],[6.3081,47.7871]]}},{"type":"Feature","properties":{"name":"La Lanterne"},"geometry":{"type":"LineString","coordinates":[[6.3015,47.7933],[6.3000,47.7943],[6.3003,47.7961],[6.2994,47.7962],[6.3002,47.7975],[6.2994,47.7981],[6.3001,47.7983],[6.2981,47.7989],[6.2985,47.8004],[6.2976,47.8009],[6.2983,47.8012],[6.2968,47.8024]]}},{"type":"Feature","properties":{"name":"La Lanterne"},"geometry":{"type":"LineString","coordinates":[[6.2968,47.8024],[6.2971,47.8029]]}},{"type":"Feature","properties":{"name":"La Lanterne"},"geometry":{"type":"LineString","coordinates":[[6.3930,47.7644],[6.3918,47.7656],[6.3801,47.7680],[6.3764,47.7696],[6.3747,47.7686],[6.3747,47.7694],[6.3723,47.7694],[6.3612,47.7671],[6.3595,47.7695],[6.3581,47.7694],[6.3565,47.7722],[6.3541,47.7736],[6.3512,47.7739],[6.3483,47.7769],[6.3445,47.7770],[6.3410,47.7753],[6.3383,47.7754],[6.3335,47.7778],[6.3285,47.7772],[6.3280,47.7781],[6.3289,47.7783],[6.3267,47.7783],[6.3268,47.7792],[6.3223,47.7815],[6.3163,47.7794],[6.3102,47.7796],[6.3089,47.7814],[6.3105,47.7835]]}},{"type":"Feature","properties":{"name":"La Lanterne"},"geometry":{"type":"LineString","coordinates":[[6.4001,47.7608],[6.3984,47.7610],[6.3975,47.7630],[6.3956,47.7639],[6.3930,47.7644]]}},{"type":"Feature","properties":{"name":"La Lanterne"},"geometry":{"type":"LineString","coordinates":[[6.5110,47.7852],[6.5112,47.7844]]}},{"type":"Feature","properties":{"name":"La Lanterne"},"geometry":{"type":"LineString","coordinates":[[6.5112,47.7844],[6.5112,47.7843]]}},{"type":"Feature","properties":{"name":"La Lanterne"},"geometry":{"type":"LineString","coordinates":[[6.5112,47.7843],[6.5063,47.7802],[6.5055,47.7772]]}},{"type":"Feature","properties":{"name":"La Lanterne"},"geometry":{"type":"LineString","coordinates":[[6.5031,47.7706],[6.5025,47.7653],[6.5032,47.7636],[6.5024,47.7612],[6.5046,47.7572],[6.4972,47.7518]]}},{"type":"Feature","properties":{"name":"La Lanterne"},"geometry":{"type":"LineString","coordinates":[[6.4972,47.7518],[6.4972,47.7518]]}},{"type":"Feature","properties":{"name":"La Lanterne"},"geometry":{"type":"LineString","coordinates":[[6.4972,47.7518],[6.4917,47.7489],[6.4903,47.7463],[6.4884,47.7454]]}},{"type":"Feature","properties":{"name":"La Lanterne"},"geometry":{"type":"LineString","coordinates":[[6.1036,47.7600],[6.1011,47.7589]]}},{"type":"Feature","properties":{"name":"La Lanterne"},"geometry":{"type":"LineString","coordinates":[[6.1038,47.7601],[6.1036,47.7600]]}},{"type":"Feature","properties":{"name":"La Lanterne"},"geometry":{"type":"LineString","coordinates":[[6.1039,47.7605],[6.1038,47.7601]]}},{"type":"Feature","properties":{"name":"La Lanterne"},"geometry":{"type":"LineString","coordinates":[[6.4353,47.7378],[6.4268,47.7409],[6.4269,47.7425],[6.4253,47.7436]]}},{"type":"Feature","properties":{"name":"La Lanterne"},"geometry":{"type":"LineString","coordinates":[[6.4358,47.7378],[6.4353,47.7378]]}},{"type":"Feature","properties":{"name":"La Lanterne"},"geometry":{"type":"LineString","coordinates":[[6.4409,47.7379],[6.4358,47.7378]]}},{"type":"Feature","properties":{"name":"La Lanterne"},"geometry":{"type":"LineString","coordinates":[[6.4558,47.7389],[6.4450,47.7386]]}},{"type":"Feature","properties":{"name":"La Lanterne"},"geometry":{"type":"LineString","coordinates":[[6.4559,47.7389],[6.4558,47.7389]]}},{"type":"Feature","properties":{"name":"La Lanterne"},"geometry":{"type":"LineString","coordinates":[[6.4610,47.7403],[6.4559,47.7389]]}},{"type":"Feature","properties":{"name":"La Lanterne"},"geometry":{"type":"LineString","coordinates":[[6.4610,47.7404],[6.4610,47.7403]]}},{"type":"Feature","properties":{"name":"La Lanterne"},"geometry":{"type":"LineString","coordinates":[[6.4882,47.7449],[6.4882,47.7449]]}},{"type":"Feature","properties":{"name":"La Lanterne"},"geometry":{"type":"LineString","coordinates":[[6.4884,47.7454],[6.4882,47.7449]]}},{"type":"Feature","properties":{"name":"La Lanterne"},"geometry":{"type":"LineString","coordinates":[[6.4882,47.7449],[6.4867,47.7438],[6.4775,47.7428],[6.4762,47.7438],[6.4737,47.7437],[6.4610,47.7404]]}},{"type":"Feature","properties":{"name":"La Lanterne"},"geometry":{"type":"LineString","coordinates":[[6.5055,47.7772],[6.5035,47.7741],[6.5031,47.7706]]}},{"type":"Feature","properties":{"name":"La Lanterne"},"geometry":{"type":"LineString","coordinates":[[6.5125,47.7876],[6.5110,47.7852]]}},{"type":"Feature","properties":{"name":"La Lanterne"},"geometry":{"type":"LineString","coordinates":[[6.5125,47.7876],[6.5125,47.7876]]}},{"type":"Feature","properties":{"name":"La Lanterne"},"geometry":{"type":"LineString","coordinates":[[6.5174,47.7956],[6.5120,47.7932],[6.5117,47.7902],[6.5125,47.7876]]}},{"type":"Feature","properties":{"name":"La Lanterne"},"geometry":{"type":"LineString","coordinates":[[6.5174,47.7957],[6.5174,47.7956]]}},{"type":"Feature","properties":{"name":"La Lanterne"},"geometry":{"type":"LineString","coordinates":[[6.5288,47.7970],[6.5210,47.7979],[6.5174,47.7957]]}},{"type":"Feature","properties":{"name":"La Lanterne"},"geometry":{"type":"LineString","coordinates":[[6.4253,47.7436],[6.4206,47.7461],[6.4179,47.7510],[6.4097,47.7558],[6.4051,47.7568],[6.4001,47.7608]]}},{"type":"Feature","properties":{"name":"La Lanterne"},"geometry":{"type":"LineString","coordinates":[[6.4096,47.7527],[6.4073,47.7522],[6.4051,47.7538],[6.4036,47.7553],[6.4036,47.7578]]}},{"type":"Feature","properties":{"name":"La Lanterne"},"geometry":{"type":"LineString","coordinates":[[6.4138,47.7532],[6.4089,47.7529],[6.4078,47.7536],[6.4073,47.7561]]}},{"type":"Feature","properties":{"name":"La Lanterne"},"geometry":{"type":"LineString","coordinates":[[6.5390,47.7963],[6.5388,47.7963]]}},{"type":"Feature","properties":{"name":"La Lanterne"},"geometry":{"type":"LineString","coordinates":[[6.5447,47.7967],[6.5419,47.7971],[6.5390,47.7963]]}},{"type":"Feature","properties":{"name":"La Lanterne"},"geometry":{"type":"LineString","coordinates":[[6.4450,47.7386],[6.4433,47.7383]]}},{"type":"Feature","properties":{"name":"La Lanterne"},"geometry":{"type":"LineString","coordinates":[[6.4433,47.7383],[6.4410,47.7379]]}},{"type":"Feature","properties":{"name":"La Lanterne"},"geometry":{"type":"LineString","coordinates":[[6.4156,47.7517],[6.4129,47.7531]]}},{"type":"Feature","properties":{"name":"La Lanterne"},"geometry":{"type":"LineString","coordinates":[[6.1534,47.7942],[6.1503,47.7929],[6.1516,47.7920],[6.1511,47.7912],[6.1488,47.7909]]}},{"type":"Feature","properties":{"name":"La Lanterne"},"geometry":{"type":"LineString","coordinates":[[6.1542,47.7944],[6.1536,47.7945]]}},{"type":"Feature","properties":{"name":"La Lanterne"},"geometry":{"type":"LineString","coordinates":[[6.1559,47.7953],[6.1532,47.7943]]}},{"type":"Feature","properties":{"name":"La Lanterne"},"geometry":{"type":"LineString","coordinates":[[6.1611,47.8021],[6.1618,47.8015],[6.1599,47.7992]]}},{"type":"Feature","properties":{"name":"La Lanterne"},"geometry":{"type":"LineString","coordinates":[[6.1601,47.8010],[6.1606,47.8008]]}},{"type":"Feature","properties":{"name":"La Lanterne"},"geometry":{"type":"LineString","coordinates":[[6.1608,47.8017],[6.1586,47.7972]]}},{"type":"Feature","properties":{"name":"La Lanterne"},"geometry":{"type":"LineString","coordinates":[[6.3084,47.7857],[6.3084,47.7869]]}},{"type":"Feature","properties":{"name":"La Lanterne"},"geometry":{"type":"LineString","coordinates":[[6.2280,47.8102],[6.2271,47.8110]]}},{"type":"Feature","properties":{"name":"La Lanterne"},"geometry":{"type":"LineString","coordinates":[[6.2250,47.8112],[6.2247,47.8102]]}},{"type":"Feature","properties":{"name":"La Lanterne"},"geometry":{"type":"LineString","coordinates":[[6.2426,47.8148],[6.2419,47.8145]]}},{"type":"Feature","properties":{"name":"La Lanterne"},"geometry":{"type":"LineString","coordinates":[[6.2338,47.8114],[6.2328,47.8116]]}},{"type":"Feature","properties":{"name":"La Lanterne"},"geometry":{"type":"LineString","coordinates":[[6.2322,47.8124],[6.2310,47.8124]]}},{"type":"Feature","properties":{"name":"La Lanterne"},"geometry":{"type":"LineString","coordinates":[[6.0644,47.7389],[6.0630,47.7386],[6.0625,47.7393]]}},{"type":"Feature","properties":{"name":"La Lanterne"},"geometry":{"type":"LineString","coordinates":[[6.0491,47.7336],[6.0481,47.7313]]}},{"type":"Feature","properties":{"name":"La Lanterne"},"geometry":{"type":"LineString","coordinates":[[6.0527,47.7356],[6.0511,47.7347]]}},{"type":"Feature","properties":{"name":"La Lanterne"},"geometry":{"type":"LineString","coordinates":[[6.0511,47.7347],[6.0504,47.7345]]}},{"type":"Feature","properties":{"name":"La Lanterne"},"geometry":{"type":"LineString","coordinates":[[6.0504,47.7345],[6.0497,47.7339]]}},{"type":"Feature","properties":{"name":"La Lanterne"},"geometry":{"type":"LineString","coordinates":[[6.0497,47.7339],[6.0491,47.7336]]}},{"type":"Feature","properties":{"name":"La Lanterne"},"geometry":{"type":"LineString","coordinates":[[6.5388,47.7963],[6.5330,47.7965],[6.5312,47.7974],[6.5289,47.7969]]}},{"type":"Feature","properties":{"name":"La Lanterne"},"geometry":{"type":"LineString","coordinates":[[6.5289,47.7969],[6.5288,47.7970]]}},{"type":"Feature","properties":{"name":"La Lanterne"},"geometry":{"type":"LineString","coordinates":[[6.5289,47.7969],[6.5289,47.7969]]}},{"type":"Feature","properties":{"name":"La Colombine"},"geometry":{"type":"LineString","coordinates":[[6.1690,47.6169],[6.1661,47.6185],[6.1667,47.6194],[6.1660,47.6204],[6.1624,47.6208]]}},{"type":"Feature","properties":{"name":"La Colombine"},"geometry":{"type":"LineString","coordinates":[[6.1669,47.6181],[6.1581,47.6161],[6.1533,47.6166]]}},{"type":"Feature","properties":{"name":"La Colombine"},"geometry":{"type":"LineString","coordinates":[[6.3680,47.7113],[6.3700,47.7072]]}},{"type":"Feature","properties":{"name":"La Colombine"},"geometry":{"type":"LineString","coordinates":[[6.3219,47.6712],[6.3166,47.6717],[6.3137,47.6697],[6.3091,47.6705],[6.3053,47.6695],[6.2998,47.6704],[6.2939,47.6680],[6.2936,47.6669],[6.2814,47.6633],[6.2778,47.6597],[6.2783,47.6588],[6.2762,47.6549],[6.2811,47.6480],[6.2806,47.6466],[6.2771,47.6448],[6.2791,47.6424],[6.2733,47.6434],[6.2700,47.6420],[6.2696,47.6404],[6.2680,47.6396],[6.2637,47.6414],[6.2598,47.6416],[6.2582,47.6405],[6.2608,47.6393],[6.2607,47.6381],[6.2566,47.6373],[6.2572,47.6351],[6.2534,47.6343],[6.2532,47.6323],[6.2487,47.6324],[6.2487,47.6293],[6.2459,47.6307],[6.2429,47.6296],[6.2429,47.6273]]}},{"type":"Feature","properties":{"name":"La Colombine"},"geometry":{"type":"LineString","coordinates":[[6.2194,47.6239],[6.2209,47.6228],[6.2203,47.6226]]}},{"type":"Feature","properties":{"name":"La Colombine"},"geometry":{"type":"LineString","coordinates":[[6.2194,47.6239],[6.2206,47.6219],[6.2201,47.6212],[6.2177,47.6206],[6.2160,47.6189],[6.2113,47.6192],[6.2084,47.6137],[6.2040,47.6155],[6.2002,47.6146],[6.1986,47.6169],[6.1971,47.6173],[6.1907,47.6138],[6.1880,47.6154],[6.1887,47.6160],[6.1880,47.6181],[6.1846,47.6194],[6.1804,47.6184],[6.1791,47.6191],[6.1783,47.6181],[6.1775,47.6191],[6.1756,47.6185],[6.1723,47.6199],[6.1730,47.6186],[6.1690,47.6169]]}},{"type":"Feature","properties":{"name":"La Colombine"},"geometry":{"type":"LineString","coordinates":[[6.1927,47.6120],[6.1886,47.6133],[6.1880,47.6154]]}},{"type":"Feature","properties":{"name":"La Colombine"},"geometry":{"type":"LineString","coordinates":[[6.3548,47.6888],[6.3547,47.6888]]}},{"type":"Feature","properties":{"name":"La Colombine"},"geometry":{"type":"LineString","coordinates":[[6.3547,47.6888],[6.3531,47.6880],[6.3517,47.6847],[6.3503,47.6837],[6.3506,47.6817],[6.3480,47.6785]]}},{"type":"Feature","properties":{"name":"La Colombine"},"geometry":{"type":"LineString","coordinates":[[6.3702,47.7071],[6.3708,47.7021],[6.3693,47.6989],[6.3644,47.6970],[6.3637,47.6946],[6.3611,47.6916],[6.3548,47.6888]]}},{"type":"Feature","properties":{"name":"La Colombine"},"geometry":{"type":"LineString","coordinates":[[6.3700,47.7072],[6.3702,47.7071]]}},{"type":"Feature","properties":{"name":"La Colombine"},"geometry":{"type":"LineString","coordinates":[[6.3430,47.6772],[6.3371,47.6747]]}},{"type":"Feature","properties":{"name":"La Colombine"},"geometry":{"type":"LineString","coordinates":[[6.3371,47.6745],[6.3219,47.6712]]}},{"type":"Feature","properties":{"name":"La Colombine"},"geometry":{"type":"LineString","coordinates":[[6.3480,47.6785],[6.3479,47.6784]]}},{"type":"Feature","properties":{"name":"La Colombine"},"geometry":{"type":"LineString","coordinates":[[6.3371,47.6747],[6.3371,47.6745]]}},{"type":"Feature","properties":{"name":"La Colombine"},"geometry":{"type":"LineString","coordinates":[[6.3479,47.6784],[6.3457,47.6772],[6.3431,47.6772]]}},{"type":"Feature","properties":{"name":"La Colombine"},"geometry":{"type":"LineString","coordinates":[[6.1927,47.6120],[6.1938,47.6128],[6.1921,47.6133],[6.1923,47.6140]]}},{"type":"Feature","properties":{"name":"La Colombine"},"geometry":{"type":"LineString","coordinates":[[6.1532,47.6166],[6.1423,47.6188],[6.1424,47.6212]]}},{"type":"Feature","properties":{"name":"La Colombine"},"geometry":{"type":"LineString","coordinates":[[6.1533,47.6166],[6.1532,47.6166]]}},{"type":"Feature","properties":{"name":"La Colombine"},"geometry":{"type":"LineString","coordinates":[[6.2429,47.6273],[6.2422,47.6268],[6.2410,47.6280],[6.2367,47.6282],[6.2365,47.6256],[6.2353,47.6247],[6.2309,47.6256],[6.2262,47.6252],[6.2260,47.6239],[6.2277,47.6233],[6.2275,47.6221],[6.2244,47.6233],[6.2231,47.6229],[6.2205,47.6247],[6.2194,47.6239]]}},{"type":"Feature","properties":{"name":"La Linotte"},"geometry":{"type":"LineString","coordinates":[[6.2110,47.4838],[6.2090,47.4836],[6.2081,47.4801],[6.2053,47.4798],[6.2006,47.4762],[6.2005,47.4724],[6.1992,47.4718],[6.1989,47.4690],[6.1970,47.4666],[6.1984,47.4589],[6.2057,47.4495],[6.2024,47.4478],[6.2043,47.4448],[6.2014,47.4416],[6.2014,47.4383],[6.2090,47.4363],[6.2088,47.4351],[6.2041,47.4331]]}},{"type":"Feature","properties":{"name":"La Linotte"},"geometry":{"type":"LineString","coordinates":[[6.2011,47.4763],[6.2023,47.4738]]}},{"type":"Feature","properties":{"name":"La Linotte"},"geometry":{"type":"LineString","coordinates":[[6.2023,47.4738],[6.2022,47.4736]]}},{"type":"Feature","properties":{"name":"La Linotte"},"geometry":{"type":"LineString","coordinates":[[6.2022,47.4736],[6.2005,47.4726]]}},{"type":"Feature","properties":{"name":"La Gourgeonne"},"geometry":{"type":"LineString","coordinates":[[5.8374,47.6913],[5.8376,47.6902],[5.8358,47.6896],[5.8348,47.6874],[5.8364,47.6847],[5.8379,47.6845],[5.8383,47.6829],[5.8359,47.6813],[5.8338,47.6812],[5.8336,47.6801],[5.8326,47.6800],[5.8332,47.6766],[5.8293,47.6755],[5.8296,47.6748],[5.8269,47.6719],[5.8275,47.6715],[5.8262,47.6707],[5.8275,47.6692],[5.8338,47.6673],[5.8325,47.6653],[5.8283,47.6667],[5.8271,47.6656],[5.8271,47.6638],[5.8295,47.6634],[5.8316,47.6606],[5.8261,47.6591],[5.8243,47.6553],[5.8205,47.6556],[5.8127,47.6533],[5.8135,47.6524],[5.8118,47.6503],[5.8099,47.6507],[5.8029,47.6483],[5.8000,47.6485],[5.7982,47.6473],[5.7940,47.6467],[5.7926,47.6433],[5.7839,47.6448],[5.7815,47.6397],[5.7771,47.6409],[5.7756,47.6402],[5.7752,47.6388],[5.7788,47.6340],[5.7846,47.6349],[5.7841,47.6289],[5.7877,47.6274],[5.7900,47.6283],[5.7914,47.6275],[5.7919,47.6262],[5.7888,47.6238],[5.7887,47.6222],[5.7914,47.6214],[5.7992,47.6217],[5.8017,47.6187],[5.7989,47.6102],[5.7963,47.6087],[5.7951,47.6057],[5.7900,47.6030],[5.7858,47.6032],[5.7809,47.6014],[5.7737,47.6011],[5.7714,47.5975],[5.7717,47.5946],[5.7730,47.5938],[5.7707,47.5909],[5.7691,47.5903],[5.7679,47.5871],[5.7688,47.5852],[5.7681,47.5840],[5.7688,47.5810],[5.7698,47.5800]]}},{"type":"Feature","properties":{"name":"Le Bâtard"},"geometry":{"type":"LineString","coordinates":[[6.1773,47.6629],[6.1770,47.6613],[6.1792,47.6603],[6.1773,47.6584],[6.1776,47.6575],[6.1808,47.6560],[6.1819,47.6543],[6.1788,47.6527],[6.1808,47.6509],[6.1805,47.6480],[6.1774,47.6459],[6.1795,47.6436],[6.1807,47.6435]]}},{"type":"Feature","properties":{"name":"Le Bâtard"},"geometry":{"type":"LineString","coordinates":[[6.1736,47.6755],[6.1706,47.6704],[6.1725,47.6696],[6.1721,47.6682],[6.1753,47.6644],[6.1748,47.6633],[6.1773,47.6629]]}},{"type":"Feature","properties":{"name":"La Marne"},"geometry":{"type":"LineString","coordinates":[[5.3665,47.8667],[5.3605,47.8711],[5.3512,47.8743],[5.3445,47.8790]]}},{"type":"Feature","properties":{"name":"La Marne"},"geometry":{"type":"LineString","coordinates":[[5.3445,47.8790],[5.3418,47.8794]]}},{"type":"Feature","properties":{"name":"La Combeauté"},"geometry":{"type":"LineString","coordinates":[[6.4892,47.9306],[6.4861,47.9276],[6.4824,47.9263],[6.4791,47.9229],[6.4746,47.9201],[6.4718,47.9195],[6.4648,47.9145],[6.4579,47.9128],[6.4543,47.9076],[6.4460,47.9032],[6.4401,47.9015],[6.4390,47.9022]]}},{"type":"Feature","properties":{"name":"La Combeauté"},"geometry":{"type":"LineString","coordinates":[[6.5302,47.9666],[6.5284,47.9662]]}},{"type":"Feature","properties":{"name":"La Combeauté"},"geometry":{"type":"LineString","coordinates":[[6.5224,47.9499],[6.5157,47.9443],[6.5155,47.9430],[6.5126,47.9419],[6.5107,47.9397],[6.5053,47.9377],[6.4984,47.9330],[6.4933,47.9328],[6.4892,47.9306]]}},{"type":"Feature","properties":{"name":"La Combeauté"},"geometry":{"type":"LineString","coordinates":[[6.5226,47.9502],[6.5224,47.9499]]}},{"type":"Feature","properties":{"name":"La Combeauté"},"geometry":{"type":"LineString","coordinates":[[6.5477,47.9696],[6.5400,47.9695],[6.5270,47.9659],[6.5233,47.9603],[6.5254,47.9582],[6.5239,47.9542]]}},{"type":"Feature","properties":{"name":"La Combeauté"},"geometry":{"type":"LineString","coordinates":[[6.5239,47.9542],[6.5238,47.9515],[6.5226,47.9502]]}},{"type":"Feature","properties":{"name":"La Combeauté"},"geometry":{"type":"LineString","coordinates":[[6.3604,47.8819],[6.3577,47.8809],[6.3526,47.8815],[6.3506,47.8803],[6.3412,47.8813],[6.3398,47.8826],[6.3355,47.8814],[6.3309,47.8825],[6.3309,47.8839],[6.3279,47.8849]]}},{"type":"Feature","properties":{"name":"La Combeauté"},"geometry":{"type":"LineString","coordinates":[[6.4080,47.8897],[6.4036,47.8886],[6.4036,47.8877]]}},{"type":"Feature","properties":{"name":"La Combeauté"},"geometry":{"type":"LineString","coordinates":[[6.2719,47.8811],[6.2713,47.8808]]}},{"type":"Feature","properties":{"name":"La Combeauté"},"geometry":{"type":"LineString","coordinates":[[6.4055,47.8884],[6.4054,47.8884]]}},{"type":"Feature","properties":{"name":"La Combeauté"},"geometry":{"type":"LineString","coordinates":[[6.3279,47.8849],[6.3234,47.8841],[6.3222,47.8851],[6.3169,47.8824],[6.3162,47.8831],[6.3149,47.8822],[6.3089,47.8814],[6.3029,47.8778],[6.3010,47.8786],[6.2931,47.8785],[6.2848,47.8758],[6.2788,47.8759],[6.2750,47.8744],[6.2725,47.8751],[6.2686,47.8746],[6.2621,47.8701],[6.2580,47.8699],[6.2502,47.8672],[6.2488,47.8656],[6.2500,47.8654],[6.2500,47.8639],[6.2489,47.8638],[6.2492,47.8625],[6.2449,47.8589],[6.2454,47.8575],[6.2441,47.8569],[6.2447,47.8554],[6.2414,47.8545],[6.2419,47.8534],[6.2396,47.8527],[6.2388,47.8549],[6.2355,47.8539]]}},{"type":"Feature","properties":{"name":"La Combeauté"},"geometry":{"type":"LineString","coordinates":[[6.4390,47.9022],[6.4382,47.9027]]}},{"type":"Feature","properties":{"name":"La Combeauté"},"geometry":{"type":"LineString","coordinates":[[6.4382,47.9027],[6.4353,47.9020],[6.4321,47.8961],[6.4226,47.8937],[6.4164,47.8935],[6.4143,47.8915],[6.4100,47.8910],[6.4055,47.8884]]}},{"type":"Feature","properties":{"name":"La Combeauté"},"geometry":{"type":"LineString","coordinates":[[6.4401,47.9015],[6.4375,47.9004],[6.4350,47.9010]]}},{"type":"Feature","properties":{"name":"La Combeauté"},"geometry":{"type":"LineString","coordinates":[[6.4054,47.8884],[6.4031,47.8875],[6.3953,47.8873],[6.3918,47.8857],[6.3913,47.8838],[6.3884,47.8833],[6.3822,47.8828],[6.3788,47.8850],[6.3763,47.8850],[6.3741,47.8842],[6.3738,47.8830],[6.3720,47.8831],[6.3722,47.8813],[6.3709,47.8805],[6.3667,47.8805],[6.3637,47.8821],[6.3604,47.8819]]}},{"type":"Feature","properties":{"name":"La Combeauté"},"geometry":{"type":"LineString","coordinates":[[6.4200,47.8940],[6.4192,47.8940]]}},{"type":"Feature","properties":{"name":"La Superbe"},"geometry":{"type":"LineString","coordinates":[[6.1575,47.9204],[6.1565,47.9172],[6.1577,47.9159]]}},{"type":"Feature","properties":{"name":"La Superbe"},"geometry":{"type":"LineString","coordinates":[[6.1577,47.9159],[6.1578,47.9159]]}},{"type":"Feature","properties":{"name":"La Superbe"},"geometry":{"type":"LineString","coordinates":[[6.1599,47.9071],[6.1598,47.9070]]}},{"type":"Feature","properties":{"name":"La Superbe"},"geometry":{"type":"LineString","coordinates":[[6.1598,47.9070],[6.1538,47.9029],[6.1505,47.9020],[6.1498,47.8997],[6.1473,47.8970]]}},{"type":"Feature","properties":{"name":"La Superbe"},"geometry":{"type":"LineString","coordinates":[[6.0581,47.8018],[6.0551,47.7985],[6.0564,47.7978],[6.0576,47.7940],[6.0593,47.7940],[6.0593,47.7908],[6.0616,47.7895],[6.0620,47.7873],[6.0635,47.7863],[6.0635,47.7850],[6.0613,47.7843],[6.0618,47.7807],[6.0544,47.7771],[6.0527,47.7779],[6.0475,47.7768],[6.0404,47.7775],[6.0237,47.7741],[6.0181,47.7719],[6.0163,47.7676],[6.0138,47.7654]]}},{"type":"Feature","properties":{"name":"La Superbe"},"geometry":{"type":"LineString","coordinates":[[6.1578,47.9159],[6.1607,47.9097],[6.1599,47.9071]]}},{"type":"Feature","properties":{"name":"La Superbe"},"geometry":{"type":"LineString","coordinates":[[6.1473,47.8970],[6.1472,47.8969]]}},{"type":"Feature","properties":{"name":"La Superbe"},"geometry":{"type":"LineString","coordinates":[[6.1472,47.8969],[6.1461,47.8919],[6.1429,47.8899],[6.1298,47.8867],[6.1261,47.8817],[6.1258,47.8784],[6.1222,47.8733],[6.1220,47.8697],[6.1166,47.8686],[6.1167,47.8649],[6.1148,47.8622],[6.1114,47.8612],[6.1058,47.8558],[6.1036,47.8554],[6.1002,47.8526],[6.0968,47.8512],[6.0891,47.8405],[6.0720,47.8319],[6.0683,47.8282],[6.0651,47.8243],[6.0638,47.8190],[6.0583,47.8132],[6.0579,47.8078],[6.0562,47.8055],[6.0586,47.8031],[6.0581,47.8018]]}},{"type":"Feature","properties":{"name":"La Superbe"},"geometry":{"type":"LineString","coordinates":[[6.1263,47.8818],[6.1258,47.8784]]}},{"type":"Feature","properties":{"name":"Le Rupt"},"geometry":{"type":"LineString","coordinates":[[6.6960,47.5490],[6.6995,47.5480],[6.6985,47.5430],[6.6960,47.5399],[6.6961,47.5362],[6.6987,47.5323],[6.7006,47.5270],[6.7108,47.5277],[6.7173,47.5316],[6.7214,47.5315],[6.7277,47.5293],[6.7300,47.5258],[6.7357,47.5250],[6.7425,47.5200],[6.7490,47.5184],[6.7494,47.5167],[6.7478,47.5145],[6.7494,47.5135],[6.7528,47.5066],[6.7534,47.4985],[6.7574,47.4931],[6.7613,47.4913],[6.7734,47.4914],[6.7739,47.4887]]}},{"type":"Feature","properties":{"name":"Le Rupt"},"geometry":{"type":"LineString","coordinates":[[6.7003,47.5273],[6.7066,47.5279]]}},{"type":"Feature","properties":{"name":"Bief de Nacey"},"geometry":{"type":"LineString","coordinates":[[5.4780,47.2561],[5.4724,47.2550],[5.4581,47.2577],[5.4538,47.2453],[5.4485,47.2411],[5.4415,47.2413],[5.4372,47.2389],[5.4351,47.2387],[5.4269,47.2412],[5.4228,47.2412]]}},{"type":"Feature","properties":{"name":"Le Bagnerot"},"geometry":{"type":"LineString","coordinates":[[6.2646,48.0002],[6.2614,47.9988],[6.2595,47.9993],[6.2554,47.9985],[6.2527,47.9994],[6.2460,47.9970],[6.2419,47.9970],[6.2360,47.9938],[6.2339,47.9913],[6.2275,47.9906]]}},{"type":"Feature","properties":{"name":"La Bèze"},"geometry":{"type":"LineString","coordinates":[[5.3797,47.3203],[5.3787,47.3190],[5.3785,47.3153],[5.3807,47.3111]]}},{"type":"Feature","properties":{"name":"La Bèze"},"geometry":{"type":"LineString","coordinates":[[5.3745,47.3322],[5.3746,47.3309],[5.3775,47.3302],[5.3787,47.3289],[5.3777,47.3274],[5.3786,47.3251],[5.3830,47.3228],[5.3815,47.3205],[5.3797,47.3203]]}},{"type":"Feature","properties":{"name":"La Bèze"},"geometry":{"type":"LineString","coordinates":[[5.3860,47.3025],[5.3910,47.2997]]}},{"type":"Feature","properties":{"name":"La Bèze"},"geometry":{"type":"LineString","coordinates":[[5.3807,47.3111],[5.3833,47.3103],[5.3860,47.3025]]}},{"type":"Feature","properties":{"name":"La Bèze"},"geometry":{"type":"LineString","coordinates":[[5.3914,47.2993],[5.3925,47.2995]]}},{"type":"Feature","properties":{"name":"La Bèze"},"geometry":{"type":"LineString","coordinates":[[5.3607,47.3364],[5.3608,47.3363]]}},{"type":"Feature","properties":{"name":"La Bèze"},"geometry":{"type":"LineString","coordinates":[[5.3608,47.3363],[5.3745,47.3322]]}},{"type":"Feature","properties":{"name":"La Bèze"},"geometry":{"type":"LineString","coordinates":[[5.3987,47.2878],[5.3982,47.2870]]}},{"type":"Feature","properties":{"name":"La Bèze"},"geometry":{"type":"LineString","coordinates":[[5.3982,47.2870],[5.3975,47.2857]]}},{"type":"Feature","properties":{"name":"La Bèze"},"geometry":{"type":"LineString","coordinates":[[5.3994,47.2885],[5.3987,47.2878]]}},{"type":"Feature","properties":{"name":"La Bèze"},"geometry":{"type":"LineString","coordinates":[[5.3404,47.3614],[5.3402,47.3597],[5.3414,47.3564],[5.3484,47.3525]]}},{"type":"Feature","properties":{"name":"La Bèze"},"geometry":{"type":"LineString","coordinates":[[5.3910,47.2997],[5.3993,47.2947],[5.4011,47.2925],[5.4002,47.2891]]}},{"type":"Feature","properties":{"name":"La Bèze"},"geometry":{"type":"LineString","coordinates":[[5.3925,47.2995],[5.3989,47.2982],[5.4012,47.2956],[5.4040,47.2908],[5.4000,47.2890]]}},{"type":"Feature","properties":{"name":"La Bèze"},"geometry":{"type":"LineString","coordinates":[[5.3484,47.3525],[5.3488,47.3484],[5.3526,47.3463],[5.3546,47.3437],[5.3545,47.3419],[5.3591,47.3378],[5.3592,47.3368],[5.3607,47.3364]]}},{"type":"Feature","properties":{"name":"La Bèze"},"geometry":{"type":"LineString","coordinates":[[5.3975,47.2857],[5.3977,47.2844],[5.3966,47.2844],[5.3974,47.2836],[5.3969,47.2820],[5.3953,47.2815],[5.3956,47.2805],[5.3939,47.2795],[5.3958,47.2784],[5.3937,47.2776],[5.3930,47.2761]]}},{"type":"Feature","properties":{"name":"La Bèze"},"geometry":{"type":"LineString","coordinates":[[5.4000,47.2890],[5.3994,47.2885]]}},{"type":"Feature","properties":{"name":"La Tounolle"},"geometry":{"type":"LineString","coordinates":[[5.9854,47.3698],[5.9837,47.3678],[5.9834,47.3623],[5.9821,47.3605],[5.9795,47.3598],[5.9763,47.3562],[5.9679,47.3540],[5.9665,47.3520],[5.9675,47.3515],[5.9654,47.3475],[5.9615,47.3452],[5.9583,47.3452],[5.9570,47.3441],[5.9577,47.3437],[5.9575,47.3417],[5.9530,47.3407]]}},{"type":"Feature","properties":{"name":"La Semouse"},"geometry":{"type":"LineString","coordinates":[[6.2379,47.8685],[6.2384,47.8667],[6.2376,47.8651],[6.2353,47.8644],[6.2364,47.8595],[6.2350,47.8586],[6.2358,47.8577],[6.2351,47.8559],[6.2361,47.8550],[6.2349,47.8528],[6.2350,47.8504],[6.2325,47.8498],[6.2313,47.8482],[6.2320,47.8476],[6.2310,47.8451],[6.2277,47.8415],[6.2258,47.8408]]}},{"type":"Feature","properties":{"name":"La Semouse"},"geometry":{"type":"LineString","coordinates":[[6.3412,47.9238],[6.3404,47.9221],[6.3382,47.9210]]}},{"type":"Feature","properties":{"name":"La Semouse"},"geometry":{"type":"LineString","coordinates":[[6.4004,47.9829],[6.3980,47.9832]]}},{"type":"Feature","properties":{"name":"La Semouse"},"geometry":{"type":"LineString","coordinates":[[6.3382,47.9210],[6.3375,47.9205]]}},{"type":"Feature","properties":{"name":"La Semouse"},"geometry":{"type":"LineString","coordinates":[[6.3273,47.9149],[6.3266,47.9131],[6.3138,47.9063],[6.3125,47.9052],[6.3127,47.9041],[6.3077,47.9030],[6.3070,47.9010],[6.3027,47.8974],[6.3024,47.8953],[6.2996,47.8944],[6.3000,47.8934],[6.2963,47.8935],[6.2939,47.8911],[6.2924,47.8916],[6.2898,47.8908],[6.2867,47.8927],[6.2799,47.8893],[6.2762,47.8904],[6.2766,47.8880],[6.2753,47.8856],[6.2698,47.8858],[6.2661,47.8846],[6.2589,47.8792],[6.2575,47.8763],[6.2543,47.8733],[6.2529,47.8727],[6.2502,47.8741],[6.2466,47.8729],[6.2423,47.8732],[6.2383,47.8700],[6.2388,47.8693],[6.2379,47.8685]]}},{"type":"Feature","properties":{"name":"La Semouse"},"geometry":{"type":"LineString","coordinates":[[6.3980,47.9832],[6.3935,47.9814],[6.3852,47.9808],[6.3826,47.9782],[6.3827,47.9758],[6.3814,47.9742],[6.3813,47.9713],[6.3823,47.9690],[6.3807,47.9680],[6.3708,47.9668],[6.3655,47.9632],[6.3644,47.9612],[6.3616,47.9614],[6.3611,47.9586],[6.3599,47.9578],[6.3543,47.9590],[6.3446,47.9542],[6.3396,47.9544],[6.3348,47.9558],[6.3289,47.9533],[6.3248,47.9497],[6.3243,47.9485],[6.3254,47.9465],[6.3294,47.9435],[6.3291,47.9423],[6.3306,47.9405],[6.3298,47.9380],[6.3337,47.9347],[6.3336,47.9332],[6.3360,47.9308],[6.3388,47.9298],[6.3412,47.9238]]}},{"type":"Feature","properties":{"name":"La Semouse"},"geometry":{"type":"LineString","coordinates":[[6.4084,47.9950],[6.4071,47.9940]]}},{"type":"Feature","properties":{"name":"La Semouse"},"geometry":{"type":"LineString","coordinates":[[6.4071,47.9940],[6.4015,47.9905],[6.4014,47.9890],[6.4036,47.9859],[6.4004,47.9829]]}},{"type":"Feature","properties":{"name":"La Semouse"},"geometry":{"type":"LineString","coordinates":[[6.3294,47.9431],[6.3309,47.9408],[6.3305,47.9397]]}},{"type":"Feature","properties":{"name":"La Semouse"},"geometry":{"type":"LineString","coordinates":[[6.3375,47.9205],[6.3274,47.9151]]}},{"type":"Feature","properties":{"name":"La Semouse"},"geometry":{"type":"LineString","coordinates":[[6.3274,47.9151],[6.3273,47.9149]]}},{"type":"Feature","properties":{"name":"La Semouse"},"geometry":{"type":"LineString","coordinates":[[6.2360,47.8610],[6.2359,47.8603]]}},{"type":"Feature","properties":{"name":"La Semouse"},"geometry":{"type":"LineString","coordinates":[[6.2379,47.8685],[6.2378,47.8695],[6.2362,47.8699],[6.2345,47.8671],[6.2325,47.8662],[6.2330,47.8658],[6.2265,47.8626],[6.2285,47.8591],[6.2267,47.8567],[6.2278,47.8525],[6.2255,47.8463],[6.2265,47.8453],[6.2261,47.8443],[6.2280,47.8432],[6.2258,47.8408]]}},{"type":"Feature","properties":{"name":"La Semouse"},"geometry":{"type":"LineString","coordinates":[[6.2258,47.8408],[6.2245,47.8402],[6.2241,47.8371],[6.2222,47.8356],[6.2153,47.8326],[6.2139,47.8338],[6.2109,47.8328],[6.2103,47.8270],[6.2071,47.8196],[6.2046,47.8188],[6.2002,47.8206],[6.1992,47.8202],[6.1983,47.8175],[6.1949,47.8176]]}},{"type":"Feature","properties":{"name":"La Semouse"},"geometry":{"type":"LineString","coordinates":[[6.4221,48.0004],[6.4176,47.9988]]}},{"type":"Feature","properties":{"name":"La Semouse"},"geometry":{"type":"LineString","coordinates":[[6.4174,47.9986],[6.4148,47.9971],[6.4140,47.9953],[6.4084,47.9950]]}},{"type":"Feature","properties":{"name":"La Semouse"},"geometry":{"type":"LineString","coordinates":[[6.4176,47.9988],[6.4174,47.9986]]}},{"type":"Feature","properties":{"name":"Ruisseau du Val de Gris"},"geometry":{"type":"LineString","coordinates":[[5.3549,47.9178],[5.3525,47.9177],[5.3529,47.9182],[5.3519,47.9181],[5.3524,47.9186],[5.3515,47.9191],[5.3489,47.9185],[5.3465,47.9222],[5.3441,47.9227],[5.3419,47.9248],[5.3376,47.9251],[5.3337,47.9295],[5.3340,47.9305],[5.3317,47.9310],[5.3299,47.9336],[5.3274,47.9338],[5.3230,47.9368]]}},{"type":"Feature","properties":{"name":"La Reigne"},"geometry":{"type":"LineString","coordinates":[[6.4901,47.6862],[6.4859,47.6847],[6.4848,47.6817],[6.4833,47.6805],[6.4747,47.6780],[6.4746,47.6765],[6.4761,47.6752],[6.4758,47.6735],[6.4741,47.6710],[6.4707,47.6691],[6.4695,47.6672],[6.4712,47.6636],[6.4682,47.6599],[6.4674,47.6554],[6.4683,47.6507],[6.4703,47.6492],[6.4709,47.6457],[6.4725,47.6447]]}},{"type":"Feature","properties":{"name":"La Saône"},"geometry":{"type":"LineString","coordinates":[[5.3966,47.2418],[5.3926,47.2373],[5.3918,47.2342],[5.3956,47.2315],[5.4004,47.2311],[5.4031,47.2297]]}},{"type":"Feature","properties":{"name":"La Saône"},"geometry":{"type":"LineString","coordinates":[[5.4345,47.3195],[5.4287,47.3223]]}},{"type":"Feature","properties":{"name":"La Saône"},"geometry":{"type":"LineString","coordinates":[[5.4704,47.3298],[5.4652,47.3297],[5.4609,47.3253],[5.4539,47.3254],[5.4443,47.3211],[5.4390,47.3196],[5.4345,47.3195]]}},{"type":"Feature","properties":{"name":"La Saône"},"geometry":{"type":"LineString","coordinates":[[5.4259,47.3111],[5.4248,47.3101]]}},{"type":"Feature","properties":{"name":"La Saône"},"geometry":{"type":"LineString","coordinates":[[5.4098,47.2830],[5.4103,47.2777],[5.4069,47.2753],[5.3994,47.2748],[5.3930,47.2761]]}},{"type":"Feature","properties":{"name":"La Saône"},"geometry":{"type":"LineString","coordinates":[[5.8975,47.9521],[5.8978,47.9515],[5.8965,47.9508],[5.8874,47.9517],[5.8850,47.9501],[5.8981,47.9444],[5.9093,47.9468],[5.9206,47.9479],[5.9221,47.9448],[5.9127,47.9404],[5.9091,47.9404],[5.9074,47.9390],[5.9073,47.9377],[5.9109,47.9384],[5.9109,47.9370],[5.9139,47.9362],[5.9179,47.9376],[5.9226,47.9357],[5.9247,47.9386],[5.9286,47.9335],[5.9249,47.9302],[5.9282,47.9282],[5.9295,47.9256],[5.9354,47.9245],[5.9447,47.9273],[5.9467,47.9264],[5.9489,47.9268],[5.9517,47.9252],[5.9513,47.9235],[5.9582,47.9213],[5.9603,47.9187],[5.9606,47.9164],[5.9582,47.9147],[5.9580,47.9109],[5.9614,47.9107],[5.9613,47.9062],[5.9627,47.9055],[5.9644,47.9076],[5.9666,47.9078],[5.9666,47.9054],[5.9683,47.9047]]}},{"type":"Feature","properties":{"name":"La Saône"},"geometry":{"type":"LineString","coordinates":[[5.9561,48.0218],[5.9564,48.0205],[5.9551,48.0201],[5.9560,48.0192],[5.9543,48.0197],[5.9550,48.0190],[5.9525,48.0180],[5.9444,48.0199],[5.9403,48.0176],[5.9270,48.0151],[5.9230,48.0178],[5.9202,48.0169],[5.9203,48.0178],[5.9156,48.0190],[5.9165,48.0183],[5.9162,48.0158],[5.9186,48.0146],[5.9161,48.0141],[5.9184,48.0127],[5.9182,48.0112],[5.9138,48.0098],[5.9135,48.0082],[5.9107,48.0067],[5.9115,48.0057],[5.9090,48.0056],[5.9096,48.0041],[5.9118,48.0046],[5.9121,48.0027],[5.9144,48.0022],[5.9143,48.0013],[5.9115,47.9992],[5.9070,47.9982],[5.9067,47.9969],[5.9047,47.9962],[5.9061,47.9959],[5.9073,47.9919],[5.9083,47.9922],[5.9074,47.9903],[5.9020,47.9865],[5.8966,47.9861],[5.8971,47.9847],[5.8987,47.9840],[5.8955,47.9845],[5.8938,47.9808],[5.8942,47.9800],[5.8925,47.9785],[5.8948,47.9772],[5.8921,47.9768],[5.8996,47.9727],[5.9006,47.9702],[5.8980,47.9685],[5.8964,47.9690],[5.8952,47.9682],[5.8952,47.9675],[5.8970,47.9668],[5.8862,47.9666],[5.8871,47.9627],[5.8895,47.9599],[5.8919,47.9590],[5.8896,47.9576],[5.8963,47.9556],[5.8955,47.9545],[5.8973,47.9535],[5.8975,47.9521]]}},{"type":"Feature","properties":{"name":"La Saône"},"geometry":{"type":"LineString","coordinates":[[6.0445,47.7328],[6.0480,47.7287],[6.0477,47.7274]]}},{"type":"Feature","properties":{"name":"La Saône"},"geometry":{"type":"LineString","coordinates":[[5.9587,47.8186],[5.9629,47.8201],[5.9674,47.8189]]}},{"type":"Feature","properties":{"name":"La Saône"},"geometry":{"type":"LineString","coordinates":[[5.9541,47.8206],[5.9587,47.8186]]}},{"type":"Feature","properties":{"name":"La Saône"},"geometry":{"type":"LineString","coordinates":[[5.9820,47.8055],[5.9850,47.8036]]}},{"type":"Feature","properties":{"name":"La Saône"},"geometry":{"type":"LineString","coordinates":[[5.9724,47.8858],[5.9708,47.8832]]}},{"type":"Feature","properties":{"name":"La Saône"},"geometry":{"type":"LineString","coordinates":[[5.9863,47.8023],[5.9895,47.7995]]}},{"type":"Feature","properties":{"name":"La Saône"},"geometry":{"type":"LineString","coordinates":[[6.0288,47.7189],[6.0297,47.7147],[6.0316,47.7116],[6.0335,47.7095],[6.0372,47.7088],[6.0394,47.7073],[6.0399,47.7049],[6.0422,47.7018]]}},{"type":"Feature","properties":{"name":"La Saône"},"geometry":{"type":"LineString","coordinates":[[6.0138,47.7654],[6.0153,47.7632],[6.0201,47.7607],[6.0305,47.7593],[6.0320,47.7576],[6.0316,47.7548],[6.0339,47.7503],[6.0354,47.7493]]}},{"type":"Feature","properties":{"name":"La Saône"},"geometry":{"type":"LineString","coordinates":[[6.0074,47.7814],[6.0089,47.7765],[6.0138,47.7717],[6.0138,47.7654]]}},{"type":"Feature","properties":{"name":"La Saône"},"geometry":{"type":"LineString","coordinates":[[5.9877,47.9018],[5.9823,47.9033],[5.9801,47.9030],[5.9793,47.9016],[5.9810,47.8977],[5.9782,47.8929],[5.9789,47.8916],[5.9700,47.8884],[5.9697,47.8873],[5.9732,47.8849],[5.9724,47.8835],[5.9696,47.8824]]}},{"type":"Feature","properties":{"name":"La Saône"},"geometry":{"type":"LineString","coordinates":[[5.9683,47.9047],[5.9699,47.9055],[5.9696,47.9067],[5.9711,47.9086],[5.9718,47.9125],[5.9747,47.9143],[5.9768,47.9147],[5.9769,47.9134],[5.9796,47.9125],[5.9918,47.9132]]}},{"type":"Feature","properties":{"name":"La Saône"},"geometry":{"type":"LineString","coordinates":[[5.9696,47.8824],[5.9618,47.8829],[5.9588,47.8820],[5.9567,47.8802]]}},{"type":"Feature","properties":{"name":"La Saône"},"geometry":{"type":"LineString","coordinates":[[5.6582,47.5092],[5.6532,47.5020],[5.6523,47.4985],[5.6617,47.4915],[5.6677,47.4890],[5.6697,47.4850],[5.6687,47.4786],[5.6580,47.4720],[5.6545,47.4723],[5.6537,47.4743],[5.6516,47.4754],[5.6475,47.4750],[5.6447,47.4735],[5.6421,47.4694],[5.6397,47.4690]]}},{"type":"Feature","properties":{"name":"La Saône"},"geometry":{"type":"LineString","coordinates":[[5.5038,47.4036],[5.4995,47.4029],[5.4971,47.3961],[5.4997,47.3901],[5.4964,47.3884],[5.4937,47.3844],[5.4934,47.3811],[5.4950,47.3762],[5.4887,47.3693],[5.4898,47.3661],[5.4881,47.3622],[5.4884,47.3576],[5.4953,47.3437],[5.4954,47.3385],[5.4940,47.3343],[5.4904,47.3282],[5.4868,47.3266],[5.4836,47.3274],[5.4812,47.3316],[5.4787,47.3320],[5.4769,47.3313]]}},{"type":"Feature","properties":{"name":"La Saône"},"geometry":{"type":"LineString","coordinates":[[5.6242,47.4669],[5.6142,47.4660],[5.6138,47.4641],[5.6171,47.4609],[5.6171,47.4584],[5.6126,47.4570],[5.6052,47.4577],[5.6031,47.4546],[5.5996,47.4532],[5.5970,47.4509],[5.5937,47.4502]]}},{"type":"Feature","properties":{"name":"La Saône"},"geometry":{"type":"LineString","coordinates":[[5.6532,47.5290],[5.6525,47.5261],[5.6533,47.5230],[5.6581,47.5202],[5.6579,47.5174],[5.6557,47.5125],[5.6582,47.5092]]}},{"type":"Feature","properties":{"name":"La Saône"},"geometry":{"type":"LineString","coordinates":[[5.7525,47.5701],[5.7516,47.5682],[5.7552,47.5657],[5.7480,47.5623],[5.7445,47.5579],[5.7405,47.5556],[5.7394,47.5535],[5.7422,47.5504],[5.7517,47.5474],[5.7543,47.5434],[5.7555,47.5398],[5.7542,47.5347],[5.7521,47.5323],[5.7500,47.5308],[5.7421,47.5286],[5.7412,47.5299],[5.7412,47.5333],[5.7386,47.5384],[5.7347,47.5402],[5.7258,47.5411]]}},{"type":"Feature","properties":{"name":"La Saône"},"geometry":{"type":"LineString","coordinates":[[5.4769,47.3313],[5.4742,47.3290],[5.4710,47.3293]]}},{"type":"Feature","properties":{"name":"La Saône"},"geometry":{"type":"LineString","coordinates":[[5.6397,47.4690],[5.6291,47.4701],[5.6272,47.4696],[5.6242,47.4669]]}},{"type":"Feature","properties":{"name":"La Saône"},"geometry":{"type":"LineString","coordinates":[[5.7258,47.5411],[5.7229,47.5414],[5.7160,47.5398],[5.7137,47.5428],[5.7119,47.5429],[5.7083,47.5365],[5.7084,47.5318],[5.7070,47.5286],[5.7045,47.5265],[5.6973,47.5248],[5.6933,47.5252],[5.6937,47.5282],[5.6916,47.5303],[5.6839,47.5345],[5.6779,47.5361],[5.6709,47.5363],[5.6648,47.5347],[5.6588,47.5349],[5.6546,47.5317],[5.6532,47.5290]]}},{"type":"Feature","properties":{"name":"La Saône"},"geometry":{"type":"LineString","coordinates":[[5.5420,47.4133],[5.5459,47.4118],[5.5465,47.4073],[5.5491,47.4041],[5.5478,47.3984],[5.5438,47.3957],[5.5315,47.3958],[5.5186,47.3992],[5.5103,47.4000],[5.5038,47.4036]]}},{"type":"Feature","properties":{"name":"La Saône"},"geometry":{"type":"LineString","coordinates":[[5.9164,47.6267],[5.9079,47.6203],[5.9002,47.6173],[5.8994,47.6157]]}},{"type":"Feature","properties":{"name":"La Saône"},"geometry":{"type":"LineString","coordinates":[[5.8967,47.6074],[5.8891,47.6057],[5.8854,47.6072],[5.8828,47.6071],[5.8819,47.6065],[5.8823,47.6041],[5.8744,47.6016],[5.8703,47.5992],[5.8694,47.5971],[5.8696,47.5929],[5.8718,47.5884]]}},{"type":"Feature","properties":{"name":"La Saône"},"geometry":{"type":"LineString","coordinates":[[5.8745,47.5827],[5.8760,47.5782],[5.8756,47.5772],[5.8696,47.5748],[5.8651,47.5750],[5.8609,47.5766],[5.8590,47.5784],[5.8555,47.5859]]}},{"type":"Feature","properties":{"name":"La Saône"},"geometry":{"type":"LineString","coordinates":[[5.8292,47.5774],[5.8239,47.5758]]}},{"type":"Feature","properties":{"name":"La Saône"},"geometry":{"type":"LineString","coordinates":[[5.9691,47.6431],[5.9716,47.6402],[5.9700,47.6368],[5.9701,47.6341],[5.9743,47.6272],[5.9794,47.6248],[5.9794,47.6211]]}},{"type":"Feature","properties":{"name":"La Saône"},"geometry":{"type":"LineString","coordinates":[[5.9697,47.6467],[5.9691,47.6431]]}},{"type":"Feature","properties":{"name":"La Saône"},"geometry":{"type":"LineString","coordinates":[[5.8239,47.5758],[5.8165,47.5741],[5.8084,47.5763],[5.8062,47.5749],[5.8085,47.5713],[5.8071,47.5700],[5.8018,47.5689],[5.7892,47.5690],[5.7798,47.5746],[5.7790,47.5764],[5.7804,47.5802]]}},{"type":"Feature","properties":{"name":"La Saône"},"geometry":{"type":"LineString","coordinates":[[5.9193,47.6372],[5.9169,47.6353],[5.9172,47.6339]]}},{"type":"Feature","properties":{"name":"La Saône"},"geometry":{"type":"LineString","coordinates":[[5.9258,47.6396],[5.9225,47.6368],[5.9193,47.6372]]}},{"type":"Feature","properties":{"name":"La Saône"},"geometry":{"type":"LineString","coordinates":[[5.8994,47.6157],[5.9013,47.6128],[5.9009,47.6108],[5.9053,47.6088],[5.9041,47.6079],[5.8967,47.6074]]}},{"type":"Feature","properties":{"name":"La Saône"},"geometry":{"type":"LineString","coordinates":[[5.9172,47.6339],[5.9232,47.6301],[5.9164,47.6267]]}},{"type":"Feature","properties":{"name":"La Saône"},"geometry":{"type":"LineString","coordinates":[[5.8536,47.5925],[5.8507,47.5934],[5.8480,47.5917],[5.8457,47.5923],[5.8398,47.5977],[5.8360,47.5982],[5.8348,47.5943],[5.8322,47.5929],[5.8312,47.5877],[5.8297,47.5856],[5.8295,47.5830],[5.8309,47.5808],[5.8292,47.5774]]}},{"type":"Feature","properties":{"name":"La Saône"},"geometry":{"type":"LineString","coordinates":[[5.8718,47.5884],[5.8720,47.5848],[5.8745,47.5827]]}},{"type":"Feature","properties":{"name":"La Saône"},"geometry":{"type":"LineString","coordinates":[[5.7804,47.5802],[5.7723,47.5810],[5.7661,47.5786],[5.7645,47.5763],[5.7665,47.5737],[5.7664,47.5719],[5.7620,47.5686],[5.7585,47.5679],[5.7548,47.5703],[5.7525,47.5701]]}},{"type":"Feature","properties":{"name":"La Saône"},"geometry":{"type":"LineString","coordinates":[[5.9794,47.6211],[5.9757,47.6167],[5.9733,47.6159],[5.9711,47.6165]]}},{"type":"Feature","properties":{"name":"La Saône"},"geometry":{"type":"LineString","coordinates":[[6.0438,47.6970],[6.0408,47.6952],[6.0390,47.6896],[6.0408,47.6854],[6.0365,47.6808],[6.0404,47.6758]]}},{"type":"Feature","properties":{"name":"La Saône"},"geometry":{"type":"LineString","coordinates":[[5.9924,47.6513],[5.9858,47.6556],[5.9823,47.6566],[5.9799,47.6595],[5.9742,47.6612]]}},{"type":"Feature","properties":{"name":"La Saône"},"geometry":{"type":"LineString","coordinates":[[6.0404,47.6758],[6.0374,47.6735],[6.0294,47.6716],[6.0174,47.6655],[6.0152,47.6620],[6.0180,47.6565]]}},{"type":"Feature","properties":{"name":"La Saône"},"geometry":{"type":"LineString","coordinates":[[6.0180,47.6565],[6.0203,47.6565],[6.0229,47.6547]]}},{"type":"Feature","properties":{"name":"La Saône"},"geometry":{"type":"LineString","coordinates":[[6.0197,47.6489],[6.0127,47.6467],[6.0014,47.6464],[5.9987,47.6472],[5.9924,47.6513]]}},{"type":"Feature","properties":{"name":"La Saône"},"geometry":{"type":"LineString","coordinates":[[5.9726,47.8204],[5.9744,47.8207],[5.9770,47.8181],[5.9803,47.8171],[5.9837,47.8113],[5.9841,47.8081]]}},{"type":"Feature","properties":{"name":"La Saône"},"geometry":{"type":"LineString","coordinates":[[6.0416,47.7332],[6.0445,47.7328]]}},{"type":"Feature","properties":{"name":"La Saône"},"geometry":{"type":"LineString","coordinates":[[5.9337,47.8590],[5.9292,47.8567],[5.9249,47.8561],[5.9246,47.8538],[5.9189,47.8466],[5.9174,47.8459]]}},{"type":"Feature","properties":{"name":"La Saône"},"geometry":{"type":"LineString","coordinates":[[5.9674,47.8189],[5.9679,47.8188]]}},{"type":"Feature","properties":{"name":"La Saône"},"geometry":{"type":"LineString","coordinates":[[5.9567,47.8802],[5.9525,47.8784],[5.9547,47.8768],[5.9575,47.8778]]}},{"type":"Feature","properties":{"name":"La Saône"},"geometry":{"type":"LineString","coordinates":[[5.9567,47.8802],[5.9576,47.8774],[5.9539,47.8729],[5.9432,47.8664],[5.9411,47.8626],[5.9337,47.8590]]}},{"type":"Feature","properties":{"name":"La Saône"},"geometry":{"type":"LineString","coordinates":[[5.4079,47.2452],[5.4071,47.2448]]}},{"type":"Feature","properties":{"name":"La Saône"},"geometry":{"type":"LineString","coordinates":[[5.4190,47.3047],[5.4173,47.3051]]}},{"type":"Feature","properties":{"name":"La Saône"},"geometry":{"type":"LineString","coordinates":[[5.4169,47.3052],[5.4144,47.3062],[5.4126,47.3056],[5.4124,47.2999],[5.4144,47.2989],[5.4149,47.2971],[5.4112,47.2916],[5.4118,47.2907]]}},{"type":"Feature","properties":{"name":"La Saône"},"geometry":{"type":"LineString","coordinates":[[5.9174,47.8459],[5.9186,47.8438],[5.9177,47.8419]]}},{"type":"Feature","properties":{"name":"La Saône"},"geometry":{"type":"LineString","coordinates":[[5.4171,47.3071],[5.4169,47.3052]]}},{"type":"Feature","properties":{"name":"La Saône"},"geometry":{"type":"LineString","coordinates":[[5.4248,47.3101],[5.4190,47.3047],[5.4195,47.3016],[5.4217,47.2994],[5.4217,47.2979],[5.4114,47.2901]]}},{"type":"Feature","properties":{"name":"La Saône"},"geometry":{"type":"LineString","coordinates":[[5.9841,47.8081],[5.9816,47.8070],[5.9820,47.8055]]}},{"type":"Feature","properties":{"name":"La Saône"},"geometry":{"type":"LineString","coordinates":[[6.0477,47.7274],[6.0477,47.7272]]}},{"type":"Feature","properties":{"name":"La Saône"},"geometry":{"type":"LineString","coordinates":[[5.3930,47.2761],[5.3899,47.2764],[5.3879,47.2752],[5.3877,47.2730],[5.3900,47.2684],[5.4040,47.2553],[5.4044,47.2537],[5.4084,47.2488],[5.4079,47.2452]]}},{"type":"Feature","properties":{"name":"La Saône"},"geometry":{"type":"LineString","coordinates":[[5.9177,47.8419],[5.9178,47.8369],[5.9214,47.8345],[5.9211,47.8324]]}},{"type":"Feature","properties":{"name":"La Saône"},"geometry":{"type":"LineString","coordinates":[[6.0477,47.7272],[6.0429,47.7223],[6.0311,47.7225],[6.0288,47.7189]]}},{"type":"Feature","properties":{"name":"La Saône"},"geometry":{"type":"LineString","coordinates":[[5.9969,47.7916],[5.9997,47.7899],[6.0074,47.7814]]}},{"type":"Feature","properties":{"name":"La Saône"},"geometry":{"type":"LineString","coordinates":[[5.4710,47.3293],[5.4704,47.3298]]}},{"type":"Feature","properties":{"name":"La Saône"},"geometry":{"type":"LineString","coordinates":[[6.0422,47.7018],[6.0439,47.7006],[6.0438,47.6970]]}},{"type":"Feature","properties":{"name":"La Saône"},"geometry":{"type":"LineString","coordinates":[[5.9271,47.8275],[5.9289,47.8267]]}},{"type":"Feature","properties":{"name":"La Saône"},"geometry":{"type":"LineString","coordinates":[[5.9850,47.8036],[5.9863,47.8023]]}},{"type":"Feature","properties":{"name":"La Saône"},"geometry":{"type":"LineString","coordinates":[[6.0354,47.7493],[6.0357,47.7471],[6.0320,47.7443],[6.0309,47.7415],[6.0352,47.7375]]}},{"type":"Feature","properties":{"name":"La Saône"},"geometry":{"type":"LineString","coordinates":[[5.9211,47.8324],[5.9210,47.8312],[5.9236,47.8295]]}},{"type":"Feature","properties":{"name":"La Saône"},"geometry":{"type":"LineString","coordinates":[[5.9289,47.8267],[5.9304,47.8252],[5.9342,47.8244],[5.9368,47.8223],[5.9394,47.8230],[5.9468,47.8221],[5.9497,47.8228],[5.9541,47.8206]]}},{"type":"Feature","properties":{"name":"La Saône"},"geometry":{"type":"LineString","coordinates":[[6.0352,47.7375],[6.0384,47.7342],[6.0416,47.7332]]}},{"type":"Feature","properties":{"name":"La Saône"},"geometry":{"type":"LineString","coordinates":[[5.4114,47.2901],[5.4097,47.2864],[5.4098,47.2830]]}},{"type":"Feature","properties":{"name":"La Saône"},"geometry":{"type":"LineString","coordinates":[[5.9895,47.7995],[5.9969,47.7916]]}},{"type":"Feature","properties":{"name":"La Saône"},"geometry":{"type":"LineString","coordinates":[[5.9236,47.8295],[5.9271,47.8275]]}},{"type":"Feature","properties":{"name":"La Saône"},"geometry":{"type":"LineString","coordinates":[[5.4723,47.3284],[5.4721,47.3285]]}},{"type":"Feature","properties":{"name":"La Saône"},"geometry":{"type":"LineString","coordinates":[[5.4731,47.3288],[5.4723,47.3284]]}},{"type":"Feature","properties":{"name":"La Saône"},"geometry":{"type":"LineString","coordinates":[[5.4721,47.3285],[5.4714,47.3292]]}},{"type":"Feature","properties":{"name":"La Saône"},"geometry":{"type":"LineString","coordinates":[[5.9400,47.6400],[5.9330,47.6413],[5.9258,47.6396]]}},{"type":"Feature","properties":{"name":"La Saône"},"geometry":{"type":"LineString","coordinates":[[5.5937,47.4502],[5.5911,47.4494],[5.5882,47.4499]]}},{"type":"Feature","properties":{"name":"La Saône"},"geometry":{"type":"LineString","coordinates":[[5.4031,47.2297],[5.4033,47.2273],[5.4023,47.2252],[5.4037,47.2201],[5.4017,47.2167],[5.3995,47.2156],[5.3934,47.2156],[5.3866,47.2202],[5.3828,47.2193],[5.3802,47.2162],[5.3834,47.2093],[5.3841,47.2047],[5.3868,47.2008],[5.3818,47.1923]]}},{"type":"Feature","properties":{"name":"La Saône"},"geometry":{"type":"LineString","coordinates":[[5.5882,47.4499],[5.5813,47.4503],[5.5688,47.4478],[5.5653,47.4477],[5.5623,47.4488],[5.5550,47.4454],[5.5519,47.4414],[5.5518,47.4355],[5.5538,47.4319],[5.5533,47.4304],[5.5499,47.4289],[5.5438,47.4285],[5.5400,47.4262],[5.5338,47.4256],[5.5323,47.4240],[5.5330,47.4204],[5.5360,47.4162],[5.5420,47.4133]]}},{"type":"Feature","properties":{"name":"La Saône"},"geometry":{"type":"LineString","coordinates":[[5.8555,47.5859],[5.8553,47.5903],[5.8536,47.5925]]}},{"type":"Feature","properties":{"name":"La Saône"},"geometry":{"type":"LineString","coordinates":[[5.9679,47.8188],[5.9698,47.8166],[5.9715,47.8163],[5.9729,47.8176],[5.9726,47.8204]]}},{"type":"Feature","properties":{"name":"La Saône"},"geometry":{"type":"LineString","coordinates":[[5.9918,47.9132],[5.9948,47.9111]]}},{"type":"Feature","properties":{"name":"La Saône"},"geometry":{"type":"LineString","coordinates":[[5.9331,47.8590],[5.9312,47.8611],[5.9304,47.8600],[5.9312,47.8581]]}},{"type":"Feature","properties":{"name":"La Saône"},"geometry":{"type":"LineString","coordinates":[[5.9553,47.8752],[5.9537,47.8747],[5.9545,47.8737]]}},{"type":"Feature","properties":{"name":"La Saône"},"geometry":{"type":"LineString","coordinates":[[5.9435,47.8666],[5.9414,47.8664],[5.9423,47.8654]]}},{"type":"Feature","properties":{"name":"La Saône"},"geometry":{"type":"LineString","coordinates":[[6.0335,47.7095],[6.0348,47.7068],[6.0398,47.7052]]}},{"type":"Feature","properties":{"name":"La Saône"},"geometry":{"type":"LineString","coordinates":[[6.0180,47.6565],[6.0229,47.6547],[6.0243,47.6519],[6.0241,47.6503],[6.0197,47.6489]]}},{"type":"Feature","properties":{"name":"La Saône"},"geometry":{"type":"LineString","coordinates":[[6.0240,47.6529],[6.0218,47.6496]]}},{"type":"Feature","properties":{"name":"La Saône"},"geometry":{"type":"LineString","coordinates":[[5.8713,47.5898],[5.8742,47.5901],[5.8758,47.5880],[5.8732,47.5857],[5.8736,47.5834]]}},{"type":"Feature","properties":{"name":"La Saône"},"geometry":{"type":"LineString","coordinates":[[5.8472,47.5919],[5.8440,47.5944]]}},{"type":"Feature","properties":{"name":"La Saône"},"geometry":{"type":"LineString","coordinates":[[5.7464,47.5490],[5.7487,47.5505],[5.7505,47.5498],[5.7506,47.5481]]}},{"type":"Feature","properties":{"name":"La Saône"},"geometry":{"type":"LineString","coordinates":[[5.6562,47.5138],[5.6585,47.5121],[5.6581,47.5101]]}},{"type":"Feature","properties":{"name":"La Saône"},"geometry":{"type":"LineString","coordinates":[[5.4287,47.3223],[5.4265,47.3209],[5.4262,47.3187],[5.4336,47.3148],[5.4339,47.3134],[5.4317,47.3119],[5.4259,47.3111]]}},{"type":"Feature","properties":{"name":"La Saône"},"geometry":{"type":"LineString","coordinates":[[5.4652,47.3317],[5.4652,47.3297]]}},{"type":"Feature","properties":{"name":"La Saône"},"geometry":{"type":"LineString","coordinates":[[5.4191,47.3216],[5.4171,47.3180],[5.4179,47.3140],[5.4143,47.3108],[5.4185,47.3087],[5.4187,47.3073],[5.4171,47.3071]]}},{"type":"Feature","properties":{"name":"La Saône"},"geometry":{"type":"LineString","coordinates":[[5.4979,47.3983],[5.4983,47.3968],[5.4973,47.3954]]}},{"type":"Feature","properties":{"name":"La Saône"},"geometry":{"type":"LineString","coordinates":[[5.9948,47.9111],[5.9959,47.9090],[5.9999,47.9065],[6.0006,47.9017],[5.9917,47.9006],[5.9877,47.9018]]}},{"type":"Feature","properties":{"name":"La Saône"},"geometry":{"type":"LineString","coordinates":[[5.4071,47.2448],[5.3966,47.2418]]}},{"type":"Feature","properties":{"name":"La Saône"},"geometry":{"type":"LineString","coordinates":[[6.0438,47.6953],[6.0433,47.6925],[6.0412,47.6896],[6.0409,47.6864]]}},{"type":"Feature","properties":{"name":"La Saône"},"geometry":{"type":"LineString","coordinates":[[5.9742,47.6612],[5.9660,47.6602],[5.9636,47.6588],[5.9670,47.6526],[5.9672,47.6483],[5.9697,47.6467]]}},{"type":"Feature","properties":{"name":"La Saône"},"geometry":{"type":"LineString","coordinates":[[5.9711,47.6165],[5.9674,47.6158],[5.9670,47.6130],[5.9660,47.6123],[5.9551,47.6112],[5.9490,47.6114],[5.9398,47.6148],[5.9379,47.6184],[5.9379,47.6209],[5.9404,47.6240],[5.9405,47.6270],[5.9429,47.6315],[5.9430,47.6358],[5.9400,47.6400]]}},{"type":"Feature","properties":{"name":"La Saône"},"geometry":{"type":"LineString","coordinates":[[5.9510,47.9233],[5.9513,47.9232]]}},{"type":"Feature","properties":{"name":"La Saône"},"geometry":{"type":"LineString","coordinates":[[5.9513,47.9232],[5.9517,47.9233]]}},{"type":"Feature","properties":{"name":"La Saône"},"geometry":{"type":"LineString","coordinates":[[5.9512,47.9244],[5.9510,47.9233]]}},{"type":"Feature","properties":{"name":"La Saône"},"geometry":{"type":"LineString","coordinates":[[5.8999,47.9723],[5.8999,47.9714]]}},{"type":"Feature","properties":{"name":"La Saône"},"geometry":{"type":"LineString","coordinates":[[5.8992,47.9727],[5.8997,47.9717]]}},{"type":"Feature","properties":{"name":"La Saône"},"geometry":{"type":"LineString","coordinates":[[5.4173,47.3051],[5.4169,47.3052]]}},{"type":"Feature","properties":{"name":"La Saône"},"geometry":{"type":"LineString","coordinates":[[5.4171,47.3071],[5.4144,47.3062]]}},{"type":"Feature","properties":{"name":"La Saône"},"geometry":{"type":"LineString","coordinates":[[5.7486,47.5477],[5.7498,47.5484]]}},{"type":"Feature","properties":{"name":"La Saône"},"geometry":{"type":"LineString","coordinates":[[5.7475,47.5486],[5.7488,47.5477],[5.7506,47.5481]]}},{"type":"Feature","properties":{"name":"La Saône"},"geometry":{"type":"LineString","coordinates":[[5.7471,47.5499],[5.7475,47.5497]]}},{"type":"Feature","properties":{"name":"La Saône"},"geometry":{"type":"LineString","coordinates":[[5.7454,47.5493],[5.7479,47.5504]]}},{"type":"Feature","properties":{"name":"Le Saôlon"},"geometry":{"type":"LineString","coordinates":[[5.4698,47.7948],[5.4731,47.7933],[5.4739,47.7916],[5.4762,47.7911],[5.4816,47.7819],[5.4892,47.7768],[5.4920,47.7724],[5.4931,47.7685],[5.5008,47.7599],[5.5032,47.7587]]}},{"type":"Feature","properties":{"name":"Le Saôlon"},"geometry":{"type":"LineString","coordinates":[[5.5033,47.7586],[5.5048,47.7571],[5.5045,47.7541],[5.5063,47.7510],[5.5166,47.7412],[5.5172,47.7387],[5.5243,47.7342]]}},{"type":"Feature","properties":{"name":"Le Saôlon"},"geometry":{"type":"LineString","coordinates":[[5.5032,47.7587],[5.5033,47.7586]]}},{"type":"Feature","properties":{"name":"Le Saôlon"},"geometry":{"type":"LineString","coordinates":[[5.4638,47.8366],[5.4553,47.8342],[5.4471,47.8295],[5.4453,47.8282],[5.4454,47.8252],[5.4406,47.8204],[5.4411,47.8168],[5.4425,47.8151],[5.4472,47.8125],[5.4496,47.8124],[5.4542,47.8089],[5.4614,47.8059],[5.4643,47.8028]]}},{"type":"Feature","properties":{"name":"Le Saôlon"},"geometry":{"type":"LineString","coordinates":[[5.4643,47.8028],[5.4644,47.8028]]}},{"type":"Feature","properties":{"name":"Le Saôlon"},"geometry":{"type":"LineString","coordinates":[[5.4644,47.8028],[5.4655,47.8015],[5.4655,47.7996],[5.4676,47.7972],[5.4672,47.7964],[5.4697,47.7949]]}},{"type":"Feature","properties":{"name":"Le Saôlon"},"geometry":{"type":"LineString","coordinates":[[5.4697,47.7949],[5.4698,47.7948]]}},{"type":"Feature","properties":{"name":"La Mance"},"geometry":{"type":"LineString","coordinates":[[5.8705,47.8392],[5.8711,47.8350],[5.8720,47.8344],[5.8746,47.8351],[5.8844,47.8325],[5.8876,47.8335],[5.9125,47.8306],[5.9173,47.8271],[5.9248,47.8287]]}},{"type":"Feature","properties":{"name":"La Mance"},"geometry":{"type":"LineString","coordinates":[[5.8770,47.8475],[5.8732,47.8465],[5.8700,47.8442],[5.8685,47.8409],[5.8690,47.8393],[5.8705,47.8392]]}},{"type":"Feature","properties":{"name":"La Mance"},"geometry":{"type":"LineString","coordinates":[[5.8628,47.8566],[5.8688,47.8554],[5.8700,47.8543],[5.8722,47.8548],[5.8756,47.8540],[5.8755,47.8532],[5.8778,47.8524],[5.8796,47.8504],[5.8770,47.8475]]}},{"type":"Feature","properties":{"name":"La Mance"},"geometry":{"type":"LineString","coordinates":[[5.8475,47.8572],[5.8466,47.8588],[5.8555,47.8604],[5.8627,47.8591],[5.8644,47.8577],[5.8628,47.8566]]}},{"type":"Feature","properties":{"name":"La Moselle"},"geometry":{"type":"LineString","coordinates":[[6.7710,47.8764],[6.7601,47.8773],[6.7604,47.8789],[6.7566,47.8805],[6.7587,47.8814],[6.7587,47.8824],[6.7557,47.8822],[6.7473,47.8854],[6.7484,47.8880],[6.7404,47.8902],[6.7398,47.8920],[6.7363,47.8931],[6.7323,47.8919],[6.7298,47.8929],[6.7302,47.8939]]}},{"type":"Feature","properties":{"name":"La Moselle"},"geometry":{"type":"LineString","coordinates":[[6.6215,47.9928],[6.6204,47.9939],[6.6230,47.9964],[6.6228,47.9999],[6.6205,48.0018],[6.6202,48.0039],[6.6169,48.0048],[6.6164,48.0067]]}},{"type":"Feature","properties":{"name":"La Moselle"},"geometry":{"type":"LineString","coordinates":[[6.7187,47.8993],[6.7185,47.9013],[6.7145,47.9029],[6.7087,47.9041],[6.7064,47.9034],[6.7054,47.9052],[6.7076,47.9072],[6.7031,47.9099],[6.7003,47.9104],[6.6893,47.9082],[6.6883,47.9096],[6.6858,47.9095],[6.6838,47.9106],[6.6793,47.9077],[6.6771,47.9082],[6.6780,47.9095],[6.6759,47.9105],[6.6706,47.9113],[6.6673,47.9100],[6.6644,47.9105],[6.6638,47.9124],[6.6620,47.9130],[6.6634,47.9156],[6.6568,47.9155],[6.6531,47.9271],[6.6515,47.9299],[6.6503,47.9302],[6.6494,47.9345],[6.6468,47.9361],[6.6448,47.9358],[6.6368,47.9409],[6.6341,47.9409],[6.6343,47.9440],[6.6332,47.9459],[6.6339,47.9490],[6.6292,47.9510],[6.6273,47.9530],[6.6302,47.9553],[6.6294,47.9572],[6.6326,47.9572],[6.6345,47.9597],[6.6325,47.9635],[6.6338,47.9641],[6.6332,47.9678],[6.6294,47.9728],[6.6320,47.9769],[6.6288,47.9808],[6.6226,47.9830],[6.6229,47.9899],[6.6246,47.9922],[6.6242,47.9931],[6.6215,47.9928]]}},{"type":"Feature","properties":{"name":"La Moselle"},"geometry":{"type":"LineString","coordinates":[[6.8067,47.8576],[6.8058,47.8583],[6.8061,47.8613],[6.8054,47.8622],[6.8087,47.8638],[6.8046,47.8652],[6.8017,47.8676],[6.7942,47.8670],[6.7888,47.8732],[6.7853,47.8736],[6.7837,47.8753],[6.7764,47.8771],[6.7734,47.8763]]}},{"type":"Feature","properties":{"name":"La Moselle"},"geometry":{"type":"LineString","coordinates":[[6.8115,47.8578],[6.8067,47.8576]]}},{"type":"Feature","properties":{"name":"La Moselle"},"geometry":{"type":"LineString","coordinates":[[6.7302,47.8939],[6.7300,47.8959],[6.7262,47.8976],[6.7228,47.8970],[6.7220,47.8988],[6.7187,47.8993]]}},{"type":"Feature","properties":{"name":"La Moselle"},"geometry":{"type":"LineString","coordinates":[[6.7734,47.8763],[6.7710,47.8764]]}},{"type":"Feature","properties":{"name":"La Moselle"},"geometry":{"type":"LineString","coordinates":[[6.7575,47.8807],[6.7570,47.8822]]}},{"type":"Feature","properties":{"name":"L\u0027Augronne"},"geometry":{"type":"LineString","coordinates":[[6.3398,47.9196],[6.3378,47.9168],[6.3336,47.9157],[6.3271,47.9098],[6.3244,47.9097],[6.3187,47.9051],[6.3144,47.9044],[6.3073,47.8990],[6.3047,47.8948],[6.3023,47.8946],[6.3009,47.8920],[6.2982,47.8903],[6.2918,47.8899],[6.2903,47.8882],[6.2861,47.8881],[6.2822,47.8863],[6.2772,47.8865],[6.2753,47.8856]]}},{"type":"Feature","properties":{"name":"L\u0027Augronne"},"geometry":{"type":"LineString","coordinates":[[6.3545,47.9218],[6.3499,47.9220]]}},{"type":"Feature","properties":{"name":"L\u0027Augronne"},"geometry":{"type":"LineString","coordinates":[[6.4531,47.9616],[6.4514,47.9587],[6.4491,47.9570]]}},{"type":"Feature","properties":{"name":"L\u0027Augronne"},"geometry":{"type":"LineString","coordinates":[[6.4323,47.9442],[6.4183,47.9427],[6.4086,47.9433],[6.4023,47.9404],[6.4000,47.9380],[6.3840,47.9353],[6.3813,47.9337],[6.3765,47.9330],[6.3721,47.9290],[6.3689,47.9283],[6.3657,47.9263],[6.3656,47.9240],[6.3633,47.9228],[6.3480,47.9219],[6.3398,47.9196]]}},{"type":"Feature","properties":{"name":"L\u0027Augronne"},"geometry":{"type":"LineString","coordinates":[[6.4491,47.9570],[6.4459,47.9547],[6.4455,47.9531],[6.4372,47.9500],[6.4323,47.9442]]}},{"type":"Feature","properties":{"name":"Le Planey"},"geometry":{"type":"LineString","coordinates":[[6.2182,47.8674],[6.2140,47.8644],[6.2146,47.8636],[6.2139,47.8613],[6.2085,47.8566],[6.2097,47.8559],[6.2085,47.8529],[6.2072,47.8520],[6.2087,47.8516],[6.2078,47.8498],[6.2082,47.8447],[6.2100,47.8452],[6.2118,47.8439],[6.2115,47.8422],[6.2095,47.8406],[6.2137,47.8372],[6.2139,47.8338]]}},{"type":"Feature","properties":{"name":"Le Planey"},"geometry":{"type":"LineString","coordinates":[[6.2290,47.8781],[6.2267,47.8775],[6.2262,47.8762],[6.2245,47.8761],[6.2233,47.8741],[6.2211,47.8731],[6.2206,47.8719],[6.2212,47.8709],[6.2182,47.8674]]}},{"type":"Feature","properties":{"name":"Le Planey"},"geometry":{"type":"LineString","coordinates":[[6.2320,47.8781],[6.2290,47.8781]]}},{"type":"Feature","properties":{"name":"L\u0027Ougeotte"},"geometry":{"type":"LineString","coordinates":[[5.7141,47.7866],[5.7227,47.7880],[5.7282,47.7871],[5.7307,47.7858],[5.7401,47.7863],[5.7544,47.7890],[5.7566,47.7907],[5.7598,47.7909],[5.7677,47.7945],[5.7766,47.7958],[5.7847,47.7955],[5.7899,47.7927],[5.7928,47.7941],[5.7984,47.7928],[5.8154,47.7978],[5.8218,47.7982],[5.8253,47.7968],[5.8324,47.7959],[5.8351,47.7944],[5.8438,47.7961],[5.8471,47.7957],[5.8491,47.7930],[5.8515,47.7915],[5.8584,47.7922],[5.8606,47.7933],[5.8603,47.7941],[5.8628,47.7946],[5.8645,47.7935],[5.8691,47.7953],[5.8730,47.7941],[5.8786,47.7940],[5.8826,47.7924],[5.8821,47.7897],[5.8836,47.7882],[5.8902,47.7876],[5.8937,47.7902],[5.8956,47.7899],[5.8992,47.7919],[5.9014,47.7916],[5.9059,47.7928],[5.9110,47.7959],[5.9112,47.7968],[5.9192,47.8002],[5.9272,47.8007],[5.9338,47.8056],[5.9428,47.8048],[5.9464,47.8062]]}},{"type":"Feature","properties":{"name":"L\u0027Ougeotte"},"geometry":{"type":"LineString","coordinates":[[5.9439,47.8052],[5.9455,47.8036],[5.9489,47.8043]]}},{"type":"Feature","properties":{"name":"L\u0027Ougeotte"},"geometry":{"type":"LineString","coordinates":[[5.9467,47.8061],[5.9514,47.8026],[5.9557,47.8037],[5.9558,47.8055],[5.9593,47.8075],[5.9582,47.8088],[5.9616,47.8095],[5.9612,47.8103],[5.9628,47.8108],[5.9622,47.8111],[5.9646,47.8119],[5.9694,47.8103],[5.9756,47.8100],[5.9819,47.8072]]}},{"type":"Feature","properties":{"name":"L\u0027Ougeotte"},"geometry":{"type":"LineString","coordinates":[[5.9464,47.8062],[5.9467,47.8061]]}},{"type":"Feature","properties":{"name":"Le Rognon"},"geometry":{"type":"LineString","coordinates":[[6.5785,47.6443],[6.5719,47.6413],[6.5720,47.6378],[6.5678,47.6359],[6.5660,47.6338],[6.5631,47.6336],[6.5623,47.6306],[6.5593,47.6310],[6.5525,47.6279],[6.5520,47.6255],[6.5544,47.6247],[6.5537,47.6237],[6.5544,47.6233],[6.5510,47.6216],[6.5507,47.6194],[6.5487,47.6190],[6.5475,47.6180],[6.5476,47.6169],[6.5448,47.6155],[6.5418,47.6161],[6.5421,47.6151],[6.5410,47.6148],[6.5416,47.6137],[6.5392,47.6140],[6.5364,47.6125],[6.5342,47.6132],[6.5340,47.6121],[6.5309,47.6130],[6.5282,47.6111],[6.5249,47.6108],[6.5266,47.6076],[6.5225,47.6031],[6.5212,47.6029],[6.5220,47.6012],[6.5210,47.6000],[6.5213,47.5988],[6.5246,47.5966],[6.5259,47.5939],[6.5249,47.5928],[6.5258,47.5920],[6.5227,47.5914],[6.5216,47.5895],[6.5205,47.5905],[6.5196,47.5897],[6.5204,47.5893],[6.5189,47.5883],[6.5204,47.5871],[6.5194,47.5864],[6.5196,47.5847],[6.5173,47.5849],[6.5170,47.5840],[6.5152,47.5835],[6.5156,47.5827],[6.5138,47.5822],[6.5134,47.5808],[6.5120,47.5816],[6.5112,47.5793],[6.5097,47.5802],[6.5058,47.5787],[6.5056,47.5769],[6.5066,47.5762],[6.5033,47.5753],[6.5032,47.5740],[6.5014,47.5746],[6.4975,47.5723],[6.4959,47.5696]]}},{"type":"Feature","properties":{"name":"Le Rognon"},"geometry":{"type":"LineString","coordinates":[[6.4959,47.5696],[6.4951,47.5683],[6.4916,47.5682],[6.4877,47.5693],[6.4858,47.5710],[6.4840,47.5695],[6.4807,47.5695],[6.4800,47.5708],[6.4791,47.5695],[6.4788,47.5705],[6.4782,47.5696],[6.4769,47.5706],[6.4773,47.5695],[6.4761,47.5692],[6.4730,47.5701],[6.4736,47.5707],[6.4723,47.5714],[6.4700,47.5714],[6.4685,47.5694],[6.4578,47.5657],[6.4562,47.5640],[6.4495,47.5619],[6.4387,47.5556]]}},{"type":"Feature","properties":{"name":"Le Rognon"},"geometry":{"type":"LineString","coordinates":[[6.5134,47.5808],[6.5125,47.5785],[6.5103,47.5768],[6.5066,47.5763]]}},{"type":"Feature","properties":{"name":"L\u0027Ognon"},"geometry":{"type":"LineString","coordinates":[[5.6617,47.2650],[5.6567,47.2630]]}},{"type":"Feature","properties":{"name":"L\u0027Ognon"},"geometry":{"type":"LineString","coordinates":[[5.9969,47.3401],[5.9945,47.3363],[5.9931,47.3356],[5.9924,47.3325]]}},{"type":"Feature","properties":{"name":"L\u0027Ognon"},"geometry":{"type":"LineString","coordinates":[[5.8964,47.3290],[5.8966,47.3251],[5.8999,47.3210],[5.8998,47.3187],[5.9023,47.3161]]}},{"type":"Feature","properties":{"name":"L\u0027Ognon"},"geometry":{"type":"LineString","coordinates":[[5.9637,47.3373],[5.9633,47.3373]]}},{"type":"Feature","properties":{"name":"L\u0027Ognon"},"geometry":{"type":"LineString","coordinates":[[5.9715,47.3307],[5.9715,47.3331]]}},{"type":"Feature","properties":{"name":"L\u0027Ognon"},"geometry":{"type":"LineString","coordinates":[[5.8823,47.3216],[5.8759,47.3181],[5.8738,47.3140],[5.8716,47.3141],[5.8668,47.3166],[5.8621,47.3161],[5.8601,47.3149],[5.8606,47.3128],[5.8562,47.3103]]}},{"type":"Feature","properties":{"name":"L\u0027Ognon"},"geometry":{"type":"LineString","coordinates":[[5.6517,47.2621],[5.6484,47.2612],[5.6463,47.2586]]}},{"type":"Feature","properties":{"name":"L\u0027Ognon"},"geometry":{"type":"LineString","coordinates":[[5.6107,47.2590],[5.6075,47.2598],[5.6047,47.2584],[5.6012,47.2619]]}},{"type":"Feature","properties":{"name":"L\u0027Ognon"},"geometry":{"type":"LineString","coordinates":[[5.6463,47.2586],[5.6424,47.2563]]}},{"type":"Feature","properties":{"name":"L\u0027Ognon"},"geometry":{"type":"LineString","coordinates":[[5.6988,47.2649],[5.6965,47.2661],[5.6989,47.2687],[5.6976,47.2695],[5.6940,47.2680],[5.6917,47.2723],[5.6888,47.2702],[5.6842,47.2713]]}},{"type":"Feature","properties":{"name":"L\u0027Ognon"},"geometry":{"type":"LineString","coordinates":[[5.9265,47.3271],[5.9208,47.3277],[5.9155,47.3309],[5.9125,47.3298],[5.9113,47.3308],[5.9130,47.3326],[5.9115,47.3331],[5.9088,47.3314],[5.9067,47.3318],[5.9045,47.3346],[5.9029,47.3339],[5.9028,47.3323],[5.9006,47.3313],[5.9005,47.3297],[5.8964,47.3290]]}},{"type":"Feature","properties":{"name":"L\u0027Ognon"},"geometry":{"type":"LineString","coordinates":[[5.9246,47.3425],[5.9252,47.3373],[5.9293,47.3342],[5.9315,47.3296],[5.9304,47.3277],[5.9265,47.3271]]}},{"type":"Feature","properties":{"name":"L\u0027Ognon"},"geometry":{"type":"LineString","coordinates":[[6.4373,47.5661],[6.4391,47.5641],[6.4385,47.5623],[6.4405,47.5608],[6.4396,47.5600],[6.4357,47.5603],[6.4357,47.5590],[6.4377,47.5571]]}},{"type":"Feature","properties":{"name":"L\u0027Ognon"},"geometry":{"type":"LineString","coordinates":[[6.2664,47.4646],[6.2626,47.4640]]}},{"type":"Feature","properties":{"name":"L\u0027Ognon"},"geometry":{"type":"LineString","coordinates":[[6.2595,47.4620],[6.2593,47.4616]]}},{"type":"Feature","properties":{"name":"L\u0027Ognon"},"geometry":{"type":"LineString","coordinates":[[6.1560,47.3901],[6.1505,47.3956],[6.1497,47.3976],[6.1504,47.4005],[6.1483,47.4010]]}},{"type":"Feature","properties":{"name":"L\u0027Ognon"},"geometry":{"type":"LineString","coordinates":[[6.1725,47.3977],[6.1713,47.3948],[6.1716,47.3909],[6.1690,47.3894]]}},{"type":"Feature","properties":{"name":"L\u0027Ognon"},"geometry":{"type":"LineString","coordinates":[[5.8314,47.2988],[5.8146,47.2951]]}},{"type":"Feature","properties":{"name":"L\u0027Ognon"},"geometry":{"type":"LineString","coordinates":[[5.6424,47.2563],[5.6334,47.2554],[5.6281,47.2559],[5.6238,47.2528],[5.6223,47.2533],[5.6226,47.2545],[5.6214,47.2558],[5.6177,47.2559],[5.6152,47.2587],[5.6140,47.2589],[5.6136,47.2574],[5.6126,47.2573],[5.6107,47.2590]]}},{"type":"Feature","properties":{"name":"L\u0027Ognon"},"geometry":{"type":"LineString","coordinates":[[5.7178,47.2699],[5.7157,47.2696],[5.7143,47.2705]]}},{"type":"Feature","properties":{"name":"L\u0027Ognon"},"geometry":{"type":"LineString","coordinates":[[5.7577,47.2764],[5.7557,47.2734],[5.7514,47.2731],[5.7515,47.2718]]}},{"type":"Feature","properties":{"name":"L\u0027Ognon"},"geometry":{"type":"LineString","coordinates":[[5.7728,47.2785],[5.7713,47.2772],[5.7670,47.2768],[5.7639,47.2740],[5.7629,47.2743],[5.7627,47.2761],[5.7577,47.2764]]}},{"type":"Feature","properties":{"name":"L\u0027Ognon"},"geometry":{"type":"LineString","coordinates":[[5.7946,47.2899],[5.7899,47.2901],[5.7859,47.2915]]}},{"type":"Feature","properties":{"name":"L\u0027Ognon"},"geometry":{"type":"LineString","coordinates":[[5.8146,47.2951],[5.8138,47.2934],[5.8126,47.2931],[5.8122,47.2965],[5.8112,47.2967],[5.8065,47.2934],[5.8009,47.2919],[5.8005,47.2900],[5.7946,47.2899]]}},{"type":"Feature","properties":{"name":"L\u0027Ognon"},"geometry":{"type":"LineString","coordinates":[[5.6842,47.2713],[5.6832,47.2745],[5.6789,47.2742],[5.6763,47.2757]]}},{"type":"Feature","properties":{"name":"L\u0027Ognon"},"geometry":{"type":"LineString","coordinates":[[5.6763,47.2757],[5.6731,47.2745],[5.6688,47.2743],[5.6685,47.2722],[5.6722,47.2715],[5.6702,47.2696],[5.6671,47.2689],[5.6650,47.2659],[5.6605,47.2649],[5.6571,47.2661],[5.6532,47.2648]]}},{"type":"Feature","properties":{"name":"L\u0027Ognon"},"geometry":{"type":"LineString","coordinates":[[5.9413,47.3444],[5.9401,47.3421],[5.9275,47.3452],[5.9246,47.3425]]}},{"type":"Feature","properties":{"name":"L\u0027Ognon"},"geometry":{"type":"LineString","coordinates":[[5.9633,47.3373],[5.9602,47.3385],[5.9604,47.3414],[5.9591,47.3413],[5.9587,47.3394],[5.9575,47.3387],[5.9534,47.3407],[5.9445,47.3407],[5.9420,47.3418],[5.9413,47.3444]]}},{"type":"Feature","properties":{"name":"L\u0027Ognon"},"geometry":{"type":"LineString","coordinates":[[6.1020,47.3616],[6.1038,47.3677],[6.1001,47.3718],[6.0987,47.3720],[6.0970,47.3699],[6.0934,47.3720],[6.0887,47.3732],[6.0830,47.3718]]}},{"type":"Feature","properties":{"name":"L\u0027Ognon"},"geometry":{"type":"LineString","coordinates":[[6.0567,47.3498],[6.0553,47.3495]]}},{"type":"Feature","properties":{"name":"L\u0027Ognon"},"geometry":{"type":"LineString","coordinates":[[6.1755,47.4001],[6.1725,47.3977]]}},{"type":"Feature","properties":{"name":"L\u0027Ognon"},"geometry":{"type":"LineString","coordinates":[[6.1193,47.3691],[6.1198,47.3666],[6.1182,47.3654]]}},{"type":"Feature","properties":{"name":"L\u0027Ognon"},"geometry":{"type":"LineString","coordinates":[[6.1032,47.3612],[6.1020,47.3616]]}},{"type":"Feature","properties":{"name":"L\u0027Ognon"},"geometry":{"type":"LineString","coordinates":[[6.2626,47.4640],[6.2621,47.4638]]}},{"type":"Feature","properties":{"name":"L\u0027Ognon"},"geometry":{"type":"LineString","coordinates":[[6.2621,47.4638],[6.2595,47.4620]]}},{"type":"Feature","properties":{"name":"L\u0027Ognon"},"geometry":{"type":"LineString","coordinates":[[6.6095,47.7650],[6.6084,47.7629]]}},{"type":"Feature","properties":{"name":"L\u0027Ognon"},"geometry":{"type":"LineString","coordinates":[[6.1071,47.3772],[6.1063,47.3768],[6.1114,47.3752]]}},{"type":"Feature","properties":{"name":"L\u0027Ognon"},"geometry":{"type":"LineString","coordinates":[[6.3227,47.4742],[6.3126,47.4798],[6.3116,47.4819]]}},{"type":"Feature","properties":{"name":"L\u0027Ognon"},"geometry":{"type":"LineString","coordinates":[[6.2999,47.4827],[6.2992,47.4796],[6.3018,47.4736],[6.3009,47.4707],[6.3019,47.4698],[6.3016,47.4687]]}},{"type":"Feature","properties":{"name":"L\u0027Ognon"},"geometry":{"type":"LineString","coordinates":[[6.3116,47.4819],[6.3049,47.4847],[6.3021,47.4843],[6.2999,47.4827]]}},{"type":"Feature","properties":{"name":"L\u0027Ognon"},"geometry":{"type":"LineString","coordinates":[[6.2941,47.4660],[6.2929,47.4649],[6.2924,47.4624],[6.2862,47.4601],[6.2853,47.4581],[6.2857,47.4559],[6.2841,47.4525],[6.2825,47.4517]]}},{"type":"Feature","properties":{"name":"L\u0027Ognon"},"geometry":{"type":"LineString","coordinates":[[6.2825,47.4517],[6.2787,47.4579],[6.2787,47.4631],[6.2770,47.4645],[6.2670,47.4648],[6.2593,47.4616],[6.2586,47.4592],[6.2591,47.4565],[6.2608,47.4527],[6.2639,47.4501],[6.2631,47.4475],[6.2636,47.4458],[6.2618,47.4424],[6.2622,47.4380],[6.2608,47.4356],[6.2622,47.4307],[6.2611,47.4293],[6.2568,47.4277],[6.2562,47.4246],[6.2524,47.4242],[6.2460,47.4263],[6.2386,47.4319],[6.2341,47.4307],[6.2330,47.4285],[6.2339,47.4250],[6.2416,47.4188],[6.2413,47.4132],[6.2363,47.4144],[6.2319,47.4142],[6.2278,47.4184],[6.2272,47.4215],[6.2261,47.4220],[6.2153,47.4220],[6.2162,47.4237],[6.2115,47.4260],[6.2106,47.4277],[6.2082,47.4285],[6.2072,47.4308],[6.2034,47.4333],[6.1989,47.4294],[6.1960,47.4285],[6.1948,47.4262],[6.1943,47.4246],[6.1957,47.4219],[6.1998,47.4189],[6.1986,47.4179],[6.1941,47.4178],[6.1930,47.4159],[6.1955,47.4152],[6.1946,47.4141],[6.1924,47.4132],[6.1903,47.4153],[6.1858,47.4143],[6.1771,47.4171],[6.1757,47.4169],[6.1745,47.4148],[6.1752,47.4125],[6.1704,47.4119],[6.1712,47.4089],[6.1734,47.4070],[6.1802,47.4071],[6.1803,47.4052],[6.1937,47.4057],[6.1947,47.4047],[6.1944,47.4027],[6.1876,47.4020],[6.1861,47.3995],[6.1796,47.4016],[6.1755,47.4001]]}},{"type":"Feature","properties":{"name":"L\u0027Ognon"},"geometry":{"type":"LineString","coordinates":[[6.4777,47.6455],[6.4725,47.6451],[6.4735,47.6442],[6.4732,47.6413],[6.4741,47.6387],[6.4762,47.6378],[6.4699,47.6359],[6.4703,47.6349],[6.4726,47.6346],[6.4734,47.6325],[6.4728,47.6312],[6.4704,47.6299],[6.4678,47.6302],[6.4673,47.6292],[6.4697,47.6284],[6.4644,47.6278],[6.4574,47.6236],[6.4543,47.6201],[6.4561,47.6174],[6.4554,47.6154]]}},{"type":"Feature","properties":{"name":"L\u0027Ognon"},"geometry":{"type":"LineString","coordinates":[[6.3319,47.5042],[6.3310,47.5024],[6.3313,47.5005],[6.3287,47.4990],[6.3283,47.4957],[6.3263,47.4918],[6.3237,47.4914],[6.3214,47.4923],[6.3176,47.4898],[6.3199,47.4885],[6.3210,47.4853],[6.3281,47.4822],[6.3312,47.4825],[6.3330,47.4810],[6.3324,47.4766],[6.3263,47.4745],[6.3227,47.4742]]}},{"type":"Feature","properties":{"name":"L\u0027Ognon"},"geometry":{"type":"LineString","coordinates":[[6.4377,47.5571],[6.4387,47.5556],[6.4366,47.5544],[6.4352,47.5549]]}},{"type":"Feature","properties":{"name":"L\u0027Ognon"},"geometry":{"type":"LineString","coordinates":[[6.4377,47.5571],[6.4374,47.5571]]}},{"type":"Feature","properties":{"name":"L\u0027Ognon"},"geometry":{"type":"LineString","coordinates":[[6.7315,47.8494],[6.7253,47.8460],[6.7226,47.8419],[6.7237,47.8416],[6.7230,47.8397],[6.7157,47.8360],[6.7157,47.8343],[6.7144,47.8328],[6.7104,47.8313],[6.7100,47.8303],[6.7073,47.8302],[6.7054,47.8283],[6.7059,47.8258],[6.7015,47.8223],[6.6981,47.8226],[6.6941,47.8214],[6.6928,47.8193],[6.6890,47.8189],[6.6858,47.8161],[6.6867,47.8129],[6.6826,47.8114],[6.6785,47.8119],[6.6784,47.8103],[6.6760,47.8079],[6.6761,47.8060],[6.6678,47.8028],[6.6649,47.8026],[6.6632,47.8005],[6.6604,47.8010],[6.6564,47.7999],[6.6522,47.8000],[6.6505,47.7989],[6.6472,47.7991],[6.6424,47.7942],[6.6399,47.7956],[6.6368,47.7948],[6.6338,47.7889],[6.6343,47.7860],[6.6288,47.7842],[6.6276,47.7814],[6.6246,47.7789],[6.6261,47.7780],[6.6235,47.7750],[6.6246,47.7741],[6.6178,47.7708],[6.6158,47.7667],[6.6141,47.7673],[6.6113,47.7654],[6.6080,47.7645],[6.6093,47.7615],[6.6093,47.7586],[6.6047,47.7575],[6.5967,47.7530],[6.5854,47.7539],[6.5838,47.7513],[6.5722,47.7507],[6.5685,47.7478],[6.5657,47.7486],[6.5619,47.7482],[6.5603,47.7466],[6.5621,47.7434],[6.5613,47.7404],[6.5565,47.7392],[6.5522,47.7359],[6.5522,47.7274],[6.5539,47.7254],[6.5549,47.7185],[6.5506,47.7153],[6.5432,47.7171],[6.5367,47.7138],[6.5360,47.7085],[6.5326,47.7075],[6.5338,47.7050],[6.5330,47.7026],[6.5335,47.7010],[6.5308,47.6999],[6.5326,47.6995],[6.5330,47.6979],[6.5300,47.6979],[6.5279,47.6944],[6.5285,47.6915],[6.5258,47.6899],[6.5276,47.6889],[6.5264,47.6865],[6.5241,47.6849],[6.5254,47.6826],[6.5223,47.6816],[6.5212,47.6798],[6.5164,47.6790],[6.5130,47.6753],[6.5087,47.6740]]}},{"type":"Feature","properties":{"name":"L\u0027Ognon"},"geometry":{"type":"LineString","coordinates":[[6.7554,47.8555],[6.7539,47.8561],[6.7433,47.8549],[6.7315,47.8494]]}},{"type":"Feature","properties":{"name":"L\u0027Ognon"},"geometry":{"type":"LineString","coordinates":[[6.4109,47.5509],[6.4099,47.5500],[6.4106,47.5492]]}},{"type":"Feature","properties":{"name":"L\u0027Ognon"},"geometry":{"type":"LineString","coordinates":[[6.6095,47.7590],[6.6095,47.7577],[6.6079,47.7573],[6.6048,47.7532],[6.6028,47.7547],[6.5999,47.7551]]}},{"type":"Feature","properties":{"name":"L\u0027Ognon"},"geometry":{"type":"LineString","coordinates":[[5.4519,47.3123],[5.4518,47.3125]]}},{"type":"Feature","properties":{"name":"L\u0027Ognon"},"geometry":{"type":"LineString","coordinates":[[5.4518,47.3125],[5.4517,47.3128]]}},{"type":"Feature","properties":{"name":"L\u0027Ognon"},"geometry":{"type":"LineString","coordinates":[[5.5870,47.2565],[5.5870,47.2556],[5.5852,47.2565],[5.5841,47.2557]]}},{"type":"Feature","properties":{"name":"L\u0027Ognon"},"geometry":{"type":"LineString","coordinates":[[5.6012,47.2619],[5.5863,47.2616],[5.5854,47.2590],[5.5870,47.2565]]}},{"type":"Feature","properties":{"name":"L\u0027Ognon"},"geometry":{"type":"LineString","coordinates":[[5.5698,47.2698],[5.5698,47.2715],[5.5727,47.2730],[5.5723,47.2740],[5.5697,47.2746],[5.5711,47.2755],[5.5704,47.2768],[5.5604,47.2777],[5.5548,47.2801],[5.5487,47.2801],[5.5478,47.2813],[5.5485,47.2853],[5.5513,47.2872],[5.5496,47.2882],[5.5463,47.2877],[5.5443,47.2885],[5.5437,47.2900],[5.5463,47.2918],[5.5415,47.2959],[5.5384,47.2964],[5.5398,47.2941],[5.5376,47.2934],[5.5339,47.2951],[5.5353,47.2964],[5.5342,47.2977],[5.5294,47.2975],[5.5285,47.2984],[5.5295,47.2996],[5.5289,47.3001],[5.5265,47.2995],[5.5233,47.3001],[5.5225,47.3010],[5.5243,47.3037],[5.5231,47.3057],[5.5206,47.3057],[5.5172,47.3041],[5.5162,47.3062],[5.5128,47.3083],[5.5058,47.3082],[5.5048,47.3093],[5.5045,47.3133],[5.5001,47.3131],[5.4979,47.3160],[5.4956,47.3145],[5.4897,47.3145],[5.4858,47.3167],[5.4803,47.3167],[5.4797,47.3160],[5.4808,47.3138],[5.4801,47.3128],[5.4785,47.3146],[5.4750,47.3134],[5.4753,47.3152],[5.4727,47.3168],[5.4692,47.3163],[5.4699,47.3181],[5.4731,47.3185],[5.4736,47.3214],[5.4768,47.3210],[5.4764,47.3241],[5.4736,47.3242],[5.4726,47.3268],[5.4697,47.3272],[5.4710,47.3293]]}},{"type":"Feature","properties":{"name":"L\u0027Ognon"},"geometry":{"type":"LineString","coordinates":[[5.5729,47.2618],[5.5692,47.2627],[5.5723,47.2675],[5.5698,47.2698]]}},{"type":"Feature","properties":{"name":"L\u0027Ognon"},"geometry":{"type":"LineString","coordinates":[[5.5818,47.2536],[5.5780,47.2526],[5.5749,47.2538],[5.5722,47.2578],[5.5735,47.2606],[5.5729,47.2618]]}},{"type":"Feature","properties":{"name":"L\u0027Ognon"},"geometry":{"type":"LineString","coordinates":[[5.5841,47.2557],[5.5818,47.2536]]}},{"type":"Feature","properties":{"name":"L\u0027Ognon"},"geometry":{"type":"LineString","coordinates":[[6.1114,47.3752],[6.1193,47.3691]]}},{"type":"Feature","properties":{"name":"L\u0027Ognon"},"geometry":{"type":"LineString","coordinates":[[6.0506,47.3487],[6.0465,47.3458],[6.0430,47.3463],[6.0425,47.3474]]}},{"type":"Feature","properties":{"name":"L\u0027Ognon"},"geometry":{"type":"LineString","coordinates":[[6.1616,47.3891],[6.1595,47.3880],[6.1581,47.3885]]}},{"type":"Feature","properties":{"name":"L\u0027Ognon"},"geometry":{"type":"LineString","coordinates":[[5.7143,47.2705],[5.7091,47.2681]]}},{"type":"Feature","properties":{"name":"L\u0027Ognon"},"geometry":{"type":"LineString","coordinates":[[5.7193,47.2683],[5.7170,47.2682],[5.7178,47.2699]]}},{"type":"Feature","properties":{"name":"L\u0027Ognon"},"geometry":{"type":"LineString","coordinates":[[6.1637,47.3899],[6.1617,47.3901],[6.1616,47.3891]]}},{"type":"Feature","properties":{"name":"L\u0027Ognon"},"geometry":{"type":"LineString","coordinates":[[6.1687,47.3894],[6.1637,47.3899]]}},{"type":"Feature","properties":{"name":"L\u0027Ognon"},"geometry":{"type":"LineString","coordinates":[[6.0326,47.3426],[6.0276,47.3385]]}},{"type":"Feature","properties":{"name":"L\u0027Ognon"},"geometry":{"type":"LineString","coordinates":[[6.0425,47.3474],[6.0418,47.3486],[6.0405,47.3485],[6.0326,47.3426]]}},{"type":"Feature","properties":{"name":"L\u0027Ognon"},"geometry":{"type":"LineString","coordinates":[[6.1483,47.4010],[6.1394,47.4022],[6.1380,47.4007],[6.1391,47.3996],[6.1387,47.3964],[6.1376,47.3951],[6.1329,47.3934],[6.1267,47.3937]]}},{"type":"Feature","properties":{"name":"L\u0027Ognon"},"geometry":{"type":"LineString","coordinates":[[6.0077,47.3365],[6.0075,47.3366]]}},{"type":"Feature","properties":{"name":"L\u0027Ognon"},"geometry":{"type":"LineString","coordinates":[[5.7091,47.2681],[5.6988,47.2649]]}},{"type":"Feature","properties":{"name":"L\u0027Ognon"},"geometry":{"type":"LineString","coordinates":[[6.1568,47.3896],[6.1560,47.3901]]}},{"type":"Feature","properties":{"name":"L\u0027Ognon"},"geometry":{"type":"LineString","coordinates":[[6.1690,47.3894],[6.1687,47.3894]]}},{"type":"Feature","properties":{"name":"L\u0027Ognon"},"geometry":{"type":"LineString","coordinates":[[5.6518,47.2624],[5.6517,47.2621]]}},{"type":"Feature","properties":{"name":"L\u0027Ognon"},"geometry":{"type":"LineString","coordinates":[[5.9718,47.3302],[5.9715,47.3307]]}},{"type":"Feature","properties":{"name":"L\u0027Ognon"},"geometry":{"type":"LineString","coordinates":[[6.1581,47.3885],[6.1568,47.3896]]}},{"type":"Feature","properties":{"name":"L\u0027Ognon"},"geometry":{"type":"LineString","coordinates":[[5.9742,47.3286],[5.9736,47.3291]]}},{"type":"Feature","properties":{"name":"L\u0027Ognon"},"geometry":{"type":"LineString","coordinates":[[6.1182,47.3654],[6.1148,47.3645],[6.1156,47.3623],[6.1148,47.3613],[6.1084,47.3607]]}},{"type":"Feature","properties":{"name":"L\u0027Ognon"},"geometry":{"type":"LineString","coordinates":[[6.0276,47.3385],[6.0262,47.3375],[6.0239,47.3387],[6.0142,47.3367],[6.0100,47.3384],[6.0088,47.3366],[6.0077,47.3365]]}},{"type":"Feature","properties":{"name":"L\u0027Ognon"},"geometry":{"type":"LineString","coordinates":[[6.1160,47.3921],[6.1134,47.3872],[6.1047,47.3847],[6.1051,47.3820]]}},{"type":"Feature","properties":{"name":"L\u0027Ognon"},"geometry":{"type":"LineString","coordinates":[[5.9924,47.3325],[5.9922,47.3313],[5.9937,47.3291],[5.9883,47.3272],[5.9868,47.3278],[5.9884,47.3298],[5.9866,47.3310]]}},{"type":"Feature","properties":{"name":"L\u0027Ognon"},"geometry":{"type":"LineString","coordinates":[[5.7515,47.2718],[5.7499,47.2704],[5.7473,47.2708],[5.7458,47.2691]]}},{"type":"Feature","properties":{"name":"L\u0027Ognon"},"geometry":{"type":"LineString","coordinates":[[6.0821,47.3691],[6.0824,47.3644],[6.0813,47.3620],[6.0820,47.3610]]}},{"type":"Feature","properties":{"name":"L\u0027Ognon"},"geometry":{"type":"LineString","coordinates":[[5.9831,47.3296],[5.9804,47.3278],[5.9806,47.3267],[5.9793,47.3255],[5.9772,47.3259],[5.9742,47.3286]]}},{"type":"Feature","properties":{"name":"L\u0027Ognon"},"geometry":{"type":"LineString","coordinates":[[5.7859,47.2915],[5.7835,47.2925],[5.7766,47.2910],[5.7756,47.2855],[5.7707,47.2842],[5.7691,47.2826],[5.7728,47.2785]]}},{"type":"Feature","properties":{"name":"L\u0027Ognon"},"geometry":{"type":"LineString","coordinates":[[5.9023,47.3161],[5.9023,47.3153]]}},{"type":"Feature","properties":{"name":"L\u0027Ognon"},"geometry":{"type":"LineString","coordinates":[[6.1084,47.3607],[6.1032,47.3612]]}},{"type":"Feature","properties":{"name":"L\u0027Ognon"},"geometry":{"type":"LineString","coordinates":[[5.9866,47.3310],[5.9831,47.3296]]}},{"type":"Feature","properties":{"name":"L\u0027Ognon"},"geometry":{"type":"LineString","coordinates":[[6.0553,47.3495],[6.0518,47.3494]]}},{"type":"Feature","properties":{"name":"L\u0027Ognon"},"geometry":{"type":"LineString","coordinates":[[5.8521,47.3095],[5.8514,47.3088],[5.8531,47.3078],[5.8535,47.3062],[5.8495,47.3062],[5.8484,47.3039],[5.8448,47.3024],[5.8450,47.3008]]}},{"type":"Feature","properties":{"name":"L\u0027Ognon"},"geometry":{"type":"LineString","coordinates":[[5.9715,47.3331],[5.9697,47.3345]]}},{"type":"Feature","properties":{"name":"L\u0027Ognon"},"geometry":{"type":"LineString","coordinates":[[5.7407,47.2633],[5.7392,47.2628],[5.7404,47.2656],[5.7394,47.2668],[5.7377,47.2666],[5.7354,47.2635],[5.7342,47.2633],[5.7316,47.2637],[5.7298,47.2650],[5.7334,47.2669],[5.7330,47.2681],[5.7283,47.2663],[5.7258,47.2684],[5.7235,47.2669],[5.7193,47.2683]]}},{"type":"Feature","properties":{"name":"L\u0027Ognon"},"geometry":{"type":"LineString","coordinates":[[6.0820,47.3610],[6.0817,47.3572]]}},{"type":"Feature","properties":{"name":"L\u0027Ognon"},"geometry":{"type":"LineString","coordinates":[[6.0518,47.3494],[6.0506,47.3487]]}},{"type":"Feature","properties":{"name":"L\u0027Ognon"},"geometry":{"type":"LineString","coordinates":[[6.0817,47.3572],[6.0802,47.3542],[6.0762,47.3540],[6.0740,47.3509],[6.0670,47.3493],[6.0567,47.3498]]}},{"type":"Feature","properties":{"name":"L\u0027Ognon"},"geometry":{"type":"LineString","coordinates":[[6.0830,47.3718],[6.0817,47.3704],[6.0821,47.3691]]}},{"type":"Feature","properties":{"name":"L\u0027Ognon"},"geometry":{"type":"LineString","coordinates":[[5.6532,47.2648],[5.6518,47.2640],[5.6518,47.2624]]}},{"type":"Feature","properties":{"name":"L\u0027Ognon"},"geometry":{"type":"LineString","coordinates":[[6.1051,47.3820],[6.1032,47.3800],[6.1036,47.3793],[6.1078,47.3758],[6.1114,47.3752]]}},{"type":"Feature","properties":{"name":"L\u0027Ognon"},"geometry":{"type":"LineString","coordinates":[[5.7440,47.2659],[5.7444,47.2645],[5.7407,47.2633]]}},{"type":"Feature","properties":{"name":"L\u0027Ognon"},"geometry":{"type":"LineString","coordinates":[[5.7458,47.2691],[5.7440,47.2659]]}},{"type":"Feature","properties":{"name":"L\u0027Ognon"},"geometry":{"type":"LineString","coordinates":[[6.1204,47.3958],[6.1185,47.3957],[6.1185,47.3932],[6.1164,47.3931],[6.1160,47.3921]]}},{"type":"Feature","properties":{"name":"L\u0027Ognon"},"geometry":{"type":"LineString","coordinates":[[5.9697,47.3345],[5.9660,47.3371],[5.9637,47.3373]]}},{"type":"Feature","properties":{"name":"L\u0027Ognon"},"geometry":{"type":"LineString","coordinates":[[5.9023,47.3153],[5.8982,47.3108],[5.8939,47.3106],[5.8931,47.3110],[5.8943,47.3125],[5.8942,47.3146],[5.8896,47.3152],[5.8882,47.3168],[5.8895,47.3189],[5.8854,47.3213],[5.8823,47.3216]]}},{"type":"Feature","properties":{"name":"L\u0027Ognon"},"geometry":{"type":"LineString","coordinates":[[6.1267,47.3937],[6.1239,47.3954],[6.1204,47.3958]]}},{"type":"Feature","properties":{"name":"L\u0027Ognon"},"geometry":{"type":"LineString","coordinates":[[5.9736,47.3291],[5.9718,47.3302]]}},{"type":"Feature","properties":{"name":"L\u0027Ognon"},"geometry":{"type":"LineString","coordinates":[[5.7143,47.2705],[5.7104,47.2704]]}},{"type":"Feature","properties":{"name":"L\u0027Ognon"},"geometry":{"type":"LineString","coordinates":[[6.6032,47.7566],[6.6014,47.7557]]}},{"type":"Feature","properties":{"name":"L\u0027Ognon"},"geometry":{"type":"LineString","coordinates":[[6.4319,47.5867],[6.4321,47.5852],[6.4349,47.5854],[6.4368,47.5839]]}},{"type":"Feature","properties":{"name":"L\u0027Ognon"},"geometry":{"type":"LineString","coordinates":[[6.3281,47.4822],[6.3330,47.4795]]}},{"type":"Feature","properties":{"name":"L\u0027Ognon"},"geometry":{"type":"LineString","coordinates":[[6.4363,47.5664],[6.4373,47.5661]]}},{"type":"Feature","properties":{"name":"L\u0027Ognon"},"geometry":{"type":"LineString","coordinates":[[5.5650,47.2759],[5.5650,47.2761]]}},{"type":"Feature","properties":{"name":"L\u0027Ognon"},"geometry":{"type":"LineString","coordinates":[[5.5701,47.2742],[5.5692,47.2738],[5.5681,47.2752],[5.5672,47.2742],[5.5650,47.2759]]}},{"type":"Feature","properties":{"name":"L\u0027Ognon"},"geometry":{"type":"LineString","coordinates":[[5.5650,47.2761],[5.5648,47.2776]]}},{"type":"Feature","properties":{"name":"L\u0027Ognon"},"geometry":{"type":"LineString","coordinates":[[6.4554,47.6154],[6.4552,47.6151]]}},{"type":"Feature","properties":{"name":"L\u0027Ognon"},"geometry":{"type":"LineString","coordinates":[[6.4552,47.6151],[6.4554,47.6132]]}},{"type":"Feature","properties":{"name":"L\u0027Ognon"},"geometry":{"type":"LineString","coordinates":[[6.4348,47.5549],[6.4253,47.5542],[6.4243,47.5538],[6.4242,47.5520],[6.4218,47.5506],[6.4090,47.5456],[6.4026,47.5360],[6.4028,47.5328],[6.4055,47.5317],[6.4067,47.5295],[6.4059,47.5265],[6.4025,47.5264],[6.4004,47.5274],[6.3996,47.5264],[6.3976,47.5264],[6.3961,47.5270],[6.3956,47.5286],[6.3930,47.5269],[6.3948,47.5253],[6.3932,47.5243],[6.3844,47.5234],[6.3758,47.5243],[6.3733,47.5227],[6.3731,47.5212],[6.3752,47.5194],[6.3750,47.5181],[6.3729,47.5162],[6.3642,47.5118],[6.3609,47.5113],[6.3584,47.5086],[6.3539,47.5079]]}},{"type":"Feature","properties":{"name":"L\u0027Ognon"},"geometry":{"type":"LineString","coordinates":[[6.3539,47.5079],[6.3486,47.5073],[6.3476,47.5052],[6.3351,47.5064],[6.3319,47.5042]]}},{"type":"Feature","properties":{"name":"L\u0027Ognon"},"geometry":{"type":"LineString","coordinates":[[6.4554,47.6132],[6.4564,47.6114],[6.4527,47.6090],[6.4529,47.6071],[6.4468,47.6044],[6.4449,47.6055],[6.4412,47.6008],[6.4382,47.6002],[6.4383,47.5994],[6.4402,47.5988],[6.4393,47.5952],[6.4375,47.5935],[6.4346,47.5935],[6.4342,47.5923],[6.4321,47.5931],[6.4318,47.5923],[6.4336,47.5897],[6.4367,47.5879]]}},{"type":"Feature","properties":{"name":"L\u0027Ognon"},"geometry":{"type":"LineString","coordinates":[[6.4367,47.5879],[6.4366,47.5875]]}},{"type":"Feature","properties":{"name":"L\u0027Ognon"},"geometry":{"type":"LineString","coordinates":[[6.4366,47.5875],[6.4377,47.5863],[6.4371,47.5823],[6.4401,47.5774],[6.4380,47.5727],[6.4398,47.5705],[6.4417,47.5701],[6.4419,47.5690],[6.4398,47.5666],[6.4365,47.5683],[6.4359,47.5668],[6.4373,47.5661]]}},{"type":"Feature","properties":{"name":"L\u0027Ognon"},"geometry":{"type":"LineString","coordinates":[[6.4374,47.5571],[6.4352,47.5549]]}},{"type":"Feature","properties":{"name":"L\u0027Ognon"},"geometry":{"type":"LineString","coordinates":[[6.4352,47.5549],[6.4348,47.5549]]}},{"type":"Feature","properties":{"name":"L\u0027Ognon"},"geometry":{"type":"LineString","coordinates":[[6.5531,47.7262],[6.5517,47.7261],[6.5530,47.7259]]}},{"type":"Feature","properties":{"name":"L\u0027Ognon"},"geometry":{"type":"LineString","coordinates":[[6.0075,47.3366],[6.0072,47.3368]]}},{"type":"Feature","properties":{"name":"L\u0027Ognon"},"geometry":{"type":"LineString","coordinates":[[6.0072,47.3368],[6.0006,47.3399],[5.9969,47.3401]]}},{"type":"Feature","properties":{"name":"L\u0027Ognon"},"geometry":{"type":"LineString","coordinates":[[5.6565,47.2629],[5.6549,47.2618],[5.6517,47.2622]]}},{"type":"Feature","properties":{"name":"L\u0027Ognon"},"geometry":{"type":"LineString","coordinates":[[5.6567,47.2630],[5.6565,47.2629]]}},{"type":"Feature","properties":{"name":"L\u0027Ognon"},"geometry":{"type":"LineString","coordinates":[[6.5086,47.6739],[6.5003,47.6664],[6.4969,47.6664],[6.4954,47.6641],[6.4922,47.6650],[6.4894,47.6593],[6.4826,47.6585],[6.4836,47.6565],[6.4807,47.6548],[6.4812,47.6527],[6.4762,47.6490],[6.4764,47.6469],[6.4783,47.6463],[6.4777,47.6455]]}},{"type":"Feature","properties":{"name":"L\u0027Ognon"},"geometry":{"type":"LineString","coordinates":[[6.5087,47.6740],[6.5086,47.6739]]}},{"type":"Feature","properties":{"name":"L\u0027Ognon"},"geometry":{"type":"LineString","coordinates":[[5.5703,47.2769],[5.5686,47.2781],[5.5670,47.2777]]}},{"type":"Feature","properties":{"name":"L\u0027Ognon"},"geometry":{"type":"LineString","coordinates":[[5.5692,47.2779],[5.5682,47.2781]]}},{"type":"Feature","properties":{"name":"L\u0027Ognon"},"geometry":{"type":"LineString","coordinates":[[5.5652,47.2758],[5.5644,47.2759],[5.5647,47.2767]]}},{"type":"Feature","properties":{"name":"L\u0027Ognon"},"geometry":{"type":"LineString","coordinates":[[5.5644,47.2751],[5.5644,47.2759]]}},{"type":"Feature","properties":{"name":"L\u0027Ognon"},"geometry":{"type":"LineString","coordinates":[[6.3016,47.4687],[6.2980,47.4666],[6.2941,47.4660]]}},{"type":"Feature","properties":{"name":"L\u0027Ognon"},"geometry":{"type":"LineString","coordinates":[[6.7732,47.8496],[6.7681,47.8513],[6.7625,47.8508],[6.7594,47.8524]]}},{"type":"Feature","properties":{"name":"L\u0027Ognon"},"geometry":{"type":"LineString","coordinates":[[6.7555,47.8554],[6.7554,47.8555]]}},{"type":"Feature","properties":{"name":"L\u0027Ognon"},"geometry":{"type":"LineString","coordinates":[[6.7593,47.8524],[6.7555,47.8554]]}},{"type":"Feature","properties":{"name":"L\u0027Ognon"},"geometry":{"type":"LineString","coordinates":[[6.7594,47.8524],[6.7593,47.8524]]}},{"type":"Feature","properties":{"name":"L\u0027Ognon"},"geometry":{"type":"LineString","coordinates":[[5.8450,47.3008],[5.8441,47.3000],[5.8381,47.3003],[5.8314,47.2988]]}},{"type":"Feature","properties":{"name":"L\u0027Ognon"},"geometry":{"type":"LineString","coordinates":[[5.8562,47.3103],[5.8521,47.3095]]}},{"type":"Feature","properties":{"name":"L\u0027Ognon"},"geometry":{"type":"LineString","coordinates":[[6.4321,47.5869],[6.4319,47.5867]]}},{"type":"Feature","properties":{"name":"L\u0027Ognon"},"geometry":{"type":"LineString","coordinates":[[6.4363,47.5877],[6.4321,47.5869]]}},{"type":"Feature","properties":{"name":"L\u0027Ognon"},"geometry":{"type":"LineString","coordinates":[[6.2214,47.4224],[6.2173,47.4209],[6.2150,47.4214],[6.2152,47.4223]]}},{"type":"Feature","properties":{"name":"L\u0027Allan"},"geometry":{"type":"LineString","coordinates":[[6.8110,47.5047],[6.8092,47.5057],[6.8048,47.5062]]}},{"type":"Feature","properties":{"name":"L\u0027Allan"},"geometry":{"type":"LineString","coordinates":[[6.8483,47.5102],[6.8418,47.5071],[6.8318,47.5045],[6.8208,47.5041]]}},{"type":"Feature","properties":{"name":"L\u0027Allan"},"geometry":{"type":"LineString","coordinates":[[6.8757,47.5201],[6.8629,47.5149],[6.8554,47.5142],[6.8510,47.5126],[6.8483,47.5102]]}},{"type":"Feature","properties":{"name":"L\u0027Allan"},"geometry":{"type":"LineString","coordinates":[[6.8048,47.5062],[6.7964,47.5058],[6.7931,47.5078]]}},{"type":"Feature","properties":{"name":"L\u0027Allan"},"geometry":{"type":"LineString","coordinates":[[6.7931,47.5078],[6.7856,47.5086],[6.7828,47.5066],[6.7791,47.5061],[6.7757,47.5044],[6.7726,47.5003],[6.7745,47.4953],[6.7782,47.4922],[6.7731,47.4880],[6.7667,47.4807],[6.7613,47.4787],[6.7570,47.4791]]}},{"type":"Feature","properties":{"name":"L\u0027Allan"},"geometry":{"type":"LineString","coordinates":[[6.8208,47.5041],[6.8110,47.5047]]}},{"type":"Feature","properties":{"name":"Le Scey"},"geometry":{"type":"LineString","coordinates":[[6.5704,47.5645],[6.5682,47.5653],[6.5681,47.5668],[6.5658,47.5674],[6.5615,47.5726],[6.5611,47.5751],[6.5617,47.5758],[6.5605,47.5774],[6.5612,47.5782],[6.5581,47.5817],[6.5560,47.5816],[6.5522,47.5782],[6.5445,47.5752],[6.5402,47.5723],[6.5369,47.5722],[6.5328,47.5692],[6.5278,47.5697],[6.5131,47.5680],[6.5095,47.5690],[6.5051,47.5684],[6.5051,47.5695],[6.5039,47.5695],[6.4992,47.5678],[6.4959,47.5696]]}},{"type":"Feature","properties":{"name":"Ruisseau des Anciens Moulins"},"geometry":{"type":"LineString","coordinates":[[6.2948,47.8784],[6.2921,47.8791],[6.2872,47.8771],[6.2815,47.8799],[6.2808,47.8815],[6.2744,47.8830],[6.2719,47.8811]]}},{"type":"Feature","properties":{"name":"Ruisseau des Anciens Moulins"},"geometry":{"type":"LineString","coordinates":[[6.2713,47.8808],[6.2682,47.8797],[6.2641,47.8807],[6.2601,47.8802]]}},{"type":"Feature","properties":{"name":"Bief du Moulin"},"geometry":{"type":"LineString","coordinates":[[5.7564,47.3909],[5.7570,47.3924]]}},{"type":"Feature","properties":{"name":"Bief du Moulin"},"geometry":{"type":"LineString","coordinates":[[5.6198,47.5657],[5.6234,47.5662]]}},{"type":"Feature","properties":{"name":"Bief du Moulin"},"geometry":{"type":"LineString","coordinates":[[5.5353,47.6095],[5.5355,47.6090]]}},{"type":"Feature","properties":{"name":"Bief du Moulin"},"geometry":{"type":"LineString","coordinates":[[5.6342,47.5715],[5.6347,47.5735]]}},{"type":"Feature","properties":{"name":"Bief du Moulin"},"geometry":{"type":"LineString","coordinates":[[6.0377,47.9309],[6.0349,47.9292],[6.0330,47.9293]]}},{"type":"Feature","properties":{"name":"Bief du Moulin"},"geometry":{"type":"LineString","coordinates":[[6.0934,47.9565],[6.0930,47.9571]]}},{"type":"Feature","properties":{"name":"Bief du Moulin"},"geometry":{"type":"LineString","coordinates":[[6.0930,47.9571],[6.0934,47.9581]]}},{"type":"Feature","properties":{"name":"Bief du Moulin"},"geometry":{"type":"LineString","coordinates":[[6.0380,47.9310],[6.0377,47.9309]]}},{"type":"Feature","properties":{"name":"Bief du Moulin"},"geometry":{"type":"LineString","coordinates":[[6.0420,47.9327],[6.0380,47.9310]]}},{"type":"Feature","properties":{"name":"Bief du Moulin"},"geometry":{"type":"LineString","coordinates":[[5.5354,47.6088],[5.5349,47.6082]]}},{"type":"Feature","properties":{"name":"Bief du Moulin"},"geometry":{"type":"LineString","coordinates":[[5.5355,47.6090],[5.5354,47.6088]]}},{"type":"Feature","properties":{"name":"Ruisseau de Ventron"},"geometry":{"type":"LineString","coordinates":[[6.8867,47.9290],[6.8772,47.9308],[6.8759,47.9328],[6.8731,47.9333],[6.8709,47.9350],[6.8692,47.9370],[6.8685,47.9400],[6.8651,47.9416],[6.8628,47.9414],[6.8615,47.9425],[6.8541,47.9410],[6.8498,47.9432],[6.8470,47.9427],[6.8407,47.9445],[6.8386,47.9442],[6.8352,47.9463]]}},{"type":"Feature","properties":{"name":"Ruisseau de Ventron"},"geometry":{"type":"LineString","coordinates":[[6.8351,47.9464],[6.8283,47.9482],[6.8273,47.9493],[6.8275,47.9509],[6.8250,47.9527],[6.8246,47.9546],[6.8209,47.9580]]}},{"type":"Feature","properties":{"name":"Ruisseau de Ventron"},"geometry":{"type":"LineString","coordinates":[[6.8352,47.9463],[6.8351,47.9464]]}},{"type":"Feature","properties":{"name":"Le Morbief"},"geometry":{"type":"LineString","coordinates":[[6.3723,47.8109],[6.3676,47.8096],[6.3666,47.8082],[6.3599,47.8048],[6.3485,47.8024]]}},{"type":"Feature","properties":{"name":"Le Morbief"},"geometry":{"type":"LineString","coordinates":[[6.4298,47.8293],[6.4263,47.8296],[6.4206,47.8271],[6.4139,47.8298],[6.4109,47.8298],[6.4034,47.8267],[6.3995,47.8266],[6.3966,47.8245],[6.3961,47.8226],[6.3950,47.8220]]}},{"type":"Feature","properties":{"name":"Le Morbief"},"geometry":{"type":"LineString","coordinates":[[6.3744,47.8126],[6.3735,47.8124]]}},{"type":"Feature","properties":{"name":"Le Morbief"},"geometry":{"type":"LineString","coordinates":[[6.3751,47.8130],[6.3744,47.8126]]}},{"type":"Feature","properties":{"name":"Le Morbief"},"geometry":{"type":"LineString","coordinates":[[6.3735,47.8124],[6.3726,47.8116]]}},{"type":"Feature","properties":{"name":"Le Morbief"},"geometry":{"type":"LineString","coordinates":[[6.3754,47.8122],[6.3744,47.8126]]}},{"type":"Feature","properties":{"name":"Le Morbief"},"geometry":{"type":"LineString","coordinates":[[6.3723,47.8111],[6.3723,47.8109]]}},{"type":"Feature","properties":{"name":"Le Morbief"},"geometry":{"type":"LineString","coordinates":[[6.3726,47.8116],[6.3723,47.8111]]}},{"type":"Feature","properties":{"name":"Le Breuchin"},"geometry":{"type":"LineString","coordinates":[[6.6723,47.8767],[6.6675,47.8761],[6.6641,47.8740],[6.6614,47.8741],[6.6596,47.8765],[6.6598,47.8781],[6.6537,47.8835],[6.6382,47.8889],[6.6371,47.8907],[6.6337,47.8926],[6.6309,47.8920],[6.6274,47.8934],[6.6234,47.8918],[6.6218,47.8898],[6.6190,47.8894],[6.6179,47.8878],[6.6149,47.8873],[6.6127,47.8882],[6.6103,47.8874],[6.6088,47.8852],[6.6008,47.8838],[6.5972,47.8822],[6.5932,47.8824],[6.5924,47.8803],[6.5844,47.8803],[6.5765,47.8767],[6.5764,47.8725],[6.5699,47.8644],[6.5703,47.8628],[6.5681,47.8596],[6.5692,47.8588],[6.5689,47.8555],[6.5713,47.8536],[6.5706,47.8509],[6.5675,47.8494],[6.5672,47.8471],[6.5641,47.8462],[6.5623,47.8431],[6.5569,47.8394],[6.5563,47.8375],[6.5511,47.8331],[6.5509,47.8301],[6.5469,47.8296],[6.5478,47.8275],[6.5447,47.8260],[6.5455,47.8252],[6.5349,47.8237],[6.5282,47.8252],[6.5275,47.8238],[6.5258,47.8235],[6.5202,47.8277],[6.5215,47.8279],[6.5217,47.8293],[6.5163,47.8313],[6.5116,47.8303],[6.5109,47.8309],[6.5050,47.8281],[6.4996,47.8269],[6.4942,47.8270],[6.4928,47.8289]]}},{"type":"Feature","properties":{"name":"Le Breuchin"},"geometry":{"type":"LineString","coordinates":[[6.4928,47.8289],[6.4906,47.8341],[6.4837,47.8340],[6.4817,47.8363]]}},{"type":"Feature","properties":{"name":"Le Breuchin"},"geometry":{"type":"LineString","coordinates":[[6.4817,47.8363],[6.4770,47.8371],[6.4726,47.8349]]}},{"type":"Feature","properties":{"name":"Le Breuchin"},"geometry":{"type":"LineString","coordinates":[[6.4726,47.8349],[6.4702,47.8343],[6.4685,47.8362],[6.4627,47.8384],[6.4620,47.8406],[6.4605,47.8409],[6.4544,47.8384],[6.4521,47.8357],[6.4505,47.8369],[6.4475,47.8355],[6.4410,47.8373],[6.4323,47.8328],[6.4313,47.8303],[6.4297,47.8291],[6.4301,47.8280],[6.4326,47.8269],[6.4325,47.8256],[6.4294,47.8248],[6.4294,47.8233],[6.4245,47.8228],[6.4227,47.8195],[6.4146,47.8177],[6.4135,47.8154],[6.4117,47.8143],[6.3991,47.8130],[6.3979,47.8121],[6.3969,47.8130],[6.3948,47.8128],[6.3929,47.8122],[6.3925,47.8109]]}},{"type":"Feature","properties":{"name":"Le Breuchin"},"geometry":{"type":"LineString","coordinates":[[6.5649,47.8449],[6.5642,47.8447]]}},{"type":"Feature","properties":{"name":"Le Breuchin"},"geometry":{"type":"LineString","coordinates":[[6.5642,47.8447],[6.5637,47.8445]]}},{"type":"Feature","properties":{"name":"Le Breuchin"},"geometry":{"type":"LineString","coordinates":[[6.5690,47.8495],[6.5690,47.8477],[6.5671,47.8456],[6.5649,47.8449]]}},{"type":"Feature","properties":{"name":"Le Breuchin"},"geometry":{"type":"LineString","coordinates":[[6.5692,47.8498],[6.5683,47.8498]]}},{"type":"Feature","properties":{"name":"Le Breuchin"},"geometry":{"type":"LineString","coordinates":[[6.5709,47.8523],[6.5685,47.8499]]}},{"type":"Feature","properties":{"name":"Le Breuchin"},"geometry":{"type":"LineString","coordinates":[[6.3509,47.7993],[6.3468,47.7975],[6.3434,47.7978],[6.3423,47.7968],[6.3369,47.7987]]}},{"type":"Feature","properties":{"name":"Le Breuchin"},"geometry":{"type":"LineString","coordinates":[[6.3344,47.8011],[6.3339,47.8011]]}},{"type":"Feature","properties":{"name":"Le Breuchin"},"geometry":{"type":"LineString","coordinates":[[6.3339,47.8011],[6.3301,47.8008]]}},{"type":"Feature","properties":{"name":"Le Breuchin"},"geometry":{"type":"LineString","coordinates":[[6.3417,47.8010],[6.3378,47.8002],[6.3344,47.8011]]}},{"type":"Feature","properties":{"name":"Le Breuchin"},"geometry":{"type":"LineString","coordinates":[[6.3834,47.8073],[6.3816,47.8061],[6.3821,47.8044],[6.3810,47.8028],[6.3762,47.8044],[6.3747,47.8035],[6.3760,47.8027],[6.3754,47.8013],[6.3717,47.8023],[6.3706,47.8004],[6.3678,47.7993],[6.3665,47.7995],[6.3660,47.8006],[6.3617,47.8009],[6.3506,47.7993],[6.3508,47.8009],[6.3500,47.8015],[6.3475,47.8013],[6.3463,47.8023],[6.3428,47.8027],[6.3414,47.8004],[6.3369,47.7987],[6.3322,47.8008],[6.3261,47.8015],[6.3229,47.8007],[6.3186,47.8020],[6.3127,47.8006],[6.3108,47.8021],[6.3077,47.8015],[6.2977,47.8062]]}},{"type":"Feature","properties":{"name":"Le Breuchin"},"geometry":{"type":"LineString","coordinates":[[6.4345,47.8334],[6.4328,47.8329]]}},{"type":"Feature","properties":{"name":"Le Breuchin"},"geometry":{"type":"LineString","coordinates":[[6.4621,47.8398],[6.4622,47.8404]]}},{"type":"Feature","properties":{"name":"Le Breuchin"},"geometry":{"type":"LineString","coordinates":[[6.4713,47.8343],[6.4703,47.8345]]}},{"type":"Feature","properties":{"name":"Le Breuchin"},"geometry":{"type":"LineString","coordinates":[[6.3834,47.8073],[6.3833,47.8073]]}},{"type":"Feature","properties":{"name":"Le Breuchin"},"geometry":{"type":"LineString","coordinates":[[6.3836,47.8074],[6.3834,47.8073]]}},{"type":"Feature","properties":{"name":"Le Breuchin"},"geometry":{"type":"LineString","coordinates":[[6.3836,47.8073],[6.3834,47.8073]]}},{"type":"Feature","properties":{"name":"Le Breuchin"},"geometry":{"type":"LineString","coordinates":[[6.3925,47.8109],[6.3852,47.8095],[6.3851,47.8082],[6.3836,47.8073]]}},{"type":"Feature","properties":{"name":"Le Breuchin"},"geometry":{"type":"LineString","coordinates":[[6.3845,47.8077],[6.3836,47.8074]]}},{"type":"Feature","properties":{"name":"Ruisseau de Recologne"},"geometry":{"type":"LineString","coordinates":[[5.8235,47.2751],[5.8208,47.2766],[5.8216,47.2789],[5.8200,47.2795],[5.8202,47.2816],[5.8183,47.2830],[5.8127,47.2831],[5.8088,47.2846],[5.8022,47.2892],[5.7990,47.2896]]}},{"type":"Feature","properties":{"name":"La Morthe"},"geometry":{"type":"LineString","coordinates":[[5.7654,47.4347],[5.7581,47.4356],[5.7550,47.4376],[5.7469,47.4362],[5.7433,47.4365],[5.7375,47.4434],[5.7350,47.4443],[5.7286,47.4422],[5.7224,47.4414],[5.7211,47.4426],[5.7167,47.4427],[5.7129,47.4465],[5.7054,47.4453],[5.7024,47.4471],[5.6998,47.4470],[5.6965,47.4455],[5.6925,47.4462],[5.6895,47.4443],[5.6836,47.4440],[5.6772,47.4464],[5.6701,47.4470],[5.6661,47.4483]]}},{"type":"Feature","properties":{"name":"La Morthe"},"geometry":{"type":"LineString","coordinates":[[5.6599,47.4495],[5.6570,47.4513],[5.6494,47.4498],[5.6474,47.4511],[5.6375,47.4508],[5.6326,47.4521],[5.6285,47.4556],[5.6250,47.4559],[5.6231,47.4575],[5.6154,47.4576]]}},{"type":"Feature","properties":{"name":"La Douce"},"geometry":{"type":"LineString","coordinates":[[6.8299,47.6248],[6.8317,47.6240],[6.8316,47.6221],[6.8340,47.6204]]}},{"type":"Feature","properties":{"name":"La Douce"},"geometry":{"type":"LineString","coordinates":[[6.8293,47.6247],[6.8299,47.6248]]}},{"type":"Feature","properties":{"name":"La Douce"},"geometry":{"type":"LineString","coordinates":[[6.8401,47.6029],[6.8463,47.6046],[6.8485,47.6043],[6.8505,47.6004],[6.8543,47.5985]]}},{"type":"Feature","properties":{"name":"La Douce"},"geometry":{"type":"LineString","coordinates":[[6.8340,47.6204],[6.8386,47.6131],[6.8388,47.6075]]}},{"type":"Feature","properties":{"name":"La Douce"},"geometry":{"type":"LineString","coordinates":[[6.7883,47.6512],[6.7884,47.6512]]}},{"type":"Feature","properties":{"name":"La Douce"},"geometry":{"type":"LineString","coordinates":[[6.8388,47.6075],[6.8392,47.6051],[6.8406,47.6042],[6.8394,47.6037],[6.8401,47.6029]]}},{"type":"Feature","properties":{"name":"Canal"},"geometry":{"type":"LineString","coordinates":[[6.7601,47.8777],[6.7602,47.8788],[6.7592,47.8792]]}},{"type":"Feature","properties":{"name":"Ruisseau de la Niche"},"geometry":{"type":"LineString","coordinates":[[6.5088,48.0262],[6.5057,48.0285],[6.5057,48.0308],[6.5069,48.0319],[6.5071,48.0349],[6.5082,48.0360],[6.5063,48.0384],[6.5079,48.0418],[6.5061,48.0426],[6.5052,48.0444],[6.5067,48.0453],[6.5074,48.0471],[6.5114,48.0492],[6.5143,48.0527],[6.5214,48.0572]]}},{"type":"Feature","properties":{"name":"Ruisseau de la Niche"},"geometry":{"type":"LineString","coordinates":[[6.5317,48.0224],[6.5315,48.0228]]}},{"type":"Feature","properties":{"name":"Ruisseau de la Niche"},"geometry":{"type":"LineString","coordinates":[[6.5315,48.0228],[6.5314,48.0236],[6.5302,48.0236],[6.5210,48.0220],[6.5176,48.0244],[6.5088,48.0262]]}},{"type":"Feature","properties":{"name":"La Moselotte"},"geometry":{"type":"LineString","coordinates":[[6.6590,48.0136],[6.6533,48.0128],[6.6502,48.0087],[6.6446,48.0116]]}},{"type":"Feature","properties":{"name":"La Moselotte"},"geometry":{"type":"LineString","coordinates":[[6.6264,48.0148],[6.6224,48.0153],[6.6171,48.0116],[6.6145,48.0126]]}},{"type":"Feature","properties":{"name":"La Moselotte"},"geometry":{"type":"LineString","coordinates":[[6.6432,48.0123],[6.6431,48.0123]]}},{"type":"Feature","properties":{"name":"La Moselotte"},"geometry":{"type":"LineString","coordinates":[[6.6366,48.0111],[6.6344,48.0104],[6.6293,48.0117],[6.6264,48.0148]]}},{"type":"Feature","properties":{"name":"La Moselotte"},"geometry":{"type":"LineString","coordinates":[[6.6376,48.0117],[6.6375,48.0116]]}},{"type":"Feature","properties":{"name":"La Moselotte"},"geometry":{"type":"LineString","coordinates":[[6.6377,48.0117],[6.6376,48.0117]]}},{"type":"Feature","properties":{"name":"La Moselotte"},"geometry":{"type":"LineString","coordinates":[[6.6379,48.0118],[6.6377,48.0117]]}},{"type":"Feature","properties":{"name":"La Moselotte"},"geometry":{"type":"LineString","coordinates":[[6.6684,48.0179],[6.6623,48.0144],[6.6590,48.0136]]}},{"type":"Feature","properties":{"name":"La Cleurie"},"geometry":{"type":"LineString","coordinates":[[6.8046,48.0715],[6.8044,48.0731],[6.7998,48.0734],[6.7970,48.0753],[6.7965,48.0767],[6.7893,48.0782],[6.7870,48.0808],[6.7814,48.0821],[6.7798,48.0846],[6.7762,48.0839],[6.7748,48.0850],[6.7679,48.0849],[6.7667,48.0837],[6.7644,48.0851],[6.7601,48.0843],[6.7550,48.0818],[6.7535,48.0823],[6.7492,48.0796],[6.7456,48.0800],[6.7424,48.0777],[6.7423,48.0752],[6.7401,48.0715],[6.7363,48.0706],[6.7354,48.0690],[6.7359,48.0680],[6.7301,48.0650],[6.7199,48.0620],[6.7149,48.0617],[6.7128,48.0607],[6.7119,48.0591],[6.7073,48.0596],[6.6905,48.0541],[6.6900,48.0522],[6.6871,48.0511],[6.6838,48.0476],[6.6778,48.0434],[6.6781,48.0420],[6.6796,48.0412],[6.6756,48.0362],[6.6740,48.0328],[6.6771,48.0310],[6.6793,48.0270],[6.6763,48.0242],[6.6773,48.0226],[6.6738,48.0211]]}},{"type":"Feature","properties":{"name":"La Meuse"},"geometry":{"type":"LineString","coordinates":[[5.5299,48.0195],[5.5295,48.0200]]}},{"type":"Feature","properties":{"name":"La Meuse"},"geometry":{"type":"LineString","coordinates":[[5.5295,48.0200],[5.5291,48.0209],[5.5301,48.0219],[5.5289,48.0233],[5.5302,48.0248],[5.5352,48.0255],[5.5376,48.0281],[5.5387,48.0282],[5.5386,48.0291],[5.5409,48.0294],[5.5411,48.0317],[5.5396,48.0336],[5.5402,48.0356],[5.5417,48.0358],[5.5406,48.0375],[5.5411,48.0387],[5.5389,48.0432],[5.5369,48.0440],[5.5373,48.0454],[5.5353,48.0462],[5.5366,48.0468],[5.5318,48.0477],[5.5326,48.0490],[5.5314,48.0500],[5.5323,48.0512],[5.5314,48.0522],[5.5349,48.0536],[5.5363,48.0551],[5.5344,48.0585],[5.5345,48.0596],[5.5357,48.0601],[5.5352,48.0613],[5.5369,48.0615],[5.5388,48.0650],[5.5435,48.0677],[5.5446,48.0699],[5.5438,48.0739],[5.5419,48.0754],[5.5412,48.0780],[5.5433,48.0801],[5.5447,48.0846]]}},{"type":"Feature","properties":{"name":"Le Côney"},"geometry":{"type":"LineString","coordinates":[[6.3912,48.0989],[6.3812,48.0928],[6.3682,48.0912],[6.3671,48.0895],[6.3598,48.0883],[6.3538,48.0832],[6.3508,48.0828],[6.3447,48.0847],[6.3354,48.0858],[6.3331,48.0856],[6.3297,48.0826],[6.3261,48.0824],[6.3243,48.0811],[6.3171,48.0794],[6.3121,48.0798],[6.3042,48.0825],[6.2986,48.0813],[6.2945,48.0786],[6.2938,48.0749],[6.2924,48.0733],[6.2880,48.0726],[6.2856,48.0710],[6.2854,48.0696],[6.2837,48.0690],[6.2838,48.0680],[6.2754,48.0648],[6.2755,48.0601],[6.2766,48.0598],[6.2746,48.0569],[6.2737,48.0523]]}},{"type":"Feature","properties":{"name":"La Saône"},"geometry":{"type":"LineString","coordinates":[[6.0537,48.1006],[6.0531,48.0993],[6.0543,48.0988],[6.0540,48.0978],[6.0485,48.0959],[6.0479,48.0940],[6.0499,48.0917],[6.0473,48.0885],[6.0466,48.0860],[6.0495,48.0855],[6.0450,48.0822],[6.0456,48.0804],[6.0493,48.0798],[6.0498,48.0773],[6.0470,48.0753],[6.0419,48.0745],[6.0416,48.0726],[6.0430,48.0700],[6.0422,48.0683],[6.0375,48.0661],[6.0385,48.0634],[6.0316,48.0634],[6.0321,48.0612],[6.0311,48.0605],[6.0320,48.0584],[6.0282,48.0564],[6.0309,48.0538],[6.0264,48.0523],[6.0273,48.0498],[6.0252,48.0496],[6.0223,48.0514]]}},{"type":"Feature","properties":{"name":"La Saône"},"geometry":{"type":"LineString","coordinates":[[6.0223,48.0514],[6.0180,48.0519],[6.0129,48.0482],[6.0135,48.0472],[6.0167,48.0468]]}},{"type":"Feature","properties":{"name":"La Saône"},"geometry":{"type":"LineString","coordinates":[[6.0167,48.0468],[6.0188,48.0461],[6.0193,48.0449],[6.0180,48.0430],[6.0147,48.0422],[6.0130,48.0398],[6.0105,48.0407],[6.0119,48.0437],[6.0107,48.0441],[6.0062,48.0426],[6.0061,48.0413],[6.0034,48.0393],[5.9980,48.0396],[5.9968,48.0384],[5.9944,48.0382],[5.9909,48.0389],[5.9903,48.0364],[5.9884,48.0355],[5.9857,48.0357],[5.9804,48.0381],[5.9760,48.0365],[5.9735,48.0369],[5.9723,48.0359],[5.9610,48.0373],[5.9622,48.0358],[5.9606,48.0348],[5.9641,48.0313],[5.9709,48.0313],[5.9769,48.0334],[5.9814,48.0327],[5.9807,48.0313],[5.9745,48.0284],[5.9702,48.0294],[5.9677,48.0276],[5.9623,48.0276],[5.9622,48.0269],[5.9586,48.0262],[5.9566,48.0232],[5.9575,48.0223],[5.9561,48.0218]]}},{"type":"Feature","properties":{"name":"La Saône"},"geometry":{"type":"LineString","coordinates":[[5.9682,48.0279],[5.9666,48.0276]]}},{"type":"Feature","properties":{"name":"Le Bouchot"},"geometry":{"type":"LineString","coordinates":[[6.8540,48.0366],[6.8500,48.0342],[6.8442,48.0325],[6.8376,48.0332],[6.8359,48.0318],[6.8337,48.0329],[6.8309,48.0328],[6.8283,48.0314],[6.8285,48.0308],[6.8263,48.0307],[6.8255,48.0290],[6.8223,48.0300],[6.8182,48.0291],[6.8081,48.0242],[6.7962,48.0236]]}},{"type":"Feature","properties":{"name":"Le Bouchot"},"geometry":{"type":"LineString","coordinates":[[6.7962,48.0236],[6.7957,48.0235]]}},{"type":"Feature","properties":{"name":"Le Bouchot"},"geometry":{"type":"LineString","coordinates":[[6.7957,48.0235],[6.7902,48.0231],[6.7886,48.0216],[6.7839,48.0223],[6.7783,48.0218],[6.7642,48.0144],[6.7571,48.0122],[6.7550,48.0102],[6.7483,48.0138],[6.7479,48.0152],[6.7410,48.0174],[6.7322,48.0159],[6.7291,48.0138],[6.7271,48.0136],[6.7261,48.0120],[6.7217,48.0121],[6.7188,48.0096],[6.7147,48.0095],[6.7099,48.0109]]}},{"type":"Feature","properties":{"name":"L\u0027Ourche"},"geometry":{"type":"LineString","coordinates":[[6.0826,48.0469],[6.0799,48.0467],[6.0742,48.0498],[6.0702,48.0488],[6.0586,48.0502],[6.0553,48.0490],[6.0538,48.0457],[6.0517,48.0443],[6.0467,48.0439],[6.0404,48.0420],[6.0311,48.0428],[6.0292,48.0448],[6.0245,48.0442],[6.0237,48.0451],[6.0242,48.0466],[6.0226,48.0475],[6.0196,48.0477],[6.0193,48.0456]]}},{"type":"Feature","properties":{"name":"La Semouse"},"geometry":{"type":"LineString","coordinates":[[6.4269,48.0035],[6.4261,48.0018],[6.4222,48.0006]]}},{"type":"Feature","properties":{"name":"La Semouse"},"geometry":{"type":"LineString","coordinates":[[6.4222,48.0006],[6.4221,48.0004]]}},{"type":"Feature","properties":{"name":"La Semouse"},"geometry":{"type":"LineString","coordinates":[[6.4271,48.0037],[6.4269,48.0035]]}},{"type":"Feature","properties":{"name":"La Semouse"},"geometry":{"type":"LineString","coordinates":[[6.4301,48.0046],[6.4271,48.0037]]}},{"type":"Feature","properties":{"name":"Le Coney"},"geometry":{"type":"LineString","coordinates":[[6.0944,47.9552],[6.0950,47.9567],[6.0937,47.9573]]}},{"type":"Feature","properties":{"name":"Le Coney"},"geometry":{"type":"LineString","coordinates":[[6.1323,47.9574],[6.1320,47.9563],[6.1297,47.9560],[6.1213,47.9577],[6.1193,47.9593]]}},{"type":"Feature","properties":{"name":"La Moselle"},"geometry":{"type":"LineString","coordinates":[[6.5866,48.0273],[6.5818,48.0331]]}},{"type":"Feature","properties":{"name":"La Moselle"},"geometry":{"type":"LineString","coordinates":[[6.5817,48.0337],[6.5848,48.0371],[6.5881,48.0386],[6.5847,48.0398]]}},{"type":"Feature","properties":{"name":"La Moselle"},"geometry":{"type":"LineString","coordinates":[[6.5875,48.0479],[6.5914,48.0498],[6.5965,48.0505],[6.5977,48.0521],[6.5965,48.0548],[6.5984,48.0573],[6.6078,48.0611]]}},{"type":"Feature","properties":{"name":"La Moselle"},"geometry":{"type":"LineString","coordinates":[[6.5818,48.0331],[6.5817,48.0337]]}},{"type":"Feature","properties":{"name":"La Moselle"},"geometry":{"type":"LineString","coordinates":[[6.5992,48.0188],[6.5956,48.0209],[6.5948,48.0237],[6.5866,48.0273]]}},{"type":"Feature","properties":{"name":"La Moselle"},"geometry":{"type":"LineString","coordinates":[[6.6145,48.0126],[6.6149,48.0137],[6.6104,48.0159],[6.6077,48.0200],[6.5992,48.0188]]}},{"type":"Feature","properties":{"name":"La Moselle"},"geometry":{"type":"LineString","coordinates":[[6.5847,48.0398],[6.5842,48.0403],[6.5855,48.0433]]}},{"type":"Feature","properties":{"name":"La Moselle"},"geometry":{"type":"LineString","coordinates":[[6.6040,48.0200],[6.6031,48.0194]]}},{"type":"Feature","properties":{"name":"La Moselle"},"geometry":{"type":"LineString","coordinates":[[6.6043,48.0201],[6.6040,48.0200]]}},{"type":"Feature","properties":{"name":"La Moselle"},"geometry":{"type":"LineString","coordinates":[[6.6070,48.0202],[6.6043,48.0201]]}},{"type":"Feature","properties":{"name":"La Moselle"},"geometry":{"type":"LineString","coordinates":[[6.6143,48.0091],[6.6145,48.0126]]}},{"type":"Feature","properties":{"name":"La Moselle"},"geometry":{"type":"LineString","coordinates":[[6.6164,48.0067],[6.6143,48.0091]]}},{"type":"Feature","properties":{"name":"La Moselle"},"geometry":{"type":"LineString","coordinates":[[6.5855,48.0433],[6.5875,48.0479]]}},{"type":"Feature","properties":{"name":"La Traire"},"geometry":{"type":"LineString","coordinates":[[5.4284,48.0009],[5.4121,48.0103],[5.4096,48.0112],[5.3983,48.0115],[5.3973,48.0135],[5.3943,48.0129],[5.3932,48.0155],[5.3904,48.0158],[5.3883,48.0184],[5.3835,48.0178],[5.3831,48.0200],[5.3801,48.0226],[5.3769,48.0222],[5.3757,48.0245],[5.3730,48.0234],[5.3698,48.0258],[5.3640,48.0266],[5.3596,48.0242],[5.3583,48.0249],[5.3530,48.0217],[5.3450,48.0220],[5.3397,48.0209],[5.3397,48.0215],[5.3380,48.0211],[5.3387,48.0220],[5.3380,48.0227],[5.3342,48.0222],[5.3325,48.0239],[5.3300,48.0240],[5.3281,48.0256],[5.3258,48.0258],[5.3179,48.0313],[5.3159,48.0315],[5.3158,48.0327],[5.3129,48.0345],[5.3121,48.0373],[5.3091,48.0384],[5.3047,48.0379],[5.2985,48.0398],[5.2931,48.0389],[5.2869,48.0398],[5.2837,48.0384],[5.2814,48.0390],[5.2781,48.0377],[5.2761,48.0389],[5.2730,48.0385],[5.2701,48.0393],[5.2622,48.0379],[5.2586,48.0390],[5.2552,48.0375],[5.2512,48.0398],[5.2504,48.0422],[5.2477,48.0411],[5.2461,48.0389],[5.2361,48.0392]]}},{"type":"Feature","properties":{"name":"Ruisseau de la Sâle"},"geometry":{"type":"LineString","coordinates":[[5.8898,48.0414],[5.8900,48.0395],[5.8879,48.0370],[5.8938,48.0317],[5.8944,48.0309],[5.8937,48.0300],[5.9037,48.0231],[5.9057,48.0203],[5.9073,48.0206],[5.9087,48.0193],[5.9108,48.0191],[5.9104,48.0179],[5.9132,48.0179],[5.9162,48.0158]]}},{"type":"Feature","properties":{"name":"L\u0027Apance"},"geometry":{"type":"LineString","coordinates":[[5.7045,48.0166],[5.7037,48.0142],[5.7045,48.0134],[5.7025,48.0113],[5.7019,48.0076]]}},{"type":"Feature","properties":{"name":"L\u0027Apance"},"geometry":{"type":"LineString","coordinates":[[5.7198,48.0244],[5.7132,48.0236],[5.7102,48.0203],[5.7068,48.0193],[5.7045,48.0166]]}},{"type":"Feature","properties":{"name":"L\u0027Apance"},"geometry":{"type":"LineString","coordinates":[[5.7019,48.0076],[5.7021,48.0071]]}}]}