{"type":"FeatureCollection","features":[{"type":"Feature","properties":{"name":"L\u0027Almont"},"geometry":{"type":"LineString","coordinates":[[2.7079,48.5596],[2.7034,48.5584],[2.6996,48.5542],[2.6939,48.5548],[2.6902,48.5504],[2.6851,48.5496],[2.6802,48.5504],[2.6751,48.5489],[2.6705,48.5453],[2.6639,48.5423],[2.6639,48.5369],[2.6631,48.5362]]}},{"type":"Feature","properties":{"name":"L\u0027Almont"},"geometry":{"type":"LineString","coordinates":[[2.6629,48.5361],[2.6621,48.5361]]}},{"type":"Feature","properties":{"name":"L\u0027Almont"},"geometry":{"type":"LineString","coordinates":[[2.6631,48.5362],[2.6629,48.5361]]}},{"type":"Feature","properties":{"name":"Le Loing"},"geometry":{"type":"LineString","coordinates":[[2.6921,48.2902],[2.6943,48.2945],[2.6941,48.2988],[2.6920,48.3006],[2.6871,48.3025],[2.6867,48.3078],[2.6968,48.3190],[2.7072,48.3209],[2.7173,48.3198],[2.7264,48.3230],[2.7401,48.3238],[2.7441,48.3251]]}},{"type":"Feature","properties":{"name":"Le Loing"},"geometry":{"type":"LineString","coordinates":[[2.7523,48.0688],[2.7542,48.0690],[2.7568,48.0712],[2.7558,48.0746],[2.7526,48.0765],[2.7579,48.0877],[2.7616,48.0879],[2.7629,48.0893],[2.7634,48.0913],[2.7612,48.0924],[2.7613,48.0943],[2.7628,48.0962],[2.7657,48.0976],[2.7668,48.0995],[2.7649,48.1016],[2.7658,48.1055],[2.7672,48.1063],[2.7721,48.1054],[2.7727,48.1094],[2.7682,48.1136],[2.7684,48.1159],[2.7646,48.1180],[2.7572,48.1172],[2.7530,48.1180],[2.7517,48.1280],[2.7527,48.1294],[2.7526,48.1314],[2.7502,48.1354],[2.7506,48.1378],[2.7557,48.1461],[2.7558,48.1488],[2.7533,48.1535],[2.7507,48.1544],[2.7492,48.1563],[2.7464,48.1570],[2.7458,48.1587],[2.7435,48.1584],[2.7427,48.1595],[2.7410,48.1598],[2.7354,48.1684],[2.7287,48.1743],[2.7267,48.1798],[2.7292,48.1820],[2.7294,48.1830],[2.7283,48.1840]]}},{"type":"Feature","properties":{"name":"Le Loing"},"geometry":{"type":"LineString","coordinates":[[2.7463,48.3337],[2.7495,48.3346]]}},{"type":"Feature","properties":{"name":"Le Loing"},"geometry":{"type":"LineString","coordinates":[[2.7646,48.3375],[2.7743,48.3412],[2.7790,48.3394],[2.7819,48.3361],[2.7841,48.3355],[2.7884,48.3376],[2.7939,48.3433]]}},{"type":"Feature","properties":{"name":"Le Loing"},"geometry":{"type":"LineString","coordinates":[[2.7939,48.3433],[2.7989,48.3479]]}},{"type":"Feature","properties":{"name":"Le Loing"},"geometry":{"type":"LineString","coordinates":[[2.8260,48.3676],[2.8253,48.3690],[2.8198,48.3724],[2.8183,48.3776]]}},{"type":"Feature","properties":{"name":"Le Loing"},"geometry":{"type":"LineString","coordinates":[[2.6949,48.2729],[2.6917,48.2853],[2.6921,48.2902]]}},{"type":"Feature","properties":{"name":"Le Loing"},"geometry":{"type":"LineString","coordinates":[[2.7441,48.3251],[2.7468,48.3289],[2.7451,48.3321],[2.7463,48.3337]]}},{"type":"Feature","properties":{"name":"Le Loing"},"geometry":{"type":"LineString","coordinates":[[2.8169,48.3787],[2.8147,48.3796]]}},{"type":"Feature","properties":{"name":"Le Loing"},"geometry":{"type":"LineString","coordinates":[[2.8147,48.3796],[2.8034,48.3858],[2.8016,48.3878]]}},{"type":"Feature","properties":{"name":"Le Loing"},"geometry":{"type":"LineString","coordinates":[[2.7989,48.3479],[2.8027,48.3515],[2.8136,48.3526],[2.8201,48.3573],[2.8219,48.3600]]}},{"type":"Feature","properties":{"name":"Le Loing"},"geometry":{"type":"LineString","coordinates":[[2.6972,48.2692],[2.6949,48.2729]]}},{"type":"Feature","properties":{"name":"Le Loing"},"geometry":{"type":"LineString","coordinates":[[2.7643,48.1181],[2.7546,48.1187]]}},{"type":"Feature","properties":{"name":"Le Loing"},"geometry":{"type":"LineString","coordinates":[[2.7546,48.1187],[2.7544,48.1186]]}},{"type":"Feature","properties":{"name":"Le Loing"},"geometry":{"type":"LineString","coordinates":[[2.7544,48.1186],[2.7528,48.1185]]}},{"type":"Feature","properties":{"name":"Le Loing"},"geometry":{"type":"LineString","coordinates":[[2.7283,48.1840],[2.7280,48.1841]]}},{"type":"Feature","properties":{"name":"Le Loing"},"geometry":{"type":"LineString","coordinates":[[2.7280,48.1841],[2.7164,48.1919],[2.7191,48.1960],[2.7193,48.1976],[2.7175,48.1980],[2.7173,48.1998],[2.7191,48.2037],[2.7160,48.2113],[2.7103,48.2148],[2.7113,48.2186],[2.7103,48.2243],[2.7110,48.2250],[2.7110,48.2303],[2.7076,48.2414],[2.7057,48.2441],[2.6992,48.2480],[2.6980,48.2510],[2.7006,48.2529],[2.6998,48.2559],[2.6978,48.2572],[2.6960,48.2564],[2.6947,48.2573],[2.6957,48.2609],[2.6993,48.2623],[2.6972,48.2692]]}},{"type":"Feature","properties":{"name":"Le Loing"},"geometry":{"type":"LineString","coordinates":[[2.6957,48.2609],[2.6967,48.2644],[2.6983,48.2653]]}},{"type":"Feature","properties":{"name":"Le Loing"},"geometry":{"type":"LineString","coordinates":[[2.8183,48.3776],[2.8169,48.3787]]}},{"type":"Feature","properties":{"name":"Le Loing"},"geometry":{"type":"LineString","coordinates":[[2.8209,48.3718],[2.8191,48.3721],[2.8196,48.3734]]}},{"type":"Feature","properties":{"name":"Le Loing"},"geometry":{"type":"LineString","coordinates":[[2.8194,48.3723],[2.8190,48.3725]]}},{"type":"Feature","properties":{"name":"Le Loing"},"geometry":{"type":"LineString","coordinates":[[2.8219,48.3600],[2.8224,48.3615],[2.8253,48.3625],[2.8240,48.3650],[2.8260,48.3676]]}},{"type":"Feature","properties":{"name":"Le Loing"},"geometry":{"type":"LineString","coordinates":[[2.7495,48.3346],[2.7605,48.3355],[2.7646,48.3375]]}},{"type":"Feature","properties":{"name":"Le Loing"},"geometry":{"type":"LineString","coordinates":[[2.7471,48.3337],[2.7484,48.3341]]}},{"type":"Feature","properties":{"name":"Le Loing"},"geometry":{"type":"LineString","coordinates":[[2.7463,48.3337],[2.7495,48.3346]]}},{"type":"Feature","properties":{"name":"Ru de Bréon"},"geometry":{"type":"LineString","coordinates":[[2.8364,48.6759],[2.8343,48.6739],[2.8343,48.6720],[2.8309,48.6712],[2.8272,48.6687],[2.8247,48.6700],[2.8220,48.6698],[2.8227,48.6672],[2.8215,48.6653]]}},{"type":"Feature","properties":{"name":"Ru de Bréon"},"geometry":{"type":"LineString","coordinates":[[2.8417,48.7116],[2.8490,48.7083],[2.8573,48.7092],[2.8598,48.7062],[2.8624,48.7064],[2.8669,48.7024],[2.8655,48.7001],[2.8605,48.6996],[2.8567,48.6966],[2.8547,48.6937],[2.8554,48.6919],[2.8523,48.6895]]}},{"type":"Feature","properties":{"name":"Ru de Bréon"},"geometry":{"type":"LineString","coordinates":[[2.8365,48.6759],[2.8364,48.6759]]}},{"type":"Feature","properties":{"name":"Ru de Bréon"},"geometry":{"type":"LineString","coordinates":[[2.8470,48.6782],[2.8419,48.6756],[2.8365,48.6759]]}},{"type":"Feature","properties":{"name":"Ru de Bréon"},"geometry":{"type":"LineString","coordinates":[[2.8523,48.6895],[2.8514,48.6891],[2.8508,48.6859],[2.8470,48.6810],[2.8470,48.6782]]}},{"type":"Feature","properties":{"name":"La Rimarde"},"geometry":{"type":"LineString","coordinates":[[2.3538,48.1830],[2.3598,48.1881],[2.3720,48.1882],[2.3766,48.1915]]}},{"type":"Feature","properties":{"name":"L\u0027Aubetin"},"geometry":{"type":"LineString","coordinates":[[3.0135,48.8106],[3.0127,48.8112]]}},{"type":"Feature","properties":{"name":"L\u0027Aubetin"},"geometry":{"type":"LineString","coordinates":[[3.0154,48.8085],[3.0159,48.8093],[3.0143,48.8106]]}},{"type":"Feature","properties":{"name":"L\u0027Aubetin"},"geometry":{"type":"LineString","coordinates":[[3.0143,48.8106],[3.0135,48.8106]]}},{"type":"Feature","properties":{"name":"L\u0027Aubetin"},"geometry":{"type":"LineString","coordinates":[[3.0128,48.8116],[3.0104,48.8134],[3.0100,48.8152],[3.0074,48.8156]]}},{"type":"Feature","properties":{"name":"L\u0027Aubetin"},"geometry":{"type":"LineString","coordinates":[[3.0143,48.8106],[3.0128,48.8116]]}},{"type":"Feature","properties":{"name":"L\u0027Aubetin"},"geometry":{"type":"LineString","coordinates":[[3.0127,48.8112],[3.0128,48.8116]]}},{"type":"Feature","properties":{"name":"L\u0027Aubetin"},"geometry":{"type":"LineString","coordinates":[[3.0699,48.7529],[3.0664,48.7532],[3.0640,48.7559],[3.0614,48.7564]]}},{"type":"Feature","properties":{"name":"L\u0027Aubetin"},"geometry":{"type":"LineString","coordinates":[[3.0535,48.7554],[3.0476,48.7556],[3.0396,48.7540],[3.0381,48.7545],[3.0368,48.7566]]}},{"type":"Feature","properties":{"name":"L\u0027Aubetin"},"geometry":{"type":"LineString","coordinates":[[3.0808,48.7508],[3.0739,48.7495]]}},{"type":"Feature","properties":{"name":"L\u0027Aubetin"},"geometry":{"type":"LineString","coordinates":[[3.0340,48.7644],[3.0352,48.7653],[3.0337,48.7655]]}},{"type":"Feature","properties":{"name":"L\u0027Aubetin"},"geometry":{"type":"LineString","coordinates":[[3.0920,48.7498],[3.0871,48.7501],[3.0838,48.7519],[3.0808,48.7508]]}},{"type":"Feature","properties":{"name":"L\u0027Aubetin"},"geometry":{"type":"LineString","coordinates":[[3.0337,48.7655],[3.0300,48.7665]]}},{"type":"Feature","properties":{"name":"L\u0027Aubetin"},"geometry":{"type":"LineString","coordinates":[[3.0614,48.7564],[3.0598,48.7565]]}},{"type":"Feature","properties":{"name":"L\u0027Aubetin"},"geometry":{"type":"LineString","coordinates":[[3.1004,48.7506],[3.0967,48.7481],[3.0936,48.7487]]}},{"type":"Feature","properties":{"name":"L\u0027Aubetin"},"geometry":{"type":"LineString","coordinates":[[3.0936,48.7487],[3.0920,48.7498]]}},{"type":"Feature","properties":{"name":"L\u0027Aubetin"},"geometry":{"type":"LineString","coordinates":[[3.0192,48.7770],[3.0164,48.7797],[3.0205,48.7834],[3.0205,48.7850],[3.0193,48.7865],[3.0171,48.7867],[3.0143,48.7888],[3.0131,48.7908],[3.0151,48.7932],[3.0172,48.8007],[3.0162,48.8052]]}},{"type":"Feature","properties":{"name":"L\u0027Aubetin"},"geometry":{"type":"LineString","coordinates":[[3.0238,48.7711],[3.0241,48.7725],[3.0231,48.7734]]}},{"type":"Feature","properties":{"name":"L\u0027Aubetin"},"geometry":{"type":"LineString","coordinates":[[3.0231,48.7734],[3.0230,48.7734]]}},{"type":"Feature","properties":{"name":"L\u0027Aubetin"},"geometry":{"type":"LineString","coordinates":[[3.0230,48.7734],[3.0221,48.7752],[3.0193,48.7770]]}},{"type":"Feature","properties":{"name":"L\u0027Aubetin"},"geometry":{"type":"LineString","coordinates":[[3.0598,48.7565],[3.0535,48.7554]]}},{"type":"Feature","properties":{"name":"L\u0027Aubetin"},"geometry":{"type":"LineString","coordinates":[[3.0739,48.7495],[3.0714,48.7497],[3.0699,48.7529]]}},{"type":"Feature","properties":{"name":"L\u0027Aubetin"},"geometry":{"type":"LineString","coordinates":[[3.0193,48.7770],[3.0192,48.7770]]}},{"type":"Feature","properties":{"name":"L\u0027Aubetin"},"geometry":{"type":"LineString","coordinates":[[3.0300,48.7665],[3.0299,48.7665]]}},{"type":"Feature","properties":{"name":"L\u0027Aubetin"},"geometry":{"type":"LineString","coordinates":[[3.0368,48.7566],[3.0368,48.7567]]}},{"type":"Feature","properties":{"name":"L\u0027Aubetin"},"geometry":{"type":"LineString","coordinates":[[3.0299,48.7665],[3.0261,48.7664],[3.0240,48.7674],[3.0228,48.7698],[3.0238,48.7711]]}},{"type":"Feature","properties":{"name":"L\u0027Aubetin"},"geometry":{"type":"LineString","coordinates":[[3.0368,48.7567],[3.0368,48.7580],[3.0347,48.7587],[3.0301,48.7584],[3.0307,48.7609],[3.0339,48.7634],[3.0340,48.7644]]}},{"type":"Feature","properties":{"name":"L\u0027Yonne"},"geometry":{"type":"LineString","coordinates":[[2.9768,48.3677],[2.9669,48.3706],[2.9591,48.3753],[2.9580,48.3806],[2.9600,48.3870],[2.9576,48.3886]]}},{"type":"Feature","properties":{"name":"L\u0027Yonne"},"geometry":{"type":"LineString","coordinates":[[3.0131,48.3670],[3.0144,48.3699],[3.0139,48.3715],[3.0116,48.3738],[3.0078,48.3750],[3.0041,48.3737],[3.0021,48.3684],[3.0005,48.3669],[2.9955,48.3661],[2.9846,48.3668]]}},{"type":"Feature","properties":{"name":"L\u0027Yonne"},"geometry":{"type":"LineString","coordinates":[[3.0592,48.3580],[3.0541,48.3605],[3.0461,48.3601],[3.0432,48.3635],[3.0410,48.3642],[3.0318,48.3622],[3.0298,48.3597],[3.0273,48.3589],[3.0179,48.3606],[3.0136,48.3639]]}},{"type":"Feature","properties":{"name":"L\u0027Yonne"},"geometry":{"type":"LineString","coordinates":[[3.1023,48.3502],[3.0995,48.3521],[3.1012,48.3557],[3.0986,48.3579],[3.0864,48.3577],[3.0809,48.3611],[3.0790,48.3614],[3.0702,48.3583],[3.0639,48.3576]]}},{"type":"Feature","properties":{"name":"L\u0027Yonne"},"geometry":{"type":"LineString","coordinates":[[3.0136,48.3639],[3.0131,48.3670]]}},{"type":"Feature","properties":{"name":"L\u0027Yonne"},"geometry":{"type":"LineString","coordinates":[[2.9846,48.3668],[2.9768,48.3677]]}},{"type":"Feature","properties":{"name":"L\u0027Yonne"},"geometry":{"type":"LineString","coordinates":[[3.0639,48.3576],[3.0592,48.3580]]}},{"type":"Feature","properties":{"name":"L\u0027Œuf"},"geometry":{"type":"LineString","coordinates":[[2.3624,48.1905],[2.3681,48.1887],[2.3740,48.1918],[2.3766,48.1915]]}},{"type":"Feature","properties":{"name":"Le Betz"},"geometry":{"type":"LineString","coordinates":[[2.8994,48.1397],[2.8994,48.1397]]}},{"type":"Feature","properties":{"name":"Le Betz"},"geometry":{"type":"LineString","coordinates":[[2.7971,48.1497],[2.7957,48.1499]]}},{"type":"Feature","properties":{"name":"Le Betz"},"geometry":{"type":"LineString","coordinates":[[2.9210,48.1425],[2.9193,48.1428],[2.9141,48.1405]]}},{"type":"Feature","properties":{"name":"Le Betz"},"geometry":{"type":"LineString","coordinates":[[2.8994,48.1397],[2.8951,48.1387],[2.8927,48.1401],[2.8932,48.1429],[2.8894,48.1417],[2.8877,48.1420],[2.8862,48.1439],[2.8846,48.1431],[2.8839,48.1400],[2.8807,48.1423],[2.8794,48.1422],[2.8769,48.1406],[2.8711,48.1393],[2.8621,48.1392],[2.8565,48.1351],[2.8512,48.1346],[2.8471,48.1365],[2.8457,48.1421],[2.8392,48.1393],[2.8357,48.1387],[2.8282,48.1396],[2.8256,48.1415],[2.8197,48.1407],[2.8137,48.1412],[2.8066,48.1393],[2.8037,48.1402],[2.8022,48.1421],[2.8028,48.1468],[2.7991,48.1472],[2.7995,48.1480],[2.7964,48.1500],[2.7904,48.1482]]}},{"type":"Feature","properties":{"name":"Le Betz"},"geometry":{"type":"LineString","coordinates":[[2.7904,48.1482],[2.7856,48.1529],[2.7806,48.1527],[2.7768,48.1513],[2.7704,48.1530],[2.7665,48.1522],[2.7619,48.1527],[2.7616,48.1534]]}},{"type":"Feature","properties":{"name":"L\u0027Essonne"},"geometry":{"type":"LineString","coordinates":[[2.4759,48.6053],[2.4788,48.6057],[2.4813,48.6086],[2.4837,48.6088]]}},{"type":"Feature","properties":{"name":"L\u0027Essonne"},"geometry":{"type":"LineString","coordinates":[[2.4656,48.5775],[2.4701,48.5798],[2.4706,48.5835],[2.4691,48.5841]]}},{"type":"Feature","properties":{"name":"L\u0027Essonne"},"geometry":{"type":"LineString","coordinates":[[2.4612,48.6018],[2.4620,48.6050],[2.4640,48.6059]]}},{"type":"Feature","properties":{"name":"L\u0027Essonne"},"geometry":{"type":"LineString","coordinates":[[2.4132,48.5669],[2.4186,48.5698],[2.4223,48.5734]]}},{"type":"Feature","properties":{"name":"L\u0027Essonne"},"geometry":{"type":"LineString","coordinates":[[2.4656,48.5775],[2.4683,48.5836]]}},{"type":"Feature","properties":{"name":"L\u0027Essonne"},"geometry":{"type":"LineString","coordinates":[[2.4029,48.3207],[2.4023,48.3218],[2.3994,48.3222],[2.3933,48.3274],[2.3921,48.3304],[2.3942,48.3319],[2.3939,48.3343],[2.3910,48.3372],[2.3874,48.3391],[2.3883,48.3395],[2.3874,48.3404],[2.3891,48.3404],[2.3851,48.3455],[2.3859,48.3458],[2.3852,48.3495],[2.3843,48.3497],[2.3832,48.3525]]}},{"type":"Feature","properties":{"name":"L\u0027Essonne"},"geometry":{"type":"LineString","coordinates":[[2.4572,48.5770],[2.4622,48.5762],[2.4656,48.5775]]}},{"type":"Feature","properties":{"name":"L\u0027Essonne"},"geometry":{"type":"LineString","coordinates":[[2.4448,48.5786],[2.4553,48.5788],[2.4569,48.5782],[2.4572,48.5770]]}},{"type":"Feature","properties":{"name":"L\u0027Essonne"},"geometry":{"type":"LineString","coordinates":[[2.4691,48.5841],[2.4690,48.5858]]}},{"type":"Feature","properties":{"name":"L\u0027Essonne"},"geometry":{"type":"LineString","coordinates":[[2.4625,48.6021],[2.4724,48.6034],[2.4739,48.6044]]}},{"type":"Feature","properties":{"name":"L\u0027Essonne"},"geometry":{"type":"LineString","coordinates":[[2.4739,48.6044],[2.4742,48.6045]]}},{"type":"Feature","properties":{"name":"L\u0027Essonne"},"geometry":{"type":"LineString","coordinates":[[2.3846,48.3915],[2.3839,48.3932],[2.3861,48.3952]]}},{"type":"Feature","properties":{"name":"L\u0027Essonne"},"geometry":{"type":"LineString","coordinates":[[2.3865,48.3817],[2.3868,48.3828],[2.3850,48.3844],[2.3879,48.3890],[2.3858,48.3905],[2.3860,48.3912],[2.3846,48.3915]]}},{"type":"Feature","properties":{"name":"L\u0027Essonne"},"geometry":{"type":"LineString","coordinates":[[2.3832,48.3525],[2.3837,48.3536],[2.3822,48.3552],[2.3840,48.3569],[2.3825,48.3614],[2.3846,48.3647],[2.3843,48.3675],[2.3822,48.3700],[2.3826,48.3728],[2.3794,48.3752],[2.3827,48.3789],[2.3811,48.3817],[2.3825,48.3837],[2.3825,48.3868],[2.3802,48.3910]]}},{"type":"Feature","properties":{"name":"L\u0027Essonne"},"geometry":{"type":"LineString","coordinates":[[2.3889,48.1967],[2.3929,48.2012],[2.3972,48.2021],[2.4039,48.2017],[2.4167,48.2044],[2.4221,48.2106]]}},{"type":"Feature","properties":{"name":"L\u0027Essonne"},"geometry":{"type":"LineString","coordinates":[[2.4400,48.2534],[2.4386,48.2547],[2.4324,48.2549],[2.4284,48.2565],[2.4267,48.2598],[2.4233,48.2604],[2.4216,48.2638]]}},{"type":"Feature","properties":{"name":"L\u0027Essonne"},"geometry":{"type":"LineString","coordinates":[[2.4216,48.2638],[2.4197,48.2658],[2.4199,48.2669]]}},{"type":"Feature","properties":{"name":"L\u0027Essonne"},"geometry":{"type":"LineString","coordinates":[[2.3717,48.5359],[2.3735,48.5382],[2.3727,48.5392],[2.3741,48.5421],[2.3732,48.5446],[2.3740,48.5448],[2.3758,48.5489],[2.3824,48.5539],[2.3919,48.5581],[2.3996,48.5600],[2.3995,48.5616],[2.4045,48.5644],[2.4127,48.5648],[2.4210,48.5700]]}},{"type":"Feature","properties":{"name":"L\u0027Essonne"},"geometry":{"type":"LineString","coordinates":[[2.4057,48.5646],[2.4080,48.5652]]}},{"type":"Feature","properties":{"name":"L\u0027Essonne"},"geometry":{"type":"LineString","coordinates":[[2.4837,48.6088],[2.4825,48.6112],[2.4804,48.6127],[2.4805,48.6136]]}},{"type":"Feature","properties":{"name":"L\u0027Essonne"},"geometry":{"type":"LineString","coordinates":[[2.3802,48.3910],[2.3797,48.3921],[2.3808,48.3939],[2.3866,48.3952],[2.3909,48.3979],[2.3918,48.4003],[2.3890,48.4056],[2.3886,48.4094],[2.3873,48.4103],[2.3865,48.4137],[2.3832,48.4195],[2.3836,48.4203],[2.3793,48.4249],[2.3796,48.4289],[2.3753,48.4334],[2.3689,48.4352],[2.3651,48.4373],[2.3653,48.4383],[2.3624,48.4386],[2.3612,48.4396],[2.3606,48.4428],[2.3620,48.4451],[2.3607,48.4469],[2.3628,48.4489],[2.3628,48.4508],[2.3604,48.4524],[2.3530,48.4513],[2.3456,48.4534],[2.3454,48.4589],[2.3463,48.4593],[2.3476,48.4644],[2.3465,48.4658],[2.3474,48.4668],[2.3457,48.4684],[2.3471,48.4691],[2.3461,48.4702],[2.3476,48.4703],[2.3479,48.4721],[2.3499,48.4727],[2.3500,48.4748],[2.3513,48.4764],[2.3453,48.4802]]}},{"type":"Feature","properties":{"name":"L\u0027Essonne"},"geometry":{"type":"LineString","coordinates":[[2.4205,48.2993],[2.4190,48.3015],[2.4171,48.3020],[2.4174,48.3028],[2.4148,48.3044],[2.4133,48.3069],[2.4094,48.3087],[2.4098,48.3095],[2.4084,48.3103],[2.4087,48.3110],[2.4042,48.3150],[2.4041,48.3173],[2.4026,48.3184],[2.4035,48.3198],[2.4029,48.3207]]}},{"type":"Feature","properties":{"name":"L\u0027Essonne"},"geometry":{"type":"LineString","coordinates":[[2.4301,48.2183],[2.4321,48.2207],[2.4305,48.2221],[2.4290,48.2267],[2.4305,48.2295],[2.4327,48.2307],[2.4328,48.2340],[2.4352,48.2357],[2.4353,48.2372]]}},{"type":"Feature","properties":{"name":"L\u0027Essonne"},"geometry":{"type":"LineString","coordinates":[[2.4817,48.6145],[2.4821,48.6148]]}},{"type":"Feature","properties":{"name":"L\u0027Essonne"},"geometry":{"type":"LineString","coordinates":[[2.4805,48.6136],[2.4817,48.6145]]}},{"type":"Feature","properties":{"name":"L\u0027Essonne"},"geometry":{"type":"LineString","coordinates":[[2.4690,48.5858],[2.4691,48.5859]]}},{"type":"Feature","properties":{"name":"L\u0027Essonne"},"geometry":{"type":"LineString","coordinates":[[2.4691,48.5859],[2.4698,48.5872],[2.4679,48.5906],[2.4683,48.5941]]}},{"type":"Feature","properties":{"name":"L\u0027Essonne"},"geometry":{"type":"LineString","coordinates":[[2.4683,48.5941],[2.4679,48.5946]]}},{"type":"Feature","properties":{"name":"L\u0027Essonne"},"geometry":{"type":"LineString","coordinates":[[2.4679,48.5946],[2.4665,48.5956],[2.4637,48.5954],[2.4632,48.5977],[2.4611,48.5988],[2.4603,48.6012],[2.4625,48.6021]]}},{"type":"Feature","properties":{"name":"L\u0027Essonne"},"geometry":{"type":"LineString","coordinates":[[2.4649,48.6056],[2.4669,48.6052]]}},{"type":"Feature","properties":{"name":"L\u0027Essonne"},"geometry":{"type":"LineString","coordinates":[[2.4640,48.6059],[2.4649,48.6056]]}},{"type":"Feature","properties":{"name":"L\u0027Essonne"},"geometry":{"type":"LineString","coordinates":[[2.4321,48.5766],[2.4449,48.5794],[2.4504,48.5787]]}},{"type":"Feature","properties":{"name":"L\u0027Essonne"},"geometry":{"type":"LineString","coordinates":[[2.3766,48.1915],[2.3820,48.1944],[2.3878,48.1952],[2.3889,48.1967]]}},{"type":"Feature","properties":{"name":"L\u0027Essonne"},"geometry":{"type":"LineString","coordinates":[[2.4331,48.2434],[2.4341,48.2445]]}},{"type":"Feature","properties":{"name":"L\u0027Essonne"},"geometry":{"type":"LineString","coordinates":[[2.4355,48.2388],[2.4356,48.2410],[2.4331,48.2434]]}},{"type":"Feature","properties":{"name":"L\u0027Essonne"},"geometry":{"type":"LineString","coordinates":[[2.4341,48.2445],[2.4364,48.2469],[2.4370,48.2489],[2.4409,48.2510],[2.4401,48.2533]]}},{"type":"Feature","properties":{"name":"L\u0027Essonne"},"geometry":{"type":"LineString","coordinates":[[2.4353,48.2372],[2.4355,48.2388]]}},{"type":"Feature","properties":{"name":"L\u0027Essonne"},"geometry":{"type":"LineString","coordinates":[[2.4223,48.5734],[2.4240,48.5733],[2.4267,48.5756],[2.4420,48.5772]]}},{"type":"Feature","properties":{"name":"L\u0027Essonne"},"geometry":{"type":"LineString","coordinates":[[2.4210,48.5700],[2.4307,48.5716],[2.4332,48.5744],[2.4448,48.5786]]}},{"type":"Feature","properties":{"name":"L\u0027Essonne"},"geometry":{"type":"LineString","coordinates":[[2.4221,48.2106],[2.4277,48.2147],[2.4301,48.2183]]}},{"type":"Feature","properties":{"name":"L\u0027Essonne"},"geometry":{"type":"LineString","coordinates":[[2.4401,48.2533],[2.4400,48.2534]]}},{"type":"Feature","properties":{"name":"L\u0027Essonne"},"geometry":{"type":"LineString","coordinates":[[2.4199,48.2669],[2.4213,48.2679],[2.4178,48.2718],[2.4181,48.2736],[2.4197,48.2751],[2.4176,48.2784],[2.4187,48.2802],[2.4182,48.2809],[2.4198,48.2827],[2.4201,48.2851],[2.4217,48.2856],[2.4233,48.2885],[2.4223,48.2906],[2.4234,48.2946],[2.4212,48.2961],[2.4205,48.2993]]}},{"type":"Feature","properties":{"name":"L\u0027Essonne"},"geometry":{"type":"LineString","coordinates":[[2.4129,48.5668],[2.4132,48.5669]]}},{"type":"Feature","properties":{"name":"L\u0027Essonne"},"geometry":{"type":"LineString","coordinates":[[2.4080,48.5652],[2.4129,48.5668]]}},{"type":"Feature","properties":{"name":"L\u0027Essonne"},"geometry":{"type":"LineString","coordinates":[[2.3841,48.4187],[2.3836,48.4196]]}},{"type":"Feature","properties":{"name":"Le Grand Morin"},"geometry":{"type":"LineString","coordinates":[[3.1123,48.8105],[3.1069,48.8116],[3.1058,48.8128],[3.0957,48.8136],[3.0849,48.8116],[3.0823,48.8120],[3.0778,48.8156],[3.0766,48.8198]]}},{"type":"Feature","properties":{"name":"Le Grand Morin"},"geometry":{"type":"LineString","coordinates":[[3.0738,48.8223],[3.0679,48.8206],[3.0643,48.8143]]}},{"type":"Feature","properties":{"name":"Le Grand Morin"},"geometry":{"type":"LineString","coordinates":[[3.1150,48.8111],[3.1147,48.8101],[3.1122,48.8101],[3.1022,48.8120],[3.0821,48.8092],[3.0779,48.8118],[3.0693,48.8141],[3.0635,48.8143],[3.0581,48.8119],[3.0529,48.8121],[3.0488,48.8150],[3.0449,48.8156],[3.0372,48.8201],[3.0290,48.8208],[3.0250,48.8192],[3.0187,48.8207],[3.0122,48.8172],[2.9975,48.8128],[2.9885,48.8132],[2.9812,48.8155],[2.9690,48.8070],[2.9638,48.8081],[2.9628,48.8096],[2.9662,48.8152],[2.9659,48.8161],[2.9671,48.8169],[2.9676,48.8195],[2.9647,48.8228],[2.9620,48.8228],[2.9609,48.8248],[2.9578,48.8257],[2.9555,48.8257],[2.9541,48.8235],[2.9538,48.8220],[2.9564,48.8190],[2.9559,48.8172],[2.9567,48.8158],[2.9560,48.8142],[2.9537,48.8140],[2.9445,48.8157],[2.9407,48.8185],[2.9333,48.8200],[2.9311,48.8208],[2.9307,48.8222],[2.9206,48.8255],[2.9173,48.8252],[2.9079,48.8214],[2.9031,48.8240],[2.9026,48.8263],[2.9038,48.8325],[2.9049,48.8331],[2.9059,48.8363],[2.9079,48.8383],[2.9080,48.8400],[2.9116,48.8427],[2.9123,48.8459],[2.9248,48.8481],[2.9277,48.8519],[2.9269,48.8554],[2.9185,48.8581],[2.9145,48.8573],[2.9121,48.8547],[2.9014,48.8560],[2.8744,48.8658],[2.8701,48.8691],[2.8632,48.8716],[2.8624,48.8742],[2.8630,48.8751],[2.8586,48.8808],[2.8543,48.8839],[2.8534,48.8864],[2.8398,48.8891],[2.8301,48.8925],[2.8287,48.8934],[2.8294,48.8954],[2.8241,48.8959],[2.8215,48.8978],[2.8242,48.9004],[2.8262,48.9005],[2.8289,48.8991],[2.8309,48.9009]]}},{"type":"Feature","properties":{"name":"Le Grand Morin"},"geometry":{"type":"LineString","coordinates":[[3.0536,48.8122],[3.0509,48.8130]]}},{"type":"Feature","properties":{"name":"Le Grand Morin"},"geometry":{"type":"LineString","coordinates":[[3.0766,48.8198],[3.0771,48.8214],[3.0738,48.8223]]}},{"type":"Feature","properties":{"name":"Le Grand Morin"},"geometry":{"type":"LineString","coordinates":[[3.0823,48.8120],[3.0798,48.8130],[3.0795,48.8140]]}},{"type":"Feature","properties":{"name":"Le Grand Morin"},"geometry":{"type":"LineString","coordinates":[[3.0825,48.8120],[3.0803,48.8119],[3.0800,48.8128]]}},{"type":"Feature","properties":{"name":"Le Grand Morin"},"geometry":{"type":"LineString","coordinates":[[3.0856,48.8113],[3.0848,48.8112]]}},{"type":"Feature","properties":{"name":"Le Grand Morin"},"geometry":{"type":"LineString","coordinates":[[3.0833,48.8112],[3.0828,48.8112]]}},{"type":"Feature","properties":{"name":"Le Grand Morin"},"geometry":{"type":"LineString","coordinates":[[3.0828,48.8112],[3.0808,48.8119]]}},{"type":"Feature","properties":{"name":"Le Grand Morin"},"geometry":{"type":"LineString","coordinates":[[3.0848,48.8112],[3.0847,48.8112]]}},{"type":"Feature","properties":{"name":"Le Grand Morin"},"geometry":{"type":"LineString","coordinates":[[3.0847,48.8112],[3.0842,48.8112]]}},{"type":"Feature","properties":{"name":"Le Grand Morin"},"geometry":{"type":"LineString","coordinates":[[3.0842,48.8112],[3.0841,48.8112]]}},{"type":"Feature","properties":{"name":"Le Grand Morin"},"geometry":{"type":"LineString","coordinates":[[3.0841,48.8112],[3.0833,48.8112]]}},{"type":"Feature","properties":{"name":"Le Grand Morin"},"geometry":{"type":"LineString","coordinates":[[2.9686,48.8071],[2.9653,48.8067],[2.9636,48.8082]]}},{"type":"Feature","properties":{"name":"Le Grand Morin"},"geometry":{"type":"LineString","coordinates":[[2.9684,48.8070],[2.9666,48.8074]]}},{"type":"Feature","properties":{"name":"Le Grand Morin"},"geometry":{"type":"LineString","coordinates":[[2.9675,48.8075],[2.9650,48.8078]]}},{"type":"Feature","properties":{"name":"Le Grand Morin"},"geometry":{"type":"LineString","coordinates":[[3.0996,48.8131],[3.0986,48.8133]]}},{"type":"Feature","properties":{"name":"Ru de la Brosse"},"geometry":{"type":"LineString","coordinates":[[2.7059,48.8189],[2.7059,48.8199]]}},{"type":"Feature","properties":{"name":"Ru de la Brosse"},"geometry":{"type":"LineString","coordinates":[[2.6902,48.8306],[2.6901,48.8337],[2.6924,48.8374]]}},{"type":"Feature","properties":{"name":"Ru de la Brosse"},"geometry":{"type":"LineString","coordinates":[[2.6991,48.8230],[2.6990,48.8234]]}},{"type":"Feature","properties":{"name":"Ru de la Brosse"},"geometry":{"type":"LineString","coordinates":[[2.7059,48.8199],[2.7058,48.8199]]}},{"type":"Feature","properties":{"name":"Ru de la Brosse"},"geometry":{"type":"LineString","coordinates":[[2.6990,48.8234],[2.6974,48.8249],[2.6938,48.8258],[2.6902,48.8306]]}},{"type":"Feature","properties":{"name":"Ru de la Brosse"},"geometry":{"type":"LineString","coordinates":[[2.7000,48.8225],[2.6991,48.8230]]}},{"type":"Feature","properties":{"name":"Ru de la Brosse"},"geometry":{"type":"LineString","coordinates":[[2.6799,48.8550],[2.6790,48.8565],[2.6778,48.8564]]}},{"type":"Feature","properties":{"name":"Ru de la Brosse"},"geometry":{"type":"LineString","coordinates":[[2.6928,48.8376],[2.6929,48.8396],[2.6906,48.8413],[2.6903,48.8449],[2.6831,48.8489],[2.6834,48.8519],[2.6799,48.8550]]}},{"type":"Feature","properties":{"name":"Ru de la Brosse"},"geometry":{"type":"LineString","coordinates":[[2.6924,48.8374],[2.6925,48.8375]]}},{"type":"Feature","properties":{"name":"Ru de la Brosse"},"geometry":{"type":"LineString","coordinates":[[2.6925,48.8375],[2.6928,48.8376]]}},{"type":"Feature","properties":{"name":"Ru de la Brosse"},"geometry":{"type":"LineString","coordinates":[[2.7052,48.8200],[2.7021,48.8206]]}},{"type":"Feature","properties":{"name":"Ru de la Brosse"},"geometry":{"type":"LineString","coordinates":[[2.7004,48.8221],[2.7000,48.8225]]}},{"type":"Feature","properties":{"name":"Ru de la Brosse"},"geometry":{"type":"LineString","coordinates":[[2.6996,48.8229],[2.6995,48.8230]]}},{"type":"Feature","properties":{"name":"Ru de la Brosse"},"geometry":{"type":"LineString","coordinates":[[2.7058,48.8199],[2.7052,48.8200]]}},{"type":"Feature","properties":{"name":"Ru de la Brosse"},"geometry":{"type":"LineString","coordinates":[[2.7021,48.8206],[2.7004,48.8221]]}},{"type":"Feature","properties":{"name":"Ru de la Brosse"},"geometry":{"type":"LineString","coordinates":[[2.6776,48.8549],[2.6778,48.8564]]}},{"type":"Feature","properties":{"name":"Ru de la Brosse"},"geometry":{"type":"LineString","coordinates":[[2.6778,48.8564],[2.6762,48.8580]]}},{"type":"Feature","properties":{"name":"Ru de la Brosse"},"geometry":{"type":"LineString","coordinates":[[2.6777,48.8547],[2.6776,48.8549]]}},{"type":"Feature","properties":{"name":"Ru de la Brosse"},"geometry":{"type":"LineString","coordinates":[[2.6805,48.8541],[2.6778,48.8546]]}},{"type":"Feature","properties":{"name":"Ru de la Brosse"},"geometry":{"type":"LineString","coordinates":[[2.6778,48.8546],[2.6777,48.8547]]}},{"type":"Feature","properties":{"name":"L\u0027École"},"geometry":{"type":"LineString","coordinates":[[2.4644,48.4029],[2.4643,48.4030]]}},{"type":"Feature","properties":{"name":"L\u0027École"},"geometry":{"type":"LineString","coordinates":[[2.4798,48.3867],[2.4666,48.3943]]}},{"type":"Feature","properties":{"name":"L\u0027École"},"geometry":{"type":"LineString","coordinates":[[2.5446,48.4982],[2.5446,48.4984]]}},{"type":"Feature","properties":{"name":"L\u0027École"},"geometry":{"type":"LineString","coordinates":[[2.5446,48.4984],[2.5406,48.5009],[2.5410,48.5034],[2.5464,48.5110],[2.5531,48.5147],[2.5520,48.5167],[2.5526,48.5182],[2.5564,48.5213]]}},{"type":"Feature","properties":{"name":"L\u0027École"},"geometry":{"type":"LineString","coordinates":[[2.4996,48.4692],[2.5071,48.4703],[2.5114,48.4730],[2.5116,48.4740]]}},{"type":"Feature","properties":{"name":"L\u0027École"},"geometry":{"type":"LineString","coordinates":[[2.4643,48.4030],[2.4624,48.4116],[2.4628,48.4147],[2.4615,48.4170],[2.4632,48.4211],[2.4630,48.4230],[2.4609,48.4247],[2.4627,48.4286],[2.4613,48.4319],[2.4615,48.4358],[2.4607,48.4373],[2.4635,48.4399],[2.4636,48.4415],[2.4693,48.4429],[2.4733,48.4486],[2.4777,48.4515],[2.4801,48.4544],[2.4854,48.4559],[2.4895,48.4622],[2.4935,48.4632],[2.4968,48.4657],[2.4971,48.4679],[2.4992,48.4691]]}},{"type":"Feature","properties":{"name":"L\u0027École"},"geometry":{"type":"LineString","coordinates":[[2.4992,48.4691],[2.4996,48.4692]]}},{"type":"Feature","properties":{"name":"L\u0027École"},"geometry":{"type":"LineString","coordinates":[[2.5163,48.4772],[2.5313,48.4813],[2.5370,48.4885],[2.5432,48.4921],[2.5426,48.4962],[2.5446,48.4982]]}},{"type":"Feature","properties":{"name":"L\u0027École"},"geometry":{"type":"LineString","coordinates":[[2.5153,48.4767],[2.5154,48.4768]]}},{"type":"Feature","properties":{"name":"L\u0027École"},"geometry":{"type":"LineString","coordinates":[[2.5116,48.4741],[2.5153,48.4767]]}},{"type":"Feature","properties":{"name":"L\u0027École"},"geometry":{"type":"LineString","coordinates":[[2.5116,48.4740],[2.5116,48.4741]]}},{"type":"Feature","properties":{"name":"L\u0027École"},"geometry":{"type":"LineString","coordinates":[[2.5497,48.5342],[2.5485,48.5366]]}},{"type":"Feature","properties":{"name":"L\u0027École"},"geometry":{"type":"LineString","coordinates":[[2.5564,48.5213],[2.5564,48.5213]]}},{"type":"Feature","properties":{"name":"L\u0027École"},"geometry":{"type":"LineString","coordinates":[[2.5564,48.5213],[2.5565,48.5224],[2.5499,48.5243],[2.5496,48.5278]]}},{"type":"Feature","properties":{"name":"L\u0027École"},"geometry":{"type":"LineString","coordinates":[[2.5508,48.5315],[2.5501,48.5337]]}},{"type":"Feature","properties":{"name":"L\u0027École"},"geometry":{"type":"LineString","coordinates":[[2.5507,48.5311],[2.5508,48.5315]]}},{"type":"Feature","properties":{"name":"L\u0027École"},"geometry":{"type":"LineString","coordinates":[[2.5501,48.5337],[2.5497,48.5342]]}},{"type":"Feature","properties":{"name":"L\u0027École"},"geometry":{"type":"LineString","coordinates":[[2.5248,48.3609],[2.5173,48.3620],[2.5161,48.3641],[2.4984,48.3755],[2.4966,48.3762],[2.4925,48.3756],[2.4882,48.3768],[2.4867,48.3779],[2.4850,48.3835],[2.4798,48.3867]]}},{"type":"Feature","properties":{"name":"L\u0027École"},"geometry":{"type":"LineString","coordinates":[[2.4666,48.3943],[2.4664,48.3944]]}},{"type":"Feature","properties":{"name":"L\u0027École"},"geometry":{"type":"LineString","coordinates":[[2.4664,48.3944],[2.4651,48.3950],[2.4643,48.3995]]}},{"type":"Feature","properties":{"name":"L\u0027École"},"geometry":{"type":"LineString","coordinates":[[2.5493,48.5283],[2.5494,48.5301],[2.5507,48.5311]]}},{"type":"Feature","properties":{"name":"L\u0027École"},"geometry":{"type":"LineString","coordinates":[[2.5496,48.5278],[2.5493,48.5283]]}},{"type":"Feature","properties":{"name":"L\u0027École"},"geometry":{"type":"LineString","coordinates":[[2.5486,48.5367],[2.5488,48.5372]]}},{"type":"Feature","properties":{"name":"L\u0027École"},"geometry":{"type":"LineString","coordinates":[[2.5485,48.5366],[2.5486,48.5367]]}},{"type":"Feature","properties":{"name":"L\u0027École"},"geometry":{"type":"LineString","coordinates":[[2.4643,48.3995],[2.4631,48.4018],[2.4644,48.4029]]}},{"type":"Feature","properties":{"name":"L\u0027École"},"geometry":{"type":"LineString","coordinates":[[2.5154,48.4768],[2.5157,48.4769]]}},{"type":"Feature","properties":{"name":"L\u0027École"},"geometry":{"type":"LineString","coordinates":[[2.5157,48.4769],[2.5163,48.4772]]}},{"type":"Feature","properties":{"name":"L\u0027Orvanne"},"geometry":{"type":"LineString","coordinates":[[2.8393,48.3617],[2.8297,48.3647],[2.8277,48.3665],[2.8245,48.3748],[2.8182,48.3778]]}},{"type":"Feature","properties":{"name":"L\u0027Orvanne"},"geometry":{"type":"LineString","coordinates":[[2.8757,48.3221],[2.8676,48.3226]]}},{"type":"Feature","properties":{"name":"L\u0027Orvanne"},"geometry":{"type":"LineString","coordinates":[[2.9759,48.2801],[2.9715,48.2814],[2.9711,48.2822]]}},{"type":"Feature","properties":{"name":"L\u0027Orvanne"},"geometry":{"type":"LineString","coordinates":[[2.9684,48.2832],[2.9635,48.2840]]}},{"type":"Feature","properties":{"name":"L\u0027Orvanne"},"geometry":{"type":"LineString","coordinates":[[3.0357,48.2511],[3.0371,48.2525],[3.0344,48.2540]]}},{"type":"Feature","properties":{"name":"L\u0027Orvanne"},"geometry":{"type":"LineString","coordinates":[[2.9067,48.3207],[2.9014,48.3213],[2.8998,48.3193],[2.8944,48.3218],[2.8901,48.3208],[2.8819,48.3229]]}},{"type":"Feature","properties":{"name":"L\u0027Orvanne"},"geometry":{"type":"LineString","coordinates":[[3.0323,48.2549],[3.0242,48.2569],[3.0197,48.2570],[3.0195,48.2607],[3.0158,48.2617],[3.0127,48.2655]]}},{"type":"Feature","properties":{"name":"L\u0027Orvanne"},"geometry":{"type":"LineString","coordinates":[[3.0127,48.2655],[3.0024,48.2697],[3.0016,48.2725]]}},{"type":"Feature","properties":{"name":"L\u0027Orvanne"},"geometry":{"type":"LineString","coordinates":[[2.8819,48.3229],[2.8757,48.3221]]}},{"type":"Feature","properties":{"name":"L\u0027Orvanne"},"geometry":{"type":"LineString","coordinates":[[2.9541,48.2864],[2.9480,48.2878]]}},{"type":"Feature","properties":{"name":"L\u0027Orvanne"},"geometry":{"type":"LineString","coordinates":[[2.8563,48.3264],[2.8471,48.3339],[2.8485,48.3346],[2.8473,48.3370],[2.8487,48.3376],[2.8487,48.3387]]}},{"type":"Feature","properties":{"name":"L\u0027Orvanne"},"geometry":{"type":"LineString","coordinates":[[2.9405,48.3077],[2.9408,48.3136],[2.9361,48.3153],[2.9344,48.3150]]}},{"type":"Feature","properties":{"name":"L\u0027Orvanne"},"geometry":{"type":"LineString","coordinates":[[2.9877,48.2791],[2.9820,48.2777],[2.9759,48.2801]]}},{"type":"Feature","properties":{"name":"L\u0027Orvanne"},"geometry":{"type":"LineString","coordinates":[[3.0016,48.2725],[3.0013,48.2736],[2.9978,48.2746],[2.9970,48.2774],[2.9949,48.2773],[2.9923,48.2808],[2.9877,48.2791]]}},{"type":"Feature","properties":{"name":"L\u0027Orvanne"},"geometry":{"type":"LineString","coordinates":[[2.9315,48.3144],[2.9267,48.3135],[2.9182,48.3157]]}},{"type":"Feature","properties":{"name":"L\u0027Orvanne"},"geometry":{"type":"LineString","coordinates":[[2.9344,48.3150],[2.9315,48.3144]]}},{"type":"Feature","properties":{"name":"L\u0027Orvanne"},"geometry":{"type":"LineString","coordinates":[[2.9450,48.2923],[2.9447,48.2980],[2.9432,48.2986],[2.9438,48.2999],[2.9417,48.3017],[2.9426,48.3053],[2.9405,48.3077]]}},{"type":"Feature","properties":{"name":"L\u0027Orvanne"},"geometry":{"type":"LineString","coordinates":[[2.9471,48.2887],[2.9452,48.2907],[2.9450,48.2923]]}},{"type":"Feature","properties":{"name":"L\u0027Orvanne"},"geometry":{"type":"LineString","coordinates":[[2.9635,48.2840],[2.9586,48.2841],[2.9541,48.2864]]}},{"type":"Feature","properties":{"name":"L\u0027Orvanne"},"geometry":{"type":"LineString","coordinates":[[2.8424,48.3443],[2.8418,48.3465]]}},{"type":"Feature","properties":{"name":"L\u0027Orvanne"},"geometry":{"type":"LineString","coordinates":[[2.8418,48.3465],[2.8416,48.3473]]}},{"type":"Feature","properties":{"name":"L\u0027Orvanne"},"geometry":{"type":"LineString","coordinates":[[2.9182,48.3157],[2.9136,48.3163]]}},{"type":"Feature","properties":{"name":"L\u0027Orvanne"},"geometry":{"type":"LineString","coordinates":[[2.9708,48.2825],[2.9684,48.2832]]}},{"type":"Feature","properties":{"name":"L\u0027Orvanne"},"geometry":{"type":"LineString","coordinates":[[2.9711,48.2822],[2.9708,48.2825]]}},{"type":"Feature","properties":{"name":"L\u0027Orvanne"},"geometry":{"type":"LineString","coordinates":[[2.8395,48.3615],[2.8393,48.3617]]}},{"type":"Feature","properties":{"name":"L\u0027Orvanne"},"geometry":{"type":"LineString","coordinates":[[2.8414,48.3480],[2.8412,48.3493],[2.8395,48.3501],[2.8393,48.3539],[2.8406,48.3550],[2.8395,48.3615]]}},{"type":"Feature","properties":{"name":"L\u0027Orvanne"},"geometry":{"type":"LineString","coordinates":[[2.9059,48.3182],[2.9067,48.3207]]}},{"type":"Feature","properties":{"name":"L\u0027Orvanne"},"geometry":{"type":"LineString","coordinates":[[2.9136,48.3163],[2.9130,48.3164]]}},{"type":"Feature","properties":{"name":"L\u0027Orvanne"},"geometry":{"type":"LineString","coordinates":[[2.9130,48.3164],[2.9064,48.3174],[2.9059,48.3182]]}},{"type":"Feature","properties":{"name":"L\u0027Orvanne"},"geometry":{"type":"LineString","coordinates":[[2.9367,48.3151],[2.9365,48.3151]]}},{"type":"Feature","properties":{"name":"L\u0027Orvanne"},"geometry":{"type":"LineString","coordinates":[[2.9367,48.3151],[2.9367,48.3151]]}},{"type":"Feature","properties":{"name":"L\u0027Orvanne"},"geometry":{"type":"LineString","coordinates":[[2.9369,48.3150],[2.9367,48.3151]]}},{"type":"Feature","properties":{"name":"L\u0027Orvanne"},"geometry":{"type":"LineString","coordinates":[[2.9480,48.2878],[2.9471,48.2887]]}},{"type":"Feature","properties":{"name":"L\u0027Orvanne"},"geometry":{"type":"LineString","coordinates":[[2.9480,48.2878],[2.9480,48.2878]]}},{"type":"Feature","properties":{"name":"L\u0027Orvanne"},"geometry":{"type":"LineString","coordinates":[[3.0324,48.2549],[3.0323,48.2549]]}},{"type":"Feature","properties":{"name":"L\u0027Orvanne"},"geometry":{"type":"LineString","coordinates":[[3.0344,48.2540],[3.0324,48.2549]]}},{"type":"Feature","properties":{"name":"L\u0027Orvanne"},"geometry":{"type":"LineString","coordinates":[[3.0356,48.2509],[3.0357,48.2511]]}},{"type":"Feature","properties":{"name":"L\u0027Orvanne"},"geometry":{"type":"LineString","coordinates":[[3.0356,48.2508],[3.0356,48.2509]]}},{"type":"Feature","properties":{"name":"La Marsange"},"geometry":{"type":"LineString","coordinates":[[2.7685,48.6905],[2.7694,48.6880],[2.7721,48.6857],[2.7731,48.6816],[2.7780,48.6766],[2.7780,48.6742],[2.7817,48.6717],[2.7844,48.6714]]}},{"type":"Feature","properties":{"name":"La Marsange"},"geometry":{"type":"LineString","coordinates":[[2.7881,48.6608],[2.7875,48.6607]]}},{"type":"Feature","properties":{"name":"La Marsange"},"geometry":{"type":"LineString","coordinates":[[2.7882,48.6609],[2.7881,48.6608]]}},{"type":"Feature","properties":{"name":"La Marsange"},"geometry":{"type":"LineString","coordinates":[[2.7870,48.6624],[2.7882,48.6609]]}},{"type":"Feature","properties":{"name":"La Marsange"},"geometry":{"type":"LineString","coordinates":[[2.7870,48.6631],[2.7865,48.6626]]}},{"type":"Feature","properties":{"name":"La Marsange"},"geometry":{"type":"LineString","coordinates":[[2.7865,48.6626],[2.7870,48.6624]]}},{"type":"Feature","properties":{"name":"La Marsange"},"geometry":{"type":"LineString","coordinates":[[2.7845,48.6713],[2.7867,48.6702],[2.7854,48.6657]]}},{"type":"Feature","properties":{"name":"La Marsange"},"geometry":{"type":"LineString","coordinates":[[2.7437,48.7054],[2.7443,48.7052]]}},{"type":"Feature","properties":{"name":"La Marsange"},"geometry":{"type":"LineString","coordinates":[[2.7484,48.7137],[2.7482,48.7136]]}},{"type":"Feature","properties":{"name":"La Marsange"},"geometry":{"type":"LineString","coordinates":[[2.7854,48.6657],[2.7853,48.6640],[2.7870,48.6631]]}},{"type":"Feature","properties":{"name":"La Marsange"},"geometry":{"type":"LineString","coordinates":[[2.7482,48.7136],[2.7445,48.7123],[2.7416,48.7070],[2.7437,48.7054]]}},{"type":"Feature","properties":{"name":"La Marsange"},"geometry":{"type":"LineString","coordinates":[[2.7844,48.6714],[2.7845,48.6713]]}},{"type":"Feature","properties":{"name":"La Marsange"},"geometry":{"type":"LineString","coordinates":[[2.7443,48.7052],[2.7488,48.7025]]}},{"type":"Feature","properties":{"name":"La Marsange"},"geometry":{"type":"LineString","coordinates":[[2.7489,48.7024],[2.7643,48.6966],[2.7665,48.6921],[2.7685,48.6905]]}},{"type":"Feature","properties":{"name":"La Marsange"},"geometry":{"type":"LineString","coordinates":[[2.7488,48.7025],[2.7489,48.7024]]}},{"type":"Feature","properties":{"name":"La Marsange"},"geometry":{"type":"LineString","coordinates":[[2.7619,48.7371],[2.7619,48.7368]]}},{"type":"Feature","properties":{"name":"La Marsange"},"geometry":{"type":"LineString","coordinates":[[2.7661,48.7386],[2.7632,48.7384],[2.7619,48.7371]]}},{"type":"Feature","properties":{"name":"La Marsange"},"geometry":{"type":"LineString","coordinates":[[2.7619,48.7368],[2.7611,48.7342],[2.7593,48.7325]]}},{"type":"Feature","properties":{"name":"La Marsange"},"geometry":{"type":"LineString","coordinates":[[2.7667,48.7407],[2.7672,48.7396]]}},{"type":"Feature","properties":{"name":"La Marsange"},"geometry":{"type":"LineString","coordinates":[[2.7655,48.7418],[2.7665,48.7407]]}},{"type":"Feature","properties":{"name":"La Marsange"},"geometry":{"type":"LineString","coordinates":[[2.7665,48.7407],[2.7667,48.7407]]}},{"type":"Feature","properties":{"name":"La Marsange"},"geometry":{"type":"LineString","coordinates":[[2.7672,48.7396],[2.7668,48.7391]]}},{"type":"Feature","properties":{"name":"La Marsange"},"geometry":{"type":"LineString","coordinates":[[2.7668,48.7391],[2.7661,48.7386]]}},{"type":"Feature","properties":{"name":"La Marsange"},"geometry":{"type":"LineString","coordinates":[[2.7584,48.7324],[2.7546,48.7289],[2.7546,48.7276],[2.7514,48.7266],[2.7475,48.7273],[2.7423,48.7246],[2.7449,48.7241],[2.7468,48.7221],[2.7458,48.7179],[2.7500,48.7156],[2.7484,48.7137]]}},{"type":"Feature","properties":{"name":"La Marsange"},"geometry":{"type":"LineString","coordinates":[[2.7610,48.7367],[2.7584,48.7324]]}},{"type":"Feature","properties":{"name":"La Marsange"},"geometry":{"type":"LineString","coordinates":[[2.7702,48.7482],[2.7673,48.7426],[2.7655,48.7418]]}},{"type":"Feature","properties":{"name":"La Marsange"},"geometry":{"type":"LineString","coordinates":[[2.7628,48.7379],[2.7611,48.7373]]}},{"type":"Feature","properties":{"name":"La Marsange"},"geometry":{"type":"LineString","coordinates":[[2.7610,48.7368],[2.7610,48.7367]]}},{"type":"Feature","properties":{"name":"La Marsange"},"geometry":{"type":"LineString","coordinates":[[2.7611,48.7373],[2.7610,48.7368]]}},{"type":"Feature","properties":{"name":"Le Réveillon"},"geometry":{"type":"LineString","coordinates":[[2.5514,48.7300],[2.5459,48.7289],[2.5455,48.7268],[2.5438,48.7255]]}},{"type":"Feature","properties":{"name":"Le Réveillon"},"geometry":{"type":"LineString","coordinates":[[2.5438,48.7255],[2.5435,48.7252]]}},{"type":"Feature","properties":{"name":"Le Réveillon"},"geometry":{"type":"LineString","coordinates":[[2.5435,48.7252],[2.5448,48.7227],[2.5435,48.7224],[2.5424,48.7196],[2.5379,48.7171],[2.5346,48.7168],[2.5252,48.7132],[2.5213,48.7143],[2.5204,48.7140],[2.5206,48.7130]]}},{"type":"Feature","properties":{"name":"La Cléry"},"geometry":{"type":"LineString","coordinates":[[2.7881,48.0964],[2.7866,48.0975],[2.7876,48.0986],[2.7869,48.1023],[2.7829,48.1066],[2.7845,48.1106],[2.7831,48.1129],[2.7783,48.1129],[2.7754,48.1141],[2.7742,48.1155],[2.7753,48.1159],[2.7749,48.1167],[2.7740,48.1167],[2.7718,48.1199],[2.7671,48.1187]]}},{"type":"Feature","properties":{"name":"La Cléry"},"geometry":{"type":"LineString","coordinates":[[2.7882,48.0963],[2.7881,48.0964]]}},{"type":"Feature","properties":{"name":"La Cléry"},"geometry":{"type":"LineString","coordinates":[[2.7899,48.0883],[2.7868,48.0895],[2.7862,48.0908],[2.7882,48.0963]]}},{"type":"Feature","properties":{"name":"La Cléry"},"geometry":{"type":"LineString","coordinates":[[2.7671,48.1187],[2.7668,48.1185]]}},{"type":"Feature","properties":{"name":"La Cléry"},"geometry":{"type":"LineString","coordinates":[[2.7668,48.1185],[2.7646,48.1180]]}},{"type":"Feature","properties":{"name":"La Seine"},"geometry":{"type":"LineString","coordinates":[[3.0833,48.3899],[3.0549,48.3881]]}},{"type":"Feature","properties":{"name":"La Seine"},"geometry":{"type":"LineString","coordinates":[[3.0549,48.3881],[3.0533,48.3891],[3.0528,48.3913],[3.0504,48.3923],[3.0445,48.3918],[3.0401,48.3893],[3.0273,48.3886]]}},{"type":"Feature","properties":{"name":"La Seine"},"geometry":{"type":"LineString","coordinates":[[3.0273,48.3886],[2.9847,48.3970],[2.9770,48.3963],[2.9630,48.3896],[2.9576,48.3886]]}},{"type":"Feature","properties":{"name":"La Seine"},"geometry":{"type":"LineString","coordinates":[[2.4094,48.8166],[2.3964,48.8215],[2.3903,48.8257]]}},{"type":"Feature","properties":{"name":"La Seine"},"geometry":{"type":"LineString","coordinates":[[2.4090,48.8094],[2.4102,48.8139],[2.4094,48.8166]]}},{"type":"Feature","properties":{"name":"La Seine"},"geometry":{"type":"LineString","coordinates":[[2.4190,48.7831],[2.4227,48.7898]]}},{"type":"Feature","properties":{"name":"La Seine"},"geometry":{"type":"LineString","coordinates":[[2.5888,48.5197],[2.5833,48.5258]]}},{"type":"Feature","properties":{"name":"La Seine"},"geometry":{"type":"LineString","coordinates":[[2.7946,48.4023],[2.7967,48.4056],[2.7964,48.4078],[2.7924,48.4121],[2.7878,48.4142]]}},{"type":"Feature","properties":{"name":"La Seine"},"geometry":{"type":"LineString","coordinates":[[2.7878,48.4142],[2.7826,48.4144],[2.7685,48.4115],[2.7544,48.4115]]}},{"type":"Feature","properties":{"name":"La Seine"},"geometry":{"type":"LineString","coordinates":[[2.9576,48.3886],[2.9424,48.3888]]}},{"type":"Feature","properties":{"name":"La Seine"},"geometry":{"type":"LineString","coordinates":[[2.8016,48.3878],[2.7920,48.3880],[2.7904,48.3891],[2.7896,48.3914]]}},{"type":"Feature","properties":{"name":"La Seine"},"geometry":{"type":"LineString","coordinates":[[2.8566,48.3729],[2.8545,48.3737]]}},{"type":"Feature","properties":{"name":"La Seine"},"geometry":{"type":"LineString","coordinates":[[2.8340,48.3882],[2.8282,48.3910],[2.8207,48.3928],[2.8115,48.3916]]}},{"type":"Feature","properties":{"name":"La Seine"},"geometry":{"type":"LineString","coordinates":[[2.8115,48.3916],[2.8016,48.3878]]}},{"type":"Feature","properties":{"name":"La Seine"},"geometry":{"type":"LineString","coordinates":[[2.8462,48.3792],[2.8389,48.3857]]}},{"type":"Feature","properties":{"name":"La Seine"},"geometry":{"type":"LineString","coordinates":[[2.8545,48.3737],[2.8479,48.3772],[2.8462,48.3792]]}},{"type":"Feature","properties":{"name":"La Seine"},"geometry":{"type":"LineString","coordinates":[[2.8976,48.3695],[2.8866,48.3751],[2.8840,48.3756],[2.8722,48.3750],[2.8613,48.3718],[2.8566,48.3729]]}},{"type":"Feature","properties":{"name":"La Seine"},"geometry":{"type":"LineString","coordinates":[[2.4128,48.7756],[2.4147,48.7773]]}},{"type":"Feature","properties":{"name":"La Seine"},"geometry":{"type":"LineString","coordinates":[[2.7544,48.4115],[2.7501,48.4131],[2.7474,48.4165],[2.7453,48.4346],[2.7478,48.4402],[2.7519,48.4453],[2.7647,48.4526],[2.7691,48.4566],[2.7721,48.4661],[2.7698,48.4734],[2.7665,48.4781],[2.7615,48.4824],[2.7569,48.4846],[2.7478,48.4870],[2.7218,48.4861],[2.7112,48.4837]]}},{"type":"Feature","properties":{"name":"La Seine"},"geometry":{"type":"LineString","coordinates":[[2.4861,48.5693],[2.4831,48.5717]]}},{"type":"Feature","properties":{"name":"La Seine"},"geometry":{"type":"LineString","coordinates":[[2.4420,48.6451],[2.4353,48.6501],[2.4168,48.6604],[2.4086,48.6667]]}},{"type":"Feature","properties":{"name":"La Seine"},"geometry":{"type":"LineString","coordinates":[[2.4396,48.7253],[2.4432,48.7269],[2.4443,48.7289],[2.4448,48.7341],[2.4438,48.7372],[2.4356,48.7463],[2.4246,48.7527]]}},{"type":"Feature","properties":{"name":"La Seine"},"geometry":{"type":"LineString","coordinates":[[2.4207,48.7958],[2.4189,48.7973]]}},{"type":"Feature","properties":{"name":"La Seine"},"geometry":{"type":"LineString","coordinates":[[2.4146,48.8007],[2.4095,48.8054]]}},{"type":"Feature","properties":{"name":"La Seine"},"geometry":{"type":"LineString","coordinates":[[2.4213,48.7950],[2.4192,48.7983]]}},{"type":"Feature","properties":{"name":"La Seine"},"geometry":{"type":"LineString","coordinates":[[2.4227,48.7920],[2.4213,48.7950]]}},{"type":"Feature","properties":{"name":"La Seine"},"geometry":{"type":"LineString","coordinates":[[2.4213,48.7950],[2.4178,48.7970]]}},{"type":"Feature","properties":{"name":"La Seine"},"geometry":{"type":"LineString","coordinates":[[2.4174,48.7997],[2.4146,48.8007]]}},{"type":"Feature","properties":{"name":"La Seine"},"geometry":{"type":"LineString","coordinates":[[2.4160,48.7983],[2.4146,48.8007]]}},{"type":"Feature","properties":{"name":"La Seine"},"geometry":{"type":"LineString","coordinates":[[2.3903,48.8257],[2.3614,48.8485]]}},{"type":"Feature","properties":{"name":"La Seine"},"geometry":{"type":"LineString","coordinates":[[2.9424,48.3888],[2.9361,48.3878]]}},{"type":"Feature","properties":{"name":"La Seine"},"geometry":{"type":"LineString","coordinates":[[2.5833,48.5258],[2.5799,48.5289],[2.5726,48.5325],[2.5614,48.5356],[2.5382,48.5393],[2.5341,48.5408],[2.5308,48.5436],[2.5291,48.5477],[2.5303,48.5517],[2.5447,48.5621],[2.5485,48.5659],[2.5486,48.5678],[2.5427,48.5723],[2.5371,48.5735],[2.5236,48.5734],[2.4987,48.5672],[2.4920,48.5675],[2.4861,48.5693]]}},{"type":"Feature","properties":{"name":"La Seine"},"geometry":{"type":"LineString","coordinates":[[2.4189,48.7973],[2.4160,48.7995]]}},{"type":"Feature","properties":{"name":"La Seine"},"geometry":{"type":"LineString","coordinates":[[2.4826,48.5722],[2.4805,48.5749]]}},{"type":"Feature","properties":{"name":"La Seine"},"geometry":{"type":"LineString","coordinates":[[2.4831,48.5717],[2.4826,48.5722]]}},{"type":"Feature","properties":{"name":"La Seine"},"geometry":{"type":"LineString","coordinates":[[3.1826,48.4237],[3.1603,48.4183],[3.1360,48.4081],[3.1158,48.4036],[3.1069,48.3987],[3.1038,48.3936],[3.1000,48.3914],[3.0924,48.3896],[3.0833,48.3899]]}},{"type":"Feature","properties":{"name":"La Seine"},"geometry":{"type":"LineString","coordinates":[[2.7004,48.4815],[2.6905,48.4818],[2.6818,48.4838],[2.6760,48.4872],[2.6724,48.4915],[2.6702,48.5041],[2.6704,48.5255],[2.6681,48.5306]]}},{"type":"Feature","properties":{"name":"La Seine"},"geometry":{"type":"LineString","coordinates":[[2.7112,48.4837],[2.7070,48.4829]]}},{"type":"Feature","properties":{"name":"La Seine"},"geometry":{"type":"LineString","coordinates":[[2.4805,48.5749],[2.4801,48.5777]]}},{"type":"Feature","properties":{"name":"La Seine"},"geometry":{"type":"LineString","coordinates":[[2.9203,48.3789],[2.9178,48.3758]]}},{"type":"Feature","properties":{"name":"La Seine"},"geometry":{"type":"LineString","coordinates":[[2.9178,48.3758],[2.9101,48.3733]]}},{"type":"Feature","properties":{"name":"La Seine"},"geometry":{"type":"LineString","coordinates":[[2.7070,48.4829],[2.7004,48.4815]]}},{"type":"Feature","properties":{"name":"La Seine"},"geometry":{"type":"LineString","coordinates":[[2.4801,48.5777],[2.4853,48.5885],[2.4855,48.5971],[2.4907,48.6028],[2.4908,48.6065],[2.4874,48.6112],[2.4797,48.6165],[2.4705,48.6254],[2.4604,48.6313],[2.4564,48.6359]]}},{"type":"Feature","properties":{"name":"La Seine"},"geometry":{"type":"LineString","coordinates":[[2.9101,48.3733],[2.9015,48.3698],[2.8976,48.3695]]}},{"type":"Feature","properties":{"name":"La Seine"},"geometry":{"type":"LineString","coordinates":[[2.4491,48.6389],[2.4420,48.6451]]}},{"type":"Feature","properties":{"name":"La Seine"},"geometry":{"type":"LineString","coordinates":[[2.4564,48.6359],[2.4491,48.6389]]}},{"type":"Feature","properties":{"name":"La Seine"},"geometry":{"type":"LineString","coordinates":[[2.6681,48.5306],[2.6670,48.5321],[2.6627,48.5338],[2.6533,48.5368],[2.6502,48.5369],[2.6436,48.5345],[2.6327,48.5277],[2.6089,48.5169],[2.6029,48.5159],[2.5962,48.5163],[2.5888,48.5197]]}},{"type":"Feature","properties":{"name":"La Seine"},"geometry":{"type":"LineString","coordinates":[[2.4216,48.7215],[2.4371,48.7246]]}},{"type":"Feature","properties":{"name":"La Seine"},"geometry":{"type":"LineString","coordinates":[[2.4371,48.7246],[2.4396,48.7253]]}},{"type":"Feature","properties":{"name":"La Seine"},"geometry":{"type":"LineString","coordinates":[[2.9361,48.3878],[2.9203,48.3789]]}},{"type":"Feature","properties":{"name":"La Seine"},"geometry":{"type":"LineString","coordinates":[[2.4667,48.6276],[2.4586,48.6342]]}},{"type":"Feature","properties":{"name":"La Seine"},"geometry":{"type":"LineString","coordinates":[[2.4123,48.7750],[2.4128,48.7756]]}},{"type":"Feature","properties":{"name":"La Seine"},"geometry":{"type":"LineString","coordinates":[[2.4119,48.7743],[2.4123,48.7750]]}},{"type":"Feature","properties":{"name":"La Seine"},"geometry":{"type":"LineString","coordinates":[[2.4213,48.7950],[2.4207,48.7958]]}},{"type":"Feature","properties":{"name":"La Seine"},"geometry":{"type":"LineString","coordinates":[[2.4147,48.7773],[2.4190,48.7831]]}},{"type":"Feature","properties":{"name":"La Seine"},"geometry":{"type":"LineString","coordinates":[[2.3902,48.6772],[2.3871,48.6793],[2.3860,48.6836]]}},{"type":"Feature","properties":{"name":"La Seine"},"geometry":{"type":"LineString","coordinates":[[2.3860,48.6836],[2.3888,48.6903],[2.4001,48.7015],[2.4054,48.7124],[2.4091,48.7148]]}},{"type":"Feature","properties":{"name":"La Seine"},"geometry":{"type":"LineString","coordinates":[[2.4086,48.6667],[2.4037,48.6688],[2.3902,48.6772]]}},{"type":"Feature","properties":{"name":"La Seine"},"geometry":{"type":"LineString","coordinates":[[2.9143,48.3756],[2.9101,48.3733]]}},{"type":"Feature","properties":{"name":"La Seine"},"geometry":{"type":"LineString","coordinates":[[2.9203,48.3789],[2.9164,48.3767]]}},{"type":"Feature","properties":{"name":"La Seine"},"geometry":{"type":"LineString","coordinates":[[2.4091,48.7148],[2.4216,48.7215]]}},{"type":"Feature","properties":{"name":"La Seine"},"geometry":{"type":"LineString","coordinates":[[2.7563,48.4480],[2.7600,48.4522],[2.7668,48.4542]]}},{"type":"Feature","properties":{"name":"La Seine"},"geometry":{"type":"LineString","coordinates":[[2.7905,48.3977],[2.7946,48.4023]]}},{"type":"Feature","properties":{"name":"La Seine"},"geometry":{"type":"LineString","coordinates":[[2.7896,48.3914],[2.7905,48.3977]]}},{"type":"Feature","properties":{"name":"La Seine"},"geometry":{"type":"LineString","coordinates":[[2.4227,48.7898],[2.4227,48.7920]]}},{"type":"Feature","properties":{"name":"La Seine"},"geometry":{"type":"LineString","coordinates":[[2.4160,48.7995],[2.4146,48.8007]]}},{"type":"Feature","properties":{"name":"La Seine"},"geometry":{"type":"LineString","coordinates":[[2.4095,48.8054],[2.4088,48.8085]]}},{"type":"Feature","properties":{"name":"La Seine"},"geometry":{"type":"LineString","coordinates":[[2.4088,48.8085],[2.4090,48.8094]]}},{"type":"Feature","properties":{"name":"La Seine"},"geometry":{"type":"LineString","coordinates":[[2.4122,48.7664],[2.4118,48.7684]]}},{"type":"Feature","properties":{"name":"La Seine"},"geometry":{"type":"LineString","coordinates":[[2.4118,48.7684],[2.4119,48.7743]]}},{"type":"Feature","properties":{"name":"La Seine"},"geometry":{"type":"LineString","coordinates":[[2.4246,48.7527],[2.4217,48.7552],[2.4179,48.7616]]}},{"type":"Feature","properties":{"name":"La Seine"},"geometry":{"type":"LineString","coordinates":[[2.4179,48.7616],[2.4122,48.7664]]}},{"type":"Feature","properties":{"name":"La Seine"},"geometry":{"type":"LineString","coordinates":[[2.8389,48.3857],[2.8340,48.3882]]}},{"type":"Feature","properties":{"name":"Le Fusain"},"geometry":{"type":"LineString","coordinates":[[2.5820,48.1032],[2.5877,48.1025],[2.5997,48.1035],[2.6055,48.1051],[2.6095,48.1078],[2.6151,48.1077],[2.6266,48.1102],[2.6371,48.1105],[2.6473,48.1132],[2.6516,48.1128],[2.6639,48.1197]]}},{"type":"Feature","properties":{"name":"Le Fusain"},"geometry":{"type":"LineString","coordinates":[[2.6950,48.1394],[2.6994,48.1409],[2.7019,48.1429],[2.7038,48.1489]]}},{"type":"Feature","properties":{"name":"Le Fusain"},"geometry":{"type":"LineString","coordinates":[[2.7041,48.1490],[2.7070,48.1499]]}},{"type":"Feature","properties":{"name":"Le Fusain"},"geometry":{"type":"LineString","coordinates":[[2.7070,48.1499],[2.7071,48.1498]]}},{"type":"Feature","properties":{"name":"Le Fusain"},"geometry":{"type":"LineString","coordinates":[[2.7038,48.1489],[2.7041,48.1490]]}},{"type":"Feature","properties":{"name":"Le Fusain"},"geometry":{"type":"LineString","coordinates":[[2.7071,48.1498],[2.7167,48.1473],[2.7184,48.1476],[2.7239,48.1523],[2.7277,48.1521]]}},{"type":"Feature","properties":{"name":"Le Fusain"},"geometry":{"type":"LineString","coordinates":[[2.7050,48.1461],[2.7061,48.1482],[2.7140,48.1466],[2.7193,48.1470],[2.7277,48.1521],[2.7378,48.1519],[2.7411,48.1537],[2.7430,48.1589]]}},{"type":"Feature","properties":{"name":"Le Fusain"},"geometry":{"type":"LineString","coordinates":[[2.6639,48.1197],[2.6714,48.1221],[2.6736,48.1269],[2.6763,48.1288],[2.6823,48.1287],[2.6845,48.1297],[2.6887,48.1360],[2.6898,48.1357],[2.6950,48.1394]]}},{"type":"Feature","properties":{"name":"Le Fusain"},"geometry":{"type":"LineString","coordinates":[[2.7021,48.1431],[2.7026,48.1437]]}},{"type":"Feature","properties":{"name":"Le Fusain"},"geometry":{"type":"LineString","coordinates":[[2.7145,48.1474],[2.7148,48.1467]]}},{"type":"Feature","properties":{"name":"Le Fusain"},"geometry":{"type":"LineString","coordinates":[[2.7230,48.1492],[2.7228,48.1495]]}},{"type":"Feature","properties":{"name":"Le Fusain"},"geometry":{"type":"LineString","coordinates":[[2.6926,48.1381],[2.6923,48.1389],[2.6929,48.1386]]}},{"type":"Feature","properties":{"name":"Le Fusain"},"geometry":{"type":"LineString","coordinates":[[2.7049,48.1460],[2.7050,48.1461]]}},{"type":"Feature","properties":{"name":"Le Fusain"},"geometry":{"type":"LineString","coordinates":[[2.6950,48.1394],[2.6986,48.1400],[2.7013,48.1421],[2.7033,48.1419],[2.7046,48.1430],[2.7049,48.1460]]}},{"type":"Feature","properties":{"name":"Le Fusain"},"geometry":{"type":"LineString","coordinates":[[2.6930,48.1383],[2.6946,48.1386]]}},{"type":"Feature","properties":{"name":"Ru du Rognon"},"geometry":{"type":"LineString","coordinates":[[3.0935,48.8395],[3.0941,48.8385],[3.0929,48.8372],[3.0946,48.8355],[3.1008,48.8351],[3.1015,48.8337],[3.1050,48.8338],[3.1061,48.8328]]}},{"type":"Feature","properties":{"name":"Ru du Rognon"},"geometry":{"type":"LineString","coordinates":[[3.0880,48.8426],[3.0935,48.8395]]}},{"type":"Feature","properties":{"name":"Ru du Rognon"},"geometry":{"type":"LineString","coordinates":[[3.0879,48.8426],[3.0880,48.8426]]}},{"type":"Feature","properties":{"name":"Ru du Rognon"},"geometry":{"type":"LineString","coordinates":[[3.0792,48.8459],[3.0794,48.8450],[3.0826,48.8443],[3.0844,48.8427],[3.0879,48.8426]]}},{"type":"Feature","properties":{"name":"Ru du Rognon"},"geometry":{"type":"LineString","coordinates":[[3.0737,48.8533],[3.0751,48.8504],[3.0785,48.8477],[3.0792,48.8459]]}},{"type":"Feature","properties":{"name":"La Marne"},"geometry":{"type":"LineString","coordinates":[[2.4692,48.8188],[2.4751,48.8152]]}},{"type":"Feature","properties":{"name":"La Marne"},"geometry":{"type":"LineString","coordinates":[[2.4684,48.8259],[2.4669,48.8233],[2.4678,48.8202]]}},{"type":"Feature","properties":{"name":"La Marne"},"geometry":{"type":"LineString","coordinates":[[2.5102,48.8097],[2.5176,48.8086],[2.5202,48.8069],[2.5227,48.8029],[2.5231,48.7973]]}},{"type":"Feature","properties":{"name":"La Marne"},"geometry":{"type":"LineString","coordinates":[[2.5231,48.7973],[2.5238,48.7960],[2.5217,48.7906]]}},{"type":"Feature","properties":{"name":"La Marne"},"geometry":{"type":"LineString","coordinates":[[2.4911,48.8312],[2.4831,48.8315],[2.4759,48.8306],[2.4717,48.8292],[2.4684,48.8259]]}},{"type":"Feature","properties":{"name":"La Marne"},"geometry":{"type":"LineString","coordinates":[[2.8483,48.9152],[2.8470,48.9071],[2.8440,48.9028],[2.8396,48.9000],[2.8329,48.8999],[2.8304,48.9020],[2.8332,48.9062],[2.8295,48.9093],[2.8115,48.9121],[2.8072,48.9143],[2.8055,48.9179],[2.8034,48.9283]]}},{"type":"Feature","properties":{"name":"La Marne"},"geometry":{"type":"LineString","coordinates":[[2.7912,48.9482],[2.7809,48.9461],[2.7795,48.9425],[2.7816,48.9368],[2.7809,48.9307],[2.7784,48.9277],[2.7747,48.9263],[2.7670,48.9212],[2.7628,48.9205],[2.7537,48.9226],[2.7342,48.9237],[2.7235,48.9210],[2.7172,48.9140],[2.7164,48.9063],[2.7198,48.9032],[2.7313,48.9023],[2.7355,48.9035],[2.7615,48.9039],[2.7678,48.9018],[2.7688,48.8973]]}},{"type":"Feature","properties":{"name":"La Marne"},"geometry":{"type":"LineString","coordinates":[[2.4602,48.8094],[2.4550,48.8130]]}},{"type":"Feature","properties":{"name":"La Marne"},"geometry":{"type":"LineString","coordinates":[[2.4550,48.8130],[2.4497,48.8159],[2.4381,48.8168],[2.4274,48.8163]]}},{"type":"Feature","properties":{"name":"La Marne"},"geometry":{"type":"LineString","coordinates":[[2.5040,48.8308],[2.5048,48.8298]]}},{"type":"Feature","properties":{"name":"La Marne"},"geometry":{"type":"LineString","coordinates":[[2.4684,48.8259],[2.4693,48.8202]]}},{"type":"Feature","properties":{"name":"La Marne"},"geometry":{"type":"LineString","coordinates":[[2.5105,48.8292],[2.5048,48.8298]]}},{"type":"Feature","properties":{"name":"La Marne"},"geometry":{"type":"LineString","coordinates":[[2.5105,48.8292],[2.4977,48.8322],[2.4911,48.8312]]}},{"type":"Feature","properties":{"name":"La Marne"},"geometry":{"type":"LineString","coordinates":[[2.4712,48.7965],[2.4699,48.8001]]}},{"type":"Feature","properties":{"name":"La Marne"},"geometry":{"type":"LineString","coordinates":[[2.4802,48.8134],[2.4951,48.8107],[2.5032,48.8106]]}},{"type":"Feature","properties":{"name":"La Marne"},"geometry":{"type":"LineString","coordinates":[[2.4751,48.8152],[2.4802,48.8134]]}},{"type":"Feature","properties":{"name":"La Marne"},"geometry":{"type":"LineString","coordinates":[[2.4699,48.8001],[2.4677,48.8047],[2.4602,48.8094]]}},{"type":"Feature","properties":{"name":"La Marne"},"geometry":{"type":"LineString","coordinates":[[2.4214,48.8167],[2.4094,48.8166]]}},{"type":"Feature","properties":{"name":"La Marne"},"geometry":{"type":"LineString","coordinates":[[2.4274,48.8163],[2.4214,48.8167]]}},{"type":"Feature","properties":{"name":"La Marne"},"geometry":{"type":"LineString","coordinates":[[2.4759,48.7870],[2.4722,48.7907],[2.4712,48.7965]]}},{"type":"Feature","properties":{"name":"La Marne"},"geometry":{"type":"LineString","coordinates":[[2.7598,48.8866],[2.7527,48.8837],[2.7400,48.8827],[2.7278,48.8831],[2.7002,48.8801],[2.6903,48.8802]]}},{"type":"Feature","properties":{"name":"La Marne"},"geometry":{"type":"LineString","coordinates":[[2.5978,48.8667],[2.5896,48.8661],[2.5879,48.8651]]}},{"type":"Feature","properties":{"name":"La Marne"},"geometry":{"type":"LineString","coordinates":[[2.5231,48.7973],[2.5217,48.7906]]}},{"type":"Feature","properties":{"name":"La Marne"},"geometry":{"type":"LineString","coordinates":[[2.5217,48.7906],[2.5175,48.7866],[2.5097,48.7840],[2.5005,48.7848],[2.4869,48.7841],[2.4759,48.7870]]}},{"type":"Feature","properties":{"name":"La Marne"},"geometry":{"type":"LineString","coordinates":[[2.5702,48.8648],[2.5642,48.8624],[2.5677,48.8567],[2.5671,48.8553],[2.5614,48.8538],[2.5515,48.8546],[2.5444,48.8541]]}},{"type":"Feature","properties":{"name":"La Marne"},"geometry":{"type":"LineString","coordinates":[[2.5978,48.8667],[2.5879,48.8651]]}},{"type":"Feature","properties":{"name":"La Marne"},"geometry":{"type":"LineString","coordinates":[[2.5032,48.8106],[2.5102,48.8097]]}},{"type":"Feature","properties":{"name":"La Marne"},"geometry":{"type":"LineString","coordinates":[[2.5155,48.8512],[2.5119,48.8480],[2.5114,48.8450],[2.5131,48.8397],[2.5166,48.8368],[2.5176,48.8341],[2.5162,48.8315],[2.5105,48.8292]]}},{"type":"Feature","properties":{"name":"La Marne"},"geometry":{"type":"LineString","coordinates":[[2.5879,48.8651],[2.5753,48.8653]]}},{"type":"Feature","properties":{"name":"La Marne"},"geometry":{"type":"LineString","coordinates":[[2.5444,48.8541],[2.5402,48.8529],[2.5355,48.8537]]}},{"type":"Feature","properties":{"name":"La Marne"},"geometry":{"type":"LineString","coordinates":[[2.6694,48.8752],[2.6617,48.8745],[2.6521,48.8690]]}},{"type":"Feature","properties":{"name":"La Marne"},"geometry":{"type":"LineString","coordinates":[[2.7688,48.8973],[2.7673,48.8924],[2.7640,48.8888],[2.7598,48.8866]]}},{"type":"Feature","properties":{"name":"La Marne"},"geometry":{"type":"LineString","coordinates":[[2.6903,48.8802],[2.6694,48.8752]]}},{"type":"Feature","properties":{"name":"La Marne"},"geometry":{"type":"LineString","coordinates":[[2.4678,48.8202],[2.4692,48.8188]]}},{"type":"Feature","properties":{"name":"La Marne"},"geometry":{"type":"LineString","coordinates":[[2.4693,48.8202],[2.4692,48.8188]]}},{"type":"Feature","properties":{"name":"La Marne"},"geometry":{"type":"LineString","coordinates":[[2.5753,48.8653],[2.5752,48.8654]]}},{"type":"Feature","properties":{"name":"La Marne"},"geometry":{"type":"LineString","coordinates":[[2.5869,48.8649],[2.5838,48.8655]]}},{"type":"Feature","properties":{"name":"La Marne"},"geometry":{"type":"LineString","coordinates":[[2.5752,48.8654],[2.5702,48.8648]]}},{"type":"Feature","properties":{"name":"La Marne"},"geometry":{"type":"LineString","coordinates":[[2.5355,48.8537],[2.5159,48.8513]]}},{"type":"Feature","properties":{"name":"La Marne"},"geometry":{"type":"LineString","coordinates":[[2.5157,48.8513],[2.5155,48.8512]]}},{"type":"Feature","properties":{"name":"La Marne"},"geometry":{"type":"LineString","coordinates":[[2.5159,48.8513],[2.5157,48.8513]]}},{"type":"Feature","properties":{"name":"La Gondoire"},"geometry":{"type":"LineString","coordinates":[[2.6457,48.8602],[2.6437,48.8615]]}},{"type":"Feature","properties":{"name":"La Gondoire"},"geometry":{"type":"LineString","coordinates":[[2.6657,48.8615],[2.6652,48.8614]]}},{"type":"Feature","properties":{"name":"La Gondoire"},"geometry":{"type":"LineString","coordinates":[[2.6647,48.8616],[2.6529,48.8591],[2.6464,48.8596]]}},{"type":"Feature","properties":{"name":"La Gondoire"},"geometry":{"type":"LineString","coordinates":[[2.6464,48.8596],[2.6461,48.8597]]}},{"type":"Feature","properties":{"name":"La Gondoire"},"geometry":{"type":"LineString","coordinates":[[2.6671,48.8616],[2.6657,48.8615]]}},{"type":"Feature","properties":{"name":"La Gondoire"},"geometry":{"type":"LineString","coordinates":[[2.6461,48.8597],[2.6457,48.8602]]}},{"type":"Feature","properties":{"name":"La Gondoire"},"geometry":{"type":"LineString","coordinates":[[2.6457,48.8602],[2.6457,48.8602]]}},{"type":"Feature","properties":{"name":"La Gondoire"},"geometry":{"type":"LineString","coordinates":[[2.6839,48.8592],[2.6762,48.8580]]}},{"type":"Feature","properties":{"name":"La Gondoire"},"geometry":{"type":"LineString","coordinates":[[2.6730,48.8612],[2.6677,48.8615]]}},{"type":"Feature","properties":{"name":"La Gondoire"},"geometry":{"type":"LineString","coordinates":[[2.6733,48.8611],[2.6730,48.8612]]}},{"type":"Feature","properties":{"name":"La Gondoire"},"geometry":{"type":"LineString","coordinates":[[2.6762,48.8580],[2.6733,48.8611]]}},{"type":"Feature","properties":{"name":"La Gondoire"},"geometry":{"type":"LineString","coordinates":[[2.6677,48.8615],[2.6671,48.8616]]}},{"type":"Feature","properties":{"name":"La Gondoire"},"geometry":{"type":"LineString","coordinates":[[2.7036,48.8607],[2.7035,48.8607]]}},{"type":"Feature","properties":{"name":"La Gondoire"},"geometry":{"type":"LineString","coordinates":[[2.6928,48.8605],[2.6839,48.8592]]}},{"type":"Feature","properties":{"name":"La Gondoire"},"geometry":{"type":"LineString","coordinates":[[2.6933,48.8603],[2.6929,48.8605]]}},{"type":"Feature","properties":{"name":"La Gondoire"},"geometry":{"type":"LineString","coordinates":[[2.6955,48.8605],[2.6935,48.8600]]}},{"type":"Feature","properties":{"name":"La Gondoire"},"geometry":{"type":"LineString","coordinates":[[2.7144,48.8599],[2.7107,48.8594],[2.7065,48.8613],[2.7036,48.8607]]}},{"type":"Feature","properties":{"name":"La Gondoire"},"geometry":{"type":"LineString","coordinates":[[2.7035,48.8607],[2.6977,48.8623],[2.6960,48.8610]]}},{"type":"Feature","properties":{"name":"La Gondoire"},"geometry":{"type":"LineString","coordinates":[[2.6649,48.8615],[2.6647,48.8616]]}},{"type":"Feature","properties":{"name":"La Gondoire"},"geometry":{"type":"LineString","coordinates":[[2.6652,48.8614],[2.6649,48.8615]]}},{"type":"Feature","properties":{"name":"La Gondoire"},"geometry":{"type":"LineString","coordinates":[[2.6933,48.8602],[2.6933,48.8603]]}},{"type":"Feature","properties":{"name":"La Gondoire"},"geometry":{"type":"LineString","coordinates":[[2.6933,48.8602],[2.6933,48.8602]]}},{"type":"Feature","properties":{"name":"La Gondoire"},"geometry":{"type":"LineString","coordinates":[[2.6934,48.8601],[2.6933,48.8602]]}},{"type":"Feature","properties":{"name":"La Gondoire"},"geometry":{"type":"LineString","coordinates":[[2.6934,48.8601],[2.6934,48.8601]]}},{"type":"Feature","properties":{"name":"La Gondoire"},"geometry":{"type":"LineString","coordinates":[[2.6935,48.8600],[2.6934,48.8601]]}},{"type":"Feature","properties":{"name":"La Gondoire"},"geometry":{"type":"LineString","coordinates":[[2.6929,48.8605],[2.6928,48.8605]]}},{"type":"Feature","properties":{"name":"La Gondoire"},"geometry":{"type":"LineString","coordinates":[[2.6956,48.8605],[2.6955,48.8605]]}},{"type":"Feature","properties":{"name":"La Gondoire"},"geometry":{"type":"LineString","coordinates":[[2.6960,48.8610],[2.6956,48.8605]]}},{"type":"Feature","properties":{"name":"L\u0027Orge"},"geometry":{"type":"LineString","coordinates":[[2.3769,48.6921],[2.3791,48.6973],[2.3829,48.7018],[2.3898,48.7048]]}},{"type":"Feature","properties":{"name":"L\u0027Orge"},"geometry":{"type":"LineString","coordinates":[[2.4027,48.7116],[2.4048,48.7113]]}},{"type":"Feature","properties":{"name":"L\u0027Orge"},"geometry":{"type":"LineString","coordinates":[[2.3638,48.6781],[2.3688,48.6820],[2.3700,48.6846],[2.3736,48.6866],[2.3743,48.6883]]}},{"type":"Feature","properties":{"name":"L\u0027Orge"},"geometry":{"type":"LineString","coordinates":[[2.3949,48.7074],[2.3986,48.7107],[2.4022,48.7118]]}},{"type":"Feature","properties":{"name":"L\u0027Orge"},"geometry":{"type":"LineString","coordinates":[[2.3933,48.7066],[2.3949,48.7074]]}},{"type":"Feature","properties":{"name":"L\u0027Orge"},"geometry":{"type":"LineString","coordinates":[[2.3900,48.7050],[2.3933,48.7066]]}},{"type":"Feature","properties":{"name":"L\u0027Orge"},"geometry":{"type":"LineString","coordinates":[[2.3898,48.7048],[2.3900,48.7050]]}},{"type":"Feature","properties":{"name":"L\u0027Yerres"},"geometry":{"type":"LineString","coordinates":[[2.6584,48.6663],[2.6609,48.6703],[2.6584,48.6721],[2.6551,48.6719],[2.6548,48.6709]]}},{"type":"Feature","properties":{"name":"L\u0027Yerres"},"geometry":{"type":"LineString","coordinates":[[2.6548,48.6709],[2.6540,48.6702]]}},{"type":"Feature","properties":{"name":"L\u0027Yerres"},"geometry":{"type":"LineString","coordinates":[[2.6523,48.6693],[2.6491,48.6694],[2.6453,48.6662],[2.6412,48.6654],[2.6370,48.6663],[2.6361,48.6678]]}},{"type":"Feature","properties":{"name":"L\u0027Yerres"},"geometry":{"type":"LineString","coordinates":[[2.6361,48.6678],[2.6323,48.6685],[2.6278,48.6667]]}},{"type":"Feature","properties":{"name":"L\u0027Yerres"},"geometry":{"type":"LineString","coordinates":[[2.6278,48.6667],[2.6264,48.6652],[2.6264,48.6629]]}},{"type":"Feature","properties":{"name":"L\u0027Yerres"},"geometry":{"type":"LineString","coordinates":[[2.6264,48.6629],[2.6278,48.6590]]}},{"type":"Feature","properties":{"name":"L\u0027Yerres"},"geometry":{"type":"LineString","coordinates":[[2.6278,48.6590],[2.6245,48.6573],[2.6180,48.6590],[2.6160,48.6612],[2.6162,48.6660]]}},{"type":"Feature","properties":{"name":"L\u0027Yerres"},"geometry":{"type":"LineString","coordinates":[[2.5737,48.6763],[2.5724,48.6742],[2.5731,48.6727],[2.5726,48.6690],[2.5688,48.6666],[2.5633,48.6678],[2.5568,48.6760],[2.5525,48.6741],[2.5518,48.6710],[2.5496,48.6689],[2.5481,48.6702],[2.5473,48.6743],[2.5415,48.6801],[2.5405,48.6827],[2.5439,48.6873],[2.5510,48.6901],[2.5488,48.6926],[2.5442,48.6929],[2.5293,48.6871],[2.5238,48.6871],[2.5209,48.6898],[2.5251,48.6932],[2.5279,48.6935],[2.5315,48.6953],[2.5321,48.6982],[2.5313,48.6996]]}},{"type":"Feature","properties":{"name":"L\u0027Yerres"},"geometry":{"type":"LineString","coordinates":[[2.5117,48.6968],[2.5067,48.6953],[2.5020,48.6964]]}},{"type":"Feature","properties":{"name":"L\u0027Yerres"},"geometry":{"type":"LineString","coordinates":[[2.5135,48.6974],[2.5117,48.6968]]}},{"type":"Feature","properties":{"name":"L\u0027Yerres"},"geometry":{"type":"LineString","coordinates":[[2.5020,48.6964],[2.4970,48.6991],[2.4938,48.7022],[2.4966,48.7058],[2.4970,48.7082],[2.4964,48.7102],[2.4944,48.7122]]}},{"type":"Feature","properties":{"name":"L\u0027Yerres"},"geometry":{"type":"LineString","coordinates":[[2.6540,48.6702],[2.6523,48.6693]]}},{"type":"Feature","properties":{"name":"L\u0027Yerres"},"geometry":{"type":"LineString","coordinates":[[2.8083,48.6586],[2.8081,48.6587]]}},{"type":"Feature","properties":{"name":"L\u0027Yerres"},"geometry":{"type":"LineString","coordinates":[[2.7966,48.6583],[2.7963,48.6582]]}},{"type":"Feature","properties":{"name":"L\u0027Yerres"},"geometry":{"type":"LineString","coordinates":[[2.7963,48.6582],[2.7922,48.6569],[2.7875,48.6607],[2.7829,48.6604],[2.7762,48.6563],[2.7749,48.6530],[2.7724,48.6509],[2.7727,48.6500]]}},{"type":"Feature","properties":{"name":"L\u0027Yerres"},"geometry":{"type":"LineString","coordinates":[[2.8081,48.6587],[2.8033,48.6604],[2.7966,48.6583]]}},{"type":"Feature","properties":{"name":"L\u0027Yerres"},"geometry":{"type":"LineString","coordinates":[[2.9527,48.6813],[2.9488,48.6793],[2.9408,48.6782],[2.9392,48.6770],[2.9384,48.6743],[2.9320,48.6770],[2.9261,48.6777],[2.9213,48.6772],[2.9198,48.6754],[2.9213,48.6725],[2.9240,48.6704],[2.9232,48.6676],[2.9221,48.6668],[2.9234,48.6658]]}},{"type":"Feature","properties":{"name":"L\u0027Yerres"},"geometry":{"type":"LineString","coordinates":[[2.9210,48.6563],[2.9056,48.6522],[2.9009,48.6483],[2.8953,48.6486],[2.8934,48.6497],[2.8913,48.6533],[2.8868,48.6538],[2.8843,48.6526],[2.8836,48.6498],[2.8768,48.6481],[2.8744,48.6491],[2.8700,48.6582],[2.8703,48.6598],[2.8686,48.6611],[2.8660,48.6606],[2.8594,48.6536],[2.8574,48.6530],[2.8523,48.6552],[2.8484,48.6587],[2.8476,48.6614],[2.8447,48.6630],[2.8424,48.6631],[2.8352,48.6592],[2.8307,48.6585],[2.8258,48.6611],[2.8239,48.6645],[2.8182,48.6653],[2.8160,48.6634],[2.8193,48.6605],[2.8187,48.6583],[2.8131,48.6570],[2.8083,48.6586]]}},{"type":"Feature","properties":{"name":"L\u0027Yerres"},"geometry":{"type":"LineString","coordinates":[[2.4646,48.7121],[2.4633,48.7108]]}},{"type":"Feature","properties":{"name":"L\u0027Yerres"},"geometry":{"type":"LineString","coordinates":[[2.4944,48.7122],[2.4903,48.7143],[2.4813,48.7159],[2.4744,48.7144],[2.4679,48.7111],[2.4633,48.7108]]}},{"type":"Feature","properties":{"name":"L\u0027Yerres"},"geometry":{"type":"LineString","coordinates":[[2.9725,48.6951],[2.9674,48.6977],[2.9633,48.6981],[2.9567,48.6916],[2.9545,48.6914],[2.9533,48.6901],[2.9476,48.6900],[2.9468,48.6882],[2.9476,48.6868],[2.9495,48.6853],[2.9536,48.6848],[2.9544,48.6820],[2.9527,48.6813]]}},{"type":"Feature","properties":{"name":"L\u0027Yerres"},"geometry":{"type":"LineString","coordinates":[[2.9876,48.6993],[2.9833,48.6993],[2.9832,48.7001],[2.9801,48.6994],[2.9786,48.6982],[2.9790,48.6972],[2.9756,48.6953],[2.9725,48.6951]]}},{"type":"Feature","properties":{"name":"L\u0027Yerres"},"geometry":{"type":"LineString","coordinates":[[3.0040,48.7380],[3.0042,48.7380]]}},{"type":"Feature","properties":{"name":"L\u0027Yerres"},"geometry":{"type":"LineString","coordinates":[[2.9953,48.7396],[2.9987,48.7369],[3.0040,48.7380]]}},{"type":"Feature","properties":{"name":"L\u0027Yerres"},"geometry":{"type":"LineString","coordinates":[[2.4691,48.7122],[2.4641,48.7122],[2.4566,48.7154],[2.4557,48.7166],[2.4520,48.7153]]}},{"type":"Feature","properties":{"name":"L\u0027Yerres"},"geometry":{"type":"LineString","coordinates":[[2.4520,48.7153],[2.4482,48.7177],[2.4481,48.7231],[2.4432,48.7269]]}},{"type":"Feature","properties":{"name":"L\u0027Yerres"},"geometry":{"type":"LineString","coordinates":[[2.9912,48.7390],[2.9952,48.7396]]}},{"type":"Feature","properties":{"name":"L\u0027Yerres"},"geometry":{"type":"LineString","coordinates":[[2.9873,48.7373],[2.9911,48.7390]]}},{"type":"Feature","properties":{"name":"L\u0027Yerres"},"geometry":{"type":"LineString","coordinates":[[2.9871,48.7373],[2.9873,48.7373]]}},{"type":"Feature","properties":{"name":"L\u0027Yerres"},"geometry":{"type":"LineString","coordinates":[[2.9952,48.7396],[2.9953,48.7396]]}},{"type":"Feature","properties":{"name":"L\u0027Yerres"},"geometry":{"type":"LineString","coordinates":[[2.9911,48.7390],[2.9912,48.7390]]}},{"type":"Feature","properties":{"name":"L\u0027Yerres"},"geometry":{"type":"LineString","coordinates":[[3.0042,48.7380],[3.0116,48.7380],[3.0152,48.7394],[3.0193,48.7388],[3.0205,48.7351],[3.0234,48.7337],[3.0243,48.7317],[3.0263,48.7306],[3.0270,48.7279],[3.0291,48.7264],[3.0281,48.7250],[3.0287,48.7229],[3.0177,48.7150],[3.0118,48.7147],[3.0094,48.7121],[3.0078,48.7123],[3.0058,48.7106],[3.0023,48.7096],[2.9988,48.7050],[2.9918,48.7018],[2.9894,48.6992],[2.9876,48.6993]]}},{"type":"Feature","properties":{"name":"L\u0027Yerres"},"geometry":{"type":"LineString","coordinates":[[2.9696,48.7436],[2.9706,48.7452],[2.9762,48.7427],[2.9762,48.7402],[2.9779,48.7389],[2.9810,48.7378],[2.9871,48.7373]]}},{"type":"Feature","properties":{"name":"L\u0027Yerres"},"geometry":{"type":"LineString","coordinates":[[2.5448,48.6930],[2.5411,48.6913]]}},{"type":"Feature","properties":{"name":"L\u0027Yerres"},"geometry":{"type":"LineString","coordinates":[[2.5313,48.6996],[2.5284,48.7039],[2.5242,48.7052],[2.5223,48.7046],[2.5215,48.7009],[2.5171,48.6979],[2.5135,48.6974]]}},{"type":"Feature","properties":{"name":"L\u0027Yerres"},"geometry":{"type":"LineString","coordinates":[[2.7727,48.6500],[2.7707,48.6474],[2.7661,48.6452],[2.7563,48.6461],[2.7527,48.6485],[2.7532,48.6502],[2.7524,48.6531],[2.7503,48.6548],[2.7470,48.6532],[2.7434,48.6498],[2.7332,48.6452],[2.7280,48.6462],[2.7256,48.6477],[2.7250,48.6544],[2.7211,48.6560],[2.7177,48.6544],[2.7158,48.6524],[2.7139,48.6453],[2.7073,48.6434],[2.7033,48.6450],[2.7026,48.6521],[2.6999,48.6553],[2.6961,48.6550],[2.6915,48.6521],[2.6846,48.6510],[2.6757,48.6525],[2.6739,48.6542]]}},{"type":"Feature","properties":{"name":"L\u0027Yerres"},"geometry":{"type":"LineString","coordinates":[[2.4568,48.7131],[2.4581,48.7147]]}},{"type":"Feature","properties":{"name":"L\u0027Yerres"},"geometry":{"type":"LineString","coordinates":[[2.9234,48.6658],[2.9238,48.6641],[2.9293,48.6636],[2.9296,48.6625],[2.9291,48.6617],[2.9249,48.6611],[2.9253,48.6585],[2.9239,48.6562],[2.9210,48.6563]]}},{"type":"Feature","properties":{"name":"L\u0027Yerres"},"geometry":{"type":"LineString","coordinates":[[2.9668,48.7435],[2.9696,48.7436]]}},{"type":"Feature","properties":{"name":"L\u0027Yerres"},"geometry":{"type":"LineString","coordinates":[[2.4633,48.7108],[2.4588,48.7118],[2.4546,48.7148],[2.4520,48.7153]]}},{"type":"Feature","properties":{"name":"L\u0027Yerres"},"geometry":{"type":"LineString","coordinates":[[2.6162,48.6660],[2.6161,48.6672],[2.6121,48.6710],[2.6056,48.6731],[2.6008,48.6711],[2.5980,48.6664],[2.5943,48.6644],[2.5901,48.6643],[2.5855,48.6660],[2.5831,48.6683],[2.5833,48.6726],[2.5853,48.6747],[2.5835,48.6776],[2.5796,48.6779],[2.5737,48.6763]]}},{"type":"Feature","properties":{"name":"L\u0027Yerres"},"geometry":{"type":"LineString","coordinates":[[2.6736,48.6550],[2.6722,48.6567],[2.6705,48.6572],[2.6662,48.6554],[2.6641,48.6532],[2.6611,48.6521],[2.6583,48.6523],[2.6562,48.6547],[2.6545,48.6602],[2.6558,48.6643],[2.6584,48.6663]]}},{"type":"Feature","properties":{"name":"L\u0027Auxence"},"geometry":{"type":"LineString","coordinates":[[3.1297,48.4283],[3.1257,48.4264],[3.1180,48.4252],[3.1142,48.4232],[3.1080,48.4226],[3.1029,48.4192],[3.1032,48.4172],[3.0989,48.4144],[3.0976,48.4106],[3.0937,48.4092],[3.0926,48.4076],[3.0897,48.4091],[3.0876,48.4062],[3.0833,48.4051],[3.0829,48.4017],[3.0769,48.3989],[3.0759,48.3973],[3.0728,48.3971],[3.0741,48.3945],[3.0708,48.3948],[3.0701,48.3941],[3.0706,48.3929],[3.0696,48.3921],[3.0651,48.3936],[3.0589,48.3907],[3.0517,48.3920]]}},{"type":"Feature","properties":{"name":"L\u0027Auxence"},"geometry":{"type":"LineString","coordinates":[[3.1350,48.5168],[3.1274,48.5158],[3.1239,48.5159],[3.1236,48.5168],[3.1158,48.5149],[3.1050,48.5163],[3.1026,48.5152],[3.1024,48.5121],[3.0997,48.5097],[3.0998,48.5088],[3.1028,48.5076],[3.1084,48.4970],[3.1132,48.4955],[3.1151,48.4884],[3.1191,48.4881],[3.1204,48.4871],[3.1211,48.4852],[3.1202,48.4838],[3.1223,48.4798]]}},{"type":"Feature","properties":{"name":"Le Vieil Orvin"},"geometry":{"type":"LineString","coordinates":[[3.3943,48.4388],[3.3936,48.4417],[3.3942,48.4421],[3.3922,48.4433],[3.3932,48.4468],[3.3909,48.4486],[3.3880,48.4491],[3.3884,48.4497],[3.3856,48.4509],[3.3857,48.4519],[3.3828,48.4521]]}},{"type":"Feature","properties":{"name":"Le Vieil Orvin"},"geometry":{"type":"LineString","coordinates":[[3.3827,48.4522],[3.3815,48.4523],[3.3785,48.4559],[3.3754,48.4573],[3.3738,48.4606],[3.3750,48.4623]]}},{"type":"Feature","properties":{"name":"Le Vieil Orvin"},"geometry":{"type":"LineString","coordinates":[[3.3828,48.4521],[3.3827,48.4522]]}},{"type":"Feature","properties":{"name":"La Vanne"},"geometry":{"type":"LineString","coordinates":[[3.5957,48.2304],[3.5935,48.2297],[3.5886,48.2302],[3.5807,48.2285]]}},{"type":"Feature","properties":{"name":"La Vanne"},"geometry":{"type":"LineString","coordinates":[[3.3791,48.1697],[3.3709,48.1704],[3.3667,48.1690],[3.3613,48.1687],[3.3606,48.1699],[3.3538,48.1715],[3.3524,48.1726],[3.3475,48.1738],[3.3453,48.1734],[3.3426,48.1747],[3.3408,48.1742],[3.3387,48.1762],[3.3283,48.1785],[3.3266,48.1775],[3.3214,48.1769],[3.3143,48.1795],[3.3061,48.1784]]}},{"type":"Feature","properties":{"name":"La Vanne"},"geometry":{"type":"LineString","coordinates":[[3.3389,48.1760],[3.3370,48.1755],[3.3371,48.1764]]}},{"type":"Feature","properties":{"name":"La Vanne"},"geometry":{"type":"LineString","coordinates":[[3.4861,48.2105],[3.4854,48.2105],[3.4845,48.2074],[3.4760,48.2010]]}},{"type":"Feature","properties":{"name":"La Vanne"},"geometry":{"type":"LineString","coordinates":[[3.4165,48.1685],[3.4077,48.1713]]}},{"type":"Feature","properties":{"name":"La Vanne"},"geometry":{"type":"LineString","coordinates":[[3.4736,48.2003],[3.4683,48.1987],[3.4674,48.1997],[3.4619,48.1970],[3.4604,48.1952],[3.4579,48.1952],[3.4575,48.1942]]}},{"type":"Feature","properties":{"name":"La Vanne"},"geometry":{"type":"LineString","coordinates":[[3.5197,48.2284],[3.5185,48.2266],[3.5144,48.2249],[3.5114,48.2251],[3.5088,48.2241]]}},{"type":"Feature","properties":{"name":"La Vanne"},"geometry":{"type":"LineString","coordinates":[[3.5376,48.2325],[3.5351,48.2320],[3.5315,48.2329],[3.5293,48.2308],[3.5273,48.2313],[3.5197,48.2284]]}},{"type":"Feature","properties":{"name":"La Vanne"},"geometry":{"type":"LineString","coordinates":[[3.5174,48.2263],[3.5145,48.2240],[3.5073,48.2223]]}},{"type":"Feature","properties":{"name":"La Vanne"},"geometry":{"type":"LineString","coordinates":[[3.5516,48.2305],[3.5482,48.2306],[3.5483,48.2320],[3.5397,48.2323]]}},{"type":"Feature","properties":{"name":"La Vanne"},"geometry":{"type":"LineString","coordinates":[[3.4872,48.2117],[3.4861,48.2105]]}},{"type":"Feature","properties":{"name":"La Vanne"},"geometry":{"type":"LineString","coordinates":[[3.5807,48.2285],[3.5764,48.2290],[3.5742,48.2304],[3.5731,48.2294],[3.5719,48.2311],[3.5672,48.2302],[3.5649,48.2314],[3.5599,48.2315],[3.5563,48.2304]]}},{"type":"Feature","properties":{"name":"La Vanne"},"geometry":{"type":"LineString","coordinates":[[3.4910,48.2140],[3.4872,48.2117]]}},{"type":"Feature","properties":{"name":"La Vanne"},"geometry":{"type":"LineString","coordinates":[[3.5388,48.2323],[3.5376,48.2325]]}},{"type":"Feature","properties":{"name":"La Vanne"},"geometry":{"type":"LineString","coordinates":[[3.5051,48.2234],[3.5067,48.2219]]}},{"type":"Feature","properties":{"name":"La Vanne"},"geometry":{"type":"LineString","coordinates":[[3.5091,48.2261],[3.5065,48.2258]]}},{"type":"Feature","properties":{"name":"La Vanne"},"geometry":{"type":"LineString","coordinates":[[3.5050,48.2235],[3.5051,48.2234]]}},{"type":"Feature","properties":{"name":"La Vanne"},"geometry":{"type":"LineString","coordinates":[[3.5044,48.2242],[3.5045,48.2241]]}},{"type":"Feature","properties":{"name":"La Vanne"},"geometry":{"type":"LineString","coordinates":[[3.5092,48.2260],[3.5091,48.2261]]}},{"type":"Feature","properties":{"name":"La Vanne"},"geometry":{"type":"LineString","coordinates":[[3.5065,48.2258],[3.5064,48.2258]]}},{"type":"Feature","properties":{"name":"La Vanne"},"geometry":{"type":"LineString","coordinates":[[3.5088,48.2241],[3.5086,48.2240]]}},{"type":"Feature","properties":{"name":"La Vanne"},"geometry":{"type":"LineString","coordinates":[[3.5064,48.2258],[3.5044,48.2242]]}},{"type":"Feature","properties":{"name":"La Vanne"},"geometry":{"type":"LineString","coordinates":[[3.5114,48.2251],[3.5092,48.2260]]}},{"type":"Feature","properties":{"name":"La Vanne"},"geometry":{"type":"LineString","coordinates":[[3.5045,48.2241],[3.5050,48.2235]]}},{"type":"Feature","properties":{"name":"La Vanne"},"geometry":{"type":"LineString","coordinates":[[3.5086,48.2240],[3.5055,48.2213],[3.4999,48.2205],[3.4980,48.2176],[3.4984,48.2166],[3.4960,48.2165],[3.4957,48.2156],[3.4946,48.2164],[3.4938,48.2150],[3.4910,48.2140]]}},{"type":"Feature","properties":{"name":"La Vanne"},"geometry":{"type":"LineString","coordinates":[[3.4575,48.1942],[3.4549,48.1939],[3.4532,48.1920],[3.4514,48.1915],[3.4515,48.1904],[3.4491,48.1903],[3.4483,48.1884],[3.4489,48.1874],[3.4465,48.1853],[3.4441,48.1858],[3.4412,48.1849],[3.4406,48.1837],[3.4416,48.1825],[3.4376,48.1820],[3.4386,48.1810],[3.4369,48.1798],[3.4319,48.1784],[3.4305,48.1794],[3.4271,48.1778]]}},{"type":"Feature","properties":{"name":"La Vanne"},"geometry":{"type":"LineString","coordinates":[[3.4271,48.1778],[3.4197,48.1720]]}},{"type":"Feature","properties":{"name":"La Vanne"},"geometry":{"type":"LineString","coordinates":[[3.4197,48.1720],[3.4165,48.1685]]}},{"type":"Feature","properties":{"name":"La Vanne"},"geometry":{"type":"LineString","coordinates":[[3.3840,48.1724],[3.3845,48.1709],[3.3839,48.1700],[3.3791,48.1697]]}},{"type":"Feature","properties":{"name":"La Vanne"},"geometry":{"type":"LineString","coordinates":[[3.4077,48.1713],[3.4043,48.1727]]}},{"type":"Feature","properties":{"name":"La Vanne"},"geometry":{"type":"LineString","coordinates":[[3.4043,48.1727],[3.3910,48.1717],[3.3829,48.1724],[3.3791,48.1697]]}},{"type":"Feature","properties":{"name":"La Vanne"},"geometry":{"type":"LineString","coordinates":[[3.5560,48.2304],[3.5516,48.2305]]}},{"type":"Feature","properties":{"name":"La Vanne"},"geometry":{"type":"LineString","coordinates":[[3.5563,48.2304],[3.5560,48.2304]]}},{"type":"Feature","properties":{"name":"La Vanne"},"geometry":{"type":"LineString","coordinates":[[3.5391,48.2323],[3.5388,48.2323]]}},{"type":"Feature","properties":{"name":"La Vanne"},"geometry":{"type":"LineString","coordinates":[[3.5397,48.2323],[3.5391,48.2323]]}},{"type":"Feature","properties":{"name":"La Vanne"},"geometry":{"type":"LineString","coordinates":[[3.5707,48.2309],[3.5696,48.2305]]}},{"type":"Feature","properties":{"name":"La Vanne"},"geometry":{"type":"LineString","coordinates":[[3.5710,48.2309],[3.5707,48.2309]]}},{"type":"Feature","properties":{"name":"La Vanne"},"geometry":{"type":"LineString","coordinates":[[3.5719,48.2311],[3.5687,48.2303]]}},{"type":"Feature","properties":{"name":"La Vanne"},"geometry":{"type":"LineString","coordinates":[[3.3061,48.1784],[3.3060,48.1784]]}},{"type":"Feature","properties":{"name":"La Vanne"},"geometry":{"type":"LineString","coordinates":[[3.3060,48.1784],[3.3038,48.1783]]}},{"type":"Feature","properties":{"name":"La Vanne"},"geometry":{"type":"LineString","coordinates":[[3.3038,48.1783],[3.3038,48.1782]]}},{"type":"Feature","properties":{"name":"La Vanne"},"geometry":{"type":"LineString","coordinates":[[3.3038,48.1782],[3.3024,48.1781],[3.3013,48.1816],[3.2993,48.1812],[3.2874,48.1838]]}},{"type":"Feature","properties":{"name":"L\u0027Orvin"},"geometry":{"type":"LineString","coordinates":[[3.4065,48.4525],[3.4003,48.4575],[3.4007,48.4598],[3.3951,48.4618]]}},{"type":"Feature","properties":{"name":"L\u0027Orvin"},"geometry":{"type":"LineString","coordinates":[[3.4075,48.4146],[3.4051,48.4155],[3.4021,48.4150],[3.4015,48.4165],[3.3939,48.4198],[3.3917,48.4232],[3.3917,48.4263],[3.3946,48.4279],[3.3955,48.4305]]}},{"type":"Feature","properties":{"name":"L\u0027Orvin"},"geometry":{"type":"LineString","coordinates":[[3.3982,48.4404],[3.3997,48.4415]]}},{"type":"Feature","properties":{"name":"L\u0027Orvin"},"geometry":{"type":"LineString","coordinates":[[3.3997,48.4415],[3.4033,48.4442]]}},{"type":"Feature","properties":{"name":"L\u0027Orvin"},"geometry":{"type":"LineString","coordinates":[[3.3960,48.4400],[3.3982,48.4404]]}},{"type":"Feature","properties":{"name":"L\u0027Orvin"},"geometry":{"type":"LineString","coordinates":[[3.4780,48.4114],[3.4724,48.4113],[3.4698,48.4121],[3.4700,48.4130],[3.4681,48.4130],[3.4682,48.4144],[3.4571,48.4161],[3.4535,48.4151],[3.4522,48.4159],[3.4392,48.4168],[3.4362,48.4155],[3.4311,48.4156],[3.4211,48.4170],[3.4169,48.4155],[3.4143,48.4157],[3.4129,48.4149],[3.4133,48.4142],[3.4075,48.4146]]}},{"type":"Feature","properties":{"name":"L\u0027Orvin"},"geometry":{"type":"LineString","coordinates":[[3.4857,48.4123],[3.4780,48.4114]]}},{"type":"Feature","properties":{"name":"L\u0027Orvin"},"geometry":{"type":"LineString","coordinates":[[3.5880,48.3447],[3.5872,48.3463],[3.5819,48.3479],[3.5832,48.3514],[3.5852,48.3519],[3.5863,48.3542],[3.5852,48.3557],[3.5861,48.3578],[3.5854,48.3589]]}},{"type":"Feature","properties":{"name":"L\u0027Orvin"},"geometry":{"type":"LineString","coordinates":[[3.3955,48.4306],[3.3946,48.4318],[3.3973,48.4342],[3.3964,48.4356],[3.3946,48.4361],[3.3951,48.4370],[3.3937,48.4379],[3.3943,48.4388]]}},{"type":"Feature","properties":{"name":"L\u0027Orvin"},"geometry":{"type":"LineString","coordinates":[[3.3955,48.4305],[3.3955,48.4306]]}},{"type":"Feature","properties":{"name":"L\u0027Orvin"},"geometry":{"type":"LineString","coordinates":[[3.4033,48.4442],[3.4056,48.4459],[3.4065,48.4525]]}},{"type":"Feature","properties":{"name":"L\u0027Orvin"},"geometry":{"type":"LineString","coordinates":[[3.3943,48.4388],[3.3960,48.4400]]}},{"type":"Feature","properties":{"name":"L\u0027Orvin"},"geometry":{"type":"LineString","coordinates":[[3.5583,48.3695],[3.5502,48.3729],[3.5496,48.3744],[3.5468,48.3761],[3.5394,48.3769],[3.5362,48.3789],[3.5363,48.3798],[3.5341,48.3812],[3.5329,48.3845],[3.5281,48.3873],[3.5217,48.3948],[3.5166,48.4048],[3.5133,48.4054],[3.5111,48.4079],[3.5022,48.4100],[3.5016,48.4093],[3.5014,48.4100],[3.4969,48.4111],[3.4922,48.4106],[3.4857,48.4123]]}},{"type":"Feature","properties":{"name":"L\u0027Orvin"},"geometry":{"type":"LineString","coordinates":[[3.5584,48.3695],[3.5583,48.3695]]}},{"type":"Feature","properties":{"name":"L\u0027Orvin"},"geometry":{"type":"LineString","coordinates":[[3.5853,48.3590],[3.5856,48.3598],[3.5838,48.3603],[3.5838,48.3614],[3.5787,48.3632],[3.5764,48.3636],[3.5720,48.3624],[3.5691,48.3632],[3.5647,48.3665],[3.5584,48.3695]]}},{"type":"Feature","properties":{"name":"L\u0027Orvin"},"geometry":{"type":"LineString","coordinates":[[3.5854,48.3589],[3.5853,48.3590]]}},{"type":"Feature","properties":{"name":"L\u0027Aubetin"},"geometry":{"type":"LineString","coordinates":[[3.4404,48.6637],[3.4321,48.6657],[3.4316,48.6674],[3.4294,48.6685],[3.4248,48.6677],[3.4181,48.6697],[3.4163,48.6681],[3.4114,48.6683],[3.4080,48.6656],[3.4037,48.6668],[3.3991,48.6649],[3.3958,48.6657],[3.3947,48.6641],[3.3909,48.6621],[3.3875,48.6621],[3.3851,48.6642],[3.3782,48.6624],[3.3745,48.6646],[3.3699,48.6641],[3.3651,48.6657],[3.3611,48.6681],[3.3588,48.6716],[3.3514,48.6711],[3.3439,48.6753],[3.3427,48.6768],[3.3402,48.6773]]}},{"type":"Feature","properties":{"name":"L\u0027Aubetin"},"geometry":{"type":"LineString","coordinates":[[3.3402,48.6773],[3.3369,48.6792]]}},{"type":"Feature","properties":{"name":"L\u0027Aubetin"},"geometry":{"type":"LineString","coordinates":[[3.3087,48.6914],[3.3035,48.6934],[3.2984,48.6936],[3.2895,48.6958],[3.2841,48.6937]]}},{"type":"Feature","properties":{"name":"L\u0027Aubetin"},"geometry":{"type":"LineString","coordinates":[[3.3227,48.6872],[3.3224,48.6877]]}},{"type":"Feature","properties":{"name":"L\u0027Aubetin"},"geometry":{"type":"LineString","coordinates":[[3.3369,48.6792],[3.3309,48.6802],[3.3287,48.6821],[3.3279,48.6853]]}},{"type":"Feature","properties":{"name":"L\u0027Aubetin"},"geometry":{"type":"LineString","coordinates":[[3.3279,48.6853],[3.3227,48.6872]]}},{"type":"Feature","properties":{"name":"L\u0027Aubetin"},"geometry":{"type":"LineString","coordinates":[[3.3224,48.6877],[3.3194,48.6905],[3.3087,48.6914]]}},{"type":"Feature","properties":{"name":"Ru de Saint-Agnan"},"geometry":{"type":"LineString","coordinates":[[3.5888,49.0163],[3.5849,49.0138],[3.5838,49.0116],[3.5732,49.0078]]}},{"type":"Feature","properties":{"name":"Le Petit Morin"},"geometry":{"type":"LineString","coordinates":[[3.3072,48.8623],[3.3060,48.8626]]}},{"type":"Feature","properties":{"name":"Le Petit Morin"},"geometry":{"type":"LineString","coordinates":[[3.5030,48.8713],[3.4904,48.8679]]}},{"type":"Feature","properties":{"name":"Le Petit Morin"},"geometry":{"type":"LineString","coordinates":[[3.4904,48.8679],[3.4874,48.8667],[3.4817,48.8664]]}},{"type":"Feature","properties":{"name":"Le Petit Morin"},"geometry":{"type":"LineString","coordinates":[[3.3974,48.8678],[3.3911,48.8708],[3.3876,48.8711],[3.3836,48.8711],[3.3759,48.8677],[3.3724,48.8697],[3.3712,48.8726],[3.3676,48.8742],[3.3581,48.8719]]}},{"type":"Feature","properties":{"name":"Le Petit Morin"},"geometry":{"type":"LineString","coordinates":[[3.3541,48.8675],[3.3473,48.8659],[3.3435,48.8632],[3.3425,48.8613]]}},{"type":"Feature","properties":{"name":"Le Petit Morin"},"geometry":{"type":"LineString","coordinates":[[3.3327,48.8616],[3.3220,48.8591],[3.3161,48.8595],[3.3143,48.8606],[3.3147,48.8613],[3.3108,48.8607],[3.3072,48.8623]]}},{"type":"Feature","properties":{"name":"Le Petit Morin"},"geometry":{"type":"LineString","coordinates":[[3.3581,48.8719],[3.3562,48.8686],[3.3541,48.8675]]}},{"type":"Feature","properties":{"name":"Le Petit Morin"},"geometry":{"type":"LineString","coordinates":[[3.3997,48.8663],[3.3974,48.8678]]}},{"type":"Feature","properties":{"name":"Le Petit Morin"},"geometry":{"type":"LineString","coordinates":[[3.4767,48.8676],[3.4750,48.8677],[3.4738,48.8662]]}},{"type":"Feature","properties":{"name":"Le Petit Morin"},"geometry":{"type":"LineString","coordinates":[[3.4738,48.8662],[3.4747,48.8642],[3.4732,48.8618],[3.4656,48.8628]]}},{"type":"Feature","properties":{"name":"Le Petit Morin"},"geometry":{"type":"LineString","coordinates":[[3.5091,48.8672],[3.5088,48.8678]]}},{"type":"Feature","properties":{"name":"Le Petit Morin"},"geometry":{"type":"LineString","coordinates":[[3.4656,48.8628],[3.4593,48.8632],[3.4571,48.8575],[3.4557,48.8563]]}},{"type":"Feature","properties":{"name":"Le Petit Morin"},"geometry":{"type":"LineString","coordinates":[[3.4772,48.8674],[3.4767,48.8676]]}},{"type":"Feature","properties":{"name":"Le Petit Morin"},"geometry":{"type":"LineString","coordinates":[[3.5945,48.8434],[3.5894,48.8425],[3.5865,48.8439],[3.5809,48.8442],[3.5813,48.8454],[3.5801,48.8479],[3.5735,48.8497],[3.5713,48.8534],[3.5614,48.8529],[3.5546,48.8537],[3.5530,48.8547],[3.5543,48.8605],[3.5528,48.8611]]}},{"type":"Feature","properties":{"name":"Le Petit Morin"},"geometry":{"type":"LineString","coordinates":[[3.4494,48.8582],[3.4458,48.8605],[3.4438,48.8607],[3.4329,48.8596],[3.4329,48.8604],[3.4260,48.8635],[3.4242,48.8674],[3.4209,48.8674],[3.4184,48.8654]]}},{"type":"Feature","properties":{"name":"Le Petit Morin"},"geometry":{"type":"LineString","coordinates":[[3.4557,48.8563],[3.4523,48.8567],[3.4494,48.8582]]}},{"type":"Feature","properties":{"name":"Le Petit Morin"},"geometry":{"type":"LineString","coordinates":[[3.4817,48.8664],[3.4772,48.8674]]}},{"type":"Feature","properties":{"name":"Le Petit Morin"},"geometry":{"type":"LineString","coordinates":[[3.3425,48.8613],[3.3424,48.8611]]}},{"type":"Feature","properties":{"name":"Le Petit Morin"},"geometry":{"type":"LineString","coordinates":[[3.3424,48.8611],[3.3375,48.8599],[3.3366,48.8610],[3.3371,48.8616],[3.3327,48.8616]]}},{"type":"Feature","properties":{"name":"Le Petit Morin"},"geometry":{"type":"LineString","coordinates":[[3.5277,48.8632],[3.5269,48.8660],[3.5238,48.8682],[3.5174,48.8661],[3.5091,48.8672]]}},{"type":"Feature","properties":{"name":"Le Petit Morin"},"geometry":{"type":"LineString","coordinates":[[3.5088,48.8678],[3.5039,48.8684],[3.5034,48.8690],[3.5044,48.8694],[3.5030,48.8713]]}},{"type":"Feature","properties":{"name":"Le Petit Morin"},"geometry":{"type":"LineString","coordinates":[[3.5491,48.8630],[3.5440,48.8645],[3.5401,48.8644],[3.5387,48.8633],[3.5326,48.8618],[3.5277,48.8632]]}},{"type":"Feature","properties":{"name":"Le Petit Morin"},"geometry":{"type":"LineString","coordinates":[[3.4182,48.8653],[3.4156,48.8658],[3.4135,48.8640],[3.4107,48.8645],[3.4082,48.8632],[3.3997,48.8663]]}},{"type":"Feature","properties":{"name":"Le Petit Morin"},"geometry":{"type":"LineString","coordinates":[[3.4184,48.8654],[3.4182,48.8653]]}},{"type":"Feature","properties":{"name":"Le Petit Morin"},"geometry":{"type":"LineString","coordinates":[[3.3060,48.8626],[3.3021,48.8644],[3.2979,48.8679],[3.2947,48.8691],[3.2955,48.8725],[3.2948,48.8737]]}},{"type":"Feature","properties":{"name":"Le Petit Morin"},"geometry":{"type":"LineString","coordinates":[[3.5526,48.8612],[3.5491,48.8630]]}},{"type":"Feature","properties":{"name":"Le Petit Morin"},"geometry":{"type":"LineString","coordinates":[[3.5528,48.8611],[3.5526,48.8612]]}},{"type":"Feature","properties":{"name":"Le Dolloir"},"geometry":{"type":"LineString","coordinates":[[3.3898,48.9843],[3.3864,48.9834],[3.3845,48.9846],[3.3812,48.9833],[3.3808,48.9842],[3.3756,48.9843],[3.3736,48.9859],[3.3693,48.9857],[3.3674,48.9899],[3.3676,48.9919],[3.3688,48.9918],[3.3697,48.9929],[3.3685,48.9953],[3.3693,48.9964],[3.3671,48.9999]]}},{"type":"Feature","properties":{"name":"Le Dolloir"},"geometry":{"type":"LineString","coordinates":[[3.4080,48.9807],[3.4024,48.9826],[3.3982,48.9827],[3.3964,48.9817],[3.3898,48.9843]]}},{"type":"Feature","properties":{"name":"Le Resson"},"geometry":{"type":"LineString","coordinates":[[3.3832,48.4787],[3.3814,48.4799],[3.3807,48.4796],[3.3813,48.4782],[3.3782,48.4782],[3.3766,48.4772],[3.3734,48.4778],[3.3747,48.4792],[3.3732,48.4799],[3.3678,48.4746],[3.3655,48.4764],[3.3646,48.4759],[3.3627,48.4732],[3.3661,48.4716],[3.3615,48.4709],[3.3586,48.4684]]}},{"type":"Feature","properties":{"name":"Le Resson"},"geometry":{"type":"LineString","coordinates":[[3.5039,48.5285],[3.5015,48.5287],[3.5003,48.5268],[3.4969,48.5260],[3.4959,48.5240],[3.4893,48.5231],[3.4877,48.5217],[3.4882,48.5208],[3.4845,48.5183],[3.4844,48.5170],[3.4804,48.5156],[3.4763,48.5126],[3.4776,48.5082],[3.4765,48.5037],[3.4695,48.5032],[3.4629,48.5047],[3.4602,48.5069],[3.4586,48.5069],[3.4573,48.5056],[3.4537,48.5054],[3.4531,48.5025],[3.4509,48.5016],[3.4504,48.5001],[3.4486,48.4990],[3.4473,48.4992],[3.4459,48.4976],[3.4433,48.4973],[3.4428,48.4964],[3.4398,48.4961],[3.4244,48.4906],[3.4212,48.4922],[3.4196,48.4898],[3.4161,48.4898],[3.4149,48.4877],[3.4134,48.4870],[3.4084,48.4880]]}},{"type":"Feature","properties":{"name":"Le Resson"},"geometry":{"type":"LineString","coordinates":[[3.3586,48.4684],[3.3591,48.4669],[3.3625,48.4656],[3.3604,48.4655],[3.3583,48.4636]]}},{"type":"Feature","properties":{"name":"Le Resson"},"geometry":{"type":"LineString","coordinates":[[3.4084,48.4880],[3.4045,48.4883],[3.4037,48.4859],[3.3990,48.4872],[3.3982,48.4859],[3.4007,48.4848],[3.3998,48.4835],[3.3937,48.4844],[3.3931,48.4832],[3.3939,48.4813],[3.3834,48.4799],[3.3844,48.4785],[3.3832,48.4787]]}},{"type":"Feature","properties":{"name":"La Noxe"},"geometry":{"type":"LineString","coordinates":[[3.5554,48.5315],[3.5524,48.5304],[3.5478,48.5255],[3.5423,48.5239],[3.5423,48.5221],[3.5399,48.5227],[3.5325,48.5203],[3.5298,48.5203]]}},{"type":"Feature","properties":{"name":"La Noxe"},"geometry":{"type":"LineString","coordinates":[[3.5754,48.5711],[3.5763,48.5681],[3.5730,48.5665],[3.5735,48.5635],[3.5727,48.5629],[3.5726,48.5594],[3.5701,48.5566],[3.5701,48.5552],[3.5673,48.5529],[3.5676,48.5519],[3.5714,48.5504],[3.5795,48.5504],[3.5833,48.5475],[3.5844,48.5454],[3.5831,48.5438],[3.5757,48.5416],[3.5554,48.5315]]}},{"type":"Feature","properties":{"name":"L\u0027Yonne"},"geometry":{"type":"LineString","coordinates":[[3.2886,48.1282],[3.2924,48.1302],[3.2943,48.1325],[3.2965,48.1446],[3.3051,48.1491],[3.3069,48.1516],[3.3065,48.1543],[3.2988,48.1585]]}},{"type":"Feature","properties":{"name":"Noue de Pigny"},"geometry":{"type":"LineString","coordinates":[[3.5128,48.5258],[3.5064,48.5249],[3.5067,48.5237],[3.5040,48.5219],[3.4999,48.5205],[3.4997,48.5180],[3.4954,48.5135],[3.4916,48.5129],[3.4883,48.5104],[3.4839,48.5092],[3.4842,48.5062],[3.4817,48.5029],[3.4779,48.5006],[3.4763,48.4962],[3.4744,48.4961],[3.4739,48.4944]]}},{"type":"Feature","properties":{"name":"Ru de Chambrun"},"geometry":{"type":"LineString","coordinates":[[3.3170,48.8078],[3.3164,48.8057],[3.3127,48.8013],[3.3050,48.7974],[3.3056,48.7951],[3.3071,48.7947],[3.3064,48.7932],[3.3095,48.7909],[3.3071,48.7893],[3.3061,48.7864],[3.3033,48.7862],[3.3015,48.7850],[3.2974,48.7861]]}},{"type":"Feature","properties":{"name":"Le Grand Morin"},"geometry":{"type":"LineString","coordinates":[[3.4417,48.7821],[3.4406,48.7822],[3.4399,48.7843],[3.4372,48.7851],[3.4340,48.7809],[3.4286,48.7794],[3.4244,48.7827],[3.4244,48.7849]]}},{"type":"Feature","properties":{"name":"Le Grand Morin"},"geometry":{"type":"LineString","coordinates":[[3.4094,48.7837],[3.4082,48.7842]]}},{"type":"Feature","properties":{"name":"Le Grand Morin"},"geometry":{"type":"LineString","coordinates":[[3.5597,48.7239],[3.5557,48.7249],[3.5555,48.7261],[3.5576,48.7292],[3.5496,48.7298],[3.5472,48.7323],[3.5451,48.7319],[3.5416,48.7295],[3.5353,48.7293],[3.5352,48.7312],[3.5378,48.7343],[3.5361,48.7353],[3.5311,48.7348]]}},{"type":"Feature","properties":{"name":"Le Grand Morin"},"geometry":{"type":"LineString","coordinates":[[3.5599,48.7238],[3.5597,48.7239]]}},{"type":"Feature","properties":{"name":"Le Grand Morin"},"geometry":{"type":"LineString","coordinates":[[3.6155,48.6983],[3.6103,48.6985],[3.6081,48.6998],[3.6057,48.7077],[3.6065,48.7080],[3.6064,48.7101],[3.6021,48.7133],[3.6003,48.7164],[3.5957,48.7156],[3.5880,48.7184],[3.5846,48.7168],[3.5799,48.7162],[3.5800,48.7237],[3.5733,48.7249],[3.5700,48.7234],[3.5599,48.7238]]}},{"type":"Feature","properties":{"name":"Le Grand Morin"},"geometry":{"type":"LineString","coordinates":[[3.4146,48.7845],[3.4130,48.7830],[3.4094,48.7837]]}},{"type":"Feature","properties":{"name":"Le Grand Morin"},"geometry":{"type":"LineString","coordinates":[[3.3619,48.7752],[3.3532,48.7705]]}},{"type":"Feature","properties":{"name":"Le Grand Morin"},"geometry":{"type":"LineString","coordinates":[[3.3213,48.7773],[3.3186,48.7768],[3.3144,48.7788],[3.3144,48.7801],[3.3154,48.7807],[3.3148,48.7824],[3.3094,48.7814]]}},{"type":"Feature","properties":{"name":"Le Grand Morin"},"geometry":{"type":"LineString","coordinates":[[3.4244,48.7849],[3.4249,48.7861],[3.4241,48.7880],[3.4199,48.7888],[3.4158,48.7870],[3.4146,48.7845]]}},{"type":"Feature","properties":{"name":"Le Grand Morin"},"geometry":{"type":"LineString","coordinates":[[3.3094,48.7814],[3.3071,48.7796],[3.3017,48.7799],[3.2944,48.7900],[3.2917,48.7900],[3.2897,48.7885]]}},{"type":"Feature","properties":{"name":"Le Grand Morin"},"geometry":{"type":"LineString","coordinates":[[3.4082,48.7842],[3.4049,48.7853],[3.4014,48.7847],[3.3946,48.7801],[3.3898,48.7788],[3.3847,48.7789],[3.3786,48.7821],[3.3748,48.7823],[3.3739,48.7809],[3.3745,48.7795],[3.3757,48.7775],[3.3776,48.7766],[3.3772,48.7757],[3.3791,48.7735],[3.3770,48.7715],[3.3735,48.7714]]}},{"type":"Feature","properties":{"name":"Le Grand Morin"},"geometry":{"type":"LineString","coordinates":[[3.5220,48.7412],[3.5216,48.7430],[3.5186,48.7456],[3.5124,48.7467],[3.5097,48.7481],[3.5098,48.7497],[3.5122,48.7533],[3.5073,48.7575],[3.5084,48.7588],[3.5074,48.7599],[3.5072,48.7629],[3.5007,48.7669],[3.5017,48.7686],[3.5011,48.7696],[3.4970,48.7686],[3.4939,48.7655],[3.4915,48.7648],[3.4832,48.7655],[3.4812,48.7665],[3.4813,48.7684],[3.4797,48.7687],[3.4774,48.7685],[3.4745,48.7658],[3.4727,48.7655],[3.4698,48.7681],[3.4697,48.7715],[3.4682,48.7722],[3.4686,48.7743],[3.4669,48.7753],[3.4627,48.7754],[3.4615,48.7744],[3.4610,48.7720],[3.4572,48.7707],[3.4547,48.7717],[3.4543,48.7783],[3.4525,48.7803],[3.4469,48.7832],[3.4417,48.7821]]}},{"type":"Feature","properties":{"name":"Le Grand Morin"},"geometry":{"type":"LineString","coordinates":[[3.3532,48.7705],[3.3507,48.7694],[3.3474,48.7697],[3.3428,48.7712],[3.3395,48.7742],[3.3369,48.7742]]}},{"type":"Feature","properties":{"name":"Le Grand Morin"},"geometry":{"type":"LineString","coordinates":[[3.5311,48.7348],[3.5289,48.7324],[3.5252,48.7327],[3.5252,48.7368],[3.5203,48.7394],[3.5220,48.7412]]}},{"type":"Feature","properties":{"name":"Le Grand Morin"},"geometry":{"type":"LineString","coordinates":[[3.3360,48.7747],[3.3338,48.7746],[3.3254,48.7775],[3.3213,48.7773]]}},{"type":"Feature","properties":{"name":"Le Grand Morin"},"geometry":{"type":"LineString","coordinates":[[3.3369,48.7742],[3.3360,48.7747]]}},{"type":"Feature","properties":{"name":"Le Grand Morin"},"geometry":{"type":"LineString","coordinates":[[3.3735,48.7714],[3.3710,48.7717],[3.3659,48.7746],[3.3619,48.7752]]}},{"type":"Feature","properties":{"name":"Noue des Nageoires"},"geometry":{"type":"LineString","coordinates":[[3.5063,48.5178],[3.5047,48.5178],[3.5010,48.5135],[3.5030,48.5114],[3.5027,48.5104],[3.4996,48.5082],[3.4939,48.5010],[3.4896,48.5006],[3.4881,48.4990],[3.4856,48.4987],[3.4775,48.4995]]}},{"type":"Feature","properties":{"name":"Noue des Nageoires"},"geometry":{"type":"LineString","coordinates":[[3.5128,48.5258],[3.5137,48.5238]]}},{"type":"Feature","properties":{"name":"La Traconne"},"geometry":{"type":"LineString","coordinates":[[3.4040,48.5673],[3.4027,48.5690],[3.4046,48.5708],[3.4039,48.5723],[3.3931,48.5725],[3.3903,48.5764],[3.3870,48.5770],[3.3832,48.5741],[3.3794,48.5729],[3.3795,48.5717],[3.3777,48.5714],[3.3752,48.5661],[3.3706,48.5652],[3.3606,48.5568],[3.3575,48.5553],[3.3508,48.5547]]}},{"type":"Feature","properties":{"name":"La Voulzie"},"geometry":{"type":"LineString","coordinates":[[3.3075,48.5595],[3.3073,48.5595]]}},{"type":"Feature","properties":{"name":"La Voulzie"},"geometry":{"type":"LineString","coordinates":[[3.3508,48.5547],[3.3439,48.5541],[3.3343,48.5552],[3.3294,48.5540],[3.3207,48.5562]]}},{"type":"Feature","properties":{"name":"La Voulzie"},"geometry":{"type":"LineString","coordinates":[[3.3207,48.5562],[3.3191,48.5598],[3.3168,48.5596],[3.3170,48.5604],[3.3089,48.5603],[3.3075,48.5595]]}},{"type":"Feature","properties":{"name":"La Voulzie"},"geometry":{"type":"LineString","coordinates":[[3.3073,48.5595],[3.3071,48.5594]]}},{"type":"Feature","properties":{"name":"La Voulzie"},"geometry":{"type":"LineString","coordinates":[[3.3002,48.5580],[3.2997,48.5582]]}},{"type":"Feature","properties":{"name":"La Voulzie"},"geometry":{"type":"LineString","coordinates":[[3.3071,48.5594],[3.3051,48.5571],[3.2997,48.5567],[3.3002,48.5580]]}},{"type":"Feature","properties":{"name":"La Seine"},"geometry":{"type":"LineString","coordinates":[[3.4527,48.4848],[3.4455,48.4893],[3.4443,48.4940],[3.4428,48.4949],[3.4405,48.4945],[3.4398,48.4906],[3.4301,48.4901],[3.4290,48.4886],[3.4330,48.4839],[3.4308,48.4800],[3.4339,48.4759],[3.4342,48.4736],[3.4273,48.4697],[3.4232,48.4692],[3.4204,48.4706],[3.4218,48.4734],[3.4186,48.4743],[3.4167,48.4730],[3.4170,48.4707],[3.4143,48.4667],[3.3961,48.4661],[3.3941,48.4643],[3.3951,48.4613],[3.3932,48.4602],[3.3892,48.4601],[3.3882,48.4588],[3.3880,48.4557],[3.3870,48.4549],[3.3857,48.4548],[3.3850,48.4575],[3.3823,48.4594],[3.3709,48.4644],[3.3683,48.4641],[3.3627,48.4614],[3.3589,48.4637]]}},{"type":"Feature","properties":{"name":"La Seine"},"geometry":{"type":"LineString","coordinates":[[3.4692,48.4952],[3.4619,48.4919],[3.4577,48.4913],[3.4569,48.4889]]}},{"type":"Feature","properties":{"name":"La Seine"},"geometry":{"type":"LineString","coordinates":[[3.4569,48.4889],[3.4573,48.4871]]}},{"type":"Feature","properties":{"name":"La Seine"},"geometry":{"type":"LineString","coordinates":[[3.4569,48.4889],[3.4573,48.4871]]}},{"type":"Feature","properties":{"name":"La Seine"},"geometry":{"type":"LineString","coordinates":[[3.4573,48.4871],[3.4585,48.4845],[3.4579,48.4814],[3.4560,48.4810],[3.4541,48.4829]]}},{"type":"Feature","properties":{"name":"La Seine"},"geometry":{"type":"LineString","coordinates":[[3.4541,48.4829],[3.4533,48.4830],[3.4527,48.4848]]}},{"type":"Feature","properties":{"name":"La Seine"},"geometry":{"type":"LineString","coordinates":[[3.4541,48.4829],[3.4527,48.4848]]}},{"type":"Feature","properties":{"name":"La Seine"},"geometry":{"type":"LineString","coordinates":[[3.5304,48.5194],[3.5294,48.5218],[3.5276,48.5213],[3.5265,48.5178],[3.5285,48.5154],[3.5314,48.5146],[3.5274,48.5125],[3.5263,48.5101],[3.5238,48.5081],[3.5179,48.5060],[3.5114,48.5069],[3.5083,48.5058]]}},{"type":"Feature","properties":{"name":"La Seine"},"geometry":{"type":"LineString","coordinates":[[3.5083,48.5058],[3.5067,48.5036],[3.5066,48.5016]]}},{"type":"Feature","properties":{"name":"La Seine"},"geometry":{"type":"LineString","coordinates":[[3.6439,48.5365],[3.6401,48.5346],[3.6394,48.5297],[3.6377,48.5299],[3.6368,48.5321],[3.6352,48.5330],[3.6285,48.5297],[3.6260,48.5270],[3.6226,48.5284],[3.6202,48.5283],[3.6182,48.5261],[3.6217,48.5258],[3.6200,48.5233],[3.6166,48.5235],[3.6131,48.5225],[3.6110,48.5188],[3.6075,48.5173],[3.6046,48.5181],[3.6053,48.5207],[3.6040,48.5222],[3.5973,48.5221],[3.5946,48.5236],[3.5906,48.5226],[3.5910,48.5201],[3.5903,48.5191],[3.5843,48.5139],[3.5816,48.5140],[3.5745,48.5173],[3.5714,48.5171],[3.5709,48.5159],[3.5747,48.5139],[3.5734,48.5128],[3.5696,48.5131],[3.5687,48.5172],[3.5667,48.5197],[3.5634,48.5158],[3.5611,48.5147],[3.5478,48.5189],[3.5470,48.5179],[3.5482,48.5160],[3.5419,48.5156],[3.5407,48.5188],[3.5371,48.5201],[3.5356,48.5196],[3.5360,48.5184],[3.5350,48.5167],[3.5304,48.5194]]}},{"type":"Feature","properties":{"name":"La Seine"},"geometry":{"type":"LineString","coordinates":[[3.4962,48.4934],[3.4935,48.4919],[3.4895,48.4915],[3.4855,48.4935],[3.4692,48.4952]]}},{"type":"Feature","properties":{"name":"La Seine"},"geometry":{"type":"LineString","coordinates":[[3.4989,48.4949],[3.4962,48.4934]]}},{"type":"Feature","properties":{"name":"La Seine"},"geometry":{"type":"LineString","coordinates":[[3.5050,48.5005],[3.4988,48.4978],[3.4982,48.4954],[3.4962,48.4934]]}},{"type":"Feature","properties":{"name":"La Seine"},"geometry":{"type":"LineString","coordinates":[[3.3589,48.4637],[3.3532,48.4597],[3.3498,48.4598],[3.3480,48.4616],[3.3450,48.4619],[3.3425,48.4616],[3.3394,48.4586],[3.3283,48.4587],[3.3251,48.4573],[3.3230,48.4522]]}},{"type":"Feature","properties":{"name":"La Seine"},"geometry":{"type":"LineString","coordinates":[[3.3224,48.4511],[3.3213,48.4491],[3.3221,48.4471]]}},{"type":"Feature","properties":{"name":"La Seine"},"geometry":{"type":"LineString","coordinates":[[3.3221,48.4471],[3.3215,48.4445],[3.3202,48.4432],[3.3184,48.4421],[3.3136,48.4414],[3.3125,48.4404],[3.3125,48.4384],[3.3151,48.4349],[3.3146,48.4327],[3.3131,48.4312],[3.2820,48.4279],[3.2696,48.4216]]}},{"type":"Feature","properties":{"name":"La Seine"},"geometry":{"type":"LineString","coordinates":[[3.5023,48.4976],[3.4991,48.4980]]}},{"type":"Feature","properties":{"name":"La Seine"},"geometry":{"type":"LineString","coordinates":[[3.5066,48.5016],[3.5023,48.4976]]}},{"type":"Feature","properties":{"name":"La Seine"},"geometry":{"type":"LineString","coordinates":[[3.5023,48.4976],[3.4989,48.4949]]}},{"type":"Feature","properties":{"name":"La Seine"},"geometry":{"type":"LineString","coordinates":[[3.3230,48.4522],[3.3224,48.4511]]}},{"type":"Feature","properties":{"name":"La Marne"},"geometry":{"type":"LineString","coordinates":[[3.4902,49.0725],[3.4861,49.0716],[3.4843,49.0698]]}},{"type":"Feature","properties":{"name":"La Marne"},"geometry":{"type":"LineString","coordinates":[[3.4843,49.0698],[3.4820,49.0674]]}},{"type":"Feature","properties":{"name":"La Marne"},"geometry":{"type":"LineString","coordinates":[[3.5919,49.0603],[3.5750,49.0558],[3.5644,49.0582],[3.5611,49.0611],[3.5589,49.0706],[3.5541,49.0806],[3.5492,49.0848],[3.5404,49.0867],[3.5317,49.0840],[3.5274,49.0739],[3.5228,49.0693],[3.5200,49.0689],[3.5124,49.0717],[3.5030,49.0720],[3.5005,49.0713],[3.4926,49.0728],[3.4843,49.0698]]}},{"type":"Feature","properties":{"name":"La Marne"},"geometry":{"type":"LineString","coordinates":[[3.3747,49.0000],[3.3647,48.9998],[3.3578,48.9980],[3.3474,48.9990],[3.3435,48.9982],[3.3436,48.9950],[3.3491,48.9813],[3.3473,48.9790],[3.3348,48.9715],[3.3206,48.9697],[3.3016,48.9700],[3.2959,48.9688],[3.2858,48.9709],[3.2800,48.9681]]}},{"type":"Feature","properties":{"name":"La Marne"},"geometry":{"type":"LineString","coordinates":[[3.3775,49.0022],[3.3747,49.0000]]}},{"type":"Feature","properties":{"name":"La Marne"},"geometry":{"type":"LineString","coordinates":[[3.4820,49.0674],[3.4772,49.0602],[3.4763,49.0570],[3.4718,49.0491],[3.4685,49.0451],[3.4663,49.0441],[3.4563,49.0435],[3.4308,49.0460],[3.4243,49.0432],[3.4185,49.0424],[3.4111,49.0423],[3.4039,49.0441],[3.3932,49.0421],[3.3874,49.0392],[3.3825,49.0345],[3.3821,49.0296],[3.3793,49.0215],[3.3800,49.0188],[3.3776,49.0145],[3.3790,49.0070],[3.3775,49.0022]]}},{"type":"Feature","properties":{"name":"Ardusson"},"geometry":{"type":"LineString","coordinates":[[3.7006,48.4342],[3.6957,48.4352],[3.6882,48.4389],[3.6846,48.4397],[3.6823,48.4391],[3.6785,48.4399],[3.6669,48.4397],[3.6579,48.4427],[3.6533,48.4428],[3.6483,48.4450],[3.6440,48.4448],[3.6415,48.4463],[3.6412,48.4475],[3.6344,48.4479],[3.6317,48.4503],[3.6284,48.4499],[3.6284,48.4508],[3.6271,48.4512],[3.6262,48.4501],[3.6232,48.4496],[3.6180,48.4502],[3.6142,48.4516],[3.6048,48.4587],[3.6038,48.4626],[3.5987,48.4635],[3.5966,48.4649],[3.5696,48.4691],[3.5615,48.4728],[3.5589,48.4747],[3.5589,48.4771],[3.5556,48.4781],[3.5562,48.4795],[3.5496,48.4809],[3.5401,48.4862],[3.5334,48.4924],[3.5343,48.4929],[3.5329,48.4959]]}},{"type":"Feature","properties":{"name":"Le Surmelin"},"geometry":{"type":"LineString","coordinates":[[3.5269,49.0333],[3.5236,49.0370]]}},{"type":"Feature","properties":{"name":"Le Surmelin"},"geometry":{"type":"LineString","coordinates":[[3.5323,49.0245],[3.5312,49.0249]]}},{"type":"Feature","properties":{"name":"Le Surmelin"},"geometry":{"type":"LineString","coordinates":[[3.5547,49.0145],[3.5519,49.0155]]}},{"type":"Feature","properties":{"name":"Le Surmelin"},"geometry":{"type":"LineString","coordinates":[[3.5582,49.0123],[3.5555,49.0139]]}},{"type":"Feature","properties":{"name":"Le Surmelin"},"geometry":{"type":"LineString","coordinates":[[3.5555,49.0139],[3.5547,49.0145]]}},{"type":"Feature","properties":{"name":"Le Surmelin"},"geometry":{"type":"LineString","coordinates":[[3.5371,49.0221],[3.5362,49.0226]]}},{"type":"Feature","properties":{"name":"Le Surmelin"},"geometry":{"type":"LineString","coordinates":[[3.5519,49.0155],[3.5487,49.0160],[3.5454,49.0188]]}},{"type":"Feature","properties":{"name":"Le Surmelin"},"geometry":{"type":"LineString","coordinates":[[3.5454,49.0188],[3.5432,49.0195]]}},{"type":"Feature","properties":{"name":"Le Surmelin"},"geometry":{"type":"LineString","coordinates":[[3.5432,49.0195],[3.5371,49.0221]]}},{"type":"Feature","properties":{"name":"Le Surmelin"},"geometry":{"type":"LineString","coordinates":[[3.5362,49.0226],[3.5323,49.0245]]}},{"type":"Feature","properties":{"name":"Le Surmelin"},"geometry":{"type":"LineString","coordinates":[[3.5604,49.0110],[3.5582,49.0123]]}},{"type":"Feature","properties":{"name":"Le Surmelin"},"geometry":{"type":"LineString","coordinates":[[3.5279,49.0314],[3.5269,49.0333]]}},{"type":"Feature","properties":{"name":"Le Surmelin"},"geometry":{"type":"LineString","coordinates":[[3.5909,49.0025],[3.5859,49.0037],[3.5795,49.0033],[3.5777,49.0039],[3.5748,49.0069],[3.5732,49.0070],[3.5722,49.0086],[3.5681,49.0094],[3.5680,49.0104],[3.5634,49.0114],[3.5604,49.0110]]}},{"type":"Feature","properties":{"name":"Le Surmelin"},"geometry":{"type":"LineString","coordinates":[[3.5312,49.0249],[3.5298,49.0255],[3.5304,49.0264],[3.5296,49.0272]]}},{"type":"Feature","properties":{"name":"Le Surmelin"},"geometry":{"type":"LineString","coordinates":[[3.5209,49.0444],[3.5195,49.0470]]}},{"type":"Feature","properties":{"name":"Le Surmelin"},"geometry":{"type":"LineString","coordinates":[[3.5200,49.0465],[3.5195,49.0470]]}},{"type":"Feature","properties":{"name":"Le Surmelin"},"geometry":{"type":"LineString","coordinates":[[3.5214,49.0439],[3.5212,49.0459],[3.5193,49.0467]]}},{"type":"Feature","properties":{"name":"Le Surmelin"},"geometry":{"type":"LineString","coordinates":[[3.5195,49.0470],[3.5188,49.0482],[3.5195,49.0515],[3.5159,49.0582],[3.5165,49.0601],[3.5187,49.0608],[3.5182,49.0620],[3.5197,49.0645],[3.5191,49.0664],[3.5200,49.0689]]}},{"type":"Feature","properties":{"name":"Le Surmelin"},"geometry":{"type":"LineString","coordinates":[[3.5236,49.0370],[3.5209,49.0444]]}},{"type":"Feature","properties":{"name":"Le Surmelin"},"geometry":{"type":"LineString","coordinates":[[3.5296,49.0272],[3.5294,49.0296],[3.5279,49.0314]]}},{"type":"Feature","properties":{"name":"Le Surmelin"},"geometry":{"type":"LineString","coordinates":[[3.5296,49.0272],[3.5299,49.0296],[3.5279,49.0315]]}},{"type":"Feature","properties":{"name":"La Dhuys"},"geometry":{"type":"LineString","coordinates":[[3.5499,48.9555],[3.5494,48.9579],[3.5502,48.9592],[3.5475,48.9630],[3.5454,48.9644],[3.5457,48.9659]]}},{"type":"Feature","properties":{"name":"La Dhuys"},"geometry":{"type":"LineString","coordinates":[[3.5431,48.9767],[3.5446,48.9777],[3.5471,48.9821],[3.5504,48.9826],[3.5502,48.9850],[3.5529,48.9875],[3.5552,48.9922],[3.5582,48.9948]]}},{"type":"Feature","properties":{"name":"La Dhuys"},"geometry":{"type":"LineString","coordinates":[[3.5582,48.9948],[3.5583,48.9948]]}},{"type":"Feature","properties":{"name":"La Dhuys"},"geometry":{"type":"LineString","coordinates":[[3.5583,48.9948],[3.5610,48.9968],[3.5601,48.9980],[3.5601,49.0002],[3.5612,49.0016],[3.5599,49.0054],[3.5610,49.0084],[3.5605,49.0109]]}},{"type":"Feature","properties":{"name":"La Dhuys"},"geometry":{"type":"LineString","coordinates":[[3.5605,49.0109],[3.5604,49.0110]]}},{"type":"Feature","properties":{"name":"La Dhuys"},"geometry":{"type":"LineString","coordinates":[[3.5457,48.9659],[3.5441,48.9686],[3.5434,48.9714],[3.5441,48.9737],[3.5428,48.9750],[3.5431,48.9767]]}},{"type":"Feature","properties":{"name":"Le Petit Morin"},"geometry":{"type":"LineString","coordinates":[[3.2772,48.8799],[3.2741,48.8839],[3.2743,48.8847],[3.2719,48.8863]]}},{"type":"Feature","properties":{"name":"Le Petit Morin"},"geometry":{"type":"LineString","coordinates":[[3.2719,48.8863],[3.2575,48.8880],[3.2529,48.8866]]}},{"type":"Feature","properties":{"name":"Le Petit Morin"},"geometry":{"type":"LineString","coordinates":[[3.1589,48.9156],[3.1599,48.9163],[3.1595,48.9180],[3.1586,48.9181],[3.1595,48.9195],[3.1576,48.9210],[3.1588,48.9215],[3.1513,48.9287],[3.1513,48.9328],[3.1535,48.9336],[3.1534,48.9360],[3.1478,48.9388],[3.1456,48.9390],[3.1410,48.9370],[3.1384,48.9374],[3.1330,48.9349],[3.1258,48.9360],[3.1245,48.9368],[3.1230,48.9412],[3.1233,48.9436],[3.1213,48.9449]]}},{"type":"Feature","properties":{"name":"Le Petit Morin"},"geometry":{"type":"LineString","coordinates":[[3.2082,48.9075],[3.2055,48.9073],[3.2045,48.9054],[3.2000,48.9026],[3.1965,48.9024],[3.1954,48.9000],[3.1931,48.8983],[3.1865,48.8985],[3.1846,48.9005]]}},{"type":"Feature","properties":{"name":"Le Petit Morin"},"geometry":{"type":"LineString","coordinates":[[3.2400,48.8952],[3.2334,48.8999],[3.2290,48.8997],[3.2200,48.9014],[3.2166,48.9047],[3.2168,48.9061],[3.2155,48.9060],[3.2145,48.9080],[3.2123,48.9088]]}},{"type":"Feature","properties":{"name":"Le Petit Morin"},"geometry":{"type":"LineString","coordinates":[[3.1846,48.9005],[3.1833,48.9028],[3.1845,48.9041],[3.1839,48.9056],[3.1851,48.9073],[3.1839,48.9089],[3.1781,48.9099],[3.1702,48.9074],[3.1626,48.9090],[3.1592,48.9087],[3.1582,48.9102],[3.1588,48.9107],[3.1574,48.9113],[3.1583,48.9120],[3.1589,48.9156]]}},{"type":"Feature","properties":{"name":"Le Petit Morin"},"geometry":{"type":"LineString","coordinates":[[3.2947,48.8738],[3.2932,48.8762],[3.2906,48.8778],[3.2830,48.8783],[3.2827,48.8798],[3.2797,48.8792],[3.2772,48.8799]]}},{"type":"Feature","properties":{"name":"Le Petit Morin"},"geometry":{"type":"LineString","coordinates":[[3.2123,48.9088],[3.2082,48.9075]]}},{"type":"Feature","properties":{"name":"Le Petit Morin"},"geometry":{"type":"LineString","coordinates":[[3.2526,48.8866],[3.2443,48.8891],[3.2416,48.8928],[3.2419,48.8941],[3.2400,48.8952]]}},{"type":"Feature","properties":{"name":"Le Petit Morin"},"geometry":{"type":"LineString","coordinates":[[3.2529,48.8866],[3.2526,48.8866]]}},{"type":"Feature","properties":{"name":"Le Petit Morin"},"geometry":{"type":"LineString","coordinates":[[3.2531,48.8866],[3.2514,48.8866]]}},{"type":"Feature","properties":{"name":"Le Petit Morin"},"geometry":{"type":"LineString","coordinates":[[3.1833,48.9028],[3.1826,48.9031],[3.1839,48.9034]]}},{"type":"Feature","properties":{"name":"Le Petit Morin"},"geometry":{"type":"LineString","coordinates":[[3.2948,48.8737],[3.2947,48.8738]]}},{"type":"Feature","properties":{"name":"La Thérouanne"},"geometry":{"type":"LineString","coordinates":[[2.9106,49.0369],[2.9186,49.0385],[2.9245,49.0382],[2.9275,49.0343]]}},{"type":"Feature","properties":{"name":"La Thérouanne"},"geometry":{"type":"LineString","coordinates":[[2.7930,49.0784],[2.7939,49.0784]]}},{"type":"Feature","properties":{"name":"La Thérouanne"},"geometry":{"type":"LineString","coordinates":[[2.9822,49.0098],[2.9818,49.0097]]}},{"type":"Feature","properties":{"name":"La Thérouanne"},"geometry":{"type":"LineString","coordinates":[[2.9818,49.0097],[2.9747,49.0064],[2.9707,49.0074],[2.9671,49.0063],[2.9642,49.0067],[2.9643,49.0059],[2.9628,49.0058],[2.9612,49.0044]]}},{"type":"Feature","properties":{"name":"La Thérouanne"},"geometry":{"type":"LineString","coordinates":[[2.8004,49.0790],[2.8035,49.0783],[2.8084,49.0740]]}},{"type":"Feature","properties":{"name":"La Thérouanne"},"geometry":{"type":"LineString","coordinates":[[2.8118,49.0733],[2.8205,49.0732],[2.8204,49.0715],[2.8275,49.0707],[2.8315,49.0687],[2.8325,49.0667],[2.8379,49.0639],[2.8517,49.0631],[2.8589,49.0591],[2.8634,49.0598],[2.8678,49.0591],[2.8690,49.0577],[2.8691,49.0545],[2.8703,49.0536],[2.8830,49.0518],[2.8871,49.0491],[2.8923,49.0480],[2.8925,49.0446],[2.8934,49.0436],[2.8982,49.0427],[2.9033,49.0438],[2.9043,49.0395],[2.9064,49.0377],[2.9116,49.0361],[2.9196,49.0382],[2.9273,49.0373],[2.9284,49.0353],[2.9275,49.0341],[2.9300,49.0329],[2.9369,49.0340],[2.9385,49.0350],[2.9434,49.0321],[2.9456,49.0289],[2.9527,49.0269],[2.9549,49.0237],[2.9572,49.0231],[2.9622,49.0242],[2.9635,49.0198],[2.9658,49.0187],[2.9703,49.0202],[2.9753,49.0240],[2.9778,49.0237],[2.9801,49.0215],[2.9796,49.0177],[2.9822,49.0154]]}},{"type":"Feature","properties":{"name":"La Thérouanne"},"geometry":{"type":"LineString","coordinates":[[2.8084,49.0740],[2.8087,49.0739]]}},{"type":"Feature","properties":{"name":"La Thérouanne"},"geometry":{"type":"LineString","coordinates":[[2.7999,49.0791],[2.8004,49.0790]]}},{"type":"Feature","properties":{"name":"La Thérouanne"},"geometry":{"type":"LineString","coordinates":[[2.7939,49.0784],[2.7999,49.0791]]}},{"type":"Feature","properties":{"name":"La Thérouanne"},"geometry":{"type":"LineString","coordinates":[[2.9823,49.0154],[2.9835,49.0150],[2.9831,49.0130],[2.9839,49.0120],[2.9866,49.0104],[2.9834,49.0091],[2.9822,49.0098]]}},{"type":"Feature","properties":{"name":"La Thérouanne"},"geometry":{"type":"LineString","coordinates":[[2.9822,49.0154],[2.9823,49.0154]]}},{"type":"Feature","properties":{"name":"La Thérouanne"},"geometry":{"type":"LineString","coordinates":[[2.8087,49.0739],[2.8111,49.0734]]}},{"type":"Feature","properties":{"name":"La Thérouanne"},"geometry":{"type":"LineString","coordinates":[[2.8111,49.0734],[2.8118,49.0733]]}},{"type":"Feature","properties":{"name":"La Voulzie"},"geometry":{"type":"LineString","coordinates":[[3.2522,48.5264],[3.2474,48.5208],[3.2429,48.5198],[3.2419,48.5187],[3.2434,48.5173],[3.2439,48.5123],[3.2411,48.5099],[3.2396,48.5022],[3.2364,48.5006]]}},{"type":"Feature","properties":{"name":"La Voulzie"},"geometry":{"type":"LineString","coordinates":[[3.2655,48.5344],[3.2656,48.5339]]}},{"type":"Feature","properties":{"name":"La Voulzie"},"geometry":{"type":"LineString","coordinates":[[3.2559,48.5299],[3.2522,48.5264]]}},{"type":"Feature","properties":{"name":"La Voulzie"},"geometry":{"type":"LineString","coordinates":[[3.2571,48.5303],[3.2559,48.5299]]}},{"type":"Feature","properties":{"name":"La Voulzie"},"geometry":{"type":"LineString","coordinates":[[3.2656,48.5339],[3.2650,48.5321],[3.2625,48.5310]]}},{"type":"Feature","properties":{"name":"La Voulzie"},"geometry":{"type":"LineString","coordinates":[[3.2625,48.5310],[3.2610,48.5314]]}},{"type":"Feature","properties":{"name":"La Voulzie"},"geometry":{"type":"LineString","coordinates":[[3.2610,48.5314],[3.2571,48.5303]]}},{"type":"Feature","properties":{"name":"La Voulzie"},"geometry":{"type":"LineString","coordinates":[[3.2925,48.5519],[3.2852,48.5478]]}},{"type":"Feature","properties":{"name":"La Voulzie"},"geometry":{"type":"LineString","coordinates":[[3.2926,48.5517],[3.2898,48.5485]]}},{"type":"Feature","properties":{"name":"La Voulzie"},"geometry":{"type":"LineString","coordinates":[[3.2982,48.5586],[3.2981,48.5586]]}},{"type":"Feature","properties":{"name":"La Voulzie"},"geometry":{"type":"LineString","coordinates":[[3.2979,48.5582],[3.2929,48.5519]]}},{"type":"Feature","properties":{"name":"La Voulzie"},"geometry":{"type":"LineString","coordinates":[[3.2984,48.5586],[3.2982,48.5586]]}},{"type":"Feature","properties":{"name":"La Voulzie"},"geometry":{"type":"LineString","coordinates":[[3.2981,48.5586],[3.2979,48.5582]]}},{"type":"Feature","properties":{"name":"La Voulzie"},"geometry":{"type":"LineString","coordinates":[[3.2997,48.5582],[3.2984,48.5586]]}},{"type":"Feature","properties":{"name":"La Voulzie"},"geometry":{"type":"LineString","coordinates":[[3.2854,48.5459],[3.2853,48.5459]]}},{"type":"Feature","properties":{"name":"La Voulzie"},"geometry":{"type":"LineString","coordinates":[[3.2869,48.5462],[3.2854,48.5459]]}},{"type":"Feature","properties":{"name":"La Voulzie"},"geometry":{"type":"LineString","coordinates":[[3.2879,48.5473],[3.2869,48.5462]]}},{"type":"Feature","properties":{"name":"La Voulzie"},"geometry":{"type":"LineString","coordinates":[[3.2898,48.5485],[3.2811,48.5435],[3.2754,48.5418],[3.2720,48.5419],[3.2678,48.5392]]}},{"type":"Feature","properties":{"name":"La Voulzie"},"geometry":{"type":"LineString","coordinates":[[3.2678,48.5392],[3.2651,48.5357],[3.2655,48.5344]]}},{"type":"Feature","properties":{"name":"La Voulzie"},"geometry":{"type":"LineString","coordinates":[[3.2348,48.4801],[3.2333,48.4761],[3.2341,48.4705],[3.2323,48.4670],[3.2364,48.4627],[3.2361,48.4618],[3.2344,48.4593],[3.2268,48.4561],[3.2232,48.4557],[3.2235,48.4545],[3.2221,48.4532],[3.2229,48.4523],[3.2207,48.4505],[3.2208,48.4490],[3.2187,48.4482],[3.2185,48.4452]]}},{"type":"Feature","properties":{"name":"La Voulzie"},"geometry":{"type":"LineString","coordinates":[[3.2185,48.4452],[3.2177,48.4414],[3.2146,48.4384],[3.2125,48.4348],[3.2105,48.4335],[3.2119,48.4327],[3.2119,48.4316],[3.2099,48.4310],[3.2079,48.4272]]}},{"type":"Feature","properties":{"name":"La Voulzie"},"geometry":{"type":"LineString","coordinates":[[3.2349,48.4879],[3.2357,48.4855],[3.2343,48.4819],[3.2348,48.4801]]}},{"type":"Feature","properties":{"name":"La Voulzie"},"geometry":{"type":"LineString","coordinates":[[3.2349,48.4880],[3.2349,48.4879]]}},{"type":"Feature","properties":{"name":"La Voulzie"},"geometry":{"type":"LineString","coordinates":[[3.2378,48.4975],[3.2369,48.4941],[3.2357,48.4934],[3.2363,48.4901],[3.2349,48.4880]]}},{"type":"Feature","properties":{"name":"La Voulzie"},"geometry":{"type":"LineString","coordinates":[[3.2380,48.4977],[3.2378,48.4975]]}},{"type":"Feature","properties":{"name":"La Voulzie"},"geometry":{"type":"LineString","coordinates":[[3.2364,48.5006],[3.2363,48.4987],[3.2378,48.4987],[3.2380,48.4977]]}},{"type":"Feature","properties":{"name":"La Voulzie"},"geometry":{"type":"LineString","coordinates":[[3.2852,48.5478],[3.2844,48.5473]]}},{"type":"Feature","properties":{"name":"La Voulzie"},"geometry":{"type":"LineString","coordinates":[[3.2844,48.5473],[3.2817,48.5459]]}},{"type":"Feature","properties":{"name":"La Voulzie"},"geometry":{"type":"LineString","coordinates":[[3.2927,48.5518],[3.2926,48.5517]]}},{"type":"Feature","properties":{"name":"La Voulzie"},"geometry":{"type":"LineString","coordinates":[[3.2929,48.5519],[3.2927,48.5518]]}},{"type":"Feature","properties":{"name":"La Voulzie"},"geometry":{"type":"LineString","coordinates":[[3.2937,48.5525],[3.2927,48.5520]]}},{"type":"Feature","properties":{"name":"La Voulzie"},"geometry":{"type":"LineString","coordinates":[[3.2927,48.5520],[3.2925,48.5519]]}},{"type":"Feature","properties":{"name":"Ru de Piétrée"},"geometry":{"type":"LineString","coordinates":[[3.1706,48.7790],[3.1717,48.7801],[3.1705,48.7814],[3.1733,48.7845],[3.1740,48.7868],[3.1755,48.7880],[3.1784,48.7882],[3.1846,48.7951],[3.1947,48.7975],[3.2013,48.8026]]}},{"type":"Feature","properties":{"name":"La Vanne"},"geometry":{"type":"LineString","coordinates":[[3.2840,48.1841],[3.2818,48.1839],[3.2813,48.1847]]}},{"type":"Feature","properties":{"name":"La Vanne"},"geometry":{"type":"LineString","coordinates":[[3.2873,48.1837],[3.2800,48.1853],[3.2769,48.1847],[3.2690,48.1898]]}},{"type":"Feature","properties":{"name":"La Vanne"},"geometry":{"type":"LineString","coordinates":[[3.2874,48.1838],[3.2873,48.1837]]}},{"type":"Feature","properties":{"name":"La Vanne"},"geometry":{"type":"LineString","coordinates":[[3.2689,48.1899],[3.2685,48.1902]]}},{"type":"Feature","properties":{"name":"La Vanne"},"geometry":{"type":"LineString","coordinates":[[3.2690,48.1898],[3.2689,48.1899]]}},{"type":"Feature","properties":{"name":"L\u0027Ourcq"},"geometry":{"type":"LineString","coordinates":[[3.0806,49.1376],[3.0801,49.1353],[3.0811,49.1343],[3.0834,49.1343],[3.0826,49.1319],[3.0846,49.1316],[3.0849,49.1297],[3.0873,49.1279],[3.0879,49.1259],[3.0892,49.1264],[3.0885,49.1250],[3.0900,49.1243],[3.0838,49.1209],[3.0768,49.1221],[3.0765,49.1210],[3.0720,49.1178],[3.0695,49.1176],[3.0703,49.1162],[3.0674,49.1143],[3.0690,49.1135],[3.0672,49.1129],[3.0673,49.1117],[3.0649,49.1115],[3.0649,49.1103],[3.0634,49.1099],[3.0626,49.1064],[3.0592,49.1038],[3.0594,49.1025],[3.0562,49.1020],[3.0555,49.0969],[3.0569,49.0960],[3.0574,49.0939],[3.0600,49.0919],[3.0595,49.0910],[3.0635,49.0904],[3.0650,49.0871],[3.0662,49.0866],[3.0657,49.0826],[3.0489,49.0764],[3.0447,49.0728],[3.0503,49.0676],[3.0504,49.0659],[3.0531,49.0649],[3.0530,49.0637],[3.0549,49.0617],[3.0596,49.0610],[3.0591,49.0595],[3.0613,49.0589],[3.0600,49.0582],[3.0614,49.0580],[3.0625,49.0538],[3.0609,49.0525],[3.0510,49.0498],[3.0492,49.0480],[3.0454,49.0482],[3.0388,49.0461],[3.0377,49.0451],[3.0378,49.0439],[3.0356,49.0450],[3.0354,49.0437],[3.0417,49.0390],[3.0431,49.0388],[3.0444,49.0398],[3.0520,49.0365],[3.0496,49.0321],[3.0438,49.0286],[3.0301,49.0268],[3.0274,49.0244],[3.0218,49.0226],[3.0170,49.0236],[3.0134,49.0262],[3.0121,49.0259],[3.0109,49.0246],[3.0108,49.0226],[3.0157,49.0158],[3.0132,49.0138]]}},{"type":"Feature","properties":{"name":"L\u0027Ourcq"},"geometry":{"type":"LineString","coordinates":[[3.0379,49.0440],[3.0380,49.0420]]}},{"type":"Feature","properties":{"name":"L\u0027Yonne"},"geometry":{"type":"LineString","coordinates":[[3.1394,48.3284],[3.1356,48.3292],[3.1324,48.3314],[3.1327,48.3332],[3.1341,48.3340],[3.1410,48.3346],[3.1412,48.3365],[3.1372,48.3382],[3.1351,48.3382],[3.1221,48.3329],[3.1187,48.3341],[3.1164,48.3383],[3.1151,48.3389],[3.1122,48.3380],[3.1090,48.3346],[3.1057,48.3346],[3.1046,48.3369],[3.1056,48.3402],[3.1090,48.3450],[3.1066,48.3478],[3.1023,48.3502]]}},{"type":"Feature","properties":{"name":"L\u0027Yonne"},"geometry":{"type":"LineString","coordinates":[[3.1037,48.3496],[3.1023,48.3502]]}},{"type":"Feature","properties":{"name":"L\u0027Yonne"},"geometry":{"type":"LineString","coordinates":[[3.1615,48.3335],[3.1509,48.3264],[3.1394,48.3284]]}},{"type":"Feature","properties":{"name":"L\u0027Yonne"},"geometry":{"type":"LineString","coordinates":[[3.2386,48.2576],[3.2366,48.2590]]}},{"type":"Feature","properties":{"name":"L\u0027Yonne"},"geometry":{"type":"LineString","coordinates":[[3.2658,48.1882],[3.2756,48.1958],[3.2763,48.1983],[3.2745,48.2046]]}},{"type":"Feature","properties":{"name":"L\u0027Yonne"},"geometry":{"type":"LineString","coordinates":[[3.2948,48.1595],[3.2883,48.1610],[3.2811,48.1642],[3.2709,48.1745],[3.2604,48.1752],[3.2612,48.1820],[3.2628,48.1849]]}},{"type":"Feature","properties":{"name":"L\u0027Yonne"},"geometry":{"type":"LineString","coordinates":[[3.2745,48.2046],[3.2745,48.2049]]}},{"type":"Feature","properties":{"name":"L\u0027Yonne"},"geometry":{"type":"LineString","coordinates":[[3.2656,48.2203],[3.2653,48.2244],[3.2627,48.2313],[3.2521,48.2382],[3.2444,48.2474],[3.2406,48.2549],[3.2352,48.2608],[3.2345,48.2667],[3.2277,48.2695],[3.2064,48.2866],[3.2067,48.2928],[3.2096,48.2985]]}},{"type":"Feature","properties":{"name":"L\u0027Yonne"},"geometry":{"type":"LineString","coordinates":[[3.2732,48.1936],[3.2730,48.2015],[3.2745,48.2042]]}},{"type":"Feature","properties":{"name":"L\u0027Yonne"},"geometry":{"type":"LineString","coordinates":[[3.2845,48.1270],[3.2914,48.1296]]}},{"type":"Feature","properties":{"name":"L\u0027Yonne"},"geometry":{"type":"LineString","coordinates":[[3.2907,48.0888],[3.2871,48.0966],[3.2746,48.1044],[3.2705,48.1097],[3.2713,48.1141],[3.2809,48.1245],[3.2874,48.1278]]}},{"type":"Feature","properties":{"name":"L\u0027Yonne"},"geometry":{"type":"LineString","coordinates":[[3.2096,48.2985],[3.2097,48.3000],[3.2120,48.3020],[3.2122,48.3032],[3.2081,48.3059],[3.2042,48.3054]]}},{"type":"Feature","properties":{"name":"L\u0027Yonne"},"geometry":{"type":"LineString","coordinates":[[3.2096,48.2985],[3.2106,48.2997]]}},{"type":"Feature","properties":{"name":"L\u0027Yonne"},"geometry":{"type":"LineString","coordinates":[[3.1746,48.3253],[3.1665,48.3275],[3.1654,48.3284],[3.1653,48.3324],[3.1615,48.3335]]}},{"type":"Feature","properties":{"name":"L\u0027Yonne"},"geometry":{"type":"LineString","coordinates":[[3.2042,48.3054],[3.2007,48.3057],[3.1951,48.3084]]}},{"type":"Feature","properties":{"name":"L\u0027Yonne"},"geometry":{"type":"LineString","coordinates":[[3.1951,48.3084],[3.1951,48.3109],[3.1981,48.3128]]}},{"type":"Feature","properties":{"name":"L\u0027Yonne"},"geometry":{"type":"LineString","coordinates":[[3.1971,48.3188],[3.1891,48.3231],[3.1746,48.3253]]}},{"type":"Feature","properties":{"name":"L\u0027Yonne"},"geometry":{"type":"LineString","coordinates":[[3.1996,48.3151],[3.1998,48.3162]]}},{"type":"Feature","properties":{"name":"L\u0027Yonne"},"geometry":{"type":"LineString","coordinates":[[3.1981,48.3128],[3.1996,48.3151]]}},{"type":"Feature","properties":{"name":"L\u0027Yonne"},"geometry":{"type":"LineString","coordinates":[[3.1981,48.3128],[3.1996,48.3151]]}},{"type":"Feature","properties":{"name":"L\u0027Yonne"},"geometry":{"type":"LineString","coordinates":[[3.1998,48.3162],[3.1994,48.3174],[3.1971,48.3188]]}},{"type":"Feature","properties":{"name":"L\u0027Yonne"},"geometry":{"type":"LineString","coordinates":[[3.2111,48.3005],[3.2119,48.3019]]}},{"type":"Feature","properties":{"name":"L\u0027Yonne"},"geometry":{"type":"LineString","coordinates":[[3.2403,48.2553],[3.2393,48.2568]]}},{"type":"Feature","properties":{"name":"L\u0027Yonne"},"geometry":{"type":"LineString","coordinates":[[3.2745,48.2049],[3.2724,48.2110],[3.2658,48.2140],[3.2654,48.2169]]}},{"type":"Feature","properties":{"name":"L\u0027Yonne"},"geometry":{"type":"LineString","coordinates":[[3.2637,48.1864],[3.2658,48.1882]]}},{"type":"Feature","properties":{"name":"L\u0027Yonne"},"geometry":{"type":"LineString","coordinates":[[3.2628,48.1849],[3.2637,48.1864]]}},{"type":"Feature","properties":{"name":"L\u0027Yonne"},"geometry":{"type":"LineString","coordinates":[[3.2138,48.2805],[3.2076,48.2835],[3.2072,48.2857]]}},{"type":"Feature","properties":{"name":"L\u0027Yonne"},"geometry":{"type":"LineString","coordinates":[[3.2654,48.2169],[3.2656,48.2203]]}},{"type":"Feature","properties":{"name":"L\u0027Yonne"},"geometry":{"type":"LineString","coordinates":[[3.2988,48.1585],[3.2948,48.1595]]}},{"type":"Feature","properties":{"name":"Le Durteint"},"geometry":{"type":"LineString","coordinates":[[3.2852,48.5787],[3.2849,48.5765],[3.2884,48.5730],[3.2883,48.5713],[3.2902,48.5697],[3.2892,48.5644],[3.2944,48.5632]]}},{"type":"Feature","properties":{"name":"Le Durteint"},"geometry":{"type":"LineString","coordinates":[[3.2947,48.5631],[3.2963,48.5625],[3.2963,48.5609]]}},{"type":"Feature","properties":{"name":"Le Durteint"},"geometry":{"type":"LineString","coordinates":[[3.2944,48.5632],[3.2947,48.5631]]}},{"type":"Feature","properties":{"name":"Le Durteint"},"geometry":{"type":"LineString","coordinates":[[3.2963,48.5609],[3.2966,48.5606]]}},{"type":"Feature","properties":{"name":"Le Durteint"},"geometry":{"type":"LineString","coordinates":[[3.2966,48.5606],[3.2951,48.5593]]}},{"type":"Feature","properties":{"name":"Le Durteint"},"geometry":{"type":"LineString","coordinates":[[3.2718,48.5860],[3.2742,48.5838],[3.2772,48.5845],[3.2821,48.5837],[3.2815,48.5830],[3.2824,48.5809],[3.2852,48.5787]]}},{"type":"Feature","properties":{"name":"Le Durteint"},"geometry":{"type":"LineString","coordinates":[[3.2821,48.5834],[3.2822,48.5827]]}},{"type":"Feature","properties":{"name":"Le Durteint"},"geometry":{"type":"LineString","coordinates":[[3.2781,48.5842],[3.2795,48.5841]]}},{"type":"Feature","properties":{"name":"Le Durteint"},"geometry":{"type":"LineString","coordinates":[[3.2852,48.5497],[3.2852,48.5497]]}},{"type":"Feature","properties":{"name":"Le Durteint"},"geometry":{"type":"LineString","coordinates":[[3.2857,48.5503],[3.2852,48.5497]]}},{"type":"Feature","properties":{"name":"Le Durteint"},"geometry":{"type":"LineString","coordinates":[[3.2832,48.5481],[3.2830,48.5480]]}},{"type":"Feature","properties":{"name":"Le Durteint"},"geometry":{"type":"LineString","coordinates":[[3.2852,48.5497],[3.2832,48.5481]]}},{"type":"Feature","properties":{"name":"Le Durteint"},"geometry":{"type":"LineString","coordinates":[[3.2830,48.5480],[3.2790,48.5446],[3.2798,48.5442],[3.2771,48.5431],[3.2742,48.5435],[3.2727,48.5427],[3.2729,48.5418]]}},{"type":"Feature","properties":{"name":"Le Durteint"},"geometry":{"type":"LineString","coordinates":[[3.2878,48.5533],[3.2878,48.5531]]}},{"type":"Feature","properties":{"name":"Le Durteint"},"geometry":{"type":"LineString","coordinates":[[3.2878,48.5531],[3.2864,48.5518]]}},{"type":"Feature","properties":{"name":"Le Durteint"},"geometry":{"type":"LineString","coordinates":[[3.2864,48.5517],[3.2857,48.5503]]}},{"type":"Feature","properties":{"name":"Le Durteint"},"geometry":{"type":"LineString","coordinates":[[3.2864,48.5518],[3.2864,48.5517]]}},{"type":"Feature","properties":{"name":"Le Durteint"},"geometry":{"type":"LineString","coordinates":[[3.2877,48.5539],[3.2878,48.5533]]}},{"type":"Feature","properties":{"name":"Le Durteint"},"geometry":{"type":"LineString","coordinates":[[3.2882,48.5543],[3.2877,48.5539]]}},{"type":"Feature","properties":{"name":"Le Durteint"},"geometry":{"type":"LineString","coordinates":[[3.2933,48.5570],[3.2933,48.5570]]}},{"type":"Feature","properties":{"name":"Le Durteint"},"geometry":{"type":"LineString","coordinates":[[3.2933,48.5570],[3.2882,48.5543]]}},{"type":"Feature","properties":{"name":"Le Durteint"},"geometry":{"type":"LineString","coordinates":[[3.2937,48.5578],[3.2937,48.5577]]}},{"type":"Feature","properties":{"name":"Le Durteint"},"geometry":{"type":"LineString","coordinates":[[3.2937,48.5577],[3.2933,48.5570]]}},{"type":"Feature","properties":{"name":"Le Durteint"},"geometry":{"type":"LineString","coordinates":[[3.2951,48.5593],[3.2950,48.5592]]}},{"type":"Feature","properties":{"name":"Le Durteint"},"geometry":{"type":"LineString","coordinates":[[3.2950,48.5592],[3.2937,48.5578]]}},{"type":"Feature","properties":{"name":"Le Durteint"},"geometry":{"type":"LineString","coordinates":[[3.2716,48.5862],[3.2717,48.5861]]}},{"type":"Feature","properties":{"name":"Le Durteint"},"geometry":{"type":"LineString","coordinates":[[3.2717,48.5861],[3.2718,48.5860]]}},{"type":"Feature","properties":{"name":"L\u0027Auxence"},"geometry":{"type":"LineString","coordinates":[[3.1685,48.4405],[3.1679,48.4388],[3.1562,48.4362],[3.1546,48.4343],[3.1490,48.4324],[3.1479,48.4291],[3.1446,48.4286],[3.1431,48.4312],[3.1411,48.4315],[3.1376,48.4310],[3.1368,48.4289],[3.1320,48.4295],[3.1297,48.4283]]}},{"type":"Feature","properties":{"name":"L\u0027Auxence"},"geometry":{"type":"LineString","coordinates":[[3.1226,48.4797],[3.1397,48.4753],[3.1479,48.4768],[3.1650,48.4776],[3.1650,48.4791],[3.1694,48.4799],[3.1746,48.4823],[3.1776,48.4813],[3.1811,48.4820],[3.1883,48.4795],[3.1901,48.4776],[3.1929,48.4778],[3.1945,48.4751],[3.1967,48.4740],[3.1972,48.4726],[3.1964,48.4726],[3.1955,48.4692]]}},{"type":"Feature","properties":{"name":"L\u0027Auxence"},"geometry":{"type":"LineString","coordinates":[[3.1223,48.4798],[3.1226,48.4797]]}},{"type":"Feature","properties":{"name":"L\u0027Auxence"},"geometry":{"type":"LineString","coordinates":[[3.1685,48.4407],[3.1685,48.4405]]}},{"type":"Feature","properties":{"name":"L\u0027Auxence"},"geometry":{"type":"LineString","coordinates":[[3.1956,48.4691],[3.1990,48.4678],[3.2022,48.4648],[3.2009,48.4617],[3.2021,48.4571],[3.1900,48.4487],[3.1898,48.4467],[3.1815,48.4419],[3.1763,48.4407],[3.1687,48.4416],[3.1685,48.4407]]}},{"type":"Feature","properties":{"name":"L\u0027Auxence"},"geometry":{"type":"LineString","coordinates":[[3.1955,48.4692],[3.1956,48.4691]]}},{"type":"Feature","properties":{"name":"L\u0027Auxence"},"geometry":{"type":"LineString","coordinates":[[3.1432,48.5188],[3.1400,48.5188],[3.1351,48.5168]]}},{"type":"Feature","properties":{"name":"L\u0027Auxence"},"geometry":{"type":"LineString","coordinates":[[3.1351,48.5168],[3.1350,48.5168]]}},{"type":"Feature","properties":{"name":"Le Clignon"},"geometry":{"type":"LineString","coordinates":[[3.2138,49.0898],[3.2136,49.0898]]}},{"type":"Feature","properties":{"name":"Le Clignon"},"geometry":{"type":"LineString","coordinates":[[3.1075,49.1097],[3.1028,49.1090],[3.0949,49.1119]]}},{"type":"Feature","properties":{"name":"Le Clignon"},"geometry":{"type":"LineString","coordinates":[[3.1234,49.1066],[3.1214,49.1093],[3.1141,49.1085],[3.1097,49.1099],[3.1075,49.1097]]}},{"type":"Feature","properties":{"name":"Le Clignon"},"geometry":{"type":"LineString","coordinates":[[3.2136,49.0898],[3.2133,49.0898]]}},{"type":"Feature","properties":{"name":"Le Clignon"},"geometry":{"type":"LineString","coordinates":[[3.2141,49.0898],[3.2138,49.0898]]}},{"type":"Feature","properties":{"name":"Le Clignon"},"geometry":{"type":"LineString","coordinates":[[3.2004,49.0938],[3.1996,49.0956],[3.1946,49.0964],[3.1907,49.0988],[3.1864,49.0969],[3.1826,49.0977],[3.1797,49.0996],[3.1743,49.0983],[3.1478,49.1010],[3.1439,49.1021],[3.1403,49.1045],[3.1396,49.1068],[3.1370,49.1077],[3.1341,49.1067],[3.1307,49.1074],[3.1259,49.1055],[3.1237,49.1064]]}},{"type":"Feature","properties":{"name":"Le Clignon"},"geometry":{"type":"LineString","coordinates":[[3.0946,49.1120],[3.0907,49.1122],[3.0873,49.1137],[3.0833,49.1132],[3.0767,49.1149],[3.0720,49.1178]]}},{"type":"Feature","properties":{"name":"Le Clignon"},"geometry":{"type":"LineString","coordinates":[[3.2005,49.0937],[3.2004,49.0938]]}},{"type":"Feature","properties":{"name":"Le Clignon"},"geometry":{"type":"LineString","coordinates":[[3.2026,49.0935],[3.2005,49.0937]]}},{"type":"Feature","properties":{"name":"Le Clignon"},"geometry":{"type":"LineString","coordinates":[[3.2133,49.0898],[3.2105,49.0908],[3.2084,49.0932],[3.2049,49.0941],[3.2026,49.0935]]}},{"type":"Feature","properties":{"name":"Le Clignon"},"geometry":{"type":"LineString","coordinates":[[3.1235,49.1065],[3.1234,49.1066]]}},{"type":"Feature","properties":{"name":"Le Clignon"},"geometry":{"type":"LineString","coordinates":[[3.1237,49.1064],[3.1235,49.1065]]}},{"type":"Feature","properties":{"name":"L\u0027Aubetin"},"geometry":{"type":"LineString","coordinates":[[3.2061,48.7005],[3.2032,48.7024]]}},{"type":"Feature","properties":{"name":"L\u0027Aubetin"},"geometry":{"type":"LineString","coordinates":[[3.1882,48.7056],[3.1860,48.7053],[3.1811,48.7074]]}},{"type":"Feature","properties":{"name":"L\u0027Aubetin"},"geometry":{"type":"LineString","coordinates":[[3.1811,48.7074],[3.1786,48.7083],[3.1750,48.7080]]}},{"type":"Feature","properties":{"name":"L\u0027Aubetin"},"geometry":{"type":"LineString","coordinates":[[3.2032,48.7024],[3.2026,48.7028]]}},{"type":"Feature","properties":{"name":"L\u0027Aubetin"},"geometry":{"type":"LineString","coordinates":[[3.2026,48.7028],[3.2014,48.7041]]}},{"type":"Feature","properties":{"name":"L\u0027Aubetin"},"geometry":{"type":"LineString","coordinates":[[3.2617,48.6978],[3.2611,48.6975]]}},{"type":"Feature","properties":{"name":"L\u0027Aubetin"},"geometry":{"type":"LineString","coordinates":[[3.2121,48.7008],[3.2080,48.7000],[3.2061,48.7005]]}},{"type":"Feature","properties":{"name":"L\u0027Aubetin"},"geometry":{"type":"LineString","coordinates":[[3.2014,48.7041],[3.1967,48.7060]]}},{"type":"Feature","properties":{"name":"L\u0027Aubetin"},"geometry":{"type":"LineString","coordinates":[[3.1967,48.7060],[3.1933,48.7084],[3.1907,48.7062],[3.1882,48.7056]]}},{"type":"Feature","properties":{"name":"L\u0027Aubetin"},"geometry":{"type":"LineString","coordinates":[[3.2394,48.7005],[3.2353,48.6997],[3.2321,48.7012],[3.2219,48.7024],[3.2121,48.7008]]}},{"type":"Feature","properties":{"name":"L\u0027Aubetin"},"geometry":{"type":"LineString","coordinates":[[3.1734,48.7151],[3.1690,48.7130]]}},{"type":"Feature","properties":{"name":"L\u0027Aubetin"},"geometry":{"type":"LineString","coordinates":[[3.1343,48.7381],[3.1302,48.7388],[3.1295,48.7374],[3.1274,48.7378],[3.1264,48.7385],[3.1254,48.7426],[3.1180,48.7425],[3.1167,48.7457],[3.1124,48.7492],[3.1089,48.7501],[3.1068,48.7493]]}},{"type":"Feature","properties":{"name":"L\u0027Aubetin"},"geometry":{"type":"LineString","coordinates":[[3.1451,48.7363],[3.1343,48.7381]]}},{"type":"Feature","properties":{"name":"L\u0027Aubetin"},"geometry":{"type":"LineString","coordinates":[[3.1494,48.7306],[3.1427,48.7311],[3.1452,48.7343],[3.1451,48.7363]]}},{"type":"Feature","properties":{"name":"L\u0027Aubetin"},"geometry":{"type":"LineString","coordinates":[[3.1750,48.7080],[3.1753,48.7102],[3.1774,48.7130],[3.1754,48.7149],[3.1734,48.7151]]}},{"type":"Feature","properties":{"name":"L\u0027Aubetin"},"geometry":{"type":"LineString","coordinates":[[3.1631,48.7241],[3.1555,48.7252],[3.1523,48.7272],[3.1526,48.7285],[3.1545,48.7290],[3.1543,48.7299],[3.1494,48.7306]]}},{"type":"Feature","properties":{"name":"L\u0027Aubetin"},"geometry":{"type":"LineString","coordinates":[[3.1646,48.7242],[3.1631,48.7241]]}},{"type":"Feature","properties":{"name":"L\u0027Aubetin"},"geometry":{"type":"LineString","coordinates":[[3.1643,48.7151],[3.1649,48.7173],[3.1683,48.7210],[3.1678,48.7230],[3.1666,48.7238]]}},{"type":"Feature","properties":{"name":"L\u0027Aubetin"},"geometry":{"type":"LineString","coordinates":[[3.1666,48.7238],[3.1646,48.7242]]}},{"type":"Feature","properties":{"name":"L\u0027Aubetin"},"geometry":{"type":"LineString","coordinates":[[3.1690,48.7130],[3.1668,48.7114],[3.1647,48.7129],[3.1643,48.7151]]}},{"type":"Feature","properties":{"name":"L\u0027Aubetin"},"geometry":{"type":"LineString","coordinates":[[3.1068,48.7493],[3.1038,48.7484],[3.1023,48.7501],[3.1004,48.7506]]}},{"type":"Feature","properties":{"name":"L\u0027Aubetin"},"geometry":{"type":"LineString","coordinates":[[3.2841,48.6937],[3.2777,48.6932],[3.2742,48.6961]]}},{"type":"Feature","properties":{"name":"L\u0027Aubetin"},"geometry":{"type":"LineString","coordinates":[[3.2611,48.6975],[3.2596,48.6964]]}},{"type":"Feature","properties":{"name":"L\u0027Aubetin"},"geometry":{"type":"LineString","coordinates":[[3.2742,48.6961],[3.2733,48.6973],[3.2659,48.6984]]}},{"type":"Feature","properties":{"name":"L\u0027Aubetin"},"geometry":{"type":"LineString","coordinates":[[3.2625,48.6980],[3.2617,48.6978]]}},{"type":"Feature","properties":{"name":"L\u0027Aubetin"},"geometry":{"type":"LineString","coordinates":[[3.2633,48.6986],[3.2625,48.6980]]}},{"type":"Feature","properties":{"name":"L\u0027Aubetin"},"geometry":{"type":"LineString","coordinates":[[3.2596,48.6964],[3.2572,48.6949],[3.2549,48.6955],[3.2496,48.7022],[3.2436,48.7024],[3.2394,48.7005]]}},{"type":"Feature","properties":{"name":"L\u0027Aubetin"},"geometry":{"type":"LineString","coordinates":[[3.2640,48.6987],[3.2633,48.6986]]}},{"type":"Feature","properties":{"name":"L\u0027Aubetin"},"geometry":{"type":"LineString","coordinates":[[3.2659,48.6984],[3.2640,48.6987]]}},{"type":"Feature","properties":{"name":"La Beuvronne"},"geometry":{"type":"LineString","coordinates":[[2.6934,48.9873],[2.6878,48.9850],[2.6786,48.9842],[2.6773,48.9830],[2.6772,48.9809],[2.6727,48.9775],[2.6730,48.9769]]}},{"type":"Feature","properties":{"name":"La Beuvronne"},"geometry":{"type":"LineString","coordinates":[[2.6885,48.9488],[2.6867,48.9479]]}},{"type":"Feature","properties":{"name":"La Beuvronne"},"geometry":{"type":"LineString","coordinates":[[2.6732,48.9591],[2.6768,48.9528],[2.6890,48.9506],[2.6888,48.9492]]}},{"type":"Feature","properties":{"name":"La Beuvronne"},"geometry":{"type":"LineString","coordinates":[[2.7273,48.9405],[2.7343,48.9406],[2.7330,48.9389],[2.7325,48.9346],[2.7303,48.9333],[2.7306,48.9315],[2.7292,48.9306],[2.7300,48.9294]]}},{"type":"Feature","properties":{"name":"La Beuvronne"},"geometry":{"type":"LineString","coordinates":[[2.6888,48.9492],[2.6885,48.9488]]}},{"type":"Feature","properties":{"name":"La Beuvronne"},"geometry":{"type":"LineString","coordinates":[[2.7258,48.9406],[2.7260,48.9406]]}},{"type":"Feature","properties":{"name":"La Beuvronne"},"geometry":{"type":"LineString","coordinates":[[2.7271,48.9405],[2.7273,48.9405]]}},{"type":"Feature","properties":{"name":"La Beuvronne"},"geometry":{"type":"LineString","coordinates":[[2.7260,48.9406],[2.7271,48.9405]]}},{"type":"Feature","properties":{"name":"La Beuvronne"},"geometry":{"type":"LineString","coordinates":[[2.7300,48.9294],[2.7347,48.9264],[2.7359,48.9239]]}},{"type":"Feature","properties":{"name":"La Beuvronne"},"geometry":{"type":"LineString","coordinates":[[2.6867,48.9479],[2.6858,48.9474],[2.6866,48.9442],[2.6928,48.9440],[2.6984,48.9413],[2.6993,48.9412],[2.7012,48.9449],[2.7088,48.9435],[2.7105,48.9417],[2.7145,48.9436],[2.7203,48.9447],[2.7222,48.9444],[2.7244,48.9411],[2.7258,48.9406]]}},{"type":"Feature","properties":{"name":"Le Grand Morin"},"geometry":{"type":"LineString","coordinates":[[3.1299,48.8134],[3.1267,48.8129],[3.1242,48.8113],[3.1177,48.8124],[3.1150,48.8111]]}},{"type":"Feature","properties":{"name":"Le Grand Morin"},"geometry":{"type":"LineString","coordinates":[[3.1657,48.8187],[3.1636,48.8185]]}},{"type":"Feature","properties":{"name":"Le Grand Morin"},"geometry":{"type":"LineString","coordinates":[[3.1952,48.8081],[3.1933,48.8085],[3.1899,48.8071],[3.1841,48.8067],[3.1791,48.8107],[3.1750,48.8113],[3.1750,48.8138],[3.1720,48.8161],[3.1722,48.8172],[3.1657,48.8187]]}},{"type":"Feature","properties":{"name":"Le Grand Morin"},"geometry":{"type":"LineString","coordinates":[[3.1323,48.8140],[3.1299,48.8134]]}},{"type":"Feature","properties":{"name":"Le Grand Morin"},"geometry":{"type":"LineString","coordinates":[[3.1636,48.8185],[3.1597,48.8179],[3.1595,48.8166],[3.1573,48.8154],[3.1323,48.8140]]}},{"type":"Feature","properties":{"name":"Le Grand Morin"},"geometry":{"type":"LineString","coordinates":[[3.1141,48.8111],[3.1123,48.8105]]}},{"type":"Feature","properties":{"name":"Le Grand Morin"},"geometry":{"type":"LineString","coordinates":[[3.2508,48.7949],[3.2504,48.7973],[3.2466,48.8003],[3.2463,48.8029],[3.2404,48.8063],[3.2350,48.8048],[3.2285,48.7998],[3.2124,48.7989],[3.2100,48.8002],[3.2017,48.8017],[3.2006,48.8055],[3.1952,48.8081]]}},{"type":"Feature","properties":{"name":"Le Grand Morin"},"geometry":{"type":"LineString","coordinates":[[3.2527,48.7919],[3.2508,48.7949]]}},{"type":"Feature","properties":{"name":"Le Grand Morin"},"geometry":{"type":"LineString","coordinates":[[3.2897,48.7885],[3.2882,48.7870]]}},{"type":"Feature","properties":{"name":"Le Grand Morin"},"geometry":{"type":"LineString","coordinates":[[3.2882,48.7870],[3.2844,48.7869],[3.2814,48.7892],[3.2876,48.7954],[3.2879,48.7973],[3.2858,48.7986],[3.2837,48.7980],[3.2812,48.7944],[3.2786,48.7929],[3.2714,48.7925],[3.2661,48.7955],[3.2643,48.7992],[3.2622,48.8000],[3.2607,48.7971],[3.2597,48.7911],[3.2544,48.7906],[3.2527,48.7919]]}},{"type":"Feature","properties":{"name":"Le Grand Morin"},"geometry":{"type":"LineString","coordinates":[[3.1150,48.8111],[3.1141,48.8111]]}},{"type":"Feature","properties":{"name":"Ru de Vannetin"},"geometry":{"type":"LineString","coordinates":[[3.1794,48.7722],[3.1763,48.7723]]}},{"type":"Feature","properties":{"name":"Ru de Vannetin"},"geometry":{"type":"LineString","coordinates":[[3.2187,48.7551],[3.2177,48.7551]]}},{"type":"Feature","properties":{"name":"Ru de Vannetin"},"geometry":{"type":"LineString","coordinates":[[3.2324,48.7560],[3.2296,48.7561]]}},{"type":"Feature","properties":{"name":"Ru de Vannetin"},"geometry":{"type":"LineString","coordinates":[[3.2278,48.7567],[3.2276,48.7569]]}},{"type":"Feature","properties":{"name":"Ru de Vannetin"},"geometry":{"type":"LineString","coordinates":[[3.2436,48.7499],[3.2423,48.7503]]}},{"type":"Feature","properties":{"name":"Ru de Vannetin"},"geometry":{"type":"LineString","coordinates":[[3.2456,48.7493],[3.2449,48.7491]]}},{"type":"Feature","properties":{"name":"Ru de Vannetin"},"geometry":{"type":"LineString","coordinates":[[3.1882,48.7704],[3.1877,48.7707]]}},{"type":"Feature","properties":{"name":"Ru de Vannetin"},"geometry":{"type":"LineString","coordinates":[[3.1712,48.7749],[3.1695,48.7766],[3.1696,48.7789],[3.1706,48.7790]]}},{"type":"Feature","properties":{"name":"Ru de Vannetin"},"geometry":{"type":"LineString","coordinates":[[3.1712,48.7749],[3.1716,48.7777],[3.1706,48.7790]]}},{"type":"Feature","properties":{"name":"Ru de Vannetin"},"geometry":{"type":"LineString","coordinates":[[3.1763,48.7723],[3.1742,48.7741],[3.1722,48.7739],[3.1712,48.7749]]}},{"type":"Feature","properties":{"name":"Ru de Vannetin"},"geometry":{"type":"LineString","coordinates":[[3.1877,48.7707],[3.1794,48.7722]]}},{"type":"Feature","properties":{"name":"Ru de Vannetin"},"geometry":{"type":"LineString","coordinates":[[3.2177,48.7551],[3.2149,48.7553],[3.2117,48.7573],[3.2118,48.7588],[3.2084,48.7608],[3.2096,48.7621],[3.2086,48.7635],[3.2045,48.7641],[3.2031,48.7655],[3.2008,48.7659],[3.1990,48.7652],[3.1990,48.7639],[3.1928,48.7646],[3.1912,48.7672],[3.1911,48.7691],[3.1882,48.7704]]}},{"type":"Feature","properties":{"name":"Ru de Vannetin"},"geometry":{"type":"LineString","coordinates":[[3.2276,48.7569],[3.2247,48.7576],[3.2187,48.7551]]}},{"type":"Feature","properties":{"name":"Ru de Vannetin"},"geometry":{"type":"LineString","coordinates":[[3.2296,48.7561],[3.2278,48.7567]]}},{"type":"Feature","properties":{"name":"Ru de Vannetin"},"geometry":{"type":"LineString","coordinates":[[3.2423,48.7503],[3.2426,48.7509],[3.2366,48.7529],[3.2341,48.7556],[3.2324,48.7560]]}},{"type":"Feature","properties":{"name":"Ru de Vannetin"},"geometry":{"type":"LineString","coordinates":[[3.2449,48.7491],[3.2436,48.7499]]}},{"type":"Feature","properties":{"name":"Ru de Vannetin"},"geometry":{"type":"LineString","coordinates":[[3.2510,48.7479],[3.2456,48.7493]]}},{"type":"Feature","properties":{"name":"La Biberonne"},"geometry":{"type":"LineString","coordinates":[[2.6621,49.0088],[2.6661,49.0069],[2.6682,49.0032],[2.6670,49.0019],[2.6677,48.9966],[2.6706,48.9952],[2.6688,48.9908],[2.6715,48.9863],[2.6732,48.9854],[2.6727,48.9843],[2.6756,48.9833],[2.6761,48.9800]]}},{"type":"Feature","properties":{"name":"La Seine"},"geometry":{"type":"LineString","coordinates":[[3.1925,48.4253],[3.1909,48.4253]]}},{"type":"Feature","properties":{"name":"La Seine"},"geometry":{"type":"LineString","coordinates":[[3.2694,48.4202],[3.2687,48.4182]]}},{"type":"Feature","properties":{"name":"La Seine"},"geometry":{"type":"LineString","coordinates":[[3.1909,48.4253],[3.1826,48.4237]]}},{"type":"Feature","properties":{"name":"La Seine"},"geometry":{"type":"LineString","coordinates":[[3.2602,48.4172],[3.2556,48.4158],[3.2506,48.4164],[3.2448,48.4155],[3.2399,48.4174],[3.2322,48.4187],[3.2265,48.4239],[3.2238,48.4247],[3.2217,48.4243],[3.2184,48.4213],[3.2152,48.4206],[3.2125,48.4220],[3.2112,48.4266],[3.2103,48.4272],[3.2044,48.4258],[3.1982,48.4266],[3.1925,48.4253]]}},{"type":"Feature","properties":{"name":"La Seine"},"geometry":{"type":"LineString","coordinates":[[3.2696,48.4216],[3.2694,48.4202]]}},{"type":"Feature","properties":{"name":"La Seine"},"geometry":{"type":"LineString","coordinates":[[3.2687,48.4182],[3.2658,48.4166],[3.2602,48.4172]]}},{"type":"Feature","properties":{"name":"La Marne"},"geometry":{"type":"LineString","coordinates":[[2.8031,48.9412],[2.8028,48.9442],[2.8002,48.9470]]}},{"type":"Feature","properties":{"name":"La Marne"},"geometry":{"type":"LineString","coordinates":[[2.8520,48.9252],[2.8493,48.9188]]}},{"type":"Feature","properties":{"name":"La Marne"},"geometry":{"type":"LineString","coordinates":[[2.8034,48.9283],[2.8024,48.9339],[2.8039,48.9369],[2.8031,48.9412]]}},{"type":"Feature","properties":{"name":"La Marne"},"geometry":{"type":"LineString","coordinates":[[2.8823,48.9510],[2.8816,48.9568],[2.8799,48.9578]]}},{"type":"Feature","properties":{"name":"La Marne"},"geometry":{"type":"LineString","coordinates":[[3.1617,48.9696],[3.1609,48.9679]]}},{"type":"Feature","properties":{"name":"La Marne"},"geometry":{"type":"LineString","coordinates":[[3.1609,48.9679],[3.1593,48.9660],[3.1479,48.9631],[3.1416,48.9604],[3.1370,48.9530],[3.1284,48.9454],[3.1260,48.9443],[3.1189,48.9452],[3.1116,48.9489],[3.1017,48.9505],[3.0951,48.9512],[3.0923,48.9506],[3.0837,48.9522],[3.0735,48.9519],[3.0704,48.9532],[3.0603,48.9526],[3.0510,48.9534],[3.0408,48.9566],[3.0328,48.9576],[3.0265,48.9569],[3.0125,48.9532],[3.0090,48.9544],[3.0061,48.9567]]}},{"type":"Feature","properties":{"name":"La Marne"},"geometry":{"type":"LineString","coordinates":[[3.0077,48.9554],[3.0051,48.9586]]}},{"type":"Feature","properties":{"name":"La Marne"},"geometry":{"type":"LineString","coordinates":[[3.0057,48.9572],[3.0025,48.9630],[2.9995,48.9648],[2.9984,48.9684],[2.9997,48.9730],[3.0018,48.9753],[3.0082,48.9783],[3.0222,48.9740],[3.0347,48.9746],[3.0417,48.9773],[3.0441,48.9799],[3.0454,48.9830],[3.0430,48.9902],[3.0405,48.9931],[3.0408,48.9967],[3.0388,49.0002],[3.0387,49.0025],[3.0317,49.0106],[3.0200,49.0146],[3.0141,49.0142],[3.0120,49.0126],[3.0085,49.0050],[3.0026,49.0015]]}},{"type":"Feature","properties":{"name":"La Marne"},"geometry":{"type":"LineString","coordinates":[[3.0009,49.0000],[2.9961,48.9953],[2.9907,48.9928],[2.9793,48.9913],[2.9675,48.9917],[2.9638,48.9941],[2.9615,49.0021],[2.9558,49.0104],[2.9531,49.0122],[2.9488,49.0120],[2.9471,49.0099],[2.9460,48.9991],[2.9440,48.9946],[2.9314,48.9944],[2.9231,48.9909],[2.9211,48.9888],[2.9284,48.9833],[2.9337,48.9813],[2.9370,48.9771],[2.9398,48.9751],[2.9438,48.9657],[2.9446,48.9612],[2.9441,48.9574],[2.9429,48.9559],[2.9353,48.9500],[2.9147,48.9389],[2.9001,48.9355],[2.8900,48.9403],[2.8861,48.9442],[2.8823,48.9510]]}},{"type":"Feature","properties":{"name":"La Marne"},"geometry":{"type":"LineString","coordinates":[[2.8746,48.9536],[2.8770,48.9503],[2.8769,48.9492],[2.8676,48.9401],[2.8589,48.9334],[2.8520,48.9252]]}},{"type":"Feature","properties":{"name":"La Marne"},"geometry":{"type":"LineString","coordinates":[[3.2085,48.9700],[3.2059,48.9671]]}},{"type":"Feature","properties":{"name":"La Marne"},"geometry":{"type":"LineString","coordinates":[[3.2800,48.9681],[3.2774,48.9668]]}},{"type":"Feature","properties":{"name":"La Marne"},"geometry":{"type":"LineString","coordinates":[[3.0026,49.0015],[3.0009,49.0000]]}},{"type":"Feature","properties":{"name":"La Marne"},"geometry":{"type":"LineString","coordinates":[[3.2774,48.9668],[3.2720,48.9616],[3.2728,48.9570],[3.2721,48.9537],[3.2705,48.9523],[3.2662,48.9511],[3.2605,48.9523],[3.2588,48.9542],[3.2517,48.9724],[3.2449,48.9766],[3.2395,48.9777],[3.2287,48.9765],[3.2239,48.9773],[3.2161,48.9755],[3.2133,48.9720],[3.2108,48.9717],[3.2085,48.9700]]}},{"type":"Feature","properties":{"name":"La Marne"},"geometry":{"type":"LineString","coordinates":[[3.2059,48.9671],[3.2027,48.9633],[3.1997,48.9564],[3.1971,48.9546],[3.1920,48.9529],[3.1891,48.9530],[3.1852,48.9558],[3.1849,48.9580],[3.1870,48.9646],[3.1920,48.9714],[3.1955,48.9734],[3.1973,48.9796],[3.1975,48.9840],[3.1958,48.9883],[3.1921,48.9938],[3.1876,48.9955],[3.1816,48.9948],[3.1704,48.9886],[3.1664,48.9852],[3.1657,48.9776],[3.1621,48.9719],[3.1617,48.9696]]}},{"type":"Feature","properties":{"name":"La Marne"},"geometry":{"type":"LineString","coordinates":[[2.8799,48.9578],[2.8759,48.9567],[2.8746,48.9536]]}}]}