{"type":"FeatureCollection","features":[{"type":"Feature","properties":{"name":"La Bouleure"},"geometry":{"type":"LineString","coordinates":[[0.2214,46.2909],[0.2250,46.2941],[0.2191,46.2967],[0.2179,46.2983],[0.2180,46.3000],[0.2211,46.3010]]}},{"type":"Feature","properties":{"name":"La Bouleure"},"geometry":{"type":"LineString","coordinates":[[0.2350,46.3394],[0.2318,46.3407],[0.2358,46.3450],[0.2394,46.3457],[0.2409,46.3469],[0.2474,46.3545]]}},{"type":"Feature","properties":{"name":"La Bouleure"},"geometry":{"type":"LineString","coordinates":[[0.2356,46.3379],[0.2350,46.3394]]}},{"type":"Feature","properties":{"name":"La Bouleure"},"geometry":{"type":"LineString","coordinates":[[0.2356,46.3378],[0.2356,46.3379]]}},{"type":"Feature","properties":{"name":"La Bouleure"},"geometry":{"type":"LineString","coordinates":[[0.2211,46.3010],[0.2236,46.3026],[0.2237,46.3046],[0.2278,46.3066],[0.2258,46.3083],[0.2248,46.3124],[0.2277,46.3137],[0.2319,46.3133],[0.2338,46.3148],[0.2322,46.3175],[0.2266,46.3209],[0.2277,46.3220],[0.2274,46.3234],[0.2305,46.3243],[0.2317,46.3265],[0.2307,46.3280],[0.2255,46.3296],[0.2256,46.3311],[0.2269,46.3329],[0.2352,46.3363],[0.2356,46.3378]]}},{"type":"Feature","properties":{"name":"La Dive"},"geometry":{"type":"LineString","coordinates":[[0.2332,46.3564],[0.2325,46.3597],[0.2340,46.3609],[0.2378,46.3612],[0.2410,46.3602]]}},{"type":"Feature","properties":{"name":"La Dive"},"geometry":{"type":"LineString","coordinates":[[0.0150,46.8089],[0.0126,46.8089],[0.0135,46.8131]]}},{"type":"Feature","properties":{"name":"La Dive"},"geometry":{"type":"LineString","coordinates":[[0.0129,46.8128],[0.0135,46.8131]]}},{"type":"Feature","properties":{"name":"La Dive"},"geometry":{"type":"LineString","coordinates":[[0.0135,46.8131],[0.0138,46.8140],[0.0126,46.8146],[0.0027,46.8149]]}},{"type":"Feature","properties":{"name":"La Dive"},"geometry":{"type":"LineString","coordinates":[[0.0733,46.7970],[0.0716,46.7956],[0.0695,46.7964]]}},{"type":"Feature","properties":{"name":"La Dive"},"geometry":{"type":"LineString","coordinates":[[0.0008,46.8154],[0.0006,46.8160]]}},{"type":"Feature","properties":{"name":"La Dive"},"geometry":{"type":"LineString","coordinates":[[0.0127,46.8125],[0.0129,46.8128]]}},{"type":"Feature","properties":{"name":"La Dive"},"geometry":{"type":"LineString","coordinates":[[0.0356,46.8056],[0.0319,46.8075],[0.0268,46.8059],[0.0246,46.8082],[0.0214,46.8091],[0.0167,46.8091],[0.0142,46.8078],[0.0125,46.8080],[0.0116,46.8095],[0.0127,46.8125]]}},{"type":"Feature","properties":{"name":"La Dive"},"geometry":{"type":"LineString","coordinates":[[0.0358,46.8056],[0.0356,46.8056]]}},{"type":"Feature","properties":{"name":"La Dive"},"geometry":{"type":"LineString","coordinates":[[0.0651,46.7987],[0.0542,46.7985],[0.0462,46.8018],[0.0440,46.8016],[0.0402,46.8053],[0.0358,46.8056]]}},{"type":"Feature","properties":{"name":"La Dive"},"geometry":{"type":"LineString","coordinates":[[0.1376,46.2978],[0.1398,46.2987],[0.1395,46.3000]]}},{"type":"Feature","properties":{"name":"La Dive"},"geometry":{"type":"LineString","coordinates":[[0.1397,46.3003],[0.1407,46.3011],[0.1390,46.3026],[0.1410,46.3061],[0.1430,46.3057],[0.1477,46.3007],[0.1505,46.2991],[0.1549,46.2996],[0.1557,46.3007],[0.1555,46.3031]]}},{"type":"Feature","properties":{"name":"La Dive"},"geometry":{"type":"LineString","coordinates":[[0.1395,46.3000],[0.1397,46.3003]]}},{"type":"Feature","properties":{"name":"La Dive"},"geometry":{"type":"LineString","coordinates":[[0.1555,46.3031],[0.1554,46.3031]]}},{"type":"Feature","properties":{"name":"La Dive"},"geometry":{"type":"LineString","coordinates":[[0.1554,46.3031],[0.1553,46.3059],[0.1584,46.3068],[0.1620,46.3027],[0.1646,46.2977],[0.1733,46.2951],[0.1752,46.2957],[0.1780,46.2995],[0.1793,46.3029],[0.1785,46.3051]]}},{"type":"Feature","properties":{"name":"La Dive"},"geometry":{"type":"LineString","coordinates":[[0.1780,46.3057],[0.1720,46.3063],[0.1706,46.3088],[0.1714,46.3113],[0.1895,46.3124],[0.1956,46.3170],[0.1975,46.3152],[0.1986,46.3109],[0.2018,46.3120],[0.2028,46.3133],[0.2026,46.3160],[0.1956,46.3221],[0.1948,46.3235],[0.1956,46.3259],[0.1987,46.3270],[0.2060,46.3251],[0.2108,46.3258],[0.2116,46.3268],[0.2109,46.3286],[0.2072,46.3311],[0.2052,46.3340],[0.2062,46.3359],[0.2092,46.3369],[0.2131,46.3406],[0.2127,46.3423],[0.2063,46.3439],[0.2053,46.3469],[0.2096,46.3488],[0.2180,46.3490],[0.2262,46.3531],[0.2282,46.3533]]}},{"type":"Feature","properties":{"name":"La Dive"},"geometry":{"type":"LineString","coordinates":[[0.1785,46.3051],[0.1780,46.3057]]}},{"type":"Feature","properties":{"name":"La Dive"},"geometry":{"type":"LineString","coordinates":[[0.0695,46.7964],[0.0694,46.7964]]}},{"type":"Feature","properties":{"name":"La Dive"},"geometry":{"type":"LineString","coordinates":[[0.0694,46.7964],[0.0644,46.7971]]}},{"type":"Feature","properties":{"name":"La Dive"},"geometry":{"type":"LineString","coordinates":[[0.0006,46.8160],[-0.0072,46.8222]]}},{"type":"Feature","properties":{"name":"La Dive"},"geometry":{"type":"LineString","coordinates":[[0.0027,46.8149],[0.0006,46.8160]]}},{"type":"Feature","properties":{"name":"La Dive"},"geometry":{"type":"LineString","coordinates":[[0.0009,46.8153],[0.0008,46.8154]]}},{"type":"Feature","properties":{"name":"La Dive"},"geometry":{"type":"LineString","coordinates":[[0.0027,46.8149],[0.0009,46.8153]]}},{"type":"Feature","properties":{"name":"La Dive"},"geometry":{"type":"LineString","coordinates":[[0.0652,46.7987],[0.0651,46.7987]]}},{"type":"Feature","properties":{"name":"La Dive"},"geometry":{"type":"LineString","coordinates":[[0.0760,46.7965],[0.0652,46.7987]]}},{"type":"Feature","properties":{"name":"La Dive"},"geometry":{"type":"LineString","coordinates":[[0.0644,46.7972],[0.0585,46.7982]]}},{"type":"Feature","properties":{"name":"La Dive"},"geometry":{"type":"LineString","coordinates":[[0.0644,46.7971],[0.0644,46.7972]]}},{"type":"Feature","properties":{"name":"La Dive"},"geometry":{"type":"LineString","coordinates":[[0.2282,46.3533],[0.2297,46.3528]]}},{"type":"Feature","properties":{"name":"La Dive"},"geometry":{"type":"LineString","coordinates":[[0.2297,46.3528],[0.2313,46.3521],[0.2331,46.3538],[0.2328,46.3560],[0.2346,46.3590],[0.2366,46.3603],[0.2410,46.3602],[0.2422,46.3591],[0.2419,46.3576],[0.2441,46.3556]]}},{"type":"Feature","properties":{"name":"La Dive"},"geometry":{"type":"LineString","coordinates":[[0.2291,46.3531],[0.2292,46.3531]]}},{"type":"Feature","properties":{"name":"La Dive"},"geometry":{"type":"LineString","coordinates":[[0.2282,46.3533],[0.2291,46.3531]]}},{"type":"Feature","properties":{"name":"La Dive"},"geometry":{"type":"LineString","coordinates":[[0.2189,46.3490],[0.2233,46.3503]]}},{"type":"Feature","properties":{"name":"La Dive"},"geometry":{"type":"LineString","coordinates":[[0.2233,46.3503],[0.2254,46.3517]]}},{"type":"Feature","properties":{"name":"La Dive"},"geometry":{"type":"LineString","coordinates":[[0.2254,46.3517],[0.2302,46.3524]]}},{"type":"Feature","properties":{"name":"La Dive"},"geometry":{"type":"LineString","coordinates":[[0.2233,46.3503],[0.2253,46.3516]]}},{"type":"Feature","properties":{"name":"La Dive"},"geometry":{"type":"LineString","coordinates":[[0.2460,46.3544],[0.2509,46.3557]]}},{"type":"Feature","properties":{"name":"La Dive"},"geometry":{"type":"LineString","coordinates":[[0.2441,46.3556],[0.2461,46.3547]]}},{"type":"Feature","properties":{"name":"La Briande"},"geometry":{"type":"LineString","coordinates":[[0.1085,46.9587],[0.0912,46.9590],[0.0846,46.9575],[0.0770,46.9519],[0.0713,46.9514]]}},{"type":"Feature","properties":{"name":"La Briande"},"geometry":{"type":"LineString","coordinates":[[0.0297,46.9418],[0.0296,46.9418]]}},{"type":"Feature","properties":{"name":"La Briande"},"geometry":{"type":"LineString","coordinates":[[0.0296,46.9418],[-0.0060,46.9357],[-0.0114,46.9393],[-0.0193,46.9390],[-0.0302,46.9415],[-0.0310,46.9460],[-0.0294,46.9487],[-0.0300,46.9521],[-0.0395,46.9566]]}},{"type":"Feature","properties":{"name":"La Briande"},"geometry":{"type":"LineString","coordinates":[[0.1223,46.9553],[0.1183,46.9575],[0.1149,46.9581]]}},{"type":"Feature","properties":{"name":"La Briande"},"geometry":{"type":"LineString","coordinates":[[0.1149,46.9581],[0.1148,46.9581]]}},{"type":"Feature","properties":{"name":"La Briande"},"geometry":{"type":"LineString","coordinates":[[0.1224,46.9552],[0.1223,46.9553]]}},{"type":"Feature","properties":{"name":"La Briande"},"geometry":{"type":"LineString","coordinates":[[0.0713,46.9514],[0.0710,46.9515]]}},{"type":"Feature","properties":{"name":"La Briande"},"geometry":{"type":"LineString","coordinates":[[0.0710,46.9515],[0.0642,46.9513],[0.0532,46.9481],[0.0470,46.9447],[0.0297,46.9418]]}},{"type":"Feature","properties":{"name":"La Briande"},"geometry":{"type":"LineString","coordinates":[[0.1148,46.9581],[0.1085,46.9587]]}},{"type":"Feature","properties":{"name":"La Briande"},"geometry":{"type":"LineString","coordinates":[[0.1543,46.9279],[0.1443,46.9346],[0.1418,46.9410],[0.1384,46.9455]]}},{"type":"Feature","properties":{"name":"La Briande"},"geometry":{"type":"LineString","coordinates":[[0.1460,46.9366],[0.1418,46.9436],[0.1384,46.9455]]}},{"type":"Feature","properties":{"name":"La Briande"},"geometry":{"type":"LineString","coordinates":[[0.1384,46.9455],[0.1303,46.9523],[0.1224,46.9552]]}},{"type":"Feature","properties":{"name":"L\u0027Auxances"},"geometry":{"type":"LineString","coordinates":[[0.0410,46.6193],[0.0450,46.6216],[0.0492,46.6215],[0.0507,46.6266],[0.0558,46.6297],[0.0612,46.6287],[0.0626,46.6275],[0.0674,46.6299],[0.0674,46.6282],[0.0654,46.6254],[0.0659,46.6240],[0.0749,46.6252],[0.0770,46.6247],[0.0764,46.6236],[0.0773,46.6221],[0.0803,46.6219]]}},{"type":"Feature","properties":{"name":"L\u0027Auxances"},"geometry":{"type":"LineString","coordinates":[[0.0803,46.6219],[0.0860,46.6257],[0.0878,46.6257],[0.0882,46.6249],[0.0952,46.6254]]}},{"type":"Feature","properties":{"name":"L\u0027Auxances"},"geometry":{"type":"LineString","coordinates":[[0.0408,46.6193],[0.0410,46.6193]]}},{"type":"Feature","properties":{"name":"La Vienne"},"geometry":{"type":"LineString","coordinates":[[0.3829,47.1323],[0.3252,47.1416],[0.3123,47.1456],[0.2868,47.1461],[0.2549,47.1547],[0.2509,47.1602],[0.2433,47.1644],[0.2259,47.1677],[0.2017,47.1703],[0.1919,47.1731],[0.1698,47.1749],[0.1614,47.1793],[0.1577,47.1803],[0.1482,47.1805],[0.1233,47.1842]]}},{"type":"Feature","properties":{"name":"Le Saint-Germier"},"geometry":{"type":"LineString","coordinates":[[-0.0278,46.4736],[-0.0140,46.4764],[-0.0026,46.4767],[0.0016,46.4786],[0.0130,46.4791],[0.0162,46.4804],[0.0189,46.4797],[0.0224,46.4808],[0.0242,46.4792],[0.0260,46.4791],[0.0267,46.4766],[0.0317,46.4794],[0.0359,46.4771],[0.0451,46.4809],[0.0476,46.4791],[0.0512,46.4813],[0.0554,46.4812]]}},{"type":"Feature","properties":{"name":"Le Négron"},"geometry":{"type":"LineString","coordinates":[[0.1825,47.1146],[0.1797,47.1189],[0.1806,47.1214],[0.1878,47.1269],[0.1892,47.1302],[0.1919,47.1323],[0.1944,47.1434]]}},{"type":"Feature","properties":{"name":"La Boivre"},"geometry":{"type":"LineString","coordinates":[[0.0597,46.5607],[0.0664,46.5600],[0.0714,46.5619],[0.0743,46.5584],[0.0772,46.5616],[0.0795,46.5623],[0.0812,46.5618],[0.0818,46.5600],[0.0853,46.5597],[0.0878,46.5578],[0.0944,46.5601],[0.0958,46.5585]]}},{"type":"Feature","properties":{"name":"La Boivre"},"geometry":{"type":"LineString","coordinates":[[0.0948,46.5600],[0.0958,46.5585]]}},{"type":"Feature","properties":{"name":"La Boivre"},"geometry":{"type":"LineString","coordinates":[[0.0958,46.5585],[0.0939,46.5555],[0.0967,46.5547],[0.0986,46.5553],[0.0989,46.5536],[0.0952,46.5507],[0.0950,46.5497],[0.0971,46.5483],[0.1009,46.5480],[0.1009,46.5465],[0.0983,46.5450],[0.0995,46.5437],[0.1041,46.5452],[0.1075,46.5442],[0.1067,46.5426],[0.1036,46.5426],[0.1009,46.5405],[0.1069,46.5371],[0.1094,46.5375],[0.1130,46.5400],[0.1152,46.5398],[0.1179,46.5411],[0.1176,46.5429],[0.1222,46.5444],[0.1296,46.5494],[0.1353,46.5475],[0.1395,46.5489],[0.1467,46.5483],[0.1499,46.5498],[0.1500,46.5511],[0.1572,46.5526],[0.1574,46.5535],[0.1660,46.5577]]}},{"type":"Feature","properties":{"name":"La Boivre"},"geometry":{"type":"LineString","coordinates":[[0.1835,46.5693],[0.1851,46.5683]]}},{"type":"Feature","properties":{"name":"La Boivre"},"geometry":{"type":"LineString","coordinates":[[0.1660,46.5577],[0.1678,46.5607],[0.1771,46.5627]]}},{"type":"Feature","properties":{"name":"La Boivre"},"geometry":{"type":"LineString","coordinates":[[0.2021,46.5674],[0.2022,46.5676]]}},{"type":"Feature","properties":{"name":"La Boivre"},"geometry":{"type":"LineString","coordinates":[[0.1871,46.5663],[0.1926,46.5662]]}},{"type":"Feature","properties":{"name":"La Boivre"},"geometry":{"type":"LineString","coordinates":[[0.1992,46.5670],[0.2033,46.5675]]}},{"type":"Feature","properties":{"name":"La Boivre"},"geometry":{"type":"LineString","coordinates":[[0.1771,46.5627],[0.1789,46.5650],[0.1770,46.5685],[0.1784,46.5696],[0.1835,46.5693],[0.1873,46.5657],[0.1930,46.5661],[0.1934,46.5651],[0.1911,46.5632],[0.1917,46.5625],[0.1947,46.5628],[0.1976,46.5663],[0.2000,46.5673],[0.2037,46.5676],[0.2066,46.5650],[0.2085,46.5650],[0.2135,46.5692]]}},{"type":"Feature","properties":{"name":"La Boivre"},"geometry":{"type":"LineString","coordinates":[[0.1690,46.5610],[0.1700,46.5620],[0.1719,46.5617]]}},{"type":"Feature","properties":{"name":"La Boivre"},"geometry":{"type":"LineString","coordinates":[[0.2135,46.5692],[0.2192,46.5712],[0.2243,46.5686],[0.2273,46.5684],[0.2300,46.5699],[0.2329,46.5744],[0.2378,46.5751],[0.2425,46.5709],[0.2458,46.5693],[0.2467,46.5666]]}},{"type":"Feature","properties":{"name":"La Boivre"},"geometry":{"type":"LineString","coordinates":[[0.2168,46.5709],[0.2195,46.5712]]}},{"type":"Feature","properties":{"name":"La Boivre"},"geometry":{"type":"LineString","coordinates":[[0.2189,46.5711],[0.2192,46.5712]]}},{"type":"Feature","properties":{"name":"La Boivre"},"geometry":{"type":"LineString","coordinates":[[0.2467,46.5666],[0.2511,46.5709]]}},{"type":"Feature","properties":{"name":"La Boivre"},"geometry":{"type":"LineString","coordinates":[[0.2467,46.5666],[0.2489,46.5663],[0.2511,46.5692],[0.2555,46.5714]]}},{"type":"Feature","properties":{"name":"La Boivre"},"geometry":{"type":"LineString","coordinates":[[0.0064,46.5787],[0.0101,46.5769],[0.0215,46.5768]]}},{"type":"Feature","properties":{"name":"La Boivre"},"geometry":{"type":"LineString","coordinates":[[-0.0047,46.5827],[-0.0035,46.5818],[0.0013,46.5821],[0.0064,46.5787]]}},{"type":"Feature","properties":{"name":"La Boivre"},"geometry":{"type":"LineString","coordinates":[[0.0215,46.5768],[0.0216,46.5768]]}},{"type":"Feature","properties":{"name":"La Boivre"},"geometry":{"type":"LineString","coordinates":[[0.0216,46.5768],[0.0214,46.5756],[0.0226,46.5742],[0.0263,46.5743],[0.0281,46.5732]]}},{"type":"Feature","properties":{"name":"La Boivre"},"geometry":{"type":"LineString","coordinates":[[0.0281,46.5731],[0.0338,46.5734],[0.0359,46.5724]]}},{"type":"Feature","properties":{"name":"La Boivre"},"geometry":{"type":"LineString","coordinates":[[0.0281,46.5732],[0.0281,46.5731]]}},{"type":"Feature","properties":{"name":"La Boivre"},"geometry":{"type":"LineString","coordinates":[[0.0359,46.5723],[0.0410,46.5689],[0.0502,46.5682],[0.0520,46.5664]]}},{"type":"Feature","properties":{"name":"La Boivre"},"geometry":{"type":"LineString","coordinates":[[0.0359,46.5724],[0.0359,46.5723]]}},{"type":"Feature","properties":{"name":"La Boivre"},"geometry":{"type":"LineString","coordinates":[[0.0520,46.5664],[0.0521,46.5664]]}},{"type":"Feature","properties":{"name":"La Boivre"},"geometry":{"type":"LineString","coordinates":[[0.0521,46.5664],[0.0543,46.5665],[0.0541,46.5633],[0.0549,46.5621],[0.0572,46.5624]]}},{"type":"Feature","properties":{"name":"La Boivre"},"geometry":{"type":"LineString","coordinates":[[0.2188,46.5711],[0.2189,46.5711]]}},{"type":"Feature","properties":{"name":"La Boivre"},"geometry":{"type":"LineString","coordinates":[[0.2187,46.5711],[0.2188,46.5711]]}},{"type":"Feature","properties":{"name":"L\u0027Auxance"},"geometry":{"type":"LineString","coordinates":[[0.1517,46.6356],[0.1523,46.6352]]}},{"type":"Feature","properties":{"name":"L\u0027Auxance"},"geometry":{"type":"LineString","coordinates":[[0.1610,46.6416],[0.1648,46.6390],[0.1675,46.6389]]}},{"type":"Feature","properties":{"name":"L\u0027Auxance"},"geometry":{"type":"LineString","coordinates":[[0.1650,46.6390],[0.1700,46.6366]]}},{"type":"Feature","properties":{"name":"L\u0027Auxance"},"geometry":{"type":"LineString","coordinates":[[0.1658,46.6388],[0.1676,46.6377]]}},{"type":"Feature","properties":{"name":"L\u0027Auxance"},"geometry":{"type":"LineString","coordinates":[[0.1681,46.6376],[0.1691,46.6360],[0.1681,46.6346],[0.1686,46.6324],[0.1705,46.6309],[0.1709,46.6316]]}},{"type":"Feature","properties":{"name":"L\u0027Auxance"},"geometry":{"type":"LineString","coordinates":[[0.1690,46.6354],[0.1692,46.6353]]}},{"type":"Feature","properties":{"name":"L\u0027Auxance"},"geometry":{"type":"LineString","coordinates":[[0.1695,46.6320],[0.1701,46.6325]]}},{"type":"Feature","properties":{"name":"L\u0027Auxance"},"geometry":{"type":"LineString","coordinates":[[0.1744,46.6327],[0.1757,46.6328]]}},{"type":"Feature","properties":{"name":"L\u0027Auxance"},"geometry":{"type":"LineString","coordinates":[[0.1778,46.6334],[0.1778,46.6337]]}},{"type":"Feature","properties":{"name":"L\u0027Auxance"},"geometry":{"type":"LineString","coordinates":[[0.1771,46.6332],[0.1770,46.6334]]}},{"type":"Feature","properties":{"name":"L\u0027Auxance"},"geometry":{"type":"LineString","coordinates":[[0.1758,46.6327],[0.1757,46.6328]]}},{"type":"Feature","properties":{"name":"L\u0027Auxance"},"geometry":{"type":"LineString","coordinates":[[0.1805,46.6342],[0.1840,46.6348]]}},{"type":"Feature","properties":{"name":"L\u0027Auxance"},"geometry":{"type":"LineString","coordinates":[[0.1832,46.6352],[0.1840,46.6348]]}},{"type":"Feature","properties":{"name":"L\u0027Auxance"},"geometry":{"type":"LineString","coordinates":[[0.1833,46.6349],[0.1832,46.6347]]}},{"type":"Feature","properties":{"name":"L\u0027Auxance"},"geometry":{"type":"LineString","coordinates":[[0.1960,46.6382],[0.1968,46.6373],[0.2015,46.6372],[0.2023,46.6366],[0.2020,46.6357]]}},{"type":"Feature","properties":{"name":"L\u0027Auxance"},"geometry":{"type":"LineString","coordinates":[[0.2021,46.6362],[0.2026,46.6361]]}},{"type":"Feature","properties":{"name":"L\u0027Auxance"},"geometry":{"type":"LineString","coordinates":[[0.2021,46.6361],[0.2024,46.6359]]}},{"type":"Feature","properties":{"name":"L\u0027Auxance"},"geometry":{"type":"LineString","coordinates":[[0.2026,46.6366],[0.2023,46.6366]]}},{"type":"Feature","properties":{"name":"L\u0027Auxance"},"geometry":{"type":"LineString","coordinates":[[0.2027,46.6365],[0.2023,46.6364]]}},{"type":"Feature","properties":{"name":"L\u0027Auxance"},"geometry":{"type":"LineString","coordinates":[[0.1971,46.6384],[0.1968,46.6378]]}},{"type":"Feature","properties":{"name":"L\u0027Auxance"},"geometry":{"type":"LineString","coordinates":[[0.1982,46.6380],[0.1985,46.6376]]}},{"type":"Feature","properties":{"name":"L\u0027Auxance"},"geometry":{"type":"LineString","coordinates":[[0.1988,46.6379],[0.1986,46.6376]]}},{"type":"Feature","properties":{"name":"L\u0027Auxance"},"geometry":{"type":"LineString","coordinates":[[0.2001,46.6374],[0.2003,46.6382]]}},{"type":"Feature","properties":{"name":"L\u0027Auxance"},"geometry":{"type":"LineString","coordinates":[[0.1989,46.6336],[0.1947,46.6344],[0.1930,46.6315],[0.1939,46.6301],[0.1994,46.6280]]}},{"type":"Feature","properties":{"name":"L\u0027Auxance"},"geometry":{"type":"LineString","coordinates":[[0.1978,46.6329],[0.1968,46.6337]]}},{"type":"Feature","properties":{"name":"L\u0027Auxance"},"geometry":{"type":"LineString","coordinates":[[0.1968,46.6337],[0.1964,46.6339]]}},{"type":"Feature","properties":{"name":"L\u0027Auxance"},"geometry":{"type":"LineString","coordinates":[[0.1973,46.6330],[0.1966,46.6322],[0.1977,46.6312]]}},{"type":"Feature","properties":{"name":"L\u0027Auxance"},"geometry":{"type":"LineString","coordinates":[[0.1979,46.6314],[0.1980,46.6306]]}},{"type":"Feature","properties":{"name":"L\u0027Auxance"},"geometry":{"type":"LineString","coordinates":[[0.1980,46.6313],[0.1980,46.6306]]}},{"type":"Feature","properties":{"name":"L\u0027Auxance"},"geometry":{"type":"LineString","coordinates":[[0.1270,46.6359],[0.1308,46.6369]]}},{"type":"Feature","properties":{"name":"L\u0027Auxance"},"geometry":{"type":"LineString","coordinates":[[0.1273,46.6359],[0.1274,46.6362]]}},{"type":"Feature","properties":{"name":"L\u0027Auxance"},"geometry":{"type":"LineString","coordinates":[[0.1274,46.6362],[0.1278,46.6366]]}},{"type":"Feature","properties":{"name":"L\u0027Auxance"},"geometry":{"type":"LineString","coordinates":[[0.1227,46.6320],[0.1217,46.6324],[0.1224,46.6331]]}},{"type":"Feature","properties":{"name":"L\u0027Auxance"},"geometry":{"type":"LineString","coordinates":[[0.1017,46.6234],[0.1062,46.6227],[0.1097,46.6239],[0.1115,46.6259],[0.1120,46.6286],[0.1155,46.6297]]}},{"type":"Feature","properties":{"name":"L\u0027Auxance"},"geometry":{"type":"LineString","coordinates":[[0.1155,46.6297],[0.1191,46.6305]]}},{"type":"Feature","properties":{"name":"L\u0027Auxance"},"geometry":{"type":"LineString","coordinates":[[0.0952,46.6254],[0.0992,46.6253],[0.1017,46.6234]]}},{"type":"Feature","properties":{"name":"L\u0027Auxance"},"geometry":{"type":"LineString","coordinates":[[0.2159,46.6272],[0.2164,46.6253],[0.2156,46.6245]]}},{"type":"Feature","properties":{"name":"L\u0027Auxance"},"geometry":{"type":"LineString","coordinates":[[0.2344,46.6188],[0.2365,46.6209],[0.2407,46.6199]]}},{"type":"Feature","properties":{"name":"L\u0027Auxance"},"geometry":{"type":"LineString","coordinates":[[0.2503,46.6079],[0.2542,46.6083],[0.2575,46.6104],[0.2574,46.6128],[0.2557,46.6141],[0.2515,46.6148],[0.2503,46.6179],[0.2519,46.6209],[0.2553,46.6233],[0.2599,46.6243],[0.2668,46.6226],[0.2718,46.6227]]}},{"type":"Feature","properties":{"name":"L\u0027Auxance"},"geometry":{"type":"LineString","coordinates":[[0.1660,46.6395],[0.1700,46.6373],[0.1686,46.6337],[0.1709,46.6316],[0.1835,46.6353]]}},{"type":"Feature","properties":{"name":"L\u0027Auxance"},"geometry":{"type":"LineString","coordinates":[[0.1843,46.6351],[0.1897,46.6345],[0.1922,46.6371],[0.1969,46.6385],[0.2009,46.6381],[0.2027,46.6364]]}},{"type":"Feature","properties":{"name":"L\u0027Auxance"},"geometry":{"type":"LineString","coordinates":[[0.1839,46.6353],[0.1843,46.6351]]}},{"type":"Feature","properties":{"name":"L\u0027Auxance"},"geometry":{"type":"LineString","coordinates":[[0.1979,46.6314],[0.1980,46.6313]]}},{"type":"Feature","properties":{"name":"L\u0027Auxance"},"geometry":{"type":"LineString","coordinates":[[0.2027,46.6364],[0.2027,46.6363]]}},{"type":"Feature","properties":{"name":"L\u0027Auxance"},"geometry":{"type":"LineString","coordinates":[[0.1835,46.6353],[0.1839,46.6353]]}},{"type":"Feature","properties":{"name":"L\u0027Auxance"},"geometry":{"type":"LineString","coordinates":[[0.1191,46.6305],[0.1227,46.6320],[0.1214,46.6344],[0.1227,46.6363],[0.1233,46.6354],[0.1240,46.6363],[0.1258,46.6355],[0.1306,46.6372],[0.1336,46.6352],[0.1387,46.6378],[0.1442,46.6358],[0.1495,46.6378],[0.1539,46.6345],[0.1570,46.6361],[0.1587,46.6415],[0.1615,46.6416],[0.1657,46.6397]]}},{"type":"Feature","properties":{"name":"L\u0027Auxance"},"geometry":{"type":"LineString","coordinates":[[0.2027,46.6363],[0.2020,46.6357]]}},{"type":"Feature","properties":{"name":"L\u0027Auxance"},"geometry":{"type":"LineString","coordinates":[[0.1839,46.6353],[0.1839,46.6353]]}},{"type":"Feature","properties":{"name":"L\u0027Auxance"},"geometry":{"type":"LineString","coordinates":[[0.1657,46.6397],[0.1660,46.6395]]}},{"type":"Feature","properties":{"name":"L\u0027Auxance"},"geometry":{"type":"LineString","coordinates":[[0.2020,46.6357],[0.2012,46.6343],[0.1980,46.6331],[0.1979,46.6314]]}},{"type":"Feature","properties":{"name":"L\u0027Auxance"},"geometry":{"type":"LineString","coordinates":[[0.1980,46.6306],[0.1994,46.6280],[0.2052,46.6271],[0.2090,46.6280],[0.2106,46.6272],[0.2183,46.6268],[0.2165,46.6248]]}},{"type":"Feature","properties":{"name":"L\u0027Auxance"},"geometry":{"type":"LineString","coordinates":[[0.2160,46.6247],[0.2124,46.6232],[0.2128,46.6202],[0.2157,46.6178],[0.2186,46.6175],[0.2252,46.6147],[0.2294,46.6150],[0.2362,46.6211],[0.2407,46.6200],[0.2419,46.6180],[0.2415,46.6163],[0.2339,46.6126],[0.2330,46.6105],[0.2420,46.6040],[0.2466,46.6073],[0.2503,46.6079]]}},{"type":"Feature","properties":{"name":"L\u0027Auxance"},"geometry":{"type":"LineString","coordinates":[[0.2165,46.6248],[0.2160,46.6247]]}},{"type":"Feature","properties":{"name":"L\u0027Auxance"},"geometry":{"type":"LineString","coordinates":[[0.1979,46.6314],[0.1979,46.6314]]}},{"type":"Feature","properties":{"name":"L\u0027Auxance"},"geometry":{"type":"LineString","coordinates":[[0.1840,46.6348],[0.1848,46.6351]]}},{"type":"Feature","properties":{"name":"L\u0027Auxance"},"geometry":{"type":"LineString","coordinates":[[0.1757,46.6328],[0.1790,46.6341]]}},{"type":"Feature","properties":{"name":"L\u0027Auxance"},"geometry":{"type":"LineString","coordinates":[[-0.0206,46.6180],[-0.0125,46.6146],[-0.0068,46.6155],[-0.0050,46.6145],[-0.0036,46.6149],[-0.0015,46.6129],[-0.0017,46.6120],[0.0037,46.6106],[0.0054,46.6114],[0.0107,46.6111],[0.0141,46.6130],[0.0213,46.6146],[0.0249,46.6147],[0.0268,46.6132],[0.0295,46.6140],[0.0312,46.6134],[0.0328,46.6153],[0.0355,46.6153],[0.0377,46.6179],[0.0408,46.6193]]}},{"type":"Feature","properties":{"name":"Le Clain"},"geometry":{"type":"LineString","coordinates":[[0.2806,46.3171],[0.2801,46.3181],[0.2817,46.3197],[0.2813,46.3208],[0.2771,46.3225],[0.2724,46.3225],[0.2715,46.3238],[0.2704,46.3288],[0.2714,46.3325],[0.2706,46.3326],[0.2731,46.3355],[0.2743,46.3387],[0.2699,46.3399],[0.2655,46.3398],[0.2628,46.3411],[0.2613,46.3436],[0.2634,46.3498],[0.2620,46.3516],[0.2598,46.3535],[0.2542,46.3530],[0.2520,46.3550],[0.2559,46.3576],[0.2582,46.3605],[0.2584,46.3624],[0.2619,46.3668],[0.2629,46.3700],[0.2624,46.3708],[0.2632,46.3715],[0.2600,46.3755],[0.2467,46.3798],[0.2458,46.3815],[0.2467,46.3849],[0.2463,46.3865],[0.2502,46.3906],[0.2507,46.3946],[0.2484,46.3977],[0.2469,46.3983]]}},{"type":"Feature","properties":{"name":"Le Clain"},"geometry":{"type":"LineString","coordinates":[[0.2469,46.3983],[0.2411,46.3999],[0.2408,46.4043],[0.2474,46.4099],[0.2472,46.4109],[0.2522,46.4155],[0.2536,46.4184],[0.2602,46.4225],[0.2610,46.4242],[0.2655,46.4241],[0.2727,46.4277],[0.2797,46.4325],[0.2822,46.4361],[0.2856,46.4387]]}},{"type":"Feature","properties":{"name":"Le Clain"},"geometry":{"type":"LineString","coordinates":[[0.2463,46.3866],[0.2460,46.3877],[0.2485,46.3894]]}},{"type":"Feature","properties":{"name":"La Vonne"},"geometry":{"type":"LineString","coordinates":[[0.1011,46.4567],[0.1019,46.4543],[0.1064,46.4517],[0.1124,46.4499],[0.1151,46.4498],[0.1198,46.4517],[0.1248,46.4508],[0.1296,46.4518],[0.1311,46.4506],[0.1316,46.4490],[0.1297,46.4475],[0.1218,46.4467],[0.1187,46.4446],[0.1178,46.4421],[0.1203,46.4414],[0.1203,46.4383],[0.1212,46.4377],[0.1264,46.4375],[0.1301,46.4408],[0.1313,46.4441],[0.1345,46.4479],[0.1377,46.4494],[0.1422,46.4482],[0.1431,46.4464],[0.1451,46.4461],[0.1459,46.4436],[0.1506,46.4421],[0.1521,46.4391],[0.1515,46.4367],[0.1525,46.4357],[0.1570,46.4348],[0.1646,46.4374],[0.1677,46.4364],[0.1678,46.4346],[0.1588,46.4297],[0.1596,46.4276],[0.1618,46.4268],[0.1657,46.4266],[0.1694,46.4285],[0.1764,46.4376],[0.1794,46.4382],[0.1841,46.4362],[0.1876,46.4296],[0.1907,46.4269],[0.1929,46.4282],[0.1941,46.4304],[0.1915,46.4346],[0.1904,46.4389],[0.1947,46.4403],[0.2008,46.4374],[0.2022,46.4332],[0.2019,46.4315],[0.2028,46.4306],[0.2011,46.4256],[0.2037,46.4224],[0.2070,46.4225],[0.2081,46.4239],[0.2143,46.4259],[0.2171,46.4290],[0.2199,46.4296],[0.2220,46.4258],[0.2235,46.4249],[0.2302,46.4283],[0.2329,46.4278],[0.2369,46.4296],[0.2384,46.4293],[0.2398,46.4268],[0.2347,46.4204],[0.2360,46.4180],[0.2406,46.4197],[0.2430,46.4220],[0.2432,46.4238],[0.2450,46.4249],[0.2531,46.4274],[0.2550,46.4274],[0.2617,46.4245]]}},{"type":"Feature","properties":{"name":"La Vonne"},"geometry":{"type":"LineString","coordinates":[[-0.0821,46.4970],[-0.0779,46.4956],[-0.0772,46.4941],[-0.0716,46.4941],[-0.0669,46.4924],[-0.0629,46.4935],[-0.0616,46.4921],[-0.0594,46.4926],[-0.0574,46.4901],[-0.0518,46.4878],[-0.0475,46.4899],[-0.0462,46.4911],[-0.0461,46.4930],[-0.0407,46.4940],[-0.0377,46.4981],[-0.0330,46.4958],[-0.0309,46.4970],[-0.0251,46.4948],[-0.0213,46.4959],[-0.0209,46.4999],[-0.0217,46.5012],[-0.0195,46.5043],[-0.0144,46.5019],[-0.0123,46.4985],[-0.0080,46.4955],[-0.0093,46.4931],[-0.0142,46.4929],[-0.0159,46.4915],[-0.0142,46.4896],[-0.0104,46.4887],[-0.0084,46.4888],[-0.0056,46.4905],[-0.0030,46.4934],[-0.0028,46.4959],[0.0034,46.4979],[0.0127,46.4976],[0.0149,46.4963],[0.0175,46.4921],[0.0257,46.4926],[0.0314,46.4902],[0.0343,46.4913],[0.0371,46.4960],[0.0393,46.4957],[0.0417,46.4934],[0.0446,46.4924],[0.0482,46.4944],[0.0480,46.4915],[0.0499,46.4878],[0.0487,46.4844],[0.0517,46.4846],[0.0559,46.4887],[0.0596,46.4885],[0.0611,46.4871],[0.0611,46.4854],[0.0597,46.4838],[0.0559,46.4834],[0.0554,46.4807],[0.0577,46.4758],[0.0660,46.4755],[0.0766,46.4719],[0.0771,46.4705],[0.0761,46.4682],[0.0698,46.4637],[0.0704,46.4614],[0.0765,46.4606],[0.0895,46.4637],[0.0978,46.4628],[0.1021,46.4607],[0.1011,46.4567]]}},{"type":"Feature","properties":{"name":"La Vonne"},"geometry":{"type":"LineString","coordinates":[[0.0734,46.4661],[0.0707,46.4646]]}},{"type":"Feature","properties":{"name":"La Vonne"},"geometry":{"type":"LineString","coordinates":[[0.0615,46.4755],[0.0650,46.4754]]}},{"type":"Feature","properties":{"name":"La Vonne"},"geometry":{"type":"LineString","coordinates":[[0.0638,46.4750],[0.0649,46.4753]]}},{"type":"Feature","properties":{"name":"La Vonne"},"geometry":{"type":"LineString","coordinates":[[0.2163,46.4282],[0.2185,46.4298],[0.2203,46.4295]]}},{"type":"Feature","properties":{"name":"La Belle"},"geometry":{"type":"LineString","coordinates":[[-0.2561,46.1892],[-0.2558,46.1886],[-0.2572,46.1885]]}},{"type":"Feature","properties":{"name":"La Belle"},"geometry":{"type":"LineString","coordinates":[[-0.2756,46.1839],[-0.2785,46.1835],[-0.2787,46.1826]]}},{"type":"Feature","properties":{"name":"La Belle"},"geometry":{"type":"LineString","coordinates":[[-0.2516,46.1928],[-0.2531,46.1931]]}},{"type":"Feature","properties":{"name":"La Belle"},"geometry":{"type":"LineString","coordinates":[[-0.2649,46.1860],[-0.2648,46.1847],[-0.2674,46.1838],[-0.2691,46.1848]]}},{"type":"Feature","properties":{"name":"La Belle"},"geometry":{"type":"LineString","coordinates":[[-0.2666,46.1858],[-0.2669,46.1848],[-0.2707,46.1855]]}},{"type":"Feature","properties":{"name":"La Belle"},"geometry":{"type":"LineString","coordinates":[[-0.2438,46.2031],[-0.2452,46.2020],[-0.2446,46.2008]]}},{"type":"Feature","properties":{"name":"La Belle"},"geometry":{"type":"LineString","coordinates":[[-0.2508,46.1953],[-0.2496,46.1947],[-0.2504,46.1928]]}},{"type":"Feature","properties":{"name":"La Belle"},"geometry":{"type":"LineString","coordinates":[[-0.3029,46.1464],[-0.3016,46.1462]]}},{"type":"Feature","properties":{"name":"La Belle"},"geometry":{"type":"LineString","coordinates":[[-0.3035,46.1468],[-0.3040,46.1464],[-0.3031,46.1457]]}},{"type":"Feature","properties":{"name":"La Belle"},"geometry":{"type":"LineString","coordinates":[[-0.2405,46.2134],[-0.2404,46.2133]]}},{"type":"Feature","properties":{"name":"La Belle"},"geometry":{"type":"LineString","coordinates":[[-0.2404,46.2133],[-0.2392,46.2123],[-0.2405,46.2101],[-0.2436,46.2095],[-0.2438,46.2082],[-0.2420,46.2062]]}},{"type":"Feature","properties":{"name":"La Belle"},"geometry":{"type":"LineString","coordinates":[[-0.2405,46.2249],[-0.2403,46.2234],[-0.2437,46.2233],[-0.2414,46.2211],[-0.2441,46.2187],[-0.2403,46.2166],[-0.2400,46.2156],[-0.2413,46.2152]]}},{"type":"Feature","properties":{"name":"La Belle"},"geometry":{"type":"LineString","coordinates":[[-0.2405,46.2250],[-0.2405,46.2249]]}},{"type":"Feature","properties":{"name":"La Belle"},"geometry":{"type":"LineString","coordinates":[[-0.2345,46.2286],[-0.2364,46.2254],[-0.2399,46.2264],[-0.2405,46.2250]]}},{"type":"Feature","properties":{"name":"La Belle"},"geometry":{"type":"LineString","coordinates":[[-0.2345,46.2287],[-0.2345,46.2286]]}},{"type":"Feature","properties":{"name":"La Belle"},"geometry":{"type":"LineString","coordinates":[[-0.2307,46.2315],[-0.2345,46.2287]]}},{"type":"Feature","properties":{"name":"La Belle"},"geometry":{"type":"LineString","coordinates":[[-0.2306,46.2316],[-0.2307,46.2315]]}},{"type":"Feature","properties":{"name":"La Belle"},"geometry":{"type":"LineString","coordinates":[[-0.2259,46.2478],[-0.2259,46.2477]]}},{"type":"Feature","properties":{"name":"La Belle"},"geometry":{"type":"LineString","coordinates":[[-0.2280,46.2373],[-0.2280,46.2373]]}},{"type":"Feature","properties":{"name":"La Belle"},"geometry":{"type":"LineString","coordinates":[[-0.2259,46.2477],[-0.2264,46.2457],[-0.2281,46.2448],[-0.2284,46.2429],[-0.2301,46.2413],[-0.2282,46.2400],[-0.2280,46.2373]]}},{"type":"Feature","properties":{"name":"La Belle"},"geometry":{"type":"LineString","coordinates":[[-0.2280,46.2373],[-0.2269,46.2364],[-0.2303,46.2336],[-0.2306,46.2316]]}},{"type":"Feature","properties":{"name":"La Belle"},"geometry":{"type":"LineString","coordinates":[[-0.1779,46.2637],[-0.1782,46.2636]]}},{"type":"Feature","properties":{"name":"La Belle"},"geometry":{"type":"LineString","coordinates":[[-0.2203,46.2496],[-0.2203,46.2496]]}},{"type":"Feature","properties":{"name":"La Belle"},"geometry":{"type":"LineString","coordinates":[[-0.2203,46.2496],[-0.2217,46.2484],[-0.2259,46.2478]]}},{"type":"Feature","properties":{"name":"La Belle"},"geometry":{"type":"LineString","coordinates":[[-0.2186,46.2513],[-0.2203,46.2496]]}},{"type":"Feature","properties":{"name":"La Belle"},"geometry":{"type":"LineString","coordinates":[[-0.2185,46.2517],[-0.2186,46.2513]]}},{"type":"Feature","properties":{"name":"La Belle"},"geometry":{"type":"LineString","coordinates":[[-0.2119,46.2567],[-0.2127,46.2547]]}},{"type":"Feature","properties":{"name":"La Belle"},"geometry":{"type":"LineString","coordinates":[[-0.2119,46.2567],[-0.2119,46.2567]]}},{"type":"Feature","properties":{"name":"La Belle"},"geometry":{"type":"LineString","coordinates":[[-0.2127,46.2547],[-0.2138,46.2529],[-0.2169,46.2529],[-0.2185,46.2517]]}},{"type":"Feature","properties":{"name":"La Belle"},"geometry":{"type":"LineString","coordinates":[[-0.2127,46.2547],[-0.2127,46.2547]]}},{"type":"Feature","properties":{"name":"La Belle"},"geometry":{"type":"LineString","coordinates":[[-0.2085,46.2637],[-0.2077,46.2618],[-0.2124,46.2587],[-0.2119,46.2567]]}},{"type":"Feature","properties":{"name":"La Belle"},"geometry":{"type":"LineString","coordinates":[[-0.2085,46.2637],[-0.2085,46.2637]]}},{"type":"Feature","properties":{"name":"La Belle"},"geometry":{"type":"LineString","coordinates":[[-0.1829,46.2655],[-0.1830,46.2655]]}},{"type":"Feature","properties":{"name":"La Belle"},"geometry":{"type":"LineString","coordinates":[[-0.1828,46.2653],[-0.1829,46.2655]]}},{"type":"Feature","properties":{"name":"La Belle"},"geometry":{"type":"LineString","coordinates":[[-0.2040,46.2697],[-0.2054,46.2675],[-0.2087,46.2654],[-0.2085,46.2637]]}},{"type":"Feature","properties":{"name":"La Belle"},"geometry":{"type":"LineString","coordinates":[[-0.2039,46.2697],[-0.2040,46.2697]]}},{"type":"Feature","properties":{"name":"La Belle"},"geometry":{"type":"LineString","coordinates":[[-0.1782,46.2636],[-0.1801,46.2635]]}},{"type":"Feature","properties":{"name":"La Belle"},"geometry":{"type":"LineString","coordinates":[[-0.1782,46.2636],[-0.1782,46.2636]]}},{"type":"Feature","properties":{"name":"La Belle"},"geometry":{"type":"LineString","coordinates":[[-0.1801,46.2635],[-0.1802,46.2635]]}},{"type":"Feature","properties":{"name":"La Belle"},"geometry":{"type":"LineString","coordinates":[[-0.1802,46.2635],[-0.1822,46.2635],[-0.1828,46.2653]]}},{"type":"Feature","properties":{"name":"La Belle"},"geometry":{"type":"LineString","coordinates":[[-0.1891,46.2685],[-0.1914,46.2687]]}},{"type":"Feature","properties":{"name":"La Belle"},"geometry":{"type":"LineString","coordinates":[[-0.1891,46.2685],[-0.1891,46.2685]]}},{"type":"Feature","properties":{"name":"La Belle"},"geometry":{"type":"LineString","coordinates":[[-0.1914,46.2687],[-0.1914,46.2687]]}},{"type":"Feature","properties":{"name":"La Belle"},"geometry":{"type":"LineString","coordinates":[[-0.1914,46.2687],[-0.1968,46.2706],[-0.2000,46.2709],[-0.2039,46.2697]]}},{"type":"Feature","properties":{"name":"La Belle"},"geometry":{"type":"LineString","coordinates":[[-0.2419,46.2062],[-0.2421,46.2043],[-0.2456,46.2021],[-0.2446,46.2008],[-0.2457,46.1981],[-0.2446,46.1968],[-0.2450,46.1962],[-0.2472,46.1957],[-0.2522,46.1973],[-0.2523,46.1961],[-0.2491,46.1947],[-0.2497,46.1932],[-0.2529,46.1930],[-0.2567,46.1948],[-0.2577,46.1936]]}},{"type":"Feature","properties":{"name":"La Belle"},"geometry":{"type":"LineString","coordinates":[[-0.2420,46.2062],[-0.2419,46.2062]]}},{"type":"Feature","properties":{"name":"La Belle"},"geometry":{"type":"LineString","coordinates":[[-0.2401,46.2109],[-0.2400,46.2099],[-0.2411,46.2098]]}},{"type":"Feature","properties":{"name":"La Belle"},"geometry":{"type":"LineString","coordinates":[[-0.2576,46.1933],[-0.2561,46.1892],[-0.2613,46.1880],[-0.2652,46.1858],[-0.2709,46.1855],[-0.2724,46.1828],[-0.2791,46.1825],[-0.2787,46.1819],[-0.2809,46.1799],[-0.2842,46.1781],[-0.2841,46.1750],[-0.2824,46.1740],[-0.2830,46.1730],[-0.2891,46.1691],[-0.2882,46.1688],[-0.2951,46.1681],[-0.2966,46.1662],[-0.2964,46.1653]]}},{"type":"Feature","properties":{"name":"La Belle"},"geometry":{"type":"LineString","coordinates":[[-0.2577,46.1936],[-0.2576,46.1933]]}},{"type":"Feature","properties":{"name":"La Belle"},"geometry":{"type":"LineString","coordinates":[[-0.2413,46.2152],[-0.2414,46.2152]]}},{"type":"Feature","properties":{"name":"La Belle"},"geometry":{"type":"LineString","coordinates":[[-0.2414,46.2152],[-0.2430,46.2142],[-0.2405,46.2134]]}},{"type":"Feature","properties":{"name":"La Belle"},"geometry":{"type":"LineString","coordinates":[[-0.1830,46.2655],[-0.1891,46.2685]]}},{"type":"Feature","properties":{"name":"La Belle"},"geometry":{"type":"LineString","coordinates":[[-0.2964,46.1653],[-0.2963,46.1651]]}},{"type":"Feature","properties":{"name":"La Belle"},"geometry":{"type":"LineString","coordinates":[[-0.2963,46.1651],[-0.2959,46.1636],[-0.2970,46.1593],[-0.2957,46.1587],[-0.2957,46.1565],[-0.2994,46.1551],[-0.2995,46.1517],[-0.3028,46.1486],[-0.3035,46.1468],[-0.3029,46.1457]]}},{"type":"Feature","properties":{"name":"La Belle"},"geometry":{"type":"LineString","coordinates":[[-0.2756,46.1839],[-0.2770,46.1830]]}},{"type":"Feature","properties":{"name":"La Belle"},"geometry":{"type":"LineString","coordinates":[[-0.2842,46.1767],[-0.2830,46.1760],[-0.2830,46.1747]]}},{"type":"Feature","properties":{"name":"La Belle"},"geometry":{"type":"LineString","coordinates":[[-0.2963,46.1651],[-0.2962,46.1646]]}},{"type":"Feature","properties":{"name":"La Belle"},"geometry":{"type":"LineString","coordinates":[[-0.2963,46.1654],[-0.2963,46.1653]]}},{"type":"Feature","properties":{"name":"La Belle"},"geometry":{"type":"LineString","coordinates":[[-0.2963,46.1653],[-0.2963,46.1651]]}},{"type":"Feature","properties":{"name":"La Belle"},"geometry":{"type":"LineString","coordinates":[[-0.2372,46.2258],[-0.2382,46.2259]]}},{"type":"Feature","properties":{"name":"La Belle"},"geometry":{"type":"LineString","coordinates":[[-0.2384,46.2259],[-0.2385,46.2259]]}},{"type":"Feature","properties":{"name":"La Belle"},"geometry":{"type":"LineString","coordinates":[[-0.2382,46.2259],[-0.2384,46.2259]]}},{"type":"Feature","properties":{"name":"La Belle"},"geometry":{"type":"LineString","coordinates":[[-0.2385,46.2259],[-0.2404,46.2257]]}},{"type":"Feature","properties":{"name":"La Sèvre Niortaise"},"geometry":{"type":"LineString","coordinates":[[-0.8030,46.3254],[-0.8060,46.3283],[-0.8078,46.3321],[-0.8054,46.3359],[-0.8002,46.3372],[-0.7971,46.3391],[-0.7972,46.3404],[-0.7998,46.3424],[-0.8051,46.3426],[-0.8088,46.3389],[-0.8177,46.3365],[-0.8236,46.3360],[-0.8263,46.3368]]}},{"type":"Feature","properties":{"name":"La Sèvre Niortaise"},"geometry":{"type":"LineString","coordinates":[[-0.7245,46.3100],[-0.7307,46.3131],[-0.7376,46.3139],[-0.7401,46.3155],[-0.7446,46.3160]]}},{"type":"Feature","properties":{"name":"La Sèvre Niortaise"},"geometry":{"type":"LineString","coordinates":[[-0.7767,46.3186],[-0.7850,46.3192],[-0.7891,46.3228],[-0.7941,46.3251],[-0.8003,46.3246],[-0.8030,46.3254]]}},{"type":"Feature","properties":{"name":"La Sèvre Niortaise"},"geometry":{"type":"LineString","coordinates":[[-0.8632,46.3195],[-0.8629,46.3222],[-0.8604,46.3248],[-0.8630,46.3270],[-0.8671,46.3273],[-0.8685,46.3262],[-0.8688,46.3233],[-0.8720,46.3223],[-0.8786,46.3243],[-0.8835,46.3239],[-0.8871,46.3269]]}},{"type":"Feature","properties":{"name":"La Sèvre Niortaise"},"geometry":{"type":"LineString","coordinates":[[-0.8871,46.3269],[-0.8899,46.3235],[-0.8934,46.3229],[-0.8937,46.3215],[-0.8927,46.3198],[-0.8944,46.3171],[-0.8992,46.3170],[-0.9036,46.3142],[-0.9084,46.3145],[-0.9123,46.3131]]}},{"type":"Feature","properties":{"name":"La Sèvre Niortaise"},"geometry":{"type":"LineString","coordinates":[[-0.4413,46.3927],[-0.4487,46.3928],[-0.4526,46.3950],[-0.4543,46.3949],[-0.4589,46.3991],[-0.4623,46.4003]]}},{"type":"Feature","properties":{"name":"La Sèvre Niortaise"},"geometry":{"type":"LineString","coordinates":[[-0.9123,46.3131],[-0.9154,46.3162],[-0.9203,46.3125],[-0.9232,46.3132],[-0.9260,46.3156],[-0.9287,46.3145]]}},{"type":"Feature","properties":{"name":"La Sèvre Niortaise"},"geometry":{"type":"LineString","coordinates":[[-0.8263,46.3368],[-0.8315,46.3420],[-0.8399,46.3407],[-0.8485,46.3325],[-0.8485,46.3295],[-0.8452,46.3269],[-0.8448,46.3255],[-0.8494,46.3184],[-0.8522,46.3174],[-0.8589,46.3176],[-0.8632,46.3195]]}},{"type":"Feature","properties":{"name":"La Sèvre Niortaise"},"geometry":{"type":"LineString","coordinates":[[-0.0963,46.2906],[-0.0933,46.2905],[-0.0872,46.2926],[-0.0838,46.2925],[-0.0793,46.2945],[-0.0766,46.2946],[-0.0704,46.2974],[-0.0681,46.2995]]}},{"type":"Feature","properties":{"name":"La Sèvre Niortaise"},"geometry":{"type":"LineString","coordinates":[[-0.1951,46.4094],[-0.2026,46.4095],[-0.2083,46.4078],[-0.2087,46.4053],[-0.2048,46.4016],[-0.2060,46.3995],[-0.2108,46.3980],[-0.2158,46.3979],[-0.2177,46.3985],[-0.2191,46.4008],[-0.2211,46.4009],[-0.2223,46.3997],[-0.2211,46.3983],[-0.2212,46.3964],[-0.2240,46.3915],[-0.2337,46.3880],[-0.2415,46.3875],[-0.2453,46.3859],[-0.2520,46.3795],[-0.2576,46.3781],[-0.2596,46.3758],[-0.2655,46.3745],[-0.2696,46.3758],[-0.2743,46.3758],[-0.2760,46.3748],[-0.2781,46.3712],[-0.2804,46.3701],[-0.2825,46.3707],[-0.2892,46.3758],[-0.2918,46.3751],[-0.2959,46.3730],[-0.2961,46.3718],[-0.3013,46.3679],[-0.3026,46.3636],[-0.3044,46.3637],[-0.3040,46.3631],[-0.3073,46.3610],[-0.3166,46.3605],[-0.3272,46.3662],[-0.3303,46.3666],[-0.3307,46.3686],[-0.3320,46.3693]]}},{"type":"Feature","properties":{"name":"La Sèvre Niortaise"},"geometry":{"type":"LineString","coordinates":[[-0.3320,46.3693],[-0.3386,46.3701],[-0.3437,46.3735]]}},{"type":"Feature","properties":{"name":"La Sèvre Niortaise"},"geometry":{"type":"LineString","coordinates":[[-0.7603,46.3242],[-0.7624,46.3228],[-0.7750,46.3194]]}},{"type":"Feature","properties":{"name":"La Sèvre Niortaise"},"geometry":{"type":"LineString","coordinates":[[-0.4692,46.3922],[-0.4613,46.3889],[-0.4601,46.3874],[-0.4613,46.3847],[-0.4662,46.3827],[-0.4785,46.3836],[-0.4831,46.3830],[-0.4831,46.3799],[-0.4810,46.3774],[-0.4754,46.3754],[-0.4683,46.3766],[-0.4528,46.3770],[-0.4496,46.3753],[-0.4566,46.3648],[-0.4690,46.3660],[-0.4713,46.3651],[-0.4729,46.3621]]}},{"type":"Feature","properties":{"name":"La Sèvre Niortaise"},"geometry":{"type":"LineString","coordinates":[[-0.1618,46.3888],[-0.1687,46.3925],[-0.1683,46.3938],[-0.1743,46.4014],[-0.1774,46.4020],[-0.1800,46.4041],[-0.1792,46.4064],[-0.1810,46.4077],[-0.1917,46.4110],[-0.1949,46.4095]]}},{"type":"Feature","properties":{"name":"La Sèvre Niortaise"},"geometry":{"type":"LineString","coordinates":[[-0.3437,46.3735],[-0.3491,46.3744],[-0.3513,46.3763],[-0.3553,46.3777],[-0.3565,46.3767],[-0.3607,46.3765],[-0.3622,46.3748],[-0.3608,46.3700],[-0.3653,46.3700],[-0.3687,46.3678],[-0.3724,46.3685],[-0.3761,46.3714],[-0.3758,46.3747],[-0.3793,46.3800],[-0.3828,46.3814],[-0.3863,46.3849],[-0.3925,46.3874],[-0.3943,46.3906],[-0.3957,46.3976],[-0.4026,46.3991]]}},{"type":"Feature","properties":{"name":"La Sèvre Niortaise"},"geometry":{"type":"LineString","coordinates":[[-0.0829,46.3437],[-0.0887,46.3432],[-0.0903,46.3441],[-0.0902,46.3503],[-0.0929,46.3516],[-0.0954,46.3557],[-0.0979,46.3556],[-0.1001,46.3544]]}},{"type":"Feature","properties":{"name":"La Sèvre Niortaise"},"geometry":{"type":"LineString","coordinates":[[-0.1949,46.4095],[-0.1951,46.4094]]}},{"type":"Feature","properties":{"name":"La Sèvre Niortaise"},"geometry":{"type":"LineString","coordinates":[[-0.7184,46.3079],[-0.7189,46.3080]]}},{"type":"Feature","properties":{"name":"La Sèvre Niortaise"},"geometry":{"type":"LineString","coordinates":[[-0.7189,46.3080],[-0.7245,46.3100]]}},{"type":"Feature","properties":{"name":"La Sèvre Niortaise"},"geometry":{"type":"LineString","coordinates":[[-0.4790,46.3330],[-0.4796,46.3355],[-0.4815,46.3363],[-0.4917,46.3351]]}},{"type":"Feature","properties":{"name":"La Sèvre Niortaise"},"geometry":{"type":"LineString","coordinates":[[-0.4917,46.3351],[-0.4938,46.3326],[-0.4931,46.3251],[-0.4980,46.3202],[-0.5005,46.3197]]}},{"type":"Feature","properties":{"name":"La Sèvre Niortaise"},"geometry":{"type":"LineString","coordinates":[[-0.4729,46.3621],[-0.4713,46.3596],[-0.4574,46.3558],[-0.4550,46.3535],[-0.4564,46.3502],[-0.4657,46.3489],[-0.4714,46.3453],[-0.4724,46.3422],[-0.4718,46.3387],[-0.4701,46.3368],[-0.4654,46.3346]]}},{"type":"Feature","properties":{"name":"La Sèvre Niortaise"},"geometry":{"type":"LineString","coordinates":[[-0.4654,46.3346],[-0.4625,46.3316],[-0.4643,46.3270],[-0.4695,46.3238],[-0.4759,46.3246]]}},{"type":"Feature","properties":{"name":"La Sèvre Niortaise"},"geometry":{"type":"LineString","coordinates":[[-0.5090,46.3209],[-0.5107,46.3227],[-0.5108,46.3241],[-0.5076,46.3270],[-0.5073,46.3323]]}},{"type":"Feature","properties":{"name":"La Sèvre Niortaise"},"geometry":{"type":"LineString","coordinates":[[-0.5005,46.3197],[-0.5090,46.3209]]}},{"type":"Feature","properties":{"name":"La Sèvre Niortaise"},"geometry":{"type":"LineString","coordinates":[[-0.4775,46.3258],[-0.4791,46.3283]]}},{"type":"Feature","properties":{"name":"La Sèvre Niortaise"},"geometry":{"type":"LineString","coordinates":[[-0.0486,46.3062],[-0.0417,46.3086],[-0.0403,46.3149],[-0.0411,46.3163]]}},{"type":"Feature","properties":{"name":"La Sèvre Niortaise"},"geometry":{"type":"LineString","coordinates":[[-0.0488,46.3062],[-0.0486,46.3062]]}},{"type":"Feature","properties":{"name":"La Sèvre Niortaise"},"geometry":{"type":"LineString","coordinates":[[-0.0489,46.3063],[-0.0488,46.3062]]}},{"type":"Feature","properties":{"name":"La Sèvre Niortaise"},"geometry":{"type":"LineString","coordinates":[[-0.1122,46.3558],[-0.1130,46.3562]]}},{"type":"Feature","properties":{"name":"La Sèvre Niortaise"},"geometry":{"type":"LineString","coordinates":[[-0.1130,46.3562],[-0.1133,46.3567]]}},{"type":"Feature","properties":{"name":"La Sèvre Niortaise"},"geometry":{"type":"LineString","coordinates":[[-0.0535,46.3074],[-0.0503,46.3067]]}},{"type":"Feature","properties":{"name":"La Sèvre Niortaise"},"geometry":{"type":"LineString","coordinates":[[-0.0503,46.3067],[-0.0499,46.3066]]}},{"type":"Feature","properties":{"name":"La Sèvre Niortaise"},"geometry":{"type":"LineString","coordinates":[[-0.0499,46.3066],[-0.0489,46.3063]]}},{"type":"Feature","properties":{"name":"La Sèvre Niortaise"},"geometry":{"type":"LineString","coordinates":[[-0.0538,46.3074],[-0.0535,46.3074]]}},{"type":"Feature","properties":{"name":"La Sèvre Niortaise"},"geometry":{"type":"LineString","coordinates":[[-0.0611,46.3049],[-0.0538,46.3074]]}},{"type":"Feature","properties":{"name":"La Sèvre Niortaise"},"geometry":{"type":"LineString","coordinates":[[-0.0615,46.3047],[-0.0611,46.3049]]}},{"type":"Feature","properties":{"name":"La Sèvre Niortaise"},"geometry":{"type":"LineString","coordinates":[[-0.0414,46.3164],[-0.0448,46.3185]]}},{"type":"Feature","properties":{"name":"La Sèvre Niortaise"},"geometry":{"type":"LineString","coordinates":[[-0.0411,46.3163],[-0.0414,46.3164]]}},{"type":"Feature","properties":{"name":"La Sèvre Niortaise"},"geometry":{"type":"LineString","coordinates":[[-0.0449,46.3185],[-0.0458,46.3200],[-0.0521,46.3203]]}},{"type":"Feature","properties":{"name":"La Sèvre Niortaise"},"geometry":{"type":"LineString","coordinates":[[-0.0448,46.3185],[-0.0449,46.3185]]}},{"type":"Feature","properties":{"name":"La Sèvre Niortaise"},"geometry":{"type":"LineString","coordinates":[[-0.0522,46.3204],[-0.0536,46.3214],[-0.0523,46.3240],[-0.0546,46.3277],[-0.0565,46.3277],[-0.0578,46.3259],[-0.0618,46.3239],[-0.0635,46.3267],[-0.0672,46.3259],[-0.0657,46.3299],[-0.0667,46.3327],[-0.0662,46.3355],[-0.0645,46.3377],[-0.0659,46.3390],[-0.0682,46.3383]]}},{"type":"Feature","properties":{"name":"La Sèvre Niortaise"},"geometry":{"type":"LineString","coordinates":[[-0.0521,46.3203],[-0.0522,46.3204]]}},{"type":"Feature","properties":{"name":"La Sèvre Niortaise"},"geometry":{"type":"LineString","coordinates":[[-0.1133,46.3567],[-0.1136,46.3593],[-0.1160,46.3598],[-0.1181,46.3633],[-0.1204,46.3645],[-0.1216,46.3659],[-0.1209,46.3662],[-0.1216,46.3679],[-0.1231,46.3687],[-0.1308,46.3678],[-0.1377,46.3703],[-0.1415,46.3701],[-0.1438,46.3721],[-0.1432,46.3724],[-0.1447,46.3753],[-0.1461,46.3754],[-0.1508,46.3797],[-0.1540,46.3799],[-0.1563,46.3812],[-0.1618,46.3888]]}},{"type":"Feature","properties":{"name":"La Sèvre Niortaise"},"geometry":{"type":"LineString","coordinates":[[-0.1133,46.3567],[-0.1133,46.3567]]}},{"type":"Feature","properties":{"name":"La Sèvre Niortaise"},"geometry":{"type":"LineString","coordinates":[[-0.5413,46.3142],[-0.5422,46.3168],[-0.5375,46.3218],[-0.5385,46.3245],[-0.5433,46.3249],[-0.5517,46.3227],[-0.5569,46.3232]]}},{"type":"Feature","properties":{"name":"La Sèvre Niortaise"},"geometry":{"type":"LineString","coordinates":[[-0.4785,46.3303],[-0.4790,46.3330]]}},{"type":"Feature","properties":{"name":"La Sèvre Niortaise"},"geometry":{"type":"LineString","coordinates":[[-0.5153,46.3301],[-0.5174,46.3307]]}},{"type":"Feature","properties":{"name":"La Sèvre Niortaise"},"geometry":{"type":"LineString","coordinates":[[-0.7446,46.3160],[-0.7516,46.3212],[-0.7603,46.3242]]}},{"type":"Feature","properties":{"name":"La Sèvre Niortaise"},"geometry":{"type":"LineString","coordinates":[[-0.6159,46.3120],[-0.6171,46.3106]]}},{"type":"Feature","properties":{"name":"La Sèvre Niortaise"},"geometry":{"type":"LineString","coordinates":[[-0.5569,46.3232],[-0.5574,46.3243]]}},{"type":"Feature","properties":{"name":"La Sèvre Niortaise"},"geometry":{"type":"LineString","coordinates":[[-0.5958,46.3171],[-0.5992,46.3161]]}},{"type":"Feature","properties":{"name":"La Sèvre Niortaise"},"geometry":{"type":"LineString","coordinates":[[-0.6482,46.3169],[-0.6529,46.3175],[-0.6570,46.3150],[-0.6623,46.3171],[-0.6723,46.3163],[-0.6771,46.3145],[-0.6788,46.3094],[-0.6833,46.3072],[-0.6931,46.3092],[-0.6975,46.3060],[-0.7058,46.3039],[-0.7111,46.3040],[-0.7139,46.3065],[-0.7184,46.3079]]}},{"type":"Feature","properties":{"name":"La Sèvre Niortaise"},"geometry":{"type":"LineString","coordinates":[[-0.8076,46.3329],[-0.8133,46.3358],[-0.8186,46.3364]]}},{"type":"Feature","properties":{"name":"La Sèvre Niortaise"},"geometry":{"type":"LineString","coordinates":[[-0.0681,46.2996],[-0.0651,46.3011],[-0.0615,46.3047]]}},{"type":"Feature","properties":{"name":"La Sèvre Niortaise"},"geometry":{"type":"LineString","coordinates":[[-0.0681,46.2995],[-0.0681,46.2996]]}},{"type":"Feature","properties":{"name":"La Sèvre Niortaise"},"geometry":{"type":"LineString","coordinates":[[-0.4519,46.3912],[-0.4552,46.3929],[-0.4553,46.3938],[-0.4603,46.3975],[-0.4618,46.4001],[-0.4669,46.4012],[-0.4685,46.4002],[-0.4705,46.4012],[-0.4723,46.3995],[-0.4752,46.3990],[-0.4744,46.3957],[-0.4714,46.3929],[-0.4692,46.3922]]}},{"type":"Feature","properties":{"name":"La Sèvre Niortaise"},"geometry":{"type":"LineString","coordinates":[[-0.4515,46.3912],[-0.4519,46.3912]]}},{"type":"Feature","properties":{"name":"La Sèvre Niortaise"},"geometry":{"type":"LineString","coordinates":[[-0.1002,46.3543],[-0.1024,46.3528],[-0.1046,46.3527],[-0.1096,46.3542],[-0.1113,46.3537],[-0.1122,46.3558]]}},{"type":"Feature","properties":{"name":"La Sèvre Niortaise"},"geometry":{"type":"LineString","coordinates":[[-0.1001,46.3544],[-0.1002,46.3543]]}},{"type":"Feature","properties":{"name":"La Sèvre Niortaise"},"geometry":{"type":"LineString","coordinates":[[-0.0828,46.3436],[-0.0829,46.3437]]}},{"type":"Feature","properties":{"name":"La Sèvre Niortaise"},"geometry":{"type":"LineString","coordinates":[[-0.0682,46.3383],[-0.0705,46.3388],[-0.0710,46.3417],[-0.0772,46.3415],[-0.0792,46.3436]]}},{"type":"Feature","properties":{"name":"La Sèvre Niortaise"},"geometry":{"type":"LineString","coordinates":[[-0.4758,46.3249],[-0.4775,46.3258]]}},{"type":"Feature","properties":{"name":"La Sèvre Niortaise"},"geometry":{"type":"LineString","coordinates":[[-0.4759,46.3246],[-0.4759,46.3247]]}},{"type":"Feature","properties":{"name":"La Sèvre Niortaise"},"geometry":{"type":"LineString","coordinates":[[-0.4026,46.3991],[-0.4027,46.3991]]}},{"type":"Feature","properties":{"name":"La Sèvre Niortaise"},"geometry":{"type":"LineString","coordinates":[[-0.4027,46.3991],[-0.4063,46.3957],[-0.4068,46.3940],[-0.4095,46.3931],[-0.4166,46.3925],[-0.4168,46.3941],[-0.4240,46.3940],[-0.4258,46.3960],[-0.4260,46.3979],[-0.4209,46.4041],[-0.4241,46.4061],[-0.4283,46.4060],[-0.4317,46.4035],[-0.4340,46.4004],[-0.4350,46.3962],[-0.4365,46.3959],[-0.4377,46.3938],[-0.4402,46.3937],[-0.4422,46.3917],[-0.4460,46.3908],[-0.4515,46.3912]]}},{"type":"Feature","properties":{"name":"La Sèvre Niortaise"},"geometry":{"type":"LineString","coordinates":[[-0.0825,46.3435],[-0.0836,46.3436]]}},{"type":"Feature","properties":{"name":"La Sèvre Niortaise"},"geometry":{"type":"LineString","coordinates":[[-0.0838,46.3436],[-0.0845,46.3438]]}},{"type":"Feature","properties":{"name":"La Sèvre Niortaise"},"geometry":{"type":"LineString","coordinates":[[-0.0836,46.3436],[-0.0838,46.3436]]}},{"type":"Feature","properties":{"name":"La Sèvre Niortaise"},"geometry":{"type":"LineString","coordinates":[[-0.0793,46.3436],[-0.0828,46.3436]]}},{"type":"Feature","properties":{"name":"La Sèvre Niortaise"},"geometry":{"type":"LineString","coordinates":[[-0.0792,46.3436],[-0.0793,46.3436]]}},{"type":"Feature","properties":{"name":"La Sèvre Niortaise"},"geometry":{"type":"LineString","coordinates":[[-0.1019,46.2921],[-0.0963,46.2906]]}},{"type":"Feature","properties":{"name":"La Sèvre Niortaise"},"geometry":{"type":"LineString","coordinates":[[-0.5850,46.3209],[-0.5880,46.3201]]}},{"type":"Feature","properties":{"name":"La Sèvre Niortaise"},"geometry":{"type":"LineString","coordinates":[[-0.5574,46.3243],[-0.5584,46.3269],[-0.5643,46.3277],[-0.5721,46.3267],[-0.5850,46.3209]]}},{"type":"Feature","properties":{"name":"La Sèvre Niortaise"},"geometry":{"type":"LineString","coordinates":[[-0.5935,46.3182],[-0.5958,46.3171]]}},{"type":"Feature","properties":{"name":"La Sèvre Niortaise"},"geometry":{"type":"LineString","coordinates":[[-0.5992,46.3161],[-0.6049,46.3147]]}},{"type":"Feature","properties":{"name":"La Sèvre Niortaise"},"geometry":{"type":"LineString","coordinates":[[-0.6102,46.3130],[-0.6135,46.3131],[-0.6159,46.3120]]}},{"type":"Feature","properties":{"name":"La Sèvre Niortaise"},"geometry":{"type":"LineString","coordinates":[[-0.5880,46.3201],[-0.5935,46.3182]]}},{"type":"Feature","properties":{"name":"La Sèvre Niortaise"},"geometry":{"type":"LineString","coordinates":[[-0.6049,46.3147],[-0.6086,46.3146]]}},{"type":"Feature","properties":{"name":"La Sèvre Niortaise"},"geometry":{"type":"LineString","coordinates":[[-0.6086,46.3146],[-0.6102,46.3130]]}},{"type":"Feature","properties":{"name":"La Sèvre Niortaise"},"geometry":{"type":"LineString","coordinates":[[-0.5319,46.3145],[-0.5341,46.3137],[-0.5413,46.3142]]}},{"type":"Feature","properties":{"name":"La Sèvre Niortaise"},"geometry":{"type":"LineString","coordinates":[[-0.5297,46.3151],[-0.5319,46.3145]]}},{"type":"Feature","properties":{"name":"La Sèvre Niortaise"},"geometry":{"type":"LineString","coordinates":[[-0.5183,46.3304],[-0.5220,46.3261],[-0.5222,46.3235],[-0.5242,46.3228],[-0.5242,46.3213],[-0.5297,46.3151]]}},{"type":"Feature","properties":{"name":"La Sèvre Niortaise"},"geometry":{"type":"LineString","coordinates":[[-0.5073,46.3323],[-0.5088,46.3324]]}},{"type":"Feature","properties":{"name":"La Sèvre Niortaise"},"geometry":{"type":"LineString","coordinates":[[-0.5088,46.3324],[-0.5103,46.3336],[-0.5139,46.3324]]}},{"type":"Feature","properties":{"name":"La Sèvre Niortaise"},"geometry":{"type":"LineString","coordinates":[[-0.5174,46.3307],[-0.5183,46.3304]]}},{"type":"Feature","properties":{"name":"La Sèvre Niortaise"},"geometry":{"type":"LineString","coordinates":[[-0.5139,46.3324],[-0.5153,46.3301]]}},{"type":"Feature","properties":{"name":"La Sèvre Niortaise"},"geometry":{"type":"LineString","coordinates":[[-0.6174,46.3105],[-0.6223,46.3099],[-0.6289,46.3126],[-0.6325,46.3114],[-0.6402,46.3142],[-0.6436,46.3136]]}},{"type":"Feature","properties":{"name":"La Sèvre Niortaise"},"geometry":{"type":"LineString","coordinates":[[-0.6171,46.3106],[-0.6174,46.3105]]}},{"type":"Feature","properties":{"name":"La Sèvre Niortaise"},"geometry":{"type":"LineString","coordinates":[[-0.6436,46.3136],[-0.6450,46.3154],[-0.6482,46.3169]]}},{"type":"Feature","properties":{"name":"La Sèvre Niortaise"},"geometry":{"type":"LineString","coordinates":[[-0.1031,46.2924],[-0.1021,46.2921]]}},{"type":"Feature","properties":{"name":"La Sèvre Niortaise"},"geometry":{"type":"LineString","coordinates":[[-0.1019,46.2922],[-0.1019,46.2921]]}},{"type":"Feature","properties":{"name":"La Sèvre Niortaise"},"geometry":{"type":"LineString","coordinates":[[-0.7750,46.3194],[-0.7767,46.3186]]}},{"type":"Feature","properties":{"name":"La Sèvre Niortaise"},"geometry":{"type":"LineString","coordinates":[[-0.7758,46.3187],[-0.7767,46.3186]]}},{"type":"Feature","properties":{"name":"La Sèvre Niortaise"},"geometry":{"type":"LineString","coordinates":[[-0.7750,46.3194],[-0.7758,46.3187]]}},{"type":"Feature","properties":{"name":"La Sèvre Niortaise"},"geometry":{"type":"LineString","coordinates":[[-0.4759,46.3247],[-0.4758,46.3249]]}},{"type":"Feature","properties":{"name":"La Sèvre Niortaise"},"geometry":{"type":"LineString","coordinates":[[-0.4785,46.3292],[-0.4785,46.3303]]}},{"type":"Feature","properties":{"name":"La Sèvre Niortaise"},"geometry":{"type":"LineString","coordinates":[[-0.4787,46.3290],[-0.4785,46.3292]]}},{"type":"Feature","properties":{"name":"La Sèvre Niortaise"},"geometry":{"type":"LineString","coordinates":[[-0.4791,46.3283],[-0.4787,46.3290]]}},{"type":"Feature","properties":{"name":"Ruisseau de la Fontaine de Monic"},"geometry":{"type":"LineString","coordinates":[[-0.8670,46.7715],[-0.8688,46.7707],[-0.8711,46.7661],[-0.8741,46.7631],[-0.8770,46.7619],[-0.8803,46.7554]]}},{"type":"Feature","properties":{"name":"Ruisseau de la Fontaine de Monic"},"geometry":{"type":"LineString","coordinates":[[-0.8678,46.7896],[-0.8676,46.7872],[-0.8693,46.7852]]}},{"type":"Feature","properties":{"name":"Ruisseau de la Fontaine de Monic"},"geometry":{"type":"LineString","coordinates":[[-0.8693,46.7851],[-0.8687,46.7836],[-0.8711,46.7812],[-0.8721,46.7777]]}},{"type":"Feature","properties":{"name":"Ruisseau de la Fontaine de Monic"},"geometry":{"type":"LineString","coordinates":[[-0.8721,46.7776],[-0.8721,46.7771]]}},{"type":"Feature","properties":{"name":"Ruisseau de la Fontaine de Monic"},"geometry":{"type":"LineString","coordinates":[[-0.8721,46.7770],[-0.8700,46.7756]]}},{"type":"Feature","properties":{"name":"Ruisseau de la Fontaine de Monic"},"geometry":{"type":"LineString","coordinates":[[-0.8699,46.7756],[-0.8662,46.7741],[-0.8670,46.7717]]}},{"type":"Feature","properties":{"name":"Ruisseau de la Fontaine de Monic"},"geometry":{"type":"LineString","coordinates":[[-0.8803,46.7552],[-0.8804,46.7538],[-0.8813,46.7536]]}},{"type":"Feature","properties":{"name":"Ruisseau de la Fontaine de Monic"},"geometry":{"type":"LineString","coordinates":[[-0.8561,46.8030],[-0.8569,46.8007],[-0.8621,46.7997],[-0.8644,46.7983],[-0.8645,46.7972]]}},{"type":"Feature","properties":{"name":"Ruisseau de la Fontaine de Monic"},"geometry":{"type":"LineString","coordinates":[[-0.8669,46.7926],[-0.8678,46.7896]]}},{"type":"Feature","properties":{"name":"Ruisseau de la Fontaine de Monic"},"geometry":{"type":"LineString","coordinates":[[-0.8659,46.7949],[-0.8669,46.7927]]}},{"type":"Feature","properties":{"name":"Ruisseau de la Fontaine de Monic"},"geometry":{"type":"LineString","coordinates":[[-0.8669,46.7927],[-0.8669,46.7926]]}},{"type":"Feature","properties":{"name":"Ruisseau de la Fontaine de Monic"},"geometry":{"type":"LineString","coordinates":[[-0.8645,46.7972],[-0.8659,46.7949]]}},{"type":"Feature","properties":{"name":"L\u0027Égray"},"geometry":{"type":"LineString","coordinates":[[-0.4502,46.4295],[-0.4529,46.4298],[-0.4532,46.4275],[-0.4522,46.4277],[-0.4504,46.4248],[-0.4539,46.4204],[-0.4548,46.4160],[-0.4579,46.4126],[-0.4575,46.4106],[-0.4548,46.4085],[-0.4551,46.4073],[-0.4588,46.4049],[-0.4580,46.4047],[-0.4615,46.4003]]}},{"type":"Feature","properties":{"name":"L\u0027Égray"},"geometry":{"type":"LineString","coordinates":[[-0.4001,46.4805],[-0.4081,46.4776],[-0.4111,46.4783],[-0.4177,46.4772],[-0.4186,46.4763],[-0.4182,46.4758],[-0.4208,46.4736],[-0.4266,46.4729],[-0.4347,46.4692],[-0.4313,46.4649],[-0.4327,46.4639],[-0.4320,46.4631],[-0.4339,46.4619],[-0.4332,46.4602],[-0.4338,46.4583],[-0.4350,46.4588],[-0.4347,46.4574],[-0.4357,46.4571],[-0.4357,46.4562],[-0.4346,46.4561],[-0.4352,46.4552],[-0.4338,46.4537],[-0.4343,46.4530],[-0.4332,46.4526],[-0.4373,46.4487],[-0.4370,46.4463],[-0.4357,46.4449],[-0.4366,46.4442],[-0.4358,46.4417],[-0.4416,46.4377],[-0.4417,46.4347],[-0.4456,46.4359],[-0.4481,46.4352],[-0.4483,46.4335],[-0.4461,46.4307],[-0.4502,46.4295]]}},{"type":"Feature","properties":{"name":"La Vieille Dive"},"geometry":{"type":"LineString","coordinates":[[-0.0032,46.8737],[-0.0047,46.8739],[-0.0044,46.8777],[-0.0136,46.8798],[-0.0180,46.8799],[-0.0213,46.8814],[-0.0231,46.8840],[-0.0232,46.8882]]}},{"type":"Feature","properties":{"name":"La Vieille Dive"},"geometry":{"type":"LineString","coordinates":[[0.0339,46.2429],[0.0328,46.2441],[0.0335,46.2454],[0.0322,46.2488],[0.0263,46.2520]]}},{"type":"Feature","properties":{"name":"La Vieille Dive"},"geometry":{"type":"LineString","coordinates":[[0.0335,46.2454],[0.0335,46.2452]]}},{"type":"Feature","properties":{"name":"Canal du Mignon"},"geometry":{"type":"LineString","coordinates":[[-0.6799,46.1997],[-0.6829,46.2021],[-0.6838,46.2046],[-0.6837,46.2085],[-0.6885,46.2170],[-0.6915,46.2198],[-0.7461,46.2433],[-0.7519,46.2473],[-0.7546,46.2526]]}},{"type":"Feature","properties":{"name":"Canal du Mignon"},"geometry":{"type":"LineString","coordinates":[[-0.7578,46.3042],[-0.7785,46.3185]]}},{"type":"Feature","properties":{"name":"Canal du Mignon"},"geometry":{"type":"LineString","coordinates":[[-0.7546,46.2526],[-0.7533,46.2588],[-0.7435,46.2721],[-0.7422,46.2787],[-0.7437,46.2841],[-0.7545,46.3012],[-0.7578,46.3042]]}},{"type":"Feature","properties":{"name":"La Viette"},"geometry":{"type":"LineString","coordinates":[[-0.2690,46.6349],[-0.2702,46.6366]]}},{"type":"Feature","properties":{"name":"La Viette"},"geometry":{"type":"LineString","coordinates":[[-0.2592,46.6155],[-0.2596,46.6160]]}},{"type":"Feature","properties":{"name":"La Viette"},"geometry":{"type":"LineString","coordinates":[[-0.2596,46.6160],[-0.2626,46.6202],[-0.2616,46.6219],[-0.2637,46.6224],[-0.2633,46.6242],[-0.2664,46.6248],[-0.2678,46.6262],[-0.2653,46.6293],[-0.2690,46.6349]]}},{"type":"Feature","properties":{"name":"La Viette"},"geometry":{"type":"LineString","coordinates":[[-0.2489,46.6003],[-0.2475,46.6022],[-0.2476,46.6039],[-0.2494,46.6044],[-0.2501,46.6063],[-0.2514,46.6059],[-0.2554,46.6077],[-0.2558,46.6089],[-0.2549,46.6092],[-0.2563,46.6101],[-0.2552,46.6105],[-0.2554,46.6117],[-0.2578,46.6115],[-0.2592,46.6155]]}},{"type":"Feature","properties":{"name":"L\u0027Aume"},"geometry":{"type":"LineString","coordinates":[[-0.0093,45.9574],[-0.0056,45.9497],[-0.0019,45.9479],[-0.0003,45.9459],[-0.0057,45.9393],[-0.0050,45.9381],[-0.0054,45.9357],[-0.0006,45.9318],[0.0001,45.9293],[-0.0005,45.9259],[0.0026,45.9223],[0.0034,45.9185],[0.0018,45.9144],[-0.0006,45.9136],[-0.0009,45.9115],[-0.0025,45.9099],[-0.0016,45.9076],[-0.0023,45.9045],[-0.0013,45.9031],[0.0089,45.8968],[0.0226,45.8914],[0.0223,45.8902],[0.0235,45.8884],[0.0269,45.8882],[0.0293,45.8868],[0.0300,45.8850],[0.0404,45.8744],[0.0438,45.8745],[0.0564,45.8700],[0.0673,45.8624],[0.0682,45.8597]]}},{"type":"Feature","properties":{"name":"L\u0027Aume"},"geometry":{"type":"LineString","coordinates":[[-0.0168,46.0216],[-0.0157,46.0192],[-0.0125,46.0174],[-0.0109,46.0138],[-0.0108,46.0058],[-0.0090,46.0026],[-0.0098,46.0005],[-0.0034,45.9958],[-0.0027,45.9943],[-0.0042,45.9915],[-0.0037,45.9887],[-0.0053,45.9861],[-0.0041,45.9838],[-0.0048,45.9786],[-0.0075,45.9764],[-0.0072,45.9716],[-0.0089,45.9660],[-0.0064,45.9609],[-0.0069,45.9591],[-0.0093,45.9574]]}},{"type":"Feature","properties":{"name":"L\u0027Aume"},"geometry":{"type":"LineString","coordinates":[[-0.0334,46.0732],[-0.0355,46.0716],[-0.0410,46.0711],[-0.0425,46.0698],[-0.0478,46.0698],[-0.0505,46.0681],[-0.0507,46.0657],[-0.0447,46.0634],[-0.0422,46.0552],[-0.0382,46.0514],[-0.0380,46.0442],[-0.0328,46.0404],[-0.0322,46.0375],[-0.0267,46.0349],[-0.0225,46.0315],[-0.0213,46.0283],[-0.0217,46.0263],[-0.0169,46.0217]]}},{"type":"Feature","properties":{"name":"L\u0027Aume"},"geometry":{"type":"LineString","coordinates":[[-0.0169,46.0217],[-0.0168,46.0216]]}},{"type":"Feature","properties":{"name":"L\u0027Aume"},"geometry":{"type":"LineString","coordinates":[[-0.0333,46.0732],[-0.0334,46.0732]]}},{"type":"Feature","properties":{"name":"L\u0027Aume"},"geometry":{"type":"LineString","coordinates":[[-0.0209,46.0839],[-0.0246,46.0820],[-0.0256,46.0801],[-0.0305,46.0784],[-0.0308,46.0763],[-0.0333,46.0732]]}},{"type":"Feature","properties":{"name":"L\u0027Antenne"},"geometry":{"type":"LineString","coordinates":[[-0.1891,45.9490],[-0.1938,45.9461],[-0.1923,45.9451],[-0.1955,45.9424],[-0.1982,45.9416],[-0.2007,45.9395],[-0.2073,45.9376],[-0.2106,45.9353]]}},{"type":"Feature","properties":{"name":"L\u0027Antenne"},"geometry":{"type":"LineString","coordinates":[[-0.1890,45.9491],[-0.1891,45.9490]]}},{"type":"Feature","properties":{"name":"L\u0027Antenne"},"geometry":{"type":"LineString","coordinates":[[-0.1822,45.9507],[-0.1890,45.9491]]}},{"type":"Feature","properties":{"name":"La Guirande"},"geometry":{"type":"LineString","coordinates":[[-0.4663,46.2754],[-0.4665,46.2753]]}},{"type":"Feature","properties":{"name":"La Guirande"},"geometry":{"type":"LineString","coordinates":[[-0.4008,46.2779],[-0.4033,46.2801]]}},{"type":"Feature","properties":{"name":"La Guirande"},"geometry":{"type":"LineString","coordinates":[[-0.3624,46.2610],[-0.3648,46.2620],[-0.3686,46.2609],[-0.3799,46.2645],[-0.3878,46.2683],[-0.3909,46.2715],[-0.3991,46.2738],[-0.4011,46.2764],[-0.4002,46.2777]]}},{"type":"Feature","properties":{"name":"La Guirande"},"geometry":{"type":"LineString","coordinates":[[-0.4289,46.2883],[-0.4290,46.2883]]}},{"type":"Feature","properties":{"name":"La Guirande"},"geometry":{"type":"LineString","coordinates":[[-0.4290,46.2883],[-0.4299,46.2874]]}},{"type":"Feature","properties":{"name":"La Guirande"},"geometry":{"type":"LineString","coordinates":[[-0.4299,46.2874],[-0.4300,46.2874]]}},{"type":"Feature","properties":{"name":"La Guirande"},"geometry":{"type":"LineString","coordinates":[[-0.4300,46.2874],[-0.4308,46.2866],[-0.4296,46.2848],[-0.4301,46.2835],[-0.4320,46.2824],[-0.4363,46.2770],[-0.4396,46.2759]]}},{"type":"Feature","properties":{"name":"La Guirande"},"geometry":{"type":"LineString","coordinates":[[-0.4396,46.2759],[-0.4397,46.2758]]}},{"type":"Feature","properties":{"name":"La Guirande"},"geometry":{"type":"LineString","coordinates":[[-0.4397,46.2758],[-0.4466,46.2758]]}},{"type":"Feature","properties":{"name":"La Guirande"},"geometry":{"type":"LineString","coordinates":[[-0.4466,46.2758],[-0.4467,46.2758]]}},{"type":"Feature","properties":{"name":"La Guirande"},"geometry":{"type":"LineString","coordinates":[[-0.4467,46.2758],[-0.4511,46.2753]]}},{"type":"Feature","properties":{"name":"La Guirande"},"geometry":{"type":"LineString","coordinates":[[-0.4033,46.2801],[-0.4034,46.2801]]}},{"type":"Feature","properties":{"name":"La Guirande"},"geometry":{"type":"LineString","coordinates":[[-0.4034,46.2801],[-0.4182,46.2882],[-0.4227,46.2881],[-0.4250,46.2892],[-0.4289,46.2883]]}},{"type":"Feature","properties":{"name":"La Guirande"},"geometry":{"type":"LineString","coordinates":[[-0.3623,46.2610],[-0.3624,46.2610]]}},{"type":"Feature","properties":{"name":"La Guirande"},"geometry":{"type":"LineString","coordinates":[[-0.3439,46.2548],[-0.3502,46.2564],[-0.3512,46.2583],[-0.3623,46.2610]]}},{"type":"Feature","properties":{"name":"La Guirande"},"geometry":{"type":"LineString","coordinates":[[-0.4665,46.2753],[-0.4757,46.2763],[-0.4777,46.2780],[-0.4842,46.2792],[-0.5014,46.2771],[-0.5120,46.2740],[-0.5195,46.2765],[-0.5286,46.2767],[-0.5365,46.2785],[-0.5418,46.2812],[-0.5486,46.2819]]}},{"type":"Feature","properties":{"name":"La Guirande"},"geometry":{"type":"LineString","coordinates":[[-0.5488,46.2819],[-0.5517,46.2834],[-0.5502,46.2879],[-0.5528,46.2895],[-0.5533,46.2912],[-0.5552,46.2928]]}},{"type":"Feature","properties":{"name":"La Guirande"},"geometry":{"type":"LineString","coordinates":[[-0.5486,46.2819],[-0.5488,46.2819]]}},{"type":"Feature","properties":{"name":"La Guirande"},"geometry":{"type":"LineString","coordinates":[[-0.4513,46.2753],[-0.4592,46.2739],[-0.4663,46.2754]]}},{"type":"Feature","properties":{"name":"La Guirande"},"geometry":{"type":"LineString","coordinates":[[-0.4511,46.2753],[-0.4513,46.2753]]}},{"type":"Feature","properties":{"name":"La Guirande"},"geometry":{"type":"LineString","coordinates":[[-0.4002,46.2777],[-0.4002,46.2777]]}},{"type":"Feature","properties":{"name":"La Guirande"},"geometry":{"type":"LineString","coordinates":[[-0.4002,46.2777],[-0.4008,46.2779]]}},{"type":"Feature","properties":{"name":"Bras de la Boutonne"},"geometry":{"type":"LineString","coordinates":[[-0.0756,46.1116],[-0.0751,46.1106],[-0.0776,46.1104]]}},{"type":"Feature","properties":{"name":"Bras de la Boutonne"},"geometry":{"type":"LineString","coordinates":[[-0.0754,46.1113],[-0.0776,46.1104],[-0.0797,46.1111]]}},{"type":"Feature","properties":{"name":"Bras de la Boutonne"},"geometry":{"type":"LineString","coordinates":[[-0.1113,46.1094],[-0.1148,46.1092],[-0.1174,46.1105]]}},{"type":"Feature","properties":{"name":"Bras de la Boutonne"},"geometry":{"type":"LineString","coordinates":[[-0.4187,46.0744],[-0.4173,46.0740],[-0.4172,46.0714]]}},{"type":"Feature","properties":{"name":"Bras de la Boutonne"},"geometry":{"type":"LineString","coordinates":[[-0.4116,46.0790],[-0.4182,46.0817]]}},{"type":"Feature","properties":{"name":"Bras de la Boutonne"},"geometry":{"type":"LineString","coordinates":[[-0.4014,46.0843],[-0.4028,46.0817],[-0.4022,46.0811]]}},{"type":"Feature","properties":{"name":"Bras de la Boutonne"},"geometry":{"type":"LineString","coordinates":[[-0.4010,46.0843],[-0.4014,46.0843]]}},{"type":"Feature","properties":{"name":"Bras de la Boutonne"},"geometry":{"type":"LineString","coordinates":[[-0.3868,46.0979],[-0.3890,46.0984],[-0.3907,46.0966],[-0.3901,46.0958]]}},{"type":"Feature","properties":{"name":"Bras de la Boutonne"},"geometry":{"type":"LineString","coordinates":[[-0.4022,46.0835],[-0.4025,46.0826]]}},{"type":"Feature","properties":{"name":"Bras de la Boutonne"},"geometry":{"type":"LineString","coordinates":[[-0.3896,46.0980],[-0.3904,46.0964]]}},{"type":"Feature","properties":{"name":"Bras de la Boutonne"},"geometry":{"type":"LineString","coordinates":[[-0.4186,46.0811],[-0.4188,46.0810]]}},{"type":"Feature","properties":{"name":"Bras de la Boutonne"},"geometry":{"type":"LineString","coordinates":[[-0.4185,46.0812],[-0.4186,46.0811]]}},{"type":"Feature","properties":{"name":"Bras de la Boutonne"},"geometry":{"type":"LineString","coordinates":[[-0.4189,46.0810],[-0.4195,46.0812]]}},{"type":"Feature","properties":{"name":"Bras de la Boutonne"},"geometry":{"type":"LineString","coordinates":[[-0.4188,46.0810],[-0.4197,46.0804]]}},{"type":"Feature","properties":{"name":"Bras de la Boutonne"},"geometry":{"type":"LineString","coordinates":[[-0.4142,46.0803],[-0.4162,46.0811]]}},{"type":"Feature","properties":{"name":"Bras de la Boutonne"},"geometry":{"type":"LineString","coordinates":[[-0.4178,46.0815],[-0.4192,46.0814]]}},{"type":"Feature","properties":{"name":"L\u0027Argent-Or"},"geometry":{"type":"LineString","coordinates":[[0.2577,45.9616],[0.2450,45.9573],[0.2444,45.9563],[0.2427,45.9561],[0.2429,45.9552],[0.2408,45.9545]]}},{"type":"Feature","properties":{"name":"La Jeune Autise"},"geometry":{"type":"LineString","coordinates":[[-0.7126,46.3992],[-0.7137,46.3960],[-0.7210,46.3938],[-0.7281,46.3893],[-0.7323,46.3896]]}},{"type":"Feature","properties":{"name":"La Jeune Autise"},"geometry":{"type":"LineString","coordinates":[[-0.7617,46.3978],[-0.7656,46.3933],[-0.7648,46.3909],[-0.7501,46.3743],[-0.7501,46.3731],[-0.7849,46.3487]]}},{"type":"Feature","properties":{"name":"La Jeune Autise"},"geometry":{"type":"LineString","coordinates":[[-0.7338,46.3902],[-0.7509,46.3966],[-0.7594,46.3982],[-0.7617,46.3978]]}},{"type":"Feature","properties":{"name":"La Jeune Autise"},"geometry":{"type":"LineString","coordinates":[[-0.7337,46.3902],[-0.7338,46.3902]]}},{"type":"Feature","properties":{"name":"La Jeune Autise"},"geometry":{"type":"LineString","coordinates":[[-0.7323,46.3896],[-0.7337,46.3902]]}},{"type":"Feature","properties":{"name":"La Jeune Autise"},"geometry":{"type":"LineString","coordinates":[[-0.7849,46.3487],[-0.7906,46.3454],[-0.7955,46.3407],[-0.7972,46.3404]]}},{"type":"Feature","properties":{"name":"Le Vieux Mignon"},"geometry":{"type":"LineString","coordinates":[[-0.7547,46.2530],[-0.7501,46.2542],[-0.7427,46.2615]]}},{"type":"Feature","properties":{"name":"Le Vieux Mignon"},"geometry":{"type":"LineString","coordinates":[[-0.7350,46.2683],[-0.7363,46.2713],[-0.7435,46.2774],[-0.7484,46.2830],[-0.7555,46.3023]]}},{"type":"Feature","properties":{"name":"Le Vieux Mignon"},"geometry":{"type":"LineString","coordinates":[[-0.7427,46.2615],[-0.7350,46.2683]]}},{"type":"Feature","properties":{"name":"La Trézence"},"geometry":{"type":"LineString","coordinates":[[-0.6722,46.0151],[-0.6722,46.0150]]}},{"type":"Feature","properties":{"name":"La Trézence"},"geometry":{"type":"LineString","coordinates":[[-0.5873,46.0607],[-0.5906,46.0557],[-0.6050,46.0530],[-0.6068,46.0494],[-0.6067,46.0476],[-0.6080,46.0464],[-0.6099,46.0465],[-0.6142,46.0443],[-0.6231,46.0429],[-0.6285,46.0384],[-0.6334,46.0375],[-0.6385,46.0327],[-0.6377,46.0313],[-0.6407,46.0291],[-0.6408,46.0279],[-0.6447,46.0255],[-0.6449,46.0233],[-0.6473,46.0218],[-0.6545,46.0204],[-0.6587,46.0204],[-0.6588,46.0217],[-0.6630,46.0211],[-0.6679,46.0184],[-0.6732,46.0177],[-0.6735,46.0155],[-0.6722,46.0151]]}},{"type":"Feature","properties":{"name":"La Trézence"},"geometry":{"type":"LineString","coordinates":[[-0.5657,46.0677],[-0.5710,46.0653],[-0.5751,46.0661]]}},{"type":"Feature","properties":{"name":"La Lizonne"},"geometry":{"type":"LineString","coordinates":[[0.3022,46.0397],[0.2959,46.0363],[0.2910,46.0382],[0.2864,46.0371],[0.2836,46.0348],[0.2781,46.0325],[0.2740,46.0328],[0.2708,46.0315],[0.2681,46.0320],[0.2659,46.0332],[0.2655,46.0348],[0.2680,46.0386],[0.2624,46.0430],[0.2632,46.0435],[0.2622,46.0445],[0.2619,46.0470],[0.2591,46.0477],[0.2550,46.0505],[0.2516,46.0579],[0.2477,46.0597]]}},{"type":"Feature","properties":{"name":"Le Lambon"},"geometry":{"type":"LineString","coordinates":[[-0.1302,46.3035],[-0.1360,46.3053],[-0.1384,46.3045],[-0.1435,46.3061],[-0.1496,46.3023],[-0.1528,46.3017],[-0.1558,46.3031],[-0.1628,46.3025],[-0.1715,46.3036],[-0.1789,46.3003],[-0.1834,46.2960],[-0.1874,46.2947],[-0.1914,46.2938],[-0.1939,46.2960],[-0.1936,46.2966],[-0.1955,46.2967]]}},{"type":"Feature","properties":{"name":"Le Lambon"},"geometry":{"type":"LineString","coordinates":[[-0.4203,46.3243],[-0.4226,46.3249],[-0.4232,46.3271],[-0.4283,46.3272],[-0.4294,46.3310]]}},{"type":"Feature","properties":{"name":"Le Lambon"},"geometry":{"type":"LineString","coordinates":[[-0.4152,46.3222],[-0.4156,46.3226]]}},{"type":"Feature","properties":{"name":"Le Lambon"},"geometry":{"type":"LineString","coordinates":[[-0.4325,46.3333],[-0.4319,46.3339]]}},{"type":"Feature","properties":{"name":"Le Lambon"},"geometry":{"type":"LineString","coordinates":[[-0.4319,46.3339],[-0.4314,46.3350],[-0.4331,46.3359],[-0.4384,46.3351]]}},{"type":"Feature","properties":{"name":"Le Lambon"},"geometry":{"type":"LineString","coordinates":[[-0.4440,46.3353],[-0.4439,46.3371],[-0.4490,46.3352],[-0.4509,46.3363]]}},{"type":"Feature","properties":{"name":"Le Lambon"},"geometry":{"type":"LineString","coordinates":[[-0.4439,46.3352],[-0.4440,46.3353]]}},{"type":"Feature","properties":{"name":"Le Lambon"},"geometry":{"type":"LineString","coordinates":[[-0.4386,46.3349],[-0.4404,46.3329],[-0.4424,46.3324],[-0.4426,46.3335]]}},{"type":"Feature","properties":{"name":"Le Lambon"},"geometry":{"type":"LineString","coordinates":[[-0.4384,46.3351],[-0.4386,46.3349]]}},{"type":"Feature","properties":{"name":"Le Lambon"},"geometry":{"type":"LineString","coordinates":[[-0.4511,46.3365],[-0.4553,46.3375],[-0.4510,46.3403],[-0.4523,46.3414]]}},{"type":"Feature","properties":{"name":"Le Lambon"},"geometry":{"type":"LineString","coordinates":[[-0.4526,46.3415],[-0.4589,46.3394],[-0.4646,46.3409],[-0.4687,46.3359]]}},{"type":"Feature","properties":{"name":"Le Lambon"},"geometry":{"type":"LineString","coordinates":[[-0.4523,46.3414],[-0.4526,46.3415]]}},{"type":"Feature","properties":{"name":"Le Lambon"},"geometry":{"type":"LineString","coordinates":[[-0.3324,46.3293],[-0.3396,46.3273],[-0.3466,46.3307],[-0.3496,46.3294],[-0.3519,46.3315],[-0.3561,46.3302],[-0.3622,46.3326],[-0.3645,46.3312],[-0.3653,46.3287],[-0.3673,46.3274],[-0.3643,46.3258],[-0.3664,46.3237],[-0.3634,46.3219],[-0.3648,46.3206],[-0.3641,46.3185],[-0.3686,46.3187],[-0.3730,46.3172],[-0.3735,46.3161],[-0.3779,46.3192],[-0.3873,46.3206],[-0.3912,46.3219],[-0.3926,46.3241],[-0.4007,46.3246],[-0.4015,46.3263],[-0.4034,46.3271],[-0.4063,46.3246],[-0.4087,46.3261],[-0.4104,46.3259],[-0.4112,46.3229],[-0.4135,46.3214],[-0.4152,46.3222]]}},{"type":"Feature","properties":{"name":"Le Lambon"},"geometry":{"type":"LineString","coordinates":[[-0.3311,46.3291],[-0.3324,46.3293]]}},{"type":"Feature","properties":{"name":"Le Lambon"},"geometry":{"type":"LineString","coordinates":[[-0.4509,46.3363],[-0.4511,46.3365]]}},{"type":"Feature","properties":{"name":"Le Lambon"},"geometry":{"type":"LineString","coordinates":[[-0.2749,46.3194],[-0.2778,46.3207],[-0.2827,46.3195],[-0.2841,46.3200],[-0.2866,46.3239],[-0.2894,46.3234],[-0.2937,46.3251],[-0.2958,46.3248],[-0.2967,46.3259],[-0.2982,46.3255],[-0.2994,46.3272],[-0.3036,46.3240],[-0.3077,46.3256],[-0.3130,46.3242],[-0.3164,46.3259],[-0.3195,46.3259],[-0.3215,46.3284],[-0.3270,46.3275],[-0.3263,46.3297],[-0.3270,46.3304],[-0.3311,46.3291]]}},{"type":"Feature","properties":{"name":"Le Lambon"},"geometry":{"type":"LineString","coordinates":[[-0.1955,46.2967],[-0.2019,46.2960],[-0.2051,46.2989],[-0.2081,46.2992],[-0.2104,46.2978],[-0.2165,46.2970],[-0.2195,46.2956],[-0.2263,46.2960],[-0.2301,46.2979],[-0.2314,46.2977]]}},{"type":"Feature","properties":{"name":"Le Lambon"},"geometry":{"type":"LineString","coordinates":[[-0.2314,46.2977],[-0.2392,46.2964],[-0.2429,46.2986],[-0.2427,46.3003],[-0.2438,46.3013],[-0.2480,46.3012],[-0.2493,46.3017],[-0.2496,46.3035],[-0.2527,46.3049],[-0.2576,46.3061],[-0.2607,46.3059],[-0.2607,46.3080],[-0.2634,46.3081],[-0.2647,46.3101],[-0.2681,46.3104],[-0.2685,46.3125],[-0.2718,46.3123],[-0.2712,46.3145],[-0.2744,46.3168],[-0.2741,46.3187],[-0.2749,46.3194]]}},{"type":"Feature","properties":{"name":"Le Lambon"},"geometry":{"type":"LineString","coordinates":[[-0.1294,46.3037],[-0.1302,46.3035]]}},{"type":"Feature","properties":{"name":"Le Lambon"},"geometry":{"type":"LineString","coordinates":[[-0.1293,46.3037],[-0.1294,46.3037]]}},{"type":"Feature","properties":{"name":"Le Lambon"},"geometry":{"type":"LineString","coordinates":[[-0.1260,46.3051],[-0.1293,46.3037]]}},{"type":"Feature","properties":{"name":"Le Lambon"},"geometry":{"type":"LineString","coordinates":[[-0.4202,46.3241],[-0.4203,46.3243]]}},{"type":"Feature","properties":{"name":"Le Lambon"},"geometry":{"type":"LineString","coordinates":[[-0.4156,46.3226],[-0.4172,46.3241],[-0.4202,46.3241]]}},{"type":"Feature","properties":{"name":"Le Lambon"},"geometry":{"type":"LineString","coordinates":[[-0.4426,46.3335],[-0.4430,46.3338]]}},{"type":"Feature","properties":{"name":"Le Lambon"},"geometry":{"type":"LineString","coordinates":[[-0.4430,46.3338],[-0.4439,46.3352]]}},{"type":"Feature","properties":{"name":"Le Lambon"},"geometry":{"type":"LineString","coordinates":[[-0.4294,46.3310],[-0.4296,46.3312]]}},{"type":"Feature","properties":{"name":"Le Lambon"},"geometry":{"type":"LineString","coordinates":[[-0.4294,46.3310],[-0.4312,46.3316],[-0.4347,46.3292],[-0.4350,46.3312],[-0.4325,46.3333]]}},{"type":"Feature","properties":{"name":"La Smagne"},"geometry":{"type":"LineString","coordinates":[[-0.8413,46.5495],[-0.8468,46.5492],[-0.8512,46.5512],[-0.8583,46.5512],[-0.8591,46.5501],[-0.8646,46.5513],[-0.8684,46.5500],[-0.8715,46.5532],[-0.8754,46.5538],[-0.8825,46.5590],[-0.8860,46.5593],[-0.8947,46.5638]]}},{"type":"Feature","properties":{"name":"La Smagne"},"geometry":{"type":"LineString","coordinates":[[-0.8947,46.5638],[-0.8954,46.5640]]}},{"type":"Feature","properties":{"name":"La Smagne"},"geometry":{"type":"LineString","coordinates":[[-0.9176,46.5556],[-0.9205,46.5566],[-0.9233,46.5552],[-0.9342,46.5555],[-0.9366,46.5544],[-0.9378,46.5525]]}},{"type":"Feature","properties":{"name":"La Smagne"},"geometry":{"type":"LineString","coordinates":[[-0.9021,46.5622],[-0.9055,46.5578],[-0.9123,46.5577],[-0.9127,46.5569],[-0.9139,46.5573],[-0.9176,46.5556]]}},{"type":"Feature","properties":{"name":"La Smagne"},"geometry":{"type":"LineString","coordinates":[[-0.8954,46.5640],[-0.9021,46.5622]]}},{"type":"Feature","properties":{"name":"La Somptueuse"},"geometry":{"type":"LineString","coordinates":[[-0.1202,46.1480],[-0.1223,46.1480]]}},{"type":"Feature","properties":{"name":"La Somptueuse"},"geometry":{"type":"LineString","coordinates":[[-0.1224,46.1479],[-0.1242,46.1475],[-0.1255,46.1451]]}},{"type":"Feature","properties":{"name":"La Somptueuse"},"geometry":{"type":"LineString","coordinates":[[-0.1017,46.1565],[-0.1019,46.1564]]}},{"type":"Feature","properties":{"name":"La Somptueuse"},"geometry":{"type":"LineString","coordinates":[[-0.1017,46.1564],[-0.1018,46.1564]]}},{"type":"Feature","properties":{"name":"La Somptueuse"},"geometry":{"type":"LineString","coordinates":[[-0.1017,46.1565],[-0.1017,46.1565]]}},{"type":"Feature","properties":{"name":"La Somptueuse"},"geometry":{"type":"LineString","coordinates":[[-0.1018,46.1564],[-0.1034,46.1561]]}},{"type":"Feature","properties":{"name":"La Somptueuse"},"geometry":{"type":"LineString","coordinates":[[-0.1197,46.1485],[-0.1199,46.1485]]}},{"type":"Feature","properties":{"name":"La Somptueuse"},"geometry":{"type":"LineString","coordinates":[[-0.1199,46.1485],[-0.1208,46.1479]]}},{"type":"Feature","properties":{"name":"La Somptueuse"},"geometry":{"type":"LineString","coordinates":[[-0.1189,46.1491],[-0.1197,46.1485]]}},{"type":"Feature","properties":{"name":"La Somptueuse"},"geometry":{"type":"LineString","coordinates":[[-0.1189,46.1491],[-0.1189,46.1491]]}},{"type":"Feature","properties":{"name":"La Somptueuse"},"geometry":{"type":"LineString","coordinates":[[-0.1469,46.1285],[-0.1493,46.1240]]}},{"type":"Feature","properties":{"name":"La Somptueuse"},"geometry":{"type":"LineString","coordinates":[[-0.1255,46.1451],[-0.1286,46.1434],[-0.1321,46.1429],[-0.1349,46.1402],[-0.1448,46.1357]]}},{"type":"Feature","properties":{"name":"La Somptueuse"},"geometry":{"type":"LineString","coordinates":[[-0.1448,46.1357],[-0.1449,46.1356]]}},{"type":"Feature","properties":{"name":"La Somptueuse"},"geometry":{"type":"LineString","coordinates":[[-0.1449,46.1356],[-0.1463,46.1315],[-0.1455,46.1303],[-0.1460,46.1292]]}},{"type":"Feature","properties":{"name":"La Somptueuse"},"geometry":{"type":"LineString","coordinates":[[-0.1460,46.1292],[-0.1461,46.1292]]}},{"type":"Feature","properties":{"name":"La Somptueuse"},"geometry":{"type":"LineString","coordinates":[[-0.1468,46.1286],[-0.1469,46.1285]]}},{"type":"Feature","properties":{"name":"La Somptueuse"},"geometry":{"type":"LineString","coordinates":[[-0.1461,46.1292],[-0.1468,46.1286]]}},{"type":"Feature","properties":{"name":"La Somptueuse"},"geometry":{"type":"LineString","coordinates":[[-0.1237,46.1478],[-0.1255,46.1451]]}},{"type":"Feature","properties":{"name":"La Somptueuse"},"geometry":{"type":"LineString","coordinates":[[-0.1034,46.1561],[-0.1035,46.1560]]}},{"type":"Feature","properties":{"name":"La Somptueuse"},"geometry":{"type":"LineString","coordinates":[[-0.1035,46.1560],[-0.1155,46.1498],[-0.1189,46.1491]]}},{"type":"Feature","properties":{"name":"La Dive du Sud"},"geometry":{"type":"LineString","coordinates":[[-0.0255,46.8797],[-0.0254,46.8798]]}},{"type":"Feature","properties":{"name":"La Dive du Sud"},"geometry":{"type":"LineString","coordinates":[[-0.0254,46.8798],[-0.0263,46.8805]]}},{"type":"Feature","properties":{"name":"La Dive du Sud"},"geometry":{"type":"LineString","coordinates":[[-0.0263,46.8805],[-0.0274,46.8847],[-0.0232,46.8881],[-0.0234,46.8963],[-0.0169,46.8987],[-0.0133,46.8982],[-0.0118,46.9008]]}},{"type":"Feature","properties":{"name":"La Dive du Sud"},"geometry":{"type":"LineString","coordinates":[[-0.0084,46.8719],[-0.0101,46.8754],[-0.0124,46.8762],[-0.0164,46.8756],[-0.0255,46.8797]]}},{"type":"Feature","properties":{"name":"La Gères"},"geometry":{"type":"LineString","coordinates":[[-0.6986,46.0802],[-0.6994,46.0796],[-0.7068,46.0803],[-0.7085,46.0821],[-0.7085,46.0845],[-0.7119,46.0865],[-0.7148,46.0898]]}},{"type":"Feature","properties":{"name":"La Gères"},"geometry":{"type":"LineString","coordinates":[[-0.7148,46.0898],[-0.7180,46.0920],[-0.7213,46.0926],[-0.7236,46.0920],[-0.7357,46.0930],[-0.7458,46.0994]]}},{"type":"Feature","properties":{"name":"La Gères"},"geometry":{"type":"LineString","coordinates":[[-0.7411,46.0969],[-0.7412,46.0978],[-0.7435,46.0991],[-0.7458,46.0994]]}},{"type":"Feature","properties":{"name":"La Gères"},"geometry":{"type":"LineString","coordinates":[[-0.7458,46.0994],[-0.7524,46.1009],[-0.7512,46.1032],[-0.7533,46.1041]]}},{"type":"Feature","properties":{"name":"La Gères"},"geometry":{"type":"LineString","coordinates":[[-0.7535,46.1040],[-0.7566,46.1046],[-0.7597,46.1039],[-0.7607,46.1016],[-0.7629,46.1012],[-0.7627,46.1003],[-0.7679,46.0987]]}},{"type":"Feature","properties":{"name":"La Gères"},"geometry":{"type":"LineString","coordinates":[[-0.7533,46.1041],[-0.7535,46.1040]]}},{"type":"Feature","properties":{"name":"La Gères"},"geometry":{"type":"LineString","coordinates":[[-0.7911,46.0758],[-0.7926,46.0723],[-0.7953,46.0696],[-0.7971,46.0691],[-0.7998,46.0663],[-0.7998,46.0650],[-0.8049,46.0612]]}},{"type":"Feature","properties":{"name":"La Gères"},"geometry":{"type":"LineString","coordinates":[[-0.7679,46.0987],[-0.7782,46.0943],[-0.7874,46.0867],[-0.7909,46.0810],[-0.7899,46.0791],[-0.7911,46.0758]]}},{"type":"Feature","properties":{"name":"La Gères"},"geometry":{"type":"LineString","coordinates":[[-0.7629,46.1012],[-0.7669,46.1000],[-0.7667,46.0991]]}},{"type":"Feature","properties":{"name":"La Vonne"},"geometry":{"type":"LineString","coordinates":[[-0.1196,46.5256],[-0.1188,46.5251],[-0.1201,46.5243],[-0.1182,46.5241],[-0.1181,46.5232],[-0.1173,46.5234],[-0.1149,46.5215],[-0.1157,46.5207],[-0.1144,46.5201],[-0.1153,46.5192],[-0.1140,46.5175],[-0.1096,46.5168],[-0.1079,46.5142],[-0.1076,46.5110],[-0.1056,46.5086],[-0.1023,46.5058],[-0.0994,46.5048],[-0.1000,46.5028],[-0.0990,46.5012],[-0.0947,46.4997],[-0.0891,46.4998],[-0.0876,46.4984],[-0.0821,46.4970]]}},{"type":"Feature","properties":{"name":"La Vendée"},"geometry":{"type":"LineString","coordinates":[[-0.8820,46.4314],[-0.8825,46.4278],[-0.8810,46.4223],[-0.8757,46.4203]]}},{"type":"Feature","properties":{"name":"La Vendée"},"geometry":{"type":"LineString","coordinates":[[-0.9146,46.3954],[-0.9182,46.3923]]}},{"type":"Feature","properties":{"name":"La Vendée"},"geometry":{"type":"LineString","coordinates":[[-0.8741,46.4169],[-0.8765,46.4116],[-0.8801,46.4080],[-0.8894,46.4083],[-0.8912,46.4068],[-0.9002,46.4063],[-0.9093,46.4006],[-0.9146,46.3954]]}},{"type":"Feature","properties":{"name":"La Vendée"},"geometry":{"type":"LineString","coordinates":[[-0.6432,46.5588],[-0.6429,46.5570],[-0.6453,46.5564],[-0.6438,46.5533],[-0.6449,46.5523],[-0.6401,46.5488],[-0.6429,46.5468],[-0.6396,46.5436],[-0.6444,46.5395]]}},{"type":"Feature","properties":{"name":"La Vendée"},"geometry":{"type":"LineString","coordinates":[[-0.6444,46.5395],[-0.6467,46.5361],[-0.6438,46.5341],[-0.6438,46.5311],[-0.6494,46.5313],[-0.6452,46.5253],[-0.6459,46.5231]]}},{"type":"Feature","properties":{"name":"La Vendée"},"geometry":{"type":"LineString","coordinates":[[-0.6545,46.5125],[-0.6525,46.5102],[-0.6558,46.5084],[-0.6600,46.5083],[-0.6621,46.5072],[-0.6621,46.5064],[-0.6642,46.5057],[-0.6646,46.5037],[-0.6635,46.5034],[-0.6642,46.5027],[-0.6656,46.5032],[-0.6697,46.5006],[-0.6731,46.5014],[-0.6738,46.5000],[-0.6756,46.5005],[-0.6766,46.4991],[-0.6807,46.4972],[-0.6822,46.4981],[-0.6833,46.4975],[-0.6865,46.4996],[-0.6901,46.4988],[-0.6909,46.4974],[-0.6904,46.4948],[-0.6954,46.4938],[-0.6972,46.4925],[-0.6973,46.4916],[-0.6946,46.4882],[-0.6960,46.4870],[-0.6972,46.4873],[-0.6956,46.4859],[-0.6967,46.4856]]}},{"type":"Feature","properties":{"name":"La Vendée"},"geometry":{"type":"LineString","coordinates":[[-0.7838,46.5046],[-0.7836,46.5031],[-0.7803,46.5010],[-0.7809,46.4996],[-0.7932,46.5036],[-0.7950,46.4989],[-0.8020,46.4914],[-0.8017,46.4902],[-0.7967,46.4886],[-0.7940,46.4832]]}},{"type":"Feature","properties":{"name":"La Vendée"},"geometry":{"type":"LineString","coordinates":[[-0.7817,46.5124],[-0.7809,46.5110],[-0.7838,46.5046]]}},{"type":"Feature","properties":{"name":"La Vendée"},"geometry":{"type":"LineString","coordinates":[[-0.7103,46.4776],[-0.7164,46.4786],[-0.7176,46.4780],[-0.7239,46.4825],[-0.7233,46.4840],[-0.7190,46.4868],[-0.7237,46.4899],[-0.7254,46.4922],[-0.7268,46.4957],[-0.7261,46.4980],[-0.7273,46.5001]]}},{"type":"Feature","properties":{"name":"La Vendée"},"geometry":{"type":"LineString","coordinates":[[-0.8359,46.4490],[-0.8392,46.4492],[-0.8392,46.4467]]}},{"type":"Feature","properties":{"name":"La Vendée"},"geometry":{"type":"LineString","coordinates":[[-0.7866,46.4827],[-0.7858,46.4825]]}},{"type":"Feature","properties":{"name":"La Vendée"},"geometry":{"type":"LineString","coordinates":[[-0.7465,46.5037],[-0.7491,46.5052],[-0.7486,46.5095],[-0.7518,46.5092],[-0.7535,46.5102],[-0.7526,46.5139],[-0.7580,46.5145],[-0.7568,46.5167],[-0.7567,46.5193],[-0.7595,46.5216],[-0.7617,46.5215],[-0.7632,46.5172],[-0.7664,46.5154],[-0.7680,46.5165],[-0.7709,46.5165],[-0.7724,46.5179],[-0.7740,46.5161],[-0.7773,46.5160],[-0.7780,46.5167],[-0.7775,46.5177],[-0.7805,46.5184],[-0.7827,46.5165],[-0.7821,46.5128]]}},{"type":"Feature","properties":{"name":"La Vendée"},"geometry":{"type":"LineString","coordinates":[[-0.6277,46.6346],[-0.6298,46.6348],[-0.6339,46.6373],[-0.6374,46.6378]]}},{"type":"Feature","properties":{"name":"La Vendée"},"geometry":{"type":"LineString","coordinates":[[-0.6570,46.6341],[-0.6576,46.6335]]}},{"type":"Feature","properties":{"name":"La Vendée"},"geometry":{"type":"LineString","coordinates":[[-0.6640,46.6139],[-0.6571,46.6060],[-0.6573,46.6051],[-0.6537,46.6024],[-0.6540,46.6014],[-0.6499,46.5967],[-0.6512,46.5950],[-0.6520,46.5906],[-0.6499,46.5889],[-0.6501,46.5864],[-0.6473,46.5850],[-0.6475,46.5843],[-0.6483,46.5846],[-0.6471,46.5826]]}},{"type":"Feature","properties":{"name":"La Vendée"},"geometry":{"type":"LineString","coordinates":[[-0.6471,46.5826],[-0.6463,46.5818],[-0.6479,46.5787],[-0.6469,46.5783],[-0.6477,46.5748]]}},{"type":"Feature","properties":{"name":"La Vendée"},"geometry":{"type":"LineString","coordinates":[[-0.6477,46.5747],[-0.6474,46.5734],[-0.6503,46.5710],[-0.6516,46.5686],[-0.6509,46.5679],[-0.6515,46.5666],[-0.6527,46.5658],[-0.6497,46.5622],[-0.6482,46.5628],[-0.6470,46.5615],[-0.6444,46.5614],[-0.6432,46.5588]]}},{"type":"Feature","properties":{"name":"La Vendée"},"geometry":{"type":"LineString","coordinates":[[-0.7273,46.5001],[-0.7295,46.5004],[-0.7299,46.4989],[-0.7328,46.4970],[-0.7388,46.4945],[-0.7417,46.4965],[-0.7415,46.4981],[-0.7377,46.4996],[-0.7369,46.5012],[-0.7402,46.5010],[-0.7433,46.4975],[-0.7456,46.4984],[-0.7453,46.4994],[-0.7417,46.5029],[-0.7465,46.5037]]}},{"type":"Feature","properties":{"name":"La Vendée"},"geometry":{"type":"LineString","coordinates":[[-0.6967,46.4856],[-0.7068,46.4880],[-0.7075,46.4864],[-0.7047,46.4827],[-0.7042,46.4797],[-0.7103,46.4776]]}},{"type":"Feature","properties":{"name":"La Vendée"},"geometry":{"type":"LineString","coordinates":[[-0.6134,46.6372],[-0.6135,46.6372]]}},{"type":"Feature","properties":{"name":"La Vendée"},"geometry":{"type":"LineString","coordinates":[[-0.6135,46.6372],[-0.6166,46.6362]]}},{"type":"Feature","properties":{"name":"La Vendée"},"geometry":{"type":"LineString","coordinates":[[-0.6374,46.6378],[-0.6375,46.6378]]}},{"type":"Feature","properties":{"name":"La Vendée"},"geometry":{"type":"LineString","coordinates":[[-0.6375,46.6378],[-0.6439,46.6382],[-0.6489,46.6368],[-0.6531,46.6369],[-0.6565,46.6357],[-0.6570,46.6341]]}},{"type":"Feature","properties":{"name":"La Vendée"},"geometry":{"type":"LineString","coordinates":[[-0.6576,46.6335],[-0.6578,46.6335]]}},{"type":"Feature","properties":{"name":"La Vendée"},"geometry":{"type":"LineString","coordinates":[[-0.6639,46.6265],[-0.6638,46.6264]]}},{"type":"Feature","properties":{"name":"La Vendée"},"geometry":{"type":"LineString","coordinates":[[-0.6166,46.6362],[-0.6167,46.6362]]}},{"type":"Feature","properties":{"name":"La Vendée"},"geometry":{"type":"LineString","coordinates":[[-0.6578,46.6335],[-0.6624,46.6296],[-0.6639,46.6265]]}},{"type":"Feature","properties":{"name":"La Vendée"},"geometry":{"type":"LineString","coordinates":[[-0.6638,46.6264],[-0.6661,46.6182],[-0.6640,46.6139]]}},{"type":"Feature","properties":{"name":"La Vendée"},"geometry":{"type":"LineString","coordinates":[[-0.6167,46.6362],[-0.6214,46.6346],[-0.6277,46.6346]]}},{"type":"Feature","properties":{"name":"La Vendée"},"geometry":{"type":"LineString","coordinates":[[-0.7940,46.4832],[-0.7858,46.4825]]}},{"type":"Feature","properties":{"name":"La Vendée"},"geometry":{"type":"LineString","coordinates":[[-0.8371,46.4481],[-0.8457,46.4429],[-0.8563,46.4414],[-0.8587,46.4378],[-0.8600,46.4321],[-0.8641,46.4319],[-0.8651,46.4286],[-0.8665,46.4273],[-0.8711,46.4270],[-0.8730,46.4292],[-0.8750,46.4292],[-0.8773,46.4306],[-0.8779,46.4323],[-0.8813,46.4329],[-0.8820,46.4314]]}},{"type":"Feature","properties":{"name":"La Vendée"},"geometry":{"type":"LineString","coordinates":[[-0.7820,46.5127],[-0.7820,46.5127]]}},{"type":"Feature","properties":{"name":"La Vendée"},"geometry":{"type":"LineString","coordinates":[[-0.7819,46.5126],[-0.7817,46.5124]]}},{"type":"Feature","properties":{"name":"La Vendée"},"geometry":{"type":"LineString","coordinates":[[-0.6477,46.5748],[-0.6477,46.5747]]}},{"type":"Feature","properties":{"name":"La Vendée"},"geometry":{"type":"LineString","coordinates":[[-0.7858,46.4825],[-0.7838,46.4824],[-0.7844,46.4801],[-0.7825,46.4789],[-0.7856,46.4782],[-0.7849,46.4765],[-0.7876,46.4761],[-0.7890,46.4741],[-0.7938,46.4736],[-0.7964,46.4709],[-0.8026,46.4689],[-0.8055,46.4658],[-0.8040,46.4611],[-0.8052,46.4591],[-0.8113,46.4578],[-0.8125,46.4563],[-0.8222,46.4541],[-0.8246,46.4516],[-0.8343,46.4498],[-0.8370,46.4482]]}},{"type":"Feature","properties":{"name":"La Vendée"},"geometry":{"type":"LineString","coordinates":[[-0.9182,46.3923],[-0.9201,46.3916],[-0.9239,46.3868]]}},{"type":"Feature","properties":{"name":"La Vendée"},"geometry":{"type":"LineString","coordinates":[[-0.7820,46.5127],[-0.7819,46.5126]]}},{"type":"Feature","properties":{"name":"La Vendée"},"geometry":{"type":"LineString","coordinates":[[-0.7821,46.5128],[-0.7820,46.5127]]}},{"type":"Feature","properties":{"name":"La Vendée"},"geometry":{"type":"LineString","coordinates":[[-0.8757,46.4202],[-0.8741,46.4169]]}},{"type":"Feature","properties":{"name":"La Vendée"},"geometry":{"type":"LineString","coordinates":[[-0.8757,46.4203],[-0.8757,46.4202]]}},{"type":"Feature","properties":{"name":"La Vendée"},"geometry":{"type":"LineString","coordinates":[[-0.8370,46.4482],[-0.8371,46.4481]]}},{"type":"Feature","properties":{"name":"La Vendée"},"geometry":{"type":"LineString","coordinates":[[-0.6545,46.5126],[-0.6545,46.5125]]}},{"type":"Feature","properties":{"name":"La Vendée"},"geometry":{"type":"LineString","coordinates":[[-0.6459,46.5231],[-0.6485,46.5204],[-0.6502,46.5200],[-0.6504,46.5188],[-0.6517,46.5187],[-0.6513,46.5177],[-0.6531,46.5161],[-0.6525,46.5152],[-0.6542,46.5141],[-0.6545,46.5126]]}},{"type":"Feature","properties":{"name":"Le Chaboussant"},"geometry":{"type":"LineString","coordinates":[[-0.0281,46.2692],[-0.0201,46.2689],[-0.0144,46.2669],[-0.0064,46.2679],[-0.0024,46.2651],[0.0163,46.2707],[0.0257,46.2701]]}},{"type":"Feature","properties":{"name":"Le Mignon"},"geometry":{"type":"LineString","coordinates":[[-0.6798,46.1996],[-0.6799,46.1997]]}},{"type":"Feature","properties":{"name":"Le Mignon"},"geometry":{"type":"LineString","coordinates":[[-0.6796,46.1995],[-0.6798,46.1996]]}},{"type":"Feature","properties":{"name":"Le Mignon"},"geometry":{"type":"LineString","coordinates":[[-0.6782,46.1967],[-0.6779,46.1979]]}},{"type":"Feature","properties":{"name":"Le Mignon"},"geometry":{"type":"LineString","coordinates":[[-0.6782,46.1982],[-0.6785,46.1987]]}},{"type":"Feature","properties":{"name":"Le Mignon"},"geometry":{"type":"LineString","coordinates":[[-0.6779,46.1979],[-0.6782,46.1982]]}},{"type":"Feature","properties":{"name":"Le Mignon"},"geometry":{"type":"LineString","coordinates":[[-0.6785,46.1987],[-0.6796,46.1995]]}},{"type":"Feature","properties":{"name":"Le Mignon"},"geometry":{"type":"LineString","coordinates":[[-0.6782,46.1967],[-0.6836,46.1990],[-0.6822,46.2005],[-0.6843,46.2032],[-0.6845,46.2078]]}},{"type":"Feature","properties":{"name":"Le Mignon"},"geometry":{"type":"LineString","coordinates":[[-0.6699,46.1894],[-0.6718,46.1900],[-0.6725,46.1930],[-0.6773,46.1952],[-0.6782,46.1967]]}},{"type":"Feature","properties":{"name":"Le Mignon"},"geometry":{"type":"LineString","coordinates":[[-0.6695,46.1892],[-0.6699,46.1894]]}},{"type":"Feature","properties":{"name":"Le Mignon"},"geometry":{"type":"LineString","coordinates":[[-0.6615,46.1737],[-0.6642,46.1764],[-0.6602,46.1798],[-0.6676,46.1849],[-0.6669,46.1858],[-0.6695,46.1892]]}},{"type":"Feature","properties":{"name":"Le Mignon"},"geometry":{"type":"LineString","coordinates":[[-0.6598,46.1709],[-0.6615,46.1737]]}},{"type":"Feature","properties":{"name":"Le Mignon"},"geometry":{"type":"LineString","coordinates":[[-0.6598,46.1709],[-0.6598,46.1709]]}},{"type":"Feature","properties":{"name":"Le Mignon"},"geometry":{"type":"LineString","coordinates":[[-0.6567,46.1706],[-0.6589,46.1697],[-0.6598,46.1709]]}},{"type":"Feature","properties":{"name":"Le Mignon"},"geometry":{"type":"LineString","coordinates":[[-0.6421,46.1655],[-0.6528,46.1685],[-0.6567,46.1706]]}},{"type":"Feature","properties":{"name":"Le Mignon"},"geometry":{"type":"LineString","coordinates":[[-0.6391,46.1647],[-0.6421,46.1655]]}},{"type":"Feature","properties":{"name":"Le Mignon"},"geometry":{"type":"LineString","coordinates":[[-0.6347,46.1659],[-0.6391,46.1647]]}},{"type":"Feature","properties":{"name":"Le Mignon"},"geometry":{"type":"LineString","coordinates":[[-0.6346,46.1659],[-0.6347,46.1659]]}},{"type":"Feature","properties":{"name":"Le Mignon"},"geometry":{"type":"LineString","coordinates":[[-0.6000,46.1641],[-0.6151,46.1614],[-0.6170,46.1629],[-0.6206,46.1618],[-0.6256,46.1625],[-0.6280,46.1633],[-0.6277,46.1646],[-0.6346,46.1659]]}},{"type":"Feature","properties":{"name":"Le Mignon"},"geometry":{"type":"LineString","coordinates":[[-0.6000,46.1641],[-0.6000,46.1641]]}},{"type":"Feature","properties":{"name":"Le Mignon"},"geometry":{"type":"LineString","coordinates":[[-0.5809,46.1686],[-0.5879,46.1699],[-0.5913,46.1664],[-0.5935,46.1668],[-0.6000,46.1641]]}},{"type":"Feature","properties":{"name":"Le Mignon"},"geometry":{"type":"LineString","coordinates":[[-0.5808,46.1685],[-0.5809,46.1686]]}},{"type":"Feature","properties":{"name":"Le Mignon"},"geometry":{"type":"LineString","coordinates":[[-0.5509,46.1534],[-0.5539,46.1537],[-0.5595,46.1562],[-0.5592,46.1599],[-0.5663,46.1672],[-0.5783,46.1703],[-0.5799,46.1704],[-0.5808,46.1685]]}},{"type":"Feature","properties":{"name":"Le Mignon"},"geometry":{"type":"LineString","coordinates":[[-0.5787,46.1703],[-0.5801,46.1701]]}},{"type":"Feature","properties":{"name":"Le Mignon"},"geometry":{"type":"LineString","coordinates":[[-0.5441,46.1490],[-0.5445,46.1508],[-0.5509,46.1534]]}},{"type":"Feature","properties":{"name":"Le Mignon"},"geometry":{"type":"LineString","coordinates":[[-0.5509,46.1534],[-0.5509,46.1534]]}},{"type":"Feature","properties":{"name":"Ruisseau des Fougères"},"geometry":{"type":"LineString","coordinates":[[-0.6050,46.5712],[-0.6117,46.5718],[-0.6143,46.5683],[-0.6184,46.5689],[-0.6213,46.5675],[-0.6272,46.5685],[-0.6315,46.5674],[-0.6341,46.5684],[-0.6393,46.5679],[-0.6432,46.5653],[-0.6444,46.5614]]}},{"type":"Feature","properties":{"name":"Ruisseau des Fougères"},"geometry":{"type":"LineString","coordinates":[[-0.5959,46.5784],[-0.5957,46.5780]]}},{"type":"Feature","properties":{"name":"Ruisseau des Fougères"},"geometry":{"type":"LineString","coordinates":[[-0.5986,46.5748],[-0.5995,46.5748]]}},{"type":"Feature","properties":{"name":"Ruisseau des Fougères"},"geometry":{"type":"LineString","coordinates":[[-0.5957,46.5780],[-0.5955,46.5769],[-0.5986,46.5748]]}},{"type":"Feature","properties":{"name":"Ruisseau des Fougères"},"geometry":{"type":"LineString","coordinates":[[-0.5995,46.5748],[-0.5996,46.5719],[-0.6050,46.5713]]}},{"type":"Feature","properties":{"name":"Ruisseau des Fougères"},"geometry":{"type":"LineString","coordinates":[[-0.6050,46.5713],[-0.6050,46.5712]]}},{"type":"Feature","properties":{"name":"La Boivre"},"geometry":{"type":"LineString","coordinates":[[-0.0188,46.5812],[-0.0089,46.5838],[-0.0049,46.5828]]}},{"type":"Feature","properties":{"name":"La Boivre"},"geometry":{"type":"LineString","coordinates":[[-0.0049,46.5828],[-0.0047,46.5827]]}},{"type":"Feature","properties":{"name":"La Boivre"},"geometry":{"type":"LineString","coordinates":[[-0.0201,46.5805],[-0.0188,46.5812]]}},{"type":"Feature","properties":{"name":"La Dive du Nord"},"geometry":{"type":"LineString","coordinates":[[-0.0133,46.8811],[-0.0184,46.8809],[-0.0198,46.8847],[-0.0191,46.8904],[-0.0122,46.8965],[-0.0118,46.9008]]}},{"type":"Feature","properties":{"name":"La Dive du Nord"},"geometry":{"type":"LineString","coordinates":[[-0.0132,46.8811],[-0.0133,46.8811]]}},{"type":"Feature","properties":{"name":"La Dive du Nord"},"geometry":{"type":"LineString","coordinates":[[-0.0084,46.8719],[-0.0034,46.8727],[-0.0032,46.8773],[-0.0019,46.8785],[-0.0079,46.8820],[-0.0132,46.8811]]}},{"type":"Feature","properties":{"name":"Ruisseau du Rabané"},"geometry":{"type":"LineString","coordinates":[[-0.1527,46.4627],[-0.1524,46.4595],[-0.1537,46.4570],[-0.1526,46.4541],[-0.1513,46.4533],[-0.1511,46.4514],[-0.1522,46.4504],[-0.1516,46.4479],[-0.1501,46.4467],[-0.1512,46.4445],[-0.1533,46.4432],[-0.1555,46.4345],[-0.1550,46.4338],[-0.1577,46.4318],[-0.1626,46.4314],[-0.1649,46.4298],[-0.1727,46.4299],[-0.1741,46.4308]]}},{"type":"Feature","properties":{"name":"Ruisseau du Rabané"},"geometry":{"type":"LineString","coordinates":[[-0.1527,46.4628],[-0.1527,46.4627]]}},{"type":"Feature","properties":{"name":"Ruisseau du Rabané"},"geometry":{"type":"LineString","coordinates":[[-0.1531,46.4641],[-0.1527,46.4628]]}},{"type":"Feature","properties":{"name":"Ruisseau du Rabané"},"geometry":{"type":"LineString","coordinates":[[-0.1531,46.4642],[-0.1531,46.4641]]}},{"type":"Feature","properties":{"name":"La Bellesebonne"},"geometry":{"type":"LineString","coordinates":[[-0.2650,46.1265],[-0.2680,46.1275],[-0.2694,46.1293],[-0.2763,46.1311],[-0.2768,46.1325],[-0.2822,46.1313],[-0.2834,46.1297],[-0.2900,46.1285],[-0.2994,46.1338],[-0.3031,46.1345],[-0.3071,46.1343],[-0.3122,46.1312],[-0.3142,46.1284],[-0.3151,46.1285]]}},{"type":"Feature","properties":{"name":"La Bellesebonne"},"geometry":{"type":"LineString","coordinates":[[-0.2685,46.1278],[-0.2699,46.1291]]}},{"type":"Feature","properties":{"name":"La Bellesebonne"},"geometry":{"type":"LineString","coordinates":[[-0.2684,46.1278],[-0.2684,46.1277]]}},{"type":"Feature","properties":{"name":"La Bellesebonne"},"geometry":{"type":"LineString","coordinates":[[-0.2685,46.1278],[-0.2684,46.1278]]}},{"type":"Feature","properties":{"name":"La Péruse"},"geometry":{"type":"LineString","coordinates":[[0.2048,46.0267],[0.2100,46.0266],[0.2111,46.0257],[0.2070,46.0196],[0.2119,46.0199],[0.2170,46.0236],[0.2198,46.0231],[0.2197,46.0207],[0.2208,46.0208],[0.2206,46.0200]]}},{"type":"Feature","properties":{"name":"La Péruse"},"geometry":{"type":"LineString","coordinates":[[0.1897,46.0416],[0.1904,46.0440],[0.1924,46.0431]]}},{"type":"Feature","properties":{"name":"La Péruse"},"geometry":{"type":"LineString","coordinates":[[0.1871,46.0399],[0.1875,46.0398]]}},{"type":"Feature","properties":{"name":"La Péruse"},"geometry":{"type":"LineString","coordinates":[[0.1947,46.0326],[0.1948,46.0324]]}},{"type":"Feature","properties":{"name":"La Péruse"},"geometry":{"type":"LineString","coordinates":[[0.1894,46.0406],[0.1895,46.0408]]}},{"type":"Feature","properties":{"name":"La Péruse"},"geometry":{"type":"LineString","coordinates":[[0.1924,46.0431],[0.1927,46.0427]]}},{"type":"Feature","properties":{"name":"La Péruse"},"geometry":{"type":"LineString","coordinates":[[0.1898,46.0412],[0.1897,46.0416]]}},{"type":"Feature","properties":{"name":"La Péruse"},"geometry":{"type":"LineString","coordinates":[[0.1934,46.0415],[0.1938,46.0392],[0.1962,46.0367],[0.1947,46.0326]]}},{"type":"Feature","properties":{"name":"La Péruse"},"geometry":{"type":"LineString","coordinates":[[0.1895,46.0408],[0.1898,46.0412]]}},{"type":"Feature","properties":{"name":"La Péruse"},"geometry":{"type":"LineString","coordinates":[[0.1948,46.0324],[0.1951,46.0305],[0.1979,46.0304],[0.2006,46.0317],[0.2030,46.0346],[0.2072,46.0355],[0.2080,46.0339],[0.2048,46.0267]]}},{"type":"Feature","properties":{"name":"La Péruse"},"geometry":{"type":"LineString","coordinates":[[0.1875,46.0398],[0.1894,46.0406]]}},{"type":"Feature","properties":{"name":"La Péruse"},"geometry":{"type":"LineString","coordinates":[[0.1468,46.0687],[0.1469,46.0687]]}},{"type":"Feature","properties":{"name":"La Péruse"},"geometry":{"type":"LineString","coordinates":[[0.1469,46.0687],[0.1495,46.0655],[0.1489,46.0628],[0.1495,46.0612],[0.1537,46.0599],[0.1534,46.0568],[0.1560,46.0515],[0.1580,46.0508],[0.1606,46.0569],[0.1661,46.0550],[0.1664,46.0522]]}},{"type":"Feature","properties":{"name":"La Péruse"},"geometry":{"type":"LineString","coordinates":[[0.1439,46.0761],[0.1447,46.0740],[0.1438,46.0716],[0.1468,46.0687]]}},{"type":"Feature","properties":{"name":"La Péruse"},"geometry":{"type":"LineString","coordinates":[[0.1438,46.0762],[0.1439,46.0761]]}},{"type":"Feature","properties":{"name":"La Péruse"},"geometry":{"type":"LineString","coordinates":[[0.1364,46.0800],[0.1365,46.0799]]}},{"type":"Feature","properties":{"name":"La Péruse"},"geometry":{"type":"LineString","coordinates":[[0.1365,46.0799],[0.1405,46.0772],[0.1438,46.0762]]}},{"type":"Feature","properties":{"name":"La Péruse"},"geometry":{"type":"LineString","coordinates":[[0.1664,46.0522],[0.1664,46.0522]]}},{"type":"Feature","properties":{"name":"La Péruse"},"geometry":{"type":"LineString","coordinates":[[0.1664,46.0522],[0.1666,46.0504],[0.1693,46.0501],[0.1696,46.0479]]}},{"type":"Feature","properties":{"name":"La Péruse"},"geometry":{"type":"LineString","coordinates":[[0.1696,46.0479],[0.1697,46.0478]]}},{"type":"Feature","properties":{"name":"La Péruse"},"geometry":{"type":"LineString","coordinates":[[0.1697,46.0478],[0.1695,46.0468],[0.1713,46.0469],[0.1741,46.0504],[0.1758,46.0500],[0.1755,46.0484],[0.1722,46.0458],[0.1726,46.0443],[0.1736,46.0441],[0.1770,46.0461],[0.1815,46.0458],[0.1848,46.0469],[0.1855,46.0428],[0.1848,46.0419],[0.1825,46.0418]]}},{"type":"Feature","properties":{"name":"La Péruse"},"geometry":{"type":"LineString","coordinates":[[0.1933,46.0416],[0.1934,46.0415]]}},{"type":"Feature","properties":{"name":"La Péruse"},"geometry":{"type":"LineString","coordinates":[[0.1927,46.0427],[0.1933,46.0416]]}},{"type":"Feature","properties":{"name":"La Péruse"},"geometry":{"type":"LineString","coordinates":[[0.1824,46.0418],[0.1802,46.0402],[0.1821,46.0377],[0.1837,46.0375],[0.1871,46.0399]]}},{"type":"Feature","properties":{"name":"La Péruse"},"geometry":{"type":"LineString","coordinates":[[0.1825,46.0418],[0.1824,46.0418]]}},{"type":"Feature","properties":{"name":"La Bouleure"},"geometry":{"type":"LineString","coordinates":[[0.1126,46.1939],[0.1184,46.1944],[0.1215,46.1983],[0.1284,46.2020],[0.1295,46.2054],[0.1307,46.2062],[0.1332,46.2052],[0.1359,46.2024],[0.1395,46.2043],[0.1440,46.2049],[0.1481,46.2032],[0.1529,46.2067],[0.1595,46.2072]]}},{"type":"Feature","properties":{"name":"La Bouleure"},"geometry":{"type":"LineString","coordinates":[[0.1595,46.2072],[0.1600,46.2074]]}},{"type":"Feature","properties":{"name":"La Bouleure"},"geometry":{"type":"LineString","coordinates":[[0.1764,46.2194],[0.1799,46.2216],[0.1811,46.2230],[0.1818,46.2268],[0.1869,46.2313],[0.1864,46.2354],[0.1930,46.2373],[0.1929,46.2401],[0.1949,46.2413],[0.1923,46.2428],[0.1926,46.2441],[0.1986,46.2464],[0.1978,46.2485],[0.1938,46.2497],[0.1926,46.2510],[0.1932,46.2526],[0.1966,46.2543],[0.1963,46.2566],[0.1983,46.2586],[0.1954,46.2613],[0.1953,46.2639],[0.1970,46.2648],[0.2006,46.2631],[0.2055,46.2633],[0.2072,46.2653],[0.2073,46.2670],[0.2061,46.2689],[0.2073,46.2704],[0.2108,46.2712],[0.2141,46.2704],[0.2183,46.2719],[0.2185,46.2752],[0.2203,46.2765],[0.2203,46.2776],[0.2148,46.2780],[0.2144,46.2804],[0.2196,46.2822],[0.2239,46.2820],[0.2254,46.2833],[0.2221,46.2855],[0.2137,46.2861]]}},{"type":"Feature","properties":{"name":"La Bouleure"},"geometry":{"type":"LineString","coordinates":[[0.1764,46.2193],[0.1764,46.2194]]}},{"type":"Feature","properties":{"name":"La Bouleure"},"geometry":{"type":"LineString","coordinates":[[0.1600,46.2074],[0.1631,46.2087],[0.1631,46.2100],[0.1653,46.2125],[0.1720,46.2145],[0.1764,46.2193]]}},{"type":"Feature","properties":{"name":"La Bouleure"},"geometry":{"type":"LineString","coordinates":[[0.2137,46.2861],[0.2136,46.2889],[0.2214,46.2909]]}},{"type":"Feature","properties":{"name":"La Mère"},"geometry":{"type":"LineString","coordinates":[[-0.7768,46.5980],[-0.7760,46.5966],[-0.7766,46.5952],[-0.7750,46.5920],[-0.7723,46.5916],[-0.7713,46.5904],[-0.7729,46.5891],[-0.7711,46.5872],[-0.7717,46.5866],[-0.7700,46.5865],[-0.7712,46.5852],[-0.7703,46.5840],[-0.7716,46.5838]]}},{"type":"Feature","properties":{"name":"La Mère"},"geometry":{"type":"LineString","coordinates":[[-0.7122,46.6342],[-0.7133,46.6311]]}},{"type":"Feature","properties":{"name":"La Mère"},"geometry":{"type":"LineString","coordinates":[[-0.7133,46.6311],[-0.7151,46.6298],[-0.7167,46.6303],[-0.7179,46.6291],[-0.7194,46.6294],[-0.7203,46.6281],[-0.7237,46.6279]]}},{"type":"Feature","properties":{"name":"La Mère"},"geometry":{"type":"LineString","coordinates":[[-0.7811,46.5433],[-0.7747,46.5431],[-0.7745,46.5421],[-0.7773,46.5385],[-0.7772,46.5368],[-0.7763,46.5350],[-0.7728,46.5331],[-0.7720,46.5300],[-0.7679,46.5296],[-0.7690,46.5261],[-0.7671,46.5260],[-0.7638,46.5290],[-0.7602,46.5288]]}},{"type":"Feature","properties":{"name":"La Mère"},"geometry":{"type":"LineString","coordinates":[[-0.6942,46.6477],[-0.7020,46.6445],[-0.7061,46.6385],[-0.7083,46.6382],[-0.7106,46.6364]]}},{"type":"Feature","properties":{"name":"La Mère"},"geometry":{"type":"LineString","coordinates":[[-0.7716,46.5838],[-0.7693,46.5831],[-0.7691,46.5819],[-0.7727,46.5797],[-0.7730,46.5766],[-0.7713,46.5749],[-0.7689,46.5758],[-0.7680,46.5750]]}},{"type":"Feature","properties":{"name":"La Mère"},"geometry":{"type":"LineString","coordinates":[[-0.7237,46.6279],[-0.7262,46.6266],[-0.7326,46.6258],[-0.7341,46.6277],[-0.7402,46.6286],[-0.7432,46.6302],[-0.7425,46.6327],[-0.7439,46.6339],[-0.7485,46.6332]]}},{"type":"Feature","properties":{"name":"La Mère"},"geometry":{"type":"LineString","coordinates":[[-0.7485,46.6332],[-0.7499,46.6319],[-0.7543,46.6320],[-0.7573,46.6302],[-0.7647,46.6292],[-0.7711,46.6229],[-0.7708,46.6219],[-0.7731,46.6202],[-0.7744,46.6162],[-0.7785,46.6132],[-0.7796,46.6104],[-0.7793,46.6089],[-0.7758,46.6081],[-0.7788,46.6064],[-0.7779,46.6025],[-0.7755,46.6004],[-0.7768,46.5980]]}},{"type":"Feature","properties":{"name":"La Mère"},"geometry":{"type":"LineString","coordinates":[[-0.7680,46.5750],[-0.7683,46.5739],[-0.7662,46.5711],[-0.7671,46.5701],[-0.7715,46.5695],[-0.7719,46.5718],[-0.7731,46.5731],[-0.7742,46.5710],[-0.7805,46.5686],[-0.7787,46.5668],[-0.7756,46.5662],[-0.7775,46.5597],[-0.7763,46.5585],[-0.7780,46.5548],[-0.7800,46.5532]]}},{"type":"Feature","properties":{"name":"La Mère"},"geometry":{"type":"LineString","coordinates":[[-0.7602,46.5288],[-0.7539,46.5291],[-0.7531,46.5275],[-0.7562,46.5249],[-0.7489,46.5231],[-0.7532,46.5191],[-0.7567,46.5193]]}},{"type":"Feature","properties":{"name":"La Mère"},"geometry":{"type":"LineString","coordinates":[[-0.7800,46.5532],[-0.7767,46.5498],[-0.7832,46.5461]]}},{"type":"Feature","properties":{"name":"La Mère"},"geometry":{"type":"LineString","coordinates":[[-0.7682,46.5749],[-0.7684,46.5746]]}},{"type":"Feature","properties":{"name":"La Mère"},"geometry":{"type":"LineString","coordinates":[[-0.5842,46.2353],[-0.5848,46.2354]]}},{"type":"Feature","properties":{"name":"La Mère"},"geometry":{"type":"LineString","coordinates":[[-0.5839,46.2351],[-0.5842,46.2353]]}},{"type":"Feature","properties":{"name":"La Mère"},"geometry":{"type":"LineString","coordinates":[[-0.5837,46.2351],[-0.5839,46.2351]]}},{"type":"Feature","properties":{"name":"La Mère"},"geometry":{"type":"LineString","coordinates":[[-0.5660,46.2338],[-0.5837,46.2351]]}},{"type":"Feature","properties":{"name":"La Mère"},"geometry":{"type":"LineString","coordinates":[[-0.6942,46.6478],[-0.6942,46.6477]]}},{"type":"Feature","properties":{"name":"La Mère"},"geometry":{"type":"LineString","coordinates":[[-0.6904,46.6519],[-0.6942,46.6478]]}},{"type":"Feature","properties":{"name":"La Mère"},"geometry":{"type":"LineString","coordinates":[[-0.6870,46.6624],[-0.6872,46.6624]]}},{"type":"Feature","properties":{"name":"La Mère"},"geometry":{"type":"LineString","coordinates":[[-0.6845,46.6640],[-0.6849,46.6627],[-0.6870,46.6624]]}},{"type":"Feature","properties":{"name":"La Mère"},"geometry":{"type":"LineString","coordinates":[[-0.6903,46.6520],[-0.6904,46.6519]]}},{"type":"Feature","properties":{"name":"La Mère"},"geometry":{"type":"LineString","coordinates":[[-0.6899,46.6597],[-0.6912,46.6570],[-0.6912,46.6548],[-0.6899,46.6533],[-0.6903,46.6520]]}},{"type":"Feature","properties":{"name":"La Mère"},"geometry":{"type":"LineString","coordinates":[[-0.6899,46.6597],[-0.6899,46.6597]]}},{"type":"Feature","properties":{"name":"La Mère"},"geometry":{"type":"LineString","coordinates":[[-0.6898,46.6598],[-0.6899,46.6597]]}},{"type":"Feature","properties":{"name":"La Mère"},"geometry":{"type":"LineString","coordinates":[[-0.6898,46.6598],[-0.6898,46.6598]]}},{"type":"Feature","properties":{"name":"La Mère"},"geometry":{"type":"LineString","coordinates":[[-0.6872,46.6624],[-0.6898,46.6611],[-0.6898,46.6598]]}},{"type":"Feature","properties":{"name":"La Mère"},"geometry":{"type":"LineString","coordinates":[[-0.7122,46.6342],[-0.7122,46.6342]]}},{"type":"Feature","properties":{"name":"La Mère"},"geometry":{"type":"LineString","coordinates":[[-0.7106,46.6364],[-0.7122,46.6342]]}},{"type":"Feature","properties":{"name":"La Mère"},"geometry":{"type":"LineString","coordinates":[[-0.7813,46.5433],[-0.7811,46.5433]]}},{"type":"Feature","properties":{"name":"La Mère"},"geometry":{"type":"LineString","coordinates":[[-0.7832,46.5461],[-0.7824,46.5459],[-0.7829,46.5438],[-0.7813,46.5433]]}},{"type":"Feature","properties":{"name":"La Devise"},"geometry":{"type":"LineString","coordinates":[[-0.7070,46.0424],[-0.7137,46.0423]]}},{"type":"Feature","properties":{"name":"La Devise"},"geometry":{"type":"LineString","coordinates":[[-0.7824,46.0492],[-0.7830,46.0503],[-0.7906,46.0546],[-0.7931,46.0590],[-0.7958,46.0605],[-0.8157,46.0619],[-0.8184,46.0631],[-0.8212,46.0624],[-0.8215,46.0600],[-0.8282,46.0548],[-0.8364,46.0551]]}},{"type":"Feature","properties":{"name":"La Devise"},"geometry":{"type":"LineString","coordinates":[[-0.7068,46.0423],[-0.7070,46.0424]]}},{"type":"Feature","properties":{"name":"La Devise"},"geometry":{"type":"LineString","coordinates":[[-0.7137,46.0423],[-0.7139,46.0424]]}},{"type":"Feature","properties":{"name":"La Devise"},"geometry":{"type":"LineString","coordinates":[[-0.7209,46.0420],[-0.7210,46.0419]]}},{"type":"Feature","properties":{"name":"La Devise"},"geometry":{"type":"LineString","coordinates":[[-0.7179,46.0433],[-0.7181,46.0433]]}},{"type":"Feature","properties":{"name":"La Devise"},"geometry":{"type":"LineString","coordinates":[[-0.7239,46.0381],[-0.7240,46.0380]]}},{"type":"Feature","properties":{"name":"La Devise"},"geometry":{"type":"LineString","coordinates":[[-0.7730,46.0405],[-0.7823,46.0478],[-0.7824,46.0492]]}},{"type":"Feature","properties":{"name":"La Devise"},"geometry":{"type":"LineString","coordinates":[[-0.7181,46.0433],[-0.7198,46.0433],[-0.7209,46.0420]]}},{"type":"Feature","properties":{"name":"La Devise"},"geometry":{"type":"LineString","coordinates":[[-0.7139,46.0424],[-0.7162,46.0421],[-0.7162,46.0430],[-0.7179,46.0433]]}},{"type":"Feature","properties":{"name":"La Devise"},"geometry":{"type":"LineString","coordinates":[[-0.7240,46.0380],[-0.7272,46.0334],[-0.7300,46.0324],[-0.7386,46.0336],[-0.7474,46.0379],[-0.7515,46.0377],[-0.7539,46.0365],[-0.7564,46.0371],[-0.7610,46.0362],[-0.7730,46.0405]]}},{"type":"Feature","properties":{"name":"La Devise"},"geometry":{"type":"LineString","coordinates":[[-0.7210,46.0419],[-0.7213,46.0391],[-0.7239,46.0381]]}},{"type":"Feature","properties":{"name":"La Devise"},"geometry":{"type":"LineString","coordinates":[[-0.6945,46.0432],[-0.6970,46.0432],[-0.6981,46.0407],[-0.6994,46.0411]]}},{"type":"Feature","properties":{"name":"La Devise"},"geometry":{"type":"LineString","coordinates":[[-0.8364,46.0551],[-0.8432,46.0518],[-0.8485,46.0479],[-0.8670,46.0461],[-0.8701,46.0424],[-0.8838,46.0411],[-0.8954,46.0380],[-0.9048,46.0426],[-0.9066,46.0408],[-0.9171,46.0380],[-0.9228,46.0387],[-0.9346,46.0368],[-0.9497,46.0420],[-0.9571,46.0353],[-0.9734,46.0365],[-0.9771,46.0331],[-0.9783,46.0302],[-0.9873,46.0280],[-0.9902,46.0261],[-0.9986,46.0254],[-1.0001,46.0211],[-0.9992,46.0169],[-0.9929,46.0082],[-0.9919,45.9994],[-0.9941,45.9972],[-0.9938,45.9939],[-0.9951,45.9895],[-0.9992,45.9859],[-1.0028,45.9805]]}},{"type":"Feature","properties":{"name":"La Devise"},"geometry":{"type":"LineString","coordinates":[[-0.6996,46.0412],[-0.7068,46.0423]]}},{"type":"Feature","properties":{"name":"La Devise"},"geometry":{"type":"LineString","coordinates":[[-0.6995,46.0412],[-0.6996,46.0412]]}},{"type":"Feature","properties":{"name":"La Devise"},"geometry":{"type":"LineString","coordinates":[[-0.6995,46.0411],[-0.6995,46.0412]]}},{"type":"Feature","properties":{"name":"La Devise"},"geometry":{"type":"LineString","coordinates":[[-0.6994,46.0411],[-0.6995,46.0411]]}},{"type":"Feature","properties":{"name":"La Sèvre Nantaise"},"geometry":{"type":"LineString","coordinates":[[-0.7107,46.8212],[-0.7123,46.8206],[-0.7131,46.8219],[-0.7150,46.8211],[-0.7235,46.8233],[-0.7257,46.8214],[-0.7288,46.8222],[-0.7324,46.8215],[-0.7373,46.8252],[-0.7367,46.8273],[-0.7382,46.8291],[-0.7426,46.8294],[-0.7464,46.8311],[-0.7510,46.8300],[-0.7511,46.8311],[-0.7572,46.8321],[-0.7582,46.8314]]}},{"type":"Feature","properties":{"name":"La Sèvre Nantaise"},"geometry":{"type":"LineString","coordinates":[[-0.6991,46.8088],[-0.6985,46.8107],[-0.7002,46.8109],[-0.7055,46.8158],[-0.7064,46.8151],[-0.7077,46.8159],[-0.7079,46.8172],[-0.7067,46.8188],[-0.7088,46.8199],[-0.7090,46.8214],[-0.7107,46.8212]]}},{"type":"Feature","properties":{"name":"La Sèvre Nantaise"},"geometry":{"type":"LineString","coordinates":[[-0.6391,46.7693],[-0.6440,46.7705],[-0.6451,46.7721],[-0.6484,46.7734],[-0.6485,46.7750],[-0.6572,46.7791],[-0.6568,46.7798],[-0.6583,46.7795]]}},{"type":"Feature","properties":{"name":"La Sèvre Nantaise"},"geometry":{"type":"LineString","coordinates":[[-0.6877,46.7970],[-0.6895,46.7980],[-0.6893,46.8007],[-0.6906,46.8009],[-0.6900,46.8020],[-0.6908,46.8032],[-0.6920,46.8030],[-0.6918,46.8045],[-0.6991,46.8088]]}},{"type":"Feature","properties":{"name":"La Sèvre Nantaise"},"geometry":{"type":"LineString","coordinates":[[-0.7933,46.8579],[-0.7943,46.8580],[-0.7947,46.8611],[-0.8005,46.8623],[-0.8011,46.8634],[-0.8001,46.8641],[-0.8009,46.8656],[-0.8084,46.8687],[-0.8078,46.8701],[-0.8093,46.8705],[-0.8100,46.8722],[-0.8120,46.8724],[-0.8114,46.8744],[-0.8145,46.8770],[-0.8170,46.8810],[-0.8198,46.8813],[-0.8217,46.8821],[-0.8218,46.8832],[-0.8229,46.8827],[-0.8254,46.8839],[-0.8274,46.8825],[-0.8300,46.8844],[-0.8331,46.8851]]}},{"type":"Feature","properties":{"name":"La Sèvre Nantaise"},"geometry":{"type":"LineString","coordinates":[[-0.8517,46.8958],[-0.8536,46.8953],[-0.8569,46.8979],[-0.8599,46.8969],[-0.8590,46.8994],[-0.8603,46.9023],[-0.8643,46.9047],[-0.8657,46.9106],[-0.8692,46.9114],[-0.8698,46.9119],[-0.8690,46.9127]]}},{"type":"Feature","properties":{"name":"La Sèvre Nantaise"},"geometry":{"type":"LineString","coordinates":[[-0.8331,46.8851],[-0.8370,46.8861],[-0.8376,46.8868],[-0.8367,46.8872],[-0.8374,46.8874],[-0.8405,46.8871],[-0.8419,46.8883],[-0.8407,46.8891],[-0.8418,46.8896],[-0.8406,46.8901],[-0.8428,46.8915],[-0.8436,46.8899],[-0.8474,46.8906],[-0.8500,46.8927],[-0.8488,46.8946],[-0.8517,46.8958]]}},{"type":"Feature","properties":{"name":"La Sèvre Nantaise"},"geometry":{"type":"LineString","coordinates":[[-0.7869,46.8522],[-0.7881,46.8531],[-0.7867,46.8531],[-0.7871,46.8541],[-0.7883,46.8542],[-0.7892,46.8558],[-0.7904,46.8556],[-0.7919,46.8580],[-0.7933,46.8579]]}},{"type":"Feature","properties":{"name":"La Sèvre Nantaise"},"geometry":{"type":"LineString","coordinates":[[-0.6583,46.7795],[-0.6599,46.7815],[-0.6630,46.7820],[-0.6656,46.7845],[-0.6676,46.7841],[-0.6702,46.7861],[-0.6717,46.7864],[-0.6731,46.7855],[-0.6735,46.7869],[-0.6752,46.7861],[-0.6787,46.7874],[-0.6796,46.7886],[-0.6787,46.7889],[-0.6788,46.7911],[-0.6780,46.7917],[-0.6800,46.7934],[-0.6811,46.7931],[-0.6819,46.7948],[-0.6868,46.7953],[-0.6877,46.7970]]}},{"type":"Feature","properties":{"name":"La Sèvre Nantaise"},"geometry":{"type":"LineString","coordinates":[[-0.4955,46.6044],[-0.4976,46.6080],[-0.4952,46.6097],[-0.4953,46.6121],[-0.4942,46.6131],[-0.4962,46.6147],[-0.4973,46.6177],[-0.4987,46.6183],[-0.5017,46.6236],[-0.5046,46.6247]]}},{"type":"Feature","properties":{"name":"La Sèvre Nantaise"},"geometry":{"type":"LineString","coordinates":[[-0.5163,46.6358],[-0.5154,46.6400],[-0.5132,46.6404],[-0.5124,46.6420],[-0.5140,46.6470],[-0.5181,46.6483],[-0.5214,46.6513],[-0.5266,46.6525],[-0.5272,46.6551],[-0.5291,46.6567],[-0.5289,46.6583],[-0.5312,46.6591],[-0.5309,46.6605],[-0.5346,46.6617],[-0.5361,46.6633],[-0.5366,46.6662],[-0.5359,46.6667],[-0.5428,46.6697],[-0.5446,46.6744],[-0.5483,46.6792],[-0.5488,46.6828],[-0.5513,46.6842],[-0.5507,46.6850],[-0.5523,46.6865],[-0.5515,46.6873],[-0.5524,46.6898],[-0.5567,46.6944],[-0.5562,46.6956],[-0.5585,46.6981],[-0.5588,46.6997],[-0.5631,46.7003],[-0.5666,46.6991],[-0.5735,46.7012],[-0.5781,46.7005],[-0.5786,46.7014],[-0.5845,46.7014],[-0.5854,46.7034],[-0.5868,46.7032],[-0.5869,46.7042],[-0.5883,46.7041],[-0.5878,46.7046],[-0.5918,46.7041],[-0.5939,46.7049],[-0.5966,46.7084],[-0.6037,46.7121],[-0.6057,46.7142],[-0.6045,46.7147],[-0.6054,46.7161],[-0.6071,46.7169],[-0.6075,46.7186],[-0.6112,46.7223]]}},{"type":"Feature","properties":{"name":"La Sèvre Nantaise"},"geometry":{"type":"LineString","coordinates":[[-0.5161,46.6356],[-0.5163,46.6358]]}},{"type":"Feature","properties":{"name":"La Sèvre Nantaise"},"geometry":{"type":"LineString","coordinates":[[-0.5126,46.6295],[-0.5168,46.6320],[-0.5162,46.6323],[-0.5173,46.6349],[-0.5161,46.6356]]}},{"type":"Feature","properties":{"name":"La Sèvre Nantaise"},"geometry":{"type":"LineString","coordinates":[[-0.6317,46.7608],[-0.6292,46.7644],[-0.6299,46.7654],[-0.6387,46.7702],[-0.6431,46.7703]]}},{"type":"Feature","properties":{"name":"La Sèvre Nantaise"},"geometry":{"type":"LineString","coordinates":[[-0.5579,46.6997],[-0.5590,46.6999]]}},{"type":"Feature","properties":{"name":"La Sèvre Nantaise"},"geometry":{"type":"LineString","coordinates":[[-0.5565,46.6991],[-0.5566,46.6993]]}},{"type":"Feature","properties":{"name":"La Sèvre Nantaise"},"geometry":{"type":"LineString","coordinates":[[-0.5566,46.6993],[-0.5567,46.6994]]}},{"type":"Feature","properties":{"name":"La Sèvre Nantaise"},"geometry":{"type":"LineString","coordinates":[[-0.5567,46.6994],[-0.5567,46.6995]]}},{"type":"Feature","properties":{"name":"La Sèvre Nantaise"},"geometry":{"type":"LineString","coordinates":[[-0.5567,46.6995],[-0.5570,46.6995]]}},{"type":"Feature","properties":{"name":"La Sèvre Nantaise"},"geometry":{"type":"LineString","coordinates":[[-0.5570,46.6995],[-0.5579,46.6997]]}},{"type":"Feature","properties":{"name":"La Sèvre Nantaise"},"geometry":{"type":"LineString","coordinates":[[-0.5516,46.6873],[-0.5514,46.6892],[-0.5544,46.6933],[-0.5548,46.6972],[-0.5565,46.6991],[-0.5586,46.6991]]}},{"type":"Feature","properties":{"name":"La Sèvre Nantaise"},"geometry":{"type":"LineString","coordinates":[[-0.6252,46.7526],[-0.6270,46.7563],[-0.6289,46.7567]]}},{"type":"Feature","properties":{"name":"La Sèvre Nantaise"},"geometry":{"type":"LineString","coordinates":[[-0.6100,46.7204],[-0.6116,46.7209],[-0.6122,46.7228]]}},{"type":"Feature","properties":{"name":"La Sèvre Nantaise"},"geometry":{"type":"LineString","coordinates":[[-0.6099,46.7203],[-0.6100,46.7204]]}},{"type":"Feature","properties":{"name":"La Sèvre Nantaise"},"geometry":{"type":"LineString","coordinates":[[-0.6080,46.7191],[-0.6099,46.7203]]}},{"type":"Feature","properties":{"name":"La Sèvre Nantaise"},"geometry":{"type":"LineString","coordinates":[[-0.6596,46.7809],[-0.6624,46.7811],[-0.6621,46.7818]]}},{"type":"Feature","properties":{"name":"La Sèvre Nantaise"},"geometry":{"type":"LineString","coordinates":[[-0.5047,46.6247],[-0.5126,46.6295]]}},{"type":"Feature","properties":{"name":"La Sèvre Nantaise"},"geometry":{"type":"LineString","coordinates":[[-0.5046,46.6247],[-0.5047,46.6247]]}},{"type":"Feature","properties":{"name":"La Sèvre Nantaise"},"geometry":{"type":"LineString","coordinates":[[-0.6113,46.7224],[-0.6139,46.7242],[-0.6176,46.7251],[-0.6183,46.7261],[-0.6185,46.7285],[-0.6160,46.7306],[-0.6150,46.7337],[-0.6180,46.7357],[-0.6177,46.7370],[-0.6195,46.7391],[-0.6189,46.7412],[-0.6199,46.7429],[-0.6184,46.7437],[-0.6181,46.7460],[-0.6214,46.7492],[-0.6224,46.7491],[-0.6246,46.7523],[-0.6266,46.7527],[-0.6272,46.7560],[-0.6297,46.7570],[-0.6315,46.7566],[-0.6323,46.7617],[-0.6315,46.7622],[-0.6321,46.7635],[-0.6336,46.7638],[-0.6333,46.7658],[-0.6353,46.7659],[-0.6356,46.7671],[-0.6391,46.7693]]}},{"type":"Feature","properties":{"name":"La Sèvre Nantaise"},"geometry":{"type":"LineString","coordinates":[[-0.6112,46.7223],[-0.6113,46.7224]]}},{"type":"Feature","properties":{"name":"La Vielle Autise"},"geometry":{"type":"LineString","coordinates":[[-0.7125,46.4019],[-0.7122,46.3992],[-0.7108,46.3985],[-0.7117,46.3955],[-0.7108,46.3945],[-0.7170,46.3933],[-0.7162,46.3928],[-0.7172,46.3917],[-0.7155,46.3894],[-0.7086,46.3894],[-0.7055,46.3877],[-0.7030,46.3887],[-0.6961,46.3883],[-0.6952,46.3835],[-0.6975,46.3795],[-0.6945,46.3762],[-0.6949,46.3751],[-0.6930,46.3743],[-0.6884,46.3749],[-0.6844,46.3767],[-0.6824,46.3743],[-0.6886,46.3668],[-0.6913,46.3608],[-0.6906,46.3591],[-0.6924,46.3592],[-0.6945,46.3556],[-0.6933,46.3521],[-0.7074,46.3522],[-0.7095,46.3498],[-0.7187,46.3476],[-0.7254,46.3483],[-0.7286,46.3451],[-0.7313,46.3450],[-0.7323,46.3425],[-0.7374,46.3417],[-0.7413,46.3431],[-0.7454,46.3411],[-0.7480,46.3415],[-0.7583,46.3375],[-0.7606,46.3357],[-0.7614,46.3347],[-0.7602,46.3306]]}},{"type":"Feature","properties":{"name":"La Vielle Autise"},"geometry":{"type":"LineString","coordinates":[[-0.7126,46.4019],[-0.7125,46.4019]]}},{"type":"Feature","properties":{"name":"La Vielle Autise"},"geometry":{"type":"LineString","coordinates":[[-0.7127,46.4020],[-0.7126,46.4019]]}},{"type":"Feature","properties":{"name":"Ruisseau du Tignon"},"geometry":{"type":"LineString","coordinates":[[-0.6135,46.5399],[-0.6201,46.5370],[-0.6206,46.5359],[-0.6223,46.5358],[-0.6241,46.5318],[-0.6296,46.5276],[-0.6427,46.5248],[-0.6444,46.5232],[-0.6459,46.5231]]}},{"type":"Feature","properties":{"name":"L\u0027Argent"},"geometry":{"type":"LineString","coordinates":[[-0.6624,46.8698],[-0.6596,46.8723]]}},{"type":"Feature","properties":{"name":"L\u0027Argent"},"geometry":{"type":"LineString","coordinates":[[-0.6524,46.8920],[-0.6523,46.8922]]}},{"type":"Feature","properties":{"name":"L\u0027Argent"},"geometry":{"type":"LineString","coordinates":[[-0.6462,46.8553],[-0.6498,46.8575],[-0.6507,46.8569],[-0.6532,46.8579],[-0.6609,46.8582],[-0.6643,46.8619],[-0.6628,46.8633],[-0.6648,46.8652],[-0.6648,46.8676],[-0.6622,46.8699],[-0.6610,46.8700],[-0.6588,46.8726],[-0.6590,46.8734],[-0.6577,46.8736],[-0.6565,46.8759],[-0.6571,46.8768],[-0.6542,46.8804],[-0.6550,46.8810],[-0.6530,46.8820],[-0.6527,46.8871],[-0.6539,46.8882],[-0.6524,46.8920]]}},{"type":"Feature","properties":{"name":"L\u0027Argent"},"geometry":{"type":"LineString","coordinates":[[-0.6523,46.8922],[-0.6513,46.8954],[-0.6574,46.8983],[-0.6548,46.9024],[-0.6586,46.9042],[-0.6540,46.9079],[-0.6550,46.9110],[-0.6533,46.9141],[-0.6541,46.9164],[-0.6525,46.9164],[-0.6494,46.9130],[-0.6478,46.9147]]}},{"type":"Feature","properties":{"name":"La Courance"},"geometry":{"type":"LineString","coordinates":[[-0.6936,46.1546],[-0.6970,46.1564],[-0.6980,46.1601],[-0.6907,46.1640]]}},{"type":"Feature","properties":{"name":"La Courance"},"geometry":{"type":"LineString","coordinates":[[-0.7171,46.2148],[-0.7178,46.2166],[-0.7216,46.2191],[-0.7218,46.2207],[-0.7184,46.2241],[-0.7164,46.2248]]}},{"type":"Feature","properties":{"name":"La Courance"},"geometry":{"type":"LineString","coordinates":[[-0.7171,46.2148],[-0.7163,46.2170]]}},{"type":"Feature","properties":{"name":"La Courance"},"geometry":{"type":"LineString","coordinates":[[-0.7147,46.2017],[-0.7165,46.2065],[-0.7182,46.2071],[-0.7185,46.2084]]}},{"type":"Feature","properties":{"name":"La Courance"},"geometry":{"type":"LineString","coordinates":[[-0.6983,46.1863],[-0.6998,46.1888],[-0.6994,46.1917],[-0.7036,46.1957],[-0.7105,46.1984]]}},{"type":"Feature","properties":{"name":"La Courance"},"geometry":{"type":"LineString","coordinates":[[-0.6890,46.1663],[-0.6927,46.1682]]}},{"type":"Feature","properties":{"name":"La Courance"},"geometry":{"type":"LineString","coordinates":[[-0.7164,46.2248],[-0.7163,46.2257],[-0.7293,46.2303],[-0.7317,46.2329],[-0.7333,46.2377]]}},{"type":"Feature","properties":{"name":"La Courance"},"geometry":{"type":"LineString","coordinates":[[-0.7191,46.2091],[-0.7192,46.2106],[-0.7165,46.2133],[-0.7171,46.2148]]}},{"type":"Feature","properties":{"name":"La Courance"},"geometry":{"type":"LineString","coordinates":[[-0.7185,46.2084],[-0.7185,46.2084]]}},{"type":"Feature","properties":{"name":"La Courance"},"geometry":{"type":"LineString","coordinates":[[-0.7191,46.2089],[-0.7191,46.2091]]}},{"type":"Feature","properties":{"name":"La Courance"},"geometry":{"type":"LineString","coordinates":[[-0.7163,46.2170],[-0.7162,46.2170]]}},{"type":"Feature","properties":{"name":"La Courance"},"geometry":{"type":"LineString","coordinates":[[-0.7105,46.1984],[-0.7105,46.1985]]}},{"type":"Feature","properties":{"name":"La Courance"},"geometry":{"type":"LineString","coordinates":[[-0.7162,46.2170],[-0.7162,46.2183],[-0.7149,46.2193],[-0.7153,46.2204],[-0.7181,46.2221],[-0.7164,46.2248]]}},{"type":"Feature","properties":{"name":"La Courance"},"geometry":{"type":"LineString","coordinates":[[-0.7105,46.1985],[-0.7147,46.2017]]}},{"type":"Feature","properties":{"name":"La Courance"},"geometry":{"type":"LineString","coordinates":[[-0.7185,46.2084],[-0.7191,46.2089]]}},{"type":"Feature","properties":{"name":"La Courance"},"geometry":{"type":"LineString","coordinates":[[-0.6904,46.1769],[-0.6910,46.1791],[-0.6953,46.1821]]}},{"type":"Feature","properties":{"name":"La Courance"},"geometry":{"type":"LineString","coordinates":[[-0.6927,46.1717],[-0.6925,46.1720]]}},{"type":"Feature","properties":{"name":"La Courance"},"geometry":{"type":"LineString","coordinates":[[-0.6934,46.1545],[-0.6936,46.1546]]}},{"type":"Feature","properties":{"name":"La Courance"},"geometry":{"type":"LineString","coordinates":[[-0.6923,46.1513],[-0.6917,46.1530]]}},{"type":"Feature","properties":{"name":"La Courance"},"geometry":{"type":"LineString","coordinates":[[-0.6906,46.1640],[-0.6878,46.1658]]}},{"type":"Feature","properties":{"name":"La Courance"},"geometry":{"type":"LineString","coordinates":[[-0.6907,46.1640],[-0.6906,46.1640]]}},{"type":"Feature","properties":{"name":"La Courance"},"geometry":{"type":"LineString","coordinates":[[-0.6982,46.1863],[-0.6983,46.1863]]}},{"type":"Feature","properties":{"name":"La Courance"},"geometry":{"type":"LineString","coordinates":[[-0.6953,46.1821],[-0.6982,46.1863]]}},{"type":"Feature","properties":{"name":"La Courance"},"geometry":{"type":"LineString","coordinates":[[-0.6936,46.1708],[-0.6934,46.1710]]}},{"type":"Feature","properties":{"name":"La Courance"},"geometry":{"type":"LineString","coordinates":[[-0.6934,46.1710],[-0.6927,46.1717]]}},{"type":"Feature","properties":{"name":"La Courance"},"geometry":{"type":"LineString","coordinates":[[-0.6925,46.1720],[-0.6908,46.1742],[-0.6903,46.1767]]}},{"type":"Feature","properties":{"name":"La Courance"},"geometry":{"type":"LineString","coordinates":[[-0.6903,46.1767],[-0.6904,46.1769]]}},{"type":"Feature","properties":{"name":"La Courance"},"geometry":{"type":"LineString","coordinates":[[-0.6945,46.1699],[-0.6936,46.1708]]}},{"type":"Feature","properties":{"name":"La Courance"},"geometry":{"type":"LineString","coordinates":[[-0.6945,46.1697],[-0.6945,46.1699]]}},{"type":"Feature","properties":{"name":"La Courance"},"geometry":{"type":"LineString","coordinates":[[-0.6928,46.1682],[-0.6945,46.1697]]}},{"type":"Feature","properties":{"name":"La Courance"},"geometry":{"type":"LineString","coordinates":[[-0.6927,46.1682],[-0.6928,46.1682]]}},{"type":"Feature","properties":{"name":"La Courance"},"geometry":{"type":"LineString","coordinates":[[-0.6878,46.1658],[-0.6889,46.1662]]}},{"type":"Feature","properties":{"name":"La Courance"},"geometry":{"type":"LineString","coordinates":[[-0.6889,46.1662],[-0.6890,46.1663]]}},{"type":"Feature","properties":{"name":"La Courance"},"geometry":{"type":"LineString","coordinates":[[-0.6918,46.1532],[-0.6934,46.1545]]}},{"type":"Feature","properties":{"name":"La Courance"},"geometry":{"type":"LineString","coordinates":[[-0.6917,46.1530],[-0.6918,46.1532]]}},{"type":"Feature","properties":{"name":"La Béronne"},"geometry":{"type":"LineString","coordinates":[[-0.1184,46.2614],[-0.1279,46.2576],[-0.1296,46.2549],[-0.1322,46.2534],[-0.1350,46.2472],[-0.1388,46.2444],[-0.1418,46.2437],[-0.1430,46.2415],[-0.1425,46.2401],[-0.1449,46.2379],[-0.1440,46.2369],[-0.1445,46.2329],[-0.1462,46.2288],[-0.1491,46.2253],[-0.1491,46.2233]]}},{"type":"Feature","properties":{"name":"La Béronne"},"geometry":{"type":"LineString","coordinates":[[-0.1491,46.2233],[-0.1497,46.2225]]}},{"type":"Feature","properties":{"name":"La Béronne"},"geometry":{"type":"LineString","coordinates":[[-0.2139,46.1760],[-0.2159,46.1755]]}},{"type":"Feature","properties":{"name":"La Béronne"},"geometry":{"type":"LineString","coordinates":[[-0.2229,46.1763],[-0.2242,46.1757]]}},{"type":"Feature","properties":{"name":"La Béronne"},"geometry":{"type":"LineString","coordinates":[[-0.2215,46.1762],[-0.2243,46.1757],[-0.2263,46.1742],[-0.2287,46.1759]]}},{"type":"Feature","properties":{"name":"La Béronne"},"geometry":{"type":"LineString","coordinates":[[-0.2152,46.1753],[-0.2174,46.1754]]}},{"type":"Feature","properties":{"name":"La Béronne"},"geometry":{"type":"LineString","coordinates":[[-0.2393,46.1771],[-0.2396,46.1769]]}},{"type":"Feature","properties":{"name":"La Béronne"},"geometry":{"type":"LineString","coordinates":[[-0.2423,46.1748],[-0.2421,46.1723],[-0.2440,46.1705]]}},{"type":"Feature","properties":{"name":"La Béronne"},"geometry":{"type":"LineString","coordinates":[[-0.2419,46.1770],[-0.2419,46.1768]]}},{"type":"Feature","properties":{"name":"La Béronne"},"geometry":{"type":"LineString","coordinates":[[-0.2417,46.1720],[-0.2420,46.1719]]}},{"type":"Feature","properties":{"name":"La Béronne"},"geometry":{"type":"LineString","coordinates":[[-0.2568,46.1600],[-0.2570,46.1600]]}},{"type":"Feature","properties":{"name":"La Béronne"},"geometry":{"type":"LineString","coordinates":[[-0.2724,46.1556],[-0.2804,46.1571],[-0.2834,46.1546]]}},{"type":"Feature","properties":{"name":"La Béronne"},"geometry":{"type":"LineString","coordinates":[[-0.2805,46.1571],[-0.2830,46.1548]]}},{"type":"Feature","properties":{"name":"La Béronne"},"geometry":{"type":"LineString","coordinates":[[-0.2049,46.1841],[-0.2079,46.1832],[-0.2095,46.1813],[-0.2096,46.1802],[-0.2069,46.1790],[-0.2068,46.1780],[-0.2135,46.1779],[-0.2139,46.1760]]}},{"type":"Feature","properties":{"name":"La Béronne"},"geometry":{"type":"LineString","coordinates":[[-0.1731,46.2061],[-0.1746,46.2078],[-0.1774,46.2088],[-0.1849,46.2069],[-0.1870,46.2027],[-0.1893,46.2017],[-0.1932,46.2018],[-0.1949,46.1993]]}},{"type":"Feature","properties":{"name":"La Béronne"},"geometry":{"type":"LineString","coordinates":[[-0.2139,46.1760],[-0.2164,46.1753],[-0.2215,46.1762]]}},{"type":"Feature","properties":{"name":"La Béronne"},"geometry":{"type":"LineString","coordinates":[[-0.1501,46.2220],[-0.1489,46.2157],[-0.1471,46.2141],[-0.1503,46.2118],[-0.1507,46.2103]]}},{"type":"Feature","properties":{"name":"La Béronne"},"geometry":{"type":"LineString","coordinates":[[-0.1497,46.2225],[-0.1501,46.2220]]}},{"type":"Feature","properties":{"name":"La Béronne"},"geometry":{"type":"LineString","coordinates":[[-0.1507,46.2103],[-0.1511,46.2095]]}},{"type":"Feature","properties":{"name":"La Béronne"},"geometry":{"type":"LineString","coordinates":[[-0.1511,46.2095],[-0.1532,46.2076],[-0.1571,46.2067],[-0.1644,46.2070],[-0.1664,46.2080],[-0.1688,46.2067],[-0.1705,46.2070]]}},{"type":"Feature","properties":{"name":"La Béronne"},"geometry":{"type":"LineString","coordinates":[[-0.2572,46.1600],[-0.2593,46.1603]]}},{"type":"Feature","properties":{"name":"La Béronne"},"geometry":{"type":"LineString","coordinates":[[-0.2564,46.1611],[-0.2568,46.1596],[-0.2586,46.1594],[-0.2640,46.1624],[-0.2648,46.1599],[-0.2667,46.1591],[-0.2693,46.1562],[-0.2769,46.1544],[-0.2834,46.1546]]}},{"type":"Feature","properties":{"name":"La Béronne"},"geometry":{"type":"LineString","coordinates":[[-0.2564,46.1612],[-0.2564,46.1611]]}},{"type":"Feature","properties":{"name":"La Béronne"},"geometry":{"type":"LineString","coordinates":[[-0.2570,46.1600],[-0.2572,46.1600]]}},{"type":"Feature","properties":{"name":"La Béronne"},"geometry":{"type":"LineString","coordinates":[[-0.1949,46.1993],[-0.1946,46.1978],[-0.1905,46.1961],[-0.1898,46.1949],[-0.1957,46.1933],[-0.1958,46.1920],[-0.1974,46.1925],[-0.1989,46.1912],[-0.1998,46.1884],[-0.2025,46.1881],[-0.2014,46.1848],[-0.2049,46.1841]]}},{"type":"Feature","properties":{"name":"La Béronne"},"geometry":{"type":"LineString","coordinates":[[-0.1866,46.2036],[-0.1867,46.2034]]}},{"type":"Feature","properties":{"name":"La Béronne"},"geometry":{"type":"LineString","coordinates":[[-0.2834,46.1546],[-0.2845,46.1535],[-0.2883,46.1537],[-0.2915,46.1515],[-0.2975,46.1505],[-0.2977,46.1482],[-0.2987,46.1474]]}},{"type":"Feature","properties":{"name":"La Béronne"},"geometry":{"type":"LineString","coordinates":[[-0.2440,46.1705],[-0.2507,46.1681],[-0.2508,46.1672],[-0.2523,46.1668],[-0.2522,46.1651],[-0.2549,46.1643],[-0.2551,46.1622],[-0.2564,46.1612]]}},{"type":"Feature","properties":{"name":"La Béronne"},"geometry":{"type":"LineString","coordinates":[[-0.2287,46.1759],[-0.2292,46.1773],[-0.2322,46.1772],[-0.2345,46.1742]]}},{"type":"Feature","properties":{"name":"La Béronne"},"geometry":{"type":"LineString","coordinates":[[-0.2423,46.1748],[-0.2409,46.1727],[-0.2440,46.1705]]}},{"type":"Feature","properties":{"name":"La Béronne"},"geometry":{"type":"LineString","coordinates":[[-0.2400,46.1778],[-0.2419,46.1773],[-0.2423,46.1748]]}},{"type":"Feature","properties":{"name":"La Béronne"},"geometry":{"type":"LineString","coordinates":[[-0.2215,46.1762],[-0.2287,46.1759]]}},{"type":"Feature","properties":{"name":"La Béronne"},"geometry":{"type":"LineString","coordinates":[[-0.2345,46.1742],[-0.2353,46.1736],[-0.2400,46.1778]]}},{"type":"Feature","properties":{"name":"La Béronne"},"geometry":{"type":"LineString","coordinates":[[-0.1705,46.2070],[-0.1722,46.2071],[-0.1731,46.2061]]}},{"type":"Feature","properties":{"name":"La Béronne"},"geometry":{"type":"LineString","coordinates":[[-0.1948,46.2000],[-0.1948,46.1999]]}},{"type":"Feature","properties":{"name":"La Béronne"},"geometry":{"type":"LineString","coordinates":[[-0.1947,46.2000],[-0.1948,46.2000]]}},{"type":"Feature","properties":{"name":"La Béronne"},"geometry":{"type":"LineString","coordinates":[[-0.1947,46.2001],[-0.1947,46.2000]]}},{"type":"Feature","properties":{"name":"La Béronne"},"geometry":{"type":"LineString","coordinates":[[-0.1724,46.2060],[-0.1731,46.2061]]}},{"type":"Feature","properties":{"name":"La Béronne"},"geometry":{"type":"LineString","coordinates":[[-0.2433,46.1710],[-0.2428,46.1707]]}},{"type":"Feature","properties":{"name":"La Béronne"},"geometry":{"type":"LineString","coordinates":[[-0.2371,46.1748],[-0.2367,46.1752]]}},{"type":"Feature","properties":{"name":"La Béronne"},"geometry":{"type":"LineString","coordinates":[[-0.2288,46.1761],[-0.2291,46.1763]]}},{"type":"Feature","properties":{"name":"La Béronne"},"geometry":{"type":"LineString","coordinates":[[-0.2580,46.1597],[-0.2581,46.1596]]}},{"type":"Feature","properties":{"name":"La Béronne"},"geometry":{"type":"LineString","coordinates":[[-0.2560,46.1609],[-0.2562,46.1608]]}},{"type":"Feature","properties":{"name":"La Béronne"},"geometry":{"type":"LineString","coordinates":[[-0.2559,46.1610],[-0.2560,46.1609]]}},{"type":"Feature","properties":{"name":"La Béronne"},"geometry":{"type":"LineString","coordinates":[[-0.2558,46.1615],[-0.2559,46.1610]]}},{"type":"Feature","properties":{"name":"La Béronne"},"geometry":{"type":"LineString","coordinates":[[-0.1932,46.2018],[-0.1947,46.2001]]}},{"type":"Feature","properties":{"name":"La Béronne"},"geometry":{"type":"LineString","coordinates":[[-0.1864,46.2047],[-0.1866,46.2036]]}},{"type":"Feature","properties":{"name":"La Béronne"},"geometry":{"type":"LineString","coordinates":[[-0.1867,46.2034],[-0.1879,46.2024]]}},{"type":"Feature","properties":{"name":"La Béronne"},"geometry":{"type":"LineString","coordinates":[[-0.1957,46.1933],[-0.1979,46.1920]]}},{"type":"Feature","properties":{"name":"La Béronne"},"geometry":{"type":"LineString","coordinates":[[-0.1948,46.1999],[-0.1949,46.1993]]}},{"type":"Feature","properties":{"name":"La Béronne"},"geometry":{"type":"LineString","coordinates":[[-0.1940,46.1977],[-0.1911,46.1960],[-0.1918,46.1948]]}},{"type":"Feature","properties":{"name":"La Béronne"},"geometry":{"type":"LineString","coordinates":[[-0.1922,46.1944],[-0.1930,46.1941]]}},{"type":"Feature","properties":{"name":"La Béronne"},"geometry":{"type":"LineString","coordinates":[[-0.1918,46.1948],[-0.1922,46.1944]]}},{"type":"Feature","properties":{"name":"La Béronne"},"geometry":{"type":"LineString","coordinates":[[-0.1930,46.1940],[-0.1931,46.1939]]}},{"type":"Feature","properties":{"name":"La Béronne"},"geometry":{"type":"LineString","coordinates":[[-0.1930,46.1941],[-0.1930,46.1940]]}},{"type":"Feature","properties":{"name":"La Béronne"},"geometry":{"type":"LineString","coordinates":[[-0.1929,46.1938],[-0.1924,46.1932],[-0.1957,46.1922]]}},{"type":"Feature","properties":{"name":"Bras de la Charente"},"geometry":{"type":"LineString","coordinates":[[0.2487,45.9445],[0.2468,45.9456],[0.2456,45.9449],[0.2424,45.9424],[0.2429,45.9407]]}},{"type":"Feature","properties":{"name":"La Vieille Sèvre dite Bras de Sevreau"},"geometry":{"type":"LineString","coordinates":[[-0.5303,46.3134],[-0.5283,46.3129],[-0.5289,46.3118],[-0.5262,46.3107]]}},{"type":"Feature","properties":{"name":"La Vieille Sèvre dite Bras de Sevreau"},"geometry":{"type":"LineString","coordinates":[[-0.5779,46.2972],[-0.5803,46.2996],[-0.5800,46.3021],[-0.5863,46.3054]]}},{"type":"Feature","properties":{"name":"La Vieille Sèvre dite Bras de Sevreau"},"geometry":{"type":"LineString","coordinates":[[-0.5863,46.3054],[-0.5865,46.3055]]}},{"type":"Feature","properties":{"name":"La Vieille Sèvre dite Bras de Sevreau"},"geometry":{"type":"LineString","coordinates":[[-0.5758,46.2949],[-0.5778,46.2956],[-0.5779,46.2972]]}},{"type":"Feature","properties":{"name":"La Vieille Sèvre dite Bras de Sevreau"},"geometry":{"type":"LineString","coordinates":[[-0.5253,46.3098],[-0.5250,46.3074],[-0.5274,46.3044]]}},{"type":"Feature","properties":{"name":"La Vieille Sèvre dite Bras de Sevreau"},"geometry":{"type":"LineString","coordinates":[[-0.5280,46.3026],[-0.5277,46.3010]]}},{"type":"Feature","properties":{"name":"La Vieille Sèvre dite Bras de Sevreau"},"geometry":{"type":"LineString","coordinates":[[-0.5274,46.3044],[-0.5280,46.3026]]}},{"type":"Feature","properties":{"name":"La Vieille Sèvre dite Bras de Sevreau"},"geometry":{"type":"LineString","coordinates":[[-0.5277,46.3010],[-0.5288,46.2996],[-0.5351,46.2976]]}},{"type":"Feature","properties":{"name":"La Vieille Sèvre dite Bras de Sevreau"},"geometry":{"type":"LineString","coordinates":[[-0.5351,46.2976],[-0.5446,46.2945]]}},{"type":"Feature","properties":{"name":"La Vieille Sèvre dite Bras de Sevreau"},"geometry":{"type":"LineString","coordinates":[[-0.5446,46.2945],[-0.5507,46.2926],[-0.5525,46.2933]]}},{"type":"Feature","properties":{"name":"La Vieille Sèvre dite Bras de Sevreau"},"geometry":{"type":"LineString","coordinates":[[-0.5525,46.2933],[-0.5552,46.2928]]}},{"type":"Feature","properties":{"name":"La Vieille Sèvre dite Bras de Sevreau"},"geometry":{"type":"LineString","coordinates":[[-0.5552,46.2928],[-0.5556,46.2928]]}},{"type":"Feature","properties":{"name":"La Vieille Sèvre dite Bras de Sevreau"},"geometry":{"type":"LineString","coordinates":[[-0.5556,46.2928],[-0.5686,46.2900],[-0.5740,46.2928],[-0.5753,46.2948]]}},{"type":"Feature","properties":{"name":"La Vieille Sèvre dite Bras de Sevreau"},"geometry":{"type":"LineString","coordinates":[[-0.5753,46.2948],[-0.5758,46.2949]]}},{"type":"Feature","properties":{"name":"La Vieille Sèvre dite Bras de Sevreau"},"geometry":{"type":"LineString","coordinates":[[-0.5261,46.3105],[-0.5253,46.3098]]}},{"type":"Feature","properties":{"name":"La Vieille Sèvre dite Bras de Sevreau"},"geometry":{"type":"LineString","coordinates":[[-0.5297,46.3151],[-0.5303,46.3134]]}},{"type":"Feature","properties":{"name":"La Vieille Sèvre dite Bras de Sevreau"},"geometry":{"type":"LineString","coordinates":[[-0.5262,46.3107],[-0.5261,46.3105]]}},{"type":"Feature","properties":{"name":"Le Grand Lay"},"geometry":{"type":"LineString","coordinates":[[-0.8253,46.7311],[-0.8276,46.7293],[-0.8316,46.7307],[-0.8332,46.7324],[-0.8357,46.7327],[-0.8371,46.7337],[-0.8366,46.7344]]}},{"type":"Feature","properties":{"name":"Le Grand Lay"},"geometry":{"type":"LineString","coordinates":[[-0.8349,46.7334],[-0.8382,46.7358],[-0.8398,46.7350],[-0.8418,46.7368],[-0.8432,46.7363],[-0.8579,46.7447],[-0.8645,46.7436],[-0.8654,46.7444],[-0.8674,46.7440],[-0.8682,46.7448],[-0.8676,46.7463],[-0.8686,46.7488],[-0.8714,46.7488],[-0.8748,46.7514],[-0.8814,46.7537],[-0.8845,46.7518],[-0.8890,46.7525],[-0.8917,46.7552],[-0.8950,46.7529],[-0.8972,46.7531],[-0.8974,46.7550],[-0.9015,46.7536],[-0.9056,46.7568],[-0.9101,46.7585],[-0.9103,46.7604],[-0.9119,46.7616],[-0.9096,46.7626],[-0.9096,46.7647],[-0.9115,46.7648],[-0.9136,46.7633],[-0.9156,46.7637],[-0.9152,46.7677],[-0.9167,46.7690],[-0.9215,46.7680],[-0.9267,46.7694],[-0.9266,46.7686],[-0.9351,46.7666],[-0.9421,46.7673],[-0.9429,46.7659],[-0.9405,46.7627],[-0.9434,46.7609],[-0.9409,46.7569],[-0.9446,46.7554],[-0.9458,46.7528],[-0.9488,46.7525],[-0.9509,46.7513],[-0.9546,46.7464],[-0.9581,46.7444],[-0.9584,46.7430],[-0.9560,46.7422],[-0.9594,46.7410],[-0.9602,46.7396],[-0.9573,46.7359],[-0.9588,46.7359],[-0.9592,46.7344],[-0.9625,46.7334],[-0.9622,46.7308],[-0.9556,46.7283],[-0.9571,46.7268],[-0.9612,46.7259],[-0.9632,46.7240],[-0.9604,46.7211],[-0.9557,46.7182],[-0.9551,46.7163],[-0.9583,46.7134],[-0.9545,46.7130],[-0.9533,46.7119],[-0.9599,46.7081],[-0.9606,46.7066],[-0.9587,46.7026],[-0.9598,46.7009]]}},{"type":"Feature","properties":{"name":"Le Grand Lay"},"geometry":{"type":"LineString","coordinates":[[-0.8342,46.7332],[-0.8349,46.7334]]}},{"type":"Feature","properties":{"name":"Le Grand Lay"},"geometry":{"type":"LineString","coordinates":[[-0.7614,46.7142],[-0.7780,46.7197],[-0.7799,46.7188],[-0.7838,46.7194],[-0.7871,46.7181],[-0.7898,46.7208],[-0.7935,46.7210],[-0.7970,46.7199],[-0.7978,46.7215],[-0.8011,46.7231],[-0.8014,46.7243],[-0.8072,46.7236],[-0.8102,46.7251],[-0.8127,46.7236],[-0.8140,46.7246]]}},{"type":"Feature","properties":{"name":"Le Grand Lay"},"geometry":{"type":"LineString","coordinates":[[-0.7104,46.7095],[-0.7117,46.7113],[-0.7168,46.7125]]}},{"type":"Feature","properties":{"name":"Le Grand Lay"},"geometry":{"type":"LineString","coordinates":[[-0.7187,46.7129],[-0.7243,46.7141],[-0.7263,46.7134]]}},{"type":"Feature","properties":{"name":"Le Grand Lay"},"geometry":{"type":"LineString","coordinates":[[-0.7447,46.7118],[-0.7503,46.7150],[-0.7543,46.7141],[-0.7568,46.7149],[-0.7593,46.7136],[-0.7614,46.7142]]}},{"type":"Feature","properties":{"name":"Le Grand Lay"},"geometry":{"type":"LineString","coordinates":[[-0.7263,46.7134],[-0.7264,46.7134]]}},{"type":"Feature","properties":{"name":"Le Grand Lay"},"geometry":{"type":"LineString","coordinates":[[-0.8144,46.7247],[-0.8153,46.7245],[-0.8159,46.7268],[-0.8215,46.7279],[-0.8232,46.7310],[-0.8284,46.7303],[-0.8342,46.7332]]}},{"type":"Feature","properties":{"name":"Le Grand Lay"},"geometry":{"type":"LineString","coordinates":[[-0.8140,46.7246],[-0.8144,46.7247]]}},{"type":"Feature","properties":{"name":"Le Grand Lay"},"geometry":{"type":"LineString","coordinates":[[-0.8181,46.7274],[-0.8212,46.7290]]}},{"type":"Feature","properties":{"name":"Le Grand Lay"},"geometry":{"type":"LineString","coordinates":[[-0.8212,46.7290],[-0.8216,46.7291]]}},{"type":"Feature","properties":{"name":"Le Grand Lay"},"geometry":{"type":"LineString","coordinates":[[-0.8216,46.7291],[-0.8217,46.7291]]}},{"type":"Feature","properties":{"name":"Le Grand Lay"},"geometry":{"type":"LineString","coordinates":[[-0.7446,46.7118],[-0.7447,46.7118]]}},{"type":"Feature","properties":{"name":"Le Grand Lay"},"geometry":{"type":"LineString","coordinates":[[-0.7264,46.7134],[-0.7313,46.7129],[-0.7355,46.7110],[-0.7446,46.7118]]}},{"type":"Feature","properties":{"name":"La Dive"},"geometry":{"type":"LineString","coordinates":[[0.0344,46.2769],[0.0356,46.2782],[0.0375,46.2782],[0.0447,46.2753],[0.0486,46.2771],[0.0513,46.2802],[0.0576,46.2790]]}},{"type":"Feature","properties":{"name":"La Dive"},"geometry":{"type":"LineString","coordinates":[[-0.0199,46.8510],[-0.0216,46.8531],[-0.0167,46.8564],[-0.0180,46.8588],[-0.0175,46.8605],[-0.0188,46.8620],[-0.0161,46.8630],[-0.0111,46.8711],[-0.0084,46.8719]]}},{"type":"Feature","properties":{"name":"La Dive"},"geometry":{"type":"LineString","coordinates":[[0.0344,46.2768],[0.0344,46.2769]]}},{"type":"Feature","properties":{"name":"La Dive"},"geometry":{"type":"LineString","coordinates":[[0.0344,46.2769],[0.0356,46.2782],[0.0375,46.2782],[0.0448,46.2753],[0.0486,46.2771],[0.0513,46.2802],[0.0614,46.2785],[0.0665,46.2812],[0.0718,46.2822],[0.0781,46.2800],[0.0867,46.2825],[0.0893,46.2814],[0.0901,46.2799],[0.0915,46.2799],[0.0931,46.2844],[0.0912,46.2876],[0.0919,46.2886],[0.0975,46.2850],[0.1024,46.2856],[0.1118,46.2895],[0.1125,46.2920],[0.1094,46.2961],[0.1106,46.2984],[0.1143,46.2979],[0.1165,46.2959],[0.1175,46.2922],[0.1229,46.2909],[0.1233,46.2899],[0.1261,46.2912],[0.1320,46.2964],[0.1375,46.2975]]}},{"type":"Feature","properties":{"name":"La Dive"},"geometry":{"type":"LineString","coordinates":[[0.1375,46.2975],[0.1376,46.2978]]}},{"type":"Feature","properties":{"name":"La Dive"},"geometry":{"type":"LineString","coordinates":[[0.0296,46.2392],[0.0345,46.2436],[0.0335,46.2480],[0.0308,46.2503],[0.0247,46.2530],[0.0172,46.2545],[0.0141,46.2594],[0.0222,46.2692],[0.0257,46.2701]]}},{"type":"Feature","properties":{"name":"La Dive"},"geometry":{"type":"LineString","coordinates":[[0.0195,46.2322],[0.0268,46.2361],[0.0296,46.2392]]}},{"type":"Feature","properties":{"name":"La Dive"},"geometry":{"type":"LineString","coordinates":[[-0.0072,46.8222],[-0.0104,46.8225],[-0.0131,46.8207]]}},{"type":"Feature","properties":{"name":"La Dive"},"geometry":{"type":"LineString","coordinates":[[-0.0133,46.8206],[-0.0152,46.8190],[-0.0175,46.8196],[-0.0162,46.8235]]}},{"type":"Feature","properties":{"name":"La Dive"},"geometry":{"type":"LineString","coordinates":[[-0.0171,46.8207],[-0.0177,46.8221],[-0.0165,46.8238]]}},{"type":"Feature","properties":{"name":"La Dive"},"geometry":{"type":"LineString","coordinates":[[-0.0161,46.8236],[-0.0142,46.8266]]}},{"type":"Feature","properties":{"name":"La Dive"},"geometry":{"type":"LineString","coordinates":[[-0.0165,46.8240],[-0.0138,46.8274]]}},{"type":"Feature","properties":{"name":"La Dive"},"geometry":{"type":"LineString","coordinates":[[-0.0141,46.8267],[-0.0139,46.8273]]}},{"type":"Feature","properties":{"name":"La Dive"},"geometry":{"type":"LineString","coordinates":[[-0.0137,46.8274],[-0.0094,46.8314]]}},{"type":"Feature","properties":{"name":"La Dive"},"geometry":{"type":"LineString","coordinates":[[-0.0092,46.8315],[-0.0098,46.8330]]}},{"type":"Feature","properties":{"name":"La Dive"},"geometry":{"type":"LineString","coordinates":[[-0.0106,46.8347],[-0.0121,46.8381]]}},{"type":"Feature","properties":{"name":"La Dive"},"geometry":{"type":"LineString","coordinates":[[-0.0101,46.8330],[-0.0121,46.8349],[-0.0121,46.8381]]}},{"type":"Feature","properties":{"name":"La Dive"},"geometry":{"type":"LineString","coordinates":[[-0.0120,46.8383],[-0.0125,46.8395]]}},{"type":"Feature","properties":{"name":"La Dive"},"geometry":{"type":"LineString","coordinates":[[-0.0126,46.8397],[-0.0129,46.8421],[-0.0112,46.8449],[-0.0117,46.8453]]}},{"type":"Feature","properties":{"name":"La Dive"},"geometry":{"type":"LineString","coordinates":[[-0.0126,46.8397],[-0.0132,46.8427],[-0.0117,46.8453]]}},{"type":"Feature","properties":{"name":"La Dive"},"geometry":{"type":"LineString","coordinates":[[-0.0117,46.8454],[-0.0112,46.8459],[-0.0121,46.8466]]}},{"type":"Feature","properties":{"name":"La Dive"},"geometry":{"type":"LineString","coordinates":[[0.0257,46.2701],[0.0284,46.2700],[0.0325,46.2724],[0.0344,46.2768]]}},{"type":"Feature","properties":{"name":"La Dive"},"geometry":{"type":"LineString","coordinates":[[-0.0098,46.8330],[-0.0105,46.8346]]}},{"type":"Feature","properties":{"name":"La Dive"},"geometry":{"type":"LineString","coordinates":[[-0.0138,46.8274],[-0.0137,46.8274]]}},{"type":"Feature","properties":{"name":"La Boutonne"},"geometry":{"type":"LineString","coordinates":[[-0.4505,45.9915],[-0.4486,45.9908],[-0.4482,45.9893],[-0.4505,45.9864],[-0.4534,45.9852],[-0.4525,45.9831],[-0.4538,45.9810],[-0.4556,45.9802],[-0.4560,45.9783],[-0.4548,45.9776],[-0.4600,45.9729],[-0.4599,45.9617],[-0.4614,45.9585],[-0.4628,45.9566],[-0.4727,45.9507],[-0.4731,45.9490],[-0.4760,45.9464],[-0.4890,45.9396],[-0.4929,45.9356],[-0.4962,45.9341],[-0.5009,45.9337],[-0.5016,45.9317],[-0.5118,45.9324],[-0.5150,45.9339],[-0.5179,45.9329],[-0.5261,45.9365]]}},{"type":"Feature","properties":{"name":"La Boutonne"},"geometry":{"type":"LineString","coordinates":[[-0.4534,45.9847],[-0.4547,45.9815],[-0.4597,45.9772],[-0.4600,45.9729]]}},{"type":"Feature","properties":{"name":"La Boutonne"},"geometry":{"type":"LineString","coordinates":[[-0.4598,45.9681],[-0.4589,45.9682],[-0.4585,45.9646],[-0.4600,45.9614]]}},{"type":"Feature","properties":{"name":"La Boutonne"},"geometry":{"type":"LineString","coordinates":[[-0.4574,45.9750],[-0.4574,45.9726],[-0.4593,45.9716],[-0.4601,45.9697]]}},{"type":"Feature","properties":{"name":"La Boutonne"},"geometry":{"type":"LineString","coordinates":[[-0.2807,46.1476],[-0.2812,46.1474]]}},{"type":"Feature","properties":{"name":"La Boutonne"},"geometry":{"type":"LineString","coordinates":[[-0.2488,46.1565],[-0.2505,46.1563]]}},{"type":"Feature","properties":{"name":"La Boutonne"},"geometry":{"type":"LineString","coordinates":[[-0.2540,46.1569],[-0.2540,46.1569]]}},{"type":"Feature","properties":{"name":"La Boutonne"},"geometry":{"type":"LineString","coordinates":[[-0.2500,46.1566],[-0.2501,46.1566]]}},{"type":"Feature","properties":{"name":"La Boutonne"},"geometry":{"type":"LineString","coordinates":[[-0.2415,46.1536],[-0.2466,46.1558]]}},{"type":"Feature","properties":{"name":"La Boutonne"},"geometry":{"type":"LineString","coordinates":[[-0.2463,46.1555],[-0.2467,46.1562]]}},{"type":"Feature","properties":{"name":"La Boutonne"},"geometry":{"type":"LineString","coordinates":[[-0.2324,46.1529],[-0.2405,46.1577],[-0.2433,46.1561],[-0.2465,46.1569]]}},{"type":"Feature","properties":{"name":"La Boutonne"},"geometry":{"type":"LineString","coordinates":[[-0.2814,46.1476],[-0.2872,46.1482],[-0.2901,46.1456],[-0.3005,46.1468],[-0.3058,46.1432]]}},{"type":"Feature","properties":{"name":"La Boutonne"},"geometry":{"type":"LineString","coordinates":[[-0.3060,46.1431],[-0.3054,46.1427]]}},{"type":"Feature","properties":{"name":"La Boutonne"},"geometry":{"type":"LineString","coordinates":[[-0.3054,46.1435],[-0.3053,46.1393],[-0.3056,46.1378],[-0.3066,46.1377]]}},{"type":"Feature","properties":{"name":"La Boutonne"},"geometry":{"type":"LineString","coordinates":[[-0.3058,46.1432],[-0.3068,46.1424],[-0.3062,46.1381],[-0.3099,46.1334]]}},{"type":"Feature","properties":{"name":"La Boutonne"},"geometry":{"type":"LineString","coordinates":[[-0.5414,45.9523],[-0.5449,45.9532],[-0.5476,45.9553],[-0.5574,45.9555],[-0.5754,45.9533],[-0.6003,45.9558],[-0.6012,45.9569],[-0.6117,45.9574],[-0.6353,45.9487],[-0.6374,45.9503],[-0.6458,45.9505]]}},{"type":"Feature","properties":{"name":"La Boutonne"},"geometry":{"type":"LineString","coordinates":[[-0.7174,45.9615],[-0.7228,45.9570],[-0.7246,45.9538],[-0.7246,45.9502],[-0.7309,45.9475],[-0.7291,45.9432],[-0.7300,45.9407],[-0.7399,45.9319],[-0.7537,45.9241],[-0.7772,45.9204],[-0.7844,45.9226],[-0.7958,45.9226],[-0.8032,45.9254],[-0.8140,45.9250],[-0.8198,45.9225],[-0.8269,45.9154],[-0.8260,45.9086]]}},{"type":"Feature","properties":{"name":"La Boutonne"},"geometry":{"type":"LineString","coordinates":[[-0.6458,45.9505],[-0.6484,45.9503],[-0.6501,45.9529],[-0.6543,45.9528],[-0.6548,45.9543],[-0.6571,45.9551],[-0.6650,45.9553],[-0.6762,45.9534],[-0.6916,45.9592],[-0.6953,45.9636],[-0.7015,45.9653],[-0.7073,45.9647],[-0.7174,45.9615]]}},{"type":"Feature","properties":{"name":"La Boutonne"},"geometry":{"type":"LineString","coordinates":[[-0.1795,46.1263],[-0.1824,46.1260],[-0.1853,46.1272]]}},{"type":"Feature","properties":{"name":"La Boutonne"},"geometry":{"type":"LineString","coordinates":[[-0.1853,46.1272],[-0.1855,46.1273]]}},{"type":"Feature","properties":{"name":"La Boutonne"},"geometry":{"type":"LineString","coordinates":[[-0.1855,46.1273],[-0.1861,46.1286]]}},{"type":"Feature","properties":{"name":"La Boutonne"},"geometry":{"type":"LineString","coordinates":[[-0.1795,46.1263],[-0.1797,46.1265]]}},{"type":"Feature","properties":{"name":"La Boutonne"},"geometry":{"type":"LineString","coordinates":[[-0.1797,46.1265],[-0.1840,46.1290],[-0.1836,46.1297],[-0.1873,46.1327],[-0.1899,46.1365]]}},{"type":"Feature","properties":{"name":"La Boutonne"},"geometry":{"type":"LineString","coordinates":[[-0.2174,46.1388],[-0.2175,46.1387]]}},{"type":"Feature","properties":{"name":"La Boutonne"},"geometry":{"type":"LineString","coordinates":[[-0.2174,46.1388],[-0.2172,46.1391]]}},{"type":"Feature","properties":{"name":"La Boutonne"},"geometry":{"type":"LineString","coordinates":[[-0.1899,46.1365],[-0.1958,46.1390],[-0.1979,46.1368],[-0.2003,46.1389],[-0.2000,46.1396],[-0.2065,46.1420]]}},{"type":"Feature","properties":{"name":"La Boutonne"},"geometry":{"type":"LineString","coordinates":[[-0.3099,46.1334],[-0.3142,46.1312],[-0.3140,46.1298],[-0.3151,46.1288],[-0.3142,46.1270],[-0.3151,46.1242]]}},{"type":"Feature","properties":{"name":"La Boutonne"},"geometry":{"type":"LineString","coordinates":[[-0.2813,46.1474],[-0.2820,46.1475]]}},{"type":"Feature","properties":{"name":"La Boutonne"},"geometry":{"type":"LineString","coordinates":[[-0.2812,46.1474],[-0.2813,46.1474]]}},{"type":"Feature","properties":{"name":"La Boutonne"},"geometry":{"type":"LineString","coordinates":[[-0.3012,46.1450],[-0.3014,46.1449]]}},{"type":"Feature","properties":{"name":"La Boutonne"},"geometry":{"type":"LineString","coordinates":[[-0.3011,46.1451],[-0.3012,46.1450]]}},{"type":"Feature","properties":{"name":"La Boutonne"},"geometry":{"type":"LineString","coordinates":[[-0.3014,46.1449],[-0.3058,46.1432]]}},{"type":"Feature","properties":{"name":"La Boutonne"},"geometry":{"type":"LineString","coordinates":[[-0.3010,46.1451],[-0.3011,46.1451]]}},{"type":"Feature","properties":{"name":"La Boutonne"},"geometry":{"type":"LineString","coordinates":[[-0.2983,46.1463],[-0.3010,46.1451]]}},{"type":"Feature","properties":{"name":"La Boutonne"},"geometry":{"type":"LineString","coordinates":[[-0.2982,46.1463],[-0.2983,46.1463]]}},{"type":"Feature","properties":{"name":"La Boutonne"},"geometry":{"type":"LineString","coordinates":[[-0.2968,46.1462],[-0.2982,46.1463]]}},{"type":"Feature","properties":{"name":"La Boutonne"},"geometry":{"type":"LineString","coordinates":[[-0.2967,46.1462],[-0.2968,46.1462]]}},{"type":"Feature","properties":{"name":"La Boutonne"},"geometry":{"type":"LineString","coordinates":[[-0.2466,46.1558],[-0.2467,46.1561]]}},{"type":"Feature","properties":{"name":"La Boutonne"},"geometry":{"type":"LineString","coordinates":[[-0.2501,46.1566],[-0.2503,46.1566]]}},{"type":"Feature","properties":{"name":"La Boutonne"},"geometry":{"type":"LineString","coordinates":[[-0.2503,46.1566],[-0.2509,46.1567]]}},{"type":"Feature","properties":{"name":"La Boutonne"},"geometry":{"type":"LineString","coordinates":[[-0.2540,46.1569],[-0.2543,46.1570]]}},{"type":"Feature","properties":{"name":"La Boutonne"},"geometry":{"type":"LineString","coordinates":[[-0.2543,46.1570],[-0.2583,46.1571]]}},{"type":"Feature","properties":{"name":"La Boutonne"},"geometry":{"type":"LineString","coordinates":[[-0.3455,46.1151],[-0.3452,46.1120],[-0.3436,46.1117],[-0.3423,46.1086],[-0.3441,46.1057],[-0.3497,46.1037],[-0.3507,46.1049]]}},{"type":"Feature","properties":{"name":"La Boutonne"},"geometry":{"type":"LineString","coordinates":[[-0.3439,46.1160],[-0.3448,46.1136],[-0.3458,46.1135]]}},{"type":"Feature","properties":{"name":"La Boutonne"},"geometry":{"type":"LineString","coordinates":[[-0.3441,46.1057],[-0.3453,46.1050]]}},{"type":"Feature","properties":{"name":"La Boutonne"},"geometry":{"type":"LineString","coordinates":[[-0.3456,46.1050],[-0.3464,46.1048]]}},{"type":"Feature","properties":{"name":"La Boutonne"},"geometry":{"type":"LineString","coordinates":[[-0.3453,46.1050],[-0.3456,46.1050]]}},{"type":"Feature","properties":{"name":"La Boutonne"},"geometry":{"type":"LineString","coordinates":[[-0.2876,46.1478],[-0.2958,46.1466]]}},{"type":"Feature","properties":{"name":"La Boutonne"},"geometry":{"type":"LineString","coordinates":[[-0.2811,46.1476],[-0.2814,46.1476]]}},{"type":"Feature","properties":{"name":"La Boutonne"},"geometry":{"type":"LineString","coordinates":[[-0.2838,46.1476],[-0.2850,46.1475],[-0.2856,46.1461],[-0.2893,46.1466],[-0.2911,46.1449],[-0.2967,46.1462]]}},{"type":"Feature","properties":{"name":"La Boutonne"},"geometry":{"type":"LineString","coordinates":[[-0.3455,46.1152],[-0.3455,46.1151]]}},{"type":"Feature","properties":{"name":"La Boutonne"},"geometry":{"type":"LineString","coordinates":[[-0.3260,46.1136],[-0.3297,46.1128],[-0.3373,46.1134]]}},{"type":"Feature","properties":{"name":"La Boutonne"},"geometry":{"type":"LineString","coordinates":[[-0.0660,46.1129],[-0.0660,46.1129]]}},{"type":"Feature","properties":{"name":"La Boutonne"},"geometry":{"type":"LineString","coordinates":[[-0.0685,46.1109],[-0.0688,46.1111]]}},{"type":"Feature","properties":{"name":"La Boutonne"},"geometry":{"type":"LineString","coordinates":[[-0.0673,46.1122],[-0.0674,46.1121]]}},{"type":"Feature","properties":{"name":"La Boutonne"},"geometry":{"type":"LineString","coordinates":[[-0.0674,46.1121],[-0.0688,46.1111]]}},{"type":"Feature","properties":{"name":"La Boutonne"},"geometry":{"type":"LineString","coordinates":[[-0.0660,46.1129],[-0.0662,46.1128]]}},{"type":"Feature","properties":{"name":"La Boutonne"},"geometry":{"type":"LineString","coordinates":[[-0.0662,46.1128],[-0.0673,46.1122]]}},{"type":"Feature","properties":{"name":"La Boutonne"},"geometry":{"type":"LineString","coordinates":[[-0.0704,46.1116],[-0.0705,46.1118]]}},{"type":"Feature","properties":{"name":"La Boutonne"},"geometry":{"type":"LineString","coordinates":[[-0.0705,46.1118],[-0.0724,46.1132],[-0.0735,46.1130]]}},{"type":"Feature","properties":{"name":"La Boutonne"},"geometry":{"type":"LineString","coordinates":[[-0.0735,46.1130],[-0.0737,46.1131]]}},{"type":"Feature","properties":{"name":"La Boutonne"},"geometry":{"type":"LineString","coordinates":[[-0.0737,46.1131],[-0.0770,46.1112],[-0.0825,46.1114]]}},{"type":"Feature","properties":{"name":"La Boutonne"},"geometry":{"type":"LineString","coordinates":[[-0.0841,46.1092],[-0.0842,46.1089]]}},{"type":"Feature","properties":{"name":"La Boutonne"},"geometry":{"type":"LineString","coordinates":[[-0.0842,46.1089],[-0.0843,46.1081],[-0.0860,46.1075]]}},{"type":"Feature","properties":{"name":"La Boutonne"},"geometry":{"type":"LineString","coordinates":[[-0.0790,46.1117],[-0.0827,46.1117],[-0.0855,46.1088]]}},{"type":"Feature","properties":{"name":"La Boutonne"},"geometry":{"type":"LineString","coordinates":[[-0.0861,46.1086],[-0.0871,46.1078]]}},{"type":"Feature","properties":{"name":"La Boutonne"},"geometry":{"type":"LineString","coordinates":[[-0.0860,46.1086],[-0.0861,46.1086]]}},{"type":"Feature","properties":{"name":"La Boutonne"},"geometry":{"type":"LineString","coordinates":[[-0.0855,46.1088],[-0.0856,46.1088]]}},{"type":"Feature","properties":{"name":"La Boutonne"},"geometry":{"type":"LineString","coordinates":[[-0.0856,46.1088],[-0.0860,46.1086]]}},{"type":"Feature","properties":{"name":"La Boutonne"},"geometry":{"type":"LineString","coordinates":[[-0.0863,46.1074],[-0.0891,46.1072],[-0.0921,46.1050],[-0.0950,46.1043],[-0.0986,46.1041],[-0.1029,46.1065]]}},{"type":"Feature","properties":{"name":"La Boutonne"},"geometry":{"type":"LineString","coordinates":[[-0.0860,46.1075],[-0.0863,46.1074]]}},{"type":"Feature","properties":{"name":"La Boutonne"},"geometry":{"type":"LineString","coordinates":[[-0.1029,46.1065],[-0.1031,46.1065]]}},{"type":"Feature","properties":{"name":"La Boutonne"},"geometry":{"type":"LineString","coordinates":[[-0.1031,46.1065],[-0.1075,46.1063],[-0.1089,46.1083],[-0.1139,46.1104]]}},{"type":"Feature","properties":{"name":"La Boutonne"},"geometry":{"type":"LineString","coordinates":[[-0.1029,46.1064],[-0.1045,46.1058]]}},{"type":"Feature","properties":{"name":"La Boutonne"},"geometry":{"type":"LineString","coordinates":[[-0.1142,46.1105],[-0.1215,46.1109],[-0.1257,46.1122]]}},{"type":"Feature","properties":{"name":"La Boutonne"},"geometry":{"type":"LineString","coordinates":[[-0.1139,46.1104],[-0.1142,46.1105]]}},{"type":"Feature","properties":{"name":"La Boutonne"},"geometry":{"type":"LineString","coordinates":[[-0.1265,46.1124],[-0.1302,46.1157],[-0.1302,46.1167],[-0.1332,46.1162],[-0.1362,46.1171],[-0.1371,46.1193],[-0.1366,46.1216],[-0.1396,46.1225],[-0.1429,46.1251],[-0.1487,46.1234],[-0.1495,46.1241],[-0.1503,46.1231],[-0.1520,46.1234],[-0.1559,46.1205],[-0.1598,46.1199],[-0.1644,46.1221],[-0.1699,46.1228],[-0.1752,46.1267],[-0.1795,46.1263]]}},{"type":"Feature","properties":{"name":"La Boutonne"},"geometry":{"type":"LineString","coordinates":[[-0.1264,46.1123],[-0.1265,46.1124]]}},{"type":"Feature","properties":{"name":"La Boutonne"},"geometry":{"type":"LineString","coordinates":[[-0.1259,46.1123],[-0.1264,46.1123]]}},{"type":"Feature","properties":{"name":"La Boutonne"},"geometry":{"type":"LineString","coordinates":[[-0.1257,46.1122],[-0.1259,46.1123]]}},{"type":"Feature","properties":{"name":"La Boutonne"},"geometry":{"type":"LineString","coordinates":[[-0.1208,46.1108],[-0.1211,46.1119],[-0.1281,46.1144]]}},{"type":"Feature","properties":{"name":"La Boutonne"},"geometry":{"type":"LineString","coordinates":[[-0.1310,46.1169],[-0.1317,46.1175],[-0.1306,46.1182],[-0.1332,46.1204],[-0.1353,46.1213],[-0.1364,46.1208]]}},{"type":"Feature","properties":{"name":"La Boutonne"},"geometry":{"type":"LineString","coordinates":[[-0.2065,46.1420],[-0.2129,46.1449],[-0.2157,46.1434],[-0.2174,46.1436]]}},{"type":"Feature","properties":{"name":"La Boutonne"},"geometry":{"type":"LineString","coordinates":[[-0.2178,46.1438],[-0.2282,46.1475],[-0.2315,46.1507],[-0.2377,46.1512],[-0.2415,46.1536]]}},{"type":"Feature","properties":{"name":"La Boutonne"},"geometry":{"type":"LineString","coordinates":[[-0.2174,46.1436],[-0.2255,46.1490],[-0.2258,46.1509],[-0.2278,46.1529],[-0.2319,46.1532]]}},{"type":"Feature","properties":{"name":"La Boutonne"},"geometry":{"type":"LineString","coordinates":[[-0.2605,46.1566],[-0.2671,46.1576],[-0.2686,46.1570]]}},{"type":"Feature","properties":{"name":"La Boutonne"},"geometry":{"type":"LineString","coordinates":[[-0.3151,46.1242],[-0.3153,46.1227]]}},{"type":"Feature","properties":{"name":"La Boutonne"},"geometry":{"type":"LineString","coordinates":[[-0.2505,46.1563],[-0.2590,46.1573],[-0.2623,46.1552],[-0.2614,46.1522],[-0.2669,46.1492],[-0.2736,46.1472],[-0.2811,46.1476]]}},{"type":"Feature","properties":{"name":"La Boutonne"},"geometry":{"type":"LineString","coordinates":[[-0.2465,46.1569],[-0.2488,46.1565]]}},{"type":"Feature","properties":{"name":"La Boutonne"},"geometry":{"type":"LineString","coordinates":[[-0.2488,46.1565],[-0.2505,46.1563]]}},{"type":"Feature","properties":{"name":"La Boutonne"},"geometry":{"type":"LineString","coordinates":[[-0.3153,46.1227],[-0.3163,46.1195],[-0.3260,46.1136]]}},{"type":"Feature","properties":{"name":"La Boutonne"},"geometry":{"type":"LineString","coordinates":[[-0.3260,46.1136],[-0.3274,46.1114],[-0.3288,46.1112],[-0.3332,46.1114],[-0.3373,46.1134]]}},{"type":"Feature","properties":{"name":"La Boutonne"},"geometry":{"type":"LineString","coordinates":[[-0.2579,46.1486],[-0.2579,46.1486]]}},{"type":"Feature","properties":{"name":"La Boutonne"},"geometry":{"type":"LineString","coordinates":[[-0.2613,46.1523],[-0.2612,46.1523]]}},{"type":"Feature","properties":{"name":"La Boutonne"},"geometry":{"type":"LineString","coordinates":[[-0.2579,46.1486],[-0.2651,46.1502]]}},{"type":"Feature","properties":{"name":"La Boutonne"},"geometry":{"type":"LineString","coordinates":[[-0.2612,46.1523],[-0.2578,46.1521],[-0.2579,46.1486]]}},{"type":"Feature","properties":{"name":"La Boutonne"},"geometry":{"type":"LineString","coordinates":[[-0.1703,46.1237],[-0.1711,46.1239]]}},{"type":"Feature","properties":{"name":"La Boutonne"},"geometry":{"type":"LineString","coordinates":[[-0.4399,46.0470],[-0.4372,46.0414],[-0.4343,46.0402],[-0.4331,46.0378],[-0.4305,46.0370],[-0.4265,46.0320],[-0.4245,46.0312],[-0.4240,46.0297],[-0.4246,46.0281],[-0.4303,46.0249],[-0.4304,46.0240],[-0.4297,46.0240],[-0.4302,46.0227],[-0.4342,46.0187],[-0.4367,46.0135]]}},{"type":"Feature","properties":{"name":"La Boutonne"},"geometry":{"type":"LineString","coordinates":[[-0.4400,46.0471],[-0.4399,46.0470]]}},{"type":"Feature","properties":{"name":"La Boutonne"},"geometry":{"type":"LineString","coordinates":[[-0.4405,46.0659],[-0.4409,46.0595],[-0.4423,46.0576],[-0.4400,46.0557],[-0.4415,46.0511],[-0.4401,46.0498],[-0.4394,46.0476],[-0.4400,46.0471]]}},{"type":"Feature","properties":{"name":"La Boutonne"},"geometry":{"type":"LineString","coordinates":[[-0.4405,46.0660],[-0.4405,46.0659]]}},{"type":"Feature","properties":{"name":"La Boutonne"},"geometry":{"type":"LineString","coordinates":[[-0.4333,46.0668],[-0.4355,46.0674],[-0.4405,46.0660]]}},{"type":"Feature","properties":{"name":"La Boutonne"},"geometry":{"type":"LineString","coordinates":[[-0.4325,46.0667],[-0.4333,46.0668]]}},{"type":"Feature","properties":{"name":"La Boutonne"},"geometry":{"type":"LineString","coordinates":[[-0.4258,46.0636],[-0.4325,46.0667]]}},{"type":"Feature","properties":{"name":"La Boutonne"},"geometry":{"type":"LineString","coordinates":[[-0.4255,46.0635],[-0.4258,46.0636]]}},{"type":"Feature","properties":{"name":"La Boutonne"},"geometry":{"type":"LineString","coordinates":[[-0.4160,46.0671],[-0.4177,46.0635],[-0.4255,46.0635]]}},{"type":"Feature","properties":{"name":"La Boutonne"},"geometry":{"type":"LineString","coordinates":[[-0.4160,46.0673],[-0.4160,46.0671]]}},{"type":"Feature","properties":{"name":"La Boutonne"},"geometry":{"type":"LineString","coordinates":[[-0.4172,46.0714],[-0.4157,46.0692],[-0.4160,46.0673]]}},{"type":"Feature","properties":{"name":"La Boutonne"},"geometry":{"type":"LineString","coordinates":[[-0.4194,46.0761],[-0.4184,46.0722],[-0.4172,46.0714]]}},{"type":"Feature","properties":{"name":"La Boutonne"},"geometry":{"type":"LineString","coordinates":[[-0.4192,46.0769],[-0.4193,46.0768]]}},{"type":"Feature","properties":{"name":"La Boutonne"},"geometry":{"type":"LineString","coordinates":[[-0.4098,46.0784],[-0.4148,46.0822],[-0.4194,46.0813]]}},{"type":"Feature","properties":{"name":"La Boutonne"},"geometry":{"type":"LineString","coordinates":[[-0.4022,46.0811],[-0.4026,46.0796],[-0.4079,46.0784],[-0.4116,46.0790]]}},{"type":"Feature","properties":{"name":"La Boutonne"},"geometry":{"type":"LineString","coordinates":[[-0.4013,46.0834],[-0.4022,46.0811]]}},{"type":"Feature","properties":{"name":"La Boutonne"},"geometry":{"type":"LineString","coordinates":[[-0.4010,46.0843],[-0.4013,46.0834]]}},{"type":"Feature","properties":{"name":"La Boutonne"},"geometry":{"type":"LineString","coordinates":[[-0.3926,46.0934],[-0.3934,46.0906],[-0.3990,46.0870],[-0.4010,46.0843]]}},{"type":"Feature","properties":{"name":"La Boutonne"},"geometry":{"type":"LineString","coordinates":[[-0.3868,46.0979],[-0.3926,46.0934]]}},{"type":"Feature","properties":{"name":"La Boutonne"},"geometry":{"type":"LineString","coordinates":[[-0.3824,46.0964],[-0.3831,46.0981],[-0.3868,46.0979]]}},{"type":"Feature","properties":{"name":"La Boutonne"},"geometry":{"type":"LineString","coordinates":[[-0.3823,46.0956],[-0.3822,46.0957]]}},{"type":"Feature","properties":{"name":"La Boutonne"},"geometry":{"type":"LineString","coordinates":[[-0.3822,46.0957],[-0.3821,46.0959]]}},{"type":"Feature","properties":{"name":"La Boutonne"},"geometry":{"type":"LineString","coordinates":[[-0.3823,46.0956],[-0.3824,46.0964]]}},{"type":"Feature","properties":{"name":"La Boutonne"},"geometry":{"type":"LineString","coordinates":[[-0.3821,46.0959],[-0.3823,46.0962]]}},{"type":"Feature","properties":{"name":"La Boutonne"},"geometry":{"type":"LineString","coordinates":[[-0.3507,46.1049],[-0.3558,46.1033],[-0.3579,46.1036],[-0.3619,46.1018],[-0.3634,46.1028],[-0.3661,46.1023],[-0.3701,46.0995],[-0.3714,46.1002],[-0.3725,46.0955],[-0.3743,46.0935],[-0.3812,46.0931],[-0.3822,46.0941]]}},{"type":"Feature","properties":{"name":"La Boutonne"},"geometry":{"type":"LineString","coordinates":[[-0.4363,46.0126],[-0.4376,46.0067],[-0.4411,46.0045],[-0.4439,46.0011],[-0.4443,45.9987],[-0.4460,45.9983],[-0.4469,45.9949],[-0.4505,45.9915]]}},{"type":"Feature","properties":{"name":"La Boutonne"},"geometry":{"type":"LineString","coordinates":[[-0.4364,46.0128],[-0.4363,46.0126]]}},{"type":"Feature","properties":{"name":"La Boutonne"},"geometry":{"type":"LineString","coordinates":[[-0.4367,46.0134],[-0.4364,46.0128]]}},{"type":"Feature","properties":{"name":"La Boutonne"},"geometry":{"type":"LineString","coordinates":[[-0.4367,46.0135],[-0.4367,46.0134]]}},{"type":"Feature","properties":{"name":"La Boutonne"},"geometry":{"type":"LineString","coordinates":[[-0.2174,46.1436],[-0.2175,46.1437]]}},{"type":"Feature","properties":{"name":"La Boutonne"},"geometry":{"type":"LineString","coordinates":[[-0.2175,46.1437],[-0.2178,46.1438]]}},{"type":"Feature","properties":{"name":"La Boutonne"},"geometry":{"type":"LineString","coordinates":[[-0.4177,46.0820],[-0.4189,46.0816]]}},{"type":"Feature","properties":{"name":"La Boutonne"},"geometry":{"type":"LineString","coordinates":[[-0.4182,46.0821],[-0.4194,46.0813]]}},{"type":"Feature","properties":{"name":"La Boutonne"},"geometry":{"type":"LineString","coordinates":[[-0.0683,46.1109],[-0.0685,46.1109]]}},{"type":"Feature","properties":{"name":"La Boutonne"},"geometry":{"type":"LineString","coordinates":[[-0.5414,45.9523],[-0.5414,45.9523]]}},{"type":"Feature","properties":{"name":"La Boutonne"},"geometry":{"type":"LineString","coordinates":[[-0.5336,45.9449],[-0.5382,45.9509],[-0.5414,45.9523]]}},{"type":"Feature","properties":{"name":"La Boutonne"},"geometry":{"type":"LineString","coordinates":[[-0.4393,46.0144],[-0.4404,46.0138],[-0.4401,46.0123]]}},{"type":"Feature","properties":{"name":"La Boutonne"},"geometry":{"type":"LineString","coordinates":[[-0.4415,46.0109],[-0.4402,46.0091]]}},{"type":"Feature","properties":{"name":"La Boutonne"},"geometry":{"type":"LineString","coordinates":[[-0.4415,46.0109],[-0.4425,46.0084],[-0.4412,46.0062]]}},{"type":"Feature","properties":{"name":"La Boutonne"},"geometry":{"type":"LineString","coordinates":[[-0.4394,46.0079],[-0.4391,46.0058]]}},{"type":"Feature","properties":{"name":"La Boutonne"},"geometry":{"type":"LineString","coordinates":[[-0.4403,46.0087],[-0.4391,46.0077]]}},{"type":"Feature","properties":{"name":"La Boutonne"},"geometry":{"type":"LineString","coordinates":[[-0.4373,46.0108],[-0.4382,46.0102],[-0.4378,46.0093]]}},{"type":"Feature","properties":{"name":"La Boutonne"},"geometry":{"type":"LineString","coordinates":[[-0.4372,46.0107],[-0.4372,46.0105]]}},{"type":"Feature","properties":{"name":"La Boutonne"},"geometry":{"type":"LineString","coordinates":[[-0.4372,46.0141],[-0.4372,46.0107]]}},{"type":"Feature","properties":{"name":"La Boutonne"},"geometry":{"type":"LineString","coordinates":[[-0.4372,46.0105],[-0.4391,46.0078],[-0.4378,46.0068]]}},{"type":"Feature","properties":{"name":"La Boutonne"},"geometry":{"type":"LineString","coordinates":[[-0.4409,46.0066],[-0.4402,46.0051]]}},{"type":"Feature","properties":{"name":"La Boutonne"},"geometry":{"type":"LineString","coordinates":[[-0.4414,46.0056],[-0.4411,46.0045]]}},{"type":"Feature","properties":{"name":"La Boutonne"},"geometry":{"type":"LineString","coordinates":[[-0.4479,45.9986],[-0.4470,45.9981]]}},{"type":"Feature","properties":{"name":"La Boutonne"},"geometry":{"type":"LineString","coordinates":[[-0.4454,45.9985],[-0.4470,45.9983],[-0.4487,45.9961],[-0.4482,45.9950],[-0.4514,45.9937],[-0.4500,45.9923]]}},{"type":"Feature","properties":{"name":"La Boutonne"},"geometry":{"type":"LineString","coordinates":[[-0.4420,46.0047],[-0.4428,46.0032],[-0.4460,46.0016],[-0.4480,45.9985]]}},{"type":"Feature","properties":{"name":"La Boutonne"},"geometry":{"type":"LineString","coordinates":[[-0.4420,46.0047],[-0.4420,46.0047]]}},{"type":"Feature","properties":{"name":"La Boutonne"},"geometry":{"type":"LineString","coordinates":[[-0.4404,46.0087],[-0.4420,46.0047]]}},{"type":"Feature","properties":{"name":"La Boutonne"},"geometry":{"type":"LineString","coordinates":[[-0.4340,46.0190],[-0.4349,46.0192],[-0.4369,46.0168],[-0.4370,46.0144],[-0.4404,46.0087]]}},{"type":"Feature","properties":{"name":"La Boutonne"},"geometry":{"type":"LineString","coordinates":[[-0.4406,46.0013],[-0.4419,46.0003],[-0.4438,46.0010]]}},{"type":"Feature","properties":{"name":"La Boutonne"},"geometry":{"type":"LineString","coordinates":[[-0.4416,46.0032],[-0.4404,46.0027]]}},{"type":"Feature","properties":{"name":"La Boutonne"},"geometry":{"type":"LineString","coordinates":[[-0.4416,45.9943],[-0.4417,45.9942]]}},{"type":"Feature","properties":{"name":"La Boutonne"},"geometry":{"type":"LineString","coordinates":[[-0.4414,45.9944],[-0.4416,45.9943]]}},{"type":"Feature","properties":{"name":"La Boutonne"},"geometry":{"type":"LineString","coordinates":[[-0.4417,45.9942],[-0.4424,45.9948]]}},{"type":"Feature","properties":{"name":"La Boutonne"},"geometry":{"type":"LineString","coordinates":[[-0.4459,45.9916],[-0.4461,45.9920]]}},{"type":"Feature","properties":{"name":"La Boutonne"},"geometry":{"type":"LineString","coordinates":[[-0.4459,45.9912],[-0.4481,45.9894]]}},{"type":"Feature","properties":{"name":"La Boutonne"},"geometry":{"type":"LineString","coordinates":[[-0.4458,45.9912],[-0.4459,45.9912]]}},{"type":"Feature","properties":{"name":"La Boutonne"},"geometry":{"type":"LineString","coordinates":[[-0.4457,45.9913],[-0.4463,45.9920],[-0.4478,45.9905]]}},{"type":"Feature","properties":{"name":"La Boutonne"},"geometry":{"type":"LineString","coordinates":[[-0.4472,45.9902],[-0.4480,45.9902]]}},{"type":"Feature","properties":{"name":"La Boutonne"},"geometry":{"type":"LineString","coordinates":[[-0.4402,46.0051],[-0.4410,46.0036],[-0.4384,45.9975],[-0.4414,45.9944],[-0.4426,45.9948],[-0.4446,45.9937],[-0.4458,45.9912]]}},{"type":"Feature","properties":{"name":"La Boutonne"},"geometry":{"type":"LineString","coordinates":[[-0.5261,45.9366],[-0.5298,45.9392],[-0.5317,45.9392],[-0.5315,45.9403],[-0.5330,45.9416],[-0.5303,45.9437],[-0.5336,45.9449]]}},{"type":"Feature","properties":{"name":"La Boutonne"},"geometry":{"type":"LineString","coordinates":[[-0.4194,46.0813],[-0.4194,46.0761]]}},{"type":"Feature","properties":{"name":"La Boutonne"},"geometry":{"type":"LineString","coordinates":[[-0.4200,46.0769],[-0.4201,46.0768]]}},{"type":"Feature","properties":{"name":"La Boutonne"},"geometry":{"type":"LineString","coordinates":[[-0.4201,46.0768],[-0.4194,46.0761]]}},{"type":"Feature","properties":{"name":"La Boutonne"},"geometry":{"type":"LineString","coordinates":[[-0.4200,46.0808],[-0.4206,46.0805],[-0.4200,46.0769]]}},{"type":"Feature","properties":{"name":"La Boutonne"},"geometry":{"type":"LineString","coordinates":[[-0.0825,46.1114],[-0.0842,46.1103],[-0.0841,46.1092]]}},{"type":"Feature","properties":{"name":"La Boutonne"},"geometry":{"type":"LineString","coordinates":[[-0.0827,46.1117],[-0.0825,46.1115]]}},{"type":"Feature","properties":{"name":"La Boutonne"},"geometry":{"type":"LineString","coordinates":[[-0.2990,46.1468],[-0.2987,46.1474],[-0.2998,46.1468]]}},{"type":"Feature","properties":{"name":"La Boutonne"},"geometry":{"type":"LineString","coordinates":[[-0.2538,46.1569],[-0.2541,46.1567]]}},{"type":"Feature","properties":{"name":"La Boutonne"},"geometry":{"type":"LineString","coordinates":[[-0.2808,46.1476],[-0.2809,46.1475]]}},{"type":"Feature","properties":{"name":"La Boutonne"},"geometry":{"type":"LineString","coordinates":[[-0.1409,46.1236],[-0.1411,46.1236]]}},{"type":"Feature","properties":{"name":"La Boutonne"},"geometry":{"type":"LineString","coordinates":[[-0.1401,46.1235],[-0.1409,46.1236]]}},{"type":"Feature","properties":{"name":"La Boutonne"},"geometry":{"type":"LineString","coordinates":[[-0.1411,46.1236],[-0.1437,46.1246]]}},{"type":"Feature","properties":{"name":"La Boutonne"},"geometry":{"type":"LineString","coordinates":[[-0.1600,46.1198],[-0.1602,46.1199]]}},{"type":"Feature","properties":{"name":"La Boutonne"},"geometry":{"type":"LineString","coordinates":[[-0.1598,46.1199],[-0.1600,46.1198]]}},{"type":"Feature","properties":{"name":"La Boutonne"},"geometry":{"type":"LineString","coordinates":[[-0.1602,46.1199],[-0.1608,46.1204]]}},{"type":"Feature","properties":{"name":"La Boutonne"},"geometry":{"type":"LineString","coordinates":[[-0.0942,46.1045],[-0.0946,46.1044]]}},{"type":"Feature","properties":{"name":"La Boutonne"},"geometry":{"type":"LineString","coordinates":[[-0.0940,46.1045],[-0.0942,46.1045]]}},{"type":"Feature","properties":{"name":"La Boutonne"},"geometry":{"type":"LineString","coordinates":[[-0.0939,46.1045],[-0.0940,46.1045]]}},{"type":"Feature","properties":{"name":"La Boutonne"},"geometry":{"type":"LineString","coordinates":[[-0.0931,46.1047],[-0.0941,46.1046]]}},{"type":"Feature","properties":{"name":"La Boutonne"},"geometry":{"type":"LineString","coordinates":[[-0.0965,46.1044],[-0.0969,46.1043]]}},{"type":"Feature","properties":{"name":"La Boutonne"},"geometry":{"type":"LineString","coordinates":[[-0.0971,46.1044],[-0.0975,46.1045]]}},{"type":"Feature","properties":{"name":"La Boutonne"},"geometry":{"type":"LineString","coordinates":[[-0.1059,46.1066],[-0.1064,46.1064]]}},{"type":"Feature","properties":{"name":"La Boutonne"},"geometry":{"type":"LineString","coordinates":[[-0.1008,46.1058],[-0.1019,46.1051],[-0.1032,46.1057]]}},{"type":"Feature","properties":{"name":"La Boutonne"},"geometry":{"type":"LineString","coordinates":[[-0.0836,46.1111],[-0.0835,46.1109]]}},{"type":"Feature","properties":{"name":"La Boutonne"},"geometry":{"type":"LineString","coordinates":[[-0.0732,46.1131],[-0.0733,46.1132]]}},{"type":"Feature","properties":{"name":"La Boutonne"},"geometry":{"type":"LineString","coordinates":[[-0.0727,46.1133],[-0.0738,46.1131]]}},{"type":"Feature","properties":{"name":"La Boutonne"},"geometry":{"type":"LineString","coordinates":[[-0.3066,46.1384],[-0.3066,46.1383]]}},{"type":"Feature","properties":{"name":"La Boutonne"},"geometry":{"type":"LineString","coordinates":[[-0.3066,46.1381],[-0.3065,46.1378]]}},{"type":"Feature","properties":{"name":"La Boutonne"},"geometry":{"type":"LineString","coordinates":[[-0.3065,46.1386],[-0.3063,46.1384]]}},{"type":"Feature","properties":{"name":"La Boutonne"},"geometry":{"type":"LineString","coordinates":[[-0.3066,46.1383],[-0.3066,46.1381]]}},{"type":"Feature","properties":{"name":"La Boutonne"},"geometry":{"type":"LineString","coordinates":[[-0.3140,46.1314],[-0.3140,46.1311]]}},{"type":"Feature","properties":{"name":"La Boutonne"},"geometry":{"type":"LineString","coordinates":[[-0.3274,46.1132],[-0.3281,46.1113]]}},{"type":"Feature","properties":{"name":"La Boutonne"},"geometry":{"type":"LineString","coordinates":[[-0.3373,46.1134],[-0.3419,46.1165],[-0.3455,46.1152]]}},{"type":"Feature","properties":{"name":"La Boutonne"},"geometry":{"type":"LineString","coordinates":[[-0.3275,46.1134],[-0.3277,46.1133]]}},{"type":"Feature","properties":{"name":"La Boutonne"},"geometry":{"type":"LineString","coordinates":[[-0.3275,46.1134],[-0.3277,46.1134]]}},{"type":"Feature","properties":{"name":"La Boutonne"},"geometry":{"type":"LineString","coordinates":[[-0.3274,46.1134],[-0.3275,46.1134]]}},{"type":"Feature","properties":{"name":"La Boutonne"},"geometry":{"type":"LineString","coordinates":[[-0.3277,46.1133],[-0.3280,46.1131]]}},{"type":"Feature","properties":{"name":"La Boutonne"},"geometry":{"type":"LineString","coordinates":[[-0.3277,46.1134],[-0.3286,46.1130]]}},{"type":"Feature","properties":{"name":"La Boutonne"},"geometry":{"type":"LineString","coordinates":[[-0.3451,46.1051],[-0.3456,46.1054]]}},{"type":"Feature","properties":{"name":"La Boutonne"},"geometry":{"type":"LineString","coordinates":[[-0.3446,46.1053],[-0.3449,46.1055]]}},{"type":"Feature","properties":{"name":"La Boutonne"},"geometry":{"type":"LineString","coordinates":[[-0.3823,46.0962],[-0.3824,46.0964]]}},{"type":"Feature","properties":{"name":"La Boutonne"},"geometry":{"type":"LineString","coordinates":[[-0.3822,46.0941],[-0.3823,46.0956]]}},{"type":"Feature","properties":{"name":"La Boutonne"},"geometry":{"type":"LineString","coordinates":[[-0.3822,46.0960],[-0.3822,46.0961]]}},{"type":"Feature","properties":{"name":"La Boutonne"},"geometry":{"type":"LineString","coordinates":[[-0.3823,46.0958],[-0.3822,46.0960]]}},{"type":"Feature","properties":{"name":"La Boutonne"},"geometry":{"type":"LineString","coordinates":[[-0.3823,46.0956],[-0.3823,46.0958]]}},{"type":"Feature","properties":{"name":"La Boutonne"},"geometry":{"type":"LineString","coordinates":[[-0.3822,46.0941],[-0.3823,46.0962]]}},{"type":"Feature","properties":{"name":"La Boutonne"},"geometry":{"type":"LineString","coordinates":[[-0.3790,46.0935],[-0.3795,46.0953],[-0.3821,46.0961]]}},{"type":"Feature","properties":{"name":"La Boutonne"},"geometry":{"type":"LineString","coordinates":[[-0.4074,46.0788],[-0.4080,46.0801],[-0.4129,46.0804]]}},{"type":"Feature","properties":{"name":"La Boutonne"},"geometry":{"type":"LineString","coordinates":[[-0.4116,46.0790],[-0.4117,46.0796]]}},{"type":"Feature","properties":{"name":"La Boutonne"},"geometry":{"type":"LineString","coordinates":[[-0.4022,46.0804],[-0.4028,46.0802]]}},{"type":"Feature","properties":{"name":"La Boutonne"},"geometry":{"type":"LineString","coordinates":[[-0.4087,46.0784],[-0.4096,46.0784]]}},{"type":"Feature","properties":{"name":"La Boutonne"},"geometry":{"type":"LineString","coordinates":[[-0.4023,46.0802],[-0.4040,46.0798]]}},{"type":"Feature","properties":{"name":"La Boutonne"},"geometry":{"type":"LineString","coordinates":[[-0.4071,46.0788],[-0.4079,46.0784]]}},{"type":"Feature","properties":{"name":"La Boutonne"},"geometry":{"type":"LineString","coordinates":[[-0.4154,46.0820],[-0.4160,46.0821]]}},{"type":"Feature","properties":{"name":"La Boutonne"},"geometry":{"type":"LineString","coordinates":[[-0.4194,46.0767],[-0.4195,46.0762]]}},{"type":"Feature","properties":{"name":"La Boutonne"},"geometry":{"type":"LineString","coordinates":[[-0.4191,46.0769],[-0.4194,46.0765]]}},{"type":"Feature","properties":{"name":"La Boutonne"},"geometry":{"type":"LineString","coordinates":[[-0.4193,46.0768],[-0.4194,46.0767]]}},{"type":"Feature","properties":{"name":"La Boutonne"},"geometry":{"type":"LineString","coordinates":[[-0.4198,46.0797],[-0.4182,46.0766]]}},{"type":"Feature","properties":{"name":"La Boutonne"},"geometry":{"type":"LineString","coordinates":[[-0.0688,46.1111],[-0.0704,46.1116]]}},{"type":"Feature","properties":{"name":"Le Palais"},"geometry":{"type":"LineString","coordinates":[[-0.2614,46.6483],[-0.2590,46.6472],[-0.2590,46.6463]]}},{"type":"Feature","properties":{"name":"Le Palais"},"geometry":{"type":"LineString","coordinates":[[-0.2614,46.6483],[-0.2610,46.6481]]}},{"type":"Feature","properties":{"name":"Le Palais"},"geometry":{"type":"LineString","coordinates":[[-0.2608,46.6480],[-0.2608,46.6479]]}},{"type":"Feature","properties":{"name":"Le Palais"},"geometry":{"type":"LineString","coordinates":[[-0.2610,46.6481],[-0.2608,46.6480]]}},{"type":"Feature","properties":{"name":"Le Palais"},"geometry":{"type":"LineString","coordinates":[[-0.3747,46.6432],[-0.3722,46.6444],[-0.3658,46.6439],[-0.3610,46.6457],[-0.3577,46.6481],[-0.3534,46.6488],[-0.3489,46.6521],[-0.3468,46.6525],[-0.3461,46.6548],[-0.3384,46.6565],[-0.3354,46.6552],[-0.3279,46.6574],[-0.3240,46.6565],[-0.3223,46.6542],[-0.3231,46.6531],[-0.3213,46.6523],[-0.3202,46.6505],[-0.3153,46.6494],[-0.3135,46.6510],[-0.3106,46.6513],[-0.3059,46.6495],[-0.3051,46.6477],[-0.3021,46.6470],[-0.2974,46.6486],[-0.2953,46.6482],[-0.2940,46.6460],[-0.2916,46.6452],[-0.2885,46.6466],[-0.2887,46.6486],[-0.2870,46.6495],[-0.2833,46.6492],[-0.2819,46.6475],[-0.2776,46.6488],[-0.2764,46.6501],[-0.2733,46.6488],[-0.2727,46.6495],[-0.2697,46.6485],[-0.2665,46.6492],[-0.2614,46.6483]]}},{"type":"Feature","properties":{"name":"Ruisseau des Verreries"},"geometry":{"type":"LineString","coordinates":[[-0.7416,46.5550],[-0.7470,46.5506],[-0.7479,46.5486],[-0.7515,46.5468],[-0.7533,46.5440],[-0.7550,46.5438],[-0.7559,46.5418],[-0.7583,46.5400],[-0.7588,46.5375],[-0.7610,46.5352],[-0.7599,46.5332],[-0.7619,46.5322],[-0.7607,46.5313],[-0.7602,46.5288]]}},{"type":"Feature","properties":{"name":"Ruisseau des Verreries"},"geometry":{"type":"LineString","coordinates":[[-0.7189,46.5643],[-0.7264,46.5623],[-0.7331,46.5617]]}},{"type":"Feature","properties":{"name":"Ruisseau des Verreries"},"geometry":{"type":"LineString","coordinates":[[-0.7331,46.5617],[-0.7332,46.5617]]}},{"type":"Feature","properties":{"name":"Ruisseau des Verreries"},"geometry":{"type":"LineString","coordinates":[[-0.7332,46.5617],[-0.7416,46.5550]]}},{"type":"Feature","properties":{"name":"Les Trois Moulins"},"geometry":{"type":"LineString","coordinates":[[-0.1303,46.4910],[-0.1208,46.4920],[-0.1173,46.4889],[-0.1129,46.4873],[-0.1041,46.4882],[-0.1016,46.4896],[-0.0985,46.4893],[-0.0988,46.4899],[-0.0974,46.4907],[-0.0951,46.4896],[-0.0928,46.4904],[-0.0908,46.4893],[-0.0878,46.4912],[-0.0839,46.4921],[-0.0804,46.4913],[-0.0782,46.4896],[-0.0750,46.4895]]}},{"type":"Feature","properties":{"name":"Les Trois Moulins"},"geometry":{"type":"LineString","coordinates":[[-0.0749,46.4895],[-0.0720,46.4898],[-0.0685,46.4930]]}},{"type":"Feature","properties":{"name":"Les Trois Moulins"},"geometry":{"type":"LineString","coordinates":[[-0.0750,46.4895],[-0.0749,46.4895]]}},{"type":"Feature","properties":{"name":"Le Thouet"},"geometry":{"type":"LineString","coordinates":[[-0.1662,46.7826],[-0.1651,46.7856],[-0.1685,46.7872],[-0.1692,46.7944],[-0.1593,46.7994],[-0.1493,46.8009],[-0.1481,46.8027],[-0.1513,46.8064],[-0.1513,46.8081],[-0.1506,46.8110],[-0.1464,46.8153],[-0.1457,46.8193],[-0.1473,46.8216],[-0.1458,46.8251],[-0.1539,46.8312],[-0.1562,46.8348],[-0.1534,46.8360],[-0.1508,46.8356],[-0.1484,46.8388],[-0.1500,46.8425],[-0.1556,46.8440],[-0.1592,46.8436],[-0.1616,46.8454],[-0.1485,46.8498],[-0.1456,46.8528],[-0.1442,46.8585],[-0.1453,46.8654],[-0.1421,46.8725],[-0.1428,46.8733],[-0.1467,46.8733],[-0.1481,46.8754]]}},{"type":"Feature","properties":{"name":"Le Thouet"},"geometry":{"type":"LineString","coordinates":[[-0.2539,46.6479],[-0.2533,46.6499],[-0.2548,46.6528],[-0.2522,46.6536],[-0.2493,46.6523],[-0.2476,46.6525],[-0.2462,46.6552],[-0.2431,46.6570],[-0.2338,46.6580],[-0.2296,46.6561],[-0.2183,46.6553],[-0.2162,46.6541],[-0.2144,46.6547],[-0.2176,46.6568],[-0.2181,46.6586],[-0.2133,46.6587],[-0.2116,46.6604],[-0.2114,46.6637],[-0.2075,46.6611],[-0.2028,46.6619]]}},{"type":"Feature","properties":{"name":"Le Thouet"},"geometry":{"type":"LineString","coordinates":[[-0.2028,46.6619],[-0.1967,46.6619],[-0.1820,46.6670],[-0.1788,46.6664],[-0.1784,46.6645],[-0.1775,46.6642],[-0.1720,46.6674],[-0.1666,46.6734],[-0.1621,46.6750],[-0.1589,46.6745],[-0.1570,46.6769],[-0.1548,46.6831],[-0.1555,46.6858],[-0.1516,46.6879],[-0.1510,46.6913],[-0.1467,46.6926],[-0.1468,46.6970],[-0.1434,46.7013],[-0.1429,46.7053],[-0.1470,46.7122],[-0.1474,46.7161],[-0.1501,46.7182],[-0.1495,46.7216],[-0.1535,46.7239],[-0.1543,46.7252],[-0.1540,46.7284],[-0.1570,46.7305],[-0.1578,46.7340],[-0.1597,46.7355],[-0.1574,46.7372],[-0.1608,46.7388],[-0.1673,46.7452],[-0.1728,46.7458],[-0.1753,46.7469],[-0.1752,46.7489],[-0.1721,46.7521],[-0.1774,46.7550],[-0.1740,46.7572],[-0.1754,46.7603],[-0.1751,46.7643],[-0.1739,46.7652],[-0.1730,46.7641],[-0.1705,46.7638],[-0.1659,46.7675],[-0.1702,46.7715],[-0.1681,46.7773],[-0.1684,46.7798],[-0.1662,46.7826]]}},{"type":"Feature","properties":{"name":"Le Thouet"},"geometry":{"type":"LineString","coordinates":[[-0.1481,46.8754],[-0.1541,46.8765],[-0.1544,46.8776],[-0.1579,46.8783],[-0.1585,46.8801],[-0.1567,46.8820],[-0.1540,46.8827],[-0.1466,46.8815],[-0.1419,46.8821],[-0.1390,46.8851],[-0.1395,46.8904],[-0.1407,46.8930],[-0.1393,46.8976],[-0.1400,46.9033],[-0.1458,46.9099],[-0.1461,46.9121],[-0.1451,46.9135],[-0.1365,46.9184],[-0.1356,46.9197],[-0.1359,46.9233],[-0.1403,46.9241],[-0.1433,46.9257],[-0.1529,46.9254],[-0.1573,46.9276],[-0.1575,46.9302],[-0.1492,46.9378],[-0.1489,46.9414],[-0.1521,46.9459],[-0.1574,46.9477],[-0.1645,46.9463],[-0.1665,46.9466],[-0.1796,46.9556],[-0.1928,46.9520],[-0.1956,46.9525],[-0.1962,46.9539],[-0.1905,46.9598],[-0.1876,46.9656],[-0.1879,46.9689],[-0.1909,46.9706],[-0.1953,46.9703],[-0.1965,46.9692],[-0.1957,46.9662],[-0.2003,46.9644],[-0.2033,46.9661],[-0.2043,46.9727],[-0.2084,46.9730]]}},{"type":"Feature","properties":{"name":"Le Thouet"},"geometry":{"type":"LineString","coordinates":[[-0.3222,46.6238],[-0.3197,46.6236],[-0.3183,46.6222],[-0.3129,46.6256],[-0.3118,46.6247],[-0.3044,46.6238],[-0.2985,46.6265],[-0.2951,46.6307],[-0.2914,46.6290],[-0.2783,46.6367],[-0.2713,46.6357],[-0.2693,46.6377],[-0.2664,46.6381]]}},{"type":"Feature","properties":{"name":"Le Thouet"},"geometry":{"type":"LineString","coordinates":[[-0.4097,46.6047],[-0.4057,46.6033],[-0.3971,46.6039],[-0.3935,46.6036],[-0.3934,46.6025],[-0.3893,46.6033],[-0.3880,46.6026],[-0.3851,46.6038],[-0.3847,46.6048],[-0.3812,46.6059]]}},{"type":"Feature","properties":{"name":"Le Thouet"},"geometry":{"type":"LineString","coordinates":[[-0.3812,46.6059],[-0.3758,46.6068],[-0.3744,46.6120],[-0.3734,46.6120],[-0.3746,46.6126],[-0.3703,46.6142],[-0.3686,46.6172],[-0.3695,46.6190],[-0.3675,46.6201],[-0.3672,46.6192],[-0.3642,46.6182],[-0.3631,46.6189],[-0.3629,46.6206],[-0.3586,46.6196],[-0.3559,46.6214],[-0.3561,46.6222],[-0.3539,46.6213],[-0.3474,46.6217],[-0.3467,46.6209],[-0.3365,46.6196],[-0.3329,46.6219],[-0.3302,46.6216],[-0.3277,46.6224],[-0.3239,46.6251],[-0.3226,46.6250],[-0.3222,46.6238]]}},{"type":"Feature","properties":{"name":"Le Thouet"},"geometry":{"type":"LineString","coordinates":[[-0.4103,46.6046],[-0.4097,46.6047]]}},{"type":"Feature","properties":{"name":"Le Thouet"},"geometry":{"type":"LineString","coordinates":[[-0.4168,46.6066],[-0.4103,46.6046]]}},{"type":"Feature","properties":{"name":"Le Thouet"},"geometry":{"type":"LineString","coordinates":[[-0.2539,46.6479],[-0.2539,46.6479]]}},{"type":"Feature","properties":{"name":"Le Thouet"},"geometry":{"type":"LineString","coordinates":[[-0.2664,46.6381],[-0.2650,46.6392],[-0.2639,46.6422],[-0.2642,46.6443],[-0.2633,46.6455],[-0.2558,46.6468],[-0.2539,46.6479]]}},{"type":"Feature","properties":{"name":"La Charente"},"geometry":{"type":"LineString","coordinates":[[-0.6900,45.8812],[-0.7055,45.8809],[-0.7134,45.8790],[-0.7256,45.8780],[-0.7496,45.8836],[-0.7774,45.8837],[-0.7863,45.8805],[-0.7941,45.8798],[-0.8055,45.8814],[-0.8106,45.8835],[-0.8177,45.8901],[-0.8195,45.8941],[-0.8205,45.9011],[-0.8247,45.9083],[-0.8387,45.9097],[-0.8510,45.9060],[-0.8560,45.9054],[-0.8611,45.9065],[-0.8670,45.9096],[-0.8774,45.9208],[-0.8717,45.9285],[-0.8718,45.9304],[-0.8812,45.9377],[-0.8859,45.9401],[-0.8912,45.9421],[-0.8990,45.9422],[-0.9024,45.9413],[-0.9100,45.9368],[-0.9166,45.9365],[-0.9280,45.9391],[-0.9337,45.9414],[-0.9385,45.9449],[-0.9407,45.9478],[-0.9440,45.9491],[-0.9492,45.9483],[-0.9521,45.9463],[-0.9546,45.9364],[-0.9537,45.9339],[-0.9487,45.9278],[-0.9480,45.9253],[-0.9487,45.9233],[-0.9514,45.9197],[-0.9562,45.9167],[-0.9660,45.9158]]}},{"type":"Feature","properties":{"name":"La Charente"},"geometry":{"type":"LineString","coordinates":[[0.2468,46.1410],[0.2485,46.1385],[0.2491,46.1350],[0.2452,46.1348],[0.2357,46.1374],[0.2325,46.1364],[0.2351,46.1324],[0.2416,46.1292],[0.2419,46.1258],[0.2429,46.1253]]}},{"type":"Feature","properties":{"name":"La Charente"},"geometry":{"type":"LineString","coordinates":[[0.2472,46.0587],[0.2423,46.0575],[0.2385,46.0603],[0.2349,46.0606],[0.2334,46.0579],[0.2335,46.0557],[0.2373,46.0525],[0.2484,46.0487],[0.2490,46.0454],[0.2480,46.0438],[0.2458,46.0430],[0.2429,46.0439],[0.2398,46.0425],[0.2285,46.0413],[0.2260,46.0400],[0.2247,46.0375],[0.2247,46.0339],[0.2258,46.0328],[0.2287,46.0331],[0.2305,46.0299],[0.2288,46.0226],[0.2293,46.0215],[0.2188,46.0194],[0.2171,46.0181],[0.2160,46.0152],[0.2185,46.0126],[0.2282,46.0132],[0.2345,46.0157],[0.2399,46.0163],[0.2431,46.0151],[0.2430,46.0130],[0.2414,46.0111],[0.2264,46.0057],[0.2240,46.0041],[0.2226,46.0005],[0.2247,45.9974],[0.2291,45.9950],[0.2379,45.9952],[0.2424,45.9942],[0.2440,45.9923],[0.2438,45.9887],[0.2415,45.9865],[0.2321,45.9838],[0.2315,45.9820],[0.2341,45.9779],[0.2423,45.9706],[0.2447,45.9658],[0.2432,45.9648],[0.2261,45.9630],[0.2250,45.9626],[0.2245,45.9609],[0.2253,45.9590],[0.2282,45.9572],[0.2344,45.9561],[0.2371,45.9546],[0.2415,45.9545],[0.2481,45.9519],[0.2503,45.9504],[0.2512,45.9482],[0.2499,45.9455],[0.2430,45.9409],[0.2398,45.9356],[0.2395,45.9314],[0.2402,45.9298],[0.2431,45.9279],[0.2438,45.9230],[0.2390,45.9216],[0.2406,45.9205],[0.2400,45.9199],[0.2341,45.9193],[0.2364,45.9164],[0.2384,45.9158],[0.2363,45.9144],[0.2368,45.9132],[0.2391,45.9124],[0.2451,45.9124]]}},{"type":"Feature","properties":{"name":"La Charente"},"geometry":{"type":"LineString","coordinates":[[0.2429,46.1253],[0.2433,46.1252]]}},{"type":"Feature","properties":{"name":"La Charente"},"geometry":{"type":"LineString","coordinates":[[0.2980,46.1556],[0.2994,46.1486],[0.2958,46.1458],[0.2899,46.1458],[0.2850,46.1472],[0.2785,46.1469],[0.2774,46.1455],[0.2743,46.1455],[0.2686,46.1479],[0.2639,46.1481],[0.2634,46.1474],[0.2657,46.1454],[0.2642,46.1443],[0.2645,46.1428],[0.2634,46.1414],[0.2522,46.1448],[0.2501,46.1436],[0.2465,46.1434],[0.2468,46.1410]]}},{"type":"Feature","properties":{"name":"La Charente"},"geometry":{"type":"LineString","coordinates":[[0.2433,46.1252],[0.2429,46.1215],[0.2410,46.1218],[0.2357,46.1180],[0.2355,46.1159],[0.2316,46.1133],[0.2340,46.1103],[0.2385,46.1079],[0.2383,46.1065],[0.2337,46.1027],[0.2275,46.1012],[0.2269,46.1003],[0.2276,46.0981],[0.2305,46.0966],[0.2459,46.0956],[0.2488,46.0938],[0.2486,46.0921],[0.2467,46.0918],[0.2464,46.0904],[0.2407,46.0855],[0.2391,46.0824],[0.2397,46.0814],[0.2424,46.0815],[0.2438,46.0803],[0.2492,46.0797],[0.2550,46.0805],[0.2566,46.0799],[0.2572,46.0779],[0.2562,46.0769],[0.2514,46.0734],[0.2437,46.0705],[0.2413,46.0672],[0.2438,46.0648],[0.2437,46.0626],[0.2475,46.0610],[0.2472,46.0587]]}},{"type":"Feature","properties":{"name":"Le Loing"},"geometry":{"type":"LineString","coordinates":[[-0.9158,46.6614],[-0.9166,46.6614]]}},{"type":"Feature","properties":{"name":"Le Loing"},"geometry":{"type":"LineString","coordinates":[[-0.9166,46.6614],[-0.9238,46.6626]]}},{"type":"Feature","properties":{"name":"L\u0027Autise"},"geometry":{"type":"LineString","coordinates":[[-0.5263,46.4896],[-0.5275,46.4889],[-0.5270,46.4879],[-0.5288,46.4872],[-0.5292,46.4855],[-0.5282,46.4853],[-0.5302,46.4833],[-0.5314,46.4834],[-0.5318,46.4827],[-0.5308,46.4821],[-0.5320,46.4811],[-0.5407,46.4814],[-0.5447,46.4790],[-0.5425,46.4774],[-0.5429,46.4765],[-0.5443,46.4766],[-0.5444,46.4752],[-0.5459,46.4754],[-0.5468,46.4742],[-0.5503,46.4730],[-0.5502,46.4720],[-0.5574,46.4710],[-0.5564,46.4700],[-0.5580,46.4689],[-0.5568,46.4683],[-0.5574,46.4676],[-0.5549,46.4651],[-0.5549,46.4640],[-0.5575,46.4639],[-0.5576,46.4627],[-0.5585,46.4633],[-0.5599,46.4614],[-0.5628,46.4608],[-0.5632,46.4593],[-0.5656,46.4582],[-0.5660,46.4538],[-0.5674,46.4526],[-0.5653,46.4522],[-0.5667,46.4521],[-0.5653,46.4515],[-0.5664,46.4500],[-0.5698,46.4503],[-0.5730,46.4480],[-0.5788,46.4476],[-0.5809,46.4458],[-0.5828,46.4457],[-0.5930,46.4473],[-0.5917,46.4490],[-0.5987,46.4528],[-0.6003,46.4503],[-0.5988,46.4472]]}},{"type":"Feature","properties":{"name":"L\u0027Autise"},"geometry":{"type":"LineString","coordinates":[[-0.5988,46.4472],[-0.5981,46.4460],[-0.5995,46.4450],[-0.6035,46.4457],[-0.6048,46.4485],[-0.6041,46.4513],[-0.6051,46.4530],[-0.6088,46.4544],[-0.6100,46.4535],[-0.6107,46.4499],[-0.6142,46.4491],[-0.6152,46.4500],[-0.6147,46.4516],[-0.6177,46.4547],[-0.6230,46.4569],[-0.6270,46.4537],[-0.6308,46.4525],[-0.6322,46.4527],[-0.6335,46.4560],[-0.6350,46.4557],[-0.6356,46.4552],[-0.6350,46.4532],[-0.6372,46.4505],[-0.6376,46.4526],[-0.6398,46.4515],[-0.6408,46.4519],[-0.6402,46.4532],[-0.6446,46.4533],[-0.6465,46.4547],[-0.6449,46.4553],[-0.6473,46.4559],[-0.6490,46.4579],[-0.6483,46.4596],[-0.6492,46.4605],[-0.6540,46.4613]]}},{"type":"Feature","properties":{"name":"L\u0027Autise"},"geometry":{"type":"LineString","coordinates":[[-0.6848,46.4173],[-0.6846,46.4156],[-0.6835,46.4149],[-0.6840,46.4128],[-0.6867,46.4119],[-0.6891,46.4127],[-0.6927,46.4112],[-0.6923,46.4071],[-0.6969,46.4037],[-0.6957,46.4020],[-0.7015,46.4009],[-0.7110,46.4057],[-0.7130,46.4017],[-0.7126,46.3992]]}},{"type":"Feature","properties":{"name":"L\u0027Autise"},"geometry":{"type":"LineString","coordinates":[[-0.6556,46.4626],[-0.6555,46.4629]]}},{"type":"Feature","properties":{"name":"L\u0027Autise"},"geometry":{"type":"LineString","coordinates":[[-0.6555,46.4630],[-0.6609,46.4645],[-0.6616,46.4633],[-0.6639,46.4628],[-0.6661,46.4635],[-0.6666,46.4609],[-0.6681,46.4597],[-0.6698,46.4605],[-0.6689,46.4594],[-0.6704,46.4571],[-0.6722,46.4581],[-0.6747,46.4567],[-0.6753,46.4577],[-0.6766,46.4575],[-0.6768,46.4567],[-0.6777,46.4575],[-0.6820,46.4572],[-0.6822,46.4561],[-0.6835,46.4562],[-0.6833,46.4553],[-0.6864,46.4552],[-0.6915,46.4510],[-0.6912,46.4461],[-0.6901,46.4441],[-0.6912,46.4431],[-0.6912,46.4401],[-0.6900,46.4372],[-0.6877,46.4368],[-0.6870,46.4354],[-0.6880,46.4349],[-0.6866,46.4341],[-0.6880,46.4283],[-0.6849,46.4233],[-0.6848,46.4173]]}},{"type":"Feature","properties":{"name":"L\u0027Autise"},"geometry":{"type":"LineString","coordinates":[[-0.5034,46.4961],[-0.5061,46.4954],[-0.5077,46.4924],[-0.5143,46.4932],[-0.5152,46.4922],[-0.5141,46.4912],[-0.5146,46.4905],[-0.5177,46.4891],[-0.5229,46.4902],[-0.5263,46.4896]]}},{"type":"Feature","properties":{"name":"L\u0027Autise"},"geometry":{"type":"LineString","coordinates":[[-0.3489,46.5458],[-0.3539,46.5445],[-0.3592,46.5411],[-0.3638,46.5373],[-0.3651,46.5348],[-0.3678,46.5338],[-0.3687,46.5323],[-0.3753,46.5293],[-0.3810,46.5281]]}},{"type":"Feature","properties":{"name":"L\u0027Autise"},"geometry":{"type":"LineString","coordinates":[[-0.4018,46.5239],[-0.4041,46.5222],[-0.4045,46.5209],[-0.4056,46.5210],[-0.4121,46.5168],[-0.4229,46.5157],[-0.4299,46.5138],[-0.4334,46.5140],[-0.4336,46.5125],[-0.4367,46.5103],[-0.4363,46.5095],[-0.4408,46.5079],[-0.4438,46.5049]]}},{"type":"Feature","properties":{"name":"L\u0027Autise"},"geometry":{"type":"LineString","coordinates":[[-0.4825,46.4968],[-0.4874,46.4972],[-0.4897,46.4962],[-0.4928,46.4971],[-0.4952,46.4949],[-0.4970,46.4958],[-0.5012,46.4951],[-0.5034,46.4961]]}},{"type":"Feature","properties":{"name":"L\u0027Autise"},"geometry":{"type":"LineString","coordinates":[[-0.4438,46.5049],[-0.4518,46.5067],[-0.4534,46.5052],[-0.4593,46.5045],[-0.4611,46.5025],[-0.4648,46.5045],[-0.4671,46.5026],[-0.4692,46.5028],[-0.4730,46.5013],[-0.4766,46.4984],[-0.4823,46.4979],[-0.4825,46.4968]]}},{"type":"Feature","properties":{"name":"L\u0027Autise"},"geometry":{"type":"LineString","coordinates":[[-0.3810,46.5281],[-0.3892,46.5291]]}},{"type":"Feature","properties":{"name":"L\u0027Autise"},"geometry":{"type":"LineString","coordinates":[[-0.3892,46.5291],[-0.3945,46.5286],[-0.3975,46.5249],[-0.4018,46.5239]]}},{"type":"Feature","properties":{"name":"L\u0027Autise"},"geometry":{"type":"LineString","coordinates":[[-0.3423,46.5427],[-0.3489,46.5458]]}},{"type":"Feature","properties":{"name":"L\u0027Autise"},"geometry":{"type":"LineString","coordinates":[[-0.6555,46.4629],[-0.6555,46.4630]]}},{"type":"Feature","properties":{"name":"L\u0027Autise"},"geometry":{"type":"LineString","coordinates":[[-0.6540,46.4613],[-0.6550,46.4608],[-0.6556,46.4626]]}},{"type":"Feature","properties":{"name":"Le Canal"},"geometry":{"type":"LineString","coordinates":[[-0.1850,46.1270],[-0.1842,46.1282],[-0.1862,46.1292],[-0.1897,46.1283],[-0.1935,46.1287],[-0.2078,46.1351],[-0.2155,46.1371],[-0.2185,46.1392],[-0.2162,46.1403],[-0.2174,46.1436]]}},{"type":"Feature","properties":{"name":"Le Canal"},"geometry":{"type":"LineString","coordinates":[[-0.2172,46.1391],[-0.2165,46.1399]]}},{"type":"Feature","properties":{"name":"La Maine"},"geometry":{"type":"LineString","coordinates":[[-0.8630,46.6991],[-0.8632,46.6991]]}},{"type":"Feature","properties":{"name":"La Maine"},"geometry":{"type":"LineString","coordinates":[[-0.8632,46.6991],[-0.8671,46.6990],[-0.8716,46.7003],[-0.8734,46.7019]]}},{"type":"Feature","properties":{"name":"La Maine"},"geometry":{"type":"LineString","coordinates":[[-0.8777,46.7036],[-0.8810,46.7049],[-0.8860,46.7047],[-0.8920,46.7013],[-0.8960,46.7020],[-0.9015,46.7002],[-0.9033,46.7014],[-0.9059,46.7001],[-0.9087,46.7009],[-0.9155,46.6979],[-0.9198,46.6979],[-0.9236,46.6953],[-0.9263,46.6960],[-0.9286,46.6940],[-0.9327,46.6962],[-0.9398,46.6969],[-0.9422,46.6981],[-0.9492,46.6959],[-0.9565,46.6957]]}},{"type":"Feature","properties":{"name":"La Maine"},"geometry":{"type":"LineString","coordinates":[[-0.8775,46.7035],[-0.8777,46.7036]]}},{"type":"Feature","properties":{"name":"La Maine"},"geometry":{"type":"LineString","coordinates":[[-0.8734,46.7019],[-0.8735,46.7020]]}},{"type":"Feature","properties":{"name":"La Maine"},"geometry":{"type":"LineString","coordinates":[[-0.8735,46.7020],[-0.8775,46.7035]]}},{"type":"Feature","properties":{"name":"La Charrière"},"geometry":{"type":"LineString","coordinates":[[-0.7679,46.0242],[-0.7668,46.0247],[-0.7665,46.0265],[-0.7699,46.0325],[-0.7721,46.0346],[-0.7724,46.0369]]}},{"type":"Feature","properties":{"name":"La Charrière"},"geometry":{"type":"LineString","coordinates":[[-0.8113,46.0402],[-0.8099,46.0356],[-0.8051,46.0338],[-0.7985,46.0291],[-0.7883,46.0264],[-0.7679,46.0242]]}},{"type":"Feature","properties":{"name":"La Charrière"},"geometry":{"type":"LineString","coordinates":[[-0.7724,46.0370],[-0.7735,46.0375],[-0.7732,46.0405]]}},{"type":"Feature","properties":{"name":"La Charrière"},"geometry":{"type":"LineString","coordinates":[[-0.7724,46.0369],[-0.7724,46.0370]]}},{"type":"Feature","properties":{"name":"L\u0027Arkanson"},"geometry":{"type":"LineString","coordinates":[[-0.9090,46.6363],[-0.9126,46.6389],[-0.9161,46.6395],[-0.9191,46.6419],[-0.9227,46.6427],[-0.9236,46.6439],[-0.9293,46.6446],[-0.9290,46.6455],[-0.9301,46.6457],[-0.9293,46.6461],[-0.9308,46.6471],[-0.9300,46.6474],[-0.9318,46.6474],[-0.9331,46.6490],[-0.9322,46.6497],[-0.9349,46.6524],[-0.9349,46.6536]]}},{"type":"Feature","properties":{"name":"L\u0027Arkanson"},"geometry":{"type":"LineString","coordinates":[[-0.8930,46.6271],[-0.8953,46.6295],[-0.8983,46.6304],[-0.8991,46.6334],[-0.9041,46.6340],[-0.9090,46.6363]]}},{"type":"Feature","properties":{"name":"La Ligueure"},"geometry":{"type":"LineString","coordinates":[[-0.2389,46.4558],[-0.2408,46.4552],[-0.2430,46.4561],[-0.2455,46.4544],[-0.2482,46.4549],[-0.2505,46.4531],[-0.2554,46.4519],[-0.2612,46.4520],[-0.2731,46.4469],[-0.2767,46.4440],[-0.2796,46.4431],[-0.2794,46.4418],[-0.2812,46.4391],[-0.2877,46.4362],[-0.2876,46.4349],[-0.2891,46.4340],[-0.2886,46.4336],[-0.2913,46.4313],[-0.2918,46.4296],[-0.2905,46.4289],[-0.2953,46.4247],[-0.2947,46.4240],[-0.2956,46.4239],[-0.2955,46.4178],[-0.2971,46.4161],[-0.2963,46.4154],[-0.2973,46.4156],[-0.2969,46.4146],[-0.2983,46.4141],[-0.2978,46.4130],[-0.2992,46.4100],[-0.2980,46.4095],[-0.2991,46.4081],[-0.2979,46.4074]]}},{"type":"Feature","properties":{"name":"La Ligueure"},"geometry":{"type":"LineString","coordinates":[[-0.2387,46.4558],[-0.2389,46.4558]]}},{"type":"Feature","properties":{"name":"La Ligueure"},"geometry":{"type":"LineString","coordinates":[[-0.2412,46.4648],[-0.2407,46.4636],[-0.2356,46.4609],[-0.2363,46.4574],[-0.2387,46.4558]]}},{"type":"Feature","properties":{"name":"Ruisseau du Puits d\u0027Enfer"},"geometry":{"type":"LineString","coordinates":[[-0.1838,46.4274],[-0.1895,46.4248],[-0.1890,46.4216],[-0.1898,46.4199],[-0.1928,46.4179]]}},{"type":"Feature","properties":{"name":"Ruisseau du Puits d\u0027Enfer"},"geometry":{"type":"LineString","coordinates":[[-0.1928,46.4179],[-0.1926,46.4177]]}},{"type":"Feature","properties":{"name":"Ruisseau du Puits d\u0027Enfer"},"geometry":{"type":"LineString","coordinates":[[-0.1926,46.4177],[-0.1970,46.4140],[-0.2001,46.4093]]}},{"type":"Feature","properties":{"name":"Ruisseau du Puits d\u0027Enfer"},"geometry":{"type":"LineString","coordinates":[[-0.1741,46.4308],[-0.1773,46.4300],[-0.1798,46.4279],[-0.1838,46.4274]]}},{"type":"Feature","properties":{"name":"Le Thouaret"},"geometry":{"type":"LineString","coordinates":[[-0.2841,46.8250],[-0.2821,46.8270],[-0.2807,46.8324],[-0.2745,46.8316],[-0.2739,46.8329],[-0.2697,46.8342],[-0.2658,46.8386],[-0.2666,46.8399],[-0.2691,46.8408],[-0.2688,46.8447]]}},{"type":"Feature","properties":{"name":"Le Thouaret"},"geometry":{"type":"LineString","coordinates":[[-0.3632,46.8095],[-0.3614,46.8127],[-0.3568,46.8137],[-0.3564,46.8145],[-0.3577,46.8170],[-0.3557,46.8178],[-0.3538,46.8203],[-0.3496,46.8215],[-0.3475,46.8238],[-0.3433,46.8224],[-0.3397,46.8252],[-0.3328,46.8261],[-0.3281,46.8291],[-0.3254,46.8289],[-0.3218,46.8262],[-0.3157,46.8265],[-0.3102,46.8246],[-0.3088,46.8249],[-0.3066,46.8277],[-0.3028,46.8265],[-0.2981,46.8289],[-0.2942,46.8273],[-0.2926,46.8252],[-0.2870,46.8258],[-0.2841,46.8250]]}},{"type":"Feature","properties":{"name":"Le Thouaret"},"geometry":{"type":"LineString","coordinates":[[-0.3681,46.7966],[-0.3639,46.7972],[-0.3601,46.7993],[-0.3579,46.8025],[-0.3586,46.8033],[-0.3573,46.8056],[-0.3621,46.8056],[-0.3635,46.8076],[-0.3632,46.8095]]}},{"type":"Feature","properties":{"name":"Le Thouaret"},"geometry":{"type":"LineString","coordinates":[[-0.2457,46.8706],[-0.2448,46.8710],[-0.2481,46.8747],[-0.2482,46.8773],[-0.2468,46.8793],[-0.2441,46.8799],[-0.2441,46.8814],[-0.2466,46.8827],[-0.2467,46.8837],[-0.2445,46.8852],[-0.2415,46.8920],[-0.2402,46.8924],[-0.2364,46.8902],[-0.2334,46.8949],[-0.2314,46.8950],[-0.2284,46.8933],[-0.2278,46.8963],[-0.2288,46.8997],[-0.2256,46.9016],[-0.2246,46.9014],[-0.2242,46.8993],[-0.2181,46.8961],[-0.2089,46.9023]]}},{"type":"Feature","properties":{"name":"Le Thouaret"},"geometry":{"type":"LineString","coordinates":[[-0.2603,46.8502],[-0.2643,46.8541],[-0.2638,46.8579],[-0.2580,46.8596],[-0.2558,46.8620],[-0.2502,46.8625],[-0.2491,46.8658],[-0.2507,46.8690],[-0.2487,46.8704],[-0.2457,46.8706]]}},{"type":"Feature","properties":{"name":"Le Thouaret"},"geometry":{"type":"LineString","coordinates":[[-0.4016,46.7748],[-0.4008,46.7760],[-0.3995,46.7761],[-0.4002,46.7767],[-0.3991,46.7772],[-0.3998,46.7783],[-0.3990,46.7810],[-0.3967,46.7816],[-0.3948,46.7805],[-0.3939,46.7829],[-0.3897,46.7845],[-0.3904,46.7861],[-0.3888,46.7895],[-0.3865,46.7896],[-0.3859,46.7906],[-0.3806,46.7904],[-0.3681,46.7966]]}},{"type":"Feature","properties":{"name":"La Bondoire"},"geometry":{"type":"LineString","coordinates":[[-0.2629,46.1001],[-0.2687,46.1019]]}},{"type":"Feature","properties":{"name":"La Bondoire"},"geometry":{"type":"LineString","coordinates":[[-0.2970,46.1024],[-0.2970,46.1024]]}},{"type":"Feature","properties":{"name":"La Bondoire"},"geometry":{"type":"LineString","coordinates":[[-0.2970,46.1024],[-0.2971,46.1024]]}},{"type":"Feature","properties":{"name":"La Bondoire"},"geometry":{"type":"LineString","coordinates":[[-0.3055,46.1018],[-0.3174,46.1096],[-0.3196,46.1101],[-0.3190,46.1117],[-0.3199,46.1141],[-0.3272,46.1121]]}},{"type":"Feature","properties":{"name":"La Bondoire"},"geometry":{"type":"LineString","coordinates":[[-0.2743,46.1039],[-0.2745,46.1040]]}},{"type":"Feature","properties":{"name":"La Bondoire"},"geometry":{"type":"LineString","coordinates":[[-0.2742,46.1039],[-0.2743,46.1039]]}},{"type":"Feature","properties":{"name":"La Bondoire"},"geometry":{"type":"LineString","coordinates":[[-0.2745,46.1040],[-0.2746,46.1040]]}},{"type":"Feature","properties":{"name":"La Bondoire"},"geometry":{"type":"LineString","coordinates":[[-0.2746,46.1040],[-0.2862,46.1050],[-0.2867,46.1060],[-0.2928,46.1050],[-0.2945,46.1029],[-0.2970,46.1024]]}},{"type":"Feature","properties":{"name":"La Bondoire"},"geometry":{"type":"LineString","coordinates":[[-0.2687,46.1019],[-0.2688,46.1020]]}},{"type":"Feature","properties":{"name":"La Bondoire"},"geometry":{"type":"LineString","coordinates":[[-0.2688,46.1020],[-0.2742,46.1039]]}},{"type":"Feature","properties":{"name":"La Bondoire"},"geometry":{"type":"LineString","coordinates":[[-0.3054,46.1018],[-0.3055,46.1018]]}},{"type":"Feature","properties":{"name":"La Bondoire"},"geometry":{"type":"LineString","coordinates":[[-0.2971,46.1024],[-0.3012,46.1015],[-0.3054,46.1018]]}},{"type":"Feature","properties":{"name":"Le Dolo"},"geometry":{"type":"LineString","coordinates":[[-0.5013,46.8482],[-0.5014,46.8508],[-0.5002,46.8518],[-0.5008,46.8530],[-0.4993,46.8541],[-0.4969,46.8536]]}},{"type":"Feature","properties":{"name":"Le Dolo"},"geometry":{"type":"LineString","coordinates":[[-0.4969,46.8536],[-0.4956,46.8541],[-0.4940,46.8572]]}},{"type":"Feature","properties":{"name":"Le Dolo"},"geometry":{"type":"LineString","coordinates":[[-0.4940,46.8572],[-0.4933,46.8575]]}},{"type":"Feature","properties":{"name":"Le Dolo"},"geometry":{"type":"LineString","coordinates":[[-0.4933,46.8575],[-0.4881,46.8612],[-0.4900,46.8633],[-0.4916,46.8636],[-0.4923,46.8648],[-0.4912,46.8658],[-0.4926,46.8668]]}},{"type":"Feature","properties":{"name":"Le Dolo"},"geometry":{"type":"LineString","coordinates":[[-0.4909,46.8752],[-0.4909,46.8765]]}},{"type":"Feature","properties":{"name":"Le Dolo"},"geometry":{"type":"LineString","coordinates":[[-0.4877,46.8878],[-0.4884,46.8898],[-0.4873,46.8910],[-0.4875,46.8931],[-0.4914,46.8959],[-0.4886,46.8975],[-0.4899,46.9013]]}},{"type":"Feature","properties":{"name":"Le Dolo"},"geometry":{"type":"LineString","coordinates":[[-0.4921,46.8741],[-0.4909,46.8752]]}},{"type":"Feature","properties":{"name":"Le Dolo"},"geometry":{"type":"LineString","coordinates":[[-0.4909,46.8752],[-0.4911,46.8769],[-0.4936,46.8773],[-0.4919,46.8792],[-0.4926,46.8827],[-0.4856,46.8845],[-0.4877,46.8878]]}},{"type":"Feature","properties":{"name":"Le Dolo"},"geometry":{"type":"LineString","coordinates":[[-0.4926,46.8668],[-0.4924,46.8682],[-0.4940,46.8696],[-0.4926,46.8700],[-0.4932,46.8719],[-0.4921,46.8741]]}},{"type":"Feature","properties":{"name":"Le Dolo"},"geometry":{"type":"LineString","coordinates":[[-0.5026,46.8351],[-0.5025,46.8383],[-0.5006,46.8395],[-0.5007,46.8408],[-0.5022,46.8411],[-0.5006,46.8425]]}},{"type":"Feature","properties":{"name":"Le Dolo"},"geometry":{"type":"LineString","coordinates":[[-0.5006,46.8425],[-0.4988,46.8464]]}},{"type":"Feature","properties":{"name":"Le Dolo"},"geometry":{"type":"LineString","coordinates":[[-0.4988,46.8464],[-0.5010,46.8470],[-0.5013,46.8482]]}},{"type":"Feature","properties":{"name":"Le Dolo"},"geometry":{"type":"LineString","coordinates":[[-0.5028,46.8349],[-0.5026,46.8351]]}},{"type":"Feature","properties":{"name":"La Motte"},"geometry":{"type":"LineString","coordinates":[[-0.5945,46.8827],[-0.5948,46.8854],[-0.5884,46.8902],[-0.5879,46.8923]]}},{"type":"Feature","properties":{"name":"La Motte"},"geometry":{"type":"LineString","coordinates":[[-0.5815,46.8977],[-0.5786,46.8996],[-0.5773,46.8992],[-0.5751,46.9011]]}},{"type":"Feature","properties":{"name":"La Motte"},"geometry":{"type":"LineString","coordinates":[[-0.5878,46.8923],[-0.5816,46.8976]]}},{"type":"Feature","properties":{"name":"La Motte"},"geometry":{"type":"LineString","coordinates":[[-0.5816,46.8976],[-0.5815,46.8977]]}},{"type":"Feature","properties":{"name":"La Motte"},"geometry":{"type":"LineString","coordinates":[[-0.5879,46.8923],[-0.5878,46.8923]]}},{"type":"Feature","properties":{"name":"La Motte"},"geometry":{"type":"LineString","coordinates":[[-0.5947,46.8827],[-0.5945,46.8827]]}},{"type":"Feature","properties":{"name":"La Motte"},"geometry":{"type":"LineString","coordinates":[[-0.5963,46.8804],[-0.5961,46.8809]]}},{"type":"Feature","properties":{"name":"La Motte"},"geometry":{"type":"LineString","coordinates":[[-0.5968,46.8796],[-0.5963,46.8804]]}},{"type":"Feature","properties":{"name":"La Motte"},"geometry":{"type":"LineString","coordinates":[[-0.5961,46.8809],[-0.5947,46.8827]]}},{"type":"Feature","properties":{"name":"La Motte"},"geometry":{"type":"LineString","coordinates":[[-0.5968,46.8795],[-0.5968,46.8796]]}},{"type":"Feature","properties":{"name":"La Motte"},"geometry":{"type":"LineString","coordinates":[[-0.5967,46.8790],[-0.5968,46.8795]]}},{"type":"Feature","properties":{"name":"Le Pamproux"},"geometry":{"type":"LineString","coordinates":[[-0.0428,46.3903],[-0.0434,46.3920]]}},{"type":"Feature","properties":{"name":"Le Pamproux"},"geometry":{"type":"LineString","coordinates":[[-0.0434,46.3920],[-0.0437,46.3922]]}},{"type":"Feature","properties":{"name":"Le Pamproux"},"geometry":{"type":"LineString","coordinates":[[-0.0567,46.3941],[-0.0570,46.3941]]}},{"type":"Feature","properties":{"name":"Le Pamproux"},"geometry":{"type":"LineString","coordinates":[[-0.0564,46.3941],[-0.0567,46.3941]]}},{"type":"Feature","properties":{"name":"Le Pamproux"},"geometry":{"type":"LineString","coordinates":[[-0.0564,46.3941],[-0.0567,46.3941]]}},{"type":"Feature","properties":{"name":"Le Pamproux"},"geometry":{"type":"LineString","coordinates":[[-0.0567,46.3941],[-0.0621,46.3931],[-0.0658,46.3943],[-0.0666,46.3928],[-0.0682,46.3923],[-0.0715,46.3931],[-0.0764,46.3917],[-0.0829,46.3915],[-0.0891,46.3871],[-0.0891,46.3855],[-0.0952,46.3863],[-0.0990,46.3840],[-0.0995,46.3801],[-0.1014,46.3780],[-0.1118,46.3802],[-0.1124,46.3770],[-0.1172,46.3781],[-0.1185,46.3775],[-0.1215,46.3787],[-0.1252,46.3745],[-0.1265,46.3745],[-0.1265,46.3735],[-0.1304,46.3764],[-0.1312,46.3761],[-0.1316,46.3775],[-0.1425,46.3798],[-0.1456,46.3814]]}},{"type":"Feature","properties":{"name":"Le Pamproux"},"geometry":{"type":"LineString","coordinates":[[-0.0437,46.3922],[-0.0429,46.3936],[-0.0452,46.3942],[-0.0482,46.3926],[-0.0492,46.3934],[-0.0564,46.3941]]}},{"type":"Feature","properties":{"name":"Le Pamproux"},"geometry":{"type":"LineString","coordinates":[[-0.1576,46.3877],[-0.1611,46.3878],[-0.1618,46.3888]]}},{"type":"Feature","properties":{"name":"Le Pamproux"},"geometry":{"type":"LineString","coordinates":[[-0.1574,46.3877],[-0.1576,46.3877]]}},{"type":"Feature","properties":{"name":"Le Pamproux"},"geometry":{"type":"LineString","coordinates":[[-0.1458,46.3814],[-0.1505,46.3817],[-0.1574,46.3877]]}},{"type":"Feature","properties":{"name":"Le Pamproux"},"geometry":{"type":"LineString","coordinates":[[-0.1456,46.3814],[-0.1458,46.3814]]}},{"type":"Feature","properties":{"name":"L\u0027Ouine"},"geometry":{"type":"LineString","coordinates":[[-0.5076,46.7116],[-0.5103,46.7124],[-0.5241,46.7103],[-0.5262,46.7089],[-0.5274,46.7066],[-0.5301,46.7064],[-0.5325,46.7049],[-0.5374,46.7056]]}},{"type":"Feature","properties":{"name":"L\u0027Ouine"},"geometry":{"type":"LineString","coordinates":[[-0.5495,46.7027],[-0.5495,46.7023]]}},{"type":"Feature","properties":{"name":"L\u0027Ouine"},"geometry":{"type":"LineString","coordinates":[[-0.5306,46.7060],[-0.5345,46.7055],[-0.5356,46.7062],[-0.5408,46.7041],[-0.5432,46.7051],[-0.5448,46.7038],[-0.5504,46.7025],[-0.5535,46.7031],[-0.5556,46.7025],[-0.5579,46.6997]]}},{"type":"Feature","properties":{"name":"L\u0027Ouine"},"geometry":{"type":"LineString","coordinates":[[-0.5495,46.7023],[-0.5529,46.7026],[-0.5550,46.7012]]}},{"type":"Feature","properties":{"name":"L\u0027Ouine"},"geometry":{"type":"LineString","coordinates":[[-0.5550,46.7012],[-0.5554,46.7011]]}},{"type":"Feature","properties":{"name":"L\u0027Ouine"},"geometry":{"type":"LineString","coordinates":[[-0.5554,46.7011],[-0.5567,46.6995]]}},{"type":"Feature","properties":{"name":"La Longèves"},"geometry":{"type":"LineString","coordinates":[[-0.8965,46.5180],[-0.8961,46.5143],[-0.8827,46.5106],[-0.8829,46.5083],[-0.8814,46.5060],[-0.8765,46.5040],[-0.8745,46.5005],[-0.8677,46.5012],[-0.8628,46.4983],[-0.8623,46.4963],[-0.8608,46.4961],[-0.8614,46.4950],[-0.8599,46.4916],[-0.8581,46.4918],[-0.8564,46.4906],[-0.8597,46.4874],[-0.8541,46.4877],[-0.8543,46.4843],[-0.8493,46.4810],[-0.8499,46.4787],[-0.8482,46.4783],[-0.8479,46.4762],[-0.8471,46.4759],[-0.8477,46.4740],[-0.8427,46.4728],[-0.8426,46.4696],[-0.8380,46.4677]]}},{"type":"Feature","properties":{"name":"La Longèves"},"geometry":{"type":"LineString","coordinates":[[-0.8826,46.5068],[-0.8825,46.5068]]}},{"type":"Feature","properties":{"name":"La Longèves"},"geometry":{"type":"LineString","coordinates":[[-0.8825,46.5068],[-0.8814,46.5060]]}},{"type":"Feature","properties":{"name":"La Longèves"},"geometry":{"type":"LineString","coordinates":[[-0.8823,46.5077],[-0.8826,46.5068]]}},{"type":"Feature","properties":{"name":"La Longèves"},"geometry":{"type":"LineString","coordinates":[[-0.8949,46.5139],[-0.8904,46.5134],[-0.8891,46.5122]]}},{"type":"Feature","properties":{"name":"La Longèves"},"geometry":{"type":"LineString","coordinates":[[-0.9044,46.5337],[-0.9045,46.5335]]}},{"type":"Feature","properties":{"name":"La Longèves"},"geometry":{"type":"LineString","coordinates":[[-0.9045,46.5335],[-0.9045,46.5334]]}},{"type":"Feature","properties":{"name":"La Longèves"},"geometry":{"type":"LineString","coordinates":[[-0.9046,46.5328],[-0.9042,46.5310]]}},{"type":"Feature","properties":{"name":"La Longèves"},"geometry":{"type":"LineString","coordinates":[[-0.8992,46.5211],[-0.8991,46.5210]]}},{"type":"Feature","properties":{"name":"La Longèves"},"geometry":{"type":"LineString","coordinates":[[-0.8993,46.5212],[-0.8992,46.5211]]}},{"type":"Feature","properties":{"name":"La Longèves"},"geometry":{"type":"LineString","coordinates":[[-0.9037,46.5260],[-0.9011,46.5245],[-0.8993,46.5212]]}},{"type":"Feature","properties":{"name":"La Longèves"},"geometry":{"type":"LineString","coordinates":[[-0.9042,46.5310],[-0.9053,46.5291],[-0.9046,46.5271]]}},{"type":"Feature","properties":{"name":"La Longèves"},"geometry":{"type":"LineString","coordinates":[[-0.9046,46.5271],[-0.9046,46.5271]]}},{"type":"Feature","properties":{"name":"La Longèves"},"geometry":{"type":"LineString","coordinates":[[-0.8996,46.5210],[-0.8994,46.5210]]}},{"type":"Feature","properties":{"name":"La Longèves"},"geometry":{"type":"LineString","coordinates":[[-0.8970,46.5196],[-0.8968,46.5187]]}},{"type":"Feature","properties":{"name":"La Longèves"},"geometry":{"type":"LineString","coordinates":[[-0.8970,46.5197],[-0.8970,46.5196]]}},{"type":"Feature","properties":{"name":"La Longèves"},"geometry":{"type":"LineString","coordinates":[[-0.8968,46.5187],[-0.8968,46.5186]]}},{"type":"Feature","properties":{"name":"La Longèves"},"geometry":{"type":"LineString","coordinates":[[-0.8994,46.5210],[-0.8974,46.5208],[-0.8970,46.5197]]}},{"type":"Feature","properties":{"name":"La Longèves"},"geometry":{"type":"LineString","coordinates":[[-0.8380,46.4675],[-0.8360,46.4662],[-0.8404,46.4634],[-0.8362,46.4614],[-0.8361,46.4588],[-0.8385,46.4558],[-0.8377,46.4548],[-0.8393,46.4506],[-0.8388,46.4493]]}},{"type":"Feature","properties":{"name":"La Longèves"},"geometry":{"type":"LineString","coordinates":[[-0.8380,46.4677],[-0.8380,46.4675]]}},{"type":"Feature","properties":{"name":"La Longèves"},"geometry":{"type":"LineString","coordinates":[[-0.8966,46.5181],[-0.8965,46.5180]]}},{"type":"Feature","properties":{"name":"La Longèves"},"geometry":{"type":"LineString","coordinates":[[-0.8968,46.5186],[-0.8966,46.5181]]}},{"type":"Feature","properties":{"name":"Le Pontioux"},"geometry":{"type":"LineString","coordinates":[[-0.2348,46.1256],[-0.2362,46.1224]]}},{"type":"Feature","properties":{"name":"Le Pontioux"},"geometry":{"type":"LineString","coordinates":[[-0.2369,46.1223],[-0.2371,46.1224]]}},{"type":"Feature","properties":{"name":"Le Pontioux"},"geometry":{"type":"LineString","coordinates":[[-0.2362,46.1224],[-0.2369,46.1223]]}},{"type":"Feature","properties":{"name":"Le Pontioux"},"geometry":{"type":"LineString","coordinates":[[-0.2371,46.1225],[-0.2375,46.1225]]}},{"type":"Feature","properties":{"name":"Le Pontioux"},"geometry":{"type":"LineString","coordinates":[[-0.2371,46.1224],[-0.2371,46.1225]]}},{"type":"Feature","properties":{"name":"Le Pontioux"},"geometry":{"type":"LineString","coordinates":[[-0.2375,46.1225],[-0.2378,46.1226]]}},{"type":"Feature","properties":{"name":"Le Pontioux"},"geometry":{"type":"LineString","coordinates":[[-0.2378,46.1226],[-0.2409,46.1229],[-0.2519,46.1269],[-0.2559,46.1256],[-0.2650,46.1265]]}},{"type":"Feature","properties":{"name":"Le Bief"},"geometry":{"type":"LineString","coordinates":[[-0.4667,46.2649],[-0.4682,46.2662],[-0.4722,46.2666],[-0.4743,46.2645],[-0.4792,46.2621],[-0.4848,46.2638],[-0.4882,46.2631],[-0.4994,46.2634],[-0.5034,46.2653],[-0.5032,46.2676],[-0.5065,46.2753]]}},{"type":"Feature","properties":{"name":"Le Bief"},"geometry":{"type":"LineString","coordinates":[[-0.6215,46.2329],[-0.6245,46.2315]]}},{"type":"Feature","properties":{"name":"Le Bief"},"geometry":{"type":"LineString","coordinates":[[-0.6212,46.2329],[-0.6215,46.2329]]}},{"type":"Feature","properties":{"name":"Le Bief"},"geometry":{"type":"LineString","coordinates":[[-0.6069,46.2340],[-0.6071,46.2342]]}},{"type":"Feature","properties":{"name":"Le Bief"},"geometry":{"type":"LineString","coordinates":[[-0.5848,46.2354],[-0.5870,46.2360],[-0.5928,46.2346],[-0.6069,46.2340]]}},{"type":"Feature","properties":{"name":"Le Bief"},"geometry":{"type":"LineString","coordinates":[[-0.6071,46.2342],[-0.6110,46.2344],[-0.6177,46.2325],[-0.6212,46.2329]]}},{"type":"Feature","properties":{"name":"Le Chambon"},"geometry":{"type":"LineString","coordinates":[[-0.2021,46.4597],[-0.2031,46.4580],[-0.2056,46.4583],[-0.2082,46.4571],[-0.2053,46.4551],[-0.2090,46.4534],[-0.2083,46.4517],[-0.2111,46.4485],[-0.2129,46.4426],[-0.2194,46.4375],[-0.2217,46.4376],[-0.2253,46.4361],[-0.2274,46.4334],[-0.2269,46.4320],[-0.2279,46.4325],[-0.2289,46.4317],[-0.2297,46.4325],[-0.2335,46.4289],[-0.2333,46.4271],[-0.2370,46.4244],[-0.2400,46.4236],[-0.2444,46.4241],[-0.2502,46.4216],[-0.2533,46.4220],[-0.2568,46.4192],[-0.2597,46.4204],[-0.2677,46.4194],[-0.2685,46.4180],[-0.2694,46.4182],[-0.2693,46.4172],[-0.2730,46.4162],[-0.2766,46.4173],[-0.2776,46.4154],[-0.2799,46.4156],[-0.2799,46.4145],[-0.2825,46.4125],[-0.2844,46.4131],[-0.2856,46.4118],[-0.2869,46.4125],[-0.2876,46.4108],[-0.2952,46.4091],[-0.2979,46.4074],[-0.3039,46.4022],[-0.3038,46.4008],[-0.3050,46.4010],[-0.3048,46.3996],[-0.3060,46.3985],[-0.3052,46.3981],[-0.3099,46.3930],[-0.3172,46.3926],[-0.3183,46.3941],[-0.3206,46.3948],[-0.3275,46.3946],[-0.3309,46.3908],[-0.3271,46.3884],[-0.3281,46.3846],[-0.3305,46.3833],[-0.3335,46.3796],[-0.3357,46.3802],[-0.3347,46.3788],[-0.3354,46.3778],[-0.3363,46.3785],[-0.3381,46.3771],[-0.3389,46.3775],[-0.3390,46.3762],[-0.3407,46.3768],[-0.3377,46.3753],[-0.3387,46.3742],[-0.3417,46.3746],[-0.3437,46.3735]]}},{"type":"Feature","properties":{"name":"Le Chambon"},"geometry":{"type":"LineString","coordinates":[[-0.2422,46.5105],[-0.2402,46.5101],[-0.2383,46.5077],[-0.2355,46.5076],[-0.2338,46.5055]]}},{"type":"Feature","properties":{"name":"Le Chambon"},"geometry":{"type":"LineString","coordinates":[[-0.2022,46.4600],[-0.2021,46.4597]]}},{"type":"Feature","properties":{"name":"Le Chambon"},"geometry":{"type":"LineString","coordinates":[[-0.2338,46.5055],[-0.2351,46.5038],[-0.2333,46.5021],[-0.2329,46.4992],[-0.2309,46.4959],[-0.2234,46.4917],[-0.2199,46.4923],[-0.2160,46.4889],[-0.2133,46.4883],[-0.2141,46.4864],[-0.2124,46.4836],[-0.2076,46.4816],[-0.2042,46.4743],[-0.2000,46.4730],[-0.2011,46.4719],[-0.1991,46.4698],[-0.2010,46.4673],[-0.1995,46.4654],[-0.2026,46.4622],[-0.2031,46.4608],[-0.2022,46.4600]]}},{"type":"Feature","properties":{"name":"Le Saint-Germier"},"geometry":{"type":"LineString","coordinates":[[-0.0280,46.4736],[-0.0278,46.4736]]}},{"type":"Feature","properties":{"name":"Le Saint-Germier"},"geometry":{"type":"LineString","coordinates":[[-0.0375,46.4699],[-0.0280,46.4736]]}},{"type":"Feature","properties":{"name":"L\u0027Ouin"},"geometry":{"type":"LineString","coordinates":[[-0.7696,46.9337],[-0.7717,46.9340],[-0.7736,46.9380],[-0.7788,46.9413],[-0.7777,46.9431],[-0.7787,46.9448],[-0.7772,46.9466],[-0.7786,46.9471],[-0.7780,46.9476],[-0.7790,46.9479],[-0.7794,46.9498],[-0.7808,46.9493],[-0.7816,46.9522],[-0.7836,46.9549],[-0.7848,46.9543],[-0.7853,46.9563],[-0.7898,46.9574],[-0.7886,46.9594],[-0.7908,46.9614],[-0.7925,46.9607],[-0.7945,46.9624],[-0.7988,46.9630],[-0.8025,46.9654],[-0.8057,46.9638],[-0.8075,46.9658],[-0.8089,46.9658],[-0.8085,46.9620],[-0.8108,46.9612],[-0.8110,46.9587],[-0.8130,46.9584],[-0.8160,46.9558],[-0.8148,46.9540],[-0.8177,46.9544],[-0.8187,46.9531]]}},{"type":"Feature","properties":{"name":"L\u0027Ouin"},"geometry":{"type":"LineString","coordinates":[[-0.8187,46.9531],[-0.8197,46.9520],[-0.8212,46.9520],[-0.8209,46.9529],[-0.8258,46.9555],[-0.8253,46.9562],[-0.8294,46.9562],[-0.8308,46.9592],[-0.8371,46.9611],[-0.8387,46.9604],[-0.8424,46.9633],[-0.8480,46.9637],[-0.8502,46.9648],[-0.8517,46.9672],[-0.8568,46.9668],[-0.8593,46.9676],[-0.8609,46.9686],[-0.8612,46.9702],[-0.8628,46.9703],[-0.8622,46.9710],[-0.8631,46.9716],[-0.8630,46.9726],[-0.8673,46.9726],[-0.8682,46.9733],[-0.8699,46.9720],[-0.8724,46.9739],[-0.8793,46.9747],[-0.8802,46.9753],[-0.8796,46.9761],[-0.8822,46.9775],[-0.8822,46.9765],[-0.8850,46.9773],[-0.8852,46.9763],[-0.8884,46.9756],[-0.8957,46.9757],[-0.8976,46.9733],[-0.8976,46.9711],[-0.9030,46.9719],[-0.9037,46.9712],[-0.9022,46.9702],[-0.9043,46.9682],[-0.9073,46.9684]]}},{"type":"Feature","properties":{"name":"La Dive"},"geometry":{"type":"LineString","coordinates":[[-0.0118,46.9008],[-0.0062,46.9066],[-0.0060,46.9123],[-0.0045,46.9129]]}},{"type":"Feature","properties":{"name":"La Dive"},"geometry":{"type":"LineString","coordinates":[[-0.0449,46.9670],[-0.0429,46.9711]]}},{"type":"Feature","properties":{"name":"La Dive"},"geometry":{"type":"LineString","coordinates":[[-0.0455,46.9656],[-0.0453,46.9659]]}},{"type":"Feature","properties":{"name":"La Dive"},"geometry":{"type":"LineString","coordinates":[[-0.0459,46.9660],[-0.0453,46.9658]]}},{"type":"Feature","properties":{"name":"La Dive"},"geometry":{"type":"LineString","coordinates":[[-0.0045,46.9129],[-0.0036,46.9140],[-0.0035,46.9180],[-0.0007,46.9212],[-0.0019,46.9260],[-0.0046,46.9269],[-0.0068,46.9310],[-0.0089,46.9324],[-0.0164,46.9340],[-0.0235,46.9398],[-0.0304,46.9414],[-0.0314,46.9457],[-0.0308,46.9471],[-0.0325,46.9509],[-0.0396,46.9567],[-0.0456,46.9594],[-0.0463,46.9659],[-0.0453,46.9659],[-0.0449,46.9670]]}},{"type":"Feature","properties":{"name":"La Sèvre Nantaise"},"geometry":{"type":"LineString","coordinates":[[-0.9050,46.9671],[-0.9070,46.9673],[-0.9076,46.9690],[-0.9100,46.9695],[-0.9147,46.9690],[-0.9180,46.9668],[-0.9209,46.9668],[-0.9239,46.9645],[-0.9258,46.9654]]}},{"type":"Feature","properties":{"name":"La Sèvre Nantaise"},"geometry":{"type":"LineString","coordinates":[[-0.8690,46.9127],[-0.8742,46.9164],[-0.8748,46.9181],[-0.8731,46.9215],[-0.8736,46.9238],[-0.8726,46.9246],[-0.8729,46.9259],[-0.8721,46.9268],[-0.8730,46.9284],[-0.8708,46.9290],[-0.8688,46.9278],[-0.8675,46.9285]]}},{"type":"Feature","properties":{"name":"La Sèvre Nantaise"},"geometry":{"type":"LineString","coordinates":[[-0.8810,46.9465],[-0.8839,46.9507],[-0.8854,46.9550],[-0.8888,46.9578],[-0.8881,46.9599],[-0.8888,46.9623],[-0.8940,46.9632],[-0.8967,46.9621],[-0.8980,46.9640],[-0.9010,46.9645],[-0.9028,46.9666],[-0.9050,46.9671]]}},{"type":"Feature","properties":{"name":"La Sèvre Nantaise"},"geometry":{"type":"LineString","coordinates":[[-0.8675,46.9285],[-0.8671,46.9293],[-0.8690,46.9307],[-0.8692,46.9343],[-0.8726,46.9356],[-0.8746,46.9380],[-0.8749,46.9404],[-0.8819,46.9442],[-0.8810,46.9465]]}},{"type":"Feature","properties":{"name":"Le Thouaret"},"geometry":{"type":"LineString","coordinates":[[-0.1766,46.9247],[-0.1760,46.9248],[-0.1769,46.9286],[-0.1777,46.9293],[-0.1760,46.9319],[-0.1728,46.9317],[-0.1667,46.9335],[-0.1621,46.9295],[-0.1576,46.9300]]}},{"type":"Feature","properties":{"name":"Le Thouaret"},"geometry":{"type":"LineString","coordinates":[[-0.2089,46.9023],[-0.2088,46.9058],[-0.2132,46.9079],[-0.2123,46.9106],[-0.2093,46.9126],[-0.2056,46.9139],[-0.1949,46.9151],[-0.1928,46.9157],[-0.1912,46.9178],[-0.1879,46.9182],[-0.1860,46.9207],[-0.1880,46.9238],[-0.1870,46.9264],[-0.1829,46.9257],[-0.1819,46.9233],[-0.1804,46.9223],[-0.1783,46.9230],[-0.1784,46.9249],[-0.1766,46.9247]]}},{"type":"Feature","properties":{"name":"L\u0027Èvre"},"geometry":{"type":"LineString","coordinates":[[-0.6942,47.1310],[-0.6953,47.1299],[-0.7002,47.1287],[-0.7042,47.1250]]}},{"type":"Feature","properties":{"name":"L\u0027Èvre"},"geometry":{"type":"LineString","coordinates":[[-0.7665,47.1204],[-0.7703,47.1217],[-0.7747,47.1217]]}},{"type":"Feature","properties":{"name":"L\u0027Èvre"},"geometry":{"type":"LineString","coordinates":[[-0.8253,47.1161],[-0.8266,47.1159]]}},{"type":"Feature","properties":{"name":"L\u0027Èvre"},"geometry":{"type":"LineString","coordinates":[[-0.8586,47.1222],[-0.8610,47.1225],[-0.8629,47.1213],[-0.8652,47.1218],[-0.8669,47.1228],[-0.8672,47.1244],[-0.8682,47.1245],[-0.8675,47.1254],[-0.8703,47.1257],[-0.8733,47.1286],[-0.8773,47.1285],[-0.8774,47.1297],[-0.8757,47.1311],[-0.8760,47.1325],[-0.8788,47.1340],[-0.8807,47.1369],[-0.8808,47.1417],[-0.8841,47.1432],[-0.8789,47.1470],[-0.8796,47.1474],[-0.8782,47.1491],[-0.8798,47.1518],[-0.8790,47.1527],[-0.8796,47.1532],[-0.8785,47.1534],[-0.8759,47.1570],[-0.8761,47.1608],[-0.8730,47.1638],[-0.8730,47.1676]]}},{"type":"Feature","properties":{"name":"L\u0027Èvre"},"geometry":{"type":"LineString","coordinates":[[-0.8009,47.1181],[-0.8013,47.1183]]}},{"type":"Feature","properties":{"name":"L\u0027Èvre"},"geometry":{"type":"LineString","coordinates":[[-0.8013,47.1183],[-0.8084,47.1156],[-0.8129,47.1160],[-0.8203,47.1149],[-0.8229,47.1165],[-0.8253,47.1161]]}},{"type":"Feature","properties":{"name":"L\u0027Èvre"},"geometry":{"type":"LineString","coordinates":[[-0.7749,47.1218],[-0.7823,47.1196],[-0.7849,47.1196],[-0.7873,47.1173],[-0.7966,47.1194],[-0.8009,47.1181]]}},{"type":"Feature","properties":{"name":"L\u0027Èvre"},"geometry":{"type":"LineString","coordinates":[[-0.7747,47.1217],[-0.7749,47.1218]]}},{"type":"Feature","properties":{"name":"L\u0027Èvre"},"geometry":{"type":"LineString","coordinates":[[-0.7151,47.1217],[-0.7178,47.1216],[-0.7196,47.1227]]}},{"type":"Feature","properties":{"name":"L\u0027Èvre"},"geometry":{"type":"LineString","coordinates":[[-0.7047,47.1247],[-0.7093,47.1235]]}},{"type":"Feature","properties":{"name":"L\u0027Èvre"},"geometry":{"type":"LineString","coordinates":[[-0.7042,47.1250],[-0.7047,47.1247]]}},{"type":"Feature","properties":{"name":"L\u0027Èvre"},"geometry":{"type":"LineString","coordinates":[[-0.7119,47.1227],[-0.7142,47.1219]]}},{"type":"Feature","properties":{"name":"L\u0027Èvre"},"geometry":{"type":"LineString","coordinates":[[-0.7526,47.1260],[-0.7554,47.1263],[-0.7578,47.1245],[-0.7623,47.1239],[-0.7627,47.1223],[-0.7664,47.1204]]}},{"type":"Feature","properties":{"name":"L\u0027Èvre"},"geometry":{"type":"LineString","coordinates":[[-0.7198,47.1227],[-0.7249,47.1249]]}},{"type":"Feature","properties":{"name":"L\u0027Èvre"},"geometry":{"type":"LineString","coordinates":[[-0.7273,47.1263],[-0.7272,47.1263]]}},{"type":"Feature","properties":{"name":"L\u0027Èvre"},"geometry":{"type":"LineString","coordinates":[[-0.7249,47.1249],[-0.7250,47.1250]]}},{"type":"Feature","properties":{"name":"L\u0027Èvre"},"geometry":{"type":"LineString","coordinates":[[-0.7196,47.1227],[-0.7198,47.1227]]}},{"type":"Feature","properties":{"name":"L\u0027Èvre"},"geometry":{"type":"LineString","coordinates":[[-0.7250,47.1250],[-0.7273,47.1263]]}},{"type":"Feature","properties":{"name":"L\u0027Èvre"},"geometry":{"type":"LineString","coordinates":[[-0.8266,47.1159],[-0.8302,47.1171],[-0.8328,47.1160],[-0.8349,47.1163],[-0.8362,47.1145],[-0.8432,47.1134],[-0.8450,47.1150],[-0.8491,47.1149],[-0.8503,47.1165],[-0.8548,47.1164],[-0.8549,47.1172],[-0.8536,47.1176],[-0.8544,47.1185],[-0.8518,47.1195],[-0.8520,47.1218],[-0.8552,47.1233],[-0.8586,47.1222]]}},{"type":"Feature","properties":{"name":"L\u0027Èvre"},"geometry":{"type":"LineString","coordinates":[[-0.7664,47.1204],[-0.7665,47.1204]]}},{"type":"Feature","properties":{"name":"L\u0027Èvre"},"geometry":{"type":"LineString","coordinates":[[-0.7525,47.1260],[-0.7526,47.1260]]}},{"type":"Feature","properties":{"name":"L\u0027Èvre"},"geometry":{"type":"LineString","coordinates":[[-0.7272,47.1263],[-0.7260,47.1272],[-0.7270,47.1286],[-0.7403,47.1300],[-0.7442,47.1276],[-0.7471,47.1273],[-0.7483,47.1258],[-0.7525,47.1260]]}},{"type":"Feature","properties":{"name":"L\u0027Èvre"},"geometry":{"type":"LineString","coordinates":[[-0.7113,47.1228],[-0.7119,47.1227]]}},{"type":"Feature","properties":{"name":"L\u0027Èvre"},"geometry":{"type":"LineString","coordinates":[[-0.7142,47.1219],[-0.7143,47.1218]]}},{"type":"Feature","properties":{"name":"L\u0027Èvre"},"geometry":{"type":"LineString","coordinates":[[-0.7093,47.1235],[-0.7113,47.1228]]}},{"type":"Feature","properties":{"name":"L\u0027Èvre"},"geometry":{"type":"LineString","coordinates":[[-0.7150,47.1218],[-0.7151,47.1217]]}},{"type":"Feature","properties":{"name":"L\u0027Èvre"},"geometry":{"type":"LineString","coordinates":[[-0.7143,47.1218],[-0.7150,47.1218]]}},{"type":"Feature","properties":{"name":"L\u0027Ouère"},"geometry":{"type":"LineString","coordinates":[[-0.6319,47.0371],[-0.6295,47.0365],[-0.6285,47.0352],[-0.6211,47.0350],[-0.6209,47.0334],[-0.6176,47.0329],[-0.6147,47.0343],[-0.6082,47.0327],[-0.6004,47.0341],[-0.5965,47.0323],[-0.5904,47.0337],[-0.5872,47.0334],[-0.5855,47.0301],[-0.5837,47.0297],[-0.5808,47.0316],[-0.5786,47.0318],[-0.5759,47.0291],[-0.5696,47.0313],[-0.5639,47.0286],[-0.5622,47.0306],[-0.5563,47.0309],[-0.5520,47.0291],[-0.5479,47.0296],[-0.5470,47.0289]]}},{"type":"Feature","properties":{"name":"L\u0027Ouère"},"geometry":{"type":"LineString","coordinates":[[-0.6040,47.0337],[-0.6035,47.0340]]}},{"type":"Feature","properties":{"name":"L\u0027Ouère"},"geometry":{"type":"LineString","coordinates":[[-0.5470,47.0289],[-0.5471,47.0265],[-0.5458,47.0258],[-0.5386,47.0259],[-0.5356,47.0270],[-0.5342,47.0242],[-0.5323,47.0237],[-0.5302,47.0245],[-0.5275,47.0229],[-0.5222,47.0239],[-0.5175,47.0265],[-0.5143,47.0251],[-0.5104,47.0217],[-0.5034,47.0226],[-0.5039,47.0203],[-0.5012,47.0201],[-0.4996,47.0176],[-0.5021,47.0162],[-0.5016,47.0150],[-0.5004,47.0141],[-0.4973,47.0153],[-0.4923,47.0137],[-0.4903,47.0108],[-0.4910,47.0067],[-0.4836,47.0061],[-0.4876,47.0036],[-0.4869,47.0026],[-0.4818,47.0006],[-0.4779,47.0008],[-0.4741,46.9990],[-0.4688,46.9983],[-0.4662,46.9969],[-0.4672,46.9951],[-0.4668,46.9937],[-0.4611,46.9915],[-0.4632,46.9904],[-0.4620,46.9890],[-0.4506,46.9894],[-0.4481,46.9885],[-0.4492,46.9867],[-0.4470,46.9862],[-0.4422,46.9871],[-0.4414,46.9855]]}},{"type":"Feature","properties":{"name":"Le Layon"},"geometry":{"type":"LineString","coordinates":[[-0.4832,47.0586],[-0.4853,47.0636],[-0.4850,47.0659],[-0.4788,47.0715],[-0.4724,47.0725]]}},{"type":"Feature","properties":{"name":"Le Layon"},"geometry":{"type":"LineString","coordinates":[[-0.3887,47.1039],[-0.3833,47.1082],[-0.3729,47.1083],[-0.3729,47.1105],[-0.3704,47.1132],[-0.3634,47.1138],[-0.3608,47.1171],[-0.3534,47.1163],[-0.3496,47.1207],[-0.3449,47.1237],[-0.3448,47.1257],[-0.3423,47.1286],[-0.3381,47.1306],[-0.3334,47.1309]]}},{"type":"Feature","properties":{"name":"Le Layon"},"geometry":{"type":"LineString","coordinates":[[-0.3496,47.1207],[-0.3483,47.1217]]}},{"type":"Feature","properties":{"name":"Le Layon"},"geometry":{"type":"LineString","coordinates":[[-0.3183,47.1362],[-0.3174,47.1351],[-0.3117,47.1366],[-0.3107,47.1397],[-0.3030,47.1469],[-0.3047,47.1497]]}},{"type":"Feature","properties":{"name":"Le Layon"},"geometry":{"type":"LineString","coordinates":[[-0.3334,47.1309],[-0.3326,47.1316]]}},{"type":"Feature","properties":{"name":"Le Layon"},"geometry":{"type":"LineString","coordinates":[[-0.4724,47.0725],[-0.4722,47.0726]]}},{"type":"Feature","properties":{"name":"Le Layon"},"geometry":{"type":"LineString","coordinates":[[-0.3481,47.1216],[-0.3479,47.1216]]}},{"type":"Feature","properties":{"name":"Le Layon"},"geometry":{"type":"LineString","coordinates":[[-0.3483,47.1217],[-0.3481,47.1216]]}},{"type":"Feature","properties":{"name":"Le Layon"},"geometry":{"type":"LineString","coordinates":[[-0.3326,47.1316],[-0.3307,47.1330],[-0.3289,47.1370],[-0.3194,47.1359],[-0.3115,47.1379],[-0.3112,47.1407],[-0.3081,47.1423],[-0.3075,47.1436],[-0.3086,47.1441],[-0.3073,47.1465],[-0.3081,47.1476],[-0.3074,47.1490],[-0.3049,47.1496],[-0.3025,47.1519],[-0.2975,47.1532],[-0.3003,47.1559],[-0.3065,47.1575],[-0.3080,47.1617],[-0.3102,47.1638],[-0.3150,47.1616],[-0.3163,47.1595],[-0.3246,47.1619],[-0.3267,47.1648]]}},{"type":"Feature","properties":{"name":"Le Layon"},"geometry":{"type":"LineString","coordinates":[[-0.3326,47.1316],[-0.3326,47.1316]]}},{"type":"Feature","properties":{"name":"Layon"},"geometry":{"type":"LineString","coordinates":[[-0.4722,47.0726],[-0.4686,47.0736],[-0.4639,47.0705],[-0.4565,47.0722],[-0.4551,47.0742],[-0.4500,47.0761],[-0.4463,47.0794],[-0.4464,47.0815],[-0.4443,47.0828],[-0.4442,47.0853],[-0.4424,47.0874],[-0.4439,47.0902],[-0.4415,47.0931],[-0.4398,47.0935],[-0.4334,47.0900]]}},{"type":"Feature","properties":{"name":"Layon"},"geometry":{"type":"LineString","coordinates":[[-0.4298,47.0894],[-0.4292,47.0897]]}},{"type":"Feature","properties":{"name":"Layon"},"geometry":{"type":"LineString","coordinates":[[-0.4300,47.0894],[-0.4298,47.0894]]}},{"type":"Feature","properties":{"name":"Layon"},"geometry":{"type":"LineString","coordinates":[[-0.4292,47.0897],[-0.4160,47.0975],[-0.4136,47.0978],[-0.4104,47.0962],[-0.4080,47.0984],[-0.4038,47.0985],[-0.4009,47.0972],[-0.3887,47.1039]]}},{"type":"Feature","properties":{"name":"Layon"},"geometry":{"type":"LineString","coordinates":[[-0.4334,47.0900],[-0.4300,47.0894]]}},{"type":"Feature","properties":{"name":"L\u0027Argenton"},"geometry":{"type":"LineString","coordinates":[[-0.2856,47.0274],[-0.2827,47.0301],[-0.2817,47.0337],[-0.2781,47.0368],[-0.2776,47.0420]]}},{"type":"Feature","properties":{"name":"L\u0027Argenton"},"geometry":{"type":"LineString","coordinates":[[-0.4213,46.9864],[-0.4084,46.9892],[-0.4069,46.9882],[-0.4017,46.9884],[-0.3986,46.9873],[-0.3907,46.9904],[-0.3895,46.9934]]}},{"type":"Feature","properties":{"name":"L\u0027Argenton"},"geometry":{"type":"LineString","coordinates":[[-0.3895,46.9934],[-0.3805,46.9923],[-0.3700,46.9943]]}},{"type":"Feature","properties":{"name":"L\u0027Argenton"},"geometry":{"type":"LineString","coordinates":[[-0.2188,47.0946],[-0.2162,47.0943],[-0.2173,47.0919],[-0.2140,47.0895],[-0.2116,47.0919],[-0.2062,47.0932]]}},{"type":"Feature","properties":{"name":"L\u0027Argenton"},"geometry":{"type":"LineString","coordinates":[[-0.4868,46.9626],[-0.4840,46.9639],[-0.4828,46.9665],[-0.4801,46.9691],[-0.4751,46.9685],[-0.4726,46.9720],[-0.4667,46.9722],[-0.4654,46.9771],[-0.4665,46.9781],[-0.4659,46.9791],[-0.4629,46.9782],[-0.4595,46.9788],[-0.4572,46.9804],[-0.4566,46.9822],[-0.4509,46.9814],[-0.4450,46.9819],[-0.4421,46.9852],[-0.4404,46.9855]]}},{"type":"Feature","properties":{"name":"L\u0027Argenton"},"geometry":{"type":"LineString","coordinates":[[-0.3700,46.9943],[-0.3653,46.9951],[-0.3609,46.9937],[-0.3604,46.9953],[-0.3575,46.9978],[-0.3483,46.9964],[-0.3427,46.9982],[-0.3430,46.9997],[-0.3387,47.0018],[-0.3370,47.0037],[-0.3362,47.0069],[-0.3320,47.0063],[-0.3293,47.0081],[-0.3199,47.0090],[-0.3050,47.0124],[-0.3039,47.0144],[-0.3075,47.0158],[-0.3074,47.0170],[-0.3056,47.0177],[-0.2969,47.0165],[-0.2941,47.0175],[-0.2887,47.0247],[-0.2856,47.0274]]}},{"type":"Feature","properties":{"name":"L\u0027Argenton"},"geometry":{"type":"LineString","coordinates":[[-0.2776,47.0420],[-0.2701,47.0443],[-0.2678,47.0481],[-0.2643,47.0484],[-0.2644,47.0509],[-0.2604,47.0539],[-0.2586,47.0574],[-0.2539,47.0625],[-0.2534,47.0635],[-0.2544,47.0646],[-0.2592,47.0654],[-0.2632,47.0689]]}},{"type":"Feature","properties":{"name":"L\u0027Argenton"},"geometry":{"type":"LineString","coordinates":[[-0.2632,47.0689],[-0.2634,47.0711],[-0.2616,47.0721],[-0.2577,47.0728],[-0.2539,47.0715],[-0.2519,47.0731],[-0.2516,47.0756]]}},{"type":"Feature","properties":{"name":"L\u0027Argenton"},"geometry":{"type":"LineString","coordinates":[[-0.2062,47.0932],[-0.2037,47.0942]]}},{"type":"Feature","properties":{"name":"L\u0027Argenton"},"geometry":{"type":"LineString","coordinates":[[-0.5037,46.9448],[-0.5004,46.9456],[-0.4983,46.9511],[-0.4946,46.9543],[-0.4942,46.9560],[-0.4902,46.9595],[-0.4892,46.9616],[-0.4868,46.9626]]}},{"type":"Feature","properties":{"name":"L\u0027Argenton"},"geometry":{"type":"LineString","coordinates":[[-0.4404,46.9855],[-0.4353,46.9844],[-0.4353,46.9819],[-0.4324,46.9817],[-0.4301,46.9821],[-0.4292,46.9872],[-0.4270,46.9900],[-0.4248,46.9896],[-0.4213,46.9864]]}},{"type":"Feature","properties":{"name":"L\u0027Argenton"},"geometry":{"type":"LineString","coordinates":[[-0.2646,47.0497],[-0.2633,47.0506],[-0.2633,47.0515]]}},{"type":"Feature","properties":{"name":"L\u0027Argenton"},"geometry":{"type":"LineString","coordinates":[[-0.2516,47.0756],[-0.2522,47.0778],[-0.2465,47.0807],[-0.2467,47.0847],[-0.2434,47.0874],[-0.2388,47.0883],[-0.2367,47.0909],[-0.2349,47.0906],[-0.2342,47.0880],[-0.2320,47.0879],[-0.2300,47.0907],[-0.2265,47.0911],[-0.2259,47.0919],[-0.2269,47.0930],[-0.2262,47.0936],[-0.2211,47.0932],[-0.2188,47.0946]]}},{"type":"Feature","properties":{"name":"La Moine"},"geometry":{"type":"LineString","coordinates":[[-0.6799,46.9876],[-0.6870,46.9882]]}},{"type":"Feature","properties":{"name":"La Moine"},"geometry":{"type":"LineString","coordinates":[[-0.7532,47.0041],[-0.7542,47.0034]]}},{"type":"Feature","properties":{"name":"La Moine"},"geometry":{"type":"LineString","coordinates":[[-0.8476,47.0251],[-0.8478,47.0240],[-0.8494,47.0233],[-0.8540,47.0255],[-0.8556,47.0281],[-0.8555,47.0302],[-0.8546,47.0310],[-0.8589,47.0351],[-0.8602,47.0351],[-0.8601,47.0370],[-0.8625,47.0392],[-0.8621,47.0409],[-0.8641,47.0432],[-0.8632,47.0467],[-0.8655,47.0471],[-0.8675,47.0459],[-0.8707,47.0467],[-0.8705,47.0473],[-0.8741,47.0497],[-0.8743,47.0517],[-0.8761,47.0527],[-0.8769,47.0553],[-0.8783,47.0560]]}},{"type":"Feature","properties":{"name":"La Moine"},"geometry":{"type":"LineString","coordinates":[[-0.8796,47.0565],[-0.8808,47.0578],[-0.8827,47.0582],[-0.8877,47.0571],[-0.8936,47.0587],[-0.8964,47.0584],[-0.8989,47.0574],[-0.8991,47.0565],[-0.9072,47.0552],[-0.9083,47.0515],[-0.9127,47.0532],[-0.9136,47.0553],[-0.9122,47.0555],[-0.9137,47.0566],[-0.9162,47.0568],[-0.9193,47.0556],[-0.9195,47.0546],[-0.9234,47.0539],[-0.9271,47.0563],[-0.9261,47.0570],[-0.9269,47.0578],[-0.9320,47.0591],[-0.9367,47.0582],[-0.9375,47.0603],[-0.9394,47.0613],[-0.9434,47.0606]]}},{"type":"Feature","properties":{"name":"La Moine"},"geometry":{"type":"LineString","coordinates":[[-0.6870,46.9882],[-0.6871,46.9882]]}},{"type":"Feature","properties":{"name":"La Moine"},"geometry":{"type":"LineString","coordinates":[[-0.6871,46.9882],[-0.6895,46.9903],[-0.6897,46.9931],[-0.6932,46.9923],[-0.6966,46.9949],[-0.7012,46.9924],[-0.7048,46.9922],[-0.7084,46.9947],[-0.7118,46.9954],[-0.7117,46.9971],[-0.7157,46.9985],[-0.7162,47.0000],[-0.7217,47.0011],[-0.7278,47.0051],[-0.7310,47.0045],[-0.7323,47.0055],[-0.7362,47.0058],[-0.7379,47.0050],[-0.7411,47.0063],[-0.7516,47.0046]]}},{"type":"Feature","properties":{"name":"La Moine"},"geometry":{"type":"LineString","coordinates":[[-0.7689,47.0024],[-0.7720,47.0038],[-0.7791,47.0041],[-0.7829,47.0021],[-0.7845,47.0040],[-0.7882,47.0057],[-0.7892,47.0078],[-0.7980,47.0085],[-0.8026,47.0101],[-0.8094,47.0099],[-0.8170,47.0118],[-0.8217,47.0165],[-0.8205,47.0203],[-0.8214,47.0226],[-0.8201,47.0238],[-0.8229,47.0301],[-0.8239,47.0311],[-0.8286,47.0319],[-0.8334,47.0363],[-0.8366,47.0364],[-0.8378,47.0356],[-0.8387,47.0332],[-0.8444,47.0300],[-0.8476,47.0251]]}},{"type":"Feature","properties":{"name":"La Moine"},"geometry":{"type":"LineString","coordinates":[[-0.7516,47.0046],[-0.7568,47.0024],[-0.7582,47.0007],[-0.7602,47.0018],[-0.7634,47.0011],[-0.7689,47.0024]]}},{"type":"Feature","properties":{"name":"La Moine"},"geometry":{"type":"LineString","coordinates":[[-0.7575,47.0018],[-0.7606,47.0019]]}},{"type":"Feature","properties":{"name":"La Scie"},"geometry":{"type":"LineString","coordinates":[[-0.6400,46.9629],[-0.6391,46.9609],[-0.6342,46.9605],[-0.6314,46.9588],[-0.6305,46.9575],[-0.6319,46.9559],[-0.6308,46.9542],[-0.6285,46.9535],[-0.6289,46.9514],[-0.6266,46.9499],[-0.6265,46.9489],[-0.6224,46.9492],[-0.6174,46.9480],[-0.6161,46.9470],[-0.6126,46.9474],[-0.6103,46.9455],[-0.6006,46.9464],[-0.5988,46.9436],[-0.5964,46.9430],[-0.5861,46.9444],[-0.5798,46.9418],[-0.5804,46.9402],[-0.5798,46.9392],[-0.5758,46.9370]]}},{"type":"Feature","properties":{"name":"Le Thouet"},"geometry":{"type":"LineString","coordinates":[[-0.2095,47.0793],[-0.2076,47.0818],[-0.2044,47.0829],[-0.2010,47.0823],[-0.1981,47.0848],[-0.1985,47.0874],[-0.2023,47.0881],[-0.2051,47.0924],[-0.2037,47.0942]]}},{"type":"Feature","properties":{"name":"Le Thouet"},"geometry":{"type":"LineString","coordinates":[[-0.2037,47.0942],[-0.1996,47.0973],[-0.1951,47.0978],[-0.1862,47.1016],[-0.1877,47.1056],[-0.1847,47.1069],[-0.1862,47.1096],[-0.1860,47.1126],[-0.1876,47.1170],[-0.1841,47.1213],[-0.1815,47.1228],[-0.1783,47.1224],[-0.1767,47.1203],[-0.1737,47.1201],[-0.1713,47.1186],[-0.1665,47.1208],[-0.1660,47.1224],[-0.1707,47.1264],[-0.1702,47.1284],[-0.1469,47.1397],[-0.1449,47.1436],[-0.1339,47.1498],[-0.1315,47.1555],[-0.1244,47.1606]]}},{"type":"Feature","properties":{"name":"Le Thouet"},"geometry":{"type":"LineString","coordinates":[[-0.2084,46.9730],[-0.2143,46.9725],[-0.2151,46.9714],[-0.2134,46.9681],[-0.2180,46.9677],[-0.2208,46.9733],[-0.2204,46.9795],[-0.2216,46.9813],[-0.2253,46.9821],[-0.2328,46.9812],[-0.2429,46.9833],[-0.2485,46.9896],[-0.2463,46.9974],[-0.2475,46.9998],[-0.2465,47.0044],[-0.2589,47.0131],[-0.2544,47.0215],[-0.2420,47.0264],[-0.2357,47.0301],[-0.2350,47.0327],[-0.2371,47.0355],[-0.2361,47.0377],[-0.2331,47.0407],[-0.2299,47.0419],[-0.2288,47.0443],[-0.2295,47.0461],[-0.2330,47.0460],[-0.2344,47.0475],[-0.2281,47.0532]]}},{"type":"Feature","properties":{"name":"Le Thouet"},"geometry":{"type":"LineString","coordinates":[[-0.2275,47.0526],[-0.2251,47.0548]]}},{"type":"Feature","properties":{"name":"Le Thouet"},"geometry":{"type":"LineString","coordinates":[[-0.2281,47.0532],[-0.2229,47.0559],[-0.2213,47.0579],[-0.2262,47.0622],[-0.2252,47.0665],[-0.2230,47.0678],[-0.2185,47.0669],[-0.2189,47.0687],[-0.2170,47.0750],[-0.2099,47.0766],[-0.2095,47.0793]]}},{"type":"Feature","properties":{"name":"Le Thouet"},"geometry":{"type":"LineString","coordinates":[[-0.2277,47.0526],[-0.2275,47.0526]]}},{"type":"Feature","properties":{"name":"Le Thouet"},"geometry":{"type":"LineString","coordinates":[[-0.2294,47.0522],[-0.2277,47.0526]]}},{"type":"Feature","properties":{"name":"La Motte"},"geometry":{"type":"LineString","coordinates":[[-0.5750,46.9012],[-0.5722,46.9039],[-0.5660,46.9068],[-0.5658,46.9078],[-0.5593,46.9101],[-0.5554,46.9103],[-0.5523,46.9138],[-0.5484,46.9158],[-0.5464,46.9189],[-0.5451,46.9193],[-0.5444,46.9208],[-0.5450,46.9216],[-0.5430,46.9221],[-0.5424,46.9243],[-0.5399,46.9255],[-0.5418,46.9295],[-0.5387,46.9321]]}},{"type":"Feature","properties":{"name":"La Motte"},"geometry":{"type":"LineString","coordinates":[[-0.5751,46.9011],[-0.5750,46.9012]]}},{"type":"Feature","properties":{"name":"Le Dolo"},"geometry":{"type":"LineString","coordinates":[[-0.5004,46.9334],[-0.5005,46.9362],[-0.4996,46.9371],[-0.5003,46.9400],[-0.4989,46.9423],[-0.5034,46.9434],[-0.5037,46.9448]]}},{"type":"Feature","properties":{"name":"Le Dolo"},"geometry":{"type":"LineString","coordinates":[[-0.4899,46.9013],[-0.4909,46.9024],[-0.4902,46.9052],[-0.4948,46.9056],[-0.4950,46.9068],[-0.4931,46.9092],[-0.4898,46.9106],[-0.4972,46.9149],[-0.4956,46.9185],[-0.4982,46.9206],[-0.4978,46.9214],[-0.4994,46.9234],[-0.4982,46.9234],[-0.4968,46.9271],[-0.5004,46.9334]]}},{"type":"Feature","properties":{"name":"Le Lys"},"geometry":{"type":"LineString","coordinates":[[-0.5604,47.1290],[-0.5594,47.1332],[-0.5577,47.1337],[-0.5550,47.1376],[-0.5493,47.1396],[-0.5487,47.1434],[-0.5418,47.1464],[-0.5386,47.1497],[-0.5363,47.1505],[-0.5358,47.1536],[-0.5315,47.1593],[-0.5319,47.1642],[-0.5311,47.1643],[-0.5312,47.1654],[-0.5288,47.1677],[-0.5302,47.1681],[-0.5318,47.1736],[-0.5302,47.1737],[-0.5294,47.1754],[-0.5280,47.1752],[-0.5275,47.1768]]}},{"type":"Feature","properties":{"name":"Le Lys"},"geometry":{"type":"LineString","coordinates":[[-0.6267,47.1097],[-0.6211,47.1117],[-0.6177,47.1119],[-0.6164,47.1109],[-0.6151,47.1118],[-0.6148,47.1148],[-0.6111,47.1159],[-0.6089,47.1180],[-0.6046,47.1176],[-0.6036,47.1209],[-0.6001,47.1182],[-0.5969,47.1195],[-0.5961,47.1209],[-0.5923,47.1215],[-0.5925,47.1223],[-0.5909,47.1230],[-0.5912,47.1245],[-0.5889,47.1265],[-0.5835,47.1276],[-0.5818,47.1288],[-0.5786,47.1289],[-0.5772,47.1278],[-0.5748,47.1282],[-0.5740,47.1293],[-0.5679,47.1294],[-0.5665,47.1286],[-0.5655,47.1267],[-0.5629,47.1270],[-0.5604,47.1290]]}},{"type":"Feature","properties":{"name":"Le Lys"},"geometry":{"type":"LineString","coordinates":[[-0.6267,47.1097],[-0.6267,47.1097]]}},{"type":"Feature","properties":{"name":"Le Lys"},"geometry":{"type":"LineString","coordinates":[[-0.6349,47.1117],[-0.6345,47.1110],[-0.6313,47.1113],[-0.6303,47.1097],[-0.6267,47.1097]]}},{"type":"Feature","properties":{"name":"Le Lys"},"geometry":{"type":"LineString","coordinates":[[-0.6350,47.1117],[-0.6349,47.1117]]}},{"type":"Feature","properties":{"name":"Le Lys"},"geometry":{"type":"LineString","coordinates":[[-0.6463,47.1164],[-0.6406,47.1128],[-0.6350,47.1117]]}},{"type":"Feature","properties":{"name":"L\u0027Argent"},"geometry":{"type":"LineString","coordinates":[[-0.5864,46.9336],[-0.5863,46.9343],[-0.5801,46.9345],[-0.5769,46.9367],[-0.5730,46.9376],[-0.5697,46.9365],[-0.5678,46.9368],[-0.5651,46.9387],[-0.5605,46.9373],[-0.5563,46.9337],[-0.5501,46.9335],[-0.5462,46.9315],[-0.5418,46.9315],[-0.5357,46.9331],[-0.5267,46.9302],[-0.5245,46.9335],[-0.5216,46.9340],[-0.5173,46.9371],[-0.5141,46.9374],[-0.5130,46.9388],[-0.5140,46.9408],[-0.5134,46.9418],[-0.5092,46.9417],[-0.5062,46.9442],[-0.5037,46.9448]]}},{"type":"Feature","properties":{"name":"L\u0027Argent"},"geometry":{"type":"LineString","coordinates":[[-0.6478,46.9147],[-0.6460,46.9171],[-0.6407,46.9187],[-0.6382,46.9217],[-0.6347,46.9227],[-0.6332,46.9203],[-0.6311,46.9201],[-0.6296,46.9221],[-0.6247,46.9231],[-0.6207,46.9277],[-0.6185,46.9271],[-0.6165,46.9282],[-0.6128,46.9284],[-0.6128,46.9323],[-0.6088,46.9350],[-0.6056,46.9356],[-0.6030,46.9348],[-0.5980,46.9363],[-0.5938,46.9358],[-0.5908,46.9332],[-0.5864,46.9336]]}},{"type":"Feature","properties":{"name":"L\u0027Argent"},"geometry":{"type":"LineString","coordinates":[[-0.5130,46.9420],[-0.5119,46.9423]]}},{"type":"Feature","properties":{"name":"L\u0027Argent"},"geometry":{"type":"LineString","coordinates":[[-0.6406,46.9189],[-0.6405,46.9194]]}},{"type":"Feature","properties":{"name":"L\u0027Argent"},"geometry":{"type":"LineString","coordinates":[[-0.6478,46.9147],[-0.6478,46.9147]]}}]}