{"type":"FeatureCollection","features":[{"type":"Feature","properties":{"name":"La Meyne"},"geometry":{"type":"LineString","coordinates":[[4.8074,44.1396],[4.8039,44.1381],[4.8004,44.1381]]}},{"type":"Feature","properties":{"name":"La Meyne"},"geometry":{"type":"LineString","coordinates":[[4.7799,44.0880],[4.7747,44.0835],[4.7758,44.0825],[4.7763,44.0774],[4.7749,44.0747],[4.7765,44.0723]]}},{"type":"Feature","properties":{"name":"La Meyne"},"geometry":{"type":"LineString","coordinates":[[4.7885,44.0967],[4.7893,44.0953],[4.7889,44.0933],[4.7862,44.0894],[4.7818,44.0896],[4.7799,44.0880]]}},{"type":"Feature","properties":{"name":"La Meyne"},"geometry":{"type":"LineString","coordinates":[[4.7984,44.1364],[4.7982,44.1362]]}},{"type":"Feature","properties":{"name":"La Meyne"},"geometry":{"type":"LineString","coordinates":[[4.7982,44.1362],[4.7961,44.1337],[4.7958,44.1315],[4.7939,44.1299],[4.7934,44.1280]]}},{"type":"Feature","properties":{"name":"La Meyne"},"geometry":{"type":"LineString","coordinates":[[4.7934,44.1280],[4.7934,44.1274]]}},{"type":"Feature","properties":{"name":"La Meyne"},"geometry":{"type":"LineString","coordinates":[[4.7934,44.1274],[4.7947,44.1255],[4.7941,44.1235],[4.7948,44.1224],[4.7926,44.1211],[4.7927,44.1194],[4.7870,44.1160],[4.7857,44.1099],[4.7863,44.1077],[4.7890,44.1050],[4.7873,44.0974],[4.7885,44.0967]]}},{"type":"Feature","properties":{"name":"La Meyne"},"geometry":{"type":"LineString","coordinates":[[4.8002,44.1382],[4.7984,44.1364]]}},{"type":"Feature","properties":{"name":"La Meyne"},"geometry":{"type":"LineString","coordinates":[[4.8004,44.1381],[4.8002,44.1382]]}},{"type":"Feature","properties":{"name":"Le Grand Anguillon"},"geometry":{"type":"LineString","coordinates":[[4.8959,43.8448],[4.8948,43.8491]]}},{"type":"Feature","properties":{"name":"Le Grand Anguillon"},"geometry":{"type":"LineString","coordinates":[[4.8810,43.8899],[4.8799,43.8905]]}},{"type":"Feature","properties":{"name":"Le Grand Anguillon"},"geometry":{"type":"LineString","coordinates":[[4.8826,43.8879],[4.8810,43.8899]]}},{"type":"Feature","properties":{"name":"Le Grand Anguillon"},"geometry":{"type":"LineString","coordinates":[[4.8948,43.8491],[4.8908,43.8618],[4.8899,43.8681],[4.8908,43.8723],[4.8930,43.8744],[4.8950,43.8808],[4.8921,43.8853],[4.8864,43.8857],[4.8826,43.8879]]}},{"type":"Feature","properties":{"name":"Le Grand Anguillon"},"geometry":{"type":"LineString","coordinates":[[4.8948,43.8491],[4.8948,43.8491]]}},{"type":"Feature","properties":{"name":"La Durance"},"geometry":{"type":"LineString","coordinates":[[4.9227,43.8885],[4.9133,43.8884],[4.9078,43.8871],[4.9006,43.8891],[4.8960,43.8919],[4.8918,43.8920],[4.8908,43.8930],[4.8929,43.8982],[4.8886,43.8995],[4.8832,43.8994],[4.8775,43.9019],[4.8756,43.9054],[4.8733,43.9063],[4.8594,43.9079],[4.8569,43.9094],[4.8554,43.9128],[4.8210,43.9128]]}},{"type":"Feature","properties":{"name":"La Durance"},"geometry":{"type":"LineString","coordinates":[[4.9133,43.8884],[4.9050,43.8902],[4.9020,43.8919],[4.8960,43.8919]]}},{"type":"Feature","properties":{"name":"La Durance"},"geometry":{"type":"LineString","coordinates":[[4.8210,43.9128],[4.8197,43.9129]]}},{"type":"Feature","properties":{"name":"La Durance"},"geometry":{"type":"LineString","coordinates":[[4.8197,43.9129],[4.8114,43.9138],[4.8038,43.9167],[4.7954,43.9167],[4.7907,43.9186],[4.7830,43.9196],[4.7765,43.9191],[4.7525,43.9227],[4.7375,43.9226]]}},{"type":"Feature","properties":{"name":"Le Lauzon"},"geometry":{"type":"LineString","coordinates":[[4.7143,44.3042],[4.7120,44.2993],[4.7117,44.2962],[4.7094,44.2925],[4.7022,44.2877]]}},{"type":"Feature","properties":{"name":"Le Lauzon"},"geometry":{"type":"LineString","coordinates":[[4.6957,44.2833],[4.6956,44.2832]]}},{"type":"Feature","properties":{"name":"Le Lauzon"},"geometry":{"type":"LineString","coordinates":[[4.6956,44.2832],[4.6849,44.2758],[4.6821,44.2750],[4.6781,44.2760],[4.6757,44.2726],[4.6728,44.2705],[4.6678,44.2696],[4.6604,44.2724],[4.6569,44.2711]]}},{"type":"Feature","properties":{"name":"Le Lauzon"},"geometry":{"type":"LineString","coordinates":[[4.6569,44.2711],[4.6557,44.2687],[4.6561,44.2638],[4.6590,44.2551]]}},{"type":"Feature","properties":{"name":"Le Lauzon"},"geometry":{"type":"LineString","coordinates":[[4.7171,44.3145],[4.7190,44.3134],[4.7149,44.3070],[4.7143,44.3042]]}},{"type":"Feature","properties":{"name":"Le Lauzon"},"geometry":{"type":"LineString","coordinates":[[4.7312,44.3432],[4.7301,44.3378],[4.7268,44.3348],[4.7264,44.3333],[4.7289,44.3242],[4.7229,44.3216],[4.7223,44.3204]]}},{"type":"Feature","properties":{"name":"Le Lauzon"},"geometry":{"type":"LineString","coordinates":[[4.7316,44.3433],[4.7312,44.3432]]}},{"type":"Feature","properties":{"name":"Le Lauzon"},"geometry":{"type":"LineString","coordinates":[[4.7222,44.3201],[4.7204,44.3196]]}},{"type":"Feature","properties":{"name":"Le Lauzon"},"geometry":{"type":"LineString","coordinates":[[4.7223,44.3204],[4.7222,44.3201]]}},{"type":"Feature","properties":{"name":"Le Lauzon"},"geometry":{"type":"LineString","coordinates":[[4.7171,44.3146],[4.7171,44.3145]]}},{"type":"Feature","properties":{"name":"Le Lauzon"},"geometry":{"type":"LineString","coordinates":[[4.7204,44.3196],[4.7197,44.3166],[4.7171,44.3146]]}},{"type":"Feature","properties":{"name":"Le Lauzon"},"geometry":{"type":"LineString","coordinates":[[4.6591,44.2549],[4.6630,44.2485],[4.6619,44.2472]]}},{"type":"Feature","properties":{"name":"Le Lauzon"},"geometry":{"type":"LineString","coordinates":[[4.6590,44.2551],[4.6591,44.2549]]}},{"type":"Feature","properties":{"name":"Le Lauzon"},"geometry":{"type":"LineString","coordinates":[[4.7011,44.2870],[4.6957,44.2833]]}},{"type":"Feature","properties":{"name":"Le Lauzon"},"geometry":{"type":"LineString","coordinates":[[4.7020,44.2875],[4.7011,44.2870]]}},{"type":"Feature","properties":{"name":"Le Lauzon"},"geometry":{"type":"LineString","coordinates":[[4.7021,44.2876],[4.7020,44.2875]]}},{"type":"Feature","properties":{"name":"Le Lauzon"},"geometry":{"type":"LineString","coordinates":[[4.7022,44.2877],[4.7021,44.2876]]}},{"type":"Feature","properties":{"name":"L\u0027Ardèche"},"geometry":{"type":"LineString","coordinates":[[4.6473,44.2655],[4.6484,44.2632]]}},{"type":"Feature","properties":{"name":"L\u0027Ardèche"},"geometry":{"type":"LineString","coordinates":[[4.5702,44.2991],[4.5742,44.2978],[4.5785,44.2979],[4.5832,44.2957],[4.5946,44.2880],[4.5974,44.2876],[4.5975,44.2847],[4.5996,44.2828],[4.6064,44.2861],[4.6117,44.2864],[4.6135,44.2807],[4.6157,44.2786],[4.6193,44.2791],[4.6323,44.2862],[4.6367,44.2856],[4.6404,44.2818],[4.6426,44.2748],[4.6468,44.2693],[4.6473,44.2655]]}},{"type":"Feature","properties":{"name":"Meyne Claire"},"geometry":{"type":"LineString","coordinates":[[4.8620,44.1277],[4.8497,44.1266]]}},{"type":"Feature","properties":{"name":"Meyne Claire"},"geometry":{"type":"LineString","coordinates":[[4.8375,44.1266],[4.8297,44.1270],[4.8236,44.1314],[4.8136,44.1332],[4.8112,44.1375]]}},{"type":"Feature","properties":{"name":"Meyne Claire"},"geometry":{"type":"LineString","coordinates":[[4.8391,44.1266],[4.8389,44.1266]]}},{"type":"Feature","properties":{"name":"Meyne Claire"},"geometry":{"type":"LineString","coordinates":[[4.8389,44.1266],[4.8375,44.1266]]}},{"type":"Feature","properties":{"name":"Meyne Claire"},"geometry":{"type":"LineString","coordinates":[[4.8110,44.1378],[4.8107,44.1381]]}},{"type":"Feature","properties":{"name":"Meyne Claire"},"geometry":{"type":"LineString","coordinates":[[4.8112,44.1375],[4.8110,44.1378]]}},{"type":"Feature","properties":{"name":"Meyne Claire"},"geometry":{"type":"LineString","coordinates":[[4.8497,44.1266],[4.8496,44.1266]]}},{"type":"Feature","properties":{"name":"Meyne Claire"},"geometry":{"type":"LineString","coordinates":[[4.8496,44.1266],[4.8391,44.1266]]}},{"type":"Feature","properties":{"name":"Meyne Claire"},"geometry":{"type":"LineString","coordinates":[[4.8107,44.1381],[4.8104,44.1382]]}},{"type":"Feature","properties":{"name":"Meyne Claire"},"geometry":{"type":"LineString","coordinates":[[4.8104,44.1382],[4.8074,44.1396]]}},{"type":"Feature","properties":{"name":"Roubine de Faubourguette"},"geometry":{"type":"LineString","coordinates":[[4.7688,43.8337],[4.7679,43.8333],[4.7683,43.8324],[4.7674,43.8312],[4.7683,43.8295],[4.7677,43.8284],[4.7642,43.8270]]}},{"type":"Feature","properties":{"name":"Roubine de Faubourguette"},"geometry":{"type":"LineString","coordinates":[[4.7642,43.8270],[4.7642,43.8270]]}},{"type":"Feature","properties":{"name":"Roubine de Faubourguette"},"geometry":{"type":"LineString","coordinates":[[4.7501,43.8182],[4.7501,43.8181]]}},{"type":"Feature","properties":{"name":"Roubine de Faubourguette"},"geometry":{"type":"LineString","coordinates":[[4.7642,43.8270],[4.7533,43.8233],[4.7514,43.8216],[4.7501,43.8182]]}},{"type":"Feature","properties":{"name":"Roubine de Faubourguette"},"geometry":{"type":"LineString","coordinates":[[4.7501,43.8181],[4.7501,43.8163],[4.7477,43.8156],[4.7433,43.8161],[4.7409,43.8177],[4.7331,43.8183],[4.7287,43.8148],[4.7282,43.8137],[4.7291,43.8124],[4.7349,43.8098],[4.7352,43.8075],[4.7330,43.8064],[4.7244,43.8050],[4.7240,43.8017],[4.7311,43.7993],[4.7272,43.7956],[4.7249,43.7894]]}},{"type":"Feature","properties":{"name":"La Chapelette"},"geometry":{"type":"LineString","coordinates":[[4.8064,43.6314],[4.8022,43.6303],[4.7988,43.6305],[4.7962,43.6344],[4.7921,43.6358],[4.7890,43.6414],[4.7867,43.6428],[4.7781,43.6425],[4.7704,43.6401]]}},{"type":"Feature","properties":{"name":"La Chapelette"},"geometry":{"type":"LineString","coordinates":[[4.8256,43.6353],[4.8234,43.6347],[4.8224,43.6357]]}},{"type":"Feature","properties":{"name":"L\u0027Ouvèze"},"geometry":{"type":"LineString","coordinates":[[4.9299,44.0420],[4.9211,44.0397],[4.9175,44.0402],[4.9151,44.0390],[4.9094,44.0393],[4.9046,44.0383],[4.8913,44.0401],[4.8846,44.0363],[4.8827,44.0326],[4.8771,44.0291],[4.8756,44.0253],[4.8768,44.0224],[4.8737,44.0212],[4.8747,44.0162],[4.8709,44.0132],[4.8702,44.0096],[4.8667,44.0098],[4.8659,44.0064],[4.8610,44.0047],[4.8526,43.9992],[4.8529,43.9918],[4.8516,43.9890]]}},{"type":"Feature","properties":{"name":"Le Gard"},"geometry":{"type":"LineString","coordinates":[[4.4792,43.9512],[4.4845,43.9551],[4.4868,43.9551],[4.4998,43.9506],[4.5064,43.9518],[4.5091,43.9536],[4.5176,43.9548],[4.5207,43.9536],[4.5183,43.9496],[4.5190,43.9465],[4.5213,43.9457],[4.5336,43.9464],[4.5374,43.9493],[4.5397,43.9528],[4.5525,43.9504],[4.5568,43.9486],[4.5592,43.9453],[4.5594,43.9436],[4.5566,43.9396],[4.5573,43.9365],[4.5608,43.9335],[4.5642,43.9325],[4.5646,43.9304],[4.5667,43.9287],[4.5794,43.9274],[4.5805,43.9260],[4.5806,43.9215],[4.5875,43.9144],[4.5871,43.9118],[4.5839,43.9088],[4.5844,43.9038],[4.5861,43.8975],[4.5917,43.8919],[4.5926,43.8900],[4.5912,43.8848],[4.5874,43.8834],[4.5867,43.8822],[4.5896,43.8782],[4.5890,43.8712],[4.5918,43.8656],[4.5964,43.8615],[4.5989,43.8618],[4.6014,43.8640],[4.6041,43.8627],[4.6024,43.8599],[4.6026,43.8563],[4.5989,43.8548],[4.5986,43.8536],[4.6013,43.8532],[4.6107,43.8551],[4.6138,43.8538],[4.6189,43.8440],[4.6233,43.8393]]}},{"type":"Feature","properties":{"name":"Le Rhône - Canal de Beaucaire"},"geometry":{"type":"LineString","coordinates":[[4.6233,43.8469],[4.6272,43.8436],[4.6302,43.8378],[4.6368,43.8310],[4.6405,43.8253]]}},{"type":"Feature","properties":{"name":"Le Rhône - Canal de Beaucaire"},"geometry":{"type":"LineString","coordinates":[[4.6421,43.8239],[4.6480,43.8196],[4.6510,43.8155],[4.6527,43.8111],[4.6530,43.8015],[4.6518,43.7931],[4.6500,43.7892]]}},{"type":"Feature","properties":{"name":"Le Rhône"},"geometry":{"type":"LineString","coordinates":[[4.6707,44.4346],[4.6684,44.4324],[4.6657,44.4267],[4.6632,44.4075]]}},{"type":"Feature","properties":{"name":"Le Rhône"},"geometry":{"type":"LineString","coordinates":[[4.6632,44.4075],[4.6635,44.4008]]}},{"type":"Feature","properties":{"name":"Le Rhône"},"geometry":{"type":"LineString","coordinates":[[4.6622,44.3931],[4.6569,44.3861]]}},{"type":"Feature","properties":{"name":"Le Rhône"},"geometry":{"type":"LineString","coordinates":[[4.7191,44.1525],[4.7198,44.1457],[4.7173,44.1413]]}},{"type":"Feature","properties":{"name":"Le Rhône"},"geometry":{"type":"LineString","coordinates":[[4.7964,44.0473],[4.8071,44.0406]]}},{"type":"Feature","properties":{"name":"Le Rhône"},"geometry":{"type":"LineString","coordinates":[[4.7166,44.1626],[4.7191,44.1525]]}},{"type":"Feature","properties":{"name":"Le Rhône"},"geometry":{"type":"LineString","coordinates":[[4.6741,44.2145],[4.6769,44.2126],[4.6801,44.2121],[4.6959,44.2158],[4.7024,44.2157],[4.7058,44.2146]]}},{"type":"Feature","properties":{"name":"Le Rhône"},"geometry":{"type":"LineString","coordinates":[[4.8071,44.0406],[4.8143,44.0344],[4.8166,44.0311],[4.8188,44.0187]]}},{"type":"Feature","properties":{"name":"Le Rhône"},"geometry":{"type":"LineString","coordinates":[[4.7624,44.0749],[4.7675,44.0722]]}},{"type":"Feature","properties":{"name":"Le Rhône"},"geometry":{"type":"LineString","coordinates":[[4.7173,44.1413],[4.7117,44.1348],[4.7110,44.1194]]}},{"type":"Feature","properties":{"name":"Le Rhône"},"geometry":{"type":"LineString","coordinates":[[4.7167,44.1664],[4.7166,44.1626]]}},{"type":"Feature","properties":{"name":"Le Rhône"},"geometry":{"type":"LineString","coordinates":[[4.6730,44.2186],[4.6741,44.2145]]}},{"type":"Feature","properties":{"name":"Le Rhône"},"geometry":{"type":"LineString","coordinates":[[4.7073,44.2137],[4.7088,44.2121],[4.7098,44.2086],[4.7045,44.2000],[4.7044,44.1974]]}},{"type":"Feature","properties":{"name":"Le Rhône"},"geometry":{"type":"LineString","coordinates":[[4.6541,44.2544],[4.6614,44.2476],[4.6735,44.2395],[4.6777,44.2348],[4.6781,44.2303],[4.6730,44.2186]]}},{"type":"Feature","properties":{"name":"Le Rhône"},"geometry":{"type":"LineString","coordinates":[[4.7044,44.1974],[4.7058,44.1930]]}},{"type":"Feature","properties":{"name":"Le Rhône"},"geometry":{"type":"LineString","coordinates":[[4.7058,44.1930],[4.7157,44.1778],[4.7174,44.1700],[4.7167,44.1664]]}},{"type":"Feature","properties":{"name":"Le Rhône"},"geometry":{"type":"LineString","coordinates":[[4.6495,44.2702],[4.6485,44.2626],[4.6541,44.2544]]}},{"type":"Feature","properties":{"name":"Le Rhône"},"geometry":{"type":"LineString","coordinates":[[4.7675,44.0722],[4.7687,44.0716]]}},{"type":"Feature","properties":{"name":"Le Rhône"},"geometry":{"type":"LineString","coordinates":[[4.8188,44.0187],[4.8206,44.0078],[4.8202,44.0000]]}},{"type":"Feature","properties":{"name":"Le Rhône"},"geometry":{"type":"LineString","coordinates":[[4.7597,44.0775],[4.7624,44.0749]]}},{"type":"Feature","properties":{"name":"Le Rhône"},"geometry":{"type":"LineString","coordinates":[[4.7687,44.0716],[4.7813,44.0687],[4.7873,44.0653]]}},{"type":"Feature","properties":{"name":"Le Rhône"},"geometry":{"type":"LineString","coordinates":[[4.7110,44.1194],[4.7163,44.1100],[4.7195,44.1018]]}},{"type":"Feature","properties":{"name":"Le Rhône"},"geometry":{"type":"LineString","coordinates":[[4.7873,44.0653],[4.7873,44.0571]]}},{"type":"Feature","properties":{"name":"Le Rhône"},"geometry":{"type":"LineString","coordinates":[[4.7873,44.0571],[4.7880,44.0527],[4.7964,44.0473]]}},{"type":"Feature","properties":{"name":"Le Rhône"},"geometry":{"type":"LineString","coordinates":[[4.8202,44.0000],[4.8173,43.9959]]}},{"type":"Feature","properties":{"name":"Le Rhône"},"geometry":{"type":"LineString","coordinates":[[4.8189,44.0172],[4.8283,44.0138]]}},{"type":"Feature","properties":{"name":"Le Rhône"},"geometry":{"type":"LineString","coordinates":[[4.6219,43.7009],[4.6281,43.6912],[4.6280,43.6811],[4.6152,43.6743],[4.6067,43.6678],[4.6003,43.6610],[4.5982,43.6561],[4.5982,43.6531],[4.6006,43.6468],[4.6034,43.6423],[4.6117,43.6344],[4.6193,43.6310],[4.6296,43.6290],[4.6386,43.6257],[4.6487,43.6205],[4.6546,43.6163],[4.6574,43.6112],[4.6577,43.6015],[4.6588,43.5961],[4.6647,43.5868],[4.6750,43.5774],[4.7029,43.5586],[4.7089,43.5537],[4.7176,43.5446],[4.7255,43.5305],[4.7324,43.5234],[4.7349,43.5195],[4.7366,43.5130],[4.7379,43.4972],[4.7396,43.4921],[4.7463,43.4822],[4.7496,43.4752],[4.7507,43.4689],[4.7499,43.4618]]}},{"type":"Feature","properties":{"name":"Le Rhône"},"geometry":{"type":"LineString","coordinates":[[4.6474,44.3469],[4.6490,44.3410]]}},{"type":"Feature","properties":{"name":"Le Rhône"},"geometry":{"type":"LineString","coordinates":[[4.6233,43.8469],[4.6233,43.8428]]}},{"type":"Feature","properties":{"name":"Le Rhône"},"geometry":{"type":"LineString","coordinates":[[4.6525,44.3810],[4.6502,44.3764],[4.6486,44.3672],[4.6469,44.3513],[4.6474,44.3469]]}},{"type":"Feature","properties":{"name":"Le Rhône"},"geometry":{"type":"LineString","coordinates":[[4.6569,44.3861],[4.6525,44.3810]]}},{"type":"Feature","properties":{"name":"Le Rhône"},"geometry":{"type":"LineString","coordinates":[[4.6490,44.3410],[4.6518,44.3250],[4.6497,44.3125],[4.6503,44.3089],[4.6533,44.3036],[4.6535,44.3001],[4.6528,44.2920],[4.6508,44.2839],[4.6512,44.2761],[4.6495,44.2702]]}},{"type":"Feature","properties":{"name":"Le Rhône"},"geometry":{"type":"LineString","coordinates":[[4.6487,43.7985],[4.6483,43.7957],[4.6500,43.7892]]}},{"type":"Feature","properties":{"name":"Le Rhône"},"geometry":{"type":"LineString","coordinates":[[4.6868,44.4395],[4.6775,44.4370]]}},{"type":"Feature","properties":{"name":"Le Rhône"},"geometry":{"type":"LineString","coordinates":[[4.7058,44.2146],[4.7073,44.2137]]}},{"type":"Feature","properties":{"name":"Le Rhône"},"geometry":{"type":"LineString","coordinates":[[4.7373,43.9224],[4.7260,43.9082],[4.7204,43.9048],[4.7034,43.8988],[4.6981,43.8960],[4.6869,43.8842],[4.6806,43.8814],[4.6608,43.8773],[4.6470,43.8696],[4.6317,43.8673],[4.6245,43.8641],[4.6216,43.8608],[4.6204,43.8569],[4.6233,43.8469]]}},{"type":"Feature","properties":{"name":"Le Rhône"},"geometry":{"type":"LineString","coordinates":[[4.7248,44.0932],[4.7294,44.0902],[4.7523,44.0841],[4.7576,44.0804],[4.7597,44.0775]]}},{"type":"Feature","properties":{"name":"Le Rhône"},"geometry":{"type":"LineString","coordinates":[[4.7195,44.1018],[4.7223,44.0973]]}},{"type":"Feature","properties":{"name":"Le Rhône"},"geometry":{"type":"LineString","coordinates":[[4.8145,43.9926],[4.8116,43.9871],[4.8100,43.9787],[4.8106,43.9760],[4.8151,43.9681]]}},{"type":"Feature","properties":{"name":"Le Rhône"},"geometry":{"type":"LineString","coordinates":[[4.8173,43.9959],[4.8170,43.9956]]}},{"type":"Feature","properties":{"name":"Le Rhône"},"geometry":{"type":"LineString","coordinates":[[4.8283,44.0138],[4.8284,44.0138]]}},{"type":"Feature","properties":{"name":"Le Rhône"},"geometry":{"type":"LineString","coordinates":[[4.8284,44.0138],[4.8408,44.0121],[4.8432,44.0103],[4.8447,43.9984],[4.8526,43.9876],[4.8545,43.9838],[4.8530,43.9675],[4.8502,43.9640],[4.8449,43.9601],[4.8289,43.9598],[4.8197,43.9541],[4.8063,43.9546],[4.8030,43.9536],[4.8007,43.9521],[4.7950,43.9444],[4.7900,43.9419],[4.7799,43.9395]]}},{"type":"Feature","properties":{"name":"Le Rhône"},"geometry":{"type":"LineString","coordinates":[[4.6233,43.8428],[4.6233,43.8428]]}},{"type":"Feature","properties":{"name":"Le Rhône"},"geometry":{"type":"LineString","coordinates":[[4.6233,43.8393],[4.6250,43.8317],[4.6272,43.8284],[4.6415,43.8199],[4.6481,43.8135],[4.6505,43.8061],[4.6487,43.7985]]}},{"type":"Feature","properties":{"name":"Le Rhône"},"geometry":{"type":"LineString","coordinates":[[4.7004,44.4694],[4.6993,44.4561],[4.6963,44.4477]]}},{"type":"Feature","properties":{"name":"Le Rhône"},"geometry":{"type":"LineString","coordinates":[[4.7375,43.9226],[4.7373,43.9224]]}},{"type":"Feature","properties":{"name":"Le Rhône"},"geometry":{"type":"LineString","coordinates":[[4.8151,43.9681],[4.8140,43.9638],[4.8116,43.9617],[4.7991,43.9574],[4.7934,43.9540],[4.7893,43.9478],[4.7799,43.9395]]}},{"type":"Feature","properties":{"name":"Le Rhône"},"geometry":{"type":"LineString","coordinates":[[4.6500,43.7892],[4.6498,43.7860],[4.6451,43.7791],[4.6283,43.7630],[4.6258,43.7583],[4.6241,43.7482],[4.6165,43.7363],[4.6126,43.7261],[4.6137,43.7129],[4.6181,43.7048],[4.6219,43.7009]]}},{"type":"Feature","properties":{"name":"Le Rhône"},"geometry":{"type":"LineString","coordinates":[[4.6634,44.3991],[4.6639,44.3967],[4.6622,44.3931]]}},{"type":"Feature","properties":{"name":"Le Rhône"},"geometry":{"type":"LineString","coordinates":[[4.6635,44.4008],[4.6634,44.3991]]}},{"type":"Feature","properties":{"name":"Le Rhône"},"geometry":{"type":"LineString","coordinates":[[4.7799,43.9395],[4.7699,43.9362],[4.7566,43.9347],[4.7519,43.9330],[4.7446,43.9290],[4.7375,43.9226]]}},{"type":"Feature","properties":{"name":"Le Rhône"},"geometry":{"type":"LineString","coordinates":[[4.7242,44.0942],[4.7248,44.0932]]}},{"type":"Feature","properties":{"name":"Le Rhône"},"geometry":{"type":"LineString","coordinates":[[4.7231,44.0959],[4.7242,44.0942]]}},{"type":"Feature","properties":{"name":"Le Rhône"},"geometry":{"type":"LineString","coordinates":[[4.7223,44.0973],[4.7231,44.0959]]}},{"type":"Feature","properties":{"name":"Le Rhône"},"geometry":{"type":"LineString","coordinates":[[4.8170,43.9956],[4.8145,43.9926]]}},{"type":"Feature","properties":{"name":"Le Rhône"},"geometry":{"type":"LineString","coordinates":[[4.6233,43.8428],[4.6233,43.8393]]}},{"type":"Feature","properties":{"name":"Le Rhône"},"geometry":{"type":"LineString","coordinates":[[4.6775,44.4370],[4.6732,44.4361],[4.6707,44.4346]]}},{"type":"Feature","properties":{"name":"Le Rhône"},"geometry":{"type":"LineString","coordinates":[[4.6963,44.4477],[4.6919,44.4419],[4.6868,44.4395]]}},{"type":"Feature","properties":{"name":"La Tave"},"geometry":{"type":"LineString","coordinates":[[4.6067,44.1028],[4.6107,44.0992],[4.6129,44.0999],[4.6160,44.0992],[4.6168,44.1001],[4.6190,44.0991],[4.6190,44.0970],[4.6203,44.0955],[4.6251,44.0973],[4.6274,44.0964],[4.6314,44.0969],[4.6371,44.0951],[4.6403,44.0962],[4.6411,44.0948],[4.6445,44.0963],[4.6439,44.0987],[4.6479,44.0994],[4.6496,44.0979],[4.6485,44.0962],[4.6508,44.0956],[4.6577,44.0976],[4.6616,44.1027],[4.6637,44.1029],[4.6655,44.1007],[4.6671,44.1022],[4.6696,44.1013],[4.6731,44.1036],[4.6716,44.1049],[4.6720,44.1056],[4.6776,44.1058],[4.6785,44.1074],[4.6802,44.1066],[4.6831,44.1112],[4.6865,44.1142],[4.6984,44.1152]]}},{"type":"Feature","properties":{"name":"La Coronne"},"geometry":{"type":"LineString","coordinates":[[4.8879,44.3585],[4.8853,44.3581],[4.8847,44.3564],[4.8805,44.3552],[4.8809,44.3536],[4.8774,44.3529],[4.8746,44.3511],[4.8732,44.3515]]}},{"type":"Feature","properties":{"name":"La Coronne"},"geometry":{"type":"LineString","coordinates":[[4.9279,44.3640],[4.9212,44.3615],[4.9165,44.3574],[4.9115,44.3580],[4.9080,44.3573],[4.9046,44.3581],[4.9011,44.3565],[4.8931,44.3565],[4.8879,44.3585]]}},{"type":"Feature","properties":{"name":"Le Lez"},"geometry":{"type":"LineString","coordinates":[[4.8666,44.3406],[4.8652,44.3393],[4.8601,44.3379],[4.8596,44.3346],[4.8606,44.3337],[4.8610,44.3298],[4.8566,44.3254],[4.8588,44.3214],[4.8569,44.3190],[4.8578,44.3166],[4.8547,44.3138],[4.8514,44.3140],[4.8495,44.3131],[4.8487,44.3110],[4.8463,44.3094],[4.8461,44.3061],[4.8475,44.3046],[4.8473,44.3036],[4.8509,44.3007],[4.8520,44.2984],[4.8522,44.2970],[4.8506,44.2954],[4.8456,44.2950],[4.8385,44.2915],[4.8337,44.2930],[4.8282,44.2923],[4.8258,44.2907],[4.8208,44.2912],[4.8133,44.2889],[4.8111,44.2898],[4.8037,44.2872],[4.7979,44.2874],[4.7951,44.2858],[4.7925,44.2867],[4.7871,44.2835],[4.7847,44.2847],[4.7770,44.2820],[4.7726,44.2817],[4.7693,44.2830],[4.7579,44.2815],[4.7448,44.2826],[4.7367,44.2816],[4.7303,44.2749],[4.7210,44.2595]]}},{"type":"Feature","properties":{"name":"Le Lez"},"geometry":{"type":"LineString","coordinates":[[4.7101,44.2370],[4.7101,44.2368]]}},{"type":"Feature","properties":{"name":"Le Lez"},"geometry":{"type":"LineString","coordinates":[[4.7101,44.2368],[4.7097,44.2337],[4.7058,44.2274],[4.7040,44.2261],[4.7063,44.2238],[4.7061,44.2227],[4.7100,44.2171]]}},{"type":"Feature","properties":{"name":"Le Lez"},"geometry":{"type":"LineString","coordinates":[[4.8908,44.3890],[4.8915,44.3876],[4.8901,44.3834],[4.8887,44.3817],[4.8851,44.3804],[4.8854,44.3774],[4.8834,44.3762],[4.8836,44.3734],[4.8824,44.3719]]}},{"type":"Feature","properties":{"name":"Le Lez"},"geometry":{"type":"LineString","coordinates":[[4.8827,44.3660],[4.8851,44.3639],[4.8833,44.3624],[4.8822,44.3591],[4.8786,44.3563],[4.8751,44.3558],[4.8732,44.3515]]}},{"type":"Feature","properties":{"name":"Le Lez"},"geometry":{"type":"LineString","coordinates":[[4.9887,44.4231],[4.9777,44.4237],[4.9774,44.4280],[4.9728,44.4312],[4.9591,44.4194],[4.9534,44.4206],[4.9493,44.4171],[4.9445,44.4150],[4.9443,44.4139],[4.9402,44.4151],[4.9368,44.4124],[4.9343,44.4117],[4.9284,44.4119],[4.9242,44.4077],[4.9226,44.4097],[4.9181,44.4078],[4.9128,44.4112],[4.9064,44.4062],[4.9055,44.4033],[4.9062,44.4023],[4.9025,44.4003],[4.9018,44.3979],[4.8986,44.3944],[4.8936,44.3924],[4.8908,44.3890]]}},{"type":"Feature","properties":{"name":"Le Lez"},"geometry":{"type":"LineString","coordinates":[[4.8695,44.3451],[4.8688,44.3428],[4.8666,44.3406]]}},{"type":"Feature","properties":{"name":"Le Lez"},"geometry":{"type":"LineString","coordinates":[[4.8732,44.3515],[4.8701,44.3483],[4.8695,44.3451]]}},{"type":"Feature","properties":{"name":"Le Lez"},"geometry":{"type":"LineString","coordinates":[[4.7210,44.2595],[4.7178,44.2593],[4.7133,44.2609]]}},{"type":"Feature","properties":{"name":"Le Lez"},"geometry":{"type":"LineString","coordinates":[[4.7210,44.2595],[4.7208,44.2568],[4.7183,44.2522],[4.7155,44.2506],[4.7156,44.2492],[4.7137,44.2475],[4.7132,44.2456],[4.7088,44.2429],[4.7101,44.2370]]}},{"type":"Feature","properties":{"name":"Le Lez"},"geometry":{"type":"LineString","coordinates":[[4.8824,44.3719],[4.8833,44.3686],[4.8827,44.3660]]}},{"type":"Feature","properties":{"name":"La Cèze"},"geometry":{"type":"LineString","coordinates":[[4.6861,44.1325],[4.6841,44.1290],[4.6844,44.1240],[4.6862,44.1225],[4.6986,44.1176],[4.6991,44.1162],[4.6962,44.1123],[4.6968,44.1104],[4.7110,44.1053]]}},{"type":"Feature","properties":{"name":"La Cèze"},"geometry":{"type":"LineString","coordinates":[[4.4496,44.2473],[4.4489,44.2457],[4.4499,44.2433],[4.4449,44.2400],[4.4437,44.2337],[4.4452,44.2324],[4.4497,44.2327],[4.4531,44.2272],[4.4585,44.2267],[4.4633,44.2234],[4.4667,44.2242],[4.4791,44.2172],[4.4784,44.2157],[4.4741,44.2160],[4.4711,44.2142],[4.4685,44.2066],[4.4692,44.2047],[4.4739,44.2023],[4.4769,44.1975],[4.4794,44.1959],[4.4828,44.1950],[4.4920,44.1966],[4.4935,44.1936],[4.4977,44.1898],[4.5023,44.1895],[4.5038,44.1905],[4.5059,44.1958],[4.5095,44.2009],[4.5092,44.2102],[4.5152,44.2107],[4.5208,44.2090],[4.5233,44.2063],[4.5233,44.2040],[4.5183,44.2016],[4.5181,44.1989],[4.5271,44.1898],[4.5270,44.1838],[4.5287,44.1817],[4.5328,44.1821],[4.5398,44.1855],[4.5427,44.1855],[4.5478,44.1799],[4.5582,44.1809],[4.5643,44.1801],[4.5740,44.1756],[4.5783,44.1761],[4.5836,44.1737],[4.5903,44.1745],[4.5914,44.1715],[4.5939,44.1701],[4.6035,44.1714],[4.6054,44.1700],[4.6100,44.1693],[4.6181,44.1698],[4.6269,44.1733],[4.6307,44.1764],[4.6346,44.1750],[4.6354,44.1738],[4.6344,44.1714],[4.6355,44.1701],[4.6346,44.1664],[4.6329,44.1635],[4.6332,44.1616],[4.6342,44.1601],[4.6385,44.1578],[4.6402,44.1577],[4.6438,44.1602],[4.6502,44.1582],[4.6518,44.1589],[4.6532,44.1626],[4.6554,44.1629],[4.6605,44.1608],[4.6634,44.1573],[4.6613,44.1526],[4.6631,44.1488],[4.6653,44.1483],[4.6722,44.1498],[4.6817,44.1466],[4.6877,44.1462],[4.6895,44.1434],[4.6907,44.1383],[4.6861,44.1325]]}},{"type":"Feature","properties":{"name":"Le Rhône - Bras de la Piboulette"},"geometry":{"type":"LineString","coordinates":[[4.7107,44.1061],[4.7137,44.0998],[4.7188,44.0923],[4.7205,44.0815],[4.7227,44.0793],[4.7289,44.0783],[4.7355,44.0825],[4.7425,44.0850]]}},{"type":"Feature","properties":{"name":"Le Rhône - Bras de la Piboulette"},"geometry":{"type":"LineString","coordinates":[[4.7104,44.1103],[4.7107,44.1061]]}},{"type":"Feature","properties":{"name":"Le Rhône - Bras de la Piboulette"},"geometry":{"type":"LineString","coordinates":[[4.7109,44.1120],[4.7104,44.1103]]}},{"type":"Feature","properties":{"name":"Le Rhône - Bras de la Piboulette"},"geometry":{"type":"LineString","coordinates":[[4.7121,44.1165],[4.7109,44.1120]]}},{"type":"Feature","properties":{"name":"La Berre"},"geometry":{"type":"LineString","coordinates":[[4.9278,44.4475],[4.9241,44.4452],[4.9228,44.4417],[4.9208,44.4412],[4.9211,44.4399],[4.9194,44.4390],[4.9194,44.4370],[4.9110,44.4337],[4.9071,44.4347],[4.8990,44.4308],[4.8958,44.4324],[4.8870,44.4277],[4.8776,44.4288],[4.8780,44.4267],[4.8681,44.4222],[4.8646,44.4220],[4.8618,44.4240],[4.8592,44.4240],[4.8581,44.4226],[4.8521,44.4225],[4.8514,44.4202],[4.8450,44.4205],[4.8409,44.4194]]}},{"type":"Feature","properties":{"name":"La Berre"},"geometry":{"type":"LineString","coordinates":[[4.8121,44.4165],[4.8057,44.4154],[4.8019,44.4137],[4.7953,44.4140],[4.7904,44.4127],[4.7846,44.4151],[4.7797,44.4125],[4.7729,44.4144],[4.7704,44.4125],[4.7671,44.4143],[4.7591,44.4129],[4.7565,44.4138],[4.7515,44.4122],[4.7357,44.4132],[4.7240,44.4121],[4.7211,44.4099]]}},{"type":"Feature","properties":{"name":"La Berre"},"geometry":{"type":"LineString","coordinates":[[4.8409,44.4194],[4.8389,44.4188],[4.8376,44.4203],[4.8365,44.4202],[4.8312,44.4180],[4.8308,44.4166],[4.8267,44.4157],[4.8202,44.4169],[4.8179,44.4158],[4.8121,44.4165]]}},{"type":"Feature","properties":{"name":"La Berre"},"geometry":{"type":"LineString","coordinates":[[4.7211,44.4098],[4.7205,44.4094]]}},{"type":"Feature","properties":{"name":"La Berre"},"geometry":{"type":"LineString","coordinates":[[4.7211,44.4099],[4.7211,44.4098]]}},{"type":"Feature","properties":{"name":"L\u0027Aygues"},"geometry":{"type":"LineString","coordinates":[[4.8608,44.1758],[4.8564,44.1748],[4.8515,44.1755]]}},{"type":"Feature","properties":{"name":"L\u0027Aygues"},"geometry":{"type":"LineString","coordinates":[[4.8515,44.1755],[4.8472,44.1775],[4.8425,44.1770],[4.8392,44.1751],[4.8329,44.1734],[4.8325,44.1707],[4.8310,44.1688],[4.8279,44.1681],[4.8261,44.1657],[4.8235,44.1654],[4.8230,44.1639],[4.8206,44.1623],[4.8169,44.1618],[4.8151,44.1604],[4.8126,44.1607],[4.8109,44.1589],[4.8076,44.1592],[4.8054,44.1584],[4.8020,44.1596],[4.7985,44.1578]]}},{"type":"Feature","properties":{"name":"L\u0027Aygues"},"geometry":{"type":"LineString","coordinates":[[4.9214,44.2264],[4.9205,44.2249],[4.9208,44.2210],[4.9227,44.2193],[4.9233,44.2175],[4.9216,44.2161],[4.9226,44.2137],[4.9221,44.2123],[4.9209,44.2116],[4.9178,44.2121],[4.9142,44.2076],[4.9092,44.2070],[4.9053,44.2004],[4.9011,44.1963],[4.8977,44.1952],[4.8951,44.1915],[4.8896,44.1890],[4.8825,44.1825],[4.8804,44.1820],[4.8780,44.1798]]}},{"type":"Feature","properties":{"name":"L\u0027Aygues"},"geometry":{"type":"LineString","coordinates":[[4.7344,44.1349],[4.7303,44.1319],[4.7202,44.1283],[4.7182,44.1267],[4.7170,44.1239],[4.7217,44.1110],[4.7288,44.1047],[4.7286,44.1025],[4.7268,44.0992],[4.7274,44.0945],[4.7297,44.0925],[4.7359,44.0900],[4.7363,44.0883]]}},{"type":"Feature","properties":{"name":"L\u0027Aygues"},"geometry":{"type":"LineString","coordinates":[[4.7587,44.1462],[4.7537,44.1446],[4.7511,44.1454],[4.7493,44.1473],[4.7410,44.1487],[4.7344,44.1472],[4.7313,44.1452],[4.7308,44.1426],[4.7320,44.1396],[4.7343,44.1373],[4.7344,44.1349]]}},{"type":"Feature","properties":{"name":"L\u0027Aygues"},"geometry":{"type":"LineString","coordinates":[[4.8780,44.1798],[4.8724,44.1764]]}},{"type":"Feature","properties":{"name":"L\u0027Aygues"},"geometry":{"type":"LineString","coordinates":[[4.8683,44.1745],[4.8608,44.1758]]}},{"type":"Feature","properties":{"name":"L\u0027Aygues"},"geometry":{"type":"LineString","coordinates":[[4.8724,44.1764],[4.8703,44.1747],[4.8683,44.1745]]}},{"type":"Feature","properties":{"name":"L\u0027Aygues"},"geometry":{"type":"LineString","coordinates":[[4.7952,44.1558],[4.7932,44.1539],[4.7900,44.1528],[4.7875,44.1491],[4.7838,44.1484],[4.7725,44.1498],[4.7686,44.1485],[4.7669,44.1457],[4.7632,44.1468],[4.7587,44.1462]]}},{"type":"Feature","properties":{"name":"L\u0027Aygues"},"geometry":{"type":"LineString","coordinates":[[4.8509,44.1758],[4.8490,44.1768]]}},{"type":"Feature","properties":{"name":"L\u0027Aygues"},"geometry":{"type":"LineString","coordinates":[[4.8404,44.1759],[4.8383,44.1749]]}},{"type":"Feature","properties":{"name":"L\u0027Aygues"},"geometry":{"type":"LineString","coordinates":[[4.8399,44.1757],[4.8398,44.1754]]}},{"type":"Feature","properties":{"name":"L\u0027Aygues"},"geometry":{"type":"LineString","coordinates":[[4.8382,44.1749],[4.8357,44.1740]]}},{"type":"Feature","properties":{"name":"L\u0027Aygues"},"geometry":{"type":"LineString","coordinates":[[4.8360,44.1743],[4.8340,44.1739]]}},{"type":"Feature","properties":{"name":"L\u0027Aygues"},"geometry":{"type":"LineString","coordinates":[[4.8335,44.1738],[4.8327,44.1733]]}},{"type":"Feature","properties":{"name":"L\u0027Aygues"},"geometry":{"type":"LineString","coordinates":[[4.8338,44.1746],[4.8327,44.1736]]}},{"type":"Feature","properties":{"name":"L\u0027Aygues"},"geometry":{"type":"LineString","coordinates":[[4.8325,44.1730],[4.8323,44.1715]]}},{"type":"Feature","properties":{"name":"L\u0027Aygues"},"geometry":{"type":"LineString","coordinates":[[4.8330,44.1735],[4.8326,44.1725]]}},{"type":"Feature","properties":{"name":"L\u0027Aygues"},"geometry":{"type":"LineString","coordinates":[[4.8329,44.1733],[4.8326,44.1718]]}},{"type":"Feature","properties":{"name":"L\u0027Aygues"},"geometry":{"type":"LineString","coordinates":[[4.8324,44.1717],[4.8325,44.1710]]}},{"type":"Feature","properties":{"name":"L\u0027Aygues"},"geometry":{"type":"LineString","coordinates":[[4.8322,44.1716],[4.8318,44.1702]]}},{"type":"Feature","properties":{"name":"L\u0027Aygues"},"geometry":{"type":"LineString","coordinates":[[4.8315,44.1693],[4.8283,44.1681]]}},{"type":"Feature","properties":{"name":"L\u0027Aygues"},"geometry":{"type":"LineString","coordinates":[[4.8322,44.1719],[4.8287,44.1682]]}},{"type":"Feature","properties":{"name":"L\u0027Aygues"},"geometry":{"type":"LineString","coordinates":[[4.8293,44.1680],[4.8270,44.1667]]}},{"type":"Feature","properties":{"name":"L\u0027Aygues"},"geometry":{"type":"LineString","coordinates":[[4.8289,44.1680],[4.8275,44.1671]]}},{"type":"Feature","properties":{"name":"L\u0027Aygues"},"geometry":{"type":"LineString","coordinates":[[4.8290,44.1677],[4.8263,44.1643],[4.8230,44.1640]]}},{"type":"Feature","properties":{"name":"L\u0027Aygues"},"geometry":{"type":"LineString","coordinates":[[4.8272,44.1672],[4.8242,44.1655]]}},{"type":"Feature","properties":{"name":"L\u0027Aygues"},"geometry":{"type":"LineString","coordinates":[[4.8249,44.1653],[4.8232,44.1647]]}},{"type":"Feature","properties":{"name":"L\u0027Aygues"},"geometry":{"type":"LineString","coordinates":[[4.8232,44.1647],[4.8169,44.1618]]}},{"type":"Feature","properties":{"name":"L\u0027Aygues"},"geometry":{"type":"LineString","coordinates":[[4.8180,44.1618],[4.8174,44.1620]]}},{"type":"Feature","properties":{"name":"L\u0027Aygues"},"geometry":{"type":"LineString","coordinates":[[4.8226,44.1645],[4.8222,44.1634]]}},{"type":"Feature","properties":{"name":"L\u0027Aygues"},"geometry":{"type":"LineString","coordinates":[[4.8224,44.1639],[4.8196,44.1631]]}},{"type":"Feature","properties":{"name":"L\u0027Aygues"},"geometry":{"type":"LineString","coordinates":[[4.8224,44.1643],[4.8216,44.1634]]}},{"type":"Feature","properties":{"name":"L\u0027Aygues"},"geometry":{"type":"LineString","coordinates":[[4.8186,44.1618],[4.8149,44.1604]]}},{"type":"Feature","properties":{"name":"L\u0027Aygues"},"geometry":{"type":"LineString","coordinates":[[4.8181,44.1616],[4.8166,44.1612]]}},{"type":"Feature","properties":{"name":"L\u0027Aygues"},"geometry":{"type":"LineString","coordinates":[[4.8168,44.1616],[4.8137,44.1617],[4.8125,44.1606]]}},{"type":"Feature","properties":{"name":"L\u0027Aygues"},"geometry":{"type":"LineString","coordinates":[[4.8161,44.1610],[4.8145,44.1617]]}},{"type":"Feature","properties":{"name":"L\u0027Aygues"},"geometry":{"type":"LineString","coordinates":[[4.8146,44.1606],[4.8117,44.1599]]}},{"type":"Feature","properties":{"name":"L\u0027Aygues"},"geometry":{"type":"LineString","coordinates":[[4.8129,44.1603],[4.8110,44.1590]]}},{"type":"Feature","properties":{"name":"L\u0027Aygues"},"geometry":{"type":"LineString","coordinates":[[4.8120,44.1600],[4.8118,44.1593]]}},{"type":"Feature","properties":{"name":"L\u0027Aygues"},"geometry":{"type":"LineString","coordinates":[[4.8116,44.1597],[4.8117,44.1592]]}},{"type":"Feature","properties":{"name":"L\u0027Aygues"},"geometry":{"type":"LineString","coordinates":[[4.8120,44.1602],[4.8075,44.1592]]}},{"type":"Feature","properties":{"name":"L\u0027Aygues"},"geometry":{"type":"LineString","coordinates":[[4.8087,44.1592],[4.8082,44.1594]]}},{"type":"Feature","properties":{"name":"L\u0027Aygues"},"geometry":{"type":"LineString","coordinates":[[4.8099,44.1589],[4.8064,44.1587]]}},{"type":"Feature","properties":{"name":"L\u0027Aygues"},"geometry":{"type":"LineString","coordinates":[[4.8071,44.1591],[4.8038,44.1593]]}},{"type":"Feature","properties":{"name":"L\u0027Aygues"},"geometry":{"type":"LineString","coordinates":[[4.7889,44.1506],[4.7875,44.1491]]}},{"type":"Feature","properties":{"name":"L\u0027Aygues"},"geometry":{"type":"LineString","coordinates":[[4.7873,44.1490],[4.7847,44.1485]]}},{"type":"Feature","properties":{"name":"L\u0027Aygues"},"geometry":{"type":"LineString","coordinates":[[4.7834,44.1485],[4.7814,44.1492]]}},{"type":"Feature","properties":{"name":"L\u0027Aygues"},"geometry":{"type":"LineString","coordinates":[[4.7752,44.1499],[4.7722,44.1498]]}},{"type":"Feature","properties":{"name":"L\u0027Aygues"},"geometry":{"type":"LineString","coordinates":[[4.7694,44.1491],[4.7687,44.1485]]}},{"type":"Feature","properties":{"name":"L\u0027Aygues"},"geometry":{"type":"LineString","coordinates":[[4.7684,44.1480],[4.7680,44.1467]]}},{"type":"Feature","properties":{"name":"L\u0027Aygues"},"geometry":{"type":"LineString","coordinates":[[4.7492,44.1473],[4.7474,44.1477]]}},{"type":"Feature","properties":{"name":"L\u0027Aygues"},"geometry":{"type":"LineString","coordinates":[[4.7319,44.1458],[4.7312,44.1451]]}},{"type":"Feature","properties":{"name":"L\u0027Aygues"},"geometry":{"type":"LineString","coordinates":[[4.7963,44.1565],[4.7952,44.1558]]}},{"type":"Feature","properties":{"name":"L\u0027Aygues"},"geometry":{"type":"LineString","coordinates":[[4.7985,44.1578],[4.7963,44.1565]]}},{"type":"Feature","properties":{"name":"La Blaisance"},"geometry":{"type":"LineString","coordinates":[[5.7089,44.3503],[5.7085,44.3515],[5.7116,44.3529],[5.7177,44.3534]]}},{"type":"Feature","properties":{"name":"La Blaisance"},"geometry":{"type":"LineString","coordinates":[[5.6548,44.3582],[5.6598,44.3574],[5.6672,44.3545],[5.6714,44.3551],[5.6768,44.3530],[5.6792,44.3530],[5.6859,44.3496],[5.6897,44.3496],[5.6931,44.3484],[5.6984,44.3482],[5.7000,44.3502],[5.7021,44.3505],[5.7031,44.3496],[5.7054,44.3507],[5.7073,44.3495],[5.7089,44.3503]]}},{"type":"Feature","properties":{"name":"La Blaisance"},"geometry":{"type":"LineString","coordinates":[[5.7177,44.3534],[5.7188,44.3542],[5.7219,44.3527],[5.7307,44.3529],[5.7323,44.3522],[5.7324,44.3510],[5.7407,44.3493],[5.7458,44.3468],[5.7513,44.3427],[5.7548,44.3436],[5.7557,44.3424],[5.7570,44.3436],[5.7581,44.3425],[5.7606,44.3435],[5.7643,44.3428],[5.7690,44.3454]]}},{"type":"Feature","properties":{"name":"La Blaisance"},"geometry":{"type":"LineString","coordinates":[[5.6493,44.3587],[5.6534,44.3573],[5.6548,44.3582]]}},{"type":"Feature","properties":{"name":"L\u0027Eygues"},"geometry":{"type":"LineString","coordinates":[[4.9710,44.2804],[4.9681,44.2778],[4.9643,44.2775],[4.9547,44.2722],[4.9500,44.2720],[4.9455,44.2695],[4.9397,44.2687],[4.9390,44.2668],[4.9356,44.2655],[4.9333,44.2622]]}},{"type":"Feature","properties":{"name":"L\u0027Eygues"},"geometry":{"type":"LineString","coordinates":[[4.9894,44.2860],[4.9830,44.2854],[4.9809,44.2841],[4.9746,44.2828],[4.9739,44.2815],[4.9710,44.2804]]}},{"type":"Feature","properties":{"name":"L\u0027Eygues"},"geometry":{"type":"LineString","coordinates":[[5.0606,44.3080],[5.0559,44.3044],[5.0445,44.3006],[5.0401,44.3009],[5.0383,44.2995],[5.0295,44.2979]]}},{"type":"Feature","properties":{"name":"L\u0027Eygues"},"geometry":{"type":"LineString","coordinates":[[5.0170,44.2927],[5.0009,44.2856],[4.9894,44.2860]]}},{"type":"Feature","properties":{"name":"L\u0027Eygues"},"geometry":{"type":"LineString","coordinates":[[5.4351,44.3692],[5.4352,44.3700],[5.4318,44.3717],[5.4327,44.3726],[5.4302,44.3743],[5.4298,44.3763]]}},{"type":"Feature","properties":{"name":"L\u0027Eygues"},"geometry":{"type":"LineString","coordinates":[[5.4437,44.3679],[5.4398,44.3687],[5.4381,44.3677],[5.4351,44.3692]]}},{"type":"Feature","properties":{"name":"L\u0027Eygues"},"geometry":{"type":"LineString","coordinates":[[5.4689,44.3513],[5.4669,44.3545],[5.4675,44.3598],[5.4657,44.3649],[5.4626,44.3672]]}},{"type":"Feature","properties":{"name":"L\u0027Eygues"},"geometry":{"type":"LineString","coordinates":[[5.4626,44.3672],[5.4580,44.3687],[5.4524,44.3670],[5.4488,44.3690],[5.4437,44.3679]]}},{"type":"Feature","properties":{"name":"L\u0027Eygues"},"geometry":{"type":"LineString","coordinates":[[5.0295,44.2979],[5.0208,44.2955],[5.0170,44.2927]]}},{"type":"Feature","properties":{"name":"L\u0027Eygues"},"geometry":{"type":"LineString","coordinates":[[4.9333,44.2622],[4.9307,44.2610],[4.9297,44.2579],[4.9269,44.2565],[4.9258,44.2550],[4.9258,44.2528]]}},{"type":"Feature","properties":{"name":"L\u0027Eygues"},"geometry":{"type":"LineString","coordinates":[[5.2374,44.3991],[5.2354,44.3979],[5.2332,44.3868],[5.2299,44.3854],[5.2208,44.3852],[5.2114,44.3889],[5.2080,44.3891],[5.2039,44.3864],[5.2014,44.3826],[5.1952,44.3812],[5.1916,44.3788],[5.1841,44.3777],[5.1804,44.3787],[5.1797,44.3811],[5.1782,44.3821],[5.1725,44.3835],[5.1732,44.3750],[5.1726,44.3741],[5.1675,44.3737],[5.1623,44.3715],[5.1597,44.3724],[5.1527,44.3706],[5.1514,44.3689],[5.1555,44.3662],[5.1547,44.3637],[5.1500,44.3636],[5.1482,44.3604],[5.1444,44.3603],[5.1394,44.3567],[5.1246,44.3516],[5.1155,44.3439]]}},{"type":"Feature","properties":{"name":"L\u0027Eygues"},"geometry":{"type":"LineString","coordinates":[[5.3482,44.4116],[5.3472,44.4127],[5.3413,44.4133],[5.3343,44.4167],[5.3325,44.4191],[5.3307,44.4193],[5.3315,44.4214],[5.3286,44.4233],[5.3271,44.4236],[5.3256,44.4219],[5.3242,44.4220],[5.3212,44.4227],[5.3206,44.4245],[5.3177,44.4257]]}},{"type":"Feature","properties":{"name":"L\u0027Eygues"},"geometry":{"type":"LineString","coordinates":[[5.3742,44.3899],[5.3710,44.3898],[5.3671,44.3942],[5.3623,44.3941],[5.3579,44.3964],[5.3520,44.3970],[5.3513,44.4005],[5.3525,44.4040],[5.3504,44.4059],[5.3482,44.4116]]}},{"type":"Feature","properties":{"name":"L\u0027Eygues"},"geometry":{"type":"LineString","coordinates":[[5.3978,44.3834],[5.3876,44.3895],[5.3790,44.3904],[5.3742,44.3899]]}},{"type":"Feature","properties":{"name":"L\u0027Eygues"},"geometry":{"type":"LineString","coordinates":[[5.4298,44.3763],[5.4296,44.3789],[5.4263,44.3796],[5.4250,44.3815],[5.4202,44.3803],[5.4133,44.3812],[5.4102,44.3805],[5.4080,44.3806],[5.4058,44.3822],[5.3996,44.3813],[5.3978,44.3834]]}},{"type":"Feature","properties":{"name":"L\u0027Eygues"},"geometry":{"type":"LineString","coordinates":[[5.4805,44.3510],[5.4754,44.3515],[5.4713,44.3505],[5.4689,44.3513]]}},{"type":"Feature","properties":{"name":"L\u0027Eygues"},"geometry":{"type":"LineString","coordinates":[[5.3089,44.4328],[5.3070,44.4334],[5.3026,44.4314],[5.2998,44.4314],[5.2979,44.4323],[5.2974,44.4348],[5.2939,44.4373],[5.2929,44.4366],[5.2939,44.4346],[5.2888,44.4336],[5.2881,44.4317],[5.2826,44.4331],[5.2825,44.4312],[5.2792,44.4319],[5.2770,44.4297]]}},{"type":"Feature","properties":{"name":"L\u0027Eygues"},"geometry":{"type":"LineString","coordinates":[[5.5753,44.3527],[5.5724,44.3549],[5.5644,44.3548],[5.5604,44.3561],[5.5583,44.3581],[5.5550,44.3586],[5.5529,44.3603],[5.5505,44.3659],[5.5456,44.3676],[5.5439,44.3666],[5.5410,44.3673],[5.5380,44.3661],[5.5365,44.3674],[5.5346,44.3669],[5.5346,44.3679],[5.5328,44.3680],[5.5318,44.3694]]}},{"type":"Feature","properties":{"name":"L\u0027Eygues"},"geometry":{"type":"LineString","coordinates":[[5.1155,44.3439],[5.1084,44.3384],[5.0994,44.3337]]}},{"type":"Feature","properties":{"name":"L\u0027Eygues"},"geometry":{"type":"LineString","coordinates":[[5.0829,44.3258],[5.0801,44.3250],[5.0756,44.3215],[5.0659,44.3117],[5.0620,44.3107],[5.0606,44.3080]]}},{"type":"Feature","properties":{"name":"L\u0027Eygues"},"geometry":{"type":"LineString","coordinates":[[5.3177,44.4257],[5.3155,44.4262],[5.3173,44.4288],[5.3168,44.4301],[5.3124,44.4325],[5.3100,44.4318],[5.3089,44.4328]]}},{"type":"Feature","properties":{"name":"L\u0027Eygues"},"geometry":{"type":"LineString","coordinates":[[5.2770,44.4297],[5.2777,44.4286],[5.2801,44.4288],[5.2811,44.4280],[5.2782,44.4260],[5.2756,44.4203],[5.2681,44.4135]]}},{"type":"Feature","properties":{"name":"L\u0027Eygues"},"geometry":{"type":"LineString","coordinates":[[5.2498,44.4003],[5.2374,44.3991]]}},{"type":"Feature","properties":{"name":"L\u0027Eygues"},"geometry":{"type":"LineString","coordinates":[[5.2681,44.4135],[5.2637,44.4137],[5.2605,44.4095],[5.2555,44.4102],[5.2529,44.4071],[5.2498,44.4003]]}},{"type":"Feature","properties":{"name":"L\u0027Eygues"},"geometry":{"type":"LineString","coordinates":[[5.0994,44.3337],[5.0918,44.3286],[5.0879,44.3280],[5.0829,44.3258]]}},{"type":"Feature","properties":{"name":"L\u0027Eygues"},"geometry":{"type":"LineString","coordinates":[[4.9455,44.2695],[4.9432,44.2693]]}},{"type":"Feature","properties":{"name":"L\u0027Eygues"},"geometry":{"type":"LineString","coordinates":[[4.9392,44.2672],[4.9368,44.2669],[4.9356,44.2655]]}},{"type":"Feature","properties":{"name":"L\u0027Eygues"},"geometry":{"type":"LineString","coordinates":[[4.9410,44.2690],[4.9392,44.2672]]}},{"type":"Feature","properties":{"name":"L\u0027Eygues"},"geometry":{"type":"LineString","coordinates":[[4.9339,44.2630],[4.9335,44.2602],[4.9305,44.2597]]}},{"type":"Feature","properties":{"name":"L\u0027Eygues"},"geometry":{"type":"LineString","coordinates":[[4.9301,44.2592],[4.9297,44.2579]]}},{"type":"Feature","properties":{"name":"L\u0027Eygues"},"geometry":{"type":"LineString","coordinates":[[4.9329,44.2622],[4.9307,44.2604]]}},{"type":"Feature","properties":{"name":"L\u0027Eygues"},"geometry":{"type":"LineString","coordinates":[[4.9313,44.2609],[4.9307,44.2606]]}},{"type":"Feature","properties":{"name":"L\u0027Eygues"},"geometry":{"type":"LineString","coordinates":[[4.9291,44.2575],[4.9267,44.2562]]}},{"type":"Feature","properties":{"name":"L\u0027Eygues"},"geometry":{"type":"LineString","coordinates":[[4.9275,44.2569],[4.9258,44.2550]]}},{"type":"Feature","properties":{"name":"L\u0027Eygues"},"geometry":{"type":"LineString","coordinates":[[4.9254,44.2517],[4.9257,44.2515]]}},{"type":"Feature","properties":{"name":"L\u0027Eygues"},"geometry":{"type":"LineString","coordinates":[[4.9574,44.2737],[4.9532,44.2720]]}},{"type":"Feature","properties":{"name":"L\u0027Eygues"},"geometry":{"type":"LineString","coordinates":[[4.9540,44.2721],[4.9461,44.2697]]}},{"type":"Feature","properties":{"name":"L\u0027Eygues"},"geometry":{"type":"LineString","coordinates":[[4.9519,44.2715],[4.9475,44.2707]]}},{"type":"Feature","properties":{"name":"L\u0027Eygues"},"geometry":{"type":"LineString","coordinates":[[5.5318,44.3694],[5.5263,44.3688],[5.5265,44.3676],[5.5244,44.3669],[5.5245,44.3652],[5.5229,44.3640],[5.5196,44.3640],[5.5140,44.3613],[5.5133,44.3601],[5.5074,44.3592],[5.5043,44.3563],[5.5011,44.3566],[5.4997,44.3548],[5.4961,44.3548],[5.4953,44.3527],[5.4896,44.3527],[5.4889,44.3511],[5.4850,44.3519],[5.4834,44.3506],[5.4805,44.3510]]}},{"type":"Feature","properties":{"name":"Le Largue"},"geometry":{"type":"LineString","coordinates":[[5.6975,43.8921],[5.6959,43.8914],[5.6961,43.8905],[5.6975,43.8901],[5.6993,43.8861],[5.6974,43.8842],[5.6998,43.8832],[5.7023,43.8789],[5.7050,43.8785],[5.7054,43.8767],[5.7111,43.8755],[5.7181,43.8761],[5.7211,43.8805],[5.7241,43.8816],[5.7250,43.8833],[5.7299,43.8839],[5.7330,43.8872],[5.7355,43.8863],[5.7367,43.8876],[5.7355,43.8889],[5.7392,43.8890],[5.7420,43.8909],[5.7445,43.8909],[5.7467,43.8893],[5.7502,43.8894],[5.7538,43.8916],[5.7561,43.8919],[5.7566,43.8928],[5.7620,43.8935],[5.7652,43.8927],[5.7654,43.8939],[5.7685,43.8929],[5.7729,43.8941],[5.7763,43.8932],[5.7837,43.8939],[5.7853,43.8930],[5.7962,43.8946]]}},{"type":"Feature","properties":{"name":"Le Largue"},"geometry":{"type":"LineString","coordinates":[[5.6913,43.9247],[5.6916,43.9233],[5.6894,43.9175],[5.6905,43.9138],[5.6897,43.9115],[5.6939,43.9073],[5.6936,43.9053],[5.6954,43.9048],[5.6931,43.9033],[5.6959,43.9006],[5.6956,43.8986],[5.6968,43.8960],[5.6955,43.8939],[5.6975,43.8921]]}},{"type":"Feature","properties":{"name":"La Touloubre"},"geometry":{"type":"LineString","coordinates":[[5.1658,43.6284],[5.1549,43.6306],[5.1435,43.6294],[5.1275,43.6248]]}},{"type":"Feature","properties":{"name":"La Touloubre"},"geometry":{"type":"LineString","coordinates":[[5.2353,43.6275],[5.2351,43.6245],[5.2337,43.6243],[5.2301,43.6264],[5.2291,43.6239],[5.2279,43.6250],[5.2279,43.6283],[5.2246,43.6291],[5.2226,43.6282],[5.2231,43.6252],[5.2200,43.6275],[5.2164,43.6267],[5.2132,43.6284],[5.2117,43.6263],[5.2090,43.6276],[5.1990,43.6273],[5.1873,43.6287],[5.1869,43.6293],[5.1814,43.6283],[5.1788,43.6296],[5.1686,43.6280]]}},{"type":"Feature","properties":{"name":"Le Céans"},"geometry":{"type":"LineString","coordinates":[[5.5973,44.2913],[5.6019,44.2908],[5.6032,44.2917],[5.6084,44.2915],[5.6111,44.2925],[5.6153,44.2917],[5.6176,44.2890],[5.6222,44.2884],[5.6241,44.2893],[5.6264,44.2891],[5.6317,44.2913],[5.6342,44.2910],[5.6412,44.2939],[5.6481,44.2941],[5.6545,44.2968],[5.6587,44.3005],[5.6644,44.3027],[5.6665,44.3056],[5.6718,44.3090],[5.6747,44.3125],[5.6770,44.3132],[5.6816,44.3131],[5.6869,44.3148],[5.6903,44.3123],[5.6930,44.3129],[5.6944,44.3119],[5.6985,44.3120],[5.7017,44.3130],[5.7022,44.3139],[5.7034,44.3131],[5.7052,44.3136],[5.7067,44.3148],[5.7100,44.3136],[5.7133,44.3142],[5.7198,44.3172],[5.7224,44.3166],[5.7249,44.3182],[5.7348,44.3177],[5.7367,44.3188],[5.7380,44.3214],[5.7444,44.3232],[5.7467,44.3254],[5.7507,44.3258],[5.7514,44.3283],[5.7591,44.3323],[5.7583,44.3349],[5.7607,44.3357],[5.7621,44.3386],[5.7710,44.3407],[5.7734,44.3425]]}},{"type":"Feature","properties":{"name":"L\u0027Èze"},"geometry":{"type":"LineString","coordinates":[[5.5878,43.7647],[5.5820,43.7621],[5.5814,43.7588],[5.5773,43.7577],[5.5775,43.7558],[5.5757,43.7559],[5.5728,43.7539],[5.5731,43.7512],[5.5702,43.7499],[5.5716,43.7487],[5.5699,43.7465],[5.5703,43.7453],[5.5684,43.7426],[5.5663,43.7418],[5.5674,43.7395],[5.5652,43.7382],[5.5659,43.7363],[5.5646,43.7354],[5.5618,43.7356],[5.5624,43.7337],[5.5567,43.7334],[5.5581,43.7311],[5.5543,43.7287],[5.5521,43.7258],[5.5500,43.7251],[5.5497,43.7222],[5.5476,43.7217],[5.5463,43.7195],[5.5429,43.7175],[5.5397,43.7172],[5.5367,43.7150],[5.5304,43.7134],[5.5268,43.7096],[5.5136,43.7039],[5.5100,43.6987],[5.5029,43.6977],[5.5002,43.6966],[5.4974,43.6940],[5.4939,43.6931],[5.4827,43.6824],[5.4804,43.6761],[5.4758,43.6732],[5.4725,43.6730],[5.4703,43.6716]]}},{"type":"Feature","properties":{"name":"L\u0027Èze"},"geometry":{"type":"LineString","coordinates":[[5.6383,43.7837],[5.6236,43.7828]]}},{"type":"Feature","properties":{"name":"L\u0027Èze"},"geometry":{"type":"LineString","coordinates":[[5.5916,43.7647],[5.5878,43.7647]]}},{"type":"Feature","properties":{"name":"L\u0027Èze"},"geometry":{"type":"LineString","coordinates":[[5.5918,43.7648],[5.5916,43.7647]]}},{"type":"Feature","properties":{"name":"L\u0027Èze"},"geometry":{"type":"LineString","coordinates":[[5.6236,43.7828],[5.6236,43.7828]]}},{"type":"Feature","properties":{"name":"L\u0027Èze"},"geometry":{"type":"LineString","coordinates":[[5.6236,43.7828],[5.6156,43.7792],[5.6152,43.7765],[5.6128,43.7740],[5.6119,43.7713],[5.6079,43.7676],[5.6007,43.7667],[5.5976,43.7674],[5.5972,43.7666],[5.5958,43.7670],[5.5954,43.7657],[5.5918,43.7648]]}},{"type":"Feature","properties":{"name":"Le Toulourenc"},"geometry":{"type":"LineString","coordinates":[[5.2383,44.2134],[5.2366,44.2127],[5.2319,44.2138],[5.2315,44.2123],[5.2303,44.2118],[5.2282,44.2125],[5.2263,44.2151],[5.2230,44.2145],[5.2217,44.2130],[5.2139,44.2150]]}},{"type":"Feature","properties":{"name":"Le Toulourenc"},"geometry":{"type":"LineString","coordinates":[[5.1682,44.2251],[5.1669,44.2259],[5.1656,44.2249],[5.1617,44.2274],[5.1607,44.2298]]}},{"type":"Feature","properties":{"name":"Le Toulourenc"},"geometry":{"type":"LineString","coordinates":[[5.4268,44.2215],[5.4284,44.2214],[5.4284,44.2200],[5.4247,44.2175],[5.4232,44.2126],[5.4202,44.2080],[5.4193,44.2053],[5.4199,44.2041],[5.4185,44.2024],[5.4193,44.1996],[5.4175,44.1991],[5.4147,44.1961],[5.4161,44.1948],[5.4230,44.1923],[5.4254,44.1858],[5.4272,44.1848],[5.4312,44.1796],[5.4315,44.1778],[5.4339,44.1755],[5.4301,44.1714]]}},{"type":"Feature","properties":{"name":"Le Toulourenc"},"geometry":{"type":"LineString","coordinates":[[5.2015,44.2170],[5.1989,44.2166],[5.1952,44.2177]]}},{"type":"Feature","properties":{"name":"Le Toulourenc"},"geometry":{"type":"LineString","coordinates":[[5.1523,44.2329],[5.1519,44.2341],[5.1494,44.2356],[5.1513,44.2372]]}},{"type":"Feature","properties":{"name":"Le Toulourenc"},"geometry":{"type":"LineString","coordinates":[[5.2139,44.2150],[5.2044,44.2147],[5.2015,44.2170]]}},{"type":"Feature","properties":{"name":"Le Toulourenc"},"geometry":{"type":"LineString","coordinates":[[5.1607,44.2298],[5.1593,44.2328],[5.1562,44.2332],[5.1546,44.2349],[5.1523,44.2329]]}},{"type":"Feature","properties":{"name":"Le Toulourenc"},"geometry":{"type":"LineString","coordinates":[[5.1877,44.2199],[5.1850,44.2186],[5.1847,44.2197],[5.1829,44.2201],[5.1812,44.2190],[5.1759,44.2204],[5.1682,44.2251]]}},{"type":"Feature","properties":{"name":"Le Toulourenc"},"geometry":{"type":"LineString","coordinates":[[5.1952,44.2177],[5.1955,44.2184],[5.1949,44.2183]]}},{"type":"Feature","properties":{"name":"Le Toulourenc"},"geometry":{"type":"LineString","coordinates":[[5.3906,44.1810],[5.3852,44.1824],[5.3786,44.1817],[5.3769,44.1808],[5.3710,44.1809],[5.3671,44.1829],[5.3612,44.1820],[5.3578,44.1842],[5.3513,44.1833],[5.3474,44.1859],[5.3447,44.1857],[5.3428,44.1880],[5.3371,44.1870],[5.3352,44.1880],[5.3343,44.1903],[5.3321,44.1899],[5.3317,44.1906]]}},{"type":"Feature","properties":{"name":"Le Toulourenc"},"geometry":{"type":"LineString","coordinates":[[5.1905,44.2195],[5.1877,44.2199]]}},{"type":"Feature","properties":{"name":"Le Toulourenc"},"geometry":{"type":"LineString","coordinates":[[5.1949,44.2183],[5.1905,44.2195]]}},{"type":"Feature","properties":{"name":"Le Toulourenc"},"geometry":{"type":"LineString","coordinates":[[5.1513,44.2372],[5.1518,44.2385]]}},{"type":"Feature","properties":{"name":"Le Toulourenc"},"geometry":{"type":"LineString","coordinates":[[5.2734,44.2125],[5.2572,44.2118],[5.2555,44.2132]]}},{"type":"Feature","properties":{"name":"Le Toulourenc"},"geometry":{"type":"LineString","coordinates":[[5.2555,44.2132],[5.2456,44.2147],[5.2429,44.2147],[5.2422,44.2132],[5.2393,44.2147],[5.2391,44.2133],[5.2383,44.2134]]}},{"type":"Feature","properties":{"name":"Le Toulourenc"},"geometry":{"type":"LineString","coordinates":[[5.3317,44.1906],[5.3277,44.1934],[5.3230,44.1944],[5.3184,44.1932],[5.3124,44.1962],[5.3092,44.1968],[5.3071,44.1986],[5.3037,44.1982],[5.3016,44.2000],[5.2981,44.2002],[5.2753,44.2108],[5.2734,44.2125]]}},{"type":"Feature","properties":{"name":"Le Toulourenc"},"geometry":{"type":"LineString","coordinates":[[5.4301,44.1714],[5.4262,44.1664],[5.4196,44.1665],[5.4115,44.1707],[5.4089,44.1707],[5.4061,44.1727],[5.4039,44.1729],[5.3997,44.1750],[5.4001,44.1758],[5.3984,44.1774],[5.3906,44.1810]]}},{"type":"Feature","properties":{"name":"Canal du Moulin de la Ville et de l\u0027Etang"},"geometry":{"type":"LineString","coordinates":[[4.9977,43.9672],[4.9963,43.9703],[4.9945,43.9711],[4.9958,43.9742],[4.9907,43.9773],[4.9921,43.9793],[4.9910,43.9816],[4.9821,43.9862]]}},{"type":"Feature","properties":{"name":"La Laye"},"geometry":{"type":"LineString","coordinates":[[5.7505,43.9435],[5.7529,43.9390],[5.7508,43.9354],[5.7522,43.9329],[5.7586,43.9290],[5.7586,43.9268],[5.7638,43.9222],[5.7687,43.9206],[5.7787,43.9111],[5.7818,43.9101],[5.7828,43.9067],[5.7896,43.9020],[5.7911,43.8982],[5.7976,43.8947]]}},{"type":"Feature","properties":{"name":"La Laye"},"geometry":{"type":"LineString","coordinates":[[5.7458,43.9993],[5.7458,43.9975],[5.7428,43.9962],[5.7431,43.9948],[5.7396,43.9932],[5.7409,43.9917],[5.7390,43.9923],[5.7375,43.9913],[5.7383,43.9887],[5.7366,43.9874],[5.7383,43.9832],[5.7373,43.9821],[5.7387,43.9800],[5.7344,43.9777],[5.7359,43.9759],[5.7346,43.9747],[5.7352,43.9738],[5.7345,43.9708],[5.7375,43.9670],[5.7401,43.9665],[5.7394,43.9633],[5.7414,43.9611],[5.7391,43.9590],[5.7393,43.9577]]}},{"type":"Feature","properties":{"name":"La Laye"},"geometry":{"type":"LineString","coordinates":[[5.7393,43.9577],[5.7390,43.9569],[5.7401,43.9556],[5.7436,43.9535],[5.7443,43.9512],[5.7491,43.9447]]}},{"type":"Feature","properties":{"name":"La Laye"},"geometry":{"type":"LineString","coordinates":[[5.7491,43.9447],[5.7505,43.9435]]}},{"type":"Feature","properties":{"name":"Le Calavon"},"geometry":{"type":"LineString","coordinates":[[5.1936,43.8577],[5.1872,43.8556],[5.1834,43.8567],[5.1826,43.8587],[5.1811,43.8594],[5.1765,43.8606],[5.1724,43.8597],[5.1701,43.8616],[5.1672,43.8616],[5.1638,43.8601],[5.1586,43.8558],[5.1357,43.8583]]}},{"type":"Feature","properties":{"name":"Le Calavon"},"geometry":{"type":"LineString","coordinates":[[5.5072,43.8498],[5.5010,43.8473],[5.4976,43.8492],[5.4949,43.8475],[5.4879,43.8503],[5.4858,43.8507],[5.4821,43.8495],[5.4766,43.8518]]}},{"type":"Feature","properties":{"name":"Le Calavon"},"geometry":{"type":"LineString","coordinates":[[5.4766,43.8518],[5.4768,43.8536],[5.4739,43.8553],[5.4736,43.8579],[5.4696,43.8588],[5.4668,43.8609]]}},{"type":"Feature","properties":{"name":"Le Calavon"},"geometry":{"type":"LineString","coordinates":[[5.4668,43.8609],[5.4647,43.8614],[5.4630,43.8642],[5.4608,43.8644],[5.4587,43.8684],[5.4556,43.8693],[5.4560,43.8720],[5.4532,43.8712],[5.4509,43.8727],[5.4513,43.8738],[5.4476,43.8788],[5.4443,43.8800],[5.4449,43.8820]]}},{"type":"Feature","properties":{"name":"Le Calavon"},"geometry":{"type":"LineString","coordinates":[[5.2925,43.8611],[5.2897,43.8607],[5.2873,43.8590],[5.2778,43.8594],[5.2760,43.8568],[5.2690,43.8584],[5.2664,43.8555],[5.2633,43.8547],[5.2588,43.8565],[5.2535,43.8529],[5.2496,43.8535],[5.2482,43.8548],[5.2422,43.8556],[5.2386,43.8580],[5.2262,43.8557],[5.2205,43.8596],[5.2166,43.8577],[5.2161,43.8565],[5.2100,43.8552],[5.2061,43.8576],[5.1995,43.8560],[5.1959,43.8583],[5.1936,43.8577]]}},{"type":"Feature","properties":{"name":"Le Calavon"},"geometry":{"type":"LineString","coordinates":[[5.4449,43.8820],[5.4449,43.8827],[5.4428,43.8831],[5.4404,43.8815],[5.4315,43.8821],[5.4273,43.8795],[5.4211,43.8803],[5.4172,43.8783],[5.4150,43.8793],[5.4113,43.8778],[5.4061,43.8790],[5.4051,43.8765],[5.4014,43.8749],[5.3992,43.8773],[5.3929,43.8766],[5.3885,43.8776],[5.3859,43.8769],[5.3827,43.8788],[5.3782,43.8785],[5.3774,43.8792],[5.3788,43.8822],[5.3772,43.8845],[5.3755,43.8844],[5.3672,43.8814],[5.3650,43.8792],[5.3585,43.8795],[5.3559,43.8755],[5.3510,43.8756],[5.3485,43.8736],[5.3452,43.8726],[5.3446,43.8704],[5.3420,43.8703],[5.3399,43.8674]]}},{"type":"Feature","properties":{"name":"Le Calavon"},"geometry":{"type":"LineString","coordinates":[[5.5722,43.8619],[5.5677,43.8622],[5.5635,43.8580],[5.5573,43.8554],[5.5511,43.8512],[5.5444,43.8513],[5.5434,43.8527],[5.5417,43.8530],[5.5375,43.8490],[5.5321,43.8498],[5.5306,43.8513],[5.5282,43.8494],[5.5210,43.8501],[5.5198,43.8492],[5.5100,43.8519],[5.5072,43.8498]]}},{"type":"Feature","properties":{"name":"Le Calavon"},"geometry":{"type":"LineString","coordinates":[[5.6029,43.9526],[5.5961,43.9485],[5.5952,43.9466],[5.5954,43.9441],[5.5931,43.9409],[5.5922,43.9375],[5.5895,43.9365],[5.5848,43.9322],[5.5858,43.9293],[5.5852,43.9262],[5.5865,43.9239],[5.5830,43.9210],[5.5849,43.9183],[5.5845,43.9158],[5.5813,43.9136]]}},{"type":"Feature","properties":{"name":"Le Calavon"},"geometry":{"type":"LineString","coordinates":[[5.5796,43.9087],[5.5795,43.9087]]}},{"type":"Feature","properties":{"name":"Le Calavon"},"geometry":{"type":"LineString","coordinates":[[5.5795,43.9087],[5.5782,43.9066],[5.5808,43.9051],[5.5810,43.9038],[5.5795,43.9014],[5.5824,43.8989],[5.5822,43.8969],[5.5835,43.8953],[5.5820,43.8932],[5.5849,43.8901],[5.5835,43.8874],[5.5875,43.8838],[5.5877,43.8823],[5.5844,43.8768],[5.5784,43.8740],[5.5782,43.8726],[5.5740,43.8668],[5.5734,43.8631],[5.5722,43.8619]]}},{"type":"Feature","properties":{"name":"Le Calavon"},"geometry":{"type":"LineString","coordinates":[[5.1112,43.8593],[5.0995,43.8607],[5.0982,43.8593],[5.0981,43.8541],[5.0972,43.8518],[5.0920,43.8505],[5.0891,43.8514],[5.0798,43.8505],[5.0732,43.8480],[5.0628,43.8494],[5.0557,43.8492],[5.0533,43.8482],[5.0408,43.8517],[5.0381,43.8541],[5.0381,43.8566],[5.0348,43.8590],[5.0354,43.8618],[5.0306,43.8655],[5.0296,43.8637],[5.0273,43.8621],[5.0226,43.8633],[5.0187,43.8613],[5.0156,43.8623],[5.0123,43.8614],[5.0119,43.8598],[5.0094,43.8617],[4.9928,43.8546],[4.9896,43.8569],[4.9872,43.8556]]}},{"type":"Feature","properties":{"name":"Le Calavon"},"geometry":{"type":"LineString","coordinates":[[5.1357,43.8583],[5.1298,43.8590]]}},{"type":"Feature","properties":{"name":"Le Calavon"},"geometry":{"type":"LineString","coordinates":[[5.6131,43.9732],[5.6128,43.9709],[5.6111,43.9708],[5.6083,43.9684]]}},{"type":"Feature","properties":{"name":"Le Calavon"},"geometry":{"type":"LineString","coordinates":[[5.6083,43.9684],[5.6063,43.9645]]}},{"type":"Feature","properties":{"name":"Le Calavon"},"geometry":{"type":"LineString","coordinates":[[5.6162,43.9831],[5.6162,43.9830]]}},{"type":"Feature","properties":{"name":"Le Calavon"},"geometry":{"type":"LineString","coordinates":[[5.6162,43.9830],[5.6157,43.9825]]}},{"type":"Feature","properties":{"name":"Le Calavon"},"geometry":{"type":"LineString","coordinates":[[5.6448,44.0054],[5.6447,44.0053]]}},{"type":"Feature","properties":{"name":"Le Calavon"},"geometry":{"type":"LineString","coordinates":[[5.6447,44.0053],[5.6418,44.0022]]}},{"type":"Feature","properties":{"name":"Le Calavon"},"geometry":{"type":"LineString","coordinates":[[5.6064,43.9641],[5.6047,43.9613],[5.6015,43.9605]]}},{"type":"Feature","properties":{"name":"Le Calavon"},"geometry":{"type":"LineString","coordinates":[[5.6015,43.9605],[5.6020,43.9585],[5.6044,43.9570],[5.6029,43.9526]]}},{"type":"Feature","properties":{"name":"Le Calavon"},"geometry":{"type":"LineString","coordinates":[[5.6157,43.9825],[5.6161,43.9814],[5.6129,43.9789],[5.6127,43.9760],[5.6137,43.9755],[5.6132,43.9732]]}},{"type":"Feature","properties":{"name":"Le Calavon"},"geometry":{"type":"LineString","coordinates":[[5.6501,44.0117],[5.6491,44.0093],[5.6448,44.0054]]}},{"type":"Feature","properties":{"name":"Le Calavon"},"geometry":{"type":"LineString","coordinates":[[5.6403,43.9995],[5.6395,43.9987],[5.6382,43.9996],[5.6330,43.9984],[5.6284,43.9938],[5.6252,43.9940],[5.6250,43.9917],[5.6218,43.9890],[5.6215,43.9863],[5.6162,43.9831]]}},{"type":"Feature","properties":{"name":"Le Calavon"},"geometry":{"type":"LineString","coordinates":[[5.5813,43.9136],[5.5794,43.9113],[5.5816,43.9099],[5.5796,43.9087]]}},{"type":"Feature","properties":{"name":"Le Calavon"},"geometry":{"type":"LineString","coordinates":[[5.3399,43.8674],[5.3374,43.8657],[5.3325,43.8652],[5.3319,43.8638],[5.3261,43.8620],[5.3257,43.8591],[5.3239,43.8584],[5.3163,43.8595],[5.3128,43.8621],[5.3091,43.8627],[5.2980,43.8606],[5.2925,43.8611]]}},{"type":"Feature","properties":{"name":"Le Calavon"},"geometry":{"type":"LineString","coordinates":[[5.1298,43.8590],[5.1224,43.8597],[5.1112,43.8593]]}},{"type":"Feature","properties":{"name":"Bentrix"},"geometry":{"type":"LineString","coordinates":[[5.2021,44.4097],[5.2033,44.4074],[5.2033,44.4048],[5.1986,44.4008],[5.1957,44.3963],[5.1978,44.3921],[5.1974,44.3899],[5.2001,44.3854],[5.2022,44.3839]]}},{"type":"Feature","properties":{"name":"La Sorgue de Velleron"},"geometry":{"type":"LineString","coordinates":[[4.9587,44.0151],[4.9533,44.0195],[4.9476,44.0216],[4.9468,44.0227],[4.9455,44.0221],[4.9452,44.0231],[4.9412,44.0247],[4.9405,44.0241],[4.9397,44.0255],[4.9327,44.0238],[4.9278,44.0245],[4.9206,44.0312],[4.9099,44.0312]]}},{"type":"Feature","properties":{"name":"La Sorgue de Velleron"},"geometry":{"type":"LineString","coordinates":[[4.9973,43.9671],[4.9957,43.9666],[4.9876,43.9685],[4.9880,43.9695],[4.9871,43.9701],[4.9843,43.9781],[4.9849,43.9791],[4.9840,43.9797],[4.9840,43.9819],[4.9823,43.9850],[4.9825,43.9877],[4.9809,43.9883],[4.9824,43.9904],[4.9815,43.9950]]}},{"type":"Feature","properties":{"name":"La Sorgue de Velleron"},"geometry":{"type":"LineString","coordinates":[[4.9099,44.0312],[4.9085,44.0322],[4.9040,44.0312]]}},{"type":"Feature","properties":{"name":"La Sorgue de Velleron"},"geometry":{"type":"LineString","coordinates":[[5.0070,43.9614],[5.0022,43.9612],[4.9999,43.9622]]}},{"type":"Feature","properties":{"name":"La Sorgue de Velleron"},"geometry":{"type":"LineString","coordinates":[[5.0203,43.9574],[5.0119,43.9589],[5.0070,43.9614]]}},{"type":"Feature","properties":{"name":"La Sorgue de Velleron"},"geometry":{"type":"LineString","coordinates":[[5.0560,43.9298],[5.0529,43.9338],[5.0485,43.9349],[5.0431,43.9381]]}},{"type":"Feature","properties":{"name":"La Sorgue de Velleron"},"geometry":{"type":"LineString","coordinates":[[4.9815,43.9950],[4.9802,43.9985],[4.9732,44.0048],[4.9728,44.0061],[4.9646,44.0103],[4.9587,44.0151]]}},{"type":"Feature","properties":{"name":"La Sorgue de Velleron"},"geometry":{"type":"LineString","coordinates":[[5.0314,43.9463],[5.0286,43.9493],[5.0268,43.9501],[5.0262,43.9518]]}},{"type":"Feature","properties":{"name":"La Sorgue de Velleron"},"geometry":{"type":"LineString","coordinates":[[5.0262,43.9518],[5.0259,43.9544],[5.0203,43.9574]]}},{"type":"Feature","properties":{"name":"La Sorgue de Velleron"},"geometry":{"type":"LineString","coordinates":[[5.0398,43.9452],[5.0314,43.9463]]}},{"type":"Feature","properties":{"name":"La Sorgue de Velleron"},"geometry":{"type":"LineString","coordinates":[[5.0011,43.9615],[4.9999,43.9622]]}},{"type":"Feature","properties":{"name":"La Sorgue de Velleron"},"geometry":{"type":"LineString","coordinates":[[4.9410,44.0246],[4.9404,44.0251]]}},{"type":"Feature","properties":{"name":"L\u0027Aygues"},"geometry":{"type":"LineString","coordinates":[[4.9258,44.2527],[4.9254,44.2515]]}},{"type":"Feature","properties":{"name":"L\u0027Aygues"},"geometry":{"type":"LineString","coordinates":[[4.9260,44.2529],[4.9253,44.2509]]}},{"type":"Feature","properties":{"name":"L\u0027Aygues"},"geometry":{"type":"LineString","coordinates":[[4.9255,44.2511],[4.9248,44.2495]]}},{"type":"Feature","properties":{"name":"L\u0027Aygues"},"geometry":{"type":"LineString","coordinates":[[4.9182,44.2430],[4.9171,44.2421],[4.9176,44.2404]]}},{"type":"Feature","properties":{"name":"L\u0027Aygues"},"geometry":{"type":"LineString","coordinates":[[4.9257,44.2545],[4.9244,44.2515],[4.9218,44.2494]]}},{"type":"Feature","properties":{"name":"L\u0027Aygues"},"geometry":{"type":"LineString","coordinates":[[4.9258,44.2528],[4.9245,44.2491],[4.9211,44.2493],[4.9199,44.2483],[4.9200,44.2452],[4.9182,44.2430],[4.9182,44.2409],[4.9167,44.2397],[4.9140,44.2400],[4.9134,44.2387],[4.9180,44.2366],[4.9179,44.2336],[4.9216,44.2315],[4.9226,44.2291],[4.9214,44.2264]]}},{"type":"Feature","properties":{"name":"Le Buëch"},"geometry":{"type":"LineString","coordinates":[[5.7313,44.3968],[5.7323,44.3954],[5.7315,44.3892],[5.7339,44.3858],[5.7410,44.3822],[5.7427,44.3754],[5.7412,44.3723],[5.7467,44.3680],[5.7488,44.3635],[5.7529,44.3598],[5.7539,44.3572],[5.7605,44.3550],[5.7611,44.3505],[5.7663,44.3485],[5.7693,44.3451],[5.7778,44.3402],[5.7799,44.3322],[5.7864,44.3322],[5.7878,44.3309],[5.7858,44.3209],[5.7948,44.3161],[5.8007,44.3159],[5.8009,44.3142],[5.8034,44.3130],[5.8101,44.3117],[5.8203,44.3082],[5.8241,44.3081],[5.8295,44.2994],[5.8311,44.2988],[5.8341,44.2999],[5.8365,44.2972]]}},{"type":"Feature","properties":{"name":"Le Buëch"},"geometry":{"type":"LineString","coordinates":[[5.7217,44.4490],[5.7202,44.4482],[5.7196,44.4456],[5.7130,44.4425],[5.7115,44.4389],[5.7127,44.4358],[5.7115,44.4333],[5.7191,44.4301],[5.7164,44.4284],[5.7143,44.4242],[5.7157,44.4206],[5.7152,44.4178],[5.7161,44.4149]]}},{"type":"Feature","properties":{"name":"Le Buëch"},"geometry":{"type":"LineString","coordinates":[[5.7161,44.4149],[5.7159,44.4132],[5.7180,44.4064]]}},{"type":"Feature","properties":{"name":"Le Buëch"},"geometry":{"type":"LineString","coordinates":[[5.7310,44.3972],[5.7313,44.3968]]}},{"type":"Feature","properties":{"name":"Le Buëch"},"geometry":{"type":"LineString","coordinates":[[5.7180,44.4064],[5.7184,44.4063]]}},{"type":"Feature","properties":{"name":"Le Jabron"},"geometry":{"type":"LineString","coordinates":[[5.7473,44.1665],[5.7519,44.1663],[5.7608,44.1680],[5.7622,44.1665],[5.7676,44.1645],[5.7693,44.1624],[5.7712,44.1632],[5.7732,44.1622],[5.7738,44.1648],[5.7750,44.1651],[5.7786,44.1635],[5.7862,44.1649],[5.7884,44.1634],[5.7926,44.1632],[5.7961,44.1667],[5.8005,44.1674],[5.8141,44.1663],[5.8172,44.1674],[5.8234,44.1663],[5.8254,44.1669],[5.8331,44.1643],[5.8359,44.1652],[5.8413,44.1649],[5.8476,44.1672],[5.8505,44.1673],[5.8566,44.1654],[5.8672,44.1655],[5.8927,44.1687],[5.8979,44.1718],[5.9024,44.1728],[5.9152,44.1715],[5.9233,44.1683],[5.9258,44.1659],[5.9306,44.1648],[5.9325,44.1624],[5.9350,44.1622]]}},{"type":"Feature","properties":{"name":"Le Jabron"},"geometry":{"type":"LineString","coordinates":[[5.6258,44.1723],[5.6331,44.1719],[5.6336,44.1710],[5.6398,44.1730],[5.6423,44.1725],[5.6429,44.1736],[5.6490,44.1754],[5.6504,44.1746],[5.6660,44.1766],[5.6693,44.1752],[5.6717,44.1757],[5.6765,44.1728],[5.6813,44.1737]]}},{"type":"Feature","properties":{"name":"Le Jabron"},"geometry":{"type":"LineString","coordinates":[[5.6202,44.1728],[5.6250,44.1731],[5.6258,44.1723]]}},{"type":"Feature","properties":{"name":"Le Jabron"},"geometry":{"type":"LineString","coordinates":[[5.6813,44.1737],[5.6831,44.1730],[5.6847,44.1748],[5.6884,44.1738],[5.6907,44.1744],[5.6950,44.1728],[5.6985,44.1729],[5.7010,44.1749],[5.7052,44.1738],[5.7075,44.1747],[5.7073,44.1756],[5.7083,44.1762],[5.7110,44.1740],[5.7138,44.1747],[5.7179,44.1722],[5.7218,44.1716],[5.7281,44.1719],[5.7289,44.1733],[5.7334,44.1717],[5.7360,44.1723],[5.7387,44.1699],[5.7413,44.1705],[5.7429,44.1685],[5.7428,44.1673],[5.7473,44.1665]]}},{"type":"Feature","properties":{"name":"Le Petit Buëch"},"geometry":{"type":"LineString","coordinates":[[5.9447,44.5548],[5.9356,44.5569],[5.9254,44.5574],[5.9156,44.5593],[5.9020,44.5574],[5.8978,44.5606],[5.8928,44.5605],[5.8715,44.5533],[5.8645,44.5491],[5.8647,44.5474],[5.8627,44.5464],[5.8620,44.5445],[5.8396,44.5349],[5.8198,44.5249],[5.8101,44.5216],[5.8046,44.5184],[5.8000,44.5178],[5.7945,44.5155],[5.7917,44.5157],[5.7867,44.5124],[5.7859,44.5108],[5.7799,44.5091],[5.7774,44.5063],[5.7704,44.5041],[5.7686,44.5004],[5.7663,44.4992],[5.7675,44.4973],[5.7673,44.4954],[5.7654,44.4939],[5.7660,44.4870],[5.7647,44.4861],[5.7646,44.4826],[5.7617,44.4800],[5.7616,44.4779],[5.7632,44.4746],[5.7614,44.4736],[5.7601,44.4675],[5.7546,44.4631],[5.7488,44.4643],[5.7475,44.4616],[5.7436,44.4608],[5.7326,44.4497],[5.7239,44.4481],[5.7217,44.4490]]}},{"type":"Feature","properties":{"name":"Canal de Vaucluse"},"geometry":{"type":"LineString","coordinates":[[4.9475,43.9510],[4.9449,43.9519],[4.9451,43.9542],[4.9410,43.9585],[4.9399,43.9631],[4.9377,43.9634],[4.9363,43.9647],[4.9294,43.9675]]}},{"type":"Feature","properties":{"name":"Canal de Vaucluse"},"geometry":{"type":"LineString","coordinates":[[4.9291,43.9683],[4.9286,43.9686]]}},{"type":"Feature","properties":{"name":"Canal de Vaucluse"},"geometry":{"type":"LineString","coordinates":[[4.9288,43.9680],[4.9287,43.9682]]}},{"type":"Feature","properties":{"name":"Canal de Vaucluse"},"geometry":{"type":"LineString","coordinates":[[4.9294,43.9678],[4.9291,43.9683]]}},{"type":"Feature","properties":{"name":"Canal de Vaucluse"},"geometry":{"type":"LineString","coordinates":[[4.9294,43.9675],[4.9294,43.9678]]}},{"type":"Feature","properties":{"name":"Canal de Vaucluse"},"geometry":{"type":"LineString","coordinates":[[4.8817,43.9798],[4.8817,43.9798]]}},{"type":"Feature","properties":{"name":"Canal de Vaucluse"},"geometry":{"type":"LineString","coordinates":[[4.8897,43.9845],[4.8882,43.9836]]}},{"type":"Feature","properties":{"name":"Canal de Vaucluse"},"geometry":{"type":"LineString","coordinates":[[4.8817,43.9798],[4.8759,43.9762]]}},{"type":"Feature","properties":{"name":"Canal de Vaucluse"},"geometry":{"type":"LineString","coordinates":[[4.9581,43.9384],[4.9556,43.9386],[4.9534,43.9401],[4.9536,43.9412],[4.9514,43.9416],[4.9515,43.9438],[4.9502,43.9458]]}},{"type":"Feature","properties":{"name":"Canal de Vaucluse"},"geometry":{"type":"LineString","coordinates":[[4.8873,43.9831],[4.8864,43.9825]]}},{"type":"Feature","properties":{"name":"Canal de Vaucluse"},"geometry":{"type":"LineString","coordinates":[[4.8864,43.9825],[4.8817,43.9798]]}},{"type":"Feature","properties":{"name":"Canal de Vaucluse"},"geometry":{"type":"LineString","coordinates":[[4.8963,43.9868],[4.8933,43.9867],[4.8911,43.9854]]}},{"type":"Feature","properties":{"name":"Canal de Vaucluse"},"geometry":{"type":"LineString","coordinates":[[4.8911,43.9854],[4.8907,43.9852]]}},{"type":"Feature","properties":{"name":"Canal de Vaucluse"},"geometry":{"type":"LineString","coordinates":[[4.8882,43.9836],[4.8881,43.9836]]}},{"type":"Feature","properties":{"name":"Canal de Vaucluse"},"geometry":{"type":"LineString","coordinates":[[4.8881,43.9836],[4.8873,43.9831]]}},{"type":"Feature","properties":{"name":"Canal de Vaucluse"},"geometry":{"type":"LineString","coordinates":[[4.8907,43.9852],[4.8899,43.9846]]}},{"type":"Feature","properties":{"name":"Canal de Vaucluse"},"geometry":{"type":"LineString","coordinates":[[4.8899,43.9846],[4.8897,43.9845]]}},{"type":"Feature","properties":{"name":"Canal de Vaucluse"},"geometry":{"type":"LineString","coordinates":[[4.9502,43.9458],[4.9475,43.9468],[4.9483,43.9499],[4.9475,43.9510]]}},{"type":"Feature","properties":{"name":"Canal de Vaucluse"},"geometry":{"type":"LineString","coordinates":[[4.9294,43.9675],[4.9288,43.9680]]}},{"type":"Feature","properties":{"name":"Le Grand Buëch"},"geometry":{"type":"LineString","coordinates":[[5.7444,44.5113],[5.7406,44.5106],[5.7368,44.5084],[5.7373,44.5061],[5.7352,44.5051],[5.7358,44.5023],[5.7326,44.4988],[5.7311,44.4983],[5.7284,44.4915],[5.7257,44.4892],[5.7250,44.4871],[5.7267,44.4849],[5.7262,44.4837],[5.7277,44.4824],[5.7269,44.4805],[5.7254,44.4797],[5.7235,44.4800],[5.7198,44.4774],[5.7175,44.4774],[5.7185,44.4722],[5.7162,44.4706],[5.7163,44.4697],[5.7194,44.4651],[5.7171,44.4633],[5.7190,44.4582],[5.7218,44.4543],[5.7217,44.4490]]}},{"type":"Feature","properties":{"name":"L\u0027Eyguemarse"},"geometry":{"type":"LineString","coordinates":[[5.1581,44.2422],[5.1569,44.2390]]}},{"type":"Feature","properties":{"name":"L\u0027Eyguemarse"},"geometry":{"type":"LineString","coordinates":[[5.1824,44.2580],[5.1794,44.2553],[5.1702,44.2532],[5.1679,44.2496],[5.1642,44.2480],[5.1618,44.2457]]}},{"type":"Feature","properties":{"name":"L\u0027Eyguemarse"},"geometry":{"type":"LineString","coordinates":[[5.1618,44.2457],[5.1581,44.2422]]}},{"type":"Feature","properties":{"name":"L\u0027Eyguemarse"},"geometry":{"type":"LineString","coordinates":[[5.1938,44.2624],[5.1888,44.2618],[5.1873,44.2589],[5.1824,44.2580]]}},{"type":"Feature","properties":{"name":"L\u0027Eyguemarse"},"geometry":{"type":"LineString","coordinates":[[5.1957,44.2752],[5.1942,44.2728],[5.1943,44.2705],[5.1952,44.2693],[5.1990,44.2681],[5.1987,44.2648],[5.1938,44.2624]]}},{"type":"Feature","properties":{"name":"L\u0027Abéou"},"geometry":{"type":"LineString","coordinates":[[5.7003,43.6897],[5.6947,43.6911],[5.6904,43.6909]]}},{"type":"Feature","properties":{"name":"L\u0027Abéou"},"geometry":{"type":"LineString","coordinates":[[5.7005,43.6893],[5.7003,43.6897]]}},{"type":"Feature","properties":{"name":"L\u0027Abéou"},"geometry":{"type":"LineString","coordinates":[[5.7086,43.6856],[5.7082,43.6865]]}},{"type":"Feature","properties":{"name":"L\u0027Abéou"},"geometry":{"type":"LineString","coordinates":[[5.7082,43.6865],[5.7064,43.6878],[5.7005,43.6893]]}},{"type":"Feature","properties":{"name":"L\u0027Abéou"},"geometry":{"type":"LineString","coordinates":[[5.7742,43.6374],[5.7658,43.6373],[5.7607,43.6404],[5.7620,43.6419],[5.7633,43.6419],[5.7615,43.6441],[5.7626,43.6464],[5.7593,43.6467],[5.7604,43.6492],[5.7576,43.6515],[5.7583,43.6540],[5.7569,43.6555],[5.7571,43.6588],[5.7540,43.6644],[5.7494,43.6643],[5.7410,43.6669],[5.7383,43.6710],[5.7297,43.6763],[5.7246,43.6759],[5.7218,43.6766],[5.7212,43.6784],[5.7194,43.6798],[5.7185,43.6794],[5.7086,43.6856]]}},{"type":"Feature","properties":{"name":"L\u0027Ouvèze"},"geometry":{"type":"LineString","coordinates":[[5.2816,44.2842],[5.2793,44.2791],[5.2750,44.2735],[5.2687,44.2709],[5.2656,44.2644],[5.2615,44.2610],[5.2611,44.2570],[5.2588,44.2554],[5.2559,44.2553],[5.2557,44.2538],[5.2542,44.2525],[5.2550,44.2511],[5.2540,44.2487],[5.2506,44.2494]]}},{"type":"Feature","properties":{"name":"L\u0027Ouvèze"},"geometry":{"type":"LineString","coordinates":[[5.2506,44.2494],[5.2457,44.2502],[5.2419,44.2460],[5.2388,44.2448],[5.2368,44.2455],[5.2347,44.2436],[5.2275,44.2423],[5.2247,44.2424],[5.2249,44.2451],[5.2228,44.2468],[5.2209,44.2469],[5.2193,44.2459],[5.2180,44.2432],[5.2108,44.2411],[5.2085,44.2387],[5.2011,44.2376],[5.1954,44.2381],[5.1916,44.2356],[5.1847,44.2391],[5.1812,44.2377],[5.1787,44.2349],[5.1764,44.2354],[5.1696,44.2343],[5.1628,44.2385],[5.1518,44.2385]]}},{"type":"Feature","properties":{"name":"L\u0027Ouvèze"},"geometry":{"type":"LineString","coordinates":[[4.9665,44.1694],[4.9663,44.1679],[4.9614,44.1630],[4.9598,44.1585],[4.9553,44.1545],[4.9545,44.1520],[4.9511,44.1480],[4.9513,44.1445],[4.9504,44.1436],[4.9534,44.1378],[4.9518,44.1336],[4.9524,44.1295],[4.9475,44.1266],[4.9449,44.1264],[4.9422,44.1275],[4.9343,44.1233],[4.9299,44.1200],[4.9294,44.1183],[4.9276,44.1181],[4.9271,44.1142],[4.9232,44.1109],[4.9193,44.1095],[4.9182,44.1053],[4.9141,44.1028],[4.9157,44.1005],[4.9191,44.0992],[4.9203,44.0949],[4.9234,44.0920],[4.9227,44.0896],[4.9209,44.0884],[4.9207,44.0856],[4.9221,44.0836],[4.9262,44.0810],[4.9261,44.0796],[4.9287,44.0767],[4.9288,44.0741],[4.9310,44.0724],[4.9304,44.0711],[4.9312,44.0682],[4.9299,44.0613],[4.9310,44.0585],[4.9286,44.0563],[4.9300,44.0508],[4.9289,44.0484],[4.9307,44.0455],[4.9299,44.0420]]}},{"type":"Feature","properties":{"name":"L\u0027Ouvèze"},"geometry":{"type":"LineString","coordinates":[[5.5363,44.2702],[5.5317,44.2704],[5.5279,44.2692],[5.5213,44.2722],[5.5141,44.2733],[5.4956,44.2734],[5.4736,44.2782],[5.4710,44.2811],[5.4683,44.2818],[5.4651,44.2812],[5.4609,44.2845],[5.4571,44.2831],[5.4559,44.2846],[5.4517,44.2839],[5.4382,44.2883],[5.4242,44.2888],[5.4188,44.2906],[5.4161,44.2899],[5.4137,44.2912],[5.4140,44.2926],[5.4107,44.2913],[5.4095,44.2929],[5.4073,44.2924],[5.4067,44.2940],[5.4003,44.2947],[5.3971,44.2931],[5.3902,44.2974],[5.3878,44.2971],[5.3847,44.2986],[5.3830,44.2981],[5.3804,44.2996],[5.3793,44.2986],[5.3715,44.2985],[5.3658,44.3010],[5.3630,44.2995],[5.3600,44.2992],[5.3539,44.3002],[5.3502,44.3018],[5.3441,44.2997],[5.3380,44.2984],[5.3336,44.2986],[5.3319,44.2977],[5.3281,44.2986],[5.3271,44.3003],[5.3247,44.2994],[5.3224,44.3005],[5.3080,44.2982]]}},{"type":"Feature","properties":{"name":"L\u0027Ouvèze"},"geometry":{"type":"LineString","coordinates":[[5.0485,44.2409],[5.0479,44.2438],[5.0419,44.2432],[5.0419,44.2446],[5.0397,44.2472],[5.0345,44.2491],[5.0259,44.2462],[5.0197,44.2424],[5.0149,44.2427],[5.0131,44.2404],[5.0110,44.2397],[5.0100,44.2378],[5.0052,44.2347],[4.9983,44.2238],[4.9948,44.2226],[4.9932,44.2177],[4.9901,44.2131],[4.9906,44.2108]]}},{"type":"Feature","properties":{"name":"L\u0027Ouvèze"},"geometry":{"type":"LineString","coordinates":[[5.2814,44.2855],[5.2816,44.2845]]}},{"type":"Feature","properties":{"name":"L\u0027Ouvèze"},"geometry":{"type":"LineString","coordinates":[[5.1405,44.2354],[5.1399,44.2324],[5.1340,44.2265],[5.1321,44.2258],[5.1232,44.2259],[5.1213,44.2243],[5.1118,44.2215],[5.1018,44.2227],[5.1010,44.2243],[5.0984,44.2249],[5.0973,44.2268],[5.0939,44.2268],[5.0915,44.2288],[5.0884,44.2295],[5.0807,44.2374],[5.0777,44.2375]]}},{"type":"Feature","properties":{"name":"L\u0027Ouvèze"},"geometry":{"type":"LineString","coordinates":[[5.1501,44.2388],[5.1405,44.2354]]}},{"type":"Feature","properties":{"name":"L\u0027Ouvèze"},"geometry":{"type":"LineString","coordinates":[[5.3080,44.2982],[5.3056,44.2982],[5.3061,44.3008],[5.3043,44.3013]]}},{"type":"Feature","properties":{"name":"L\u0027Ouvèze"},"geometry":{"type":"LineString","coordinates":[[5.3043,44.3013],[5.3017,44.3006],[5.2991,44.3017],[5.2881,44.2995],[5.2853,44.2955],[5.2824,44.2958],[5.2823,44.2949],[5.2804,44.2944],[5.2796,44.2936],[5.2805,44.2922],[5.2801,44.2902],[5.2824,44.2865],[5.2814,44.2855],[5.2816,44.2842]]}},{"type":"Feature","properties":{"name":"L\u0027Ouvèze"},"geometry":{"type":"LineString","coordinates":[[5.1518,44.2385],[5.1501,44.2388]]}},{"type":"Feature","properties":{"name":"L\u0027Ouvèze"},"geometry":{"type":"LineString","coordinates":[[5.0777,44.2375],[5.0746,44.2389]]}},{"type":"Feature","properties":{"name":"L\u0027Ouvèze"},"geometry":{"type":"LineString","coordinates":[[5.0568,44.2359],[5.0503,44.2381],[5.0485,44.2409]]}},{"type":"Feature","properties":{"name":"L\u0027Ouvèze"},"geometry":{"type":"LineString","coordinates":[[5.0682,44.2400],[5.0628,44.2396],[5.0585,44.2358],[5.0568,44.2359]]}},{"type":"Feature","properties":{"name":"L\u0027Ouvèze"},"geometry":{"type":"LineString","coordinates":[[5.0746,44.2389],[5.0682,44.2400]]}},{"type":"Feature","properties":{"name":"L\u0027Ouvèze"},"geometry":{"type":"LineString","coordinates":[[4.9721,44.1767],[4.9715,44.1744],[4.9723,44.1730],[4.9665,44.1694]]}},{"type":"Feature","properties":{"name":"L\u0027Ouvèze"},"geometry":{"type":"LineString","coordinates":[[4.9906,44.2108],[4.9865,44.2021],[4.9861,44.1959],[4.9845,44.1959],[4.9835,44.1925],[4.9800,44.1874],[4.9732,44.1826],[4.9708,44.1788],[4.9721,44.1767]]}},{"type":"Feature","properties":{"name":"Le Riou"},"geometry":{"type":"LineString","coordinates":[[5.8082,44.3850],[5.8067,44.3871],[5.8044,44.3880],[5.8020,44.3877],[5.7983,44.3908],[5.7937,44.3894],[5.7919,44.3900],[5.7916,44.3888],[5.7884,44.3881],[5.7801,44.3835],[5.7768,44.3833],[5.7736,44.3800],[5.7693,44.3780],[5.7680,44.3765],[5.7691,44.3743],[5.7690,44.3696],[5.7683,44.3688]]}},{"type":"Feature","properties":{"name":"Le Riou"},"geometry":{"type":"LineString","coordinates":[[5.7679,44.3633],[5.7673,44.3604],[5.7633,44.3572],[5.7633,44.3556],[5.7607,44.3532]]}},{"type":"Feature","properties":{"name":"L\u0027Oule"},"geometry":{"type":"LineString","coordinates":[[5.3640,44.4329],[5.3611,44.4238],[5.3577,44.4196],[5.3580,44.4186],[5.3562,44.4167],[5.3554,44.4139],[5.3516,44.4117],[5.3482,44.4116]]}},{"type":"Feature","properties":{"name":"L\u0027Oule"},"geometry":{"type":"LineString","coordinates":[[5.5405,44.4486],[5.5338,44.4516],[5.5290,44.4551],[5.5283,44.4573],[5.5221,44.4607],[5.5155,44.4666],[5.5033,44.4682],[5.4950,44.4668],[5.4924,44.4644],[5.4902,44.4645],[5.4846,44.4680],[5.4781,44.4675],[5.4729,44.4692],[5.4680,44.4690],[5.4614,44.4708],[5.4605,44.4712],[5.4611,44.4723],[5.4602,44.4734],[5.4590,44.4731],[5.4572,44.4704],[5.4514,44.4693],[5.4466,44.4700],[5.4404,44.4656],[5.4324,44.4659],[5.4288,44.4650],[5.4199,44.4679],[5.4105,44.4747],[5.4065,44.4744],[5.3979,44.4803],[5.3937,44.4809],[5.3900,44.4837],[5.3866,44.4839],[5.3741,44.4787],[5.3745,44.4746],[5.3732,44.4739],[5.3701,44.4683],[5.3686,44.4674],[5.3687,44.4658],[5.3640,44.4625],[5.3612,44.4630],[5.3571,44.4607],[5.3588,44.4588],[5.3595,44.4563],[5.3590,44.4550],[5.3648,44.4554],[5.3675,44.4522],[5.3670,44.4496],[5.3688,44.4463],[5.3670,44.4421],[5.3635,44.4398],[5.3648,44.4362],[5.3640,44.4329]]}},{"type":"Feature","properties":{"name":"La Mède"},"geometry":{"type":"LineString","coordinates":[[4.9865,44.0681],[4.9851,44.0667],[4.9787,44.0650]]}},{"type":"Feature","properties":{"name":"La Mède"},"geometry":{"type":"LineString","coordinates":[[5.1150,44.0976],[5.1145,44.0968],[5.1097,44.0965],[5.1054,44.0932],[5.1037,44.0931],[5.1022,44.0909],[5.0994,44.0908],[5.0898,44.0868],[5.0841,44.0862],[5.0829,44.0836],[5.0784,44.0816],[5.0690,44.0828],[5.0662,44.0863],[5.0622,44.0852],[5.0574,44.0863]]}},{"type":"Feature","properties":{"name":"La Mède"},"geometry":{"type":"LineString","coordinates":[[5.0331,44.0870],[5.0263,44.0888],[5.0158,44.0866],[5.0071,44.0859],[5.0027,44.0841],[4.9865,44.0681]]}},{"type":"Feature","properties":{"name":"La Mède"},"geometry":{"type":"LineString","coordinates":[[5.0512,44.0878],[5.0511,44.0878]]}},{"type":"Feature","properties":{"name":"La Mède"},"geometry":{"type":"LineString","coordinates":[[5.0573,44.0863],[5.0512,44.0878]]}},{"type":"Feature","properties":{"name":"La Mède"},"geometry":{"type":"LineString","coordinates":[[5.0398,44.0889],[5.0331,44.0870]]}},{"type":"Feature","properties":{"name":"La Mède"},"geometry":{"type":"LineString","coordinates":[[5.0511,44.0878],[5.0472,44.0906],[5.0398,44.0889]]}},{"type":"Feature","properties":{"name":"La Sorgue"},"geometry":{"type":"LineString","coordinates":[[5.0556,43.9200],[5.0553,43.9202]]}},{"type":"Feature","properties":{"name":"La Sorgue"},"geometry":{"type":"LineString","coordinates":[[4.9040,44.0312],[4.9000,44.0319]]}},{"type":"Feature","properties":{"name":"La Sorgue"},"geometry":{"type":"LineString","coordinates":[[4.9000,44.0319],[4.8998,44.0381],[4.8984,44.0388]]}},{"type":"Feature","properties":{"name":"La Sorgue"},"geometry":{"type":"LineString","coordinates":[[5.0556,43.9205],[5.0510,43.9220],[5.0480,43.9220]]}},{"type":"Feature","properties":{"name":"La Sorgue"},"geometry":{"type":"LineString","coordinates":[[5.0480,43.9220],[5.0477,43.9217]]}},{"type":"Feature","properties":{"name":"La Sorgue"},"geometry":{"type":"LineString","coordinates":[[5.0477,43.9217],[5.0477,43.9191]]}},{"type":"Feature","properties":{"name":"La Sorgue"},"geometry":{"type":"LineString","coordinates":[[5.0643,43.9177],[5.0623,43.9173]]}},{"type":"Feature","properties":{"name":"La Sorgue"},"geometry":{"type":"LineString","coordinates":[[5.0819,43.9126],[5.0804,43.9135],[5.0756,43.9135],[5.0743,43.9157]]}},{"type":"Feature","properties":{"name":"La Sorgue"},"geometry":{"type":"LineString","coordinates":[[5.0484,43.9216],[5.0484,43.9216]]}},{"type":"Feature","properties":{"name":"La Sorgue"},"geometry":{"type":"LineString","coordinates":[[5.0480,43.9205],[5.0479,43.9191]]}},{"type":"Feature","properties":{"name":"La Sorgue"},"geometry":{"type":"LineString","coordinates":[[5.0976,43.9059],[5.0953,43.9053],[5.0884,43.9078],[5.0858,43.9127],[5.0829,43.9149],[5.0811,43.9149],[5.0800,43.9167],[5.0726,43.9169]]}},{"type":"Feature","properties":{"name":"La Sorgue"},"geometry":{"type":"LineString","coordinates":[[5.0551,43.9203],[5.0484,43.9216]]}},{"type":"Feature","properties":{"name":"La Sorgue"},"geometry":{"type":"LineString","coordinates":[[5.0484,43.9216],[5.0480,43.9205]]}},{"type":"Feature","properties":{"name":"La Sorgue"},"geometry":{"type":"LineString","coordinates":[[5.0846,43.9101],[5.0820,43.9115],[5.0813,43.9134],[5.0788,43.9138],[5.0783,43.9152],[5.0738,43.9157],[5.0731,43.9168]]}},{"type":"Feature","properties":{"name":"La Sorgue"},"geometry":{"type":"LineString","coordinates":[[5.1124,43.9152],[5.1107,43.9150],[5.1084,43.9126],[5.1052,43.9111],[5.1041,43.9078],[5.0978,43.9059]]}},{"type":"Feature","properties":{"name":"La Sorgue"},"geometry":{"type":"LineString","coordinates":[[5.0978,43.9059],[5.0976,43.9059]]}},{"type":"Feature","properties":{"name":"La Sorgue"},"geometry":{"type":"LineString","coordinates":[[5.1125,43.9152],[5.1112,43.9139]]}},{"type":"Feature","properties":{"name":"La Sorgue"},"geometry":{"type":"LineString","coordinates":[[5.1112,43.9139],[5.1111,43.9138]]}},{"type":"Feature","properties":{"name":"La Sorgue"},"geometry":{"type":"LineString","coordinates":[[5.1111,43.9138],[5.1098,43.9138]]}},{"type":"Feature","properties":{"name":"La Sorgue"},"geometry":{"type":"LineString","coordinates":[[5.0906,43.9073],[5.0877,43.9091]]}},{"type":"Feature","properties":{"name":"La Sorgue"},"geometry":{"type":"LineString","coordinates":[[5.1278,43.9218],[5.1265,43.9198],[5.1239,43.9215],[5.1163,43.9190],[5.1129,43.9154]]}},{"type":"Feature","properties":{"name":"La Sorgue"},"geometry":{"type":"LineString","coordinates":[[5.1324,43.9184],[5.1316,43.9195]]}},{"type":"Feature","properties":{"name":"La Sorgue"},"geometry":{"type":"LineString","coordinates":[[5.1129,43.9154],[5.1124,43.9152]]}},{"type":"Feature","properties":{"name":"La Sorgue"},"geometry":{"type":"LineString","coordinates":[[5.0862,43.9093],[5.0846,43.9101]]}},{"type":"Feature","properties":{"name":"La Sorgue"},"geometry":{"type":"LineString","coordinates":[[5.0876,43.9088],[5.0862,43.9093]]}},{"type":"Feature","properties":{"name":"La Sorgue"},"geometry":{"type":"LineString","coordinates":[[5.0862,43.9093],[5.0846,43.9101]]}},{"type":"Feature","properties":{"name":"La Sorgue"},"geometry":{"type":"LineString","coordinates":[[5.1303,43.9214],[5.1288,43.9226],[5.1278,43.9218]]}},{"type":"Feature","properties":{"name":"La Sorgue"},"geometry":{"type":"LineString","coordinates":[[5.1316,43.9195],[5.1303,43.9214]]}},{"type":"Feature","properties":{"name":"La Sorgue"},"geometry":{"type":"LineString","coordinates":[[5.1062,43.9116],[5.1044,43.9106],[5.1026,43.9075],[5.0961,43.9055]]}},{"type":"Feature","properties":{"name":"La Sorgue"},"geometry":{"type":"LineString","coordinates":[[5.0556,43.9200],[5.0556,43.9205]]}},{"type":"Feature","properties":{"name":"La Sorgue"},"geometry":{"type":"LineString","coordinates":[[5.1328,43.9177],[5.1324,43.9184]]}},{"type":"Feature","properties":{"name":"Le Verdon"},"geometry":{"type":"LineString","coordinates":[[5.8821,43.7524],[5.8788,43.7512],[5.8758,43.7476],[5.8697,43.7475],[5.8601,43.7425],[5.8567,43.7421],[5.8492,43.7380],[5.8464,43.7377],[5.8434,43.7346],[5.8408,43.7340],[5.8395,43.7319],[5.8377,43.7311],[5.8168,43.7290],[5.7819,43.7220],[5.7746,43.7232],[5.7661,43.7232],[5.7613,43.7216],[5.7567,43.7235],[5.7528,43.7199],[5.7450,43.7184]]}},{"type":"Feature","properties":{"name":"L\u0027Ennuye"},"geometry":{"type":"LineString","coordinates":[[5.3149,44.3329],[5.3115,44.3325],[5.3074,44.3304],[5.3023,44.3306]]}},{"type":"Feature","properties":{"name":"L\u0027Ennuye"},"geometry":{"type":"LineString","coordinates":[[5.3023,44.3306],[5.2974,44.3347],[5.2924,44.3355],[5.2827,44.3420],[5.2835,44.3443],[5.2824,44.3453],[5.2826,44.3478],[5.2797,44.3488],[5.2790,44.3513],[5.2754,44.3530],[5.2718,44.3564],[5.2679,44.3574]]}},{"type":"Feature","properties":{"name":"L\u0027Ennuye"},"geometry":{"type":"LineString","coordinates":[[5.2536,44.3706],[5.2524,44.3711],[5.2521,44.3745],[5.2461,44.3772],[5.2457,44.3792],[5.2430,44.3814],[5.2414,44.3847],[5.2391,44.3858],[5.2329,44.3865]]}},{"type":"Feature","properties":{"name":"L\u0027Ennuye"},"geometry":{"type":"LineString","coordinates":[[5.2679,44.3574],[5.2653,44.3629],[5.2621,44.3648],[5.2601,44.3684],[5.2536,44.3706]]}},{"type":"Feature","properties":{"name":"L\u0027Ennuye"},"geometry":{"type":"LineString","coordinates":[[5.3752,44.3287],[5.3719,44.3302],[5.3644,44.3308],[5.3624,44.3319],[5.3432,44.3311],[5.3357,44.3290],[5.3344,44.3303],[5.3315,44.3299],[5.3149,44.3329]]}},{"type":"Feature","properties":{"name":"La Coronne"},"geometry":{"type":"LineString","coordinates":[[4.9890,44.3912],[4.9867,44.3896],[4.9814,44.3884],[4.9782,44.3843],[4.9737,44.3839],[4.9684,44.3791],[4.9621,44.3775],[4.9597,44.3780],[4.9517,44.3727],[4.9510,44.3713],[4.9345,44.3660]]}},{"type":"Feature","properties":{"name":"La Coronne"},"geometry":{"type":"LineString","coordinates":[[4.9345,44.3660],[4.9279,44.3640]]}},{"type":"Feature","properties":{"name":"La Coronne"},"geometry":{"type":"LineString","coordinates":[[4.9912,44.3921],[4.9890,44.3912]]}},{"type":"Feature","properties":{"name":"La Sorgue d\u0027Entraigues"},"geometry":{"type":"LineString","coordinates":[[4.9481,43.9621],[4.9480,43.9682],[4.9463,43.9748],[4.9443,43.9788],[4.9423,43.9798],[4.9430,43.9830],[4.9398,43.9971]]}},{"type":"Feature","properties":{"name":"La Sorgue d\u0027Entraigues"},"geometry":{"type":"LineString","coordinates":[[4.9116,44.0256],[4.9089,44.0260],[4.9087,44.0310]]}},{"type":"Feature","properties":{"name":"La Sorgue d\u0027Entraigues"},"geometry":{"type":"LineString","coordinates":[[4.9087,44.0310],[4.9040,44.0312]]}},{"type":"Feature","properties":{"name":"La Sorgue d\u0027Entraigues"},"geometry":{"type":"LineString","coordinates":[[4.9478,43.9656],[4.9478,43.9677]]}},{"type":"Feature","properties":{"name":"La Sorgue d\u0027Entraigues"},"geometry":{"type":"LineString","coordinates":[[5.0497,43.9181],[5.0493,43.9182]]}},{"type":"Feature","properties":{"name":"La Sorgue d\u0027Entraigues"},"geometry":{"type":"LineString","coordinates":[[5.0522,43.9177],[5.0520,43.9176]]}},{"type":"Feature","properties":{"name":"La Sorgue d\u0027Entraigues"},"geometry":{"type":"LineString","coordinates":[[5.0520,43.9176],[5.0497,43.9181]]}},{"type":"Feature","properties":{"name":"La Sorgue d\u0027Entraigues"},"geometry":{"type":"LineString","coordinates":[[5.0481,43.9190],[5.0411,43.9208],[5.0377,43.9242],[5.0236,43.9306],[5.0223,43.9343],[5.0198,43.9341],[5.0164,43.9365],[5.0094,43.9359],[5.0025,43.9326],[4.9978,43.9316],[4.9968,43.9305],[4.9945,43.9301],[4.9927,43.9309],[4.9912,43.9296],[4.9818,43.9272],[4.9742,43.9272],[4.9715,43.9284],[4.9687,43.9313]]}},{"type":"Feature","properties":{"name":"La Sorgue d\u0027Entraigues"},"geometry":{"type":"LineString","coordinates":[[5.0212,43.9346],[5.0195,43.9349]]}},{"type":"Feature","properties":{"name":"La Sorgue d\u0027Entraigues"},"geometry":{"type":"LineString","coordinates":[[4.9838,43.9278],[4.9826,43.9274]]}},{"type":"Feature","properties":{"name":"La Sorgue d\u0027Entraigues"},"geometry":{"type":"LineString","coordinates":[[5.0436,43.9205],[5.0403,43.9209],[5.0403,43.9221]]}},{"type":"Feature","properties":{"name":"La Sorgue d\u0027Entraigues"},"geometry":{"type":"LineString","coordinates":[[4.9638,43.9462],[4.9625,43.9496],[4.9601,43.9516],[4.9606,43.9521],[4.9594,43.9546],[4.9558,43.9565],[4.9555,43.9592],[4.9524,43.9614],[4.9481,43.9621]]}},{"type":"Feature","properties":{"name":"La Sorgue d\u0027Entraigues"},"geometry":{"type":"LineString","coordinates":[[4.9639,43.9414],[4.9631,43.9448],[4.9638,43.9462]]}},{"type":"Feature","properties":{"name":"La Sorgue d\u0027Entraigues"},"geometry":{"type":"LineString","coordinates":[[4.9687,43.9313],[4.9662,43.9379],[4.9631,43.9380]]}},{"type":"Feature","properties":{"name":"La Sorgue d\u0027Entraigues"},"geometry":{"type":"LineString","coordinates":[[4.9631,43.9380],[4.9628,43.9406],[4.9639,43.9414]]}},{"type":"Feature","properties":{"name":"La Sorgue d\u0027Entraigues"},"geometry":{"type":"LineString","coordinates":[[4.9639,43.9414],[4.9654,43.9449],[4.9638,43.9462]]}},{"type":"Feature","properties":{"name":"La Sorgue d\u0027Entraigues"},"geometry":{"type":"LineString","coordinates":[[4.9116,44.0256],[4.9131,44.0274],[4.9099,44.0312]]}},{"type":"Feature","properties":{"name":"La Sorgue d\u0027Entraigues"},"geometry":{"type":"LineString","coordinates":[[5.0726,43.9169],[5.0715,43.9157],[5.0667,43.9163],[5.0613,43.9189],[5.0556,43.9200],[5.0526,43.9181]]}},{"type":"Feature","properties":{"name":"La Sorgue d\u0027Entraigues"},"geometry":{"type":"LineString","coordinates":[[4.9414,43.9887],[4.9427,43.9909],[4.9409,43.9940]]}},{"type":"Feature","properties":{"name":"La Sorgue d\u0027Entraigues"},"geometry":{"type":"LineString","coordinates":[[4.9381,44.0033],[4.9370,44.0050],[4.9307,44.0048],[4.9203,44.0180],[4.9151,44.0178],[4.9151,44.0193],[4.9116,44.0256]]}},{"type":"Feature","properties":{"name":"La Sorgue d\u0027Entraigues"},"geometry":{"type":"LineString","coordinates":[[4.9398,43.9971],[4.9381,44.0033]]}},{"type":"Feature","properties":{"name":"La Sorgue d\u0027Entraigues"},"geometry":{"type":"LineString","coordinates":[[5.0493,43.9182],[5.0481,43.9190]]}},{"type":"Feature","properties":{"name":"La Sorgue d\u0027Entraigues"},"geometry":{"type":"LineString","coordinates":[[5.0526,43.9181],[5.0522,43.9177]]}},{"type":"Feature","properties":{"name":"La Sorgue d\u0027Entraigues"},"geometry":{"type":"LineString","coordinates":[[4.9477,43.9699],[4.9469,43.9720]]}},{"type":"Feature","properties":{"name":"La Dôa"},"geometry":{"type":"LineString","coordinates":[[5.4974,43.9161],[5.4961,43.9158]]}},{"type":"Feature","properties":{"name":"La Dôa"},"geometry":{"type":"LineString","coordinates":[[5.4961,43.9158],[5.4956,43.9158]]}},{"type":"Feature","properties":{"name":"La Dôa"},"geometry":{"type":"LineString","coordinates":[[5.5005,43.9182],[5.4997,43.9178]]}},{"type":"Feature","properties":{"name":"La Dôa"},"geometry":{"type":"LineString","coordinates":[[5.4455,43.9123],[5.4418,43.9084],[5.4397,43.9076],[5.4393,43.9060],[5.4367,43.9061],[5.4384,43.9013],[5.4346,43.8994],[5.4343,43.8980],[5.4352,43.8970],[5.4334,43.8961],[5.4325,43.8940],[5.4293,43.8923],[5.4308,43.8915],[5.4300,43.8894],[5.4278,43.8893]]}},{"type":"Feature","properties":{"name":"La Dôa"},"geometry":{"type":"LineString","coordinates":[[5.4511,43.9147],[5.4510,43.9147]]}},{"type":"Feature","properties":{"name":"La Dôa"},"geometry":{"type":"LineString","coordinates":[[5.4802,43.9136],[5.4784,43.9128],[5.4767,43.9146],[5.4734,43.9144],[5.4722,43.9133],[5.4716,43.9144],[5.4671,43.9134],[5.4657,43.9149],[5.4624,43.9138],[5.4591,43.9147],[5.4529,43.9140],[5.4511,43.9147]]}},{"type":"Feature","properties":{"name":"La Dôa"},"geometry":{"type":"LineString","coordinates":[[5.4997,43.9178],[5.4974,43.9174],[5.4974,43.9161]]}},{"type":"Feature","properties":{"name":"La Dôa"},"geometry":{"type":"LineString","coordinates":[[5.5366,43.9211],[5.5338,43.9197],[5.5258,43.9198],[5.5236,43.9179],[5.5234,43.9167],[5.5215,43.9169],[5.5209,43.9159],[5.5202,43.9166],[5.5179,43.9158],[5.5153,43.9164],[5.5137,43.9176],[5.5101,43.9165],[5.5077,43.9177]]}},{"type":"Feature","properties":{"name":"La Dôa"},"geometry":{"type":"LineString","coordinates":[[5.5076,43.9178],[5.5005,43.9182]]}},{"type":"Feature","properties":{"name":"La Dôa"},"geometry":{"type":"LineString","coordinates":[[5.5077,43.9177],[5.5076,43.9178]]}},{"type":"Feature","properties":{"name":"La Dôa"},"geometry":{"type":"LineString","coordinates":[[5.4885,43.9148],[5.4880,43.9149]]}},{"type":"Feature","properties":{"name":"La Dôa"},"geometry":{"type":"LineString","coordinates":[[5.4886,43.9148],[5.4885,43.9148]]}},{"type":"Feature","properties":{"name":"La Dôa"},"geometry":{"type":"LineString","coordinates":[[5.4879,43.9150],[5.4852,43.9148],[5.4845,43.9139],[5.4833,43.9147],[5.4818,43.9132],[5.4804,43.9136]]}},{"type":"Feature","properties":{"name":"La Dôa"},"geometry":{"type":"LineString","coordinates":[[5.4880,43.9149],[5.4879,43.9150]]}},{"type":"Feature","properties":{"name":"La Dôa"},"geometry":{"type":"LineString","coordinates":[[5.4804,43.9136],[5.4802,43.9136]]}},{"type":"Feature","properties":{"name":"La Dôa"},"geometry":{"type":"LineString","coordinates":[[5.4946,43.9158],[5.4928,43.9139],[5.4897,43.9153],[5.4886,43.9148]]}},{"type":"Feature","properties":{"name":"La Dôa"},"geometry":{"type":"LineString","coordinates":[[5.4948,43.9158],[5.4946,43.9158]]}},{"type":"Feature","properties":{"name":"La Dôa"},"geometry":{"type":"LineString","coordinates":[[5.4956,43.9158],[5.4948,43.9158]]}},{"type":"Feature","properties":{"name":"La Dôa"},"geometry":{"type":"LineString","coordinates":[[5.4456,43.9123],[5.4455,43.9123]]}},{"type":"Feature","properties":{"name":"La Dôa"},"geometry":{"type":"LineString","coordinates":[[5.4510,43.9147],[5.4500,43.9150],[5.4473,43.9135],[5.4472,43.9126],[5.4456,43.9123]]}},{"type":"Feature","properties":{"name":"La Dôa"},"geometry":{"type":"LineString","coordinates":[[5.4278,43.8893],[5.4283,43.8872],[5.4235,43.8842],[5.4213,43.8814],[5.4215,43.8803]]}},{"type":"Feature","properties":{"name":"La Dôa"},"geometry":{"type":"LineString","coordinates":[[5.4278,43.8893],[5.4278,43.8893]]}},{"type":"Feature","properties":{"name":"L\u0027Auzon"},"geometry":{"type":"LineString","coordinates":[[5.0196,44.0458],[5.0195,44.0455]]}},{"type":"Feature","properties":{"name":"L\u0027Auzon"},"geometry":{"type":"LineString","coordinates":[[5.0195,44.0455],[5.0180,44.0444],[5.0180,44.0434],[5.0167,44.0426],[5.0158,44.0431],[5.0150,44.0414],[5.0121,44.0395],[5.0058,44.0395],[5.0000,44.0378],[4.9979,44.0387],[4.9882,44.0385],[4.9747,44.0402],[4.9367,44.0320]]}},{"type":"Feature","properties":{"name":"L\u0027Auzon"},"geometry":{"type":"LineString","coordinates":[[5.1339,44.0546],[5.1308,44.0530],[5.1295,44.0549],[5.1255,44.0560],[5.1219,44.0532],[5.1207,44.0539]]}},{"type":"Feature","properties":{"name":"L\u0027Auzon"},"geometry":{"type":"LineString","coordinates":[[5.1207,44.0539],[5.1206,44.0539]]}},{"type":"Feature","properties":{"name":"L\u0027Auzon"},"geometry":{"type":"LineString","coordinates":[[5.1041,44.0593],[5.0967,44.0595],[5.0946,44.0610],[5.0878,44.0584],[5.0779,44.0622],[5.0730,44.0618],[5.0718,44.0648],[5.0682,44.0637],[5.0651,44.0639],[5.0639,44.0625],[5.0609,44.0631],[5.0604,44.0609],[5.0587,44.0599]]}},{"type":"Feature","properties":{"name":"L\u0027Auzon"},"geometry":{"type":"LineString","coordinates":[[5.1041,44.0593],[5.1041,44.0593]]}},{"type":"Feature","properties":{"name":"L\u0027Auzon"},"geometry":{"type":"LineString","coordinates":[[5.1206,44.0539],[5.1111,44.0540],[5.1066,44.0572],[5.1066,44.0587],[5.1041,44.0593]]}},{"type":"Feature","properties":{"name":"L\u0027Auzon"},"geometry":{"type":"LineString","coordinates":[[5.0587,44.0599],[5.0554,44.0600],[5.0536,44.0584],[5.0485,44.0588],[5.0457,44.0574],[5.0356,44.0576],[5.0335,44.0558],[5.0229,44.0516],[5.0216,44.0496],[5.0226,44.0468],[5.0196,44.0458]]}},{"type":"Feature","properties":{"name":"L\u0027Auzon"},"geometry":{"type":"LineString","coordinates":[[4.9367,44.0320],[4.9195,44.0312]]}},{"type":"Feature","properties":{"name":"La Grande Levade"},"geometry":{"type":"LineString","coordinates":[[4.9787,44.0650],[4.9422,44.0542]]}},{"type":"Feature","properties":{"name":"La Méouge"},"geometry":{"type":"LineString","coordinates":[[5.6053,44.2206],[5.6118,44.2193],[5.6146,44.2218],[5.6176,44.2212],[5.6179,44.2231],[5.6204,44.2233],[5.6209,44.2241],[5.6244,44.2237],[5.6266,44.2267],[5.6297,44.2283],[5.6318,44.2309],[5.6328,44.2333],[5.6325,44.2361],[5.6351,44.2378]]}},{"type":"Feature","properties":{"name":"La Méouge"},"geometry":{"type":"LineString","coordinates":[[5.7126,44.2495],[5.7185,44.2510],[5.7190,44.2533],[5.7227,44.2559],[5.7223,44.2581],[5.7245,44.2598],[5.7282,44.2598],[5.7341,44.2581],[5.7390,44.2596],[5.7411,44.2584],[5.7432,44.2591],[5.7439,44.2604],[5.7497,44.2613],[5.7518,44.2645],[5.7537,44.2641],[5.7556,44.2663],[5.7591,44.2664],[5.7621,44.2682],[5.7637,44.2641],[5.7659,44.2661],[5.7688,44.2644],[5.7705,44.2670],[5.7732,44.2654],[5.7764,44.2678],[5.7748,44.2696],[5.7753,44.2704],[5.7778,44.2713],[5.7795,44.2736],[5.7823,44.2752],[5.7844,44.2742],[5.7846,44.2760],[5.7821,44.2785],[5.7850,44.2795],[5.7896,44.2793],[5.7897,44.2783],[5.7877,44.2778],[5.7892,44.2766],[5.7918,44.2784],[5.7940,44.2766],[5.7998,44.2759],[5.8113,44.2696],[5.8170,44.2693],[5.8185,44.2678],[5.8177,44.2639],[5.8265,44.2629],[5.8279,44.2615]]}},{"type":"Feature","properties":{"name":"La Méouge"},"geometry":{"type":"LineString","coordinates":[[5.5450,44.2183],[5.5495,44.2221],[5.5536,44.2212],[5.5576,44.2181],[5.5690,44.2175],[5.5698,44.2166],[5.5721,44.2172],[5.5742,44.2192],[5.5775,44.2177],[5.5804,44.2188],[5.5843,44.2186],[5.5864,44.2198],[5.5881,44.2191],[5.5902,44.2203],[5.5940,44.2197],[5.5968,44.2212],[5.6053,44.2206]]}},{"type":"Feature","properties":{"name":"La Méouge"},"geometry":{"type":"LineString","coordinates":[[5.5401,44.1990],[5.5376,44.2023],[5.5356,44.2095],[5.5373,44.2103],[5.5393,44.2144],[5.5422,44.2153],[5.5450,44.2183]]}},{"type":"Feature","properties":{"name":"La Méouge"},"geometry":{"type":"LineString","coordinates":[[5.6351,44.2378],[5.6378,44.2404],[5.6404,44.2407],[5.6436,44.2396],[5.6465,44.2421],[5.6502,44.2433],[5.6549,44.2420],[5.6572,44.2446],[5.6589,44.2431],[5.6634,44.2441],[5.6647,44.2452],[5.6642,44.2469],[5.6670,44.2458],[5.6677,44.2477],[5.6752,44.2453],[5.6770,44.2439],[5.6851,44.2460],[5.6868,44.2455],[5.6929,44.2466],[5.6950,44.2478],[5.6993,44.2462],[5.7021,44.2484],[5.7051,44.2462],[5.7057,44.2442],[5.7080,44.2438],[5.7110,44.2456],[5.7126,44.2495]]}},{"type":"Feature","properties":{"name":"L\u0027Encrême"},"geometry":{"type":"LineString","coordinates":[[5.6249,43.8568],[5.6186,43.8573],[5.6150,43.8554],[5.6137,43.8558],[5.6139,43.8574],[5.6122,43.8584],[5.6060,43.8585],[5.6013,43.8575],[5.5975,43.8594],[5.5935,43.8594],[5.5916,43.8578],[5.5895,43.8585],[5.5882,43.8577],[5.5856,43.8602],[5.5722,43.8619]]}},{"type":"Feature","properties":{"name":"L\u0027Encrême"},"geometry":{"type":"LineString","coordinates":[[5.6747,43.8540],[5.6737,43.8556],[5.6647,43.8595]]}},{"type":"Feature","properties":{"name":"L\u0027Encrême"},"geometry":{"type":"LineString","coordinates":[[5.6641,43.8593],[5.6610,43.8584],[5.6566,43.8590],[5.6525,43.8577],[5.6516,43.8583],[5.6451,43.8568]]}},{"type":"Feature","properties":{"name":"L\u0027Encrême"},"geometry":{"type":"LineString","coordinates":[[5.6647,43.8595],[5.6641,43.8593]]}},{"type":"Feature","properties":{"name":"L\u0027Encrême"},"geometry":{"type":"LineString","coordinates":[[5.6448,43.8567],[5.6347,43.8586],[5.6331,43.8575],[5.6249,43.8568]]}},{"type":"Feature","properties":{"name":"L\u0027Encrême"},"geometry":{"type":"LineString","coordinates":[[5.6451,43.8568],[5.6448,43.8567]]}},{"type":"Feature","properties":{"name":"Le Viou"},"geometry":{"type":"LineString","coordinates":[[5.7843,43.9418],[5.7914,43.9348],[5.7919,43.9313],[5.7936,43.9302],[5.7916,43.9261],[5.7942,43.9246],[5.7928,43.9193],[5.7939,43.9174]]}},{"type":"Feature","properties":{"name":"Le Viou"},"geometry":{"type":"LineString","coordinates":[[5.7895,43.9086],[5.7855,43.9045]]}},{"type":"Feature","properties":{"name":"La sorgue de la faible"},"geometry":{"type":"LineString","coordinates":[[4.9999,43.9622],[4.9937,43.9639],[4.9907,43.9636],[4.9842,43.9653],[4.9804,43.9677],[4.9704,43.9691],[4.9701,43.9702],[4.9587,43.9722],[4.9508,43.9748],[4.9463,43.9741]]}},{"type":"Feature","properties":{"name":"La Sauve"},"geometry":{"type":"LineString","coordinates":[[5.0914,44.3997],[5.0905,44.3977],[5.0926,44.3928],[5.0904,44.3914],[5.0921,44.3888],[5.0966,44.3854],[5.0972,44.3826],[5.0993,44.3811],[5.1037,44.3750],[5.1073,44.3738],[5.1118,44.3702],[5.1189,44.3670],[5.1183,44.3638],[5.1213,44.3612],[5.1226,44.3552],[5.1246,44.3516]]}},{"type":"Feature","properties":{"name":"La Sauve"},"geometry":{"type":"LineString","coordinates":[[5.0914,44.3998],[5.0914,44.3997]]}},{"type":"Feature","properties":{"name":"La Sauve"},"geometry":{"type":"LineString","coordinates":[[5.1144,44.4299],[5.1199,44.4235],[5.1211,44.4190],[5.1202,44.4151],[5.1160,44.4120],[5.1154,44.4102],[5.0992,44.4065],[5.0943,44.4037],[5.0914,44.3998]]}},{"type":"Feature","properties":{"name":"La Durance"},"geometry":{"type":"LineString","coordinates":[[5.7450,43.7184],[5.7345,43.7167],[5.7284,43.7072],[5.7232,43.7057],[5.7211,43.7039],[5.7217,43.7013],[5.7248,43.6993],[5.7238,43.6976],[5.7149,43.6943],[5.7110,43.6895],[5.7041,43.6901],[5.6984,43.6934],[5.6948,43.6941],[5.6921,43.6938],[5.6904,43.6909],[5.6890,43.6909],[5.6844,43.6937],[5.6842,43.6959],[5.6827,43.6960],[5.6762,43.6916],[5.6666,43.6901],[5.6632,43.6875],[5.6565,43.6863],[5.6478,43.6742],[5.6438,43.6717],[5.6409,43.6713],[5.6401,43.6697],[5.6340,43.6697],[5.6240,43.6668],[5.6168,43.6659],[5.6131,43.6646],[5.6096,43.6607],[5.6036,43.6593],[5.5921,43.6592],[5.5867,43.6603],[5.5833,43.6623],[5.5694,43.6632],[5.5587,43.6618],[5.5551,43.6627],[5.5406,43.6608],[5.5293,43.6608],[5.5224,43.6624],[5.5120,43.6628],[5.5004,43.6676],[5.4978,43.6676],[5.4944,43.6660]]}},{"type":"Feature","properties":{"name":"La Durance"},"geometry":{"type":"LineString","coordinates":[[5.2018,43.7391],[5.2017,43.7390]]}},{"type":"Feature","properties":{"name":"La Durance"},"geometry":{"type":"LineString","coordinates":[[5.2017,43.7390],[5.1963,43.7371],[5.1879,43.7372],[5.1834,43.7343],[5.1790,43.7352],[5.1732,43.7380],[5.1674,43.7434],[5.1638,43.7440],[5.1607,43.7477],[5.1528,43.7463],[5.1476,43.7496],[5.1406,43.7508],[5.1386,43.7529],[5.1336,43.7550],[5.1318,43.7570],[5.1279,43.7577],[5.1258,43.7571],[5.1181,43.7600],[5.1125,43.7593],[5.1064,43.7619],[5.1009,43.7673]]}},{"type":"Feature","properties":{"name":"La Durance"},"geometry":{"type":"LineString","coordinates":[[5.5451,43.6619],[5.5399,43.6619],[5.5393,43.6609]]}},{"type":"Feature","properties":{"name":"La Durance"},"geometry":{"type":"LineString","coordinates":[[5.3782,43.7070],[5.3742,43.7070]]}},{"type":"Feature","properties":{"name":"La Durance"},"geometry":{"type":"LineString","coordinates":[[4.9872,43.8556],[4.9840,43.8567],[4.9814,43.8606],[4.9792,43.8616],[4.9799,43.8644],[4.9775,43.8674],[4.9698,43.8688],[4.9678,43.8715],[4.9603,43.8729],[4.9569,43.8760],[4.9475,43.8767],[4.9442,43.8790],[4.9417,43.8831],[4.9387,43.8837],[4.9326,43.8825],[4.9273,43.8879],[4.9227,43.8885]]}},{"type":"Feature","properties":{"name":"La Durance"},"geometry":{"type":"LineString","coordinates":[[5.1009,43.7673],[5.0887,43.7727],[5.0867,43.7762],[5.0765,43.7764],[5.0710,43.7807],[5.0634,43.7824],[5.0619,43.7846],[5.0550,43.7840],[5.0482,43.7875],[5.0457,43.7916],[5.0418,43.7952],[5.0412,43.7974],[5.0414,43.8000],[5.0436,43.8027],[5.0445,43.8066],[5.0438,43.8106],[5.0389,43.8172],[5.0348,43.8190],[5.0328,43.8253],[5.0312,43.8260]]}},{"type":"Feature","properties":{"name":"La Durance"},"geometry":{"type":"LineString","coordinates":[[5.4944,43.6660],[5.4876,43.6685],[5.4859,43.6703],[5.4732,43.6708],[5.4686,43.6721],[5.4662,43.6743],[5.4636,43.6747],[5.4545,43.6793],[5.4482,43.6796],[5.4341,43.6852],[5.4254,43.6844],[5.4204,43.6879],[5.4159,43.6934],[5.4138,43.6943],[5.4064,43.6940],[5.4039,43.6948],[5.3997,43.6999],[5.3958,43.7022],[5.3929,43.7023],[5.3865,43.7000],[5.3775,43.7042],[5.3723,43.7086],[5.3659,43.7095],[5.3626,43.7123],[5.3563,43.7151],[5.3435,43.7165],[5.3381,43.7199],[5.3367,43.7266],[5.3269,43.7265],[5.3241,43.7272],[5.3215,43.7330],[5.3222,43.7347],[5.3186,43.7378],[5.3085,43.7397],[5.3014,43.7377],[5.2985,43.7402],[5.2917,43.7400],[5.2878,43.7408],[5.2807,43.7395],[5.2765,43.7418],[5.2692,43.7420],[5.2660,43.7452],[5.2574,43.7479],[5.2549,43.7465],[5.2532,43.7439],[5.2506,43.7432],[5.2463,43.7451],[5.2451,43.7487],[5.2419,43.7500],[5.2316,43.7490],[5.2276,43.7457],[5.2257,43.7457],[5.2212,43.7484],[5.2147,43.7455],[5.2108,43.7451]]}},{"type":"Feature","properties":{"name":"La Durance"},"geometry":{"type":"LineString","coordinates":[[5.2108,43.7451],[5.2018,43.7391]]}},{"type":"Feature","properties":{"name":"La Durance"},"geometry":{"type":"LineString","coordinates":[[5.8487,43.8387],[5.8476,43.8358],[5.8452,43.8340],[5.8439,43.8313],[5.8443,43.8278],[5.8413,43.8234],[5.8408,43.8210],[5.8325,43.8159],[5.8322,43.8118],[5.8296,43.8089],[5.8251,43.8079],[5.8239,43.8022],[5.8201,43.8003],[5.8221,43.7932],[5.8191,43.7902],[5.8125,43.7865],[5.8118,43.7805],[5.8011,43.7712],[5.7929,43.7705],[5.7903,43.7693],[5.7903,43.7624],[5.7892,43.7600],[5.7846,43.7555],[5.7775,43.7547],[5.7742,43.7532],[5.7711,43.7489],[5.7681,43.7466],[5.7670,43.7435],[5.7619,43.7363],[5.7571,43.7334],[5.7563,43.7285],[5.7519,43.7256],[5.7450,43.7184]]}},{"type":"Feature","properties":{"name":"La Durance"},"geometry":{"type":"LineString","coordinates":[[5.0312,43.8260],[5.0206,43.8346],[5.0136,43.8361],[5.0114,43.8377],[5.0046,43.8374],[5.0023,43.8404],[4.9996,43.8411],[4.9998,43.8424],[4.9985,43.8434],[4.9952,43.8435],[4.9945,43.8458],[4.9952,43.8486],[4.9872,43.8556]]}},{"type":"Feature","properties":{"name":"Le Lez"},"geometry":{"type":"LineString","coordinates":[[5.1213,44.4463],[5.1303,44.4493],[5.1318,44.4509],[5.1377,44.4525],[5.1393,44.4539],[5.1433,44.4542],[5.1453,44.4603],[5.1484,44.4631],[5.1422,44.4665],[5.1402,44.4701],[5.1371,44.4699],[5.1342,44.4712],[5.1324,44.4725],[5.1322,44.4748],[5.1284,44.4759],[5.1276,44.4773],[5.1282,44.4800],[5.1273,44.4839],[5.1177,44.4874],[5.1171,44.4890],[5.1178,44.4907],[5.1162,44.4935],[5.1136,44.4977],[5.1104,44.5006],[5.1046,44.5006],[5.1016,44.5018],[5.0955,44.5023],[5.0912,44.5010],[5.0890,44.5019],[5.0886,44.5034],[5.0869,44.5037],[5.0833,44.5018],[5.0774,44.5007],[5.0731,44.5025],[5.0705,44.5019],[5.0675,44.5000],[5.0614,44.4989],[5.0598,44.4975],[5.0551,44.4978],[5.0529,44.4970],[5.0462,44.4989],[5.0371,44.4983],[5.0356,44.4956],[5.0324,44.4942],[5.0343,44.4925],[5.0342,44.4915],[5.0315,44.4899],[5.0307,44.4851],[5.0288,44.4826],[5.0278,44.4789],[5.0241,44.4774],[5.0243,44.4738],[5.0195,44.4702],[5.0221,44.4661],[5.0190,44.4638],[5.0181,44.4610],[5.0198,44.4592],[5.0189,44.4586],[5.0188,44.4561],[5.0176,44.4559],[5.0126,44.4479],[5.0120,44.4451]]}},{"type":"Feature","properties":{"name":"Le Lez"},"geometry":{"type":"LineString","coordinates":[[5.0120,44.4451],[5.0111,44.4447],[5.0088,44.4387],[5.0012,44.4358],[5.0013,44.4337],[4.9997,44.4334],[4.9989,44.4307],[4.9951,44.4289],[4.9958,44.4268],[4.9926,44.4244],[4.9887,44.4231]]}},{"type":"Feature","properties":{"name":"Le Lez"},"geometry":{"type":"LineString","coordinates":[[5.1213,44.4462],[5.1213,44.4463]]}},{"type":"Feature","properties":{"name":"Le Lez"},"geometry":{"type":"LineString","coordinates":[[5.1140,44.4475],[5.1163,44.4476],[5.1199,44.4457],[5.1213,44.4462]]}},{"type":"Feature","properties":{"name":"Le Menon"},"geometry":{"type":"LineString","coordinates":[[5.3330,44.2704],[5.3302,44.2699],[5.3198,44.2729],[5.3132,44.2733],[5.3121,44.2725],[5.3090,44.2742],[5.3013,44.2753],[5.2994,44.2765],[5.2963,44.2761],[5.2838,44.2790],[5.2785,44.2783]]}},{"type":"Feature","properties":{"name":"L\u0027Esclate"},"geometry":{"type":"LineString","coordinates":[[5.5386,44.4014],[5.5405,44.3977],[5.5395,44.3971],[5.5405,44.3955],[5.5394,44.3925],[5.5400,44.3917],[5.5338,44.3840],[5.5328,44.3791],[5.5352,44.3743],[5.5339,44.3730],[5.5339,44.3713],[5.5318,44.3694]]}},{"type":"Feature","properties":{"name":"La Berre"},"geometry":{"type":"LineString","coordinates":[[4.9473,44.4510],[4.9340,44.4455],[4.9278,44.4475]]}},{"type":"Feature","properties":{"name":"Le Réal"},"geometry":{"type":"LineString","coordinates":[[5.6003,43.6561],[5.6002,43.6564]]}},{"type":"Feature","properties":{"name":"Le Réal"},"geometry":{"type":"LineString","coordinates":[[5.6078,43.6491],[5.6067,43.6493]]}},{"type":"Feature","properties":{"name":"Le Réal"},"geometry":{"type":"LineString","coordinates":[[5.6360,43.6362],[5.6328,43.6371],[5.6308,43.6353],[5.6285,43.6367],[5.6258,43.6363],[5.6219,43.6398],[5.6179,43.6398],[5.6176,43.6431],[5.6163,43.6453],[5.6078,43.6491]]}},{"type":"Feature","properties":{"name":"Le Réal"},"geometry":{"type":"LineString","coordinates":[[5.6067,43.6493],[5.6047,43.6503],[5.6003,43.6561]]}},{"type":"Feature","properties":{"name":"Le Réal"},"geometry":{"type":"LineString","coordinates":[[5.5998,43.6573],[5.5982,43.6589]]}},{"type":"Feature","properties":{"name":"Le Réal"},"geometry":{"type":"LineString","coordinates":[[5.5999,43.6571],[5.5998,43.6573]]}},{"type":"Feature","properties":{"name":"Le Réal"},"geometry":{"type":"LineString","coordinates":[[5.6002,43.6564],[5.5999,43.6571]]}}]}