{"type":"FeatureCollection","features":[{"type":"Feature","properties":{"name":"La Cure"},"geometry":{"type":"LineString","coordinates":[[3.8159,47.4059],[3.8169,47.4068],[3.8148,47.4117],[3.8156,47.4135],[3.8140,47.4153],[3.8145,47.4165],[3.8125,47.4184],[3.8086,47.4200],[3.8073,47.4154],[3.8054,47.4147],[3.8034,47.4174],[3.7955,47.4212],[3.7960,47.4225],[3.7987,47.4227],[3.8013,47.4244],[3.8009,47.4275],[3.7922,47.4277],[3.7864,47.4315],[3.7857,47.4357],[3.7740,47.4378],[3.7737,47.4394],[3.7757,47.4397],[3.7796,47.4441],[3.7798,47.4477],[3.7776,47.4502],[3.7723,47.4532],[3.7728,47.4557],[3.7707,47.4571],[3.7700,47.4592],[3.7664,47.4604],[3.7620,47.4636],[3.7609,47.4672],[3.7617,47.4685],[3.7592,47.4723],[3.7611,47.4744],[3.7592,47.4770],[3.7558,47.4783],[3.7562,47.4807],[3.7583,47.4829],[3.7584,47.4863],[3.7612,47.4896],[3.7654,47.4900],[3.7663,47.4910],[3.7654,47.4929],[3.7670,47.4950],[3.7665,47.4968],[3.7675,47.5003],[3.7663,47.5029],[3.7686,47.5041],[3.7679,47.5056],[3.7653,47.5060],[3.7650,47.5075],[3.7709,47.5148],[3.7743,47.5162],[3.7738,47.5185],[3.7754,47.5202],[3.7869,47.5256],[3.7872,47.5290],[3.7853,47.5331],[3.7904,47.5358],[3.7913,47.5379],[3.7908,47.5415],[3.7916,47.5447],[3.7888,47.5474],[3.7942,47.5551],[3.7947,47.5578],[3.7916,47.5594],[3.7786,47.5596],[3.7743,47.5636],[3.7786,47.5721],[3.7818,47.5758],[3.7814,47.5770],[3.7780,47.5796],[3.7768,47.5830],[3.7732,47.5858],[3.7700,47.5861],[3.7613,47.5824],[3.7582,47.5836],[3.7570,47.5859],[3.7578,47.5878],[3.7604,47.5897],[3.7666,47.5911],[3.7715,47.5898],[3.7765,47.5914],[3.7791,47.5949],[3.7788,47.5969],[3.7774,47.5982],[3.7732,47.5992],[3.7642,47.5974],[3.7606,47.5976],[3.7564,47.6030],[3.7556,47.6057],[3.7569,47.6086],[3.7546,47.6100],[3.7518,47.6093],[3.7498,47.6117],[3.7498,47.6147],[3.7509,47.6162],[3.7453,47.6193],[3.7443,47.6220],[3.7393,47.6237],[3.7395,47.6257],[3.7423,47.6268],[3.7395,47.6306],[3.7402,47.6331],[3.7384,47.6345],[3.7389,47.6375],[3.7357,47.6388],[3.7349,47.6413],[3.7294,47.6424],[3.7258,47.6466],[3.7269,47.6509],[3.7297,47.6531],[3.7293,47.6544],[3.7268,47.6558],[3.7300,47.6590],[3.7268,47.6615],[3.7274,47.6677],[3.7218,47.6678],[3.7145,47.6662],[3.7123,47.6634],[3.7098,47.6627],[3.7025,47.6647],[3.6936,47.6637],[3.6923,47.6652],[3.6926,47.6673],[3.6901,47.6699],[3.6911,47.6746],[3.6883,47.6758]]}},{"type":"Feature","properties":{"name":"La Cure"},"geometry":{"type":"LineString","coordinates":[[3.9064,47.3887],[3.9046,47.3912],[3.9054,47.3924],[3.9048,47.3933],[3.9018,47.3934],[3.8997,47.3953],[3.8964,47.3942],[3.8920,47.3958],[3.8911,47.3937],[3.8897,47.3931],[3.8874,47.3937],[3.8857,47.3965],[3.8831,47.3956],[3.8806,47.3966],[3.8771,47.3965],[3.8723,47.3993],[3.8710,47.3985],[3.8706,47.3967],[3.8667,47.3962],[3.8669,47.3979],[3.8652,47.3979],[3.8614,47.3939],[3.8545,47.3968],[3.8528,47.3964],[3.8526,47.3954],[3.8557,47.3936],[3.8541,47.3924],[3.8491,47.3929],[3.8442,47.3949],[3.8393,47.3943],[3.8377,47.3956],[3.8327,47.3933],[3.8310,47.3952],[3.8213,47.3982],[3.8217,47.4011],[3.8165,47.4020],[3.8159,47.4059]]}},{"type":"Feature","properties":{"name":"La Cure"},"geometry":{"type":"LineString","coordinates":[[3.9642,47.3490],[3.9644,47.3492]]}},{"type":"Feature","properties":{"name":"La Cure"},"geometry":{"type":"LineString","coordinates":[[3.9644,47.3492],[3.9657,47.3532],[3.9592,47.3544],[3.9604,47.3578],[3.9585,47.3606],[3.9630,47.3609],[3.9651,47.3634],[3.9626,47.3651],[3.9575,47.3657],[3.9585,47.3686],[3.9637,47.3720],[3.9612,47.3732],[3.9607,47.3746],[3.9617,47.3775],[3.9585,47.3780],[3.9575,47.3798],[3.9516,47.3816],[3.9505,47.3804],[3.9414,47.3807],[3.9385,47.3792],[3.9359,47.3798],[3.9327,47.3789],[3.9318,47.3803],[3.9270,47.3820],[3.9245,47.3818],[3.9220,47.3802],[3.9156,47.3823],[3.9089,47.3820],[3.9098,47.3852],[3.9092,47.3866],[3.9078,47.3868]]}},{"type":"Feature","properties":{"name":"La Cure"},"geometry":{"type":"LineString","coordinates":[[4.0317,47.2948],[4.0293,47.2947],[4.0274,47.2974],[4.0235,47.2996],[4.0232,47.3009],[4.0246,47.3017],[4.0222,47.3036],[4.0229,47.3049],[4.0195,47.3061],[4.0140,47.3038],[4.0111,47.3052],[4.0080,47.3105],[4.0062,47.3113],[4.0024,47.3105],[3.9996,47.3128]]}},{"type":"Feature","properties":{"name":"La Cure"},"geometry":{"type":"LineString","coordinates":[[3.9715,47.3378],[3.9718,47.3409],[3.9633,47.3472],[3.9642,47.3490]]}},{"type":"Feature","properties":{"name":"La Cure"},"geometry":{"type":"LineString","coordinates":[[4.0330,47.2939],[4.0317,47.2948]]}},{"type":"Feature","properties":{"name":"La Cure"},"geometry":{"type":"LineString","coordinates":[[4.0414,47.2726],[4.0409,47.2781],[4.0386,47.2816],[4.0397,47.2850],[4.0393,47.2876],[4.0330,47.2939]]}},{"type":"Feature","properties":{"name":"La Cure"},"geometry":{"type":"LineString","coordinates":[[3.9996,47.3128],[3.9940,47.3167],[3.9907,47.3174],[3.9922,47.3198],[3.9893,47.3206],[3.9879,47.3235],[3.9864,47.3239],[3.9837,47.3224],[3.9803,47.3238],[3.9809,47.3264],[3.9796,47.3286],[3.9769,47.3309],[3.9736,47.3314],[3.9715,47.3378]]}},{"type":"Feature","properties":{"name":"La Cure"},"geometry":{"type":"LineString","coordinates":[[3.9075,47.3868],[3.9064,47.3887]]}},{"type":"Feature","properties":{"name":"La Cure"},"geometry":{"type":"LineString","coordinates":[[3.9078,47.3868],[3.9075,47.3868]]}},{"type":"Feature","properties":{"name":"La Cure"},"geometry":{"type":"LineString","coordinates":[[3.7284,47.6437],[3.7264,47.6452]]}},{"type":"Feature","properties":{"name":"La Cure"},"geometry":{"type":"LineString","coordinates":[[3.7270,47.6453],[3.7259,47.6463]]}},{"type":"Feature","properties":{"name":"La Cure"},"geometry":{"type":"LineString","coordinates":[[3.7136,47.6637],[3.7123,47.6634]]}},{"type":"Feature","properties":{"name":"La Cure"},"geometry":{"type":"LineString","coordinates":[[3.7136,47.6637],[3.7124,47.6641]]}},{"type":"Feature","properties":{"name":"La Cure"},"geometry":{"type":"LineString","coordinates":[[3.7158,47.6664],[3.7143,47.6641],[3.7123,47.6634]]}},{"type":"Feature","properties":{"name":"La Cure"},"geometry":{"type":"LineString","coordinates":[[3.7077,47.6630],[3.7052,47.6643]]}},{"type":"Feature","properties":{"name":"La Cure"},"geometry":{"type":"LineString","coordinates":[[3.6892,47.6759],[3.6887,47.6763]]}},{"type":"Feature","properties":{"name":"La Cure"},"geometry":{"type":"LineString","coordinates":[[3.6886,47.6764],[3.6862,47.6787]]}},{"type":"Feature","properties":{"name":"Le Trinquelin"},"geometry":{"type":"LineString","coordinates":[[4.0763,47.3366],[4.0775,47.3378],[4.0777,47.3410],[4.0747,47.3436],[4.0756,47.3468],[4.0743,47.3491],[4.0705,47.3498],[4.0688,47.3513],[4.0663,47.3549],[4.0611,47.3570],[4.0529,47.3577],[4.0483,47.3620],[4.0410,47.3611],[4.0379,47.3579],[4.0350,47.3564],[4.0312,47.3592],[4.0310,47.3611],[4.0327,47.3623],[4.0325,47.3637],[4.0285,47.3673]]}},{"type":"Feature","properties":{"name":"Le Trinquelin"},"geometry":{"type":"LineString","coordinates":[[4.0285,47.3673],[4.0249,47.3698],[4.0269,47.3728],[4.0270,47.3772],[4.0236,47.3786],[4.0197,47.3784],[4.0178,47.3818],[4.0183,47.3858],[4.0129,47.3870],[4.0137,47.3892],[4.0122,47.3916],[4.0142,47.3949],[4.0186,47.3958],[4.0181,47.3981],[4.0223,47.3985],[4.0198,47.4008],[4.0221,47.4028],[4.0208,47.4055],[4.0182,47.4066],[4.0152,47.4053],[4.0136,47.4060],[4.0144,47.4080],[4.0172,47.4099],[4.0156,47.4120],[4.0102,47.4138],[4.0104,47.4167],[4.0092,47.4202],[4.0102,47.4206]]}},{"type":"Feature","properties":{"name":"Le Trinquelin"},"geometry":{"type":"LineString","coordinates":[[4.0102,47.4206],[4.0104,47.4205]]}},{"type":"Feature","properties":{"name":"Le Trinquelin"},"geometry":{"type":"LineString","coordinates":[[4.0102,47.4206],[4.0130,47.4254],[4.0105,47.4265],[4.0099,47.4307],[4.0047,47.4332],[4.0058,47.4343],[4.0046,47.4389],[4.0068,47.4399],[4.0102,47.4435],[4.0139,47.4451],[4.0153,47.4477],[4.0191,47.4493]]}},{"type":"Feature","properties":{"name":"Le Trinquelin"},"geometry":{"type":"LineString","coordinates":[[4.0765,47.3364],[4.0763,47.3365]]}},{"type":"Feature","properties":{"name":"Le Trinquelin"},"geometry":{"type":"LineString","coordinates":[[4.0763,47.3365],[4.0763,47.3366]]}},{"type":"Feature","properties":{"name":"Le Trinquelin"},"geometry":{"type":"LineString","coordinates":[[4.0763,47.3365],[4.0763,47.3365]]}},{"type":"Feature","properties":{"name":"La Nièvre"},"geometry":{"type":"LineString","coordinates":[[3.3330,47.3103],[3.3285,47.3097],[3.3251,47.3124],[3.3210,47.3132],[3.3067,47.3132],[3.3014,47.3097],[3.2964,47.3087],[3.3018,47.3004],[3.2993,47.2969]]}},{"type":"Feature","properties":{"name":"La Romanée"},"geometry":{"type":"LineString","coordinates":[[4.1130,47.3981],[4.1118,47.4007],[4.1073,47.4014],[4.1076,47.4030],[4.1040,47.4062],[4.1047,47.4090],[4.1037,47.4105],[4.1012,47.4105],[4.1013,47.4119],[4.0994,47.4131],[4.0943,47.4145],[4.0936,47.4158],[4.0889,47.4174]]}},{"type":"Feature","properties":{"name":"La Romanée"},"geometry":{"type":"LineString","coordinates":[[4.0889,47.4174],[4.0872,47.4190],[4.0864,47.4183],[4.0863,47.4192],[4.0838,47.4197],[4.0846,47.4208],[4.0831,47.4223],[4.0819,47.4222],[4.0822,47.4234],[4.0797,47.4265],[4.0800,47.4280],[4.0754,47.4310],[4.0727,47.4317],[4.0710,47.4309],[4.0676,47.4324],[4.0648,47.4306],[4.0610,47.4329],[4.0589,47.4321],[4.0578,47.4302],[4.0558,47.4304],[4.0543,47.4324],[4.0556,47.4333],[4.0548,47.4360],[4.0489,47.4370],[4.0472,47.4401],[4.0462,47.4394],[4.0431,47.4401],[4.0420,47.4418],[4.0430,47.4424],[4.0421,47.4428],[4.0420,47.4446],[4.0379,47.4461],[4.0387,47.4480],[4.0349,47.4479],[4.0351,47.4498],[4.0321,47.4516],[4.0241,47.4499],[4.0214,47.4503],[4.0191,47.4493]]}},{"type":"Feature","properties":{"name":"La Romanée"},"geometry":{"type":"LineString","coordinates":[[4.1197,47.3835],[4.1174,47.3851],[4.1169,47.3871],[4.1150,47.3876],[4.1128,47.3908],[4.1139,47.3926],[4.1118,47.3944],[4.1130,47.3981]]}},{"type":"Feature","properties":{"name":"La Romanée"},"geometry":{"type":"LineString","coordinates":[[4.1349,47.3741],[4.1317,47.3743],[4.1322,47.3758],[4.1309,47.3762],[4.1308,47.3774],[4.1263,47.3799],[4.1264,47.3820],[4.1230,47.3821],[4.1197,47.3835]]}},{"type":"Feature","properties":{"name":"La Romanée"},"geometry":{"type":"LineString","coordinates":[[4.1394,47.3691],[4.1390,47.3715],[4.1349,47.3741]]}},{"type":"Feature","properties":{"name":"La Romanée"},"geometry":{"type":"LineString","coordinates":[[4.1396,47.3689],[4.1394,47.3691]]}},{"type":"Feature","properties":{"name":"La Romanée"},"geometry":{"type":"LineString","coordinates":[[4.1399,47.3688],[4.1396,47.3689]]}},{"type":"Feature","properties":{"name":"L\u0027Yonne"},"geometry":{"type":"LineString","coordinates":[[3.6173,47.3745],[3.6132,47.3793],[3.6127,47.3811]]}},{"type":"Feature","properties":{"name":"L\u0027Yonne"},"geometry":{"type":"LineString","coordinates":[[3.6127,47.3811],[3.6099,47.3849],[3.6107,47.3875],[3.6075,47.3891],[3.6076,47.3909]]}},{"type":"Feature","properties":{"name":"L\u0027Yonne"},"geometry":{"type":"LineString","coordinates":[[3.6039,47.4171],[3.6024,47.4171],[3.6000,47.4194],[3.5969,47.4191],[3.5943,47.4171],[3.5951,47.4132],[3.5937,47.4104],[3.5897,47.4120],[3.5908,47.4093],[3.5879,47.4086],[3.5822,47.4131],[3.5756,47.4139],[3.5686,47.4167],[3.5689,47.4185],[3.5673,47.4196],[3.5687,47.4200],[3.5700,47.4188],[3.5705,47.4195]]}},{"type":"Feature","properties":{"name":"L\u0027Yonne"},"geometry":{"type":"LineString","coordinates":[[3.6096,47.4045],[3.6097,47.4059],[3.6086,47.4074],[3.6105,47.4095],[3.6103,47.4105],[3.6092,47.4110],[3.6074,47.4091],[3.6055,47.4114],[3.6053,47.4132],[3.6070,47.4148],[3.6039,47.4171]]}},{"type":"Feature","properties":{"name":"L\u0027Yonne"},"geometry":{"type":"LineString","coordinates":[[3.6076,47.3909],[3.6070,47.3920],[3.6032,47.3932],[3.6061,47.3953],[3.6047,47.3960],[3.6051,47.3977],[3.6035,47.3987],[3.6054,47.4005],[3.6080,47.3993],[3.6063,47.4019],[3.6096,47.4045]]}},{"type":"Feature","properties":{"name":"L\u0027Yonne"},"geometry":{"type":"LineString","coordinates":[[3.5487,47.4348],[3.5504,47.4357],[3.5517,47.4341],[3.5531,47.4342],[3.5537,47.4376],[3.5553,47.4391],[3.5543,47.4402],[3.5571,47.4418],[3.5568,47.4459]]}},{"type":"Feature","properties":{"name":"L\u0027Yonne"},"geometry":{"type":"LineString","coordinates":[[3.5568,47.4459],[3.5520,47.4481],[3.5511,47.4503],[3.5490,47.4504],[3.5474,47.4519],[3.5473,47.4528],[3.5496,47.4533],[3.5496,47.4542],[3.5460,47.4550],[3.5439,47.4583]]}},{"type":"Feature","properties":{"name":"L\u0027Yonne"},"geometry":{"type":"LineString","coordinates":[[3.5705,47.4195],[3.5663,47.4229],[3.5619,47.4247],[3.5612,47.4243],[3.5625,47.4224],[3.5604,47.4223],[3.5581,47.4252],[3.5604,47.4290],[3.5575,47.4288],[3.5556,47.4306],[3.5516,47.4317],[3.5502,47.4331],[3.5491,47.4326],[3.5487,47.4348]]}},{"type":"Feature","properties":{"name":"L\u0027Yonne"},"geometry":{"type":"LineString","coordinates":[[3.6374,47.3431],[3.6347,47.3426]]}},{"type":"Feature","properties":{"name":"L\u0027Yonne"},"geometry":{"type":"LineString","coordinates":[[3.6347,47.3426],[3.6355,47.3449],[3.6280,47.3432],[3.6230,47.3507],[3.6219,47.3554],[3.6238,47.3558],[3.6242,47.3582],[3.6214,47.3628]]}},{"type":"Feature","properties":{"name":"L\u0027Yonne"},"geometry":{"type":"LineString","coordinates":[[3.6214,47.3628],[3.6196,47.3657],[3.6173,47.3661],[3.6183,47.3674],[3.6173,47.3692],[3.6152,47.3675],[3.6142,47.3680],[3.6162,47.3707],[3.6183,47.3713],[3.6173,47.3745]]}},{"type":"Feature","properties":{"name":"L\u0027Yonne"},"geometry":{"type":"LineString","coordinates":[[3.6597,47.3272],[3.6587,47.3323],[3.6565,47.3335]]}},{"type":"Feature","properties":{"name":"L\u0027Yonne"},"geometry":{"type":"LineString","coordinates":[[3.5258,47.4769],[3.5249,47.4830],[3.5272,47.4846],[3.5276,47.4862],[3.5252,47.4892],[3.5250,47.4925],[3.5214,47.4937],[3.5095,47.4912],[3.5081,47.4926],[3.5090,47.4955],[3.5121,47.4995],[3.5201,47.5033],[3.5204,47.5080],[3.5222,47.5124],[3.5213,47.5136],[3.5178,47.5143],[3.5182,47.5162],[3.5237,47.5205],[3.5318,47.5237],[3.5352,47.5231],[3.5402,47.5246],[3.5530,47.5240]]}},{"type":"Feature","properties":{"name":"L\u0027Yonne"},"geometry":{"type":"LineString","coordinates":[[3.5412,47.4587],[3.5409,47.4576]]}},{"type":"Feature","properties":{"name":"L\u0027Yonne"},"geometry":{"type":"LineString","coordinates":[[3.5439,47.4583],[3.5409,47.4576]]}},{"type":"Feature","properties":{"name":"L\u0027Yonne"},"geometry":{"type":"LineString","coordinates":[[3.5555,47.8675],[3.5442,47.8697],[3.5445,47.8707],[3.5502,47.8731],[3.5453,47.8750],[3.5479,47.8782],[3.5473,47.8797],[3.5402,47.8789],[3.5379,47.8769],[3.5359,47.8772],[3.5336,47.8806],[3.5366,47.8840],[3.5328,47.8867],[3.5367,47.8892],[3.5366,47.8907],[3.5294,47.8928],[3.5244,47.8901],[3.5211,47.8921],[3.5257,47.8988],[3.5254,47.9023],[3.5280,47.9049],[3.5262,47.9088],[3.5329,47.9101]]}},{"type":"Feature","properties":{"name":"L\u0027Yonne"},"geometry":{"type":"LineString","coordinates":[[3.3789,47.9819],[3.3649,47.9776],[3.3626,47.9776],[3.3579,47.9800],[3.3567,47.9850]]}},{"type":"Feature","properties":{"name":"L\u0027Yonne"},"geometry":{"type":"LineString","coordinates":[[3.3567,47.9850],[3.3545,47.9880],[3.3476,47.9910],[3.3429,47.9951]]}},{"type":"Feature","properties":{"name":"L\u0027Yonne"},"geometry":{"type":"LineString","coordinates":[[3.4789,47.9621],[3.4745,47.9616]]}},{"type":"Feature","properties":{"name":"L\u0027Yonne"},"geometry":{"type":"LineString","coordinates":[[3.5329,47.9101],[3.5280,47.9142],[3.5298,47.9169],[3.5277,47.9196]]}},{"type":"Feature","properties":{"name":"L\u0027Yonne"},"geometry":{"type":"LineString","coordinates":[[3.5695,47.8518],[3.5677,47.8516],[3.5633,47.8534],[3.5599,47.8518],[3.5582,47.8524],[3.5569,47.8565],[3.5516,47.8608],[3.5521,47.8629],[3.5559,47.8653],[3.5555,47.8675]]}},{"type":"Feature","properties":{"name":"L\u0027Yonne"},"geometry":{"type":"LineString","coordinates":[[3.5751,47.8038],[3.5756,47.8049]]}},{"type":"Feature","properties":{"name":"L\u0027Yonne"},"geometry":{"type":"LineString","coordinates":[[3.6768,47.6249],[3.6723,47.6276]]}},{"type":"Feature","properties":{"name":"L\u0027Yonne"},"geometry":{"type":"LineString","coordinates":[[3.6781,47.5984],[3.6791,47.5989]]}},{"type":"Feature","properties":{"name":"L\u0027Yonne"},"geometry":{"type":"LineString","coordinates":[[3.5409,47.4576],[3.5373,47.4549],[3.5366,47.4508],[3.5337,47.4500],[3.5298,47.4513],[3.5246,47.4556],[3.5232,47.4571],[3.5233,47.4593]]}},{"type":"Feature","properties":{"name":"L\u0027Yonne"},"geometry":{"type":"LineString","coordinates":[[3.6608,47.3189],[3.6629,47.3252],[3.6604,47.3254],[3.6597,47.3272]]}},{"type":"Feature","properties":{"name":"L\u0027Yonne"},"geometry":{"type":"LineString","coordinates":[[3.6673,47.3035],[3.6673,47.3078]]}},{"type":"Feature","properties":{"name":"L\u0027Yonne"},"geometry":{"type":"LineString","coordinates":[[3.6498,47.3372],[3.6491,47.3369],[3.6499,47.3354],[3.6488,47.3341],[3.6430,47.3346],[3.6417,47.3366],[3.6438,47.3382],[3.6425,47.3397],[3.6457,47.3400],[3.6441,47.3416]]}},{"type":"Feature","properties":{"name":"L\u0027Yonne"},"geometry":{"type":"LineString","coordinates":[[3.5437,47.4585],[3.5422,47.4591],[3.5400,47.4582],[3.5401,47.4572]]}},{"type":"Feature","properties":{"name":"L\u0027Yonne"},"geometry":{"type":"LineString","coordinates":[[3.6486,47.2655],[3.6502,47.2656],[3.6501,47.2679],[3.6529,47.2698],[3.6562,47.2778],[3.6603,47.2809],[3.6577,47.2861],[3.6587,47.2888],[3.6631,47.2884],[3.6684,47.2932],[3.6679,47.2949],[3.6689,47.2973],[3.6665,47.3002],[3.6673,47.3035]]}},{"type":"Feature","properties":{"name":"L\u0027Yonne"},"geometry":{"type":"LineString","coordinates":[[3.6369,47.7028],[3.6391,47.7071],[3.6366,47.7133]]}},{"type":"Feature","properties":{"name":"L\u0027Yonne"},"geometry":{"type":"LineString","coordinates":[[3.6242,47.7230],[3.6200,47.7244],[3.6140,47.7246]]}},{"type":"Feature","properties":{"name":"L\u0027Yonne"},"geometry":{"type":"LineString","coordinates":[[3.6773,47.6677],[3.6788,47.6693]]}},{"type":"Feature","properties":{"name":"L\u0027Yonne"},"geometry":{"type":"LineString","coordinates":[[3.6723,47.6276],[3.6679,47.6281],[3.6647,47.6308],[3.6608,47.6308],[3.6600,47.6342],[3.6656,47.6361]]}},{"type":"Feature","properties":{"name":"L\u0027Yonne"},"geometry":{"type":"LineString","coordinates":[[3.6366,47.7133],[3.6332,47.7174]]}},{"type":"Feature","properties":{"name":"L\u0027Yonne"},"geometry":{"type":"LineString","coordinates":[[3.5998,47.7344],[3.5896,47.7410]]}},{"type":"Feature","properties":{"name":"L\u0027Yonne"},"geometry":{"type":"LineString","coordinates":[[3.6805,47.6009],[3.6786,47.6034],[3.6845,47.6085],[3.6852,47.6124],[3.6842,47.6140],[3.6823,47.6146],[3.6773,47.6136],[3.6743,47.6180],[3.6705,47.6189],[3.6684,47.6214],[3.6690,47.6239],[3.6700,47.6245],[3.6757,47.6239],[3.6768,47.6249]]}},{"type":"Feature","properties":{"name":"L\u0027Yonne"},"geometry":{"type":"LineString","coordinates":[[3.6410,47.6988],[3.6377,47.7010],[3.6369,47.7028]]}},{"type":"Feature","properties":{"name":"L\u0027Yonne"},"geometry":{"type":"LineString","coordinates":[[3.6640,47.6428],[3.6639,47.6483],[3.6672,47.6498],[3.6677,47.6509],[3.6614,47.6517],[3.6609,47.6540],[3.6682,47.6570],[3.6697,47.6594],[3.6681,47.6619],[3.6735,47.6635],[3.6731,47.6651],[3.6752,47.6661]]}},{"type":"Feature","properties":{"name":"L\u0027Yonne"},"geometry":{"type":"LineString","coordinates":[[3.6791,47.5989],[3.6805,47.6009]]}},{"type":"Feature","properties":{"name":"L\u0027Yonne"},"geometry":{"type":"LineString","coordinates":[[3.5750,47.8020],[3.5750,47.8030]]}},{"type":"Feature","properties":{"name":"L\u0027Yonne"},"geometry":{"type":"LineString","coordinates":[[3.5780,47.7959],[3.5753,47.7983],[3.5750,47.8020]]}},{"type":"Feature","properties":{"name":"L\u0027Yonne"},"geometry":{"type":"LineString","coordinates":[[3.6788,47.6693],[3.6850,47.6740],[3.6877,47.6748],[3.6876,47.6761]]}},{"type":"Feature","properties":{"name":"L\u0027Yonne"},"geometry":{"type":"LineString","coordinates":[[3.6434,47.5845],[3.6342,47.5883],[3.6341,47.5913],[3.6354,47.5935],[3.6395,47.5941],[3.6420,47.5932],[3.6490,47.5870]]}},{"type":"Feature","properties":{"name":"L\u0027Yonne"},"geometry":{"type":"LineString","coordinates":[[3.6673,47.3078],[3.6650,47.3125]]}},{"type":"Feature","properties":{"name":"L\u0027Yonne"},"geometry":{"type":"LineString","coordinates":[[3.6650,47.3125],[3.6656,47.3136],[3.6608,47.3189]]}},{"type":"Feature","properties":{"name":"L\u0027Yonne"},"geometry":{"type":"LineString","coordinates":[[3.6565,47.3335],[3.6547,47.3352],[3.6549,47.3362],[3.6517,47.3357],[3.6498,47.3372]]}},{"type":"Feature","properties":{"name":"L\u0027Yonne"},"geometry":{"type":"LineString","coordinates":[[3.5926,47.7560],[3.5962,47.7585],[3.5963,47.7621]]}},{"type":"Feature","properties":{"name":"L\u0027Yonne"},"geometry":{"type":"LineString","coordinates":[[3.6463,47.5655],[3.6367,47.5662],[3.6346,47.5673],[3.6343,47.5684],[3.6357,47.5711],[3.6380,47.5727],[3.6472,47.5761]]}},{"type":"Feature","properties":{"name":"L\u0027Yonne"},"geometry":{"type":"LineString","coordinates":[[3.5530,47.5240],[3.5635,47.5268],[3.5682,47.5269],[3.5676,47.5278],[3.5640,47.5289],[3.5642,47.5298],[3.5702,47.5292],[3.5731,47.5301],[3.5814,47.5282],[3.5835,47.5252],[3.5850,47.5247],[3.5874,47.5265],[3.5905,47.5265],[3.5919,47.5251],[3.5913,47.5231],[3.5919,47.5227],[3.5953,47.5238],[3.6034,47.5238],[3.6038,47.5268],[3.6020,47.5292],[3.6030,47.5310],[3.5975,47.5367],[3.5943,47.5379],[3.5949,47.5397],[3.5983,47.5404],[3.6010,47.5396],[3.6049,47.5431],[3.6065,47.5425],[3.6070,47.5397],[3.6104,47.5397],[3.6194,47.5317],[3.6251,47.5319],[3.6281,47.5331],[3.6283,47.5346],[3.6322,47.5362],[3.6339,47.5384],[3.6324,47.5396],[3.6302,47.5396],[3.6305,47.5460],[3.6274,47.5470],[3.6304,47.5519],[3.6301,47.5540],[3.6328,47.5548],[3.6336,47.5560],[3.6331,47.5588],[3.6385,47.5600],[3.6410,47.5579],[3.6431,47.5578],[3.6460,47.5588],[3.6464,47.5604],[3.6500,47.5597]]}},{"type":"Feature","properties":{"name":"L\u0027Yonne"},"geometry":{"type":"LineString","coordinates":[[3.6545,47.5884],[3.6556,47.5899],[3.6665,47.5935],[3.6749,47.5982],[3.6791,47.5989]]}},{"type":"Feature","properties":{"name":"L\u0027Yonne"},"geometry":{"type":"LineString","coordinates":[[3.5055,47.9497],[3.5074,47.9515],[3.5074,47.9531],[3.5058,47.9544],[3.5017,47.9553],[3.5010,47.9607],[3.4991,47.9621],[3.4903,47.9631],[3.4789,47.9621]]}},{"type":"Feature","properties":{"name":"L\u0027Yonne"},"geometry":{"type":"LineString","coordinates":[[3.5040,47.9483],[3.5074,47.9515]]}},{"type":"Feature","properties":{"name":"L\u0027Yonne"},"geometry":{"type":"LineString","coordinates":[[3.5268,47.9204],[3.5206,47.9258],[3.5155,47.9288],[3.5166,47.9324],[3.5147,47.9358],[3.5137,47.9405],[3.5121,47.9416],[3.5087,47.9419],[3.5044,47.9445],[3.5034,47.9470],[3.5046,47.9489]]}},{"type":"Feature","properties":{"name":"L\u0027Yonne"},"geometry":{"type":"LineString","coordinates":[[3.5750,47.8434],[3.5750,47.8461],[3.5784,47.8468],[3.5787,47.8476],[3.5763,47.8512],[3.5707,47.8521]]}},{"type":"Feature","properties":{"name":"L\u0027Yonne"},"geometry":{"type":"LineString","coordinates":[[3.5804,47.8157],[3.5806,47.8177],[3.5758,47.8194],[3.5728,47.8226],[3.5708,47.8288]]}},{"type":"Feature","properties":{"name":"L\u0027Yonne"},"geometry":{"type":"LineString","coordinates":[[3.6007,47.7818],[3.5966,47.7849],[3.5924,47.7862]]}},{"type":"Feature","properties":{"name":"L\u0027Yonne"},"geometry":{"type":"LineString","coordinates":[[3.5812,47.8112],[3.5822,47.8119]]}},{"type":"Feature","properties":{"name":"L\u0027Yonne"},"geometry":{"type":"LineString","coordinates":[[3.5753,47.8027],[3.5767,47.8059]]}},{"type":"Feature","properties":{"name":"L\u0027Yonne"},"geometry":{"type":"LineString","coordinates":[[3.5767,47.8059],[3.5791,47.8099],[3.5812,47.8112]]}},{"type":"Feature","properties":{"name":"L\u0027Yonne"},"geometry":{"type":"LineString","coordinates":[[3.5709,47.8297],[3.5753,47.8425]]}},{"type":"Feature","properties":{"name":"L\u0027Yonne"},"geometry":{"type":"LineString","coordinates":[[3.3429,47.9951],[3.3408,48.0012]]}},{"type":"Feature","properties":{"name":"L\u0027Yonne"},"geometry":{"type":"LineString","coordinates":[[3.6520,47.6988],[3.6453,47.6979],[3.6410,47.6988]]}},{"type":"Feature","properties":{"name":"L\u0027Yonne"},"geometry":{"type":"LineString","coordinates":[[3.6613,47.6986],[3.6607,47.6987]]}},{"type":"Feature","properties":{"name":"L\u0027Yonne"},"geometry":{"type":"LineString","coordinates":[[3.6868,47.6809],[3.6850,47.6873],[3.6822,47.6885],[3.6728,47.6890],[3.6705,47.6913],[3.6715,47.6937],[3.6710,47.6955],[3.6613,47.6986]]}},{"type":"Feature","properties":{"name":"L\u0027Yonne"},"geometry":{"type":"LineString","coordinates":[[3.6876,47.6761],[3.6859,47.6780],[3.6872,47.6796],[3.6868,47.6809]]}},{"type":"Feature","properties":{"name":"L\u0027Yonne"},"geometry":{"type":"LineString","coordinates":[[3.6607,47.6987],[3.6520,47.6988]]}},{"type":"Feature","properties":{"name":"L\u0027Yonne"},"geometry":{"type":"LineString","coordinates":[[3.6332,47.7174],[3.6298,47.7206],[3.6242,47.7230]]}},{"type":"Feature","properties":{"name":"L\u0027Yonne"},"geometry":{"type":"LineString","coordinates":[[3.5813,47.7949],[3.5780,47.7959]]}},{"type":"Feature","properties":{"name":"L\u0027Yonne"},"geometry":{"type":"LineString","coordinates":[[3.5877,47.7910],[3.5813,47.7949]]}},{"type":"Feature","properties":{"name":"L\u0027Yonne"},"geometry":{"type":"LineString","coordinates":[[3.5754,47.8034],[3.5756,47.8045]]}},{"type":"Feature","properties":{"name":"L\u0027Yonne"},"geometry":{"type":"LineString","coordinates":[[3.5756,47.8045],[3.5756,47.8049]]}},{"type":"Feature","properties":{"name":"L\u0027Yonne"},"geometry":{"type":"LineString","coordinates":[[3.5750,47.8020],[3.5753,47.8027]]}},{"type":"Feature","properties":{"name":"L\u0027Yonne"},"geometry":{"type":"LineString","coordinates":[[3.5756,47.8049],[3.5761,47.8079],[3.5802,47.8148]]}},{"type":"Feature","properties":{"name":"L\u0027Yonne"},"geometry":{"type":"LineString","coordinates":[[3.5924,47.7862],[3.5877,47.7910]]}},{"type":"Feature","properties":{"name":"L\u0027Yonne"},"geometry":{"type":"LineString","coordinates":[[3.6075,47.7717],[3.6102,47.7731],[3.6109,47.7755]]}},{"type":"Feature","properties":{"name":"L\u0027Yonne"},"geometry":{"type":"LineString","coordinates":[[3.4720,47.9616],[3.4623,47.9630],[3.4566,47.9655],[3.4287,47.9694]]}},{"type":"Feature","properties":{"name":"L\u0027Yonne"},"geometry":{"type":"LineString","coordinates":[[3.4789,47.9621],[3.4703,47.9620]]}},{"type":"Feature","properties":{"name":"L\u0027Yonne"},"geometry":{"type":"LineString","coordinates":[[3.4229,47.9706],[3.4179,47.9726],[3.4093,47.9738],[3.3960,47.9810],[3.3884,47.9824],[3.3789,47.9819]]}},{"type":"Feature","properties":{"name":"L\u0027Yonne"},"geometry":{"type":"LineString","coordinates":[[3.4287,47.9694],[3.4179,47.9726]]}},{"type":"Feature","properties":{"name":"L\u0027Yonne"},"geometry":{"type":"LineString","coordinates":[[3.4287,47.9694],[3.4244,47.9700]]}},{"type":"Feature","properties":{"name":"L\u0027Yonne"},"geometry":{"type":"LineString","coordinates":[[3.6063,47.4141],[3.6026,47.4171]]}},{"type":"Feature","properties":{"name":"L\u0027Yonne"},"geometry":{"type":"LineString","coordinates":[[3.6140,47.7246],[3.6088,47.7262],[3.6025,47.7312]]}},{"type":"Feature","properties":{"name":"L\u0027Yonne"},"geometry":{"type":"LineString","coordinates":[[3.5714,47.8268],[3.5713,47.8312]]}},{"type":"Feature","properties":{"name":"L\u0027Yonne"},"geometry":{"type":"LineString","coordinates":[[3.5753,47.8027],[3.5754,47.8034]]}},{"type":"Feature","properties":{"name":"L\u0027Yonne"},"geometry":{"type":"LineString","coordinates":[[3.6025,47.7312],[3.5998,47.7344]]}},{"type":"Feature","properties":{"name":"L\u0027Yonne"},"geometry":{"type":"LineString","coordinates":[[3.6441,47.3416],[3.6407,47.3414],[3.6374,47.3431]]}},{"type":"Feature","properties":{"name":"L\u0027Yonne"},"geometry":{"type":"LineString","coordinates":[[3.6441,47.3416],[3.6419,47.3418],[3.6398,47.3435],[3.6374,47.3431]]}},{"type":"Feature","properties":{"name":"L\u0027Yonne"},"geometry":{"type":"LineString","coordinates":[[3.6718,47.6279],[3.6714,47.6279]]}},{"type":"Feature","properties":{"name":"L\u0027Yonne"},"geometry":{"type":"LineString","coordinates":[[3.6877,47.6748],[3.6889,47.6751],[3.6876,47.6761]]}},{"type":"Feature","properties":{"name":"Le Beuvron"},"geometry":{"type":"LineString","coordinates":[[3.5063,47.4531],[3.5084,47.4553],[3.5117,47.4565],[3.5148,47.4563],[3.5180,47.4615],[3.5236,47.4623]]}},{"type":"Feature","properties":{"name":"Le Beuvron"},"geometry":{"type":"LineString","coordinates":[[3.4863,47.3337],[3.4901,47.3353],[3.4902,47.3362],[3.4935,47.3385],[3.4919,47.3394],[3.4882,47.3388],[3.4877,47.3400],[3.4855,47.3403],[3.4855,47.3416],[3.4893,47.3453],[3.4923,47.3459],[3.4896,47.3512],[3.4909,47.3520],[3.4902,47.3533],[3.4932,47.3568],[3.4917,47.3585],[3.4920,47.3615],[3.4961,47.3653],[3.5000,47.3666],[3.5011,47.3697],[3.4996,47.3712],[3.5007,47.3735],[3.5001,47.3766],[3.5018,47.3782],[3.5005,47.3812]]}},{"type":"Feature","properties":{"name":"Le Beuvron"},"geometry":{"type":"LineString","coordinates":[[3.5027,47.4376],[3.4999,47.4408],[3.5016,47.4417],[3.5013,47.4428],[3.5034,47.4427],[3.5037,47.4439],[3.5062,47.4453],[3.5052,47.4462],[3.5062,47.4467],[3.5055,47.4496],[3.5041,47.4512],[3.5046,47.4529],[3.5063,47.4531]]}},{"type":"Feature","properties":{"name":"Le Beuvron"},"geometry":{"type":"LineString","coordinates":[[3.4918,47.2862],[3.4873,47.2864],[3.4862,47.2875],[3.4875,47.2917],[3.4853,47.2955],[3.4837,47.2962],[3.4877,47.2996],[3.4863,47.3020]]}},{"type":"Feature","properties":{"name":"Le Beuvron"},"geometry":{"type":"LineString","coordinates":[[3.4961,47.2844],[3.4918,47.2862]]}},{"type":"Feature","properties":{"name":"Le Beuvron"},"geometry":{"type":"LineString","coordinates":[[3.4863,47.3020],[3.4860,47.3022]]}},{"type":"Feature","properties":{"name":"Le Beuvron"},"geometry":{"type":"LineString","coordinates":[[3.4962,47.2843],[3.4961,47.2844]]}},{"type":"Feature","properties":{"name":"Le Beuvron"},"geometry":{"type":"LineString","coordinates":[[3.4918,47.2862],[3.4918,47.2862]]}},{"type":"Feature","properties":{"name":"Le Beuvron"},"geometry":{"type":"LineString","coordinates":[[3.4861,47.3338],[3.4863,47.3337]]}},{"type":"Feature","properties":{"name":"Le Beuvron"},"geometry":{"type":"LineString","coordinates":[[3.4922,47.2805],[3.4918,47.2812],[3.4962,47.2843]]}},{"type":"Feature","properties":{"name":"Le Beuvron"},"geometry":{"type":"LineString","coordinates":[[3.4860,47.3022],[3.4852,47.3028],[3.4877,47.3059],[3.4884,47.3085],[3.4899,47.3084],[3.4889,47.3092],[3.4901,47.3118],[3.4871,47.3140],[3.4855,47.3134],[3.4850,47.3142],[3.4817,47.3144],[3.4829,47.3152],[3.4815,47.3156],[3.4810,47.3170],[3.4785,47.3190],[3.4762,47.3235],[3.4785,47.3255],[3.4820,47.3264],[3.4831,47.3279],[3.4824,47.3294],[3.4835,47.3324],[3.4861,47.3338]]}},{"type":"Feature","properties":{"name":"Le Beuvron"},"geometry":{"type":"LineString","coordinates":[[3.5005,47.3812],[3.5006,47.3813]]}},{"type":"Feature","properties":{"name":"Le Beuvron"},"geometry":{"type":"LineString","coordinates":[[3.5006,47.3813],[3.5008,47.3856],[3.4996,47.3863],[3.5009,47.3876],[3.5007,47.3888],[3.4932,47.3959],[3.4939,47.3987],[3.4974,47.4008],[3.4989,47.4030],[3.4983,47.4037],[3.4995,47.4038],[3.4986,47.4053],[3.4988,47.4081],[3.4951,47.4107],[3.4952,47.4120],[3.4936,47.4136],[3.4937,47.4164],[3.4986,47.4278],[3.4978,47.4293],[3.4938,47.4309],[3.4973,47.4335],[3.4982,47.4332],[3.4994,47.4348],[3.5021,47.4350],[3.5027,47.4376]]}},{"type":"Feature","properties":{"name":"Le Beuvron"},"geometry":{"type":"LineString","coordinates":[[3.5105,47.4552],[3.5176,47.4551],[3.5188,47.4567],[3.5183,47.4593]]}},{"type":"Feature","properties":{"name":"Le Beuvron"},"geometry":{"type":"LineString","coordinates":[[3.5177,47.4598],[3.5175,47.4599]]}},{"type":"Feature","properties":{"name":"Le Beuvron"},"geometry":{"type":"LineString","coordinates":[[3.5183,47.4593],[3.5179,47.4596]]}},{"type":"Feature","properties":{"name":"Le Beuvron"},"geometry":{"type":"LineString","coordinates":[[3.5179,47.4596],[3.5177,47.4598]]}},{"type":"Feature","properties":{"name":"Le Beuvron"},"geometry":{"type":"LineString","coordinates":[[3.5175,47.4599],[3.5173,47.4599]]}},{"type":"Feature","properties":{"name":"Le Beuvron"},"geometry":{"type":"LineString","coordinates":[[3.5104,47.4552],[3.5105,47.4552]]}},{"type":"Feature","properties":{"name":"Le Beuvron"},"geometry":{"type":"LineString","coordinates":[[3.5101,47.4554],[3.5104,47.4552]]}},{"type":"Feature","properties":{"name":"L\u0027Auxois"},"geometry":{"type":"LineString","coordinates":[[3.7603,47.2831],[3.7551,47.2828],[3.7520,47.2841],[3.7505,47.2818],[3.7476,47.2820],[3.7465,47.2806],[3.7435,47.2810],[3.7354,47.2788],[3.7323,47.2789],[3.7300,47.2783],[3.7288,47.2765],[3.7258,47.2775]]}},{"type":"Feature","properties":{"name":"L\u0027Auxois"},"geometry":{"type":"LineString","coordinates":[[3.7176,47.2788],[3.7003,47.2796],[3.6939,47.2837],[3.6945,47.2858],[3.6935,47.2870],[3.6943,47.2892],[3.6934,47.2897]]}},{"type":"Feature","properties":{"name":"L\u0027Auxois"},"geometry":{"type":"LineString","coordinates":[[3.6693,47.3024],[3.6673,47.3035]]}},{"type":"Feature","properties":{"name":"L\u0027Auxois"},"geometry":{"type":"LineString","coordinates":[[3.6853,47.2943],[3.6815,47.2970],[3.6780,47.3019],[3.6726,47.3012],[3.6693,47.3024]]}},{"type":"Feature","properties":{"name":"L\u0027Auxois"},"geometry":{"type":"LineString","coordinates":[[3.6934,47.2897],[3.6901,47.2903],[3.6900,47.2917],[3.6853,47.2943]]}},{"type":"Feature","properties":{"name":"L\u0027Auxois"},"geometry":{"type":"LineString","coordinates":[[3.7636,47.2833],[3.7625,47.2833]]}},{"type":"Feature","properties":{"name":"L\u0027Auxois"},"geometry":{"type":"LineString","coordinates":[[3.7625,47.2833],[3.7603,47.2831]]}},{"type":"Feature","properties":{"name":"Le Tholon"},"geometry":{"type":"LineString","coordinates":[[3.3612,47.9191],[3.3624,47.9226],[3.3614,47.9231],[3.3615,47.9245],[3.3630,47.9247],[3.3627,47.9263],[3.3636,47.9266],[3.3553,47.9306],[3.3539,47.9333],[3.3555,47.9386],[3.3551,47.9429],[3.3539,47.9438],[3.3549,47.9444],[3.3547,47.9462],[3.3578,47.9488],[3.3603,47.9492]]}},{"type":"Feature","properties":{"name":"Le Tholon"},"geometry":{"type":"LineString","coordinates":[[3.3701,47.9606],[3.3756,47.9656],[3.3778,47.9657]]}},{"type":"Feature","properties":{"name":"Le Tholon"},"geometry":{"type":"LineString","coordinates":[[3.3603,47.9492],[3.3620,47.9505],[3.3610,47.9515],[3.3618,47.9524],[3.3654,47.9530],[3.3654,47.9541],[3.3667,47.9548],[3.3655,47.9572],[3.3668,47.9573],[3.3671,47.9588],[3.3701,47.9606]]}},{"type":"Feature","properties":{"name":"Le Tholon"},"geometry":{"type":"LineString","coordinates":[[3.3556,47.8579],[3.3540,47.8583],[3.3529,47.8634],[3.3499,47.8647],[3.3493,47.8659],[3.3491,47.8681],[3.3502,47.8695],[3.3494,47.8712],[3.3502,47.8719],[3.3491,47.8741]]}},{"type":"Feature","properties":{"name":"Le Tholon"},"geometry":{"type":"LineString","coordinates":[[3.3476,47.8829],[3.3469,47.8837],[3.3480,47.8842],[3.3489,47.8876],[3.3487,47.8908],[3.3544,47.8949],[3.3539,47.8972],[3.3546,47.8991]]}},{"type":"Feature","properties":{"name":"Le Tholon"},"geometry":{"type":"LineString","coordinates":[[3.3489,47.8743],[3.3480,47.8758],[3.3465,47.8760],[3.3476,47.8829]]}},{"type":"Feature","properties":{"name":"Le Tholon"},"geometry":{"type":"LineString","coordinates":[[3.3778,47.9657],[3.3779,47.9659]]}},{"type":"Feature","properties":{"name":"Le Tholon"},"geometry":{"type":"LineString","coordinates":[[3.3779,47.9659],[3.3800,47.9678],[3.3846,47.9693],[3.3845,47.9706],[3.3789,47.9734],[3.3690,47.9733],[3.3667,47.9744],[3.3640,47.9775]]}},{"type":"Feature","properties":{"name":"Le Tholon"},"geometry":{"type":"LineString","coordinates":[[3.3494,47.8712],[3.3502,47.8718]]}},{"type":"Feature","properties":{"name":"Le Tholon"},"geometry":{"type":"LineString","coordinates":[[3.3553,47.8999],[3.3554,47.9005]]}},{"type":"Feature","properties":{"name":"Le Tholon"},"geometry":{"type":"LineString","coordinates":[[3.3546,47.8991],[3.3553,47.8999]]}},{"type":"Feature","properties":{"name":"Le Tholon"},"geometry":{"type":"LineString","coordinates":[[3.3612,47.9191],[3.3612,47.9191]]}},{"type":"Feature","properties":{"name":"Le Tholon"},"geometry":{"type":"LineString","coordinates":[[3.3554,47.9005],[3.3556,47.9047],[3.3576,47.9099],[3.3558,47.9107],[3.3560,47.9118],[3.3612,47.9191]]}},{"type":"Feature","properties":{"name":"L\u0027Ouanne"},"geometry":{"type":"LineString","coordinates":[[3.4259,47.6444],[3.4219,47.6464],[3.4208,47.6500],[3.4200,47.6499],[3.4210,47.6510],[3.4174,47.6557],[3.4162,47.6592],[3.4165,47.6612],[3.4106,47.6623],[3.4092,47.6639],[3.4085,47.6664],[3.4099,47.6671],[3.4013,47.6674],[3.3943,47.6729],[3.3874,47.6735],[3.3812,47.6793],[3.3812,47.6804],[3.3761,47.6812],[3.3693,47.6853],[3.3689,47.6875],[3.3636,47.6936]]}},{"type":"Feature","properties":{"name":"L\u0027Ouanne"},"geometry":{"type":"LineString","coordinates":[[3.3509,47.7013],[3.3508,47.7014]]}},{"type":"Feature","properties":{"name":"L\u0027Ouanne"},"geometry":{"type":"LineString","coordinates":[[3.3508,47.7014],[3.3458,47.7040],[3.3430,47.7034],[3.3386,47.7054],[3.3345,47.7052],[3.3298,47.7072],[3.3290,47.7085],[3.3270,47.7072],[3.3129,47.7097],[3.3098,47.7155],[3.3109,47.7177],[3.3102,47.7185],[3.3112,47.7190],[3.3087,47.7216],[3.3042,47.7220],[3.3012,47.7257],[3.3008,47.7302],[3.2973,47.7320],[3.2930,47.7325],[3.2872,47.7362],[3.2872,47.7373],[3.2850,47.7387],[3.2838,47.7411],[3.2853,47.7433],[3.2847,47.7459],[3.2812,47.7468],[3.2798,47.7455],[3.2781,47.7456],[3.2737,47.7482],[3.2689,47.7483],[3.2679,47.7496],[3.2687,47.7501],[3.2685,47.7522],[3.2653,47.7546],[3.2597,47.7532],[3.2568,47.7533],[3.2535,47.7548],[3.2488,47.7577],[3.2485,47.7593],[3.2414,47.7632],[3.2392,47.7666],[3.2291,47.7742],[3.2160,47.7778],[3.2115,47.7808],[3.2096,47.7810],[3.2081,47.7793],[3.2070,47.7794],[3.2030,47.7820],[3.2004,47.7817],[3.1970,47.7826],[3.1897,47.7863]]}},{"type":"Feature","properties":{"name":"L\u0027Ouanne"},"geometry":{"type":"LineString","coordinates":[[3.3636,47.6937],[3.3627,47.6956],[3.3597,47.6963],[3.3539,47.7007],[3.3509,47.7013]]}},{"type":"Feature","properties":{"name":"L\u0027Ouanne"},"geometry":{"type":"LineString","coordinates":[[3.3636,47.6936],[3.3636,47.6937]]}},{"type":"Feature","properties":{"name":"Ruisseau d\u0027Andryes"},"geometry":{"type":"LineString","coordinates":[[3.5143,47.5072],[3.5148,47.5069]]}},{"type":"Feature","properties":{"name":"Ruisseau d\u0027Andryes"},"geometry":{"type":"LineString","coordinates":[[3.5148,47.5069],[3.5160,47.5060],[3.5150,47.5044],[3.5204,47.5046]]}},{"type":"Feature","properties":{"name":"Ruisseau d\u0027Andryes"},"geometry":{"type":"LineString","coordinates":[[3.5110,47.5088],[3.5130,47.5086],[3.5143,47.5072]]}},{"type":"Feature","properties":{"name":"Ruisseau d\u0027Andryes"},"geometry":{"type":"LineString","coordinates":[[3.4932,47.5134],[3.4932,47.5133]]}},{"type":"Feature","properties":{"name":"Ruisseau d\u0027Andryes"},"geometry":{"type":"LineString","coordinates":[[3.4860,47.5205],[3.4932,47.5134]]}},{"type":"Feature","properties":{"name":"Ruisseau d\u0027Andryes"},"geometry":{"type":"LineString","coordinates":[[3.4932,47.5133],[3.4950,47.5117],[3.4990,47.5105],[3.5110,47.5088]]}},{"type":"Feature","properties":{"name":"Le Serein"},"geometry":{"type":"LineString","coordinates":[[4.1182,47.4787],[4.1153,47.4819],[4.1163,47.4859],[4.1202,47.4894],[4.1235,47.4905]]}},{"type":"Feature","properties":{"name":"Le Serein"},"geometry":{"type":"LineString","coordinates":[[3.9478,47.7305],[3.9453,47.7315],[3.9401,47.7308],[3.9390,47.7324],[3.9369,47.7317],[3.9320,47.7328],[3.9333,47.7349],[3.9332,47.7374],[3.9355,47.7393],[3.9369,47.7387],[3.9377,47.7397],[3.9378,47.7415],[3.9369,47.7423],[3.9379,47.7426],[3.9376,47.7435],[3.9328,47.7453],[3.9279,47.7440],[3.9264,47.7444],[3.9260,47.7461],[3.9214,47.7457],[3.9188,47.7517],[3.9192,47.7533],[3.9165,47.7518],[3.9119,47.7522],[3.9087,47.7498],[3.9072,47.7499],[3.9055,47.7456],[3.9028,47.7440],[3.9012,47.7449],[3.8980,47.7432],[3.8960,47.7444],[3.8962,47.7456],[3.8902,47.7468],[3.8897,47.7478],[3.8913,47.7487],[3.8902,47.7500],[3.8935,47.7540],[3.8903,47.7545],[3.8901,47.7578],[3.8864,47.7661],[3.8864,47.7723],[3.8827,47.7715],[3.8798,47.7721],[3.8772,47.7659],[3.8768,47.7623],[3.8752,47.7624],[3.8693,47.7666],[3.8680,47.7716],[3.8659,47.7707],[3.8630,47.7748],[3.8562,47.7760],[3.8562,47.7793],[3.8541,47.7798],[3.8534,47.7804],[3.8541,47.7811],[3.8481,47.7815],[3.8462,47.7827],[3.8435,47.7871],[3.8449,47.7883],[3.8432,47.7890],[3.8408,47.7884],[3.8410,47.7897],[3.8393,47.7913],[3.8398,47.7923],[3.8362,47.7933],[3.8338,47.7955],[3.8277,47.7958],[3.8269,47.7963],[3.8282,47.7971],[3.8281,47.7980],[3.8227,47.7989],[3.8214,47.8005],[3.8173,47.8004],[3.8140,47.8032],[3.8129,47.8026],[3.8129,47.8035],[3.8106,47.8044],[3.8083,47.8073]]}},{"type":"Feature","properties":{"name":"Le Serein"},"geometry":{"type":"LineString","coordinates":[[4.0047,47.5785],[4.0023,47.5801],[4.0024,47.5840],[4.0008,47.5863],[4.0016,47.5888],[4.0005,47.5911],[4.0012,47.5934]]}},{"type":"Feature","properties":{"name":"Le Serein"},"geometry":{"type":"LineString","coordinates":[[4.0564,47.5445],[4.0534,47.5453],[4.0493,47.5443],[4.0457,47.5446],[4.0456,47.5457],[4.0434,47.5468],[4.0445,47.5477],[4.0429,47.5474],[4.0404,47.5486],[4.0405,47.5500],[4.0382,47.5494],[4.0373,47.5507],[4.0345,47.5497]]}},{"type":"Feature","properties":{"name":"Le Serein"},"geometry":{"type":"LineString","coordinates":[[4.0873,47.5251],[4.0841,47.5231],[4.0817,47.5250],[4.0825,47.5269],[4.0770,47.5272]]}},{"type":"Feature","properties":{"name":"Le Serein"},"geometry":{"type":"LineString","coordinates":[[4.0770,47.5272],[4.0763,47.5272]]}},{"type":"Feature","properties":{"name":"Le Serein"},"geometry":{"type":"LineString","coordinates":[[4.0602,47.5422],[4.0564,47.5445]]}},{"type":"Feature","properties":{"name":"Le Serein"},"geometry":{"type":"LineString","coordinates":[[4.1207,47.4778],[4.1182,47.4787]]}},{"type":"Feature","properties":{"name":"Le Serein"},"geometry":{"type":"LineString","coordinates":[[3.5793,47.9234],[3.5765,47.9241],[3.5747,47.9260],[3.5715,47.9264]]}},{"type":"Feature","properties":{"name":"Le Serein"},"geometry":{"type":"LineString","coordinates":[[4.0345,47.5497],[4.0339,47.5503],[4.0347,47.5510],[4.0328,47.5521],[4.0326,47.5539],[4.0311,47.5542],[4.0326,47.5549],[4.0319,47.5552]]}},{"type":"Feature","properties":{"name":"Le Serein"},"geometry":{"type":"LineString","coordinates":[[4.0727,47.5294],[4.0702,47.5297],[4.0670,47.5333]]}},{"type":"Feature","properties":{"name":"Le Serein"},"geometry":{"type":"LineString","coordinates":[[4.0670,47.5333],[4.0626,47.5362],[4.0626,47.5388],[4.0587,47.5400],[4.0588,47.5420],[4.0602,47.5422]]}},{"type":"Feature","properties":{"name":"Le Serein"},"geometry":{"type":"LineString","coordinates":[[4.0758,47.5282],[4.0727,47.5294]]}},{"type":"Feature","properties":{"name":"Le Serein"},"geometry":{"type":"LineString","coordinates":[[4.0761,47.5278],[4.0761,47.5280]]}},{"type":"Feature","properties":{"name":"Le Serein"},"geometry":{"type":"LineString","coordinates":[[4.0884,47.5251],[4.0822,47.5271]]}},{"type":"Feature","properties":{"name":"Le Serein"},"geometry":{"type":"LineString","coordinates":[[4.0907,47.5175],[4.0945,47.5196],[4.0951,47.5238],[4.0924,47.5235],[4.0918,47.5246],[4.0873,47.5251]]}},{"type":"Feature","properties":{"name":"Le Serein"},"geometry":{"type":"LineString","coordinates":[[4.0144,47.5760],[4.0076,47.5792],[4.0047,47.5785]]}},{"type":"Feature","properties":{"name":"Le Serein"},"geometry":{"type":"LineString","coordinates":[[4.1177,47.5061],[4.1172,47.5121],[4.1142,47.5148]]}},{"type":"Feature","properties":{"name":"Le Serein"},"geometry":{"type":"LineString","coordinates":[[3.8083,47.8073],[3.8062,47.8094],[3.8070,47.8105],[3.8057,47.8112],[3.8052,47.8135],[3.8026,47.8150],[3.8002,47.8183],[3.8015,47.8196],[3.8013,47.8211],[3.7961,47.8229],[3.7875,47.8228],[3.7858,47.8237],[3.7849,47.8262],[3.7777,47.8272],[3.7775,47.8292],[3.7740,47.8287],[3.7722,47.8296],[3.7722,47.8308],[3.7691,47.8322],[3.7698,47.8333],[3.7681,47.8353],[3.7671,47.8386],[3.7700,47.8398],[3.7659,47.8428],[3.7658,47.8441],[3.7673,47.8472],[3.7733,47.8491],[3.7693,47.8509],[3.7708,47.8525],[3.7682,47.8548],[3.7693,47.8561],[3.7687,47.8571],[3.7654,47.8572],[3.7646,47.8611],[3.7621,47.8620],[3.7619,47.8632],[3.7606,47.8636],[3.7611,47.8647],[3.7578,47.8658],[3.7586,47.8667],[3.7575,47.8696],[3.7582,47.8710],[3.7573,47.8741],[3.7581,47.8751],[3.7578,47.8770],[3.7551,47.8783],[3.7570,47.8799],[3.7571,47.8819]]}},{"type":"Feature","properties":{"name":"Le Serein"},"geometry":{"type":"LineString","coordinates":[[4.1142,47.5148],[4.1113,47.5161],[4.1088,47.5158],[4.1082,47.5144],[4.1052,47.5134],[4.1029,47.5114],[4.0965,47.5135],[4.0910,47.5119],[4.0889,47.5157],[4.0907,47.5175]]}},{"type":"Feature","properties":{"name":"Le Serein"},"geometry":{"type":"LineString","coordinates":[[4.1235,47.4905],[4.1259,47.4910],[4.1274,47.4936],[4.1241,47.4969],[4.1196,47.4996],[4.1176,47.5042],[4.1177,47.5061]]}},{"type":"Feature","properties":{"name":"Le Serein"},"geometry":{"type":"LineString","coordinates":[[4.0012,47.5934],[3.9986,47.5951],[3.9956,47.5940],[3.9887,47.5951],[3.9891,47.5987],[3.9904,47.6005],[3.9894,47.6038],[3.9862,47.6043],[3.9860,47.6053],[3.9825,47.6062],[3.9829,47.6069],[3.9815,47.6077],[3.9834,47.6106],[3.9865,47.6125],[3.9866,47.6142],[3.9848,47.6150]]}},{"type":"Feature","properties":{"name":"Le Serein"},"geometry":{"type":"LineString","coordinates":[[3.7571,47.8819],[3.7542,47.8839],[3.7548,47.8858],[3.7565,47.8861],[3.7557,47.8891],[3.7541,47.8896],[3.7547,47.8902],[3.7543,47.8914],[3.7520,47.8909],[3.7517,47.8919],[3.7529,47.8922],[3.7530,47.8932],[3.7479,47.8977],[3.7508,47.8991],[3.7509,47.9010],[3.7494,47.9033],[3.7443,47.9053],[3.7434,47.9067],[3.7370,47.9092],[3.7342,47.9093],[3.7320,47.9077],[3.7297,47.9081],[3.7292,47.9098],[3.7309,47.9092],[3.7323,47.9108],[3.7298,47.9122],[3.7255,47.9115],[3.7243,47.9095],[3.7230,47.9093],[3.7189,47.9113],[3.7128,47.9121],[3.7072,47.9171],[3.6957,47.9215],[3.6966,47.9224],[3.6956,47.9233],[3.6903,47.9240],[3.6856,47.9213],[3.6848,47.9218],[3.6852,47.9228],[3.6814,47.9226]]}},{"type":"Feature","properties":{"name":"Le Serein"},"geometry":{"type":"LineString","coordinates":[[3.5715,47.9264],[3.5689,47.9260],[3.5663,47.9242],[3.5600,47.9251],[3.5536,47.9213],[3.5504,47.9209],[3.5457,47.9221],[3.5400,47.9219],[3.5401,47.9243],[3.5385,47.9255],[3.5363,47.9247],[3.5370,47.9223],[3.5363,47.9217],[3.5273,47.9216],[3.5254,47.9233],[3.5243,47.9225]]}},{"type":"Feature","properties":{"name":"Le Serein"},"geometry":{"type":"LineString","coordinates":[[4.0319,47.5552],[4.0288,47.5565],[4.0297,47.5573],[4.0277,47.5585],[4.0282,47.5595],[4.0269,47.5605],[4.0272,47.5614],[4.0259,47.5611],[4.0242,47.5626],[4.0244,47.5640],[4.0264,47.5649],[4.0262,47.5671],[4.0247,47.5680],[4.0255,47.5710],[4.0200,47.5703],[4.0142,47.5656],[4.0092,47.5676],[4.0092,47.5700],[4.0120,47.5712],[4.0119,47.5723],[4.0144,47.5760]]}},{"type":"Feature","properties":{"name":"Le Serein"},"geometry":{"type":"LineString","coordinates":[[3.6261,47.9165],[3.6232,47.9168],[3.6211,47.9153],[3.6193,47.9159]]}},{"type":"Feature","properties":{"name":"Le Serein"},"geometry":{"type":"LineString","coordinates":[[3.6814,47.9226],[3.6764,47.9228],[3.6740,47.9201],[3.6731,47.9166],[3.6699,47.9144],[3.6660,47.9141],[3.6657,47.9159]]}},{"type":"Feature","properties":{"name":"Le Serein"},"geometry":{"type":"LineString","coordinates":[[3.6657,47.9159],[3.6651,47.9174],[3.6615,47.9175],[3.6620,47.9186],[3.6538,47.9193],[3.6526,47.9206],[3.6453,47.9204],[3.6434,47.9172],[3.6404,47.9189],[3.6400,47.9210],[3.6377,47.9186],[3.6364,47.9196],[3.6341,47.9192],[3.6342,47.9184],[3.6309,47.9171],[3.6300,47.9152],[3.6261,47.9165]]}},{"type":"Feature","properties":{"name":"Le Serein"},"geometry":{"type":"LineString","coordinates":[[3.6193,47.9159],[3.6144,47.9173],[3.6077,47.9224],[3.6046,47.9216],[3.5980,47.9217],[3.5960,47.9254],[3.5888,47.9251],[3.5873,47.9233],[3.5793,47.9234]]}},{"type":"Feature","properties":{"name":"Le Serein"},"geometry":{"type":"LineString","coordinates":[[4.3690,47.2895],[4.3659,47.2917],[4.3639,47.2921],[4.3611,47.2909],[4.3582,47.2923],[4.3582,47.2941],[4.3595,47.2956],[4.3591,47.2968],[4.3528,47.3006],[4.3533,47.3016],[4.3518,47.3034],[4.3525,47.3045],[4.3497,47.3058],[4.3490,47.3071],[4.3500,47.3074],[4.3481,47.3079],[4.3480,47.3089],[4.3462,47.3100],[4.3481,47.3108],[4.3472,47.3112],[4.3480,47.3124],[4.3467,47.3129],[4.3473,47.3155],[4.3461,47.3154],[4.3452,47.3178],[4.3443,47.3178],[4.3450,47.3191],[4.3391,47.3210],[4.3352,47.3254],[4.3268,47.3264],[4.3277,47.3270],[4.3270,47.3277],[4.3244,47.3291],[4.3218,47.3326],[4.3186,47.3338],[4.3186,47.3347]]}},{"type":"Feature","properties":{"name":"Le Serein"},"geometry":{"type":"LineString","coordinates":[[4.3116,47.3781],[4.3122,47.3790],[4.3111,47.3799],[4.3113,47.3808],[4.3096,47.3805],[4.3077,47.3830],[4.3058,47.3820],[4.3053,47.3835],[4.3040,47.3839],[4.3051,47.3844],[4.3032,47.3844],[4.3040,47.3858],[4.3030,47.3863],[4.3048,47.3875],[4.3025,47.3879],[4.3036,47.3889],[4.3033,47.3898],[4.3010,47.3912],[4.3011,47.3922],[4.3034,47.3933],[4.2993,47.3963],[4.3051,47.4041],[4.3031,47.4045],[4.3023,47.4061],[4.2993,47.4075],[4.2970,47.4114],[4.2950,47.4113],[4.2926,47.4146],[4.2904,47.4151],[4.2901,47.4163],[4.2917,47.4189],[4.2912,47.4198],[4.2894,47.4189],[4.2892,47.4203],[4.2878,47.4207],[4.2803,47.4163],[4.2758,47.4168],[4.2760,47.4182],[4.2771,47.4186],[4.2752,47.4197],[4.2752,47.4222],[4.2729,47.4245],[4.2737,47.4255],[4.2667,47.4309],[4.2674,47.4315],[4.2663,47.4334],[4.2691,47.4340],[4.2692,47.4351],[4.2656,47.4373],[4.2601,47.4346],[4.2554,47.4361],[4.2597,47.4407],[4.2633,47.4418],[4.2622,47.4433],[4.2603,47.4431],[4.2597,47.4417],[4.2572,47.4406],[4.2522,47.4411],[4.2492,47.4403],[4.2492,47.4434],[4.2515,47.4451],[4.2522,47.4471],[4.2499,47.4493],[4.2437,47.4506],[4.2405,47.4495],[4.2369,47.4516],[4.2378,47.4530],[4.2372,47.4538],[4.2346,47.4532],[4.2324,47.4558],[4.2266,47.4542],[4.2255,47.4555],[4.2216,47.4562],[4.2208,47.4542],[4.2189,47.4541],[4.2186,47.4528],[4.2148,47.4512],[4.2063,47.4502],[4.2060,47.4483],[4.2099,47.4472],[4.2111,47.4454],[4.2164,47.4471],[4.2172,47.4460],[4.2149,47.4436],[4.2085,47.4409],[4.2071,47.4430],[4.2082,47.4445],[4.2078,47.4459],[4.2049,47.4453],[4.2064,47.4376],[4.2023,47.4362],[4.1969,47.4385],[4.1962,47.4376],[4.1966,47.4354],[4.1958,47.4350],[4.1923,47.4376],[4.1894,47.4383],[4.1882,47.4376],[4.1883,47.4352],[4.1867,47.4346],[4.1855,47.4357],[4.1856,47.4380],[4.1874,47.4400],[4.1856,47.4416],[4.1823,47.4421],[4.1803,47.4396],[4.1790,47.4393],[4.1742,47.4438],[4.1651,47.4420],[4.1646,47.4435],[4.1686,47.4452],[4.1693,47.4476],[4.1675,47.4489],[4.1651,47.4481],[4.1628,47.4496],[4.1619,47.4488],[4.1619,47.4458],[4.1591,47.4454],[4.1566,47.4468],[4.1561,47.4497],[4.1549,47.4511],[4.1499,47.4538],[4.1539,47.4556],[4.1544,47.4584],[4.1498,47.4573],[4.1459,47.4583],[4.1422,47.4566],[4.1404,47.4574],[4.1385,47.4608],[4.1347,47.4643],[4.1362,47.4680],[4.1335,47.4684],[4.1301,47.4646],[4.1284,47.4660]]}},{"type":"Feature","properties":{"name":"Le Serein"},"geometry":{"type":"LineString","coordinates":[[4.0013,47.5854],[4.0032,47.5877],[4.0016,47.5891]]}},{"type":"Feature","properties":{"name":"Le Serein"},"geometry":{"type":"LineString","coordinates":[[3.5979,47.9219],[3.5964,47.9213],[3.5876,47.9235]]}},{"type":"Feature","properties":{"name":"Le Serein"},"geometry":{"type":"LineString","coordinates":[[3.8080,47.8092],[3.8091,47.8096],[3.8090,47.8111],[3.8052,47.8135]]}},{"type":"Feature","properties":{"name":"Le Serein"},"geometry":{"type":"LineString","coordinates":[[3.8080,47.8092],[3.8070,47.8104]]}},{"type":"Feature","properties":{"name":"Le Serein"},"geometry":{"type":"LineString","coordinates":[[3.8085,47.8071],[3.8080,47.8092]]}},{"type":"Feature","properties":{"name":"Le Serein"},"geometry":{"type":"LineString","coordinates":[[4.3816,47.2765],[4.3783,47.2785],[4.3770,47.2817],[4.3745,47.2835],[4.3734,47.2832],[4.3742,47.2840],[4.3722,47.2851],[4.3727,47.2857],[4.3715,47.2880],[4.3690,47.2895]]}},{"type":"Feature","properties":{"name":"Le Serein"},"geometry":{"type":"LineString","coordinates":[[4.3186,47.3347],[4.3186,47.3348]]}},{"type":"Feature","properties":{"name":"Le Serein"},"geometry":{"type":"LineString","coordinates":[[4.3186,47.3348],[4.3175,47.3407],[4.3142,47.3422],[4.3132,47.3437],[4.3109,47.3441],[4.3099,47.3450],[4.3104,47.3468],[4.3091,47.3477],[4.3116,47.3487],[4.3111,47.3503],[4.3118,47.3526],[4.3097,47.3528],[4.3118,47.3564],[4.3123,47.3596],[4.3172,47.3644],[4.3166,47.3653],[4.3150,47.3650],[4.3142,47.3673],[4.3122,47.3674],[4.3113,47.3704],[4.3074,47.3735],[4.3070,47.3763],[4.3116,47.3781]]}},{"type":"Feature","properties":{"name":"Le Serein"},"geometry":{"type":"LineString","coordinates":[[4.3185,47.3346],[4.3181,47.3352]]}},{"type":"Feature","properties":{"name":"Le Serein"},"geometry":{"type":"LineString","coordinates":[[4.1284,47.4660],[4.1262,47.4675],[4.1303,47.4712],[4.1302,47.4747],[4.1261,47.4738],[4.1256,47.4777],[4.1207,47.4778]]}},{"type":"Feature","properties":{"name":"Le Serein"},"geometry":{"type":"LineString","coordinates":[[4.3116,47.3781],[4.3131,47.3802],[4.3118,47.3816],[4.3091,47.3810]]}},{"type":"Feature","properties":{"name":"Le Serein"},"geometry":{"type":"LineString","coordinates":[[4.0254,47.5702],[4.0220,47.5708]]}},{"type":"Feature","properties":{"name":"Le Serein"},"geometry":{"type":"LineString","coordinates":[[3.7680,47.8572],[3.7680,47.8603],[3.7644,47.8640],[3.7627,47.8675],[3.7585,47.8683]]}},{"type":"Feature","properties":{"name":"Le Serein"},"geometry":{"type":"LineString","coordinates":[[4.0253,47.5431],[4.0254,47.5432]]}},{"type":"Feature","properties":{"name":"Le Serein"},"geometry":{"type":"LineString","coordinates":[[4.0254,47.5432],[4.0254,47.5431]]}},{"type":"Feature","properties":{"name":"Le Serein"},"geometry":{"type":"LineString","coordinates":[[3.9848,47.6150],[3.9843,47.6150]]}},{"type":"Feature","properties":{"name":"Le Serein"},"geometry":{"type":"LineString","coordinates":[[4.0949,47.5131],[4.0926,47.5124]]}},{"type":"Feature","properties":{"name":"Le Serein"},"geometry":{"type":"LineString","coordinates":[[4.1074,47.5148],[4.1073,47.5147]]}},{"type":"Feature","properties":{"name":"Le Serein"},"geometry":{"type":"LineString","coordinates":[[4.1081,47.5153],[4.1074,47.5148]]}},{"type":"Feature","properties":{"name":"Le Serein"},"geometry":{"type":"LineString","coordinates":[[4.1073,47.5147],[4.1063,47.5137]]}},{"type":"Feature","properties":{"name":"Le Serein"},"geometry":{"type":"LineString","coordinates":[[4.1141,47.5150],[4.1140,47.5152]]}},{"type":"Feature","properties":{"name":"Le Serein"},"geometry":{"type":"LineString","coordinates":[[4.1142,47.5148],[4.1141,47.5150]]}},{"type":"Feature","properties":{"name":"Le Serein"},"geometry":{"type":"LineString","coordinates":[[3.9474,47.7305],[3.9449,47.7300],[3.9439,47.7309]]}},{"type":"Feature","properties":{"name":"Le Serein"},"geometry":{"type":"LineString","coordinates":[[3.9763,47.7101],[3.9706,47.7144],[3.9718,47.7157],[3.9710,47.7184],[3.9735,47.7232],[3.9718,47.7249],[3.9696,47.7251],[3.9695,47.7273],[3.9669,47.7303],[3.9624,47.7289],[3.9593,47.7268],[3.9576,47.7275],[3.9556,47.7267],[3.9534,47.7275],[3.9506,47.7322],[3.9493,47.7321],[3.9494,47.7303],[3.9478,47.7305]]}},{"type":"Feature","properties":{"name":"Le Serein"},"geometry":{"type":"LineString","coordinates":[[3.9534,47.7275],[3.9523,47.7281]]}},{"type":"Feature","properties":{"name":"Le Serein"},"geometry":{"type":"LineString","coordinates":[[4.0177,47.6824],[4.0203,47.6845],[4.0205,47.6862],[4.0150,47.6901],[4.0111,47.6907],[4.0063,47.6900],[4.0038,47.6933],[4.0044,47.6957],[4.0034,47.6989],[4.0005,47.6998],[3.9980,47.6992],[3.9968,47.6977],[3.9965,47.6947],[3.9933,47.6933],[3.9904,47.6953],[3.9917,47.6977],[3.9956,47.7005],[3.9942,47.7007],[3.9926,47.7048],[3.9819,47.7058],[3.9763,47.7101]]}},{"type":"Feature","properties":{"name":"Le Serein"},"geometry":{"type":"LineString","coordinates":[[3.9866,47.6490],[3.9873,47.6500],[3.9908,47.6500],[3.9932,47.6489],[3.9931,47.6474],[3.9960,47.6453],[3.9987,47.6484],[3.9982,47.6498],[3.9953,47.6508],[3.9922,47.6542],[3.9906,47.6543],[3.9896,47.6550],[3.9902,47.6557],[3.9871,47.6564],[3.9841,47.6589],[3.9843,47.6601],[3.9861,47.6608],[3.9934,47.6593],[3.9972,47.6598],[3.9975,47.6614],[3.9938,47.6646],[3.9918,47.6680],[3.9919,47.6697],[3.9939,47.6710],[3.9979,47.6708],[4.0010,47.6721],[4.0027,47.6752],[4.0026,47.6788],[4.0070,47.6821],[4.0127,47.6814],[4.0141,47.6819],[4.0126,47.6828],[4.0134,47.6832],[4.0177,47.6824]]}},{"type":"Feature","properties":{"name":"Le Serein"},"geometry":{"type":"LineString","coordinates":[[3.9843,47.6150],[3.9768,47.6158],[3.9762,47.6164],[3.9781,47.6167],[3.9753,47.6219],[3.9767,47.6242],[3.9768,47.6326],[3.9788,47.6333],[3.9790,47.6355],[3.9807,47.6368],[3.9806,47.6387],[3.9769,47.6414],[3.9770,47.6428],[3.9804,47.6435],[3.9836,47.6422],[3.9841,47.6411],[3.9871,47.6411],[3.9886,47.6433],[3.9870,47.6459],[3.9853,47.6467],[3.9866,47.6490]]}},{"type":"Feature","properties":{"name":"Le Serein"},"geometry":{"type":"LineString","coordinates":[[3.8122,47.8038],[3.8127,47.8041]]}},{"type":"Feature","properties":{"name":"Le Serein"},"geometry":{"type":"LineString","coordinates":[[3.8101,47.8050],[3.8113,47.8054]]}},{"type":"Feature","properties":{"name":"Le Serein"},"geometry":{"type":"LineString","coordinates":[[3.8070,47.8088],[3.8080,47.8092]]}},{"type":"Feature","properties":{"name":"Le Serein"},"geometry":{"type":"LineString","coordinates":[[3.8058,47.8104],[3.8053,47.8124]]}},{"type":"Feature","properties":{"name":"Bras du Serein"},"geometry":{"type":"LineString","coordinates":[[3.7566,47.8828],[3.7577,47.8836],[3.7586,47.8878],[3.7554,47.8925],[3.7532,47.8933],[3.7530,47.8948],[3.7560,47.8990]]}},{"type":"Feature","properties":{"name":"Bras du Serein"},"geometry":{"type":"LineString","coordinates":[[3.7529,47.9015],[3.7492,47.9034]]}},{"type":"Feature","properties":{"name":"Bras du Serein"},"geometry":{"type":"LineString","coordinates":[[4.1325,47.4665],[4.1285,47.4659]]}},{"type":"Feature","properties":{"name":"Bras du Serein"},"geometry":{"type":"LineString","coordinates":[[3.7560,47.8990],[3.7532,47.9015]]}},{"type":"Feature","properties":{"name":"Bras du Serein"},"geometry":{"type":"LineString","coordinates":[[3.7532,47.9015],[3.7530,47.9015]]}},{"type":"Feature","properties":{"name":"Bras du Serein"},"geometry":{"type":"LineString","coordinates":[[3.7530,47.9015],[3.7529,47.9015]]}},{"type":"Feature","properties":{"name":"Bras du Serein"},"geometry":{"type":"LineString","coordinates":[[3.7532,47.9015],[3.7532,47.9015]]}},{"type":"Feature","properties":{"name":"Bras du Serein"},"geometry":{"type":"LineString","coordinates":[[3.8108,47.8059],[3.8088,47.8069]]}},{"type":"Feature","properties":{"name":"Bras du Serein"},"geometry":{"type":"LineString","coordinates":[[3.8109,47.8059],[3.8108,47.8059]]}},{"type":"Feature","properties":{"name":"Bras du Serein"},"geometry":{"type":"LineString","coordinates":[[3.8067,47.8108],[3.8076,47.8118]]}},{"type":"Feature","properties":{"name":"Bras du Serein"},"geometry":{"type":"LineString","coordinates":[[3.8093,47.8068],[3.8096,47.8070]]}},{"type":"Feature","properties":{"name":"Bras du Serein"},"geometry":{"type":"LineString","coordinates":[[3.8096,47.8066],[3.8090,47.8075]]}},{"type":"Feature","properties":{"name":"Bras du Serein"},"geometry":{"type":"LineString","coordinates":[[3.8138,47.8032],[3.8109,47.8059]]}},{"type":"Feature","properties":{"name":"L\u0027Armançon"},"geometry":{"type":"LineString","coordinates":[[4.1034,47.7736],[4.1042,47.7746],[4.1024,47.7784],[4.0955,47.7785],[4.0925,47.7805],[4.0889,47.7797],[4.0765,47.7810]]}},{"type":"Feature","properties":{"name":"L\u0027Armançon"},"geometry":{"type":"LineString","coordinates":[[4.0765,47.7810],[4.0744,47.7809],[4.0736,47.7824],[4.0710,47.7835]]}},{"type":"Feature","properties":{"name":"L\u0027Armançon"},"geometry":{"type":"LineString","coordinates":[[4.1382,47.7651],[4.1349,47.7639],[4.1301,47.7659],[4.1185,47.7621],[4.1159,47.7635],[4.1131,47.7626],[4.1122,47.7628],[4.1129,47.7637],[4.1114,47.7656],[4.1065,47.7655],[4.1031,47.7670],[4.1037,47.7682],[4.1026,47.7690],[4.1039,47.7696]]}},{"type":"Feature","properties":{"name":"L\u0027Armançon"},"geometry":{"type":"LineString","coordinates":[[3.9815,47.8583],[3.9796,47.8581],[3.9781,47.8593],[3.9657,47.8632],[3.9645,47.8646],[3.9651,47.8688],[3.9614,47.8755],[3.9581,47.8780]]}},{"type":"Feature","properties":{"name":"L\u0027Armançon"},"geometry":{"type":"LineString","coordinates":[[3.7939,47.9753],[3.7986,47.9759],[3.7999,47.9772],[3.7995,47.9795],[3.7950,47.9826],[3.7906,47.9826],[3.7878,47.9871],[3.7772,47.9917],[3.7712,47.9928],[3.7668,47.9918],[3.7654,47.9900],[3.7685,47.9852],[3.7654,47.9831],[3.7634,47.9836],[3.7637,47.9876],[3.7613,47.9873],[3.7564,47.9915],[3.7504,47.9932],[3.7493,47.9928],[3.7498,47.9914]]}},{"type":"Feature","properties":{"name":"L\u0027Armançon"},"geometry":{"type":"LineString","coordinates":[[4.2558,47.6146],[4.2557,47.6165],[4.2601,47.6224],[4.2597,47.6241],[4.2605,47.6248],[4.2613,47.6242],[4.2621,47.6252],[4.2620,47.6265],[4.2609,47.6270],[4.2626,47.6279],[4.2621,47.6302],[4.2648,47.6318],[4.2638,47.6327],[4.2676,47.6339],[4.2667,47.6368],[4.2623,47.6371],[4.2596,47.6397],[4.2597,47.6411],[4.2621,47.6422],[4.2669,47.6419],[4.2684,47.6398],[4.2719,47.6387],[4.2759,47.6425],[4.2760,47.6437],[4.2736,47.6470],[4.2719,47.6467],[4.2683,47.6496],[4.2614,47.6473],[4.2543,47.6497],[4.2529,47.6519],[4.2538,47.6569],[4.2516,47.6594],[4.2430,47.6634],[4.2391,47.6639],[4.2375,47.6660],[4.2351,47.6662],[4.2327,47.6678],[4.2298,47.6668]]}},{"type":"Feature","properties":{"name":"L\u0027Armançon"},"geometry":{"type":"LineString","coordinates":[[4.0710,47.7835],[4.0701,47.7867]]}},{"type":"Feature","properties":{"name":"L\u0027Armançon"},"geometry":{"type":"LineString","coordinates":[[3.6043,47.9852],[3.5929,47.9874],[3.5893,47.9848],[3.5874,47.9802],[3.5835,47.9764],[3.5698,47.9767],[3.5578,47.9718],[3.5508,47.9718],[3.5492,47.9680],[3.5534,47.9645],[3.5541,47.9622],[3.5537,47.9606],[3.5515,47.9591],[3.5481,47.9593],[3.5498,47.9623],[3.5487,47.9633],[3.5452,47.9605],[3.5379,47.9592],[3.5352,47.9561],[3.5292,47.9562],[3.5236,47.9582],[3.5190,47.9581],[3.5119,47.9530],[3.5109,47.9488],[3.5091,47.9481],[3.5071,47.9485],[3.5091,47.9506],[3.5075,47.9528]]}},{"type":"Feature","properties":{"name":"L\u0027Armançon"},"geometry":{"type":"LineString","coordinates":[[3.6168,47.9845],[3.6141,47.9843],[3.6121,47.9857]]}},{"type":"Feature","properties":{"name":"L\u0027Armançon"},"geometry":{"type":"LineString","coordinates":[[4.2321,47.6834],[4.2324,47.6862],[4.2390,47.6887],[4.2456,47.6929],[4.2442,47.6942],[4.2444,47.6967],[4.2425,47.6966],[4.2405,47.7012],[4.2396,47.7045],[4.2406,47.7066]]}},{"type":"Feature","properties":{"name":"L\u0027Armançon"},"geometry":{"type":"LineString","coordinates":[[4.2396,47.7045],[4.2392,47.7058],[4.2404,47.7069]]}},{"type":"Feature","properties":{"name":"L\u0027Armançon"},"geometry":{"type":"LineString","coordinates":[[4.2381,47.6888],[4.2397,47.6893]]}},{"type":"Feature","properties":{"name":"L\u0027Armançon"},"geometry":{"type":"LineString","coordinates":[[4.0701,47.7867],[4.0721,47.7881],[4.0720,47.7892],[4.0702,47.7897],[4.0721,47.7925],[4.0812,47.7978],[4.0817,47.7991],[4.0918,47.7979],[4.1061,47.8018],[4.1141,47.8017],[4.1171,47.8028],[4.1183,47.8046],[4.1178,47.8067],[4.1191,47.8099],[4.1185,47.8120],[4.1171,47.8142],[4.1139,47.8148],[4.1104,47.8194]]}},{"type":"Feature","properties":{"name":"L\u0027Armançon"},"geometry":{"type":"LineString","coordinates":[[3.8118,47.9588],[3.8091,47.9595],[3.8049,47.9630]]}},{"type":"Feature","properties":{"name":"L\u0027Armançon"},"geometry":{"type":"LineString","coordinates":[[3.8935,47.9294],[3.8891,47.9327],[3.8891,47.9337],[3.8903,47.9351],[3.8944,47.9356],[3.8944,47.9370],[3.8914,47.9391],[3.8876,47.9398],[3.8857,47.9417],[3.8858,47.9432],[3.8785,47.9419],[3.8787,47.9429],[3.8808,47.9439],[3.8790,47.9457],[3.8694,47.9474],[3.8654,47.9460],[3.8655,47.9474],[3.8572,47.9493],[3.8498,47.9528],[3.8390,47.9533],[3.8356,47.9565],[3.8295,47.9593],[3.8267,47.9590],[3.8230,47.9569],[3.8241,47.9538],[3.8224,47.9533],[3.8174,47.9545],[3.8151,47.9580],[3.8118,47.9588]]}},{"type":"Feature","properties":{"name":"L\u0027Armançon"},"geometry":{"type":"LineString","coordinates":[[3.8049,47.9630],[3.8020,47.9664],[3.8006,47.9700],[3.7990,47.9711],[3.7911,47.9701],[3.7882,47.9717],[3.7868,47.9743],[3.7894,47.9764],[3.7939,47.9753]]}},{"type":"Feature","properties":{"name":"L\u0027Armançon"},"geometry":{"type":"LineString","coordinates":[[3.9162,47.9293],[3.9114,47.9265],[3.9059,47.9270],[3.9045,47.9249],[3.9017,47.9257],[3.8989,47.9280],[3.8935,47.9294]]}},{"type":"Feature","properties":{"name":"L\u0027Armançon"},"geometry":{"type":"LineString","coordinates":[[4.1712,47.7656],[4.1578,47.7694],[4.1507,47.7659],[4.1445,47.7662],[4.1382,47.7651]]}},{"type":"Feature","properties":{"name":"L\u0027Armançon"},"geometry":{"type":"LineString","coordinates":[[4.3326,47.4968],[4.3329,47.4977],[4.3392,47.4981],[4.3383,47.5021],[4.3360,47.5038]]}},{"type":"Feature","properties":{"name":"L\u0027Armançon"},"geometry":{"type":"LineString","coordinates":[[4.2332,47.7142],[4.2239,47.7107],[4.2198,47.7124],[4.2137,47.7177],[4.2131,47.7220],[4.2158,47.7283]]}},{"type":"Feature","properties":{"name":"L\u0027Armançon"},"geometry":{"type":"LineString","coordinates":[[4.2298,47.6668],[4.2282,47.6676],[4.2282,47.6689],[4.2256,47.6711],[4.2251,47.6729],[4.2234,47.6734],[4.2248,47.6753],[4.2233,47.6754],[4.2255,47.6760],[4.2261,47.6786],[4.2293,47.6820],[4.2321,47.6834]]}},{"type":"Feature","properties":{"name":"L\u0027Armançon"},"geometry":{"type":"LineString","coordinates":[[3.7421,47.9903],[3.7394,47.9889],[3.7369,47.9911],[3.7373,47.9935],[3.7305,47.9932],[3.7273,47.9916],[3.7245,47.9921],[3.7205,47.9886],[3.7194,47.9851],[3.7179,47.9847],[3.7171,47.9863],[3.7155,47.9863],[3.7145,47.9827],[3.7111,47.9804],[3.7057,47.9805],[3.7059,47.9779],[3.7044,47.9766],[3.6992,47.9788],[3.6950,47.9792],[3.6929,47.9780],[3.6921,47.9795],[3.6881,47.9787],[3.6790,47.9814],[3.6649,47.9785],[3.6610,47.9736],[3.6585,47.9737],[3.6555,47.9762],[3.6464,47.9730],[3.6447,47.9748],[3.6418,47.9746]]}},{"type":"Feature","properties":{"name":"L\u0027Armançon"},"geometry":{"type":"LineString","coordinates":[[3.7498,47.9914],[3.7489,47.9902],[3.7436,47.9885],[3.7426,47.9888],[3.7431,47.9902],[3.7421,47.9903]]}},{"type":"Feature","properties":{"name":"L\u0027Armançon"},"geometry":{"type":"LineString","coordinates":[[4.3680,47.4349],[4.3648,47.4342],[4.3635,47.4362],[4.3595,47.4382],[4.3589,47.4405],[4.3569,47.4411],[4.3549,47.4435],[4.3504,47.4443],[4.3493,47.4460],[4.3512,47.4477],[4.3547,47.4484],[4.3570,47.4517],[4.3557,47.4525],[4.3526,47.4523],[4.3545,47.4570],[4.3502,47.4602],[4.3594,47.4685]]}},{"type":"Feature","properties":{"name":"L\u0027Armançon"},"geometry":{"type":"LineString","coordinates":[[4.2640,47.5900],[4.2647,47.5921],[4.2661,47.5926],[4.2639,47.5940],[4.2650,47.5969],[4.2617,47.5982]]}},{"type":"Feature","properties":{"name":"L\u0027Armançon"},"geometry":{"type":"LineString","coordinates":[[4.2593,47.5755],[4.2562,47.5771],[4.2582,47.5790],[4.2616,47.5799],[4.2618,47.5808],[4.2614,47.5820],[4.2595,47.5824],[4.2601,47.5840],[4.2585,47.5842],[4.2588,47.5856],[4.2576,47.5860],[4.2585,47.5876],[4.2620,47.5878],[4.2621,47.5896],[4.2640,47.5900]]}},{"type":"Feature","properties":{"name":"L\u0027Armançon"},"geometry":{"type":"LineString","coordinates":[[4.2601,47.5572],[4.2601,47.5600],[4.2579,47.5605],[4.2566,47.5638],[4.2583,47.5673],[4.2613,47.5690],[4.2616,47.5721],[4.2593,47.5755]]}},{"type":"Feature","properties":{"name":"L\u0027Armançon"},"geometry":{"type":"LineString","coordinates":[[4.2742,47.5472],[4.2694,47.5529],[4.2620,47.5552],[4.2598,47.5565],[4.2601,47.5572]]}},{"type":"Feature","properties":{"name":"L\u0027Armançon"},"geometry":{"type":"LineString","coordinates":[[4.2874,47.5399],[4.2827,47.5408],[4.2798,47.5441],[4.2771,47.5449],[4.2761,47.5464],[4.2742,47.5472]]}},{"type":"Feature","properties":{"name":"L\u0027Armançon"},"geometry":{"type":"LineString","coordinates":[[4.3360,47.5038],[4.3358,47.5057],[4.3344,47.5067],[4.3321,47.5036],[4.3300,47.5033],[4.3268,47.5045],[4.3280,47.5063],[4.3275,47.5078],[4.3349,47.5110],[4.3352,47.5130],[4.3314,47.5138],[4.3306,47.5126],[4.3293,47.5126],[4.3252,47.5137],[4.3244,47.5132],[4.3245,47.5119],[4.3235,47.5117],[4.3164,47.5148],[4.3128,47.5145],[4.3089,47.5176],[4.3052,47.5176]]}},{"type":"Feature","properties":{"name":"L\u0027Armançon"},"geometry":{"type":"LineString","coordinates":[[4.3323,47.4820],[4.3323,47.4842],[4.3336,47.4859],[4.3313,47.4896],[4.3295,47.4897],[4.3271,47.4871],[4.3242,47.4888],[4.3262,47.4913],[4.3302,47.4916],[4.3326,47.4968]]}},{"type":"Feature","properties":{"name":"L\u0027Armançon"},"geometry":{"type":"LineString","coordinates":[[4.3444,47.4713],[4.3419,47.4726],[4.3413,47.4755],[4.3402,47.4760],[4.3370,47.4747],[4.3364,47.4728],[4.3347,47.4720],[4.3317,47.4740],[4.3306,47.4767],[4.3338,47.4786],[4.3334,47.4794],[4.3312,47.4792],[4.3323,47.4820]]}},{"type":"Feature","properties":{"name":"L\u0027Armançon"},"geometry":{"type":"LineString","coordinates":[[4.4208,47.3818],[4.4181,47.3829],[4.4147,47.3821],[4.4119,47.3831],[4.4115,47.3845],[4.4092,47.3849],[4.4048,47.3834],[4.4017,47.3858],[4.3975,47.3860],[4.3962,47.3869],[4.3967,47.3893],[4.3953,47.3910],[4.3953,47.3928],[4.3899,47.3951],[4.3917,47.3997],[4.3913,47.4015],[4.3880,47.4035],[4.3869,47.4028],[4.3844,47.4035],[4.3834,47.4053],[4.3845,47.4061],[4.3830,47.4066],[4.3857,47.4096],[4.3818,47.4113],[4.3807,47.4159],[4.3757,47.4163],[4.3748,47.4171],[4.3793,47.4199],[4.3783,47.4210],[4.3794,47.4228],[4.3775,47.4231],[4.3789,47.4254],[4.3771,47.4253],[4.3753,47.4305],[4.3688,47.4315],[4.3694,47.4327],[4.3680,47.4349]]}},{"type":"Feature","properties":{"name":"L\u0027Armançon"},"geometry":{"type":"LineString","coordinates":[[3.9581,47.8780],[3.9578,47.8791],[3.9596,47.8804],[3.9600,47.8825],[3.9576,47.8870],[3.9539,47.8894],[3.9521,47.8921]]}},{"type":"Feature","properties":{"name":"L\u0027Armançon"},"geometry":{"type":"LineString","coordinates":[[3.9521,47.8921],[3.9527,47.8943]]}},{"type":"Feature","properties":{"name":"L\u0027Armançon"},"geometry":{"type":"LineString","coordinates":[[3.9465,47.9009],[3.9434,47.9091],[3.9409,47.9121]]}},{"type":"Feature","properties":{"name":"L\u0027Armançon"},"geometry":{"type":"LineString","coordinates":[[3.9409,47.9121],[3.9403,47.9126]]}},{"type":"Feature","properties":{"name":"L\u0027Armançon"},"geometry":{"type":"LineString","coordinates":[[3.9403,47.9126],[3.9351,47.9146],[3.9247,47.9233]]}},{"type":"Feature","properties":{"name":"L\u0027Armançon"},"geometry":{"type":"LineString","coordinates":[[3.9480,47.9001],[3.9465,47.9009]]}},{"type":"Feature","properties":{"name":"L\u0027Armançon"},"geometry":{"type":"LineString","coordinates":[[4.2174,47.7307],[4.2140,47.7357],[4.2139,47.7376],[4.2153,47.7385],[4.2126,47.7390],[4.2117,47.7448],[4.2099,47.7465],[4.2099,47.7486],[4.2088,47.7496]]}},{"type":"Feature","properties":{"name":"L\u0027Armançon"},"geometry":{"type":"LineString","coordinates":[[4.2173,47.7296],[4.2173,47.7303]]}},{"type":"Feature","properties":{"name":"L\u0027Armançon"},"geometry":{"type":"LineString","coordinates":[[3.9527,47.8943],[3.9500,47.8970]]}},{"type":"Feature","properties":{"name":"L\u0027Armançon"},"geometry":{"type":"LineString","coordinates":[[4.2063,47.7501],[4.2034,47.7503],[4.2006,47.7488],[4.1967,47.7459],[4.1957,47.7430],[4.1892,47.7416],[4.1864,47.7436],[4.1804,47.7455],[4.1781,47.7452],[4.1794,47.7441],[4.1781,47.7436],[4.1700,47.7452]]}},{"type":"Feature","properties":{"name":"L\u0027Armançon"},"geometry":{"type":"LineString","coordinates":[[4.2070,47.7501],[4.2063,47.7501]]}},{"type":"Feature","properties":{"name":"L\u0027Armançon"},"geometry":{"type":"LineString","coordinates":[[3.9527,47.8943],[3.9504,47.8955],[3.9500,47.8970]]}},{"type":"Feature","properties":{"name":"L\u0027Armançon"},"geometry":{"type":"LineString","coordinates":[[4.2158,47.7283],[4.2157,47.7290]]}},{"type":"Feature","properties":{"name":"L\u0027Armançon"},"geometry":{"type":"LineString","coordinates":[[4.2088,47.7496],[4.2070,47.7501]]}},{"type":"Feature","properties":{"name":"L\u0027Armançon"},"geometry":{"type":"LineString","coordinates":[[3.9500,47.8970],[3.9480,47.9001]]}},{"type":"Feature","properties":{"name":"L\u0027Armançon"},"geometry":{"type":"LineString","coordinates":[[3.9836,47.8588],[3.9826,47.8602],[3.9791,47.8610],[3.9759,47.8600]]}},{"type":"Feature","properties":{"name":"L\u0027Armançon"},"geometry":{"type":"LineString","coordinates":[[4.2673,47.6496],[4.2585,47.6484]]}},{"type":"Feature","properties":{"name":"L\u0027Armançon"},"geometry":{"type":"LineString","coordinates":[[4.1700,47.7452],[4.1688,47.7480],[4.1705,47.7496],[4.1728,47.7562],[4.1707,47.7592],[4.1695,47.7644],[4.1712,47.7656]]}},{"type":"Feature","properties":{"name":"L\u0027Armançon"},"geometry":{"type":"LineString","coordinates":[[4.1104,47.8194],[4.1054,47.8226],[4.1014,47.8227],[4.0985,47.8205],[4.0862,47.8249],[4.0803,47.8246],[4.0716,47.8277],[4.0678,47.8269],[4.0662,47.8275],[4.0657,47.8295],[4.0672,47.8301],[4.0679,47.8329],[4.0669,47.8358],[4.0691,47.8385],[4.0693,47.8420],[4.0717,47.8459],[4.0744,47.8474],[4.0759,47.8503],[4.0740,47.8530],[4.0676,47.8550],[4.0645,47.8570],[4.0575,47.8581],[4.0547,47.8576],[4.0512,47.8567],[4.0459,47.8534],[4.0406,47.8526],[4.0372,47.8531],[4.0350,47.8559],[4.0299,47.8566],[4.0241,47.8599],[4.0233,47.8591],[4.0241,47.8581],[4.0233,47.8575],[4.0206,47.8582],[4.0191,47.8603],[4.0169,47.8586],[4.0150,47.8583],[4.0044,47.8613],[4.0013,47.8594],[3.9907,47.8602],[3.9815,47.8583]]}},{"type":"Feature","properties":{"name":"L\u0027Armançon"},"geometry":{"type":"LineString","coordinates":[[3.9477,47.9003],[3.9464,47.9043],[3.9444,47.9069]]}},{"type":"Feature","properties":{"name":"L\u0027Armançon"},"geometry":{"type":"LineString","coordinates":[[4.0581,47.8576],[4.0532,47.8571]]}},{"type":"Feature","properties":{"name":"L\u0027Armançon"},"geometry":{"type":"LineString","coordinates":[[4.3047,47.5188],[4.2997,47.5247],[4.3007,47.5295],[4.2995,47.5323],[4.2983,47.5332],[4.2952,47.5328],[4.2943,47.5344],[4.2918,47.5349],[4.2915,47.5376],[4.2874,47.5399]]}},{"type":"Feature","properties":{"name":"L\u0027Armançon"},"geometry":{"type":"LineString","coordinates":[[4.3052,47.5176],[4.3047,47.5188]]}},{"type":"Feature","properties":{"name":"L\u0027Armançon"},"geometry":{"type":"LineString","coordinates":[[4.2157,47.7290],[4.2174,47.7307]]}},{"type":"Feature","properties":{"name":"L\u0027Armançon"},"geometry":{"type":"LineString","coordinates":[[4.3596,47.4686],[4.3615,47.4712],[4.3587,47.4722],[4.3540,47.4714],[4.3497,47.4747],[4.3444,47.4713]]}},{"type":"Feature","properties":{"name":"L\u0027Armançon"},"geometry":{"type":"LineString","coordinates":[[4.2406,47.7075],[4.2404,47.7110],[4.2360,47.7115],[4.2332,47.7142]]}},{"type":"Feature","properties":{"name":"L\u0027Armançon"},"geometry":{"type":"LineString","coordinates":[[4.2406,47.7066],[4.2406,47.7075]]}},{"type":"Feature","properties":{"name":"L\u0027Armançon"},"geometry":{"type":"LineString","coordinates":[[4.2145,47.7349],[4.2141,47.7356]]}},{"type":"Feature","properties":{"name":"L\u0027Armançon"},"geometry":{"type":"LineString","coordinates":[[4.2163,47.7319],[4.2168,47.7323]]}},{"type":"Feature","properties":{"name":"L\u0027Armançon"},"geometry":{"type":"LineString","coordinates":[[4.1043,47.7726],[4.1034,47.7736]]}},{"type":"Feature","properties":{"name":"L\u0027Armançon"},"geometry":{"type":"LineString","coordinates":[[4.1043,47.7726],[4.1011,47.7725],[4.1021,47.7741],[4.1034,47.7736]]}},{"type":"Feature","properties":{"name":"L\u0027Armançon"},"geometry":{"type":"LineString","coordinates":[[4.1039,47.7696],[4.1043,47.7726]]}},{"type":"Feature","properties":{"name":"L\u0027Armançon"},"geometry":{"type":"LineString","coordinates":[[4.2374,47.6884],[4.2377,47.6887]]}},{"type":"Feature","properties":{"name":"L\u0027Armançon"},"geometry":{"type":"LineString","coordinates":[[4.2377,47.6887],[4.2381,47.6888]]}},{"type":"Feature","properties":{"name":"L\u0027Armançon"},"geometry":{"type":"LineString","coordinates":[[4.2617,47.5982],[4.2624,47.5990],[4.2617,47.5995],[4.2633,47.5995],[4.2647,47.6008],[4.2616,47.6032],[4.2622,47.6043],[4.2609,47.6057],[4.2625,47.6086]]}},{"type":"Feature","properties":{"name":"L\u0027Armançon"},"geometry":{"type":"LineString","coordinates":[[4.2559,47.6145],[4.2558,47.6146]]}},{"type":"Feature","properties":{"name":"L\u0027Armançon"},"geometry":{"type":"LineString","coordinates":[[4.2625,47.6087],[4.2617,47.6109],[4.2587,47.6119],[4.2579,47.6134],[4.2559,47.6145]]}},{"type":"Feature","properties":{"name":"L\u0027Armançon"},"geometry":{"type":"LineString","coordinates":[[4.2625,47.6086],[4.2625,47.6087]]}},{"type":"Feature","properties":{"name":"L\u0027Armançon"},"geometry":{"type":"LineString","coordinates":[[3.6572,47.9712],[3.6572,47.9696],[3.6557,47.9683],[3.6523,47.9682],[3.6494,47.9707],[3.6445,47.9704],[3.6451,47.9727],[3.6418,47.9746]]}},{"type":"Feature","properties":{"name":"L\u0027Armançon"},"geometry":{"type":"LineString","coordinates":[[3.9247,47.9233],[3.9162,47.9293]]}},{"type":"Feature","properties":{"name":"L\u0027Armançon"},"geometry":{"type":"LineString","coordinates":[[3.6418,47.9746],[3.6390,47.9726],[3.6366,47.9726],[3.6294,47.9767],[3.6224,47.9742],[3.6190,47.9753],[3.6171,47.9778],[3.6167,47.9797],[3.6186,47.9820],[3.6178,47.9842],[3.6101,47.9859],[3.6043,47.9852]]}},{"type":"Feature","properties":{"name":"L\u0027Armançon"},"geometry":{"type":"LineString","coordinates":[[4.3594,47.4685],[4.3596,47.4686]]}},{"type":"Feature","properties":{"name":"L\u0027Armançon"},"geometry":{"type":"LineString","coordinates":[[4.0582,47.8577],[4.0581,47.8576]]}},{"type":"Feature","properties":{"name":"L\u0027Armançon"},"geometry":{"type":"LineString","coordinates":[[4.0582,47.8579],[4.0582,47.8577]]}},{"type":"Feature","properties":{"name":"L\u0027Armançon"},"geometry":{"type":"LineString","coordinates":[[4.0701,47.7867],[4.0715,47.7875]]}},{"type":"Feature","properties":{"name":"La Laignes"},"geometry":{"type":"LineString","coordinates":[[4.3642,47.9907],[4.3649,47.9913]]}},{"type":"Feature","properties":{"name":"La Laignes"},"geometry":{"type":"LineString","coordinates":[[4.3643,47.9882],[4.3625,47.9890],[4.3669,47.9945]]}},{"type":"Feature","properties":{"name":"La Laignes"},"geometry":{"type":"LineString","coordinates":[[4.3671,47.9945],[4.3672,47.9961]]}},{"type":"Feature","properties":{"name":"La Laignes"},"geometry":{"type":"LineString","coordinates":[[4.3601,47.9793],[4.3647,47.9846],[4.3644,47.9891],[4.3674,47.9928],[4.3677,47.9979],[4.3696,47.9987],[4.3679,47.9995],[4.3689,47.9994],[4.3683,48.0003],[4.3693,48.0007]]}},{"type":"Feature","properties":{"name":"La Laignes"},"geometry":{"type":"LineString","coordinates":[[4.3578,47.9761],[4.3601,47.9793]]}},{"type":"Feature","properties":{"name":"La Laignes"},"geometry":{"type":"LineString","coordinates":[[4.3578,47.9761],[4.3601,47.9793]]}},{"type":"Feature","properties":{"name":"La Laignes"},"geometry":{"type":"LineString","coordinates":[[4.3683,47.9980],[4.3692,47.9983]]}},{"type":"Feature","properties":{"name":"La Laignes"},"geometry":{"type":"LineString","coordinates":[[4.3653,47.8429],[4.3651,47.8440]]}},{"type":"Feature","properties":{"name":"La Laignes"},"geometry":{"type":"LineString","coordinates":[[4.3636,47.8469],[4.3623,47.8485],[4.3582,47.8487],[4.3544,47.8539],[4.3525,47.8619]]}},{"type":"Feature","properties":{"name":"La Laignes"},"geometry":{"type":"LineString","coordinates":[[4.3634,47.8467],[4.3636,47.8469]]}},{"type":"Feature","properties":{"name":"La Laignes"},"geometry":{"type":"LineString","coordinates":[[4.3618,47.9420],[4.3642,47.9433],[4.3724,47.9440],[4.3766,47.9464],[4.3776,47.9483],[4.3748,47.9508],[4.3709,47.9611],[4.3646,47.9624],[4.3595,47.9612],[4.3568,47.9621],[4.3542,47.9652],[4.3545,47.9698],[4.3575,47.9703],[4.3585,47.9723],[4.3586,47.9735],[4.3573,47.9749],[4.3578,47.9761]]}},{"type":"Feature","properties":{"name":"La Laignes"},"geometry":{"type":"LineString","coordinates":[[4.3533,47.9011],[4.3550,47.9050],[4.3592,47.9067],[4.3604,47.9082],[4.3613,47.9126],[4.3541,47.9150],[4.3537,47.9174],[4.3525,47.9181],[4.3535,47.9200],[4.3421,47.9282],[4.3465,47.9304],[4.3530,47.9314],[4.3541,47.9341],[4.3526,47.9350],[4.3514,47.9377],[4.3540,47.9412],[4.3574,47.9412],[4.3603,47.9427],[4.3618,47.9420]]}},{"type":"Feature","properties":{"name":"La Laignes"},"geometry":{"type":"LineString","coordinates":[[4.3533,47.9011],[4.3526,47.9016],[4.3543,47.9032]]}},{"type":"Feature","properties":{"name":"La Laignes"},"geometry":{"type":"LineString","coordinates":[[4.3525,47.8619],[4.3533,47.8625],[4.3523,47.8631],[4.3540,47.8659],[4.3540,47.8687],[4.3498,47.8733],[4.3505,47.8767],[4.3496,47.8809],[4.3520,47.8829],[4.3558,47.8896],[4.3559,47.8915],[4.3573,47.8929]]}},{"type":"Feature","properties":{"name":"La Laignes"},"geometry":{"type":"LineString","coordinates":[[4.3651,47.8440],[4.3649,47.8444]]}},{"type":"Feature","properties":{"name":"La Laignes"},"geometry":{"type":"LineString","coordinates":[[4.3649,47.8444],[4.3633,47.8456],[4.3634,47.8467]]}},{"type":"Feature","properties":{"name":"La Laignes"},"geometry":{"type":"LineString","coordinates":[[4.3578,47.8930],[4.3583,47.8945],[4.3571,47.8971],[4.3544,47.8987],[4.3533,47.9011]]}},{"type":"Feature","properties":{"name":"La Laignes"},"geometry":{"type":"LineString","coordinates":[[4.3573,47.8929],[4.3578,47.8930]]}},{"type":"Feature","properties":{"name":"La Laignes"},"geometry":{"type":"LineString","coordinates":[[4.3573,47.9062],[4.3586,47.9058],[4.3592,47.9067]]}},{"type":"Feature","properties":{"name":"Le Sauzay"},"geometry":{"type":"LineString","coordinates":[[3.3445,47.3497],[3.3422,47.3510],[3.3401,47.3541],[3.3402,47.3554],[3.3369,47.3590],[3.3339,47.3607],[3.3294,47.3670],[3.3382,47.3758],[3.3406,47.3860],[3.3392,47.3867],[3.3425,47.3901],[3.3419,47.3910],[3.3437,47.3948]]}},{"type":"Feature","properties":{"name":"Le Sauzay"},"geometry":{"type":"LineString","coordinates":[[3.5016,47.4505],[3.5031,47.4512],[3.5026,47.4523],[3.5041,47.4518]]}},{"type":"Feature","properties":{"name":"Le Sauzay"},"geometry":{"type":"LineString","coordinates":[[3.4819,47.4478],[3.4882,47.4460],[3.4908,47.4469]]}},{"type":"Feature","properties":{"name":"Le Sauzay"},"geometry":{"type":"LineString","coordinates":[[3.4908,47.4469],[3.4936,47.4464],[3.5016,47.4505]]}},{"type":"Feature","properties":{"name":"Le Sauzay"},"geometry":{"type":"LineString","coordinates":[[3.4672,47.4550],[3.4693,47.4542],[3.4737,47.4497],[3.4790,47.4504],[3.4809,47.4497],[3.4819,47.4478]]}},{"type":"Feature","properties":{"name":"Le Sauzay"},"geometry":{"type":"LineString","coordinates":[[3.4617,47.4560],[3.4627,47.4563]]}},{"type":"Feature","properties":{"name":"Le Sauzay"},"geometry":{"type":"LineString","coordinates":[[3.4616,47.4560],[3.4617,47.4560]]}},{"type":"Feature","properties":{"name":"Le Sauzay"},"geometry":{"type":"LineString","coordinates":[[3.4595,47.4558],[3.4616,47.4560]]}},{"type":"Feature","properties":{"name":"Le Sauzay"},"geometry":{"type":"LineString","coordinates":[[3.4538,47.4544],[3.4539,47.4551],[3.4590,47.4554],[3.4607,47.4566],[3.4672,47.4550]]}},{"type":"Feature","properties":{"name":"Le Sauzay"},"geometry":{"type":"LineString","coordinates":[[3.4538,47.4544],[3.4538,47.4544]]}},{"type":"Feature","properties":{"name":"Le Sauzay"},"geometry":{"type":"LineString","coordinates":[[3.4270,47.4384],[3.4295,47.4397],[3.4350,47.4401],[3.4391,47.4439],[3.4418,47.4428],[3.4479,47.4449],[3.4478,47.4461],[3.4494,47.4464],[3.4494,47.4476],[3.4511,47.4479],[3.4499,47.4486],[3.4515,47.4500],[3.4508,47.4511],[3.4522,47.4511],[3.4519,47.4519],[3.4529,47.4521],[3.4525,47.4534],[3.4537,47.4535],[3.4538,47.4544]]}},{"type":"Feature","properties":{"name":"Le Sauzay"},"geometry":{"type":"LineString","coordinates":[[3.4131,47.4320],[3.4252,47.4339],[3.4266,47.4357],[3.4270,47.4384]]}},{"type":"Feature","properties":{"name":"Le Sauzay"},"geometry":{"type":"LineString","coordinates":[[3.4129,47.4320],[3.4131,47.4320]]}},{"type":"Feature","properties":{"name":"Le Sauzay"},"geometry":{"type":"LineString","coordinates":[[3.4006,47.4288],[3.4041,47.4298],[3.4050,47.4291]]}},{"type":"Feature","properties":{"name":"Le Sauzay"},"geometry":{"type":"LineString","coordinates":[[3.3937,47.4298],[3.4015,47.4285],[3.4065,47.4294],[3.4078,47.4314],[3.4103,47.4324],[3.4129,47.4320]]}},{"type":"Feature","properties":{"name":"Le Sauzay"},"geometry":{"type":"LineString","coordinates":[[3.3935,47.4298],[3.3937,47.4298]]}},{"type":"Feature","properties":{"name":"Le Sauzay"},"geometry":{"type":"LineString","coordinates":[[3.3578,47.4116],[3.3634,47.4125],[3.3704,47.4159],[3.3713,47.4169],[3.3709,47.4182],[3.3717,47.4213],[3.3735,47.4222],[3.3743,47.4243],[3.3851,47.4312],[3.3894,47.4320],[3.3935,47.4298]]}},{"type":"Feature","properties":{"name":"Le Sauzay"},"geometry":{"type":"LineString","coordinates":[[3.3446,47.3496],[3.3445,47.3497]]}},{"type":"Feature","properties":{"name":"Le Sauzay"},"geometry":{"type":"LineString","coordinates":[[3.3497,47.3471],[3.3446,47.3496]]}},{"type":"Feature","properties":{"name":"Le Sauzay"},"geometry":{"type":"LineString","coordinates":[[3.3438,47.3949],[3.3487,47.4004],[3.3490,47.4054],[3.3547,47.4086],[3.3578,47.4116]]}},{"type":"Feature","properties":{"name":"Le Sauzay"},"geometry":{"type":"LineString","coordinates":[[3.3437,47.3948],[3.3438,47.3949]]}},{"type":"Feature","properties":{"name":"La Nièvre de Champlemy"},"geometry":{"type":"LineString","coordinates":[[3.3570,47.2840],[3.3553,47.2856],[3.3482,47.2840],[3.3440,47.2852],[3.3416,47.2840],[3.3226,47.2838],[3.3100,47.2869],[3.3027,47.2830],[3.3001,47.2775]]}},{"type":"Feature","properties":{"name":"La Sarce"},"geometry":{"type":"LineString","coordinates":[[4.2614,47.9704],[4.2658,47.9702]]}},{"type":"Feature","properties":{"name":"La Sarce"},"geometry":{"type":"LineString","coordinates":[[4.2682,47.9702],[4.2729,47.9709],[4.2774,47.9678]]}},{"type":"Feature","properties":{"name":"La Sarce"},"geometry":{"type":"LineString","coordinates":[[4.2970,47.9677],[4.2971,47.9678]]}},{"type":"Feature","properties":{"name":"La Sarce"},"geometry":{"type":"LineString","coordinates":[[4.2944,47.9645],[4.2967,47.9660]]}},{"type":"Feature","properties":{"name":"La Sarce"},"geometry":{"type":"LineString","coordinates":[[4.2658,47.9702],[4.2679,47.9701]]}},{"type":"Feature","properties":{"name":"La Sarce"},"geometry":{"type":"LineString","coordinates":[[4.2971,47.9678],[4.2994,47.9754],[4.3028,47.9785],[4.3024,47.9790]]}},{"type":"Feature","properties":{"name":"La Sarce"},"geometry":{"type":"LineString","coordinates":[[4.2775,47.9678],[4.2798,47.9665],[4.2874,47.9662],[4.2918,47.9649],[4.2922,47.9658],[4.2944,47.9653]]}},{"type":"Feature","properties":{"name":"La Sarce"},"geometry":{"type":"LineString","coordinates":[[4.2969,47.9665],[4.2970,47.9677]]}},{"type":"Feature","properties":{"name":"La Sarce"},"geometry":{"type":"LineString","coordinates":[[4.2967,47.9660],[4.2969,47.9665]]}},{"type":"Feature","properties":{"name":"La Sarce"},"geometry":{"type":"LineString","coordinates":[[4.2944,47.9653],[4.2952,47.9652]]}},{"type":"Feature","properties":{"name":"La Sarce"},"geometry":{"type":"LineString","coordinates":[[4.3024,47.9790],[4.3024,47.9791]]}},{"type":"Feature","properties":{"name":"La Sarce"},"geometry":{"type":"LineString","coordinates":[[4.2679,47.9701],[4.2681,47.9702]]}},{"type":"Feature","properties":{"name":"La Sarce"},"geometry":{"type":"LineString","coordinates":[[4.2681,47.9702],[4.2682,47.9702]]}},{"type":"Feature","properties":{"name":"La Sarce"},"geometry":{"type":"LineString","coordinates":[[4.2775,47.9678],[4.2775,47.9678]]}},{"type":"Feature","properties":{"name":"La Sarce"},"geometry":{"type":"LineString","coordinates":[[4.2774,47.9678],[4.2775,47.9678]]}},{"type":"Feature","properties":{"name":"La Sarce"},"geometry":{"type":"LineString","coordinates":[[4.2938,47.9647],[4.2944,47.9645]]}},{"type":"Feature","properties":{"name":"La Sarce"},"geometry":{"type":"LineString","coordinates":[[4.2918,47.9649],[4.2938,47.9647]]}},{"type":"Feature","properties":{"name":"La Sarce"},"geometry":{"type":"LineString","coordinates":[[4.2944,47.9643],[4.2952,47.9645]]}},{"type":"Feature","properties":{"name":"La Sarce"},"geometry":{"type":"LineString","coordinates":[[4.2952,47.9652],[4.2966,47.9655]]}},{"type":"Feature","properties":{"name":"Le Chalaux"},"geometry":{"type":"LineString","coordinates":[[3.9123,47.3521],[3.9143,47.3541],[3.9121,47.3556],[3.9096,47.3710],[3.9096,47.3761],[3.9112,47.3785],[3.9094,47.3798],[3.9095,47.3820]]}},{"type":"Feature","properties":{"name":"Le Chalaux"},"geometry":{"type":"LineString","coordinates":[[3.9185,47.3086],[3.9208,47.3101],[3.9185,47.3129],[3.9211,47.3146],[3.9207,47.3158],[3.9239,47.3192],[3.9243,47.3244],[3.9271,47.3268],[3.9248,47.3283],[3.9258,47.3293],[3.9253,47.3312]]}},{"type":"Feature","properties":{"name":"Le Chalaux"},"geometry":{"type":"LineString","coordinates":[[3.9191,47.3120],[3.9209,47.3145]]}},{"type":"Feature","properties":{"name":"Le Chalaux"},"geometry":{"type":"LineString","coordinates":[[3.9214,47.2624],[3.9222,47.2657],[3.9240,47.2673],[3.9191,47.2680],[3.9203,47.2700],[3.9221,47.2706],[3.9204,47.2721],[3.9215,47.2743],[3.9190,47.2763],[3.9146,47.2775],[3.9146,47.2825],[3.9127,47.2839],[3.9121,47.2862],[3.9135,47.2912],[3.9158,47.2918],[3.9186,47.2946],[3.9148,47.2983],[3.9174,47.3015],[3.9172,47.3029]]}},{"type":"Feature","properties":{"name":"Le Chalaux"},"geometry":{"type":"LineString","coordinates":[[3.9172,47.3029],[3.9168,47.3032]]}},{"type":"Feature","properties":{"name":"Le Chalaux"},"geometry":{"type":"LineString","coordinates":[[3.9253,47.3312],[3.9239,47.3321]]}},{"type":"Feature","properties":{"name":"Le Chalaux"},"geometry":{"type":"LineString","coordinates":[[3.9239,47.3321],[3.9234,47.3326]]}},{"type":"Feature","properties":{"name":"Le Chalaux"},"geometry":{"type":"LineString","coordinates":[[3.9234,47.3326],[3.9236,47.3334]]}},{"type":"Feature","properties":{"name":"Le Chalaux"},"geometry":{"type":"LineString","coordinates":[[3.9236,47.3334],[3.9238,47.3362],[3.9171,47.3405],[3.9146,47.3406]]}},{"type":"Feature","properties":{"name":"Le Chalaux"},"geometry":{"type":"LineString","coordinates":[[3.9146,47.3406],[3.9126,47.3420],[3.9128,47.3445],[3.9118,47.3449],[3.9117,47.3468],[3.9128,47.3472],[3.9101,47.3499],[3.9123,47.3521]]}},{"type":"Feature","properties":{"name":"Le Chalaux"},"geometry":{"type":"LineString","coordinates":[[3.9168,47.3032],[3.9162,47.3056],[3.9185,47.3086]]}},{"type":"Feature","properties":{"name":"Bras de l\u0027Armançon"},"geometry":{"type":"LineString","coordinates":[[4.2696,47.5519],[4.2677,47.5522],[4.2662,47.5514],[4.2632,47.5542],[4.2594,47.5547],[4.2583,47.5561],[4.2588,47.5570],[4.2575,47.5575],[4.2586,47.5587],[4.2556,47.5615],[4.2553,47.5645]]}},{"type":"Feature","properties":{"name":"Bras de l\u0027Armançon"},"geometry":{"type":"LineString","coordinates":[[4.2553,47.5645],[4.2553,47.5647]]}},{"type":"Feature","properties":{"name":"Bras de l\u0027Armançon"},"geometry":{"type":"LineString","coordinates":[[4.2553,47.5647],[4.2579,47.5661]]}},{"type":"Feature","properties":{"name":"Bras de l\u0027Armançon"},"geometry":{"type":"LineString","coordinates":[[3.6585,47.9737],[3.6572,47.9712]]}},{"type":"Feature","properties":{"name":"La Brenne"},"geometry":{"type":"LineString","coordinates":[[4.3345,47.6293],[4.3336,47.6285],[4.3320,47.6288]]}},{"type":"Feature","properties":{"name":"La Brenne"},"geometry":{"type":"LineString","coordinates":[[4.3832,47.6133],[4.3831,47.6144],[4.3788,47.6142],[4.3789,47.6155],[4.3771,47.6148],[4.3765,47.6157],[4.3705,47.6136],[4.3691,47.6137],[4.3685,47.6148],[4.3640,47.6138],[4.3621,47.6143],[4.3605,47.6164],[4.3614,47.6174],[4.3598,47.6169],[4.3569,47.6181]]}},{"type":"Feature","properties":{"name":"La Brenne"},"geometry":{"type":"LineString","coordinates":[[4.3569,47.6181],[4.3563,47.6195]]}},{"type":"Feature","properties":{"name":"La Brenne"},"geometry":{"type":"LineString","coordinates":[[4.3563,47.6195],[4.3529,47.6192],[4.3495,47.6218],[4.3404,47.6240],[4.3368,47.6281],[4.3345,47.6293],[4.3281,47.6266],[4.3257,47.6235],[4.3226,47.6236],[4.3195,47.6247],[4.3198,47.6259],[4.3106,47.6305],[4.3103,47.6318],[4.3089,47.6318],[4.3085,47.6340],[4.3072,47.6343],[4.3054,47.6371],[4.2962,47.6393]]}},{"type":"Feature","properties":{"name":"La Brenne"},"geometry":{"type":"LineString","coordinates":[[4.2961,47.6393],[4.2903,47.6391],[4.2821,47.6406],[4.2827,47.6415],[4.2792,47.6411],[4.2760,47.6437]]}},{"type":"Feature","properties":{"name":"La Brenne"},"geometry":{"type":"LineString","coordinates":[[4.2962,47.6393],[4.2961,47.6393]]}},{"type":"Feature","properties":{"name":"L\u0027Yonne - Canal du Nivernais"},"geometry":{"type":"LineString","coordinates":[[3.6462,47.5754],[3.6472,47.5761]]}},{"type":"Feature","properties":{"name":"L\u0027Yonne - Canal du Nivernais"},"geometry":{"type":"LineString","coordinates":[[3.6491,47.5592],[3.6500,47.5597]]}},{"type":"Feature","properties":{"name":"L\u0027Yonne - Canal du Nivernais"},"geometry":{"type":"LineString","coordinates":[[3.5512,47.5232],[3.5555,47.5243]]}},{"type":"Feature","properties":{"name":"L\u0027Yonne - Canal du Nivernais"},"geometry":{"type":"LineString","coordinates":[[3.5233,47.4593],[3.5237,47.4631],[3.5271,47.4656],[3.5279,47.4675],[3.5277,47.4728],[3.5258,47.4769]]}},{"type":"Feature","properties":{"name":"L\u0027Yonne - Canal du Nivernais"},"geometry":{"type":"LineString","coordinates":[[3.6656,47.6361],[3.6640,47.6428]]}},{"type":"Feature","properties":{"name":"L\u0027Yonne - Canal du Nivernais"},"geometry":{"type":"LineString","coordinates":[[3.6752,47.6661],[3.6773,47.6677]]}},{"type":"Feature","properties":{"name":"L\u0027Yonne - Canal du Nivernais"},"geometry":{"type":"LineString","coordinates":[[3.5896,47.7410],[3.5867,47.7467],[3.5889,47.7517],[3.5926,47.7560]]}},{"type":"Feature","properties":{"name":"L\u0027Yonne - Canal du Nivernais"},"geometry":{"type":"LineString","coordinates":[[3.5963,47.7621],[3.6044,47.7680],[3.6075,47.7717]]}},{"type":"Feature","properties":{"name":"L\u0027Yonne - Canal du Nivernais"},"geometry":{"type":"LineString","coordinates":[[3.6472,47.5761],[3.6500,47.5786],[3.6434,47.5845]]}},{"type":"Feature","properties":{"name":"L\u0027Yonne - Canal du Nivernais"},"geometry":{"type":"LineString","coordinates":[[3.6500,47.5597],[3.6518,47.5638],[3.6463,47.5655]]}},{"type":"Feature","properties":{"name":"L\u0027Yonne - Canal du Nivernais"},"geometry":{"type":"LineString","coordinates":[[3.6109,47.7755],[3.6092,47.7782],[3.6007,47.7818]]}},{"type":"Feature","properties":{"name":"Bief du Moulin"},"geometry":{"type":"LineString","coordinates":[[4.0995,47.7683],[4.0985,47.7689],[4.0994,47.7738],[4.0945,47.7791]]}},{"type":"Feature","properties":{"name":"Bief du Moulin"},"geometry":{"type":"LineString","coordinates":[[4.1200,47.7617],[4.1128,47.7593],[4.1071,47.7607],[4.1003,47.7610],[4.0982,47.7641],[4.0988,47.7675],[4.1001,47.7680],[4.0995,47.7683]]}},{"type":"Feature","properties":{"name":"Bief du Moulin"},"geometry":{"type":"LineString","coordinates":[[4.1237,47.7632],[4.1200,47.7617]]}},{"type":"Feature","properties":{"name":"Le Vrin"},"geometry":{"type":"LineString","coordinates":[[3.3242,47.9905],[3.3265,47.9909]]}},{"type":"Feature","properties":{"name":"Le Vrin"},"geometry":{"type":"LineString","coordinates":[[3.3324,47.9917],[3.3349,47.9934]]}},{"type":"Feature","properties":{"name":"Le Vrin"},"geometry":{"type":"LineString","coordinates":[[3.3268,47.9908],[3.3320,47.9915]]}},{"type":"Feature","properties":{"name":"Le Vrin"},"geometry":{"type":"LineString","coordinates":[[3.2710,47.9794],[3.2754,47.9826],[3.2788,47.9816],[3.2817,47.9827],[3.2829,47.9821],[3.2861,47.9840],[3.2957,47.9869],[3.3075,47.9877],[3.3078,47.9869],[3.3097,47.9876],[3.3093,47.9884],[3.3103,47.9891],[3.3136,47.9902],[3.3173,47.9900],[3.3223,47.9915],[3.3240,47.9904]]}},{"type":"Feature","properties":{"name":"Le Vrin"},"geometry":{"type":"LineString","coordinates":[[3.3349,47.9934],[3.3407,47.9967],[3.3421,47.9963]]}},{"type":"Feature","properties":{"name":"Le Cousin"},"geometry":{"type":"LineString","coordinates":[[4.0988,47.3185],[4.0998,47.3195],[4.0972,47.3229],[4.0844,47.3318],[4.0775,47.3348],[4.0765,47.3364]]}},{"type":"Feature","properties":{"name":"Le Cousin"},"geometry":{"type":"LineString","coordinates":[[3.9891,47.4634],[3.9829,47.4607],[3.9747,47.4644],[3.9637,47.4678],[3.9609,47.4647],[3.9592,47.4646],[3.9568,47.4669],[3.9548,47.4645],[3.9460,47.4625],[3.9448,47.4637],[3.9452,47.4671],[3.9425,47.4692],[3.9446,47.4703],[3.9505,47.4688],[3.9507,47.4717],[3.9481,47.4742],[3.9476,47.4774],[3.9436,47.4787],[3.9434,47.4801],[3.9371,47.4803],[3.9351,47.4783],[3.9357,47.4762],[3.9276,47.4759],[3.9242,47.4770],[3.9218,47.4747],[3.9152,47.4771],[3.9122,47.4802],[3.9102,47.4787],[3.9084,47.4791],[3.9088,47.4825],[3.9056,47.4819],[3.9044,47.4833]]}},{"type":"Feature","properties":{"name":"Le Cousin"},"geometry":{"type":"LineString","coordinates":[[3.8517,47.4965],[3.8490,47.4973],[3.8495,47.5005],[3.8475,47.5016],[3.8472,47.5034],[3.8447,47.5038],[3.8439,47.5052],[3.8420,47.5056],[3.8410,47.5073],[3.8419,47.5084],[3.8345,47.5120],[3.8337,47.5137],[3.8310,47.5114],[3.8279,47.5118],[3.8258,47.5108],[3.8230,47.5126],[3.8206,47.5122],[3.8159,47.5135],[3.8121,47.5127],[3.8089,47.5142],[3.8093,47.5179],[3.8063,47.5179],[3.8050,47.5200],[3.8029,47.5199],[3.7993,47.5216],[3.7912,47.5228],[3.7907,47.5234],[3.7920,47.5248],[3.7886,47.5244],[3.7874,47.5263]]}},{"type":"Feature","properties":{"name":"Le Cousin"},"geometry":{"type":"LineString","coordinates":[[3.9044,47.4833],[3.9032,47.4837],[3.9021,47.4817],[3.9004,47.4810],[3.8974,47.4835],[3.8954,47.4839],[3.8932,47.4815],[3.8853,47.4809],[3.8838,47.4818],[3.8845,47.4837],[3.8831,47.4847]]}},{"type":"Feature","properties":{"name":"Le Cousin"},"geometry":{"type":"LineString","coordinates":[[4.0191,47.4493],[4.0185,47.4505],[4.0159,47.4506],[4.0159,47.4522],[4.0174,47.4537],[4.0133,47.4559],[4.0153,47.4574],[4.0147,47.4608],[4.0123,47.4625],[4.0064,47.4645],[3.9993,47.4642],[3.9978,47.4648],[3.9958,47.4625],[3.9940,47.4653],[3.9891,47.4634]]}},{"type":"Feature","properties":{"name":"Le Cousin"},"geometry":{"type":"LineString","coordinates":[[4.1064,47.3132],[4.1008,47.3153],[4.0995,47.3169],[4.1002,47.3182]]}},{"type":"Feature","properties":{"name":"Le Cousin"},"geometry":{"type":"LineString","coordinates":[[4.1204,47.2981],[4.1213,47.3000],[4.1208,47.3010],[4.1158,47.3033],[4.1156,47.3048],[4.1084,47.3091],[4.1086,47.3101]]}},{"type":"Feature","properties":{"name":"Le Cousin"},"geometry":{"type":"LineString","coordinates":[[3.8546,47.4972],[3.8527,47.4960],[3.8517,47.4965]]}},{"type":"Feature","properties":{"name":"Le Cousin"},"geometry":{"type":"LineString","coordinates":[[3.8654,47.4897],[3.8632,47.4917],[3.8655,47.4932],[3.8658,47.4948],[3.8624,47.4971],[3.8614,47.5001],[3.8572,47.5008],[3.8550,47.4995],[3.8546,47.4972]]}},{"type":"Feature","properties":{"name":"Le Cousin"},"geometry":{"type":"LineString","coordinates":[[3.8546,47.4972],[3.8517,47.4965]]}},{"type":"Feature","properties":{"name":"Le Cousin"},"geometry":{"type":"LineString","coordinates":[[3.8829,47.4847],[3.8689,47.4876],[3.8654,47.4897]]}},{"type":"Feature","properties":{"name":"Le Cousin"},"geometry":{"type":"LineString","coordinates":[[3.8830,47.4847],[3.8829,47.4847]]}},{"type":"Feature","properties":{"name":"Le Cousin"},"geometry":{"type":"LineString","coordinates":[[3.8831,47.4847],[3.8830,47.4847]]}},{"type":"Feature","properties":{"name":"Le Cousin"},"geometry":{"type":"LineString","coordinates":[[4.1086,47.3101],[4.1064,47.3132],[4.1028,47.3132],[4.0992,47.3150],[4.0978,47.3180],[4.0988,47.3185]]}},{"type":"Feature","properties":{"name":"Le Cousin"},"geometry":{"type":"LineString","coordinates":[[3.7978,47.5218],[3.7950,47.5219]]}},{"type":"Feature","properties":{"name":"Le Cousin"},"geometry":{"type":"LineString","coordinates":[[3.8410,47.5073],[3.8395,47.5095]]}},{"type":"Feature","properties":{"name":"Le Cousin"},"geometry":{"type":"LineString","coordinates":[[3.8413,47.5068],[3.8417,47.5069]]}},{"type":"Feature","properties":{"name":"Le Cousin"},"geometry":{"type":"LineString","coordinates":[[3.8412,47.5069],[3.8418,47.5073]]}},{"type":"Feature","properties":{"name":"Le Cousin"},"geometry":{"type":"LineString","coordinates":[[3.8415,47.5061],[3.8419,47.5076]]}},{"type":"Feature","properties":{"name":"La Petite Rivière"},"geometry":{"type":"LineString","coordinates":[[4.2212,47.7134],[4.2197,47.7164],[4.2204,47.7166],[4.2207,47.7201],[4.2196,47.7200],[4.2192,47.7216],[4.2179,47.7224],[4.2191,47.7234],[4.2176,47.7252],[4.2176,47.7291],[4.2192,47.7303],[4.2193,47.7330],[4.2230,47.7363],[4.2162,47.7417],[4.2168,47.7437],[4.2138,47.7442],[4.2128,47.7460],[4.2099,47.7468]]}},{"type":"Feature","properties":{"name":"La Petite Rivière"},"geometry":{"type":"LineString","coordinates":[[4.2217,47.7118],[4.2212,47.7134],[4.2165,47.7167],[4.2180,47.7189],[4.2170,47.7210],[4.2153,47.7221],[4.2169,47.7231],[4.2159,47.7248],[4.2166,47.7257],[4.2161,47.7276]]}},{"type":"Feature","properties":{"name":"Le Branlin"},"geometry":{"type":"LineString","coordinates":[[3.0973,47.8152],[3.0980,47.8168],[3.0968,47.8167],[3.0957,47.8190],[3.0971,47.8203],[3.0954,47.8221],[3.0949,47.8251],[3.0957,47.8269],[3.0971,47.8273],[3.0925,47.8297],[3.0911,47.8314],[3.0917,47.8328],[3.0909,47.8350],[3.0925,47.8362],[3.0905,47.8401],[3.0922,47.8418],[3.0926,47.8436],[3.0897,47.8455],[3.0900,47.8480],[3.0918,47.8498],[3.0914,47.8519],[3.0920,47.8522],[3.0901,47.8535],[3.0903,47.8557],[3.0933,47.8587]]}},{"type":"Feature","properties":{"name":"Le Branlin"},"geometry":{"type":"LineString","coordinates":[[3.0980,47.8168],[3.0971,47.8203]]}},{"type":"Feature","properties":{"name":"Le Branlin"},"geometry":{"type":"LineString","coordinates":[[3.0963,47.8125],[3.0976,47.8129],[3.0984,47.8152],[3.0976,47.8153]]}},{"type":"Feature","properties":{"name":"Le Branlin"},"geometry":{"type":"LineString","coordinates":[[3.1775,47.7006],[3.1720,47.7019],[3.1688,47.7056],[3.1695,47.7070],[3.1645,47.7068],[3.1623,47.7105],[3.1605,47.7110],[3.1612,47.7137],[3.1588,47.7129],[3.1490,47.7152],[3.1454,47.7149],[3.1448,47.7161],[3.1454,47.7174],[3.1443,47.7191],[3.1450,47.7202],[3.1439,47.7209],[3.1451,47.7213],[3.1385,47.7231],[3.1378,47.7251],[3.1347,47.7260],[3.1335,47.7274],[3.1322,47.7296],[3.1324,47.7321],[3.1309,47.7336],[3.1273,47.7352],[3.1232,47.7355],[3.1196,47.7406],[3.1185,47.7404],[3.1161,47.7424],[3.1157,47.7444],[3.1136,47.7462],[3.1142,47.7474],[3.1124,47.7500],[3.1140,47.7517],[3.1144,47.7543],[3.1127,47.7544],[3.1116,47.7555],[3.1087,47.7634],[3.1099,47.7676],[3.1080,47.7683],[3.1060,47.7718],[3.1062,47.7749],[3.1014,47.7776],[3.1032,47.7800],[3.1034,47.7855],[3.1063,47.7867],[3.1084,47.7903],[3.1066,47.7922],[3.1046,47.7917],[3.1013,47.7927],[3.0985,47.7963],[3.0960,47.7974],[3.0953,47.7967],[3.0947,47.7979],[3.0938,47.7972],[3.0924,47.8005],[3.0911,47.8013],[3.0935,47.8036],[3.0934,47.8049],[3.0952,47.8056],[3.0948,47.8067],[3.0960,47.8073],[3.0953,47.8086],[3.0975,47.8097],[3.0968,47.8111],[3.0979,47.8116],[3.0960,47.8130],[3.0965,47.8151],[3.0973,47.8152]]}},{"type":"Feature","properties":{"name":"Le Loing"},"geometry":{"type":"LineString","coordinates":[[2.8260,48.3676],[2.8253,48.3690],[2.8198,48.3724],[2.8183,48.3776]]}},{"type":"Feature","properties":{"name":"Le Loing"},"geometry":{"type":"LineString","coordinates":[[2.7989,48.3479],[2.8027,48.3515],[2.8136,48.3526],[2.8201,48.3573],[2.8219,48.3600]]}},{"type":"Feature","properties":{"name":"Le Loing"},"geometry":{"type":"LineString","coordinates":[[2.9732,47.6854],[2.9648,47.6880],[2.9640,47.6890],[2.9650,47.6904],[2.9583,47.6928],[2.9568,47.6949],[2.9524,47.6974],[2.9447,47.6972],[2.9397,47.6997],[2.9368,47.7033],[2.9369,47.7074],[2.9336,47.7084],[2.9292,47.7078],[2.9263,47.7115],[2.9275,47.7126],[2.9267,47.7137],[2.9164,47.7185],[2.9161,47.7199],[2.9135,47.7212],[2.9115,47.7207],[2.9016,47.7247],[2.8980,47.7302],[2.8988,47.7334],[2.8925,47.7354],[2.8913,47.7366],[2.8919,47.7395],[2.8885,47.7401],[2.8861,47.7442],[2.8836,47.7438]]}},{"type":"Feature","properties":{"name":"Le Loing"},"geometry":{"type":"LineString","coordinates":[[2.8227,47.8470],[2.8217,47.8494],[2.8222,47.8515],[2.8201,47.8540],[2.8225,47.8564],[2.8214,47.8609],[2.8300,47.8681],[2.8295,47.8695],[2.8265,47.8705],[2.8241,47.8729],[2.8213,47.8732],[2.8193,47.8752],[2.8214,47.8801],[2.8198,47.8827],[2.8230,47.8875],[2.8172,47.8905],[2.8160,47.8957],[2.8180,47.9022],[2.8178,47.9048],[2.8142,47.9087],[2.8130,47.9120],[2.8157,47.9191],[2.8187,47.9209],[2.8165,47.9252],[2.8152,47.9263],[2.8139,47.9258],[2.8134,47.9283],[2.8150,47.9331],[2.8161,47.9339],[2.8156,47.9348],[2.8081,47.9374],[2.8023,47.9382],[2.8020,47.9392],[2.7965,47.9411],[2.7902,47.9414],[2.7887,47.9426],[2.7839,47.9523],[2.7813,47.9519]]}},{"type":"Feature","properties":{"name":"Le Loing"},"geometry":{"type":"LineString","coordinates":[[2.8209,48.3718],[2.8191,48.3721],[2.8196,48.3734]]}},{"type":"Feature","properties":{"name":"Le Loing"},"geometry":{"type":"LineString","coordinates":[[2.8194,48.3723],[2.8190,48.3725]]}},{"type":"Feature","properties":{"name":"Le Loing"},"geometry":{"type":"LineString","coordinates":[[2.8219,48.3600],[2.8224,48.3615],[2.8253,48.3625],[2.8240,48.3650],[2.8260,48.3676]]}},{"type":"Feature","properties":{"name":"Le Loing"},"geometry":{"type":"LineString","coordinates":[[2.8748,47.7765],[2.8757,47.7782],[2.8753,47.7804],[2.8765,47.7801],[2.8764,47.7813],[2.8731,47.7850],[2.8730,47.7883],[2.8699,47.7884],[2.8688,47.7894],[2.8685,47.7924]]}},{"type":"Feature","properties":{"name":"Le Loing"},"geometry":{"type":"LineString","coordinates":[[2.8747,47.7764],[2.8748,47.7765]]}},{"type":"Feature","properties":{"name":"Le Loing"},"geometry":{"type":"LineString","coordinates":[[2.9734,47.6854],[2.9732,47.6854]]}},{"type":"Feature","properties":{"name":"Le Loing"},"geometry":{"type":"LineString","coordinates":[[3.0453,47.6559],[3.0457,47.6575],[3.0418,47.6595],[3.0367,47.6662],[3.0307,47.6690],[3.0273,47.6715],[3.0273,47.6725],[3.0199,47.6750],[3.0171,47.6794],[3.0142,47.6797],[3.0089,47.6842],[3.0035,47.6847]]}},{"type":"Feature","properties":{"name":"Le Loing"},"geometry":{"type":"LineString","coordinates":[[3.0034,47.6847],[2.9993,47.6857],[2.9966,47.6845],[2.9890,47.6841],[2.9853,47.6857],[2.9793,47.6854],[2.9777,47.6862],[2.9734,47.6854]]}},{"type":"Feature","properties":{"name":"Le Loing"},"geometry":{"type":"LineString","coordinates":[[3.0035,47.6847],[3.0034,47.6847]]}},{"type":"Feature","properties":{"name":"Le Loing"},"geometry":{"type":"LineString","coordinates":[[2.8685,47.7925],[2.8629,47.7943],[2.8536,47.7924],[2.8512,47.7937],[2.8493,47.7963]]}},{"type":"Feature","properties":{"name":"Le Loing"},"geometry":{"type":"LineString","coordinates":[[2.8685,47.7924],[2.8685,47.7925]]}},{"type":"Feature","properties":{"name":"Le Loing"},"geometry":{"type":"LineString","coordinates":[[2.8415,47.8041],[2.8414,47.8042]]}},{"type":"Feature","properties":{"name":"Le Loing"},"geometry":{"type":"LineString","coordinates":[[2.8493,47.7965],[2.8493,47.7972],[2.8433,47.7984],[2.8416,47.7997],[2.8426,47.8018],[2.8415,47.8041]]}},{"type":"Feature","properties":{"name":"Le Loing"},"geometry":{"type":"LineString","coordinates":[[2.8493,47.7963],[2.8493,47.7965]]}},{"type":"Feature","properties":{"name":"Le Loing"},"geometry":{"type":"LineString","coordinates":[[2.8836,47.7438],[2.8811,47.7443]]}},{"type":"Feature","properties":{"name":"Le Loing"},"geometry":{"type":"LineString","coordinates":[[2.8811,47.7443],[2.8797,47.7450],[2.8804,47.7460],[2.8785,47.7487],[2.8792,47.7502],[2.8786,47.7513],[2.8760,47.7524],[2.8787,47.7547],[2.8778,47.7557],[2.8801,47.7569],[2.8793,47.7601],[2.8777,47.7607],[2.8777,47.7618],[2.8811,47.7637],[2.8809,47.7663],[2.8785,47.7680],[2.8772,47.7724],[2.8754,47.7729],[2.8747,47.7764]]}},{"type":"Feature","properties":{"name":"Le Loing"},"geometry":{"type":"LineString","coordinates":[[2.8414,47.8042],[2.8405,47.8067]]}},{"type":"Feature","properties":{"name":"Le Loing"},"geometry":{"type":"LineString","coordinates":[[3.0700,47.6447],[3.0638,47.6455],[3.0634,47.6469],[3.0613,47.6480],[3.0547,47.6500]]}},{"type":"Feature","properties":{"name":"Le Loing"},"geometry":{"type":"LineString","coordinates":[[2.8227,47.8469],[2.8227,47.8470]]}},{"type":"Feature","properties":{"name":"Le Loing"},"geometry":{"type":"LineString","coordinates":[[2.8384,47.8281],[2.8358,47.8309],[2.8379,47.8333],[2.8353,47.8378],[2.8362,47.8403],[2.8340,47.8409],[2.8276,47.8404],[2.8245,47.8413],[2.8227,47.8469]]}},{"type":"Feature","properties":{"name":"Le Loing"},"geometry":{"type":"LineString","coordinates":[[3.0547,47.6500],[3.0454,47.6557]]}},{"type":"Feature","properties":{"name":"Le Loing"},"geometry":{"type":"LineString","coordinates":[[3.0454,47.6557],[3.0453,47.6559]]}},{"type":"Feature","properties":{"name":"La Trézée"},"geometry":{"type":"LineString","coordinates":[[2.9087,47.6725],[2.9069,47.6724],[2.9051,47.6737],[2.9049,47.6784],[2.9034,47.6797],[2.9003,47.6798],[2.8970,47.6837],[2.8920,47.6843],[2.8901,47.6865],[2.8846,47.6853],[2.8821,47.6863],[2.8752,47.6853],[2.8720,47.6828],[2.8709,47.6833],[2.8694,47.6867],[2.8669,47.6886],[2.8571,47.6905],[2.8522,47.6887],[2.8488,47.6905],[2.8453,47.6881],[2.8416,47.6878],[2.8394,47.6863],[2.8345,47.6861],[2.8326,47.6839],[2.8282,47.6834],[2.8265,47.6819],[2.8264,47.6800],[2.8240,47.6789]]}},{"type":"Feature","properties":{"name":"La Trézée"},"geometry":{"type":"LineString","coordinates":[[2.8229,47.6786],[2.8172,47.6748],[2.8102,47.6729],[2.8106,47.6701]]}},{"type":"Feature","properties":{"name":"L\u0027Yonne"},"geometry":{"type":"LineString","coordinates":[[2.9768,48.3677],[2.9669,48.3706],[2.9591,48.3753],[2.9580,48.3806],[2.9600,48.3870],[2.9576,48.3886]]}},{"type":"Feature","properties":{"name":"L\u0027Yonne"},"geometry":{"type":"LineString","coordinates":[[3.0131,48.3670],[3.0144,48.3699],[3.0139,48.3715],[3.0116,48.3738],[3.0078,48.3750],[3.0041,48.3737],[3.0021,48.3684],[3.0005,48.3669],[2.9955,48.3661],[2.9846,48.3668]]}},{"type":"Feature","properties":{"name":"L\u0027Yonne"},"geometry":{"type":"LineString","coordinates":[[3.0592,48.3580],[3.0541,48.3605],[3.0461,48.3601],[3.0432,48.3635],[3.0410,48.3642],[3.0318,48.3622],[3.0298,48.3597],[3.0273,48.3589],[3.0179,48.3606],[3.0136,48.3639]]}},{"type":"Feature","properties":{"name":"L\u0027Yonne"},"geometry":{"type":"LineString","coordinates":[[3.1023,48.3502],[3.0995,48.3521],[3.1012,48.3557],[3.0986,48.3579],[3.0864,48.3577],[3.0809,48.3611],[3.0790,48.3614],[3.0702,48.3583],[3.0639,48.3576]]}},{"type":"Feature","properties":{"name":"L\u0027Yonne"},"geometry":{"type":"LineString","coordinates":[[3.0136,48.3639],[3.0131,48.3670]]}},{"type":"Feature","properties":{"name":"L\u0027Yonne"},"geometry":{"type":"LineString","coordinates":[[2.9846,48.3668],[2.9768,48.3677]]}},{"type":"Feature","properties":{"name":"L\u0027Yonne"},"geometry":{"type":"LineString","coordinates":[[3.0639,48.3576],[3.0592,48.3580]]}},{"type":"Feature","properties":{"name":"Fausse Rivière"},"geometry":{"type":"LineString","coordinates":[[2.9282,47.9286],[2.9281,47.9286]]}},{"type":"Feature","properties":{"name":"Fausse Rivière"},"geometry":{"type":"LineString","coordinates":[[2.9875,47.9355],[2.9770,47.9332],[2.9750,47.9344],[2.9729,47.9336],[2.9719,47.9342],[2.9694,47.9328]]}},{"type":"Feature","properties":{"name":"Fausse Rivière"},"geometry":{"type":"LineString","coordinates":[[2.9281,47.9286],[2.9252,47.9279],[2.9206,47.9288],[2.9166,47.9269],[2.9132,47.9268],[2.9073,47.9271],[2.9051,47.9293],[2.9005,47.9280],[2.8997,47.9267],[2.8969,47.9270],[2.8952,47.9283],[2.8870,47.9292],[2.8809,47.9315],[2.8783,47.9339],[2.8707,47.9382],[2.8660,47.9390],[2.8599,47.9443],[2.8511,47.9476]]}},{"type":"Feature","properties":{"name":"Fausse Rivière"},"geometry":{"type":"LineString","coordinates":[[2.9643,47.9302],[2.9565,47.9317],[2.9442,47.9305],[2.9375,47.9318],[2.9282,47.9286]]}},{"type":"Feature","properties":{"name":"Fausse Rivière"},"geometry":{"type":"LineString","coordinates":[[3.0006,47.9412],[2.9959,47.9403],[2.9877,47.9365],[2.9875,47.9355]]}},{"type":"Feature","properties":{"name":"Fausse Rivière"},"geometry":{"type":"LineString","coordinates":[[2.9694,47.9328],[2.9691,47.9308]]}},{"type":"Feature","properties":{"name":"Fausse Rivière"},"geometry":{"type":"LineString","coordinates":[[2.8511,47.9476],[2.8511,47.9478]]}},{"type":"Feature","properties":{"name":"Fausse Rivière"},"geometry":{"type":"LineString","coordinates":[[2.9694,47.9328],[2.9678,47.9344],[2.9659,47.9337],[2.9636,47.9343],[2.9565,47.9317]]}},{"type":"Feature","properties":{"name":"Fausse Rivière"},"geometry":{"type":"LineString","coordinates":[[3.0011,47.9415],[3.0006,47.9412]]}},{"type":"Feature","properties":{"name":"Fausse Rivière"},"geometry":{"type":"LineString","coordinates":[[2.9647,47.9301],[2.9643,47.9302]]}},{"type":"Feature","properties":{"name":"Fausse Rivière"},"geometry":{"type":"LineString","coordinates":[[2.9691,47.9308],[2.9647,47.9301]]}},{"type":"Feature","properties":{"name":"Le Nohain"},"geometry":{"type":"LineString","coordinates":[[2.9740,47.3659],[2.9741,47.3697],[2.9694,47.3747],[2.9677,47.3795],[2.9579,47.3881],[2.9555,47.3953],[2.9528,47.3973]]}},{"type":"Feature","properties":{"name":"Le Nohain"},"geometry":{"type":"LineString","coordinates":[[3.1113,47.3594],[3.1079,47.3547],[3.1081,47.3534],[3.1063,47.3521],[3.1063,47.3494],[3.1017,47.3465],[3.0992,47.3460],[3.0968,47.3416],[3.0973,47.3406],[3.0951,47.3391],[3.0888,47.3373],[3.0841,47.3377],[3.0768,47.3414],[3.0683,47.3407],[3.0642,47.3381],[3.0555,47.3382]]}},{"type":"Feature","properties":{"name":"Le Nohain"},"geometry":{"type":"LineString","coordinates":[[3.0163,47.3520],[3.0021,47.3533],[2.9931,47.3573],[2.9847,47.3640],[2.9740,47.3659]]}},{"type":"Feature","properties":{"name":"Le Nohain"},"geometry":{"type":"LineString","coordinates":[[3.0546,47.3383],[3.0476,47.3396],[3.0418,47.3426],[3.0395,47.3480],[3.0366,47.3477],[3.0300,47.3517],[3.0236,47.3504],[3.0225,47.3505],[3.0223,47.3515],[3.0163,47.3520]]}},{"type":"Feature","properties":{"name":"Le Nohain"},"geometry":{"type":"LineString","coordinates":[[2.9419,47.4043],[2.9312,47.4088]]}},{"type":"Feature","properties":{"name":"Le Nohain"},"geometry":{"type":"LineString","coordinates":[[2.9508,47.3998],[2.9474,47.4016],[2.9456,47.4043],[2.9431,47.4044]]}},{"type":"Feature","properties":{"name":"Le Nohain"},"geometry":{"type":"LineString","coordinates":[[3.0554,47.3382],[3.0546,47.3383]]}},{"type":"Feature","properties":{"name":"Le Nohain"},"geometry":{"type":"LineString","coordinates":[[3.0555,47.3382],[3.0554,47.3382]]}},{"type":"Feature","properties":{"name":"Le Nohain"},"geometry":{"type":"LineString","coordinates":[[2.9495,47.4030],[2.9462,47.4051]]}},{"type":"Feature","properties":{"name":"Le Nohain"},"geometry":{"type":"LineString","coordinates":[[2.9426,47.4043],[2.9419,47.4043]]}},{"type":"Feature","properties":{"name":"Le Nohain"},"geometry":{"type":"LineString","coordinates":[[2.9410,47.4028],[2.9337,47.4047]]}},{"type":"Feature","properties":{"name":"Le Nohain"},"geometry":{"type":"LineString","coordinates":[[2.9413,47.4027],[2.9410,47.4028]]}},{"type":"Feature","properties":{"name":"Le Nohain"},"geometry":{"type":"LineString","coordinates":[[2.9460,47.4051],[2.9426,47.4043]]}},{"type":"Feature","properties":{"name":"Le Nohain"},"geometry":{"type":"LineString","coordinates":[[2.9521,47.3986],[2.9510,47.3999]]}},{"type":"Feature","properties":{"name":"Le Nohain"},"geometry":{"type":"LineString","coordinates":[[2.9274,47.4070],[2.9268,47.4091],[2.9205,47.4106]]}},{"type":"Feature","properties":{"name":"Le Nohain"},"geometry":{"type":"LineString","coordinates":[[2.9276,47.4067],[2.9274,47.4070]]}},{"type":"Feature","properties":{"name":"Le Nohain"},"geometry":{"type":"LineString","coordinates":[[2.9527,47.3975],[2.9508,47.3997],[2.9502,47.3990],[2.9474,47.3995],[2.9458,47.4015],[2.9413,47.4027]]}},{"type":"Feature","properties":{"name":"Le Nohain"},"geometry":{"type":"LineString","coordinates":[[2.9528,47.3973],[2.9527,47.3975]]}},{"type":"Feature","properties":{"name":"Le Nohain"},"geometry":{"type":"LineString","coordinates":[[2.9499,47.4023],[2.9495,47.4029]]}},{"type":"Feature","properties":{"name":"Le Nohain"},"geometry":{"type":"LineString","coordinates":[[2.9495,47.4029],[2.9495,47.4030]]}},{"type":"Feature","properties":{"name":"Le Nohain"},"geometry":{"type":"LineString","coordinates":[[2.9509,47.4000],[2.9499,47.4022]]}},{"type":"Feature","properties":{"name":"Le Nohain"},"geometry":{"type":"LineString","coordinates":[[2.9508,47.3997],[2.9508,47.3998]]}},{"type":"Feature","properties":{"name":"Le Nohain"},"geometry":{"type":"LineString","coordinates":[[2.9510,47.3999],[2.9509,47.4000]]}},{"type":"Feature","properties":{"name":"Le Nohain"},"geometry":{"type":"LineString","coordinates":[[2.9336,47.4046],[2.9298,47.4052],[2.9276,47.4067]]}},{"type":"Feature","properties":{"name":"Le Nohain"},"geometry":{"type":"LineString","coordinates":[[2.9337,47.4047],[2.9336,47.4046]]}},{"type":"Feature","properties":{"name":"Le Nohain"},"geometry":{"type":"LineString","coordinates":[[2.9312,47.4088],[2.9260,47.4094]]}},{"type":"Feature","properties":{"name":"L\u0027Aveyron"},"geometry":{"type":"LineString","coordinates":[[3.0014,47.7772],[2.9988,47.7792],[2.9950,47.7785]]}},{"type":"Feature","properties":{"name":"L\u0027Aveyron"},"geometry":{"type":"LineString","coordinates":[[2.9943,47.7905],[2.9936,47.7934],[2.9901,47.7936],[2.9874,47.7969],[2.9899,47.8001]]}},{"type":"Feature","properties":{"name":"L\u0027Aveyron"},"geometry":{"type":"LineString","coordinates":[[2.9900,47.8002],[2.9934,47.8045],[2.9908,47.8117],[2.9922,47.8140],[2.9901,47.8203],[2.9879,47.8223],[2.9883,47.8254],[2.9873,47.8284],[2.9898,47.8301],[2.9900,47.8312],[2.9885,47.8330],[2.9913,47.8351],[2.9857,47.8373],[2.9854,47.8401],[2.9823,47.8406],[2.9817,47.8419],[2.9824,47.8451],[2.9780,47.8456],[2.9751,47.8470],[2.9744,47.8497],[2.9697,47.8509],[2.9684,47.8529],[2.9639,47.8521],[2.9603,47.8487],[2.9557,47.8477],[2.9536,47.8463],[2.9472,47.8487],[2.9419,47.8465],[2.9394,47.8498],[2.9353,47.8491],[2.9317,47.8499],[2.9299,47.8491],[2.9293,47.8470],[2.9285,47.8477],[2.9273,47.8466],[2.9150,47.8492],[2.9103,47.8492],[2.9064,47.8505],[2.9062,47.8525],[2.9046,47.8533],[2.9032,47.8521],[2.9002,47.8528],[2.8999,47.8553],[2.8958,47.8546],[2.8955,47.8554],[2.8902,47.8555],[2.8900,47.8568],[2.8914,47.8585],[2.8910,47.8594],[2.8863,47.8576],[2.8824,47.8606],[2.8774,47.8606],[2.8760,47.8615],[2.8767,47.8630],[2.8718,47.8618],[2.8699,47.8635],[2.8695,47.8662],[2.8682,47.8674],[2.8649,47.8680],[2.8621,47.8698],[2.8595,47.8675],[2.8555,47.8693],[2.8496,47.8675],[2.8467,47.8689],[2.8401,47.8675],[2.8403,47.8699],[2.8413,47.8709],[2.8406,47.8719],[2.8373,47.8726],[2.8365,47.8767],[2.8321,47.8751],[2.8329,47.8798],[2.8302,47.8791],[2.8292,47.8777],[2.8269,47.8776],[2.8259,47.8791],[2.8221,47.8790],[2.8214,47.8801]]}},{"type":"Feature","properties":{"name":"L\u0027Aveyron"},"geometry":{"type":"LineString","coordinates":[[2.9944,47.7905],[2.9943,47.7905]]}},{"type":"Feature","properties":{"name":"L\u0027Aveyron"},"geometry":{"type":"LineString","coordinates":[[2.9899,47.8001],[2.9900,47.8002]]}},{"type":"Feature","properties":{"name":"L\u0027Aveyron"},"geometry":{"type":"LineString","coordinates":[[2.9928,47.7827],[2.9929,47.7827]]}},{"type":"Feature","properties":{"name":"L\u0027Aveyron"},"geometry":{"type":"LineString","coordinates":[[2.9929,47.7827],[2.9957,47.7853],[2.9962,47.7872],[2.9961,47.7894],[2.9944,47.7905]]}},{"type":"Feature","properties":{"name":"L\u0027Aveyron"},"geometry":{"type":"LineString","coordinates":[[2.8620,47.8695],[2.8604,47.8678]]}},{"type":"Feature","properties":{"name":"L\u0027Aveyron"},"geometry":{"type":"LineString","coordinates":[[2.9945,47.7785],[2.9916,47.7791],[2.9928,47.7827]]}},{"type":"Feature","properties":{"name":"L\u0027Aveyron"},"geometry":{"type":"LineString","coordinates":[[2.9950,47.7785],[2.9945,47.7785]]}},{"type":"Feature","properties":{"name":"Le Betz"},"geometry":{"type":"LineString","coordinates":[[2.8994,48.1397],[2.8994,48.1397]]}},{"type":"Feature","properties":{"name":"Le Betz"},"geometry":{"type":"LineString","coordinates":[[2.9210,48.1425],[2.9193,48.1428],[2.9141,48.1405]]}},{"type":"Feature","properties":{"name":"Le Betz"},"geometry":{"type":"LineString","coordinates":[[2.8994,48.1397],[2.8951,48.1387],[2.8927,48.1401],[2.8932,48.1429],[2.8894,48.1417],[2.8877,48.1420],[2.8862,48.1439],[2.8846,48.1431],[2.8839,48.1400],[2.8807,48.1423],[2.8794,48.1422],[2.8769,48.1406],[2.8711,48.1393],[2.8621,48.1392],[2.8565,48.1351],[2.8512,48.1346],[2.8471,48.1365],[2.8457,48.1421],[2.8392,48.1393],[2.8357,48.1387],[2.8282,48.1396],[2.8256,48.1415],[2.8197,48.1407],[2.8137,48.1412],[2.8066,48.1393],[2.8037,48.1402],[2.8022,48.1421],[2.8028,48.1468],[2.7991,48.1472],[2.7995,48.1480],[2.7964,48.1500],[2.7904,48.1482]]}},{"type":"Feature","properties":{"name":"Bras de l\u0027Ouanne"},"geometry":{"type":"LineString","coordinates":[[3.0606,47.9396],[3.0328,47.9439],[3.0276,47.9410],[3.0251,47.9411],[3.0231,47.9395]]}},{"type":"Feature","properties":{"name":"Bras de l\u0027Ouanne"},"geometry":{"type":"LineString","coordinates":[[2.8565,47.9477],[2.8498,47.9487],[2.8465,47.9482]]}},{"type":"Feature","properties":{"name":"Bras de l\u0027Ouanne"},"geometry":{"type":"LineString","coordinates":[[2.9494,47.9346],[2.9479,47.9351],[2.9472,47.9343]]}},{"type":"Feature","properties":{"name":"La Cheuille"},"geometry":{"type":"LineString","coordinates":[[2.9405,47.5804],[2.9376,47.5802],[2.9373,47.5791],[2.9361,47.5789],[2.9362,47.5771],[2.9334,47.5747],[2.9310,47.5742],[2.9306,47.5722],[2.9277,47.5706],[2.9245,47.5692],[2.9195,47.5701],[2.9133,47.5669]]}},{"type":"Feature","properties":{"name":"La Cheuille"},"geometry":{"type":"LineString","coordinates":[[2.9190,47.5699],[2.9178,47.5693]]}},{"type":"Feature","properties":{"name":"La Cheuille"},"geometry":{"type":"LineString","coordinates":[[2.9245,47.5692],[2.9192,47.5695]]}},{"type":"Feature","properties":{"name":"La Cheuille"},"geometry":{"type":"LineString","coordinates":[[2.9140,47.5654],[2.9138,47.5641],[2.9097,47.5620],[2.9088,47.5587],[2.9070,47.5585],[2.9050,47.5564],[2.8927,47.5539]]}},{"type":"Feature","properties":{"name":"La Cheuille"},"geometry":{"type":"LineString","coordinates":[[2.8857,47.5529],[2.8849,47.5528]]}},{"type":"Feature","properties":{"name":"La Cheuille"},"geometry":{"type":"LineString","coordinates":[[2.8521,47.5497],[2.8494,47.5494],[2.8479,47.5504],[2.8466,47.5524],[2.8420,47.5551],[2.8363,47.5621],[2.8325,47.5637],[2.8215,47.5719],[2.8079,47.5799],[2.8046,47.5813],[2.8005,47.5817]]}},{"type":"Feature","properties":{"name":"La Cheuille"},"geometry":{"type":"LineString","coordinates":[[2.8927,47.5539],[2.8902,47.5526],[2.8888,47.5533]]}},{"type":"Feature","properties":{"name":"La Cheuille"},"geometry":{"type":"LineString","coordinates":[[2.8888,47.5533],[2.8857,47.5529]]}},{"type":"Feature","properties":{"name":"La Cheuille"},"geometry":{"type":"LineString","coordinates":[[2.8621,47.5545],[2.8566,47.5527],[2.8563,47.5516],[2.8521,47.5497]]}},{"type":"Feature","properties":{"name":"La Cheuille"},"geometry":{"type":"LineString","coordinates":[[2.8715,47.5535],[2.8621,47.5545]]}},{"type":"Feature","properties":{"name":"La Cheuille"},"geometry":{"type":"LineString","coordinates":[[2.8849,47.5528],[2.8796,47.5525],[2.8794,47.5532],[2.8715,47.5535]]}},{"type":"Feature","properties":{"name":"La Cheuille"},"geometry":{"type":"LineString","coordinates":[[2.9133,47.5669],[2.9140,47.5654]]}},{"type":"Feature","properties":{"name":"La Loire"},"geometry":{"type":"LineString","coordinates":[[2.8680,47.3384],[2.8696,47.3480],[2.8731,47.3516],[2.8866,47.3608],[2.8907,47.3648],[2.8966,47.3731],[2.9075,47.3943],[2.9196,47.4071],[2.9205,47.4089],[2.9207,47.4237],[2.9253,47.4291],[2.9304,47.4329],[2.9325,47.4378],[2.9318,47.4411],[2.9211,47.4539],[2.9191,47.4587],[2.9193,47.4631],[2.9146,47.4714],[2.9063,47.4788],[2.8999,47.4804],[2.8976,47.4819],[2.8978,47.4902],[2.8844,47.5086],[2.8859,47.5099],[2.8861,47.5121],[2.8851,47.5136],[2.8768,47.5198],[2.8658,47.5257],[2.8533,47.5348],[2.8474,47.5400],[2.8444,47.5464],[2.8337,47.5511],[2.8268,47.5590],[2.8071,47.5758],[2.8033,47.5801],[2.7817,47.5890],[2.7714,47.5906],[2.7668,47.5931],[2.7628,47.5983],[2.7479,47.6055],[2.7401,47.6131],[2.7386,47.6165],[2.7384,47.6201]]}},{"type":"Feature","properties":{"name":"La Loire"},"geometry":{"type":"LineString","coordinates":[[3.0783,46.9607],[3.0721,46.9683],[3.0709,46.9705],[3.0716,46.9746],[3.0657,46.9834],[3.0657,46.9867],[3.0695,46.9980],[3.0679,47.0083],[3.0722,47.0122],[3.0734,47.0142],[3.0729,47.0159],[3.0786,47.0223],[3.0762,47.0282],[3.0669,47.0371],[3.0674,47.0469],[3.0639,47.0509],[3.0564,47.0542],[3.0206,47.0624],[3.0167,47.0675],[3.0170,47.0739],[3.0210,47.0811],[3.0240,47.0845],[3.0276,47.0907],[3.0341,47.0965],[3.0331,47.1084],[3.0334,47.1217],[3.0296,47.1319],[3.0303,47.1364],[3.0298,47.1415],[3.0262,47.1513],[3.0227,47.1541],[3.0197,47.1595],[3.0125,47.1641],[3.0106,47.1666],[3.0104,47.1679],[3.0138,47.1761],[3.0126,47.1812],[3.0076,47.1907],[3.0036,47.1938],[2.9976,47.1964],[2.9938,47.1997],[2.9889,47.2091],[2.9899,47.2143],[2.9890,47.2169],[2.9852,47.2216],[2.9833,47.2274],[2.9791,47.2340],[2.9791,47.2375],[2.9807,47.2428],[2.9767,47.2475],[2.9759,47.2537],[2.9786,47.2579],[2.9809,47.2597],[2.9817,47.2631],[2.9776,47.2681],[2.9724,47.2686],[2.9681,47.2705],[2.9652,47.2729],[2.9557,47.2767],[2.9526,47.2804],[2.9364,47.2862],[2.9334,47.2900],[2.9247,47.2961],[2.9225,47.3003],[2.9139,47.3091]]}},{"type":"Feature","properties":{"name":"La Loire"},"geometry":{"type":"LineString","coordinates":[[2.8844,47.5086],[2.8819,47.5122],[2.8715,47.5220]]}},{"type":"Feature","properties":{"name":"La Loire"},"geometry":{"type":"LineString","coordinates":[[2.8731,47.3227],[2.8659,47.3315],[2.8663,47.3355],[2.8683,47.3374]]}},{"type":"Feature","properties":{"name":"La Loire"},"geometry":{"type":"LineString","coordinates":[[2.9139,47.3091],[2.9082,47.3088],[2.9039,47.3098],[2.8992,47.3143],[2.8932,47.3167]]}},{"type":"Feature","properties":{"name":"La Loire"},"geometry":{"type":"LineString","coordinates":[[2.9652,47.2729],[2.9558,47.2804],[2.9457,47.2864],[2.9382,47.2882],[2.9345,47.2903],[2.9260,47.2972],[2.9242,47.3037],[2.9162,47.3072]]}},{"type":"Feature","properties":{"name":"La Loire"},"geometry":{"type":"LineString","coordinates":[[2.8689,47.3439],[2.8820,47.3531],[2.8866,47.3608]]}},{"type":"Feature","properties":{"name":"La Loire"},"geometry":{"type":"LineString","coordinates":[[2.8635,47.5273],[2.8543,47.5311],[2.8482,47.5352],[2.8462,47.5383],[2.8411,47.5408],[2.8352,47.5502]]}},{"type":"Feature","properties":{"name":"La Loire"},"geometry":{"type":"LineString","coordinates":[[2.8881,47.5037],[2.8915,47.5090],[2.8896,47.5113],[2.8851,47.5136]]}},{"type":"Feature","properties":{"name":"La Loire"},"geometry":{"type":"LineString","coordinates":[[2.9139,47.3091],[2.9041,47.3143],[2.8768,47.3192],[2.8731,47.3227],[2.8751,47.3294],[2.8749,47.3313],[2.8680,47.3383]]}},{"type":"Feature","properties":{"name":"La Loire"},"geometry":{"type":"LineString","coordinates":[[2.8680,47.3383],[2.8680,47.3384]]}},{"type":"Feature","properties":{"name":"La Vauvise"},"geometry":{"type":"LineString","coordinates":[[2.9044,47.2074],[2.9065,47.2082],[2.9071,47.2114],[2.9050,47.2207],[2.9031,47.2219],[2.9037,47.2258],[2.9003,47.2312],[2.8978,47.2323],[2.8959,47.2351],[2.8957,47.2416],[2.8970,47.2442],[2.8965,47.2459],[2.9023,47.2575],[2.9012,47.2641],[2.9001,47.2670],[2.8949,47.2732],[2.8910,47.2751],[2.8892,47.2781],[2.8898,47.2789],[2.8894,47.2815],[2.8924,47.2818],[2.8918,47.2831],[2.8939,47.2854],[2.8941,47.2877],[2.8878,47.2930],[2.8893,47.2938],[2.8828,47.2980],[2.8770,47.3049],[2.8765,47.3070],[2.8681,47.3084],[2.8631,47.3125],[2.8608,47.3166],[2.8588,47.3174],[2.8575,47.3231],[2.8604,47.3261],[2.8636,47.3273],[2.8643,47.3351],[2.8681,47.3381]]}},{"type":"Feature","properties":{"name":"Ancien Bief du Moulin de Ménétréol"},"geometry":{"type":"LineString","coordinates":[[2.8873,47.2930],[2.8832,47.2948],[2.8783,47.3007],[2.8726,47.3027],[2.8668,47.3062],[2.8651,47.3098],[2.8618,47.3118]]}},{"type":"Feature","properties":{"name":"L\u0027Orvanne"},"geometry":{"type":"LineString","coordinates":[[2.8393,48.3617],[2.8297,48.3647],[2.8277,48.3665],[2.8245,48.3748],[2.8182,48.3778]]}},{"type":"Feature","properties":{"name":"L\u0027Orvanne"},"geometry":{"type":"LineString","coordinates":[[2.8757,48.3221],[2.8676,48.3226]]}},{"type":"Feature","properties":{"name":"L\u0027Orvanne"},"geometry":{"type":"LineString","coordinates":[[2.9759,48.2801],[2.9715,48.2814],[2.9711,48.2822]]}},{"type":"Feature","properties":{"name":"L\u0027Orvanne"},"geometry":{"type":"LineString","coordinates":[[2.9684,48.2832],[2.9635,48.2840]]}},{"type":"Feature","properties":{"name":"L\u0027Orvanne"},"geometry":{"type":"LineString","coordinates":[[3.0357,48.2511],[3.0371,48.2525],[3.0344,48.2540]]}},{"type":"Feature","properties":{"name":"L\u0027Orvanne"},"geometry":{"type":"LineString","coordinates":[[2.9067,48.3207],[2.9014,48.3213],[2.8998,48.3193],[2.8944,48.3218],[2.8901,48.3208],[2.8819,48.3229]]}},{"type":"Feature","properties":{"name":"L\u0027Orvanne"},"geometry":{"type":"LineString","coordinates":[[3.0323,48.2549],[3.0242,48.2569],[3.0197,48.2570],[3.0195,48.2607],[3.0158,48.2617],[3.0127,48.2655]]}},{"type":"Feature","properties":{"name":"L\u0027Orvanne"},"geometry":{"type":"LineString","coordinates":[[3.0127,48.2655],[3.0024,48.2697],[3.0016,48.2725]]}},{"type":"Feature","properties":{"name":"L\u0027Orvanne"},"geometry":{"type":"LineString","coordinates":[[2.8819,48.3229],[2.8757,48.3221]]}},{"type":"Feature","properties":{"name":"L\u0027Orvanne"},"geometry":{"type":"LineString","coordinates":[[2.9541,48.2864],[2.9480,48.2878]]}},{"type":"Feature","properties":{"name":"L\u0027Orvanne"},"geometry":{"type":"LineString","coordinates":[[2.8563,48.3264],[2.8471,48.3339],[2.8485,48.3346],[2.8473,48.3370],[2.8487,48.3376],[2.8487,48.3387]]}},{"type":"Feature","properties":{"name":"L\u0027Orvanne"},"geometry":{"type":"LineString","coordinates":[[2.9405,48.3077],[2.9408,48.3136],[2.9361,48.3153],[2.9344,48.3150]]}},{"type":"Feature","properties":{"name":"L\u0027Orvanne"},"geometry":{"type":"LineString","coordinates":[[2.9877,48.2791],[2.9820,48.2777],[2.9759,48.2801]]}},{"type":"Feature","properties":{"name":"L\u0027Orvanne"},"geometry":{"type":"LineString","coordinates":[[3.0016,48.2725],[3.0013,48.2736],[2.9978,48.2746],[2.9970,48.2774],[2.9949,48.2773],[2.9923,48.2808],[2.9877,48.2791]]}},{"type":"Feature","properties":{"name":"L\u0027Orvanne"},"geometry":{"type":"LineString","coordinates":[[2.9315,48.3144],[2.9267,48.3135],[2.9182,48.3157]]}},{"type":"Feature","properties":{"name":"L\u0027Orvanne"},"geometry":{"type":"LineString","coordinates":[[2.9344,48.3150],[2.9315,48.3144]]}},{"type":"Feature","properties":{"name":"L\u0027Orvanne"},"geometry":{"type":"LineString","coordinates":[[2.9450,48.2923],[2.9447,48.2980],[2.9432,48.2986],[2.9438,48.2999],[2.9417,48.3017],[2.9426,48.3053],[2.9405,48.3077]]}},{"type":"Feature","properties":{"name":"L\u0027Orvanne"},"geometry":{"type":"LineString","coordinates":[[2.9471,48.2887],[2.9452,48.2907],[2.9450,48.2923]]}},{"type":"Feature","properties":{"name":"L\u0027Orvanne"},"geometry":{"type":"LineString","coordinates":[[2.9635,48.2840],[2.9586,48.2841],[2.9541,48.2864]]}},{"type":"Feature","properties":{"name":"L\u0027Orvanne"},"geometry":{"type":"LineString","coordinates":[[2.8424,48.3443],[2.8418,48.3465]]}},{"type":"Feature","properties":{"name":"L\u0027Orvanne"},"geometry":{"type":"LineString","coordinates":[[2.8418,48.3465],[2.8416,48.3473]]}},{"type":"Feature","properties":{"name":"L\u0027Orvanne"},"geometry":{"type":"LineString","coordinates":[[2.9182,48.3157],[2.9136,48.3163]]}},{"type":"Feature","properties":{"name":"L\u0027Orvanne"},"geometry":{"type":"LineString","coordinates":[[2.9708,48.2825],[2.9684,48.2832]]}},{"type":"Feature","properties":{"name":"L\u0027Orvanne"},"geometry":{"type":"LineString","coordinates":[[2.9711,48.2822],[2.9708,48.2825]]}},{"type":"Feature","properties":{"name":"L\u0027Orvanne"},"geometry":{"type":"LineString","coordinates":[[2.8395,48.3615],[2.8393,48.3617]]}},{"type":"Feature","properties":{"name":"L\u0027Orvanne"},"geometry":{"type":"LineString","coordinates":[[2.8414,48.3480],[2.8412,48.3493],[2.8395,48.3501],[2.8393,48.3539],[2.8406,48.3550],[2.8395,48.3615]]}},{"type":"Feature","properties":{"name":"L\u0027Orvanne"},"geometry":{"type":"LineString","coordinates":[[2.9059,48.3182],[2.9067,48.3207]]}},{"type":"Feature","properties":{"name":"L\u0027Orvanne"},"geometry":{"type":"LineString","coordinates":[[2.9136,48.3163],[2.9130,48.3164]]}},{"type":"Feature","properties":{"name":"L\u0027Orvanne"},"geometry":{"type":"LineString","coordinates":[[2.9130,48.3164],[2.9064,48.3174],[2.9059,48.3182]]}},{"type":"Feature","properties":{"name":"L\u0027Orvanne"},"geometry":{"type":"LineString","coordinates":[[2.9367,48.3151],[2.9365,48.3151]]}},{"type":"Feature","properties":{"name":"L\u0027Orvanne"},"geometry":{"type":"LineString","coordinates":[[2.9367,48.3151],[2.9367,48.3151]]}},{"type":"Feature","properties":{"name":"L\u0027Orvanne"},"geometry":{"type":"LineString","coordinates":[[2.9369,48.3150],[2.9367,48.3151]]}},{"type":"Feature","properties":{"name":"L\u0027Orvanne"},"geometry":{"type":"LineString","coordinates":[[2.9480,48.2878],[2.9471,48.2887]]}},{"type":"Feature","properties":{"name":"L\u0027Orvanne"},"geometry":{"type":"LineString","coordinates":[[2.9480,48.2878],[2.9480,48.2878]]}},{"type":"Feature","properties":{"name":"L\u0027Orvanne"},"geometry":{"type":"LineString","coordinates":[[3.0324,48.2549],[3.0323,48.2549]]}},{"type":"Feature","properties":{"name":"L\u0027Orvanne"},"geometry":{"type":"LineString","coordinates":[[3.0344,48.2540],[3.0324,48.2549]]}},{"type":"Feature","properties":{"name":"L\u0027Orvanne"},"geometry":{"type":"LineString","coordinates":[[3.0356,48.2509],[3.0357,48.2511]]}},{"type":"Feature","properties":{"name":"L\u0027Orvanne"},"geometry":{"type":"LineString","coordinates":[[3.0356,48.2508],[3.0356,48.2509]]}},{"type":"Feature","properties":{"name":"Ruisseau de la Maladerie"},"geometry":{"type":"LineString","coordinates":[[3.0629,47.5538],[3.0644,47.5529],[3.0652,47.5490],[3.0647,47.5430]]}},{"type":"Feature","properties":{"name":"Ruisseau de la Maladerie"},"geometry":{"type":"LineString","coordinates":[[3.0646,47.5430],[3.0643,47.5420]]}},{"type":"Feature","properties":{"name":"Ruisseau de la Maladerie"},"geometry":{"type":"LineString","coordinates":[[3.0643,47.5419],[3.0647,47.5377],[3.0680,47.5349],[3.0699,47.5313]]}},{"type":"Feature","properties":{"name":"Ruisseau de la Maladerie"},"geometry":{"type":"LineString","coordinates":[[3.0647,47.5430],[3.0646,47.5430]]}},{"type":"Feature","properties":{"name":"Ruisseau de la Maladerie"},"geometry":{"type":"LineString","coordinates":[[3.0643,47.5420],[3.0643,47.5419]]}},{"type":"Feature","properties":{"name":"La Cléry"},"geometry":{"type":"LineString","coordinates":[[2.8381,48.0712],[2.8343,48.0720]]}},{"type":"Feature","properties":{"name":"La Cléry"},"geometry":{"type":"LineString","coordinates":[[3.0649,48.0434],[3.0618,48.0428]]}},{"type":"Feature","properties":{"name":"La Cléry"},"geometry":{"type":"LineString","coordinates":[[3.0618,48.0428],[3.0604,48.0427]]}},{"type":"Feature","properties":{"name":"La Cléry"},"geometry":{"type":"LineString","coordinates":[[3.0754,48.0458],[3.0680,48.0454],[3.0649,48.0434]]}},{"type":"Feature","properties":{"name":"La Cléry"},"geometry":{"type":"LineString","coordinates":[[3.0599,48.0426],[3.0525,48.0419]]}},{"type":"Feature","properties":{"name":"La Cléry"},"geometry":{"type":"LineString","coordinates":[[3.0525,48.0419],[3.0382,48.0415]]}},{"type":"Feature","properties":{"name":"La Cléry"},"geometry":{"type":"LineString","coordinates":[[3.0382,48.0415],[3.0381,48.0415]]}},{"type":"Feature","properties":{"name":"La Cléry"},"geometry":{"type":"LineString","coordinates":[[3.0604,48.0427],[3.0599,48.0426]]}},{"type":"Feature","properties":{"name":"La Cléry"},"geometry":{"type":"LineString","coordinates":[[2.9036,48.0598],[2.8985,48.0608],[2.8955,48.0628],[2.8868,48.0629],[2.8818,48.0659],[2.8778,48.0660],[2.8744,48.0644],[2.8646,48.0664],[2.8604,48.0659],[2.8567,48.0667],[2.8546,48.0659],[2.8529,48.0672]]}},{"type":"Feature","properties":{"name":"La Cléry"},"geometry":{"type":"LineString","coordinates":[[3.0381,48.0415],[3.0340,48.0420],[3.0337,48.0432],[3.0306,48.0441],[3.0292,48.0454],[3.0295,48.0465],[3.0323,48.0478],[3.0317,48.0498],[3.0237,48.0513]]}},{"type":"Feature","properties":{"name":"La Cléry"},"geometry":{"type":"LineString","coordinates":[[2.8529,48.0672],[2.8526,48.0692],[2.8492,48.0700],[2.8463,48.0688],[2.8465,48.0681],[2.8430,48.0675],[2.8420,48.0691],[2.8381,48.0712]]}},{"type":"Feature","properties":{"name":"La Cléry"},"geometry":{"type":"LineString","coordinates":[[3.0762,48.0463],[3.0754,48.0458]]}},{"type":"Feature","properties":{"name":"La Cléry"},"geometry":{"type":"LineString","coordinates":[[2.9025,48.0600],[2.9035,48.0616],[2.9006,48.0625],[2.8969,48.0620]]}},{"type":"Feature","properties":{"name":"La Cléry"},"geometry":{"type":"LineString","coordinates":[[2.8305,48.0753],[2.8288,48.0770],[2.8245,48.0756],[2.8193,48.0762],[2.8194,48.0785],[2.8124,48.0812],[2.8048,48.0866],[2.8025,48.0871],[2.7983,48.0861],[2.7901,48.0882]]}},{"type":"Feature","properties":{"name":"La Cléry"},"geometry":{"type":"LineString","coordinates":[[2.9366,48.0514],[2.9364,48.0514]]}},{"type":"Feature","properties":{"name":"La Cléry"},"geometry":{"type":"LineString","coordinates":[[2.9499,48.0513],[2.9490,48.0501],[2.9477,48.0514],[2.9469,48.0506],[2.9366,48.0514]]}},{"type":"Feature","properties":{"name":"La Cléry"},"geometry":{"type":"LineString","coordinates":[[2.9038,48.0598],[2.9036,48.0598]]}},{"type":"Feature","properties":{"name":"La Cléry"},"geometry":{"type":"LineString","coordinates":[[2.9364,48.0514],[2.9312,48.0515],[2.9263,48.0551],[2.9160,48.0588],[2.9119,48.0581],[2.9091,48.0604],[2.9038,48.0598]]}},{"type":"Feature","properties":{"name":"La Seine"},"geometry":{"type":"LineString","coordinates":[[3.0833,48.3899],[3.0549,48.3881]]}},{"type":"Feature","properties":{"name":"La Seine"},"geometry":{"type":"LineString","coordinates":[[3.0549,48.3881],[3.0533,48.3891],[3.0528,48.3913],[3.0504,48.3923],[3.0445,48.3918],[3.0401,48.3893],[3.0273,48.3886]]}},{"type":"Feature","properties":{"name":"La Seine"},"geometry":{"type":"LineString","coordinates":[[3.0273,48.3886],[2.9847,48.3970],[2.9770,48.3963],[2.9630,48.3896],[2.9576,48.3886]]}},{"type":"Feature","properties":{"name":"La Seine"},"geometry":{"type":"LineString","coordinates":[[2.9576,48.3886],[2.9424,48.3888]]}},{"type":"Feature","properties":{"name":"La Seine"},"geometry":{"type":"LineString","coordinates":[[2.8566,48.3729],[2.8545,48.3737]]}},{"type":"Feature","properties":{"name":"La Seine"},"geometry":{"type":"LineString","coordinates":[[2.8340,48.3882],[2.8282,48.3910],[2.8207,48.3928],[2.8115,48.3916]]}},{"type":"Feature","properties":{"name":"La Seine"},"geometry":{"type":"LineString","coordinates":[[2.8462,48.3792],[2.8389,48.3857]]}},{"type":"Feature","properties":{"name":"La Seine"},"geometry":{"type":"LineString","coordinates":[[2.8545,48.3737],[2.8479,48.3772],[2.8462,48.3792]]}},{"type":"Feature","properties":{"name":"La Seine"},"geometry":{"type":"LineString","coordinates":[[2.8976,48.3695],[2.8866,48.3751],[2.8840,48.3756],[2.8722,48.3750],[2.8613,48.3718],[2.8566,48.3729]]}},{"type":"Feature","properties":{"name":"La Seine"},"geometry":{"type":"LineString","coordinates":[[2.9424,48.3888],[2.9361,48.3878]]}},{"type":"Feature","properties":{"name":"La Seine"},"geometry":{"type":"LineString","coordinates":[[3.1826,48.4237],[3.1603,48.4183],[3.1360,48.4081],[3.1158,48.4036],[3.1069,48.3987],[3.1038,48.3936],[3.1000,48.3914],[3.0924,48.3896],[3.0833,48.3899]]}},{"type":"Feature","properties":{"name":"La Seine"},"geometry":{"type":"LineString","coordinates":[[2.9203,48.3789],[2.9178,48.3758]]}},{"type":"Feature","properties":{"name":"La Seine"},"geometry":{"type":"LineString","coordinates":[[2.9178,48.3758],[2.9101,48.3733]]}},{"type":"Feature","properties":{"name":"La Seine"},"geometry":{"type":"LineString","coordinates":[[2.9101,48.3733],[2.9015,48.3698],[2.8976,48.3695]]}},{"type":"Feature","properties":{"name":"La Seine"},"geometry":{"type":"LineString","coordinates":[[2.9361,48.3878],[2.9203,48.3789]]}},{"type":"Feature","properties":{"name":"La Seine"},"geometry":{"type":"LineString","coordinates":[[2.9143,48.3756],[2.9101,48.3733]]}},{"type":"Feature","properties":{"name":"La Seine"},"geometry":{"type":"LineString","coordinates":[[2.9203,48.3789],[2.9164,48.3767]]}},{"type":"Feature","properties":{"name":"La Seine"},"geometry":{"type":"LineString","coordinates":[[2.8389,48.3857],[2.8340,48.3882]]}},{"type":"Feature","properties":{"name":"Le Moule"},"geometry":{"type":"LineString","coordinates":[[2.9027,47.3044],[2.8836,47.3140],[2.8804,47.3164],[2.8795,47.3182]]}},{"type":"Feature","properties":{"name":"Le Moule"},"geometry":{"type":"LineString","coordinates":[[2.8902,47.2791],[2.8974,47.2810],[2.9001,47.2829],[2.9020,47.2848],[2.9018,47.2881],[2.9029,47.2909],[2.9109,47.2956],[2.9082,47.3004],[2.9037,47.3026],[2.9027,47.3044]]}},{"type":"Feature","properties":{"name":"L\u0027Agréau"},"geometry":{"type":"LineString","coordinates":[[3.0887,47.7381],[3.0885,47.7381]]}},{"type":"Feature","properties":{"name":"L\u0027Agréau"},"geometry":{"type":"LineString","coordinates":[[3.0885,47.7381],[3.0875,47.7388],[3.0882,47.7395],[3.0865,47.7402],[3.0876,47.7430],[3.0844,47.7441],[3.0840,47.7471],[3.0859,47.7479],[3.0864,47.7494],[3.0825,47.7506],[3.0828,47.7527],[3.0790,47.7536],[3.0766,47.7554],[3.0733,47.7556],[3.0706,47.7597],[3.0730,47.7610],[3.0730,47.7628],[3.0708,47.7656],[3.0666,47.7678],[3.0663,47.7686],[3.0679,47.7702],[3.0713,47.7710],[3.0708,47.7748],[3.0690,47.7763],[3.0696,47.7807],[3.0760,47.7829],[3.0762,47.7846],[3.0745,47.7856],[3.0766,47.7878],[3.0755,47.7911],[3.0777,47.7933],[3.0766,47.7946],[3.0772,47.7981],[3.0857,47.8039],[3.0881,47.8084],[3.0912,47.8080],[3.0964,47.8123]]}},{"type":"Feature","properties":{"name":"La Vrille"},"geometry":{"type":"LineString","coordinates":[[2.8900,47.5292],[2.8896,47.5289]]}},{"type":"Feature","properties":{"name":"La Vrille"},"geometry":{"type":"LineString","coordinates":[[2.8951,47.5314],[2.8947,47.5303],[2.8885,47.5281],[2.8843,47.5282],[2.8848,47.5259],[2.8834,47.5245],[2.8801,47.5237],[2.8776,47.5242],[2.8755,47.5230],[2.8763,47.5216],[2.8753,47.5214]]}},{"type":"Feature","properties":{"name":"La Vrille"},"geometry":{"type":"LineString","coordinates":[[2.8969,47.5325],[2.8951,47.5314]]}},{"type":"Feature","properties":{"name":"La Vrille"},"geometry":{"type":"LineString","coordinates":[[3.0111,47.5359],[3.0109,47.5347],[3.0048,47.5340],[3.0019,47.5351],[3.0003,47.5377],[2.9985,47.5385],[2.9943,47.5369],[2.9902,47.5384],[2.9894,47.5396],[2.9858,47.5402]]}},{"type":"Feature","properties":{"name":"La Vrille"},"geometry":{"type":"LineString","coordinates":[[2.9312,47.5372],[2.9273,47.5353]]}},{"type":"Feature","properties":{"name":"La Vrille"},"geometry":{"type":"LineString","coordinates":[[2.9355,47.5373],[2.9312,47.5372]]}},{"type":"Feature","properties":{"name":"La Vrille"},"geometry":{"type":"LineString","coordinates":[[2.9273,47.5353],[2.9195,47.5321],[2.9157,47.5324],[2.9160,47.5331],[2.9139,47.5323],[2.9111,47.5336],[2.9075,47.5335],[2.9037,47.5334],[2.9014,47.5322],[2.8966,47.5326],[2.8951,47.5314]]}},{"type":"Feature","properties":{"name":"La Vrille"},"geometry":{"type":"LineString","coordinates":[[2.9858,47.5402],[2.9791,47.5402],[2.9752,47.5435],[2.9745,47.5454],[2.9705,47.5450],[2.9657,47.5459],[2.9639,47.5432],[2.9590,47.5439],[2.9560,47.5418],[2.9480,47.5411],[2.9458,47.5398],[2.9434,47.5399],[2.9404,47.5383],[2.9390,47.5386],[2.9379,47.5374],[2.9355,47.5373]]}},{"type":"Feature","properties":{"name":"La Vrille"},"geometry":{"type":"LineString","coordinates":[[2.9312,47.5372],[2.9288,47.5378],[2.9273,47.5353]]}},{"type":"Feature","properties":{"name":"La Vrille"},"geometry":{"type":"LineString","coordinates":[[3.0743,47.5325],[3.0678,47.5307]]}},{"type":"Feature","properties":{"name":"La Vrille"},"geometry":{"type":"LineString","coordinates":[[3.1773,47.5389],[3.1753,47.5381],[3.1713,47.5384],[3.1685,47.5348],[3.1674,47.5345],[3.1382,47.5434],[3.1307,47.5429],[3.1247,47.5399],[3.1184,47.5391],[3.1174,47.5398],[3.1180,47.5406],[3.1162,47.5404],[3.1162,47.5412],[3.1125,47.5416],[3.1086,47.5408],[3.1015,47.5426],[3.0964,47.5415],[3.0947,47.5398],[3.0930,47.5394],[3.0926,47.5375],[3.0869,47.5360],[3.0844,47.5344],[3.0794,47.5340],[3.0649,47.5303],[3.0626,47.5320],[3.0413,47.5328],[3.0397,47.5319],[3.0321,47.5346],[3.0200,47.5340],[3.0111,47.5359]]}},{"type":"Feature","properties":{"name":"La Vrille"},"geometry":{"type":"LineString","coordinates":[[3.0111,47.5359],[3.0056,47.5354],[2.9990,47.5389],[2.9883,47.5405]]}},{"type":"Feature","properties":{"name":"La Vrille"},"geometry":{"type":"LineString","coordinates":[[2.9355,47.5373],[2.9312,47.5372]]}},{"type":"Feature","properties":{"name":"La Vrille"},"geometry":{"type":"LineString","coordinates":[[2.9883,47.5405],[2.9882,47.5405]]}},{"type":"Feature","properties":{"name":"La Vrille"},"geometry":{"type":"LineString","coordinates":[[2.9882,47.5405],[2.9858,47.5402]]}},{"type":"Feature","properties":{"name":"Rigole du Bourdon"},"geometry":{"type":"LineString","coordinates":[[3.0876,47.6180],[3.0900,47.6205],[3.0900,47.6225],[3.0850,47.6272],[3.0818,47.6278],[3.0789,47.6331],[3.0749,47.6354],[3.0734,47.6398]]}},{"type":"Feature","properties":{"name":"Rigole du Bourdon"},"geometry":{"type":"LineString","coordinates":[[3.0709,47.6406],[3.0700,47.6447]]}},{"type":"Feature","properties":{"name":"Rigole du Bourdon"},"geometry":{"type":"LineString","coordinates":[[3.0710,47.6405],[3.0709,47.6406]]}},{"type":"Feature","properties":{"name":"Rigole du Bourdon"},"geometry":{"type":"LineString","coordinates":[[3.0733,47.6400],[3.0710,47.6405]]}},{"type":"Feature","properties":{"name":"Rigole du Bourdon"},"geometry":{"type":"LineString","coordinates":[[3.0734,47.6398],[3.0733,47.6400]]}},{"type":"Feature","properties":{"name":"L\u0027Auxence"},"geometry":{"type":"LineString","coordinates":[[3.1297,48.4283],[3.1257,48.4264],[3.1180,48.4252],[3.1142,48.4232],[3.1080,48.4226],[3.1029,48.4192],[3.1032,48.4172],[3.0989,48.4144],[3.0976,48.4106],[3.0937,48.4092],[3.0926,48.4076],[3.0897,48.4091],[3.0876,48.4062],[3.0833,48.4051],[3.0829,48.4017],[3.0769,48.3989],[3.0759,48.3973],[3.0728,48.3971],[3.0741,48.3945],[3.0708,48.3948],[3.0701,48.3941],[3.0706,48.3929],[3.0696,48.3921],[3.0651,48.3936],[3.0589,48.3907],[3.0517,48.3920]]}},{"type":"Feature","properties":{"name":"L\u0027Ouanne"},"geometry":{"type":"LineString","coordinates":[[3.0893,47.8742],[3.0889,47.8773]]}},{"type":"Feature","properties":{"name":"L\u0027Ouanne"},"geometry":{"type":"LineString","coordinates":[[3.0653,47.9304],[3.0650,47.9313],[3.0663,47.9320],[3.0680,47.9362],[3.0670,47.9374],[3.0606,47.9396],[3.0541,47.9366],[3.0497,47.9389],[3.0501,47.9398],[3.0491,47.9409],[3.0458,47.9410],[3.0456,47.9399],[3.0438,47.9393],[3.0389,47.9412],[3.0368,47.9402],[3.0338,47.9416],[3.0287,47.9392],[3.0194,47.9396]]}},{"type":"Feature","properties":{"name":"L\u0027Ouanne"},"geometry":{"type":"LineString","coordinates":[[2.8869,47.9352],[2.8852,47.9348],[2.8831,47.9364],[2.8811,47.9361],[2.8803,47.9377],[2.8760,47.9398],[2.8668,47.9390],[2.8636,47.9412],[2.8628,47.9460],[2.8566,47.9476],[2.8569,47.9496],[2.8520,47.9518],[2.8473,47.9522],[2.8459,47.9499],[2.8465,47.9482],[2.8357,47.9483],[2.8295,47.9467],[2.8268,47.9473],[2.8239,47.9495],[2.8215,47.9494],[2.8221,47.9497],[2.8179,47.9484]]}},{"type":"Feature","properties":{"name":"L\u0027Ouanne"},"geometry":{"type":"LineString","coordinates":[[3.0194,47.9396],[3.0177,47.9395],[3.0163,47.9415],[3.0083,47.9397],[3.0073,47.9405],[3.0045,47.9399],[3.0024,47.9407],[3.0025,47.9417],[3.0011,47.9415]]}},{"type":"Feature","properties":{"name":"L\u0027Ouanne"},"geometry":{"type":"LineString","coordinates":[[2.9256,47.9279],[2.9252,47.9279]]}},{"type":"Feature","properties":{"name":"L\u0027Ouanne"},"geometry":{"type":"LineString","coordinates":[[3.1136,47.8330],[3.1113,47.8346],[3.1108,47.8370],[3.1083,47.8390],[3.1063,47.8384],[3.1028,47.8394],[3.0983,47.8393],[3.0977,47.8432],[3.0960,47.8458],[3.0943,47.8457],[3.0929,47.8470],[3.0940,47.8484],[3.0933,47.8498],[3.0947,47.8561]]}},{"type":"Feature","properties":{"name":"L\u0027Ouanne"},"geometry":{"type":"LineString","coordinates":[[3.0933,47.8587],[3.0894,47.8617],[3.0881,47.8639],[3.0898,47.8690],[3.0888,47.8715],[3.0893,47.8742]]}},{"type":"Feature","properties":{"name":"L\u0027Ouanne"},"geometry":{"type":"LineString","coordinates":[[3.0889,47.8773],[3.0890,47.8775]]}},{"type":"Feature","properties":{"name":"L\u0027Ouanne"},"geometry":{"type":"LineString","coordinates":[[3.0890,47.8775],[3.0922,47.8797],[3.0920,47.8826],[3.0930,47.8831],[3.0923,47.8851],[3.0909,47.8858],[3.0907,47.8903],[3.0883,47.8971],[3.0889,47.8987],[3.0859,47.9014],[3.0861,47.9037],[3.0872,47.9048],[3.0851,47.9070],[3.0856,47.9088],[3.0835,47.9095],[3.0808,47.9124],[3.0785,47.9124],[3.0772,47.9167],[3.0736,47.9226],[3.0741,47.9242],[3.0706,47.9260],[3.0705,47.9272],[3.0669,47.9272],[3.0662,47.9290],[3.0668,47.9294],[3.0653,47.9304]]}},{"type":"Feature","properties":{"name":"L\u0027Ouanne"},"geometry":{"type":"LineString","coordinates":[[2.9134,47.9321],[2.9053,47.9325],[2.9053,47.9313],[2.8984,47.9286],[2.8971,47.9302],[2.8922,47.9304],[2.8869,47.9352]]}},{"type":"Feature","properties":{"name":"L\u0027Ouanne"},"geometry":{"type":"LineString","coordinates":[[2.9298,47.9320],[2.9275,47.9321],[2.9257,47.9310]]}},{"type":"Feature","properties":{"name":"L\u0027Ouanne"},"geometry":{"type":"LineString","coordinates":[[2.8335,47.9480],[2.8321,47.9477],[2.8315,47.9489],[2.8296,47.9482],[2.8286,47.9498],[2.8267,47.9489],[2.8259,47.9503]]}},{"type":"Feature","properties":{"name":"L\u0027Ouanne"},"geometry":{"type":"LineString","coordinates":[[2.9391,47.9343],[2.9308,47.9330],[2.9287,47.9310],[2.9234,47.9314],[2.9201,47.9298],[2.9191,47.9305],[2.9192,47.9318],[2.9134,47.9321]]}},{"type":"Feature","properties":{"name":"L\u0027Ouanne"},"geometry":{"type":"LineString","coordinates":[[2.9783,47.9384],[2.9705,47.9383],[2.9668,47.9351]]}},{"type":"Feature","properties":{"name":"L\u0027Ouanne"},"geometry":{"type":"LineString","coordinates":[[2.9799,47.9385],[2.9797,47.9386]]}},{"type":"Feature","properties":{"name":"L\u0027Ouanne"},"geometry":{"type":"LineString","coordinates":[[2.9797,47.9386],[2.9783,47.9384]]}},{"type":"Feature","properties":{"name":"L\u0027Ouanne"},"geometry":{"type":"LineString","coordinates":[[2.9942,47.9415],[2.9937,47.9409]]}},{"type":"Feature","properties":{"name":"L\u0027Ouanne"},"geometry":{"type":"LineString","coordinates":[[2.9976,47.9426],[2.9945,47.9418],[2.9915,47.9393],[2.9889,47.9388],[2.9846,47.9362],[2.9829,47.9362],[2.9817,47.9379]]}},{"type":"Feature","properties":{"name":"L\u0027Ouanne"},"geometry":{"type":"LineString","coordinates":[[3.0011,47.9415],[2.9999,47.9427],[2.9976,47.9426]]}},{"type":"Feature","properties":{"name":"L\u0027Ouanne"},"geometry":{"type":"LineString","coordinates":[[3.0896,47.8734],[3.0914,47.8735],[3.0945,47.8779],[3.0927,47.8829]]}},{"type":"Feature","properties":{"name":"L\u0027Ouanne"},"geometry":{"type":"LineString","coordinates":[[3.0948,47.8563],[3.0933,47.8587]]}},{"type":"Feature","properties":{"name":"L\u0027Ouanne"},"geometry":{"type":"LineString","coordinates":[[3.0947,47.8561],[3.0948,47.8563]]}},{"type":"Feature","properties":{"name":"La Vanne"},"geometry":{"type":"LineString","coordinates":[[3.8585,48.2735],[3.8584,48.2733]]}},{"type":"Feature","properties":{"name":"La Vanne"},"geometry":{"type":"LineString","coordinates":[[3.8638,48.2752],[3.8609,48.2750],[3.8585,48.2735]]}},{"type":"Feature","properties":{"name":"La Vanne"},"geometry":{"type":"LineString","coordinates":[[3.8734,48.2785],[3.8716,48.2768],[3.8720,48.2758],[3.8679,48.2762],[3.8639,48.2752]]}},{"type":"Feature","properties":{"name":"La Vanne"},"geometry":{"type":"LineString","coordinates":[[3.8584,48.2733],[3.8561,48.2718],[3.8540,48.2723],[3.8511,48.2712]]}},{"type":"Feature","properties":{"name":"La Vanne"},"geometry":{"type":"LineString","coordinates":[[3.8639,48.2752],[3.8638,48.2752]]}},{"type":"Feature","properties":{"name":"La Vanne"},"geometry":{"type":"LineString","coordinates":[[3.8511,48.2712],[3.8439,48.2692],[3.8355,48.2698],[3.8326,48.2688],[3.8234,48.2685],[3.8217,48.2693],[3.8062,48.2684]]}},{"type":"Feature","properties":{"name":"La Vanne"},"geometry":{"type":"LineString","coordinates":[[3.6175,48.2293],[3.6140,48.2324],[3.6104,48.2317],[3.6080,48.2328],[3.6072,48.2316],[3.6057,48.2316],[3.6052,48.2301]]}},{"type":"Feature","properties":{"name":"La Vanne"},"geometry":{"type":"LineString","coordinates":[[3.5957,48.2304],[3.5935,48.2297],[3.5886,48.2302],[3.5807,48.2285]]}},{"type":"Feature","properties":{"name":"La Vanne"},"geometry":{"type":"LineString","coordinates":[[3.6052,48.2301],[3.6001,48.2298]]}},{"type":"Feature","properties":{"name":"La Vanne"},"geometry":{"type":"LineString","coordinates":[[3.6001,48.2298],[3.5957,48.2304]]}},{"type":"Feature","properties":{"name":"La Vanne"},"geometry":{"type":"LineString","coordinates":[[3.6566,48.2265],[3.6532,48.2236],[3.6492,48.2232],[3.6460,48.2241],[3.6350,48.2230],[3.6327,48.2240],[3.6330,48.2249],[3.6320,48.2253]]}},{"type":"Feature","properties":{"name":"La Vanne"},"geometry":{"type":"LineString","coordinates":[[3.3791,48.1697],[3.3709,48.1704],[3.3667,48.1690],[3.3613,48.1687],[3.3606,48.1699],[3.3538,48.1715],[3.3524,48.1726],[3.3475,48.1738],[3.3453,48.1734],[3.3426,48.1747],[3.3408,48.1742],[3.3387,48.1762],[3.3283,48.1785],[3.3266,48.1775],[3.3214,48.1769],[3.3143,48.1795],[3.3061,48.1784]]}},{"type":"Feature","properties":{"name":"La Vanne"},"geometry":{"type":"LineString","coordinates":[[3.6704,48.2312],[3.6646,48.2298],[3.6634,48.2304],[3.6573,48.2268]]}},{"type":"Feature","properties":{"name":"La Vanne"},"geometry":{"type":"LineString","coordinates":[[3.3389,48.1760],[3.3370,48.1755],[3.3371,48.1764]]}},{"type":"Feature","properties":{"name":"La Vanne"},"geometry":{"type":"LineString","coordinates":[[3.4861,48.2105],[3.4854,48.2105],[3.4845,48.2074],[3.4760,48.2010]]}},{"type":"Feature","properties":{"name":"La Vanne"},"geometry":{"type":"LineString","coordinates":[[3.4165,48.1685],[3.4077,48.1713]]}},{"type":"Feature","properties":{"name":"La Vanne"},"geometry":{"type":"LineString","coordinates":[[3.8059,48.2683],[3.8021,48.2681],[3.7978,48.2699],[3.7970,48.2695],[3.7973,48.2687],[3.7933,48.2676],[3.7904,48.2652],[3.7768,48.2591],[3.7735,48.2594],[3.7724,48.2610],[3.7691,48.2610],[3.7565,48.2569],[3.7385,48.2575],[3.7334,48.2557],[3.7321,48.2538],[3.7303,48.2533]]}},{"type":"Feature","properties":{"name":"La Vanne"},"geometry":{"type":"LineString","coordinates":[[3.8062,48.2684],[3.8059,48.2683]]}},{"type":"Feature","properties":{"name":"La Vanne"},"geometry":{"type":"LineString","coordinates":[[3.7303,48.2533],[3.7301,48.2532]]}},{"type":"Feature","properties":{"name":"La Vanne"},"geometry":{"type":"LineString","coordinates":[[3.7301,48.2532],[3.7258,48.2519],[3.7249,48.2503],[3.7233,48.2500],[3.7254,48.2493],[3.7238,48.2489],[3.7245,48.2476],[3.7219,48.2482],[3.7205,48.2467],[3.7079,48.2439],[3.7029,48.2415],[3.7023,48.2397],[3.6980,48.2389],[3.6978,48.2376],[3.6938,48.2370],[3.6926,48.2353],[3.6896,48.2350],[3.6873,48.2322],[3.6859,48.2326],[3.6759,48.2296],[3.6706,48.2312]]}},{"type":"Feature","properties":{"name":"La Vanne"},"geometry":{"type":"LineString","coordinates":[[3.6566,48.2265],[3.6503,48.2250],[3.6349,48.2263],[3.6320,48.2253]]}},{"type":"Feature","properties":{"name":"La Vanne"},"geometry":{"type":"LineString","coordinates":[[3.6320,48.2253],[3.6307,48.2249]]}},{"type":"Feature","properties":{"name":"La Vanne"},"geometry":{"type":"LineString","coordinates":[[3.4736,48.2003],[3.4683,48.1987],[3.4674,48.1997],[3.4619,48.1970],[3.4604,48.1952],[3.4579,48.1952],[3.4575,48.1942]]}},{"type":"Feature","properties":{"name":"La Vanne"},"geometry":{"type":"LineString","coordinates":[[3.6573,48.2268],[3.6566,48.2265]]}},{"type":"Feature","properties":{"name":"La Vanne"},"geometry":{"type":"LineString","coordinates":[[3.5197,48.2284],[3.5185,48.2266],[3.5144,48.2249],[3.5114,48.2251],[3.5088,48.2241]]}},{"type":"Feature","properties":{"name":"La Vanne"},"geometry":{"type":"LineString","coordinates":[[3.5376,48.2325],[3.5351,48.2320],[3.5315,48.2329],[3.5293,48.2308],[3.5273,48.2313],[3.5197,48.2284]]}},{"type":"Feature","properties":{"name":"La Vanne"},"geometry":{"type":"LineString","coordinates":[[3.5174,48.2263],[3.5145,48.2240],[3.5073,48.2223]]}},{"type":"Feature","properties":{"name":"La Vanne"},"geometry":{"type":"LineString","coordinates":[[3.5516,48.2305],[3.5482,48.2306],[3.5483,48.2320],[3.5397,48.2323]]}},{"type":"Feature","properties":{"name":"La Vanne"},"geometry":{"type":"LineString","coordinates":[[3.4872,48.2117],[3.4861,48.2105]]}},{"type":"Feature","properties":{"name":"La Vanne"},"geometry":{"type":"LineString","coordinates":[[3.5807,48.2285],[3.5764,48.2290],[3.5742,48.2304],[3.5731,48.2294],[3.5719,48.2311],[3.5672,48.2302],[3.5649,48.2314],[3.5599,48.2315],[3.5563,48.2304]]}},{"type":"Feature","properties":{"name":"La Vanne"},"geometry":{"type":"LineString","coordinates":[[3.4910,48.2140],[3.4872,48.2117]]}},{"type":"Feature","properties":{"name":"La Vanne"},"geometry":{"type":"LineString","coordinates":[[3.5388,48.2323],[3.5376,48.2325]]}},{"type":"Feature","properties":{"name":"La Vanne"},"geometry":{"type":"LineString","coordinates":[[3.5051,48.2234],[3.5067,48.2219]]}},{"type":"Feature","properties":{"name":"La Vanne"},"geometry":{"type":"LineString","coordinates":[[3.5091,48.2261],[3.5065,48.2258]]}},{"type":"Feature","properties":{"name":"La Vanne"},"geometry":{"type":"LineString","coordinates":[[3.5050,48.2235],[3.5051,48.2234]]}},{"type":"Feature","properties":{"name":"La Vanne"},"geometry":{"type":"LineString","coordinates":[[3.5044,48.2242],[3.5045,48.2241]]}},{"type":"Feature","properties":{"name":"La Vanne"},"geometry":{"type":"LineString","coordinates":[[3.5092,48.2260],[3.5091,48.2261]]}},{"type":"Feature","properties":{"name":"La Vanne"},"geometry":{"type":"LineString","coordinates":[[3.5065,48.2258],[3.5064,48.2258]]}},{"type":"Feature","properties":{"name":"La Vanne"},"geometry":{"type":"LineString","coordinates":[[3.5088,48.2241],[3.5086,48.2240]]}},{"type":"Feature","properties":{"name":"La Vanne"},"geometry":{"type":"LineString","coordinates":[[3.5064,48.2258],[3.5044,48.2242]]}},{"type":"Feature","properties":{"name":"La Vanne"},"geometry":{"type":"LineString","coordinates":[[3.5114,48.2251],[3.5092,48.2260]]}},{"type":"Feature","properties":{"name":"La Vanne"},"geometry":{"type":"LineString","coordinates":[[3.5045,48.2241],[3.5050,48.2235]]}},{"type":"Feature","properties":{"name":"La Vanne"},"geometry":{"type":"LineString","coordinates":[[3.5086,48.2240],[3.5055,48.2213],[3.4999,48.2205],[3.4980,48.2176],[3.4984,48.2166],[3.4960,48.2165],[3.4957,48.2156],[3.4946,48.2164],[3.4938,48.2150],[3.4910,48.2140]]}},{"type":"Feature","properties":{"name":"La Vanne"},"geometry":{"type":"LineString","coordinates":[[3.4575,48.1942],[3.4549,48.1939],[3.4532,48.1920],[3.4514,48.1915],[3.4515,48.1904],[3.4491,48.1903],[3.4483,48.1884],[3.4489,48.1874],[3.4465,48.1853],[3.4441,48.1858],[3.4412,48.1849],[3.4406,48.1837],[3.4416,48.1825],[3.4376,48.1820],[3.4386,48.1810],[3.4369,48.1798],[3.4319,48.1784],[3.4305,48.1794],[3.4271,48.1778]]}},{"type":"Feature","properties":{"name":"La Vanne"},"geometry":{"type":"LineString","coordinates":[[3.4271,48.1778],[3.4197,48.1720]]}},{"type":"Feature","properties":{"name":"La Vanne"},"geometry":{"type":"LineString","coordinates":[[3.4197,48.1720],[3.4165,48.1685]]}},{"type":"Feature","properties":{"name":"La Vanne"},"geometry":{"type":"LineString","coordinates":[[3.3840,48.1724],[3.3845,48.1709],[3.3839,48.1700],[3.3791,48.1697]]}},{"type":"Feature","properties":{"name":"La Vanne"},"geometry":{"type":"LineString","coordinates":[[3.4077,48.1713],[3.4043,48.1727]]}},{"type":"Feature","properties":{"name":"La Vanne"},"geometry":{"type":"LineString","coordinates":[[3.4043,48.1727],[3.3910,48.1717],[3.3829,48.1724],[3.3791,48.1697]]}},{"type":"Feature","properties":{"name":"La Vanne"},"geometry":{"type":"LineString","coordinates":[[3.7298,48.2535],[3.7297,48.2535]]}},{"type":"Feature","properties":{"name":"La Vanne"},"geometry":{"type":"LineString","coordinates":[[3.7297,48.2535],[3.7292,48.2528]]}},{"type":"Feature","properties":{"name":"La Vanne"},"geometry":{"type":"LineString","coordinates":[[3.7312,48.2536],[3.7298,48.2535]]}},{"type":"Feature","properties":{"name":"La Vanne"},"geometry":{"type":"LineString","coordinates":[[3.6719,48.2315],[3.6717,48.2310]]}},{"type":"Feature","properties":{"name":"La Vanne"},"geometry":{"type":"LineString","coordinates":[[3.6179,48.2284],[3.6175,48.2293]]}},{"type":"Feature","properties":{"name":"La Vanne"},"geometry":{"type":"LineString","coordinates":[[3.6219,48.2255],[3.6191,48.2285],[3.6179,48.2284]]}},{"type":"Feature","properties":{"name":"La Vanne"},"geometry":{"type":"LineString","coordinates":[[3.5560,48.2304],[3.5516,48.2305]]}},{"type":"Feature","properties":{"name":"La Vanne"},"geometry":{"type":"LineString","coordinates":[[3.5563,48.2304],[3.5560,48.2304]]}},{"type":"Feature","properties":{"name":"La Vanne"},"geometry":{"type":"LineString","coordinates":[[3.6706,48.2312],[3.6704,48.2312]]}},{"type":"Feature","properties":{"name":"La Vanne"},"geometry":{"type":"LineString","coordinates":[[3.5391,48.2323],[3.5388,48.2323]]}},{"type":"Feature","properties":{"name":"La Vanne"},"geometry":{"type":"LineString","coordinates":[[3.5397,48.2323],[3.5391,48.2323]]}},{"type":"Feature","properties":{"name":"La Vanne"},"geometry":{"type":"LineString","coordinates":[[3.6307,48.2249],[3.6219,48.2255]]}},{"type":"Feature","properties":{"name":"La Vanne"},"geometry":{"type":"LineString","coordinates":[[3.5707,48.2309],[3.5696,48.2305]]}},{"type":"Feature","properties":{"name":"La Vanne"},"geometry":{"type":"LineString","coordinates":[[3.5710,48.2309],[3.5707,48.2309]]}},{"type":"Feature","properties":{"name":"La Vanne"},"geometry":{"type":"LineString","coordinates":[[3.5719,48.2311],[3.5687,48.2303]]}},{"type":"Feature","properties":{"name":"La Vanne"},"geometry":{"type":"LineString","coordinates":[[3.3061,48.1784],[3.3060,48.1784]]}},{"type":"Feature","properties":{"name":"La Vanne"},"geometry":{"type":"LineString","coordinates":[[3.3060,48.1784],[3.3038,48.1783]]}},{"type":"Feature","properties":{"name":"La Vanne"},"geometry":{"type":"LineString","coordinates":[[3.3038,48.1783],[3.3038,48.1782]]}},{"type":"Feature","properties":{"name":"La Vanne"},"geometry":{"type":"LineString","coordinates":[[3.3038,48.1782],[3.3024,48.1781],[3.3013,48.1816],[3.2993,48.1812],[3.2874,48.1838]]}},{"type":"Feature","properties":{"name":"L\u0027Orvin"},"geometry":{"type":"LineString","coordinates":[[3.4075,48.4146],[3.4051,48.4155],[3.4021,48.4150],[3.4015,48.4165],[3.3939,48.4198],[3.3917,48.4232],[3.3917,48.4263],[3.3946,48.4279],[3.3955,48.4305]]}},{"type":"Feature","properties":{"name":"L\u0027Orvin"},"geometry":{"type":"LineString","coordinates":[[3.6644,48.3560],[3.6600,48.3556],[3.6548,48.3532]]}},{"type":"Feature","properties":{"name":"L\u0027Orvin"},"geometry":{"type":"LineString","coordinates":[[3.4780,48.4114],[3.4724,48.4113],[3.4698,48.4121],[3.4700,48.4130],[3.4681,48.4130],[3.4682,48.4144],[3.4571,48.4161],[3.4535,48.4151],[3.4522,48.4159],[3.4392,48.4168],[3.4362,48.4155],[3.4311,48.4156],[3.4211,48.4170],[3.4169,48.4155],[3.4143,48.4157],[3.4129,48.4149],[3.4133,48.4142],[3.4075,48.4146]]}},{"type":"Feature","properties":{"name":"L\u0027Orvin"},"geometry":{"type":"LineString","coordinates":[[3.4857,48.4123],[3.4780,48.4114]]}},{"type":"Feature","properties":{"name":"L\u0027Orvin"},"geometry":{"type":"LineString","coordinates":[[3.6547,48.3531],[3.6399,48.3505],[3.6352,48.3510]]}},{"type":"Feature","properties":{"name":"L\u0027Orvin"},"geometry":{"type":"LineString","coordinates":[[3.6352,48.3510],[3.6351,48.3510]]}},{"type":"Feature","properties":{"name":"L\u0027Orvin"},"geometry":{"type":"LineString","coordinates":[[3.5994,48.3414],[3.5992,48.3413]]}},{"type":"Feature","properties":{"name":"L\u0027Orvin"},"geometry":{"type":"LineString","coordinates":[[3.6548,48.3532],[3.6547,48.3531]]}},{"type":"Feature","properties":{"name":"L\u0027Orvin"},"geometry":{"type":"LineString","coordinates":[[3.6269,48.3478],[3.6268,48.3478]]}},{"type":"Feature","properties":{"name":"L\u0027Orvin"},"geometry":{"type":"LineString","coordinates":[[3.5880,48.3447],[3.5872,48.3463],[3.5819,48.3479],[3.5832,48.3514],[3.5852,48.3519],[3.5863,48.3542],[3.5852,48.3557],[3.5861,48.3578],[3.5854,48.3589]]}},{"type":"Feature","properties":{"name":"L\u0027Orvin"},"geometry":{"type":"LineString","coordinates":[[3.6268,48.3478],[3.6235,48.3461],[3.6117,48.3453],[3.6071,48.3428],[3.5994,48.3414]]}},{"type":"Feature","properties":{"name":"L\u0027Orvin"},"geometry":{"type":"LineString","coordinates":[[3.6351,48.3510],[3.6300,48.3498],[3.6269,48.3478]]}},{"type":"Feature","properties":{"name":"L\u0027Orvin"},"geometry":{"type":"LineString","coordinates":[[3.5583,48.3695],[3.5502,48.3729],[3.5496,48.3744],[3.5468,48.3761],[3.5394,48.3769],[3.5362,48.3789],[3.5363,48.3798],[3.5341,48.3812],[3.5329,48.3845],[3.5281,48.3873],[3.5217,48.3948],[3.5166,48.4048],[3.5133,48.4054],[3.5111,48.4079],[3.5022,48.4100],[3.5016,48.4093],[3.5014,48.4100],[3.4969,48.4111],[3.4922,48.4106],[3.4857,48.4123]]}},{"type":"Feature","properties":{"name":"L\u0027Orvin"},"geometry":{"type":"LineString","coordinates":[[3.5584,48.3695],[3.5583,48.3695]]}},{"type":"Feature","properties":{"name":"L\u0027Orvin"},"geometry":{"type":"LineString","coordinates":[[3.5853,48.3590],[3.5856,48.3598],[3.5838,48.3603],[3.5838,48.3614],[3.5787,48.3632],[3.5764,48.3636],[3.5720,48.3624],[3.5691,48.3632],[3.5647,48.3665],[3.5584,48.3695]]}},{"type":"Feature","properties":{"name":"L\u0027Orvin"},"geometry":{"type":"LineString","coordinates":[[3.5854,48.3589],[3.5853,48.3590]]}},{"type":"Feature","properties":{"name":"L\u0027Orvin"},"geometry":{"type":"LineString","coordinates":[[3.5879,48.3447],[3.5880,48.3447]]}},{"type":"Feature","properties":{"name":"L\u0027Orvin"},"geometry":{"type":"LineString","coordinates":[[3.5992,48.3413],[3.5968,48.3401],[3.5888,48.3408],[3.5877,48.3423],[3.5879,48.3447]]}},{"type":"Feature","properties":{"name":"L\u0027Orvin"},"geometry":{"type":"LineString","coordinates":[[3.6646,48.3560],[3.6644,48.3560]]}},{"type":"Feature","properties":{"name":"L\u0027Orvin"},"geometry":{"type":"LineString","coordinates":[[3.6914,48.3572],[3.6846,48.3583],[3.6790,48.3580],[3.6702,48.3557],[3.6646,48.3560]]}},{"type":"Feature","properties":{"name":"L\u0027Armance"},"geometry":{"type":"LineString","coordinates":[[3.7371,48.0014],[3.7352,48.0014]]}},{"type":"Feature","properties":{"name":"L\u0027Armance"},"geometry":{"type":"LineString","coordinates":[[3.7847,48.0091],[3.7774,48.0105],[3.7758,48.0090],[3.7730,48.0090],[3.7723,48.0100],[3.7667,48.0070],[3.7570,48.0069],[3.7534,48.0056],[3.7477,48.0066],[3.7446,48.0045],[3.7442,48.0025],[3.7405,48.0027]]}},{"type":"Feature","properties":{"name":"L\u0027Armance"},"geometry":{"type":"LineString","coordinates":[[3.7371,48.0014],[3.7291,47.9958]]}},{"type":"Feature","properties":{"name":"L\u0027Armance"},"geometry":{"type":"LineString","coordinates":[[3.7352,48.0014],[3.7322,48.0002],[3.7316,47.9987]]}},{"type":"Feature","properties":{"name":"L\u0027Armance"},"geometry":{"type":"LineString","coordinates":[[3.7405,48.0027],[3.7371,48.0014]]}},{"type":"Feature","properties":{"name":"L\u0027Armance"},"geometry":{"type":"LineString","coordinates":[[3.7291,47.9958],[3.7241,47.9920]]}},{"type":"Feature","properties":{"name":"L\u0027Armance"},"geometry":{"type":"LineString","coordinates":[[3.7936,48.0095],[3.7904,48.0096]]}},{"type":"Feature","properties":{"name":"L\u0027Armance"},"geometry":{"type":"LineString","coordinates":[[3.7904,48.0096],[3.7891,48.0102],[3.7872,48.0089],[3.7847,48.0091]]}},{"type":"Feature","properties":{"name":"L\u0027Armance"},"geometry":{"type":"LineString","coordinates":[[4.0350,48.0544],[4.0324,48.0526],[4.0264,48.0521],[4.0204,48.0527],[4.0150,48.0547],[4.0105,48.0528],[4.0065,48.0527],[3.9942,48.0605],[3.9921,48.0599],[3.9898,48.0606],[3.9831,48.0602],[3.9794,48.0620],[3.9732,48.0624],[3.9721,48.0617],[3.9701,48.0636],[3.9610,48.0622]]}},{"type":"Feature","properties":{"name":"L\u0027Armance"},"geometry":{"type":"LineString","coordinates":[[3.9474,48.0606],[3.9415,48.0568],[3.9412,48.0558],[3.9421,48.0555],[3.9411,48.0541],[3.9412,48.0521],[3.9367,48.0459],[3.9343,48.0457],[3.9316,48.0442],[3.9269,48.0449],[3.9264,48.0429],[3.9235,48.0431],[3.9226,48.0413],[3.9007,48.0332],[3.8985,48.0298],[3.8979,48.0232],[3.8935,48.0153]]}},{"type":"Feature","properties":{"name":"L\u0027Armance"},"geometry":{"type":"LineString","coordinates":[[3.8278,48.0066],[3.8225,48.0091],[3.8202,48.0096],[3.8184,48.0089],[3.8152,48.0113]]}},{"type":"Feature","properties":{"name":"L\u0027Armance"},"geometry":{"type":"LineString","coordinates":[[3.8152,48.0113],[3.8104,48.0121]]}},{"type":"Feature","properties":{"name":"L\u0027Armance"},"geometry":{"type":"LineString","coordinates":[[3.8935,48.0153],[3.8950,48.0077],[3.8930,48.0058]]}},{"type":"Feature","properties":{"name":"L\u0027Armance"},"geometry":{"type":"LineString","coordinates":[[3.8930,48.0058],[3.8850,48.0032],[3.8828,48.0039],[3.8730,48.0028]]}},{"type":"Feature","properties":{"name":"L\u0027Armance"},"geometry":{"type":"LineString","coordinates":[[3.9610,48.0622],[3.9580,48.0628],[3.9549,48.0618],[3.9539,48.0631],[3.9521,48.0626],[3.9519,48.0613],[3.9474,48.0606]]}},{"type":"Feature","properties":{"name":"L\u0027Armance"},"geometry":{"type":"LineString","coordinates":[[3.8730,48.0028],[3.8682,48.0030],[3.8678,48.0050],[3.8637,48.0070],[3.8578,48.0063]]}},{"type":"Feature","properties":{"name":"L\u0027Armance"},"geometry":{"type":"LineString","coordinates":[[3.8578,48.0063],[3.8504,48.0072],[3.8497,48.0050],[3.8464,48.0055],[3.8447,48.0044],[3.8389,48.0039],[3.8361,48.0048],[3.8336,48.0044],[3.8278,48.0066]]}},{"type":"Feature","properties":{"name":"L\u0027Armance"},"geometry":{"type":"LineString","coordinates":[[3.7316,47.9987],[3.7296,47.9973],[3.7291,47.9958]]}},{"type":"Feature","properties":{"name":"L\u0027Armance"},"geometry":{"type":"LineString","coordinates":[[3.8104,48.0121],[3.8068,48.0104]]}},{"type":"Feature","properties":{"name":"L\u0027Armance"},"geometry":{"type":"LineString","coordinates":[[3.8001,48.0089],[3.7992,48.0084],[3.7982,48.0100],[3.7936,48.0095]]}},{"type":"Feature","properties":{"name":"L\u0027Armance"},"geometry":{"type":"LineString","coordinates":[[3.8068,48.0104],[3.8062,48.0102]]}},{"type":"Feature","properties":{"name":"L\u0027Armance"},"geometry":{"type":"LineString","coordinates":[[3.8062,48.0102],[3.8001,48.0089]]}},{"type":"Feature","properties":{"name":"L\u0027Armance"},"geometry":{"type":"LineString","coordinates":[[4.1398,48.0619],[4.1374,48.0644],[4.1339,48.0650],[4.1316,48.0674],[4.1269,48.0689],[4.1249,48.0681],[4.1224,48.0708],[4.1197,48.0709],[4.1159,48.0765],[4.1098,48.0778],[4.1073,48.0803],[4.1010,48.0803],[4.0990,48.0789],[4.0989,48.0774],[4.0827,48.0730],[4.0744,48.0683],[4.0663,48.0657],[4.0560,48.0646],[4.0350,48.0544]]}},{"type":"Feature","properties":{"name":"L\u0027Armance"},"geometry":{"type":"LineString","coordinates":[[4.1401,48.0560],[4.1398,48.0619]]}},{"type":"Feature","properties":{"name":"Canal des Trevois"},"geometry":{"type":"LineString","coordinates":[[4.0992,48.2789],[4.0980,48.2802],[4.0980,48.2826],[4.0938,48.2820],[4.0882,48.2851],[4.0842,48.2888]]}},{"type":"Feature","properties":{"name":"Canal des Trevois"},"geometry":{"type":"LineString","coordinates":[[4.0760,48.3006],[4.0766,48.3021]]}},{"type":"Feature","properties":{"name":"Canal des Trevois"},"geometry":{"type":"LineString","coordinates":[[4.0779,48.2989],[4.0777,48.2990]]}},{"type":"Feature","properties":{"name":"Canal des Trevois"},"geometry":{"type":"LineString","coordinates":[[4.0777,48.2990],[4.0770,48.2995]]}},{"type":"Feature","properties":{"name":"Canal des Trevois"},"geometry":{"type":"LineString","coordinates":[[4.0758,48.3005],[4.0760,48.3006]]}},{"type":"Feature","properties":{"name":"Canal des Trevois"},"geometry":{"type":"LineString","coordinates":[[4.0790,48.2982],[4.0785,48.2984]]}},{"type":"Feature","properties":{"name":"Canal des Trevois"},"geometry":{"type":"LineString","coordinates":[[4.0785,48.2984],[4.0779,48.2989]]}},{"type":"Feature","properties":{"name":"Canal des Trevois"},"geometry":{"type":"LineString","coordinates":[[4.0770,48.2995],[4.0766,48.2998]]}},{"type":"Feature","properties":{"name":"Canal des Trevois"},"geometry":{"type":"LineString","coordinates":[[4.0813,48.2955],[4.0790,48.2982]]}},{"type":"Feature","properties":{"name":"Canal des Trevois"},"geometry":{"type":"LineString","coordinates":[[4.0766,48.2998],[4.0758,48.3005]]}},{"type":"Feature","properties":{"name":"Canal des Trevois"},"geometry":{"type":"LineString","coordinates":[[4.0839,48.2890],[4.0804,48.2918],[4.0818,48.2931]]}},{"type":"Feature","properties":{"name":"Canal des Trevois"},"geometry":{"type":"LineString","coordinates":[[4.0768,48.3022],[4.0768,48.3022]]}},{"type":"Feature","properties":{"name":"Canal des Trevois"},"geometry":{"type":"LineString","coordinates":[[4.0766,48.3021],[4.0768,48.3022]]}},{"type":"Feature","properties":{"name":"Canal des Trevois"},"geometry":{"type":"LineString","coordinates":[[4.0768,48.3022],[4.0768,48.3022]]}},{"type":"Feature","properties":{"name":"Canal des Trevois"},"geometry":{"type":"LineString","coordinates":[[4.0767,48.3021],[4.0768,48.3022]]}},{"type":"Feature","properties":{"name":"Canal des Trevois"},"geometry":{"type":"LineString","coordinates":[[4.0766,48.3021],[4.0767,48.3021]]}},{"type":"Feature","properties":{"name":"Canal des Trevois"},"geometry":{"type":"LineString","coordinates":[[4.0768,48.3022],[4.0797,48.3037]]}},{"type":"Feature","properties":{"name":"Canal des Trevois"},"geometry":{"type":"LineString","coordinates":[[4.0766,48.3021],[4.0766,48.3021]]}},{"type":"Feature","properties":{"name":"L\u0027Auzon"},"geometry":{"type":"LineString","coordinates":[[4.3788,48.4149],[4.3810,48.4183],[4.3799,48.4187],[4.3805,48.4196],[4.3792,48.4196],[4.3803,48.4207],[4.3775,48.4213],[4.3782,48.4224],[4.3769,48.4233],[4.3798,48.4266],[4.3783,48.4285],[4.3791,48.4302],[4.3778,48.4314],[4.3790,48.4320],[4.3762,48.4351],[4.3689,48.4375],[4.3681,48.4416],[4.3653,48.4441],[4.3637,48.4438],[4.3606,48.4475],[4.3538,48.4498],[4.3523,48.4518],[4.3501,48.4527],[4.3468,48.4590],[4.3477,48.4615],[4.3439,48.4629],[4.3441,48.4647],[4.3424,48.4682],[4.3435,48.4730],[4.3398,48.4748],[4.3387,48.4772],[4.3353,48.4801],[4.3352,48.4813],[4.3320,48.4825],[4.3317,48.4845],[4.3268,48.4875],[4.3264,48.4896],[4.3244,48.4909],[4.3243,48.4928],[4.3265,48.4930],[4.3263,48.4939],[4.3229,48.4957]]}},{"type":"Feature","properties":{"name":"L\u0027Auzon"},"geometry":{"type":"LineString","coordinates":[[4.4288,48.3533],[4.4299,48.3543],[4.4189,48.3581],[4.4142,48.3564],[4.4121,48.3576],[4.4100,48.3569],[4.4084,48.3580],[4.4057,48.3573],[4.4035,48.3582],[4.3945,48.3588],[4.3960,48.3601],[4.3955,48.3610],[4.3890,48.3603],[4.3825,48.3619],[4.3793,48.3606],[4.3784,48.3627],[4.3808,48.3653],[4.3807,48.3664],[4.3751,48.3697],[4.3726,48.3681],[4.3737,48.3668],[4.3730,48.3658],[4.3691,48.3633],[4.3679,48.3642],[4.3681,48.3687],[4.3665,48.3692],[4.3642,48.3679],[4.3642,48.3661],[4.3621,48.3651],[4.3557,48.3645],[4.3533,48.3686],[4.3528,48.3721],[4.3539,48.3738],[4.3508,48.3756],[4.3506,48.3771],[4.3420,48.3792],[4.3414,48.3810],[4.3426,48.3819],[4.3429,48.3835],[4.3483,48.3872],[4.3500,48.3901],[4.3533,48.3915],[4.3554,48.3945],[4.3612,48.3976],[4.3612,48.3992],[4.3638,48.4003],[4.3633,48.4015],[4.3651,48.4025],[4.3639,48.4030],[4.3637,48.4043],[4.3674,48.4059],[4.3682,48.4073],[4.3722,48.4082],[4.3726,48.4095],[4.3752,48.4094],[4.3779,48.4129],[4.3771,48.4143],[4.3788,48.4149]]}},{"type":"Feature","properties":{"name":"L\u0027Yonne"},"geometry":{"type":"LineString","coordinates":[[3.2886,48.1282],[3.2924,48.1302],[3.2943,48.1325],[3.2965,48.1446],[3.3051,48.1491],[3.3069,48.1516],[3.3065,48.1543],[3.2988,48.1585]]}},{"type":"Feature","properties":{"name":"L\u0027Yonne"},"geometry":{"type":"LineString","coordinates":[[3.3408,48.0012],[3.3378,48.0028],[3.3307,48.0040],[3.3176,48.0010],[3.3104,48.0066],[3.3017,48.0084],[3.2995,48.0122]]}},{"type":"Feature","properties":{"name":"L\u0027Yonne"},"geometry":{"type":"LineString","coordinates":[[3.3001,48.0174],[3.3030,48.0202],[3.3098,48.0220],[3.3110,48.0257],[3.3177,48.0303],[3.3190,48.0333],[3.3191,48.0405],[3.3205,48.0437],[3.3175,48.0463]]}},{"type":"Feature","properties":{"name":"L\u0027Yonne"},"geometry":{"type":"LineString","coordinates":[[3.3175,48.0463],[3.3144,48.0483]]}},{"type":"Feature","properties":{"name":"L\u0027Yonne"},"geometry":{"type":"LineString","coordinates":[[3.3000,48.0156],[3.3001,48.0174]]}},{"type":"Feature","properties":{"name":"L\u0027Yonne"},"geometry":{"type":"LineString","coordinates":[[3.3122,48.0501],[3.3097,48.0514]]}},{"type":"Feature","properties":{"name":"L\u0027Yonne"},"geometry":{"type":"LineString","coordinates":[[3.3144,48.0483],[3.3132,48.0495]]}},{"type":"Feature","properties":{"name":"L\u0027Yonne"},"geometry":{"type":"LineString","coordinates":[[3.3097,48.0514],[3.2804,48.0635],[3.2827,48.0729],[3.2892,48.0788],[3.2927,48.0843]]}},{"type":"Feature","properties":{"name":"L\u0027Yonne"},"geometry":{"type":"LineString","coordinates":[[3.3144,48.0483],[3.3097,48.0514]]}},{"type":"Feature","properties":{"name":"La Sarce"},"geometry":{"type":"LineString","coordinates":[[4.3037,48.0986],[4.3066,48.1012],[4.3104,48.1016],[4.3125,48.1047],[4.3093,48.1092],[4.3071,48.1100]]}},{"type":"Feature","properties":{"name":"La Sarce"},"geometry":{"type":"LineString","coordinates":[[4.3040,48.1159],[4.3053,48.1185],[4.3043,48.1200],[4.3051,48.1225]]}},{"type":"Feature","properties":{"name":"La Sarce"},"geometry":{"type":"LineString","coordinates":[[4.3011,48.0928],[4.3009,48.0968]]}},{"type":"Feature","properties":{"name":"La Sarce"},"geometry":{"type":"LineString","coordinates":[[4.3068,48.1101],[4.3063,48.1105]]}},{"type":"Feature","properties":{"name":"La Sarce"},"geometry":{"type":"LineString","coordinates":[[4.3071,48.1100],[4.3070,48.1101]]}},{"type":"Feature","properties":{"name":"La Sarce"},"geometry":{"type":"LineString","coordinates":[[4.3024,48.1414],[4.3023,48.1417]]}},{"type":"Feature","properties":{"name":"La Sarce"},"geometry":{"type":"LineString","coordinates":[[4.3024,48.1405],[4.3024,48.1414]]}},{"type":"Feature","properties":{"name":"La Sarce"},"geometry":{"type":"LineString","coordinates":[[4.3063,48.1105],[4.3034,48.1120],[4.3040,48.1126],[4.3023,48.1136],[4.3043,48.1142],[4.3035,48.1148],[4.3040,48.1159]]}},{"type":"Feature","properties":{"name":"La Sarce"},"geometry":{"type":"LineString","coordinates":[[4.3009,48.0968],[4.3028,48.0989],[4.3037,48.0986]]}},{"type":"Feature","properties":{"name":"La Sarce"},"geometry":{"type":"LineString","coordinates":[[4.3023,48.1417],[4.3008,48.1434],[4.3037,48.1467]]}},{"type":"Feature","properties":{"name":"La Sarce"},"geometry":{"type":"LineString","coordinates":[[4.3070,48.1101],[4.3068,48.1101]]}},{"type":"Feature","properties":{"name":"La Sarce"},"geometry":{"type":"LineString","coordinates":[[4.2997,48.0846],[4.2996,48.0848]]}},{"type":"Feature","properties":{"name":"La Sarce"},"geometry":{"type":"LineString","coordinates":[[4.2853,48.0684],[4.2884,48.0725],[4.2913,48.0738],[4.2947,48.0787],[4.3001,48.0818],[4.2997,48.0846]]}},{"type":"Feature","properties":{"name":"La Sarce"},"geometry":{"type":"LineString","coordinates":[[4.3073,48.1330],[4.3072,48.1330]]}},{"type":"Feature","properties":{"name":"La Sarce"},"geometry":{"type":"LineString","coordinates":[[4.3007,48.0265],[4.3001,48.0285],[4.2952,48.0318]]}},{"type":"Feature","properties":{"name":"La Sarce"},"geometry":{"type":"LineString","coordinates":[[4.3138,48.0162],[4.3113,48.0189],[4.3057,48.0211],[4.3012,48.0259]]}},{"type":"Feature","properties":{"name":"La Sarce"},"geometry":{"type":"LineString","coordinates":[[4.3140,48.0161],[4.3138,48.0162]]}},{"type":"Feature","properties":{"name":"La Sarce"},"geometry":{"type":"LineString","coordinates":[[4.2952,48.0318],[4.2952,48.0320]]}},{"type":"Feature","properties":{"name":"La Sarce"},"geometry":{"type":"LineString","coordinates":[[4.2853,48.0683],[4.2853,48.0684]]}},{"type":"Feature","properties":{"name":"La Sarce"},"geometry":{"type":"LineString","coordinates":[[4.3012,48.0259],[4.3007,48.0265]]}},{"type":"Feature","properties":{"name":"La Sarce"},"geometry":{"type":"LineString","coordinates":[[4.2952,48.0320],[4.2892,48.0370],[4.2876,48.0373],[4.2851,48.0362],[4.2841,48.0370],[4.2801,48.0424],[4.2802,48.0477],[4.2780,48.0490],[4.2748,48.0535],[4.2758,48.0544],[4.2750,48.0561],[4.2761,48.0562],[4.2763,48.0585],[4.2778,48.0600],[4.2798,48.0593],[4.2817,48.0607],[4.2818,48.0628],[4.2853,48.0683]]}},{"type":"Feature","properties":{"name":"La Sarce"},"geometry":{"type":"LineString","coordinates":[[4.2996,48.0848],[4.2999,48.0854],[4.2978,48.0864],[4.2972,48.0887],[4.2981,48.0896],[4.2973,48.0899],[4.3011,48.0928]]}},{"type":"Feature","properties":{"name":"La Sarce"},"geometry":{"type":"LineString","coordinates":[[4.3081,48.1315],[4.3075,48.1322],[4.3082,48.1322]]}},{"type":"Feature","properties":{"name":"La Sarce"},"geometry":{"type":"LineString","coordinates":[[4.3081,48.1280],[4.3081,48.1290],[4.3090,48.1292]]}},{"type":"Feature","properties":{"name":"La Sarce"},"geometry":{"type":"LineString","coordinates":[[4.3082,48.1295],[4.3090,48.1307],[4.3081,48.1315]]}},{"type":"Feature","properties":{"name":"La Sarce"},"geometry":{"type":"LineString","coordinates":[[4.3051,48.1225],[4.3067,48.1240],[4.3068,48.1265],[4.3079,48.1268],[4.3073,48.1277],[4.3081,48.1280]]}},{"type":"Feature","properties":{"name":"La Sarce"},"geometry":{"type":"LineString","coordinates":[[4.3079,48.1327],[4.3073,48.1330]]}},{"type":"Feature","properties":{"name":"La Sarce"},"geometry":{"type":"LineString","coordinates":[[4.3090,48.1292],[4.3082,48.1295]]}},{"type":"Feature","properties":{"name":"La Sarce"},"geometry":{"type":"LineString","coordinates":[[4.3082,48.1322],[4.3079,48.1327]]}},{"type":"Feature","properties":{"name":"La Sarce"},"geometry":{"type":"LineString","coordinates":[[4.3072,48.1330],[4.3063,48.1354],[4.3052,48.1353],[4.3048,48.1370],[4.3028,48.1379],[4.3033,48.1386],[4.3024,48.1405]]}},{"type":"Feature","properties":{"name":"L\u0027Hozain"},"geometry":{"type":"LineString","coordinates":[[4.1098,48.2503],[4.1103,48.2525],[4.1090,48.2532],[4.1097,48.2544],[4.1084,48.2578],[4.1050,48.2616]]}},{"type":"Feature","properties":{"name":"L\u0027Hozain"},"geometry":{"type":"LineString","coordinates":[[4.1178,48.2227],[4.1149,48.2285],[4.1151,48.2300],[4.1115,48.2360],[4.1117,48.2398],[4.1095,48.2458],[4.1105,48.2490],[4.1098,48.2503]]}},{"type":"Feature","properties":{"name":"L\u0027Hozain"},"geometry":{"type":"LineString","coordinates":[[4.1185,48.2222],[4.1178,48.2227]]}},{"type":"Feature","properties":{"name":"L\u0027Hozain"},"geometry":{"type":"LineString","coordinates":[[4.1224,48.2192],[4.1185,48.2222]]}},{"type":"Feature","properties":{"name":"L\u0027Hozain"},"geometry":{"type":"LineString","coordinates":[[4.1517,48.1710],[4.1459,48.1727],[4.1428,48.1776],[4.1376,48.1814],[4.1360,48.1853],[4.1381,48.1878],[4.1374,48.1904],[4.1383,48.1937],[4.1370,48.1997],[4.1352,48.2023],[4.1293,48.2069],[4.1288,48.2119],[4.1248,48.2149],[4.1224,48.2192]]}},{"type":"Feature","properties":{"name":"L\u0027Hozain"},"geometry":{"type":"LineString","coordinates":[[4.2195,48.1444],[4.2186,48.1452],[4.2129,48.1455],[4.2060,48.1489],[4.2032,48.1532],[4.1999,48.1538],[4.1868,48.1632],[4.1558,48.1710],[4.1517,48.1710]]}},{"type":"Feature","properties":{"name":"Le Melda"},"geometry":{"type":"LineString","coordinates":[[4.0135,48.3726],[4.0097,48.3732],[4.0096,48.3753],[4.0110,48.3759],[4.0079,48.3755],[4.0081,48.3774],[4.0070,48.3788],[4.0063,48.3778],[4.0044,48.3790],[4.0055,48.3797],[4.0009,48.3793],[4.0004,48.3816],[4.0012,48.3827],[3.9990,48.3825],[3.9979,48.3840],[3.9993,48.3855],[3.9987,48.3860],[4.0008,48.3866],[4.0009,48.3880],[3.9889,48.3966],[3.9862,48.4003],[3.9831,48.4019],[3.9823,48.4034],[3.9837,48.4040],[3.9821,48.4050],[3.9782,48.4049],[3.9811,48.4063],[3.9754,48.4085],[3.9753,48.4101],[3.9737,48.4111],[3.9741,48.4120],[3.9713,48.4136]]}},{"type":"Feature","properties":{"name":"Le Melda"},"geometry":{"type":"LineString","coordinates":[[3.9915,48.3949],[3.9908,48.3944],[3.9876,48.3965],[3.9884,48.3970]]}},{"type":"Feature","properties":{"name":"Le Melda"},"geometry":{"type":"LineString","coordinates":[[4.0010,48.3871],[4.0013,48.3878]]}},{"type":"Feature","properties":{"name":"Le Melda"},"geometry":{"type":"LineString","coordinates":[[4.0071,48.3786],[4.0092,48.3798]]}},{"type":"Feature","properties":{"name":"Le Melda"},"geometry":{"type":"LineString","coordinates":[[4.0816,48.3202],[4.0838,48.3212],[4.0838,48.3228],[4.0862,48.3232],[4.0791,48.3266],[4.0793,48.3274],[4.0759,48.3304],[4.0755,48.3319]]}},{"type":"Feature","properties":{"name":"Le Melda"},"geometry":{"type":"LineString","coordinates":[[3.9713,48.4136],[3.9684,48.4127],[3.9684,48.4137],[3.9661,48.4141],[3.9662,48.4151],[3.9636,48.4165],[3.9621,48.4185],[3.9627,48.4190],[3.9617,48.4189],[3.9613,48.4198],[3.9641,48.4201],[3.9631,48.4212],[3.9638,48.4221],[3.9614,48.4221],[3.9604,48.4232],[3.9566,48.4235],[3.9560,48.4243],[3.9508,48.4230],[3.9458,48.4250],[3.9463,48.4267]]}},{"type":"Feature","properties":{"name":"Le Melda"},"geometry":{"type":"LineString","coordinates":[[4.0755,48.3319],[4.0711,48.3334],[4.0698,48.3353],[4.0714,48.3361],[4.0707,48.3377],[4.0665,48.3411],[4.0537,48.3486],[4.0496,48.3492],[4.0488,48.3502],[4.0498,48.3527],[4.0470,48.3556],[4.0414,48.3571],[4.0397,48.3589],[4.0371,48.3590],[4.0374,48.3602],[4.0323,48.3581],[4.0303,48.3596],[4.0284,48.3590],[4.0280,48.3605],[4.0243,48.3615],[4.0254,48.3626],[4.0236,48.3635],[4.0244,48.3646],[4.0213,48.3649],[4.0229,48.3683],[4.0211,48.3684],[4.0209,48.3696],[4.0196,48.3683],[4.0180,48.3693],[4.0190,48.3682],[4.0170,48.3679],[4.0160,48.3721],[4.0138,48.3705],[4.0135,48.3726]]}},{"type":"Feature","properties":{"name":"La Seine"},"geometry":{"type":"LineString","coordinates":[[4.0983,48.2849],[4.0904,48.2895]]}},{"type":"Feature","properties":{"name":"La Seine"},"geometry":{"type":"LineString","coordinates":[[4.0748,48.3186],[4.0718,48.3210]]}},{"type":"Feature","properties":{"name":"La Seine"},"geometry":{"type":"LineString","coordinates":[[4.1248,48.2451],[4.1231,48.2459],[4.1232,48.2480],[4.1206,48.2480],[4.1205,48.2522],[4.1188,48.2522],[4.1182,48.2503],[4.1170,48.2515]]}},{"type":"Feature","properties":{"name":"La Seine"},"geometry":{"type":"LineString","coordinates":[[4.1389,48.2321],[4.1370,48.2337],[4.1380,48.2346],[4.1378,48.2371],[4.1355,48.2378],[4.1375,48.2392],[4.1370,48.2410],[4.1328,48.2406],[4.1324,48.2425],[4.1299,48.2428],[4.1310,48.2446],[4.1248,48.2451]]}},{"type":"Feature","properties":{"name":"La Seine"},"geometry":{"type":"LineString","coordinates":[[4.0493,48.3341],[4.0483,48.3359],[4.0438,48.3353],[4.0417,48.3382],[4.0374,48.3391],[4.0356,48.3414],[4.0377,48.3419],[4.0373,48.3430],[4.0340,48.3443],[4.0346,48.3461],[4.0325,48.3462]]}},{"type":"Feature","properties":{"name":"La Seine"},"geometry":{"type":"LineString","coordinates":[[4.0344,48.3480],[4.0333,48.3497],[4.0346,48.3506],[4.0324,48.3524],[4.0317,48.3522],[4.0321,48.3508],[4.0300,48.3495],[4.0295,48.3479],[4.0255,48.3485],[4.0258,48.3507],[4.0228,48.3519],[4.0214,48.3560],[4.0184,48.3553],[4.0169,48.3564],[4.0180,48.3578],[4.0198,48.3578],[4.0197,48.3587],[4.0178,48.3597],[4.0155,48.3585],[4.0066,48.3619],[4.0059,48.3658],[4.0077,48.3672],[4.0074,48.3680],[3.9995,48.3707],[4.0003,48.3732],[3.9972,48.3761],[3.9945,48.3771],[3.9948,48.3792]]}},{"type":"Feature","properties":{"name":"La Seine"},"geometry":{"type":"LineString","coordinates":[[4.0997,48.2823],[4.0983,48.2849]]}},{"type":"Feature","properties":{"name":"La Seine"},"geometry":{"type":"LineString","coordinates":[[4.0776,48.3161],[4.0748,48.3186]]}},{"type":"Feature","properties":{"name":"La Seine"},"geometry":{"type":"LineString","coordinates":[[4.0718,48.3210],[4.0697,48.3245],[4.0708,48.3265],[4.0692,48.3285]]}},{"type":"Feature","properties":{"name":"La Seine"},"geometry":{"type":"LineString","coordinates":[[4.1170,48.2515],[4.1177,48.2562],[4.1213,48.2561],[4.1224,48.2571],[4.1164,48.2603],[4.1126,48.2598],[4.1127,48.2610],[4.1107,48.2619],[4.1049,48.2617],[4.1048,48.2630],[4.1074,48.2639],[4.1086,48.2658]]}},{"type":"Feature","properties":{"name":"La Seine"},"geometry":{"type":"LineString","coordinates":[[4.1086,48.2658],[4.1024,48.2676],[4.1023,48.2699],[4.0997,48.2742],[4.0990,48.2793],[4.0997,48.2823]]}},{"type":"Feature","properties":{"name":"La Seine"},"geometry":{"type":"LineString","coordinates":[[3.9948,48.3792],[3.9910,48.3803],[3.9870,48.3800],[3.9850,48.3821],[3.9780,48.3845],[3.9716,48.3932],[3.9725,48.3945],[3.9748,48.3934],[3.9754,48.3954],[3.9703,48.3961],[3.9702,48.3979],[3.9691,48.3984],[3.9704,48.4020],[3.9653,48.4033],[3.9631,48.4069],[3.9640,48.4081],[3.9636,48.4088],[3.9562,48.4109],[3.9560,48.4137],[3.9586,48.4144],[3.9583,48.4155],[3.9548,48.4165],[3.9510,48.4194],[3.9461,48.4208],[3.9440,48.4251],[3.9445,48.4262],[3.9463,48.4267],[3.9463,48.4276],[3.9404,48.4315],[3.9427,48.4322],[3.9453,48.4302],[3.9448,48.4325],[3.9405,48.4349],[3.9372,48.4349],[3.9370,48.4358],[3.9406,48.4358],[3.9416,48.4381],[3.9381,48.4393],[3.9383,48.4405],[3.9368,48.4421],[3.9407,48.4432],[3.9408,48.4445],[3.9428,48.4460],[3.9417,48.4467],[3.9387,48.4454],[3.9359,48.4460],[3.9347,48.4469],[3.9382,48.4491],[3.9381,48.4499],[3.9342,48.4504],[3.9312,48.4492],[3.9303,48.4525],[3.9234,48.4515],[3.9240,48.4540],[3.9224,48.4571],[3.9182,48.4576],[3.9204,48.4629],[3.9181,48.4618],[3.9144,48.4623],[3.9129,48.4668],[3.9104,48.4681],[3.9106,48.4700],[3.9076,48.4707],[3.9054,48.4727],[3.9026,48.4729],[3.9005,48.4758],[3.9000,48.4791],[3.8984,48.4799],[3.8954,48.4795],[3.8945,48.4813],[3.8960,48.4831],[3.9015,48.4853],[3.9001,48.4878],[3.8977,48.4879],[3.9002,48.4915],[3.8992,48.4945],[3.9009,48.4957],[3.8992,48.4964],[3.9005,48.4975],[3.8993,48.4990],[3.9009,48.4992],[3.8998,48.5006],[3.9005,48.5015],[3.8956,48.5021],[3.8957,48.5036],[3.8977,48.5035],[3.8975,48.5041],[3.8842,48.5091],[3.8803,48.5116],[3.8775,48.5108],[3.8791,48.5090],[3.8743,48.5086],[3.8735,48.5095],[3.8752,48.5101],[3.8748,48.5106],[3.8683,48.5104],[3.8666,48.5121],[3.8651,48.5111],[3.8639,48.5125],[3.8613,48.5120],[3.8615,48.5140],[3.8593,48.5163],[3.8579,48.5161],[3.8568,48.5147],[3.8573,48.5133],[3.8560,48.5130],[3.8554,48.5144],[3.8508,48.5152],[3.8557,48.5162],[3.8546,48.5171],[3.8472,48.5170],[3.8473,48.5186],[3.8417,48.5195],[3.8403,48.5223],[3.8390,48.5225]]}},{"type":"Feature","properties":{"name":"La Seine"},"geometry":{"type":"LineString","coordinates":[[4.0325,48.3462],[4.0344,48.3480]]}},{"type":"Feature","properties":{"name":"La Seine"},"geometry":{"type":"LineString","coordinates":[[4.0796,48.3040],[4.0786,48.3057],[4.0794,48.3076],[4.0769,48.3096],[4.0788,48.3115],[4.0766,48.3134],[4.0776,48.3161]]}},{"type":"Feature","properties":{"name":"La Seine"},"geometry":{"type":"LineString","coordinates":[[4.0904,48.2895],[4.0837,48.2941],[4.0872,48.2998],[4.0867,48.3039],[4.0796,48.3040]]}},{"type":"Feature","properties":{"name":"La Seine"},"geometry":{"type":"LineString","coordinates":[[4.0514,48.3297],[4.0495,48.3330]]}},{"type":"Feature","properties":{"name":"La Seine"},"geometry":{"type":"LineString","coordinates":[[4.1574,48.2158],[4.1574,48.2179],[4.1529,48.2175],[4.1514,48.2208]]}},{"type":"Feature","properties":{"name":"La Seine"},"geometry":{"type":"LineString","coordinates":[[4.1514,48.2208],[4.1533,48.2219],[4.1536,48.2232],[4.1505,48.2241],[4.1492,48.2276],[4.1430,48.2290],[4.1422,48.2310],[4.1389,48.2321]]}},{"type":"Feature","properties":{"name":"La Seine"},"geometry":{"type":"LineString","coordinates":[[4.3757,48.1179],[4.3755,48.1199],[4.3775,48.1228],[4.3737,48.1262],[4.3661,48.1263],[4.3596,48.1292],[4.3518,48.1300],[4.3483,48.1325],[4.3482,48.1340],[4.3454,48.1340],[4.3433,48.1356],[4.3363,48.1379],[4.3348,48.1398],[4.3360,48.1415],[4.3337,48.1432],[4.3319,48.1430],[4.3308,48.1417],[4.3288,48.1421],[4.3302,48.1449],[4.3289,48.1462],[4.3248,48.1462],[4.3210,48.1480],[4.3122,48.1486],[4.3068,48.1465],[4.3022,48.1468],[4.2803,48.1434],[4.2737,48.1471],[4.2675,48.1479],[4.2653,48.1495],[4.2661,48.1511],[4.2654,48.1527],[4.2613,48.1561],[4.2585,48.1570],[4.2540,48.1565],[4.2519,48.1587],[4.2475,48.1609],[4.2468,48.1658],[4.2476,48.1676]]}},{"type":"Feature","properties":{"name":"La Seine"},"geometry":{"type":"LineString","coordinates":[[4.0796,48.3040],[4.0796,48.3040]]}},{"type":"Feature","properties":{"name":"La Seine"},"geometry":{"type":"LineString","coordinates":[[3.3221,48.4471],[3.3215,48.4445],[3.3202,48.4432],[3.3184,48.4421],[3.3136,48.4414],[3.3125,48.4404],[3.3125,48.4384],[3.3151,48.4349],[3.3146,48.4327],[3.3131,48.4312],[3.2820,48.4279],[3.2696,48.4216]]}},{"type":"Feature","properties":{"name":"La Seine"},"geometry":{"type":"LineString","coordinates":[[4.2661,48.1515],[4.2637,48.1537]]}},{"type":"Feature","properties":{"name":"La Seine"},"geometry":{"type":"LineString","coordinates":[[4.0692,48.3285],[4.0681,48.3291],[4.0687,48.3317],[4.0641,48.3305],[4.0597,48.3309],[4.0607,48.3324],[4.0585,48.3330],[4.0568,48.3324],[4.0543,48.3339],[4.0531,48.3330],[4.0528,48.3341],[4.0513,48.3338],[4.0506,48.3348],[4.0493,48.3341]]}},{"type":"Feature","properties":{"name":"La Seine"},"geometry":{"type":"LineString","coordinates":[[4.0030,48.3694],[4.0039,48.3707],[4.0022,48.3713],[4.0016,48.3704]]}},{"type":"Feature","properties":{"name":"La Seine"},"geometry":{"type":"LineString","coordinates":[[4.2472,48.1669],[4.2416,48.1700],[4.2361,48.1659],[4.2323,48.1649],[4.2298,48.1654],[4.2289,48.1667],[4.2305,48.1668],[4.2318,48.1689],[4.2297,48.1692],[4.2283,48.1705],[4.2247,48.1704],[4.2239,48.1733],[4.2245,48.1795],[4.2232,48.1812],[4.2178,48.1835],[4.2159,48.1871],[4.2167,48.1885],[4.2161,48.1893],[4.2145,48.1898],[4.2123,48.1881],[4.2105,48.1887],[4.2090,48.1909],[4.2054,48.1929],[4.2034,48.1980],[4.1964,48.1997],[4.1934,48.2036],[4.1897,48.2023],[4.1875,48.2029],[4.1847,48.2075],[4.1694,48.2078],[4.1709,48.2097],[4.1701,48.2107],[4.1700,48.2151],[4.1690,48.2160],[4.1695,48.2169],[4.1687,48.2177],[4.1644,48.2170],[4.1621,48.2150],[4.1577,48.2141],[4.1569,48.2145],[4.1574,48.2158]]}},{"type":"Feature","properties":{"name":"La Boderonne"},"geometry":{"type":"LineString","coordinates":[[4.3532,48.1824],[4.3526,48.1807],[4.3472,48.1789],[4.3463,48.1770],[4.3424,48.1769],[4.3404,48.1786]]}},{"type":"Feature","properties":{"name":"La Boderonne"},"geometry":{"type":"LineString","coordinates":[[4.3211,48.2197],[4.3212,48.2198]]}},{"type":"Feature","properties":{"name":"La Boderonne"},"geometry":{"type":"LineString","coordinates":[[4.3225,48.2110],[4.3210,48.2128],[4.3219,48.2148],[4.3211,48.2197]]}},{"type":"Feature","properties":{"name":"La Boderonne"},"geometry":{"type":"LineString","coordinates":[[4.3212,48.2198],[4.3165,48.2201],[4.3169,48.2226],[4.3146,48.2247],[4.3041,48.2245],[4.2994,48.2269]]}},{"type":"Feature","properties":{"name":"La Boderonne"},"geometry":{"type":"LineString","coordinates":[[4.3368,48.1912],[4.3325,48.1934],[4.3306,48.1987],[4.3276,48.2015],[4.3274,48.2029],[4.3281,48.2031],[4.3266,48.2039],[4.3274,48.2044],[4.3271,48.2053],[4.3217,48.2085],[4.3236,48.2095],[4.3224,48.2099],[4.3225,48.2110]]}},{"type":"Feature","properties":{"name":"La Boderonne"},"geometry":{"type":"LineString","coordinates":[[4.3380,48.1913],[4.3368,48.1912]]}},{"type":"Feature","properties":{"name":"La Boderonne"},"geometry":{"type":"LineString","coordinates":[[4.3397,48.1830],[4.3390,48.1864],[4.3399,48.1883],[4.3380,48.1913]]}},{"type":"Feature","properties":{"name":"La Boderonne"},"geometry":{"type":"LineString","coordinates":[[4.3397,48.1827],[4.3397,48.1830]]}},{"type":"Feature","properties":{"name":"La Boderonne"},"geometry":{"type":"LineString","coordinates":[[4.3404,48.1787],[4.3397,48.1827]]}},{"type":"Feature","properties":{"name":"La Boderonne"},"geometry":{"type":"LineString","coordinates":[[4.3404,48.1786],[4.3404,48.1787]]}},{"type":"Feature","properties":{"name":"Le Triffoire"},"geometry":{"type":"LineString","coordinates":[[4.0950,48.2598],[4.0959,48.2602]]}},{"type":"Feature","properties":{"name":"Le Triffoire"},"geometry":{"type":"LineString","coordinates":[[4.0950,48.2597],[4.0950,48.2598]]}},{"type":"Feature","properties":{"name":"Le Triffoire"},"geometry":{"type":"LineString","coordinates":[[4.0943,48.2593],[4.0945,48.2594]]}},{"type":"Feature","properties":{"name":"Le Triffoire"},"geometry":{"type":"LineString","coordinates":[[4.0945,48.2594],[4.0950,48.2597]]}},{"type":"Feature","properties":{"name":"Le Triffoire"},"geometry":{"type":"LineString","coordinates":[[4.0740,48.2563],[4.0765,48.2585],[4.0838,48.2601],[4.0915,48.2581],[4.0943,48.2593]]}},{"type":"Feature","properties":{"name":"Le Triffoire"},"geometry":{"type":"LineString","coordinates":[[4.0959,48.2602],[4.0963,48.2606]]}},{"type":"Feature","properties":{"name":"Le Triffoire"},"geometry":{"type":"LineString","coordinates":[[4.0963,48.2606],[4.0959,48.2638]]}},{"type":"Feature","properties":{"name":"Le Triffoire"},"geometry":{"type":"LineString","coordinates":[[4.0911,48.2723],[4.0905,48.2733],[4.0912,48.2742]]}},{"type":"Feature","properties":{"name":"Le Triffoire"},"geometry":{"type":"LineString","coordinates":[[4.0912,48.2743],[4.0933,48.2761]]}},{"type":"Feature","properties":{"name":"Le Triffoire"},"geometry":{"type":"LineString","coordinates":[[4.0913,48.2722],[4.0911,48.2723]]}},{"type":"Feature","properties":{"name":"Le Triffoire"},"geometry":{"type":"LineString","coordinates":[[4.0918,48.2825],[4.0917,48.2830]]}},{"type":"Feature","properties":{"name":"Le Triffoire"},"geometry":{"type":"LineString","coordinates":[[4.0912,48.2742],[4.0912,48.2743]]}},{"type":"Feature","properties":{"name":"Le Triffoire"},"geometry":{"type":"LineString","coordinates":[[4.0959,48.2638],[4.0961,48.2638]]}},{"type":"Feature","properties":{"name":"Le Triffoire"},"geometry":{"type":"LineString","coordinates":[[4.0933,48.2761],[4.0933,48.2761]]}},{"type":"Feature","properties":{"name":"Le Triffoire"},"geometry":{"type":"LineString","coordinates":[[4.0941,48.2687],[4.0941,48.2689]]}},{"type":"Feature","properties":{"name":"Le Triffoire"},"geometry":{"type":"LineString","coordinates":[[4.0961,48.2638],[4.0941,48.2687]]}},{"type":"Feature","properties":{"name":"Le Triffoire"},"geometry":{"type":"LineString","coordinates":[[4.0941,48.2689],[4.0913,48.2722]]}},{"type":"Feature","properties":{"name":"Le Triffoire"},"geometry":{"type":"LineString","coordinates":[[4.0917,48.2830],[4.0918,48.2832]]}},{"type":"Feature","properties":{"name":"Le Triffoire"},"geometry":{"type":"LineString","coordinates":[[4.0933,48.2761],[4.0943,48.2763],[4.0972,48.2800],[4.0950,48.2796],[4.0918,48.2825]]}},{"type":"Feature","properties":{"name":"Ardusson"},"geometry":{"type":"LineString","coordinates":[[3.7344,48.4060],[3.7290,48.4078],[3.7219,48.4129],[3.7197,48.4128],[3.7179,48.4141],[3.7186,48.4154],[3.7169,48.4165],[3.7172,48.4174],[3.7145,48.4186],[3.7142,48.4202],[3.7120,48.4219]]}},{"type":"Feature","properties":{"name":"Ardusson"},"geometry":{"type":"LineString","coordinates":[[3.7120,48.4219],[3.7117,48.4247],[3.7132,48.4279],[3.7156,48.4282],[3.7206,48.4317],[3.7208,48.4329],[3.7177,48.4342],[3.7113,48.4321],[3.7040,48.4333]]}},{"type":"Feature","properties":{"name":"Ardusson"},"geometry":{"type":"LineString","coordinates":[[3.7290,48.4079],[3.7282,48.4085]]}},{"type":"Feature","properties":{"name":"Ardusson"},"geometry":{"type":"LineString","coordinates":[[3.7397,48.4036],[3.7396,48.4039]]}},{"type":"Feature","properties":{"name":"Ardusson"},"geometry":{"type":"LineString","coordinates":[[3.7495,48.4038],[3.7455,48.4029],[3.7404,48.4039],[3.7374,48.4014],[3.7364,48.4017]]}},{"type":"Feature","properties":{"name":"Ardusson"},"geometry":{"type":"LineString","coordinates":[[3.7364,48.4017],[3.7350,48.4021]]}},{"type":"Feature","properties":{"name":"Ardusson"},"geometry":{"type":"LineString","coordinates":[[3.7350,48.4021],[3.7330,48.4029],[3.7330,48.4040]]}},{"type":"Feature","properties":{"name":"Ardusson"},"geometry":{"type":"LineString","coordinates":[[3.7330,48.4040],[3.7330,48.4041]]}},{"type":"Feature","properties":{"name":"Ardusson"},"geometry":{"type":"LineString","coordinates":[[3.7330,48.4041],[3.7344,48.4060]]}},{"type":"Feature","properties":{"name":"Ardusson"},"geometry":{"type":"LineString","coordinates":[[3.7627,48.4037],[3.7625,48.4038]]}},{"type":"Feature","properties":{"name":"Ardusson"},"geometry":{"type":"LineString","coordinates":[[3.7636,48.4036],[3.7627,48.4037]]}},{"type":"Feature","properties":{"name":"Ardusson"},"geometry":{"type":"LineString","coordinates":[[3.7496,48.4038],[3.7495,48.4038]]}},{"type":"Feature","properties":{"name":"Ardusson"},"geometry":{"type":"LineString","coordinates":[[3.7625,48.4038],[3.7602,48.4045],[3.7575,48.4036],[3.7496,48.4038]]}},{"type":"Feature","properties":{"name":"Ardusson"},"geometry":{"type":"LineString","coordinates":[[3.7327,48.4027],[3.7327,48.4028]]}},{"type":"Feature","properties":{"name":"Ardusson"},"geometry":{"type":"LineString","coordinates":[[3.7395,48.4039],[3.7376,48.4051]]}},{"type":"Feature","properties":{"name":"Ardusson"},"geometry":{"type":"LineString","coordinates":[[3.7396,48.4039],[3.7395,48.4039]]}},{"type":"Feature","properties":{"name":"La Fausse"},"geometry":{"type":"LineString","coordinates":[[3.9953,48.3794],[3.9808,48.3938],[3.9845,48.3958],[3.9778,48.4028],[3.9782,48.4049]]}},{"type":"Feature","properties":{"name":"La Nosle"},"geometry":{"type":"LineString","coordinates":[[3.7378,48.2171],[3.7366,48.2187]]}},{"type":"Feature","properties":{"name":"La Nosle"},"geometry":{"type":"LineString","coordinates":[[3.7292,48.2216],[3.7291,48.2217]]}},{"type":"Feature","properties":{"name":"La Nosle"},"geometry":{"type":"LineString","coordinates":[[3.7309,48.2214],[3.7292,48.2216]]}},{"type":"Feature","properties":{"name":"La Nosle"},"geometry":{"type":"LineString","coordinates":[[3.7315,48.2215],[3.7309,48.2214]]}},{"type":"Feature","properties":{"name":"La Nosle"},"geometry":{"type":"LineString","coordinates":[[3.7352,48.2194],[3.7315,48.2215]]}},{"type":"Feature","properties":{"name":"La Nosle"},"geometry":{"type":"LineString","coordinates":[[3.7358,48.2191],[3.7352,48.2193]]}},{"type":"Feature","properties":{"name":"La Nosle"},"geometry":{"type":"LineString","coordinates":[[3.7358,48.2191],[3.7358,48.2191]]}},{"type":"Feature","properties":{"name":"La Nosle"},"geometry":{"type":"LineString","coordinates":[[3.7352,48.2193],[3.7352,48.2194]]}},{"type":"Feature","properties":{"name":"La Nosle"},"geometry":{"type":"LineString","coordinates":[[3.7366,48.2187],[3.7358,48.2191]]}},{"type":"Feature","properties":{"name":"La Nosle"},"geometry":{"type":"LineString","coordinates":[[3.7291,48.2217],[3.7281,48.2232],[3.7257,48.2242],[3.7231,48.2282],[3.7179,48.2303],[3.7170,48.2334]]}},{"type":"Feature","properties":{"name":"La Nosle"},"geometry":{"type":"LineString","coordinates":[[3.7315,48.2215],[3.7315,48.2215]]}},{"type":"Feature","properties":{"name":"La Nosle"},"geometry":{"type":"LineString","coordinates":[[3.7170,48.2335],[3.7138,48.2374],[3.7138,48.2386],[3.7086,48.2428],[3.7049,48.2419]]}},{"type":"Feature","properties":{"name":"La Nosle"},"geometry":{"type":"LineString","coordinates":[[3.7170,48.2334],[3.7170,48.2335]]}},{"type":"Feature","properties":{"name":"La Laignes"},"geometry":{"type":"LineString","coordinates":[[4.3693,48.0007],[4.3695,48.0033],[4.3711,48.0044],[4.3730,48.0107],[4.3721,48.0113],[4.3737,48.0121],[4.3724,48.0134],[4.3743,48.0133],[4.3732,48.0143],[4.3747,48.0148],[4.3738,48.0157],[4.3744,48.0166],[4.3800,48.0188],[4.3793,48.0198],[4.3814,48.0217],[4.3805,48.0221],[4.3815,48.0231],[4.3800,48.0228],[4.3803,48.0238],[4.3784,48.0251],[4.3755,48.0254],[4.3737,48.0271]]}},{"type":"Feature","properties":{"name":"La Laignes"},"geometry":{"type":"LineString","coordinates":[[4.3700,48.0039],[4.3697,48.0050],[4.3716,48.0073]]}},{"type":"Feature","properties":{"name":"La Laignes"},"geometry":{"type":"LineString","coordinates":[[4.3722,48.0112],[4.3695,48.0110],[4.3715,48.0151],[4.3739,48.0156]]}},{"type":"Feature","properties":{"name":"La Laignes"},"geometry":{"type":"LineString","coordinates":[[4.3693,48.0007],[4.3738,48.0050],[4.3737,48.0068],[4.3765,48.0118],[4.3818,48.0152],[4.3827,48.0175],[4.3811,48.0174],[4.3812,48.0183],[4.3831,48.0187],[4.3849,48.0209]]}},{"type":"Feature","properties":{"name":"Canal de Baires"},"geometry":{"type":"LineString","coordinates":[[4.0993,48.3064],[4.0998,48.3096]]}},{"type":"Feature","properties":{"name":"Canal de Baires"},"geometry":{"type":"LineString","coordinates":[[4.0998,48.3096],[4.1017,48.3124],[4.0952,48.3150],[4.0918,48.3181],[4.0850,48.3199],[4.0828,48.3189],[4.0802,48.3212],[4.0731,48.3206]]}},{"type":"Feature","properties":{"name":"Canal de Baires"},"geometry":{"type":"LineString","coordinates":[[4.1005,48.3050],[4.0993,48.3064]]}},{"type":"Feature","properties":{"name":"Canal de Baires"},"geometry":{"type":"LineString","coordinates":[[4.1139,48.2938],[4.1036,48.2992],[4.1024,48.3011],[4.1028,48.3032],[4.1005,48.3050]]}},{"type":"Feature","properties":{"name":"La Barse"},"geometry":{"type":"LineString","coordinates":[[4.3235,48.2244],[4.3098,48.2280]]}},{"type":"Feature","properties":{"name":"La Barse"},"geometry":{"type":"LineString","coordinates":[[4.3014,48.2281],[4.2978,48.2260],[4.2963,48.2282],[4.2914,48.2307],[4.2909,48.2316],[4.2923,48.2323],[4.2918,48.2331],[4.2936,48.2338],[4.2924,48.2344],[4.2934,48.2349],[4.2925,48.2354],[4.2929,48.2375],[4.2903,48.2397],[4.2869,48.2398],[4.2856,48.2416],[4.2865,48.2435],[4.2839,48.2482]]}},{"type":"Feature","properties":{"name":"La Barse"},"geometry":{"type":"LineString","coordinates":[[4.3055,48.2285],[4.3032,48.2292],[4.3014,48.2281]]}},{"type":"Feature","properties":{"name":"La Barse"},"geometry":{"type":"LineString","coordinates":[[4.3058,48.2284],[4.3055,48.2285]]}},{"type":"Feature","properties":{"name":"La Barse"},"geometry":{"type":"LineString","coordinates":[[4.3098,48.2280],[4.3073,48.2283]]}},{"type":"Feature","properties":{"name":"La Barse"},"geometry":{"type":"LineString","coordinates":[[4.3061,48.2284],[4.3058,48.2284]]}},{"type":"Feature","properties":{"name":"La Barse"},"geometry":{"type":"LineString","coordinates":[[4.3062,48.2284],[4.3061,48.2284]]}},{"type":"Feature","properties":{"name":"La Barse"},"geometry":{"type":"LineString","coordinates":[[4.3069,48.2283],[4.3062,48.2284]]}},{"type":"Feature","properties":{"name":"La Barse"},"geometry":{"type":"LineString","coordinates":[[4.3073,48.2283],[4.3069,48.2283]]}},{"type":"Feature","properties":{"name":"La Voulzie"},"geometry":{"type":"LineString","coordinates":[[3.2185,48.4452],[3.2177,48.4414],[3.2146,48.4384],[3.2125,48.4348],[3.2105,48.4335],[3.2119,48.4327],[3.2119,48.4316],[3.2099,48.4310],[3.2079,48.4272]]}},{"type":"Feature","properties":{"name":"La Vanne"},"geometry":{"type":"LineString","coordinates":[[3.2840,48.1841],[3.2818,48.1839],[3.2813,48.1847]]}},{"type":"Feature","properties":{"name":"La Vanne"},"geometry":{"type":"LineString","coordinates":[[3.2873,48.1837],[3.2800,48.1853],[3.2769,48.1847],[3.2690,48.1898]]}},{"type":"Feature","properties":{"name":"La Vanne"},"geometry":{"type":"LineString","coordinates":[[3.2874,48.1838],[3.2873,48.1837]]}},{"type":"Feature","properties":{"name":"La Vanne"},"geometry":{"type":"LineString","coordinates":[[3.2689,48.1899],[3.2685,48.1902]]}},{"type":"Feature","properties":{"name":"La Vanne"},"geometry":{"type":"LineString","coordinates":[[3.2690,48.1898],[3.2689,48.1899]]}},{"type":"Feature","properties":{"name":"L\u0027Yonne"},"geometry":{"type":"LineString","coordinates":[[3.1394,48.3284],[3.1356,48.3292],[3.1324,48.3314],[3.1327,48.3332],[3.1341,48.3340],[3.1410,48.3346],[3.1412,48.3365],[3.1372,48.3382],[3.1351,48.3382],[3.1221,48.3329],[3.1187,48.3341],[3.1164,48.3383],[3.1151,48.3389],[3.1122,48.3380],[3.1090,48.3346],[3.1057,48.3346],[3.1046,48.3369],[3.1056,48.3402],[3.1090,48.3450],[3.1066,48.3478],[3.1023,48.3502]]}},{"type":"Feature","properties":{"name":"L\u0027Yonne"},"geometry":{"type":"LineString","coordinates":[[3.1037,48.3496],[3.1023,48.3502]]}},{"type":"Feature","properties":{"name":"L\u0027Yonne"},"geometry":{"type":"LineString","coordinates":[[3.1615,48.3335],[3.1509,48.3264],[3.1394,48.3284]]}},{"type":"Feature","properties":{"name":"L\u0027Yonne"},"geometry":{"type":"LineString","coordinates":[[3.2386,48.2576],[3.2366,48.2590]]}},{"type":"Feature","properties":{"name":"L\u0027Yonne"},"geometry":{"type":"LineString","coordinates":[[3.2658,48.1882],[3.2756,48.1958],[3.2763,48.1983],[3.2745,48.2046]]}},{"type":"Feature","properties":{"name":"L\u0027Yonne"},"geometry":{"type":"LineString","coordinates":[[3.2948,48.1595],[3.2883,48.1610],[3.2811,48.1642],[3.2709,48.1745],[3.2604,48.1752],[3.2612,48.1820],[3.2628,48.1849]]}},{"type":"Feature","properties":{"name":"L\u0027Yonne"},"geometry":{"type":"LineString","coordinates":[[3.2745,48.2046],[3.2745,48.2049]]}},{"type":"Feature","properties":{"name":"L\u0027Yonne"},"geometry":{"type":"LineString","coordinates":[[3.2656,48.2203],[3.2653,48.2244],[3.2627,48.2313],[3.2521,48.2382],[3.2444,48.2474],[3.2406,48.2549],[3.2352,48.2608],[3.2345,48.2667],[3.2277,48.2695],[3.2064,48.2866],[3.2067,48.2928],[3.2096,48.2985]]}},{"type":"Feature","properties":{"name":"L\u0027Yonne"},"geometry":{"type":"LineString","coordinates":[[3.2732,48.1936],[3.2730,48.2015],[3.2745,48.2042]]}},{"type":"Feature","properties":{"name":"L\u0027Yonne"},"geometry":{"type":"LineString","coordinates":[[3.2845,48.1270],[3.2914,48.1296]]}},{"type":"Feature","properties":{"name":"L\u0027Yonne"},"geometry":{"type":"LineString","coordinates":[[3.2907,48.0888],[3.2871,48.0966],[3.2746,48.1044],[3.2705,48.1097],[3.2713,48.1141],[3.2809,48.1245],[3.2874,48.1278]]}},{"type":"Feature","properties":{"name":"L\u0027Yonne"},"geometry":{"type":"LineString","coordinates":[[3.2096,48.2985],[3.2097,48.3000],[3.2120,48.3020],[3.2122,48.3032],[3.2081,48.3059],[3.2042,48.3054]]}},{"type":"Feature","properties":{"name":"L\u0027Yonne"},"geometry":{"type":"LineString","coordinates":[[3.2096,48.2985],[3.2106,48.2997]]}},{"type":"Feature","properties":{"name":"L\u0027Yonne"},"geometry":{"type":"LineString","coordinates":[[3.1746,48.3253],[3.1665,48.3275],[3.1654,48.3284],[3.1653,48.3324],[3.1615,48.3335]]}},{"type":"Feature","properties":{"name":"L\u0027Yonne"},"geometry":{"type":"LineString","coordinates":[[3.2042,48.3054],[3.2007,48.3057],[3.1951,48.3084]]}},{"type":"Feature","properties":{"name":"L\u0027Yonne"},"geometry":{"type":"LineString","coordinates":[[3.1951,48.3084],[3.1951,48.3109],[3.1981,48.3128]]}},{"type":"Feature","properties":{"name":"L\u0027Yonne"},"geometry":{"type":"LineString","coordinates":[[3.1971,48.3188],[3.1891,48.3231],[3.1746,48.3253]]}},{"type":"Feature","properties":{"name":"L\u0027Yonne"},"geometry":{"type":"LineString","coordinates":[[3.1996,48.3151],[3.1998,48.3162]]}},{"type":"Feature","properties":{"name":"L\u0027Yonne"},"geometry":{"type":"LineString","coordinates":[[3.1981,48.3128],[3.1996,48.3151]]}},{"type":"Feature","properties":{"name":"L\u0027Yonne"},"geometry":{"type":"LineString","coordinates":[[3.1981,48.3128],[3.1996,48.3151]]}},{"type":"Feature","properties":{"name":"L\u0027Yonne"},"geometry":{"type":"LineString","coordinates":[[3.1998,48.3162],[3.1994,48.3174],[3.1971,48.3188]]}},{"type":"Feature","properties":{"name":"L\u0027Yonne"},"geometry":{"type":"LineString","coordinates":[[3.2111,48.3005],[3.2119,48.3019]]}},{"type":"Feature","properties":{"name":"L\u0027Yonne"},"geometry":{"type":"LineString","coordinates":[[3.2403,48.2553],[3.2393,48.2568]]}},{"type":"Feature","properties":{"name":"L\u0027Yonne"},"geometry":{"type":"LineString","coordinates":[[3.2745,48.2049],[3.2724,48.2110],[3.2658,48.2140],[3.2654,48.2169]]}},{"type":"Feature","properties":{"name":"L\u0027Yonne"},"geometry":{"type":"LineString","coordinates":[[3.2637,48.1864],[3.2658,48.1882]]}},{"type":"Feature","properties":{"name":"L\u0027Yonne"},"geometry":{"type":"LineString","coordinates":[[3.2628,48.1849],[3.2637,48.1864]]}},{"type":"Feature","properties":{"name":"L\u0027Yonne"},"geometry":{"type":"LineString","coordinates":[[3.2138,48.2805],[3.2076,48.2835],[3.2072,48.2857]]}},{"type":"Feature","properties":{"name":"L\u0027Yonne"},"geometry":{"type":"LineString","coordinates":[[3.2654,48.2169],[3.2656,48.2203]]}},{"type":"Feature","properties":{"name":"L\u0027Yonne"},"geometry":{"type":"LineString","coordinates":[[3.2988,48.1585],[3.2948,48.1595]]}},{"type":"Feature","properties":{"name":"L\u0027Auxence"},"geometry":{"type":"LineString","coordinates":[[3.1685,48.4405],[3.1679,48.4388],[3.1562,48.4362],[3.1546,48.4343],[3.1490,48.4324],[3.1479,48.4291],[3.1446,48.4286],[3.1431,48.4312],[3.1411,48.4315],[3.1376,48.4310],[3.1368,48.4289],[3.1320,48.4295],[3.1297,48.4283]]}},{"type":"Feature","properties":{"name":"La Seine"},"geometry":{"type":"LineString","coordinates":[[3.1925,48.4253],[3.1909,48.4253]]}},{"type":"Feature","properties":{"name":"La Seine"},"geometry":{"type":"LineString","coordinates":[[3.2694,48.4202],[3.2687,48.4182]]}},{"type":"Feature","properties":{"name":"La Seine"},"geometry":{"type":"LineString","coordinates":[[3.1909,48.4253],[3.1826,48.4237]]}},{"type":"Feature","properties":{"name":"La Seine"},"geometry":{"type":"LineString","coordinates":[[3.2602,48.4172],[3.2556,48.4158],[3.2506,48.4164],[3.2448,48.4155],[3.2399,48.4174],[3.2322,48.4187],[3.2265,48.4239],[3.2238,48.4247],[3.2217,48.4243],[3.2184,48.4213],[3.2152,48.4206],[3.2125,48.4220],[3.2112,48.4266],[3.2103,48.4272],[3.2044,48.4258],[3.1982,48.4266],[3.1925,48.4253]]}},{"type":"Feature","properties":{"name":"La Seine"},"geometry":{"type":"LineString","coordinates":[[3.2696,48.4216],[3.2694,48.4202]]}},{"type":"Feature","properties":{"name":"La Seine"},"geometry":{"type":"LineString","coordinates":[[3.2687,48.4182],[3.2658,48.4166],[3.2602,48.4172]]}}]}